x	y
0.251442354702632	0.531414522940313
0.207230033801381	0.400979138726051
0.89103038596135	2.62174885786603
0.241032329790562	0.460578170166027
0.328598458495915	0.66797160958406
0.109043068230873	0.175213542158796
0.475882460978422	1.12145571010054
0.290002708822661	0.581962079639224
0.0278630198492944	0.0315446466556703
0.229271476755545	0.376297112793472
0.420349748405444	1.68568193468689
0.105700546414616	0.242324631277775
0.165787226936647	0.373845907621144
0.0178312032733256	0.0273995815172736
0.379343806729912	0.684824730724766
0.206753477208066	0.292002591740108
0.283942543627893	0.571164087120738
0.57978653990059	0.874499839023425
0.249829544924562	0.399606098748848
0.230179924955693	0.397618649471152
0.37005307389872	1.4295102196525
0.127001829068474	0.312071356133238
0.148672892971994	0.333200939219671
0.068103638234234	0.137677288512478
-0.251789598448224	0.591637429107354
0.241010013932735	0.467279276063158
0.422910947946216	1.06332793751734
0.21801132779626	0.281028842657603
0.811847106025382	1.61275499317521
0.487914918714917	1.0743834520001
0.342160518920537	0.703289752325204
0.530532676803537	0.632532235349115
0.361968054680182	0.61712147738348
0.549031513513066	1.30395670859811
0.280224843888405	0.392153875272698
0.457464521338	0.247381192994068
0.295467641105507	0.242438605822057
0.326676138253427	0.247637231292861
0.0952487264258764	0.245971848163995
0.266238560283556	0.935671488651184
-0.153551539706557	0.417733971782743
0.125920696760371	0.323510417140421
0.308541583586669	1.04631143497661
0.231016323981703	0.625741320206203
0.270865286373676	0.735008340805858
-0.00149768656549407	0.00236580471606686
-0.0327433678516453	0.0525331338749672
-0.374641698496265	0.92824737048345
0.232855139651347	0.347182223389928
0.794101220399006	1.70847941328015
0.00848969027509205	0.0113018134020566
0.305564971198325	0.613423408864385
0.393373170760965	0.709469008524112
1.14734643792251	1.28807039977697
0.462110466229441	0.339614544249502
1.00525045610445	0.560194301416249
0.284543114519459	0.253347858749244
0.754909152601375	0.71419022949864
0.858350271018701	0.528616267525502
0.74094748651095	0.309814622997046
0.516582210593689	1.1918747429923
0.400754123090939	0.911793330276163
0.122811449639694	0.283168672345868
0.321586148723364	1.08234917370946
0.335729503148939	0.981511102677076
0.562259371521507	2.05992407822144
0.00947634346997271	0.015295760434536
0.162595514401617	0.30288185233184
-0.0642984914325613	0.11049294038935
0.302626382235381	0.609733508224005
0.0125653053666472	0.0160056585471126
-0.16154970353767	0.23506312061487
-0.101890843220604	0.0947636701184253
-0.223454918218237	0.199605616825933
0.302551051864824	0.421731295272887
0.112231032172105	0.129809218346071
0.868711842464746	0.566794476636639
0.454657655288574	0.252455702334459
0.766335835479224	0.639741947154873
1.36927939154216	0.833621187363146
1.24675983072472	0.542373941481203
0.214586975679179	0.134363736993148
0.252252577139221	0.133162477599002
1.16904719698152	0.748990832721324
1.15549357823685	0.733939625907114
-3.78660981790077	1.54961629064812
0.982764030736265	0.46991349241676
-0.158841032741767	0.0993496693928107
0.91235766749102	0.691022940224123
1.75933622920295	0.680749696332521
0.741969853883582	0.316821733039894
0.218757487613917	0.226190631845221
0.343318345867688	0.5769385220794
0.152157503705757	0.219132748365459
0.392469301017383	0.598463962744666
0.205211414777747	0.544103292634353
0.277768936739739	1.08280242660872
0.598455323221823	3.11419988347108
0.504600646016984	2.31022710393129
0.172134346704413	0.451982304701177
0.241830649927798	0.719727483945537
0.339960832646271	1.10665602087455
-0.0101267633901116	0.0176906605143252
0.0856711206707176	0.143372058688106
0.061713298592387	0.0993176005493984
0.251832332145148	0.490113991657834
-0.00651346038819405	0.0067599083708728
0.0699571414646317	0.059650987006191
0.144623512343273	0.205381426787333
0.518944786746931	1.31322030849604
0.400451866794341	0.613121843800921
0.2760328126158	0.463898757432725
1.23746571568661	1.08054713132982
0.49624757001943	0.420368070215207
0.516712129996392	0.3699471445352
-0.12031298088156	0.0569760189237737
-0.962500715057828	0.947624659213943
0.198196444881893	0.125015366825956
1.24144463516566	1.23924621920243
0.522851987044575	0.367833249556896
-0.339959595334803	0.263510700278056
0.0678721936379897	0.0283477090255432
-1.18052804812239	0.805340877260387
0.987716582022397	0.471168024660709
0.22876809692087	0.134936704695073
0.20537335301016	0.141532611116825
0.235674422351804	0.313307372320409
0.219200415615765	0.352468148870081
0.244459264993772	0.436881220214145
0.138849060515541	0.209040177034696
0.157340439010825	0.217725889893122
0.372982332312436	1.72974123326549
0.5170446602077	2.73446869987845
0.72615448073756	4.22248322045868
-0.0603672881807278	0.134886519433205
0.0716704304105406	0.158170597157693
0.350681023159894	1.13646158048704
-0.0941806615625609	0.192554195320927
0.607828475620516	2.01671675133342
0.0301363366602811	0.0448604409975866
0.0339746824166553	0.0525813382725993
0.736763522446197	1.20024064467392
0.124975853082845	0.192130520403067
0.20040158791991	0.316687388335711
0.350514599209545	0.527062852925382
0.705893036239538	1.9477578377183
0.536696116389032	0.840318617889986
0.331318343412354	0.491084968348546
0.312242749137164	0.553281302699681
0.318767592466834	0.238755136230769
0.08478455181157	0.0489387585915159
2.31730400945262	1.8342936688525
0.910800441087886	0.694185763852712
0.20914843885525	0.130253857609563
0.333148887844491	0.224493292693982
0.435311224046133	0.352588149313687
0.110277905180908	0.0754191538952334
0.739839544033789	0.711878635219445
0.598719394737032	0.58119136924196
0.29206672021099	0.212963948203398
0.0704062360033303	0.0371369101306287
0.818377761739654	0.438459087939051
1.15528050324966	0.734814655068226
-0.876946557701062	0.580963829026467
-0.363897236474141	0.239651930229715
-0.0216266291756392	0.0125548415702971
0.0765672124486617	0.0227033008736995
0.0639405546343664	0.0213114453720592
1.50130659876481	1.49044650183339
0.268710665955069	0.421523674366705
0.200368442215262	0.336528457079289
0.4059005847727	0.804492833539186
0.16268081846082	0.255362885969191
0.213094275488654	0.351683724114736
0.364253216249173	1.43127127593008
0.4975061225087	2.80297135014565
0.565047764351875	3.18072094773272
0.346929682364756	1.36286073076543
0.506520349601705	2.20861888400309
0.222066281763611	0.653393948203517
0.320027936330718	1.04204775705187
0.304185309530267	0.845022800114219
0.310920894829016	0.755263618650915
0.559935398656352	0.92711973303018
0.612244099142966	1.56630659004265
0.298833216872117	0.548320833638062
0.0315002629836957	0.0366644570733078
0.00474143179498137	0.00614652832810408
0.389340157787167	0.499113092209372
0.63090983332303	1.27278459577283
0.433327552170584	0.517617445979714
0.574791905957458	0.998362570839115
0.211978833658064	0.158827266625477
0.26547419425938	0.125973319330983
0.0777692654764864	0.0408346186356997
1.8840875845936	1.16670136101232
-0.872468138717107	0.496386370564999
0.10208346278169	0.0677082130440176
0.826057214005983	0.660125792351056
0.414715869331794	0.233398857335129
1.15289009671795	1.41968942938192
-1.52464794240044	1.60865464892992
0.412150759428565	0.427175247641615
0.976258262654222	0.92417315016416
0.0936471641482745	0.0613613641131504
-0.634712317967451	0.405099644716645
0.248505954907694	0.12921122365912
2.82642390490155	1.80476237642158
1.18606057447861	0.651910491183381
0.317050099992576	0.240703141314183
0.193630001815866	0.134693362909376
-0.849647256586608	0.384205330933464
-0.845592855570645	0.372422111351742
0.819406231051187	0.439848166989518
1.53720915497107	1.02331537886717
-0.0545562223558232	0.0386794316859188
0.384527332344408	0.496192615118451
0.601170262234756	0.801882768743338
0.391692719470462	0.433364871882156
0.491031532465338	1.1372456915367
0.179926517244296	0.258147918967061
0.52882683882993	3.61817499548494
0.625618531833107	5.01000408898794
0.508711162023371	3.12030236363605
0.259928525203902	0.881106700598381
0.181746312504208	0.4993749808679
0.895288371904663	1.93575494141952
0.168139345338301	0.292922520362701
0.470745680977932	1.12954163456253
0.14701518209484	0.223860142432611
0.458324871788306	1.36709690670897
0.806087687584767	1.6805582924197
0.100338757305797	0.142037781340929
0.285166853340804	0.625225829816591
0.259396334387498	0.453684774874818
0.728460843151062	1.51965221930359
0.0741978317727367	0.0809568088084951
0.543766893491374	1.26445560521161
0.200277909091054	0.253126962605516
0.632718794288968	0.735706189304881
-1.24111430790952	1.05691895441051
0.472117217196873	0.449137406003343
1.03536600142193	0.940014508873867
0.135352255188925	0.110628501123585
0.697726037303958	0.395551359038016
0.362011670265397	0.247010545185453
0.416691222906332	0.348556752102764
-0.415838146437534	0.335008397266272
0.779173442019833	0.529139054308102
0.628752613879435	0.576465427860282
0.211572746730772	0.155557215588308
0.459558869479041	0.602435222185632
-0.749970787663519	0.973269764744924
-0.792614503748657	0.806310385182605
-0.886714972189709	0.70231199428708
1.2402318592236	1.35228731669326
-0.690598796997403	0.350841394669898
-0.693863476273074	0.340300918791617
0.115905077226205	0.0837703591178786
0.204247058617177	0.133849424799008
0.251720336498234	0.12917483752418
1.19238671523135	0.666607463918951
0.418202464785646	0.337368214676686
0.819306684020746	0.635833169763735
0.0519809140934469	0.0387504476832046
-0.19316797201181	0.160023490539647
0.756672880952019	1.0650272984446
0.354814307301096	0.679334671600719
0.543436224307987	0.746173945081981
0.141658622015377	0.206759142636981
0.348886651296198	0.73445595957026
0.0800724969594484	0.169317881854048
0.0111450196940532	0.0189253419345626
0.240040260161023	0.650611556861457
0.205824674776132	0.438831682622124
0.189864152493262	0.476987649143906
0.109032527562739	0.238060145476347
0.0889890051430175	0.161616779313528
0.312825756820921	0.756033758095567
0.064793502650648	0.110001864224612
0.0896863645886492	0.140037962447673
0.120115133134466	0.18812520151668
0.0310546280380988	0.0399629280639395
0.122654570849745	0.198896277549977
0.232758334438259	0.375587520933952
-0.0249587264718736	0.0298185968519179
0.0418593872118706	0.041986196672512
0.296129487634264	0.364226957800184
0.926645570414071	1.71517297753605
-0.123251134392809	0.11607920989348
-0.137684073612309	0.131538729105934
-0.794162189868958	1.50906808620249
-0.02777082800789	0.027421790190344
-0.0928913769965653	0.0891335480335491
-0.488930264237769	0.658781680943285
-0.307557395902054	0.3988029377409
0.0920220424095791	0.103828779173328
-0.703856159122243	1.30915713469098
0.264219306540501	0.353807665841543
0.0425297823807418	0.0422058724482549
-0.305349844178857	0.38874790558108
0.299843826421372	0.341172389403775
-0.0402143233428909	0.0381879260855793
-0.32540470149692	0.45746987319136
-0.00488322926453362	0.00457254603404705
0.288723165470872	0.37011705286637
0.824935940570219	1.23951596515465
0.363092086593199	0.595972149220015
-0.292848342574219	0.482414160283129
0.359803512513737	0.721429110486065
0.35390504451132	0.740788397970492
0.379136172097051	0.752485873435046
0.577042374427879	1.74413578850822
-0.00548818570531321	0.00855807796912802
0.039016543163282	0.0541090674969828
0.264784245847207	0.492770256168916
0.233583146196405	0.315827521734539
0.126313700156213	0.295366900336459
0.0315107686294258	0.0586837672179028
0.022007821424768	0.0388876190432751
0.0971926121354912	0.187123599634915
0.0907683051856761	0.172774626984244
0.0844227021191394	0.171560885439345
-0.101570648321955	0.189200806607339
0.027736751042786	0.0461415158232427
0.293715054194297	0.692941196752453
0.158589770493255	0.308435029336492
0.121147381300922	0.22582969707282
0.464077375026827	1.14165233030521
0.118735811027138	0.187109223109276
-0.331750953534868	0.567174303416732
-0.0481512717635059	0.0688604421885839
0.149962081295026	0.233567316937747
-0.483536908013861	0.749603907864108
-0.378119491915266	0.443181309906218
-0.245335692986911	0.30897793456777
-0.0825646234511191	0.0816247533085609
-0.0349296608436591	0.0297509265665125
-0.387425624277107	0.442329983763112
-0.54165971860395	0.664420841683345
0.136549640653927	0.138939808271139
0.136408816528478	0.123263859309973
0.237815670140549	0.273432096403828
0.27169488530921	0.373637988227066
0.163413072569868	0.199712735038623
0.418892248094414	0.731144885104442
-0.160922453157354	0.214190635572228
0.703447654929708	1.32392803018161
-0.200005180066203	0.23999487450704
-0.110228018016562	0.129351585825314
0.248790501831974	0.321008944624423
-0.0985080880997591	0.111978502255281
0.712519641111928	1.2048962672613
0.300125719770375	0.401481673950596
-0.413663216943441	0.465752710982366
0.19525182189841	0.273013790535954
-0.0363256353581706	0.0442222421100258
-0.0476401191930514	0.0661542226750475
0.148242108147102	0.214055531620187
0.14181427943093	0.202721647826369
0.251826025775334	0.428664853351331
0.192152872178777	0.363518965603555
0.155471383117912	0.280776019206334
0.144928831807751	0.241596942148562
0.0953863764646048	0.106611515366496
0.436014485892449	0.687318622134245
0.0729185166013834	0.100236436966039
-0.873987024838289	1.53398950940292
0.382709988944341	0.510239509478893
0.666057759794714	1.15585400938855
0.17049358939436	0.385007007840721
-0.174617765263347	0.373851316732478
0.232340883007263	0.496944700535231
-0.0187820820707924	0.0295736914337067
-0.0814913331224508	0.113520678613118
-0.128841531773083	0.218529602401859
0.592170387194153	2.04214544531657
-0.273552601681299	0.548815219489861
-0.0434674210073318	0.0528766085990258
0.113987606949698	0.146647150137402
-0.0652495662585235	0.0802273093513648
0.234255159230545	0.437347376716861
-0.244201501899203	0.411259469530664
0.0127452897169865	0.0131493383416746
0.482677004770034	0.528017580061451
-0.0143388446910529	0.00886827159129388
-0.420218587536414	0.416530180946403
-0.348075541595597	0.341023519872668
-0.161526081995173	0.129633503754736
-0.142216030880227	0.0638657881739802
-0.49437288576501	0.286919989580744
-0.044204136660338	0.0317365681053159
-0.282815677943455	0.239296353833573
0.952555636673038	0.819011176057577
-0.310665277947951	0.240223703194463
-0.289717402046092	0.269782575506857
0.136408816528478	0.123263859309973
0.506448994941069	0.535081511500687
0.28987488348795	0.242149920904402
-0.279454305055156	0.152681460987897
-1.25069449720814	1.08503982286267
-0.0475824986701186	0.0271470659940166
-0.0843261452710494	0.0435124202758768
-0.209944600434755	0.190436428477396
0.859613354442759	0.878141322549878
1.40290262296238	0.473801590956212
1.01681410792179	0.730038285008225
-0.132823517669162	0.0847427163911699
-0.344522579493046	0.259696807884398
-0.181726010322532	0.182259258206292
0.112262178528468	0.0892553400166488
0.261925533419554	0.259318270273534
0.697662761356014	1.79628636654351
0.0532218058638788	0.0632518408674096
0.498473139271923	0.779247899742186
0.532259502696461	0.632889443125549
0.023056507808614	0.0275945802458355
0.293926024712852	0.536061715728479
0.627346822725118	1.55271863250942
-0.152742141083056	0.220466360659057
0.362007992052911	0.691726027035301
0.0996053507054484	0.143022284997125
0.221339042733693	0.392533113208959
0.324487050273687	0.65773757459482
0.232408156532161	0.407488526184278
0.265864447944965	0.674682630115419
0.574006045414536	1.52561028864152
0.150091547367482	0.28194501255608
0.363334744943041	0.553615317265066
0.328599377388365	0.60060572645674
0.210876281778773	0.411606480760132
0.0841868349383391	0.122913374876993
-0.19623783042958	0.251147694456781
0.512665478767607	0.809887287851381
0.656117880020181	1.28618735290527
-0.331015180466862	0.59907858509945
-0.254511976701732	0.427303965324976
-0.204942269079351	0.255646859091726
0.49097769805128	0.528569806017437
0.0095231240917439	0.00631510069003001
0.465005423308416	0.357765781211663
0.19976570447366	0.15349997660346
1.15627215299177	1.2012536327761
-1.18511029675742	0.833311761741978
-0.49575663023565	0.286283506151562
0.219308666531077	0.130456142940435
-0.0950742131618104	0.0643130504991326
0.085112443363109	0.0514139949307518
0.0513728729721303	0.0372023498170226
0.00528155155134069	0.00356870649549945
-0.568416398873922	0.686500782855596
-0.633839859765728	0.661000450643666
-0.332407085053664	0.257892248965782
-0.868883503986312	0.626829542922222
0.27630011790542	0.134988590229373
0.522883122518383	0.269500005090112
0.607250832690915	0.284325648817411
-0.375789334127129	0.304281124208166
-1.24512371645637	1.04796565254046
-0.474486541201925	0.205457146255742
0.988677349017979	0.548279635497722
0.213426538027865	0.151409619005642
-0.329703338958112	0.174079726467013
0.432789105458595	0.43855418858254
-0.977252203305487	0.922819673392786
0.766910648539062	1.00572054215077
0.167247653784439	0.223578169968516
0.72698525067065	1.52830013013582
-0.545134357582307	0.807613287296257
0.282226345012146	0.25985965413914
0.294574914621794	0.501938101926944
0.543394728603608	1.55259379329668
0.293373364704157	0.55656611190835
0.121243201002274	0.155002259631286
0.887096228490864	0.831526602375551
-0.0205176084399324	0.0188831557463694
0.739202788584428	0.886451407215269
0.211899578864172	0.29479165379719
0.0201777346408454	0.0259428805156999
0.273911120132556	0.551224473553697
-0.188078590497216	0.315188731790107
0.318083036738437	0.598213170153818
0.178547185694887	0.300810641446835
0.501425010458662	1.40364770087818
0.447584682078746	1.08299353092438
0.0933213024492083	0.224990503026296
0.02898359374423	0.0408772055894506
0.44151819231434	0.979089460289098
0.259440637427728	0.626816542066213
0.110616726209753	0.21688272411496
0.298658325739697	0.628100408470715
0.372621996690235	0.989666489908146
0.200173495122349	0.269195401907236
0.13439062967944	0.188700125112125
0.10087260211925	0.162769865879046
0.415104999247305	0.868851868751117
0.0296262668754549	0.0309202186182001
0.463026667304931	0.723504860856093
0.0508305334416204	0.0528675091127066
0.18783075939851	0.277382060444065
0.346065067655703	0.549366325043509
0.37108189312452	0.568574642828245
0.607029697350698	0.478111388788361
-0.383316462465828	0.322294533767762
-0.758913851896643	0.53931036363343
0.408615981884815	0.241104502961101
-0.787746750759304	0.762669409641616
0.0966872216814701	0.0608001811676377
0.106666110356612	0.0692707380509814
0.103691482610893	0.0681897352632918
0.214954678418929	0.166494608621593
-0.218778994938794	0.180074057638601
-0.71012743569024	0.696560876648542
0.100257333908987	0.0658030596629884
-0.860046745728292	0.403589764487181
-1.0229471396391	0.719034027297623
0.607463929825811	0.273193205868845
-2.1495766071219	1.04325653836346
0.362363765344613	0.241797198341852
-0.769939500652162	0.546380288433389
-0.224492744874728	0.0803970722551971
-0.240108721495357	0.137065354444728
1.037489445353	0.829896816886789
0.459813388564379	0.249798035251145
0.900237970025454	0.887201249751037
-0.21122169452804	0.154890001611718
0.457654572691715	0.440801879609378
0.0962599390152681	0.107674886329748
0.318627995384795	0.439374102973399
0.454060988151892	0.654971357884523
0.223148175711995	0.347315243708549
0.528579737124538	0.444283788491955
0.348448311060224	0.421641398977865
-0.457862896663278	0.533342049365912
0.320633993634536	0.454222149130585
-0.406186386292689	0.792348287174622
0.25327747485007	0.439346553810531
-0.00222407528890561	0.00287237893714336
-0.15613733345783	0.215484880742933
0.348397937662933	0.627067882098842
0.500609676878596	1.18903400171923
0.213798442688163	0.400934621145673
0.783188721159003	2.54736382590837
0.777259185838078	2.32835565376107
0.453769855231271	1.55495650684992
0.312886207314245	0.958304433184076
-0.0999117402079752	0.12341073513978
0.41542210640832	0.903360559691628
-0.0225996641762078	0.0341084440468155
0.228109240502697	0.424141965275957
-0.0351067624869832	0.0378930339872983
0.299638329623882	0.400154639649065
-0.224145824911669	0.314792519107564
0.0992158059020499	0.135793101538645
0.308927978834703	0.528068118827718
0.234084133097678	0.313274574595511
0.189681035917793	0.158651034252626
0.324610763284452	0.251506410195262
1.01302540449265	0.709307093065917
-1.92195794012183	1.75937332784581
-0.689954364760679	0.563091053130139
0.00486006507146339	0.00294342818454251
0.359146785106017	0.243259451698136
0.589305697558547	0.554176138593527
0.277246846031689	0.247182211739954
0.254372929466676	0.234513200703109
-0.0150154827442083	0.0111297119544268
-0.380360242527981	0.314966410401312
0.638986858546501	0.481566809538931
-0.742046382659237	0.456974459671229
0.418571839663125	0.236784683702092
-0.494981691962663	0.28772508062102
-0.877803766437997	0.680743952540408
-0.597336206161711	0.454505384297444
-0.184674602816841	0.0771712368254169
-1.18658497335292	1.16578846918409
0.607992218193391	0.283519262852047
-1.69747779098245	1.26933092495078
0.367429008619643	0.343353738690772
0.0288066322745617	0.0221548528497846
0.343536512697107	0.32314017779806
0.187814994564062	0.246293486114541
-0.237383617642348	0.326567076572036
0.0171616727635543	0.0160787958450251
0.698063966783636	0.867056670042392
0.0130362434387265	0.00911479124801867
0.48500182088069	0.779877432407997
-0.105853814863995	0.149595690904968
1.20904226949	4.31853971416352
0.263702665456221	0.469095915389319
-0.221771843289193	0.380902333323515
-0.0949682397134214	0.141092811555069
-0.226467834784922	0.391742370903492
0.0951979012110219	0.138284022656999
0.245706334841199	0.48272798732557
0.272164950930067	0.535858008296818
0.465740310329427	1.27858480281112
0.444891458582808	1.73508357081756
0.0467345137927385	0.0986362411854948
0.173439237478965	0.312806188616447
0.523899207288587	1.73871480526228
0.325280778067235	0.685890826329147
0.26099683422321	0.461588853158607
-0.189145895078165	0.252279197791396
-0.153596832015204	0.218677920372049
-0.00836591608403503	0.0112403105198499
0.0293273813995775	0.0388077743807015
0.201654546478675	0.269558045294005
0.125274243454116	0.100077798352329
0.711529010178179	0.405226733464665
0.384973743046493	0.235984959817026
-0.345093261160969	0.342992675968687
-0.0296732364741187	0.0177284702121038
1.55128011399926	1.77722816975239
0.198790616324794	0.170025659073951
0.130901687507534	0.101051096757863
0.0261740065378513	0.0214542081014519
0.496522187741235	0.534363088253027
1.06725595815159	1.08800129614185
0.10250708581702	0.0713508411929848
-0.543127770261273	0.346768173840939
0.0552864214600448	0.0209432972792169
-1.35429388864077	0.642054326102691
-0.118488421785899	0.0920955810402553
-0.210547937064637	0.153555230304136
0.0709639729794193	0.0246273835827199
-0.32557499608028	0.168536910577363
0.253864104949643	0.132685413374336
0.0682706777120354	0.0226529948446976
0.329508513771362	0.325839687558545
-0.211084544381314	0.168613158431674
-0.728031293115562	1.59391641255174
0.0692365129910988	0.078583620503128
0.188288708153192	0.248832471418796
-0.372522855639338	0.695972679162146
-0.153983532342412	0.237002385710166
0.0607894877284118	0.0794290879600432
-0.0104951062415696	0.0134656111812043
0.152484556542076	0.257981250047461
-0.107074928306544	0.172131482895261
0.303907557517319	0.603602383499119
0.112533263724878	0.177511519211315
0.296450239063973	0.430340149010526
0.603198049213939	0.583054326295049
0.162725456019257	0.359092230003452
0.541258323048149	2.69985254224374
0.312201684604515	0.668328859479035
0.512059184775616	1.51391140220691
0.302003589761108	0.822848889825408
0.207237031051203	0.414899735634243
0.524635745314587	1.04681055342482
0.576042817815193	1.18963497798801
0.275926122810347	0.413313676769024
0.202326624907364	0.364974234766621
0.322277143485379	0.622639672400176
0.660033137262583	0.600674924405982
0.635224497970297	0.597182504648865
0.0623534896099734	0.0235982996171794
0.274115505626905	0.250497363734319
-0.800418479530231	0.893790787263642
-0.0863317037264709	0.0568479537477604
0.110661191603526	0.0861417781929106
0.196813564954343	0.165183588979517
0.215266483837078	0.239092868862759
0.0834039760568036	0.0725911697598017
-0.330164910731154	0.249262511678629
-0.155152122353928	0.113445167932972
-0.339444108239032	0.172272138039488
0.563706135305363	0.373802088277128
0.07373180203102	0.0356911846541533
-0.219594812197918	0.155737863872021
-0.204194949858709	0.148799746875001
-0.482428063892819	0.213459013662829
0.823299378002798	0.430068934762967
0.209592554686538	0.133082660530816
0.162284306410574	0.160976168710007
-0.00864672046310547	0.0101116793503871
-0.0439978544587423	0.0503614175341554
0.396831563632814	0.600793623196301
0.335185582275116	0.33999240412017
0.244559928590412	0.320460536447538
0.228006751732666	0.338011363260351
0.0132005313690724	0.0176956617489245
0.48067855742768	1.07632022661363
0.0981086739980535	0.135089175407978
-0.259696173188075	0.46711152159304
-0.214694548571887	0.380064204774657
0.0340184265685152	0.0484246777302145
0.190861905908948	0.323116310984609
0.115615326438497	0.189221508282702
0.144603199391318	0.223707727759917
0.478579042781369	1.24948214871908
0.314856598160442	0.491661729835978
0.604591896752343	3.03237900762552
0.41627245768297	1.32254485226987
0.367283819374971	1.21315244999303
0.569688533963022	1.97168708816858
0.600147811740297	1.59164481826589
0.355933851691397	0.771007045129039
-0.0291536165792516	0.0406442809478489
0.218036031890153	0.424409715922001
0.363711013706165	0.246298172909529
-0.415183134872485	0.298659574251305
-0.394623603819084	0.360605611316493
-0.440384374003452	0.375608882299559
0.490903764615092	0.521923667758641
-0.327979145979457	0.331288545019561
0.140601897738625	0.121480939399586
0.113489511820076	0.126492237801617
-0.357090619258776	0.434514516166808
-0.340475995494686	0.313022343395246
-0.594659375969993	0.584762747498453
0.912213566770164	0.689869639149689
0.65091475257995	0.491225280733245
-0.544637565129707	0.454590134337104
0.319205900660235	0.241606109330508
-0.260803246215229	0.217558220429886
0.381738748147915	0.235602661648509
0.385526002534355	0.244180251233108
0.11993648315552	0.0824985682830569
0.330785277718158	0.247241100546989
0.233957573668058	0.408621824233429
0.384630462190942	0.752730549613146
-0.0182137930811404	0.0209862632938194
0.0491505930301825	0.0651396186551862
-0.103605219800863	0.141107025670166
0.149014036205598	0.238771481980314
0.203554391714602	0.337260730596293
0.297591145717461	0.546618659220416
-0.0358789865319959	0.0464179763475098
0.151481033199196	0.234122406733139
0.384782575379585	0.824267250078611
0.0206213643382714	0.0262111139496751
0.279984148318968	0.555568817268089
-0.127023868332447	0.15957465541344
0.310180013245662	0.926142844182419
0.427315383421042	1.67745241978246
0.340157783020443	1.17952809786506
0.526800011120199	1.94634743455996
0.052126215760363	0.0915761125144645
0.325630791887087	0.803844514870449
0.534852163300302	1.52758945941267
0.327826079939958	0.795053381883906
0.207405090491769	0.178429471282117
0.423704151663153	0.431138001279156
-0.064682250544842	0.0532425713967258
-0.0532779480215126	0.0436099712871056
0.196764901490802	0.185788529397738
-0.0614378416601687	0.0606579527120202
0.193158996818776	0.199026669133659
0.357685711887153	0.420550579533145
0.10803258103859	0.113647395204404
0.392606019222746	0.40613059767358
0.673035667297385	0.781856505825784
0.802311701652094	0.958888395276534
-0.294603580880458	0.270948332097776
0.493143691239165	0.605354236620934
0.578938705646212	0.615447049022807
-0.784540790558132	0.814347334243848
0.277809693883874	0.248446606644034
0.698937517451922	0.800845528990242
0.329968549274541	0.514511784608968
-0.22000554151366	0.364109149859838
-0.388122998896242	0.705436179576334
-0.071875845525408	0.0898105442284871
0.276712985302249	0.446438071488203
0.135931773859603	0.215497669881078
-0.18720477526835	0.258155495430071
0.149822974543814	0.213875858576131
0.511273555548919	0.975303316986968
0.253322699548073	0.434200571121484
0.286711963798251	0.453735572931589
0.0381647867979033	0.0429694022650949
0.0692336430350666	0.0834410753301301
0.501173704011101	1.01236571241887
0.236409604434129	0.366017661839423
0.440332026417913	0.9930506874934
0.358076689744092	1.33663963049072
0.375534449139619	1.48843218364842
0.245791827835791	0.712097083284124
0.400515690698924	1.35463553887238
0.204221954251039	0.48366981082998
0.335063365424287	0.953893591401407
0.4420345731902	1.25120921273974
0.264590760096082	0.24399546740879
0.0862654403855781	0.0855100144812136
0.42910621540439	0.544855360042192
0.0758530748782572	0.0766457595770659
0.194307647336626	0.226366125469659
0.163815496401005	0.189357275808537
0.474618935513189	0.671617570494272
0.136760052928465	0.152239529811607
0.402125418004517	0.484429348942864
0.670382164757014	0.889420755219074
0.391337426016401	0.432270536190553
0.182713052975514	0.188433064815775
0.204129084311954	0.143926040403161
0.414955595359767	0.438984266743694
0.285178092148246	0.243593765524651
0.292810276869267	0.437777253313791
0.316338717687831	0.526572346664651
0.57973790360532	1.45367992333533
0.0600720656740417	0.0703339645519882
-0.0540428480898594	0.0685872282410475
-0.0347008593110213	0.0440894345228379
0.303482788052193	0.53685918858065
0.0481673911342173	0.0676422240379876
0.419175554076134	0.65259952314823
0.164411852848745	0.206873917732384
-0.0485568073896611	0.0532554887213875
0.227443317753122	0.387242916464535
0.41329359665308	0.733732979134856
0.242496405050775	0.343770804480843
0.138078197567919	0.174153879645055
0.473177749419244	2.20789914788057
0.441073738349445	2.12406294373671
0.532403153360514	2.59213050654846
0.168446363801047	0.473811178635282
0.704879628850068	3.133791665266
0.29203947992393	0.723843706135939
0.190006046869293	0.180555110787557
0.201595697792643	0.23865426409416
0.766277437312808	0.832935115047903
0.291143605168847	0.345794982097677
0.367136227834737	0.422013797223466
-0.149378467514994	0.108434788457138
0.119123836939404	0.0828819212710944
-0.0720531192783592	0.0850965816637432
-0.00175244155317178	0.00224896217770969
0.0634936767576971	0.0806256824767254
-0.058986117826633	0.0849708226113136
-0.0299827579270003	0.0363898364362888
0.403731835420917	0.917874410949922
0.378611284882603	0.615923642209982
-0.0149204509166283	0.0165317300585671
0.331836523910509	1.30712513982218
0.0819257658515322	0.202153175529314
0.230622305715027	0.634869268217859
0.209316481619716	0.267851876435077
0.593588880512628	1.04902313548582
0.882516105342034	1.58991385143164
0.00985768522210924	0.0151886583561498
0.0243135105516339	0.0338449997503992
0.00478433624715698	0.00563094991652189
0.0130062012937307	0.0132719847928776
-0.0416687100357772	0.0633781277646431
0.0959385877608136	0.174914293960451
0.181792546762902	0.333768803346981
0.453730717657296	0.514953590430243
0.189186940527659	0.179081632921045
0.207008162506163	0.196279058982811
0.48373944689869	0.837857887867316
0.449013240810336	0.495440418860291
0.334221937186408	0.347103720464964
0.224502652346618	0.678631767258902
0.262693983500252	0.347279061337468
-0.0180786456786999	0.0278356724339878
-0.0719753866364808	0.121988189129538
0.026012385717264	0.0247116543246941
0.247731418031279	0.424335530826892
0.20795407678011	0.170280460675958
0.538458232795518	0.626095880574462
-0.684169107146657	0.71492475833632
0.0312461313937355	0.0311493247448851
0.107495360324735	0.0754675022465139
-0.339054933174785	0.286157867908799
0.315292629983874	0.234532744952124
0.867778846103886	1.00974873707834
0.0979149307729949	0.21628251219215
0.145543923061368	0.152037133749438
0.183569201546682	0.229283199529637
0.404075531408429	0.565682057921964
0.219784098776953	0.336739831348406
0.0844750451535291	0.11497145842704
0.144738057901571	0.209438162963443
0.253464681343998	0.476240881842654
0.192570022756144	0.329233775849475
-0.0594194864566826	0.0834835651968339
0.157127969628321	0.263186122595299
0.140055039620367	0.189950196630731
0.210334748659121	0.341201088582064
0.0294246964602568	0.0361789826874794
0.157229395734084	0.179980054744833
0.186658955181964	0.273697897931938
0.205715929922288	0.254187970195262
0.170866081327101	0.249961549197472
0.246647040441079	0.420542567869727
0.781351065125209	1.61663034781896
-0.1189838996601	0.142704491488951
0.275465864816186	0.394825177905332
0.0954005585259757	0.124840611362176
0.0224902478060304	0.0214090553152784
0.5989916884409	0.978425254543698
0.29616452122956	0.400782163043284
0.0252359197178705	0.0251874806859513
0.456366195171103	0.447101207475328
0.187526463825476	0.2544316934124
0.389066513279081	0.67613756525303
0.133763359278604	0.193884911285384
0.285999650786471	0.588659359105619
-0.028501462102411	0.0381612249487668
0.0421566270714539	0.0520737773031776
0.118496475463698	0.176673068725755
0.376821097800438	0.681511571330456
0.491869755203538	0.990365104470465
-0.240431748232894	0.359499992383131
0.0194040127507355	0.0239688973334799
-0.0723792459227318	0.0880038928888516
0.612686719495131	0.890742991466502
-0.0824264538009918	0.101885294926163
0.295724048966526	0.485413776456414
0.260224475907452	0.419801677754833
0.16891128587869	0.220996751820704
0.34413983898997	0.521909565166112
0.120122045063686	0.123390153378635
0.254608844557808	0.360233526838979
-0.0710947559613371	0.0650279371669363
0.544880395078967	0.911619064634823
0.249573091119395	0.271469070792888
0.151732528867635	0.217333113676096
0.567844964760023	0.824933769038251
0.207033963737026	0.240412735070967
0.427510661615371	0.898825878107103
0.386604980815707	0.733283089910287
0.413280869937014	0.803577878882274
-0.155090153430647	0.261443288981494
0.200593099297444	0.376591493743646
-0.582697486875078	1.32341192529514
0.52597864129879	0.982887537961557
0.334434514781556	0.493686259360453
0.494934650756105	0.676346053136203
0.783685162822252	1.4603096710855
-0.42439889108007	0.7092814276033
0.215012778509384	0.391282758096462
0.514351648530524	1.19944528945934
0.336652101521434	0.320814773893793
0.20326517241229	0.248236445059744
0.448418138546596	0.86359306511587
-0.048169701538342	0.0672491159353863
0.502960969512549	1.19379292348167
-0.232457340581854	0.380878039017043
0.0354099608193877	0.0431973837510201
0.449629341192283	0.662596992991764
-0.00073681286401515	0.00059192913235914
0.783773544931927	1.25357446248176
-0.0759704488727757	0.0802409059562127
0.723044187311981	0.978132805587347
0.0792635058512797	0.0704436925738425
0.0797260138559396	0.0719731731608616
0.00919148668267051	0.010790672463817
0.000958266740809238	0.00114561573709623
0.0612707723351917	0.0738915970900739
0.272211597966185	0.574710049067727
0.0534524171491245	0.0821711842262867
0.066876037849496	0.0934311733988844
0.6014354205583	1.25401408198078
-0.230963954397179	0.419168095082311
0.141743004295939	0.210794329765117
0.632026933004099	1.40630576492761
-0.071875845525408	0.0898105442284871
0.496929995220114	0.951612664256261
0.0328267409462351	0.0414693564027072
0.385690269041112	0.551009826516703
0.525325918837224	0.602087185832928
0.26039804680845	0.445529551250102
0.432191040398266	0.681101857632881
-0.0766096605948765	0.0983043425332921
0.176839231750743	0.235833061054171
-0.015378402672439	0.016463405856174
0.0531762189834743	0.0590565260987795
0.693739513919925	1.54733218458133
0.191280993421262	0.228559530259583
0.371868988787653	0.521615121911079
0.463715977033227	0.831267877648194
0.472767843125544	0.883362167503781
0.268232305877562	0.462098944542612
0.159220995307345	0.168943997595125
0.408428962949881	0.81784722772887
-0.105219123949947	0.161446748761862
0.221695708482014	0.425474995480802
-0.147384267912704	0.25827631338505
0.140488651074608	0.216207840969585
0.248777618403029	0.353819552799744
0.418308651726327	1.0050544007664
0.147880698874914	0.257524266219307
0.0970646464543307	0.124678029308313
0.524009687512708	0.52040237409769
0.254992950675867	0.23944245619133
0.0454146218107135	0.0343118049958621
0.639906633819211	0.867503351247117
-0.846036032712757	1.19948716189007
0.312096735815678	0.750858890410766
0.136563446527667	0.214487368888015
0.265129529299155	0.406195506403334
0.323627537755095	0.552769966508632
0.151080602284032	0.212874384528228
0.231982926030631	0.427307805344695
0.111758614074988	0.191913466524221
0.103677220774282	0.139894120774199
0.118150965872306	0.0929123026445241
0.309523100219895	0.334213793233686
0.270778609643161	0.247644285954832
0.933766720787848	2.1143169432075
-0.414339589951128	0.35986911395065
1.06273767345127	1.68438148604054
-0.239028957110454	0.233569991229985
0.642733840151292	0.65282608236363
0.760143609306913	0.976350532358844
0.393445848133165	0.432025484355972
-0.0796097601656037	0.108123187818759
0.162856100516888	0.190579638856765
0.0653030682417494	0.0648188622586875
0.119109937100226	0.135133609026567
0.383355321206607	0.668126507487774
0.368381859499989	0.689747414107609
-0.169690434480122	0.286368559753329
0.523419084620496	1.29815908835619
0.0533916499841181	0.0790544720950616
0.211192448565348	0.380173911029773
0.392746151215749	0.988927138706636
0.136402672896752	0.249040661150824
0.255289293549782	0.4460014256848
0.350830725962798	0.479844428027489
0.441702802279086	0.640353488655516
0.004153153364613	0.0031453175499125
-0.478974194252513	0.794549629136087
0.0613693023246724	0.0661015923026087
-0.185281679331149	0.313842261456765
-0.216963276351795	0.391880710956929
0.201806603788543	0.342270368796571
0.704880938214865	1.82086949315273
0.425279792004325	0.809188781163888
0.614503423138352	1.12041904679122
0.190339931437416	0.248163101965579
0.409885884004326	0.75020724717307
0.401576128833064	0.83021811725373
-0.0583366584920931	0.0853825799769682
-0.183369779206652	0.272837823440532
0.457118388674612	0.572137605236057
0.779818016489314	1.30307054055767
0.0428956846409604	0.040236489896957
0.784545515989374	1.9420747628645
0.479136568711535	0.583703443173527
0.467488316040611	0.523850326266199
-0.288128354860543	0.350254087016894
0.657972008434481	0.982920419110783
0.446767451981111	0.555533902649674
0.490932316233926	0.677917324841262
0.159702652090039	0.19452701804068
0.370016408798602	0.848971718762962
0.631468618443251	1.43884557765087
0.512747354612784	1.16639686053164
0.426570488572801	0.495172292898997
0.732987783448239	1.34798040278825
-0.0930361324401063	0.0932455700329041
0.125419722782899	0.186028851091919
0.0241127128854441	0.0308713076365606
0.0199555162650092	0.0246456038809859
0.126181818323575	0.222767975714009
0.684321049768336	2.33867600591998
0.417447011404462	1.01464093500046
-0.0668587263462454	0.090087802007694
-0.304058181040133	0.620841463639424
0.00381515452376774	0.00487710107254415
0.0184583060985766	0.0209735330657372
0.208986440283429	0.317354150027675
-0.107719543988815	0.141442254293082
-0.0137426114650101	0.0171193232383279
-0.575972606526424	1.24203936260856
0.176798842419885	0.285826594612625
0.354302346762042	0.610875133611225
0.0118663524620634	0.0154386464569436
0.345362912681894	0.616343677597934
0.720367561039248	1.35587762674891
0.510386809849806	1.02041868230738
0.16761331235855	0.235151554144869
0.127861608846659	0.187786860804251
0.112460172339507	0.141186648098833
0.519066507563474	0.982740639346524
0.625801755661853	1.22264158586925
0.0485143717515249	0.0572987995568086
0.178328983971461	0.208287860970098
-0.0741309667787754	0.0900974246954326
0.313494683537988	0.493130876509526
-0.19337615438654	0.267122057818658
0.0593328616430888	0.0678448770331148
0.353285594428621	0.51820258878862
0.266039384186445	0.42629485284767
0.526813543096135	1.22712196117697
0.161584410109721	0.251398069831239
0.200078939166757	0.308390037529644
0.280116414239187	0.495889367334594
0.30103628899207	0.546294206854031
0.321054206348992	0.333668357085605
-0.0399645478548237	0.0375807273628698
-0.34053704884496	0.443843699916076
-0.0198016640512817	0.0208141193176778
-0.11486922284403	0.180390893198177
0.296584869676793	0.5914806683317
0.20327102889962	0.34336937439376
-0.041824525394808	0.0665228954824224
0.0892196587421547	0.141155633956537
0.0763938859251864	0.122297040687883
-0.0329787221802049	0.0502881191241145
-0.179627783138888	0.303886701356397
-0.0457867921710086	0.0523480325030549
0.150294460659135	0.188433909104383
0.363295534075978	0.60089132088767
0.121309464860584	0.134946842631318
0.0522199094421063	0.0662314871421284
0.0743162273502926	0.1043195794211
0.0086413314950612	0.0111286113555334
0.157395346247129	0.276225330769731
0.132527315057172	0.177531138651347
0.318319715168358	0.407610648289164
0.506703225296899	0.893934609832142
0.164509380293475	0.23435733816106
-0.451242233742252	0.951754831253982
-0.295652181018931	0.506841981428365
0.24382329003177	0.324633504582904
0.433636564336605	0.584203951972065
-0.076504420290063	0.0765415622291721
0.138548209428508	0.193479533650011
0.402639788175057	0.460518737561697
-0.475076121641872	0.71517069063535
0.358188398380914	0.507053347427312
0.185856759947842	0.2038672778017
-0.0733543277031324	0.0779488261261602
0.152451113688688	0.147871493142673
0.455866783159864	0.80425551305895
0.049893767633601	0.068398180423512
0.335522814560806	0.666805138658157
0.453268648066386	1.0667193374449
0.472143833644071	0.968618246542918
0.39430597189097	0.885203695404665
0.105077991374874	0.153958915656544
0.171351148431608	0.286408372127297
0.0392039036769907	0.04629825090467
-0.185684149070912	0.269938932245194
0.353712329374005	0.531397327024689
-0.190420905061584	0.31471848340515
-0.19955047638126	0.373693907032473
0.120336243764249	0.2013049705097
-0.0310198451110826	0.0447524295515369
-0.0501807730279202	0.07118705625195
-0.176054676099625	0.274292454247575
-0.489856415026316	1.14120962387301
-0.0065813950830396	0.0102273125359517
-0.127619051935432	0.174265924988538
-0.289298382005794	0.337651334436866
-0.198282407294931	0.212861643498358
0.122083434894359	0.105433029441489
-0.0305813711177266	0.0249121844430066
0.00693232543774728	0.0101404676717575
-0.0678029392621244	0.0940296509256892
0.256333122996262	0.272828563501052
-0.174859732659002	0.147712718440226
0.584992726202517	0.624618141215764
0.240005226375261	0.418292569752478
0.00396062514109157	0.0048524055980321
-0.0409663940305106	0.0520830261559489
0.409416852455828	0.501356593184277
-0.0762180325625749	0.0667012420956608
-0.133193473329081	0.113939711755116
0.689746757014199	1.40327557847865
-0.477435457640877	0.485429686489414
0.301822534158301	0.250094698852442
-0.257469176231799	0.246097272965813
0.501839850232503	0.539572153285525
-0.752291632800964	0.89468884785288
0.125857224380866	0.101025317855467
-0.109933978430378	0.10296707875922
0.103826289800859	0.152708431994573
0.0852632019749104	0.128396435812746
0.00103044286482235	0.00143370492645867
0.152678441736308	0.24807008642023
0.0195194570469499	0.0271815913032725
0.0323439758490824	0.0424449832236505
-0.10874976257019	0.168673647916184
0.0110342819209655	0.0138099997851712
-0.101664942962992	0.140089774927625
-0.155394833134321	0.207464737093069
-0.00268168099054982	0.00383005144156995
0.114252994649194	0.189869823405591
0.219877559432695	0.44828111464473
-0.109182280775647	0.17424799699533
0.115203269918822	0.163241462771454
0.168261972758996	0.272362080572811
0.300921950752866	0.583223925427695
0.195692991106836	0.388111755122129
0.666550690397919	1.44457489706935
-0.325407640760115	0.398745775526667
-0.200334485291367	0.212738649645408
0.930605345524264	1.75881857354454
0.11381886619088	0.187417677067093
0.247463073491095	0.440515629442603
0.281625161867436	0.367694508843232
0.796433137151966	1.03684203587935
0.185380295685554	0.162699740303136
0.990302301349107	1.63512315600302
-0.01366917543558	0.0102558522112714
0.293717446705136	0.39121795122619
0.339940866586967	0.660961451794949
-0.239839172809746	0.423248287089715
0.48928647969926	0.880693229972116
0.000293463113172876	0.000181317919261656
0.800742998461428	1.29111641663503
-0.200720279961985	0.183857255571706
-0.32224685596167	0.403093836468731
0.20984975364731	0.19524590076843
0.0844082927558783	0.0703629392668263
0.394812781919236	0.341696154267739
-0.103496250884318	0.0774884046044168
0.0204211243994122	0.0163873557044659
-0.159278957071581	0.118831631110403
0.334908824127476	0.423612758699957
0.467292631577094	1.05769036432365
0.0760697541888058	0.131301263682541
0.186710840192203	0.422719594912185
-0.169095558950605	0.347338663711181
-0.00910639643740451	0.0140724901107785
0.263790650061714	0.624784386522248
0.213876197129584	0.526108779870653
0.421480475994587	1.25579750726058
0.510778179358405	1.26847876200991
0.172888362465454	0.253318902767899
0.276642392321776	0.516477339546862
0.0519909922787085	0.0707038963354739
0.155349718659389	0.25219392172313
-0.0964831862279268	0.128118873657928
-0.352579155656631	0.453280591114681
-0.0374387123502265	0.0420138953264541
0.481609598770852	1.1331829253828
0.0325037275340965	0.0444351587381307
0.31458100044127	0.736724064228148
-0.189632259660776	0.338496078004744
0.0927201370134648	0.144569882595845
-0.138837868737852	0.190334316921704
0.0105833001892244	0.0150701047613324
0.666648631183121	2.18419591280767
0.217832699026178	0.283965240560925
-0.245206541858386	0.314580462492812
0.486077289254094	0.605213217663255
0.527666749459225	0.719265007884522
0.381443511901935	0.931632219415919
0.284940509151658	0.561040817113876
0.104506760890136	0.143856832597816
0.236165173659407	0.346980751796199
0.196032847360605	0.164553592574759
0.273026801080492	0.254174509611377
0.146870086985241	0.147207023807917
0.205073835628256	0.207382689700767
0.212205299176591	0.278466636033442
0.307945341344662	0.681364612431178
-0.0704157628986468	0.0945102331863265
0.418866289350591	0.886731972236823
-0.216531420545875	0.259917201671409
0.383570143362233	0.489079431450183
0.364937723951928	0.434416755470285
0.375588374871551	0.416912211967013
0.898494962724022	1.55535918788496
0.22791214703013	0.177818893039402
-0.272313914847625	0.26031252208582
0.0951570149610488	0.0849203972573232
-0.0712077708456555	0.0573856529074389
0.662919506833855	0.763627922260145
0.385461537870298	0.409958938810817
-0.545382475234899	0.805760428485953
0.0610370065252957	0.0831813732060245
0.0644283069956921	0.086211378632162
0.382650742243676	0.613924243132646
0.0719078085491802	0.106682067671996
0.410970850535699	1.10987203773976
0.0850213299711723	0.147689834628923
0.441892019854899	1.07259806393049
0.701432403599187	2.56115914772861
0.274824144835584	0.68878285335462
0.294363134581085	1.0180433808208
0.132210235277791	0.310842293510924
0.609313808269629	1.15040619919298
0.35758329418323	0.500893449998486
0.0269941413264769	0.025879951257292
0.144805252181721	0.247890314169624
0.263895382362993	0.510474381058367
0.621031731985685	0.814007133967875
-0.161298488457915	0.160396981157165
0.716796284350759	1.19488942875938
-0.85146459761374	1.35430309100437
-0.259666342522636	0.482891405094024
0.146096398693107	0.227241992442787
0.0262366656464023	0.0343518945582183
0.0431239856536859	0.0686097302150735
-0.159254706933481	0.305847628324208
0.517079915077217	1.40587634802152
0.467109933069015	0.951894928212991
0.0612647459301186	0.0741941971005524
0.606535411090061	1.2296281404367
0.249272070203519	0.36206847915248
0.171940749497211	0.261537983681293
0.368115233889023	0.659360286568804
0.808159359346687	1.40717613620615
0.566149868134771	0.851729376046375
-0.0201523769356047	0.0189684909460059
-0.358770454042405	0.523827202738488
-0.604847742232678	1.20387588526162
0.673691846182355	1.0051628492208
-0.377581624741201	0.561868115440712
0.0116542051495592	0.0129465337450229
0.0556993313304119	0.0717539945551373
0.0524055494197755	0.0560285026913156
0.247634874592474	0.308383842634581
0.630358050326879	1.1851232882481
0.590863438424264	1.16495236100483
1.48315308417317	3.41194141908013
0.0214879861087713	0.0209772286483774
0.478656223202953	0.747791674184287
0.896958152095769	1.88280075435256
-0.197807798676347	0.220606210246955
0.552560567510727	0.881524655709607
-0.135784097609732	0.166930709280895
0.187836953888845	0.252605180326524
-0.0134916408387105	0.0151453550481098
0.0052494157082416	0.00465404629519697
0.0245743945550253	0.0230507350001251
0.672072699985236	1.95291660362924
0.208956522547686	0.439681832973342
0.614746946835064	1.99469009323984
0.646506005650843	2.04444091348106
0.531606400530412	1.80587592342806
0.600027149842068	2.53164070178144
0.196978902051834	0.545658929534267
0.416611714011904	1.48721712400354
0.570897406923447	1.40658942914899
0.42138986958486	0.711620652783378
0.875225412629039	1.82742180027834
0.148656576602839	0.150294543245111
0.244369449531379	0.466182462883408
0.0685389534707981	0.093113548644661
-0.468300828659339	0.378211832991899
-0.470461540831505	0.41346922732327
1.48521540170535	3.58647239317271
0.379916821338106	0.426713199675853
0.0479315516650373	0.066925399465497
0.276990937085148	0.490946717068281
0.350321863284034	0.592998737396576
0.0680987657589478	0.117545276454008
-0.197079205950656	0.405217235836986
-0.068869894213365	0.105836878925121
0.283400763097143	0.442330447497456
0.363269909341209	0.639033496302243
0.469784778235119	0.846552018620294
0.0858471559931902	0.108085728024873
0.239550157060655	0.318573363821595
0.12712925719619	0.132642818149741
0.0381982635413809	0.0401609169665199
-0.0951947288922599	0.107849201560241
0.0147893124562171	0.0155638069307342
-0.455412389757375	0.50042849721443
-0.110311075114972	0.144517196398667
0.762342468552438	1.38776253204484
0.332639152932087	0.530828253929753
0.0324742945110324	0.0283099995005323
-0.296730986795935	0.393645553229395
-0.252508360076001	0.295146453521364
-0.334071202588473	0.477120009625899
-0.0533697240354329	0.0489435102107579
0.30501410030109	0.36256240680745
0.157689469038993	0.180940224816981
-0.363261877068735	0.459533544192693
-0.180469567027341	0.193146866076977
-0.00250828514900488	0.00228630226450749
0.115232197129436	0.148788406343933
0.25823679969727	0.408095391927272
0.132862742152105	0.116942631715741
-0.67156313553703	1.23171842949014
-0.107309608930728	0.103919270882691
0.601526920912897	2.37576723525048
0.878219862058176	3.94020047763364
1.02244361265558	4.53226889409995
0.857218831683419	3.70368678114762
0.725674008192705	3.61187116972775
0.50377696899543	2.40928272699176
0.595149085050623	2.81993245604931
0.567947418212136	1.99225545422368
0.887665443706767	3.27535670791826
1.02405290799433	2.79904039173769
1.02542234236603	2.42205102752358
0.89880855004794	1.59022767979732
0.140951541654792	0.241388493447853
0.143089786902273	0.225296948005423
0.147601420915419	0.145548643617429
1.78258412396553	3.92593030352594
0.526491857933049	0.854323823372811
0.425789014500406	0.602217601529621
0.0785522181519256	0.115028834974303
0.239224832610337	0.408943766764251
0.33182397387439	0.628510177392674
0.302763723768135	0.670810336152819
-0.169406050553333	0.306622323374574
0.0926779313913283	0.146671252373534
0.209555386640112	0.33943800490756
0.144544682453608	0.14123681117484
0.0932502608307543	0.090257835130706
0.723422314694555	1.02509521191081
0.0995687489683537	0.108215618431867
0.0467564955709432	0.0353690856653003
0.173570744134947	0.22066797377686
-0.392417101308198	0.518211633179801
-0.519652831207212	0.769083858696706
0.551248563948321	0.703591111485667
0.205555738760401	0.223939570343461
-0.48361293199351	0.66755296739294
0.151628425604275	0.165377078799128
-1.08781831919431	1.75801534074862
-0.259580017867855	0.262670425695861
-0.67162210454744	0.888371982244513
-0.856395610323978	1.13531419713661
-0.404688576141971	0.547321646503233
0.733073417481987	1.03981170417271
-0.141051803515122	0.158793279273748
0.133381911337244	0.181269915854886
-0.568669050879667	1.00194926691307
0.162060406874164	0.186569954391917
0.318835078759569	0.338960026241593
-0.262718412710629	0.251581980730559
-0.213881808404872	0.226478425044132
-0.00166426198612141	0.00183739488075565
-0.149888757709092	0.126080693386273
-0.397891243137373	0.51021897246391
-0.289690268029796	0.296743096159301
-0.0396027784219428	0.0367850587640785
-0.51398238745041	0.544204728741657
-0.101637934713052	0.741348138407173
-0.244038682790859	2.26907056404842
-0.0185566886061067	0.0656799681406577
0.555740239661774	2.69881840388697
0.410555011671256	1.84277441936524
0.514518184257029	2.4273911362632
0.16428992611857	0.412091204767539
0.364613482080112	1.33429839584829
0.418655885071639	1.47029962200103
0.474146340992073	2.03967704762209
0.623874397324768	3.13999452273007
0.62755495074322	2.75470808895906
0.549231805523339	2.19156009601341
0.370012651847189	1.08069873046328
0.48601300023956	1.54166373812365
0.267814005500471	0.488244466760288
0.627395510033615	2.14342575358607
0.0518527374620587	0.0809637925348407
-0.114134660504479	0.208411980900054
-0.173715432648097	0.303917888772803
0.283780443552141	0.699383328076399
0.325592841181441	0.716800584756184
0.0600305704865876	0.104707237495727
0.287212817368951	0.620043277281003
-0.264841267568441	0.392894634523698
0.281934423941838	0.345883430914146
0.14639353409308	0.238359252837654
0.300149527384752	0.737392120810176
0.298247343153553	0.461159667644312
1.29156125740312	1.82216331400974
1.53028663522875	2.22238090726959
0.631631024218374	0.686483491299743
0.988907145940784	1.01707130097912
-0.0689082193978449	0.0367669390126456
0.425958856586851	0.343109284639126
0.684176819153422	0.693924844693538
-0.121316315238813	0.125354955986078
-0.1199022050593	0.202111714978145
0.0636287463457377	0.0773980323160553
0.271764617727669	0.491894189228219
-0.567833799608957	0.918965548542143
-0.678316270147147	0.736674786284833
-0.640429445256308	0.568649168415798
0.208043846943521	0.173591974736712
1.00991400981438	1.6863224505548
-0.145341211201035	0.093351233456107
0.210912915611116	0.149913693311104
-1.14332184299277	1.19381930426666
-0.992849360551365	0.805374782049676
-0.582030703031988	0.551383038744995
1.6104188408075	2.62095579054017
1.14631116652813	1.69387416546667
-0.303113916073753	0.535608659163583
0.220206442538162	0.429622496823919
-0.739912926153769	1.71064521021934
0.0714926173078349	0.100000947469327
-0.0421113988916697	0.0539725148001635
-0.46104126661543	1.00130062146165
-0.205779797979722	0.316525478086041
0.0164579331710591	0.0196214125962072
-0.160299221322931	0.226166003377373
-0.47792049955617	1.11284083821538
0.126513232843648	0.181458412398376
0.157662695148868	0.229736352813552
0.516965540286944	0.973592946812071
-0.157036149763077	0.16089983474508
-0.115349428699056	0.108633941761702
0.363006084292921	0.440060740850905
0.0195969447378674	0.0986940705795397
-0.223625633782598	2.14272595996896
0.461182310651259	3.29518775142094
0.528692725208522	3.25992389787821
0.295128974081737	1.31297706270125
0.560820292139107	3.3073576798001
0.316275511728654	1.26914242469186
0.167586345614582	0.579213303526177
0.206791115310386	0.612962806448544
0.0455316779182463	0.104453924941914
0.344925422677889	1.46870027889113
0.476070353476536	2.10998704956309
0.564124856032031	2.40376375791559
0.455288029182379	1.65864146547332
0.194796389843358	0.450439698783349
0.42571674065568	1.01593270859549
0.0436613836239852	0.0732619996931621
0.112638336757131	0.20163870950355
-0.151541638133758	0.314533051866082
1.01501246034339	3.2560098887044
0.16673173587017	0.363414227680855
0.103565744289736	0.177451376341969
-0.0885006368560487	0.149544775157799
0.212214429443553	0.408356281290459
0.120695951818073	0.136013088204285
-0.376361369074792	0.429960088011394
0.0168132389411233	0.0203608076452283
-0.198262851809228	0.390724765112481
-0.353993030463506	0.447502236156857
0.636582917347181	0.597579592817106
-0.130946986645091	0.084656926859263
1.78356657959181	2.04583536338907
1.45150874743314	1.14547428005725
0.388412367478229	0.336721846968552
0.129012542278011	0.226653971370802
0.442822098688733	0.603542339260083
1.15981250464483	1.14997315249899
-0.0501193679131317	0.0288186323694419
-1.04035452237872	0.667528964247032
1.14494359463188	1.02891411403929
0.140837817223733	0.138383009627045
0.063233916534657	0.0238838361123592
-1.22611030162879	1.33543401109406
0.0698520196560715	0.0347812059420945
0.538826499209237	0.448413163498799
2.04754732535435	1.88025282322005
-0.416391205168944	0.296119281892862
0.632943681541742	0.472019834907124
-0.875710306726605	0.628847949193382
0.081959845314663	0.0490215669832162
-1.40680830935889	0.905484409875064
0.566896263626618	0.468760860077438
0.317098383213088	0.544905020888025
-0.364701654755096	0.779780762889191
-0.156393208410163	0.245316925496511
0.113859972938707	0.158797971138828
-0.533452284781105	1.21264442328726
0.0410465966950377	0.0561429976508055
-0.0333502079030396	0.0417171217902899
-0.21171040111861	0.324622023017626
0.0504836686566606	0.0669851616615538
0.0762693114321473	0.13473792361904
0.343027192634021	0.522473491814561
0.433560451565318	0.684689111018259
0.0815197554593736	0.0899817780725759
0.0461749996604747	0.0393275656162221
-0.560033370479699	0.560198252717656
0.335380500798889	0.343297298847469
-0.552946373163705	0.591399010188018
0.0304199184744564	0.155902027846294
0.151288437800239	0.990596497574441
0.255626541327907	2.00515170938502
0.16296742640897	0.842839614495829
0.0610461904011362	0.205546160600709
0.390975213509789	2.49788114947394
0.273672230079421	1.42295694556871
0.304463069148015	1.41522893969552
-0.336510055131975	1.84343770814267
-0.0514483477275706	0.141370969279131
-0.122349368635513	0.376731293532152
0.0419021702121528	0.11080183106961
0.235336426726317	0.814869790274364
0.292310681801029	0.937656133620681
0.421349001763567	1.44107350847043
0.275016472911006	0.665421931399646
0.357147035132504	0.846210120633289
0.188071899488235	0.386546722429975
0.188584795264612	0.345172593169263
-0.130622218514407	0.227426966955949
0.322402925690341	0.576432342666283
0.319220672725685	0.676886417784357
-0.25089870650885	0.498915488010984
0.0202643962761509	0.0291917669916469
0.575050112089141	1.52807223625832
0.350931237228658	0.453379837926978
-0.103313259681237	0.098753236063415
-0.237372359888819	0.3877584459812
-0.011215578417991	0.015199683048856
0.127989534319896	0.131565623082778
0.514337872119866	0.44457891421568
0.098990839039827	0.0678395739816243
0.928672937182831	1.19845781326409
0.100458044910237	0.146062525393886
0.0555218863363416	0.0536476159228924
0.38125184619071	0.237136778720418
-0.151816475544121	0.0966680329386157
0.651308111085182	0.497670169234174
0.806735965831357	0.766702959129155
0.065936960589875	0.0613859997346592
-0.231428237430764	0.132060923615476
-0.229964450039291	0.158201547966786
0.233191027262269	0.130132821775104
0.39385614856738	0.334262210555962
0.315088931516858	0.241336919328727
2.44292847389244	2.17218177035717
-0.171187967391501	0.106418084424327
-0.671986545443546	0.496289782003034
1.16841349220706	1.26218577676767
0.23494760056807	0.133200395903722
0.21561646725611	0.146348568550466
-0.0514426129417958	0.0528640992316413
-0.493426199178188	0.946349860643328
-0.522761295650599	0.967944162008796
-0.282679905007627	0.500690398259259
0.0968711657231064	0.12963189614953
0.175997087371428	0.241491939129408
-0.311694416977826	0.496078163289447
-0.311094003923254	0.533266314266059
0.100776547917315	0.124885627416638
0.0162301084154654	0.0187949255220623
-0.404225168374761	0.650387013500166
1.05469133050902	2.28088173139828
-0.483763805701802	0.708625209596558
-0.384505742482769	0.462089832303456
0.12241711119742	0.100212655769007
0.104252223974239	0.0738630751395369
0.0206433156454332	0.0945844564541555
-0.00625964927841372	0.0255893945974396
0.32805394363612	2.51770044249246
0.0489335980184692	0.193300453635571
-0.0511211519757138	0.176109534400409
0.209009268439491	1.01596847785699
0.0759870900101205	0.247846623054151
-0.0387103884508754	0.106978375980854
-0.353291196159945	1.94254112594623
-0.0767564194624139	0.217447185257288
-0.238767292391674	0.832301033016976
0.115977778912917	0.327271292394572
0.17513697881928	0.473891802634049
0.0239615736004329	0.0398993639289648
0.111193596022685	0.189181157455498
0.214572320295633	0.373861191498252
0.126723158775142	0.20171151139117
-0.279672522162622	0.552591958851271
0.41822647137353	0.79965234208616
0.234789723334144	0.390762169256157
0.129902209280239	0.166282242259818
0.192219963628537	0.301529621814972
0.324659446484136	0.562820885357378
0.209960542551528	0.374852964034198
0.477116060318194	0.962795972026082
0.834375167344468	1.473673650241
-0.0409329176791708	0.0342990465895271
-0.484680462530528	0.715566562907055
-0.222295153222638	0.333443658408647
-0.0448699698016758	0.0378123819936509
-0.910732307251229	1.13318605368296
0.828489240625053	0.951336916018448
0.289347301081453	0.236302837583347
0.766432934247306	1.57518970559514
0.304879544630744	0.326680018015652
0.12937518040603	0.107456121204149
1.68351505643352	1.58394201324682
0.606729920389973	0.478470839933016
0.155625049897454	0.164979619892476
-0.0538280629263437	0.0449613772681886
0.556579508932066	0.367021086101453
0.759880995280996	0.725626021517353
-0.165161228776587	0.10490171349557
-0.495382698729785	0.465821336674405
0.564901554807801	0.375829510235263
0.073156962417418	0.036534726432366
0.866815656124447	0.938983851290677
-0.549753767646943	0.36029601551754
0.464838286529123	0.356056234215445
0.215202965469866	0.144610105239584
0.577786800701951	0.47471507285219
0.564673626960864	0.721060215237324
-0.564330090962986	0.911289180383798
0.838708444685613	1.24946968291892
-0.118373186950958	0.136927767424952
-0.228428784230031	0.245489695440187
-0.332465099136284	0.399306305040214
0.160163572777566	0.167410833088383
-0.221518938942318	0.253054506998695
0.0600831231610472	0.0568564051178428
-0.810462544244001	1.26165338287187
0.00199352067231577	0.00162702954408888
-0.0288649795105296	0.0238699815037777
-0.220043154851648	0.213627904459476
0.0639677985732925	0.045633629196724
0.128239957869895	0.109819348229027
0.0939495509549091	0.592400210881647
0.152708119916368	1.01228311316586
-0.281862142480733	2.41810735425466
-0.131676480042557	0.674410303742366
0.0788294488935171	0.330738668555754
0.0428836155946288	0.145054586009832
0.0914199673796929	0.310331239389302
-0.438074591436354	3.13652233027594
-0.0912725908073548	0.276427645815458
-0.118045282452655	0.356926741372354
-0.0318837642748189	0.0811657058716192
0.0321888945577644	0.0693968258725353
0.630770343166462	2.47255310092717
0.415366970414829	1.20444713263256
0.420774298322818	0.956071674828767
0.508971955725234	1.15337614862497
-0.288693138186336	0.603362864599108
0.395823758484712	0.767615724326032
0.191041324652821	0.298622092132673
0.241898153961521	0.374876643919521
0.361404327090366	0.719153509135529
0.101667538820057	0.134148228505372
0.338529123396702	0.66979054780507
0.152620154490614	0.228677152954309
0.0672719345843695	0.0677481854970373
0.481976415042106	0.594069685730356
-0.19506565130977	0.266866989352462
0.180438067302546	0.270132417317926
0.310643192031402	0.344758676951554
0.197770840328194	0.151999298072222
0.2950252754757	0.243219748323425
-0.482711400418411	0.332384723015257
0.190045945819486	0.143840058440381
0.522112479523297	0.986860055486908
-0.111044603044799	0.107275495243873
0.478634185647457	0.529548073452541
0.641812631938529	0.983259014950932
-0.33381439739894	0.33328659161863
0.452059924789758	0.241960214901256
0.563681156960401	0.361975597462717
1.78644381069487	1.81640048578676
0.304413526987211	0.237398180418141
0.0655542253510637	0.0316841653005707
-0.280413450284011	0.157882617174479
-0.113873311187022	0.0562480523272421
0.830202404915744	0.740223394957033
0.357119156487639	0.239465440798604
0.627464222977562	0.388288727700381
-1.11153299023836	1.22035725603843
-0.0292085623933523	0.0265552413954643
0.133429953766314	0.169540541165154
-0.416769557387818	0.575533514336079
0.222004566593984	0.281428329988016
-0.247228409733147	0.306388019307289
-0.0710370241829354	0.0855023648105902
0.192318949763441	0.230617776558843
-0.441865623687672	0.689118270767099
0.899903964347192	1.50577104671595
0.000245892520344465	0.0000158403404293278
0.330128568949308	0.349072378022484
-0.496012250415911	0.657748602417761
-0.339036194738109	0.400450892222385
0.201818422395483	0.162042332255363
-0.00422591719595535	0.0180997631520406
-0.252394425478287	2.36254903505862
0.270366768836476	1.92137489255629
0.361329535388725	2.70612052124155
0.272985283608604	1.55821844182734
0.35701563275034	1.88541003344757
-0.239389083140288	1.0057637007444
-0.0480535646159671	0.112854967378033
-0.207029948106432	0.628790911904608
0.0722855958589001	0.188499179537261
0.474943999723271	2.03716501886677
0.736671382492742	3.32527461210762
0.241881076649189	0.627532855164074
0.314790622048859	0.816858201464664
0.899911702674539	2.303566446485
0.343312717016985	0.71134628689558
0.2407943831304	0.470622149355827
0.148965730987161	0.256690139999564
0.753051888950197	1.66005779528186
-0.134972578430561	0.241381737512452
0.213734301960072	0.307303684747408
0.0471918477364927	0.0642110749518096
0.147408660623011	0.214454131025822
0.596663053978086	0.717238890192678
-0.704022830504571	0.6640293976774
0.3309871074389	0.421582275156914
-0.342245260502528	0.512483764261096
0.00208287279229096	0.00130161458301264
-0.392229940174291	0.188996107074705
-0.694075264473769	0.34157792445503
0.406632725027263	0.237270886887584
0.6027499668574	0.262936979228608
0.382187098937033	0.315952806878425
0.265806125604467	0.258375517198454
0.767970845615803	0.521156519576382
1.30691483778439	0.944213088549024
0.257139261898042	0.260342252852423
-0.260394293404404	0.313158208288785
0.365277617739933	0.318502717291645
0.614591199076684	0.355551319737266
1.5329891747782	1.04405262237988
0.0641854210844265	0.0241334911358088
0.414019289860302	0.248834736537057
1.8809179615316	1.19771763190243
0.0640606188610555	0.0288140344448427
1.28364340258774	1.08549068955841
-0.299810344825377	0.101869266952859
0.0696184383422431	0.034351449629734
0.276757270831776	0.132677666119269
-1.41359863527651	0.898121559232162
0.133141263344349	0.115703630451649
0.050716577382912	0.0557189759844787
-0.0592168703956219	0.0523621840891218
0.527293402141901	0.965873822792244
0.0438068635035734	0.0452766643803697
-0.198167540601126	0.2703047357905
-0.393352289874084	0.545037483794069
-0.133098533963315	0.154841574153554
-0.110428605687663	0.113233664761471
-0.690278857243093	1.21655913867117
0.339893376634876	0.387831225001857
0.0342725470709217	0.0299228413823308
0.147669767001323	0.139927491387822
-0.11088595455103	0.0840860161766348
-0.0308015758188732	0.0220695771286685
0.0233156428292184	0.112908407145935
0.17954816074578	1.20311282558035
0.331558730443603	2.47732071522149
0.279569420290505	1.77354770169982
0.247997890838137	1.29020608201334
-0.191138980403496	0.86201899254711
0.161915491925869	0.576000683462096
-0.0264465714537151	0.0640541724769712
0.0141922504711371	0.0357086041878249
0.245105932747748	0.807107944644909
0.382662552775444	1.30923151564081
0.494145325327661	1.66185813384829
0.609067278040664	2.04697759341574
0.648725121733932	1.8597872098383
0.418384136031003	1.00429831970805
0.088251106674597	0.131427186665549
0.106490872824571	0.179232313645762
0.0339189626430046	0.0390855391700781
-0.188817465122986	0.328345005504964
0.409798065259625	0.810648516562025
0.287567857808611	0.580064840253022
0.229326603563671	0.379442660110135
0.937923415855845	1.37686551082299
0.481033594853485	0.524618806690658
0.0118033872543035	0.0121417584761767
0.447728635315104	0.887667803654234
0.20024113285669	0.182141188438836
-0.550512223378717	0.364732067795558
-0.887783005052618	0.693883179360213
-0.149467459324158	0.0682933760128427
1.67742606663282	1.21911885764507
0.106807947861523	0.0709062189065082
0.182681749044362	0.241317344643326
0.29197407478162	0.356110397921438
0.273118959683018	0.235773987570089
0.41989084069304	0.406218103017769
1.16373194905663	0.77631362961364
2.18855016940264	1.67063216290311
0.693525728233488	0.376494917433132
0.167435471346155	0.20184365079189
0.306418453097832	0.241771123576687
0.0658039535293625	0.0216371411913691
0.519084122245227	0.364452323576904
0.516771155539197	0.264141525496261
1.44554715583724	1.148971808817
-0.295335734702111	0.100085904249089
1.01786995594595	0.731313718815742
0.516771155539197	0.264141525496261
0.274967840867723	0.131388878989102
1.26826506048898	1.09584929919741
0.311574466358292	0.133787406210516
-1.09929446178011	0.995767833496801
0.542637135210561	0.68309993247115
-0.00561581170364329	0.00617598653331034
0.64388679895985	0.913199119317636
-0.228955225747221	0.301020900618291
-0.176303788051982	0.214790282531031
-0.0436689135625646	0.0429222416648497
0.33703071412027	0.412380920777062
0.131308611126797	0.143514443697545
-0.601343310001295	0.921129052005095
-0.555156960750695	0.968621028513336
-0.0225080509682619	0.0168170653022092
-0.612808328727795	0.821862361636842
0.0265628212873331	0.01884117678291
0.185071049735659	1.47178199284541
0.0944855860054538	0.526496911366273
0.0523131558216393	0.21069213538023
0.131944129395795	0.637174224064558
-0.364757289685152	2.84512836249215
-0.120153823605042	0.458058113742349
-0.37041847054453	2.02375006983119
-0.158930570690692	0.519254783397173
0.0469983959357002	0.10525123811088
0.786736880889276	2.95903428820991
0.33340256622216	0.825474006194014
1.08468877945587	3.59674450644687
0.0257136324292743	0.033671829490836
0.173031448314792	0.296631837910676
0.391852310047243	0.579110693233583
0.0496863799444263	0.0542753301613761
0.198598880034526	0.238358914342554
0.53157504634861	1.0700286731556
0.396293871938577	0.716746406833671
0.246092801633943	0.429293929801435
0.14615230471963	0.213829891145804
-0.54773555404195	0.661774834552373
0.193956962724884	0.177046309751675
0.213675977750821	0.279932987338494
-0.162025826526053	0.225453304684955
-0.614558731206834	0.771421875229325
-0.373648110626622	0.282068706576968
-0.186661290935454	0.135537899530093
0.635961555464762	0.482501471616813
0.679688384017355	0.701787785076729
0.546124622668143	0.539122589657962
0.223330108932372	0.273391104956604
0.643886706720982	0.928698250218963
0.465411308969428	0.426011984434406
0.324709511092847	0.318890749327507
0.232204818380805	0.133718018646182
0.96567948244446	0.90794221718871
0.653069372091016	0.930462570708265
0.57918097409286	0.820852962336394
0.11632466544717	0.126933225511911
-0.0390614304895756	0.0288699144044374
0.643742942277258	0.488214329338999
-0.672540818614934	0.509779380265942
0.579385580799657	0.368831003100883
0.572966996500491	0.568007152904146
0.70791044122891	0.403529249324543
-0.403968541003479	0.18911985125751
0.460741815869177	0.255488161361273
0.0685576955961787	0.0366282036402307
0.346194010364666	0.244625771987178
0.482259802154444	0.362720945976813
0.303362358339345	0.241170715570986
-0.701673225142597	0.953791714350193
0.209477111153703	0.22311030860324
0.253467023928946	0.261130643097616
0.581480303229619	0.787287871657209
-0.00951874787037199	0.00794022369431842
-1.0898464729553	1.91813346876825
-0.193425292830391	0.190927528206866
-0.304545952573492	0.32670050056944
-0.294029196283115	0.320549829023555
-0.237050098496129	0.22954769451264
-0.861941531575461	0.959547928157377
0.0519061205500932	0.271379625091801
0.107176797208649	0.605310655311318
0.270742476751687	2.12040438834616
-0.379674429854771	3.28028169580325
0.197148230956281	0.870881303034869
-0.117401432231923	0.401496447178757
0.0917365571867714	0.281832632129086
0.0803062102202694	0.220772241232957
0.439023602789241	1.58690339362047
0.728729675902682	3.03862356094625
0.748484757956106	2.58926769489858
0.360732055200089	0.775370327258089
0.286090193442247	0.666357517495104
0.778000975096325	1.92832526305842
0.0773713643539207	0.106233513767732
-0.0250788129857926	0.0276227132354307
-0.319654262794724	0.620009514133546
0.134416384562387	0.198612421752648
0.437731274597943	1.04018958380826
0.253758495674498	0.388051479421133
0.15643425912006	0.166062195861597
0.720542298567103	0.954641666399777
0.530914742184247	0.918924941661881
0.107122948067866	0.150923299859526
0.0138881562615572	0.0112293767915206
0.108948157296555	0.0657050000532065
0.0321095391205075	0.0229013037280661
0.441913943111066	0.360524668540532
1.04678589950893	0.98522321000409
-0.330067902577003	0.31279643555774
0.312399645467413	0.4673553940172
-0.150673837404372	0.161354853974954
0.459843016081044	0.506121384008879
-1.02903247627099	1.64969617764973
0.20446400481436	0.191570991412315
0.445396363921946	0.44483961040442
0.585424175064403	0.430218439689262
0.403734958571662	0.343912401775135
0.23517280099745	0.129365274709698
0.835071030844204	0.659366160426744
1.68231161310109	1.26707444019008
-0.130249215751146	0.0991168079654233
-0.132446247979078	0.149663914229261
-0.198082201406251	0.180712471318224
1.05813554296183	0.990165724111183
0.908174292180646	0.679040613825384
1.48344958811113	0.728831141295962
0.0895898898493188	0.0544605182055823
0.631011687395212	0.388384751982104
-0.0581082740606448	0.0408301617595366
0.083098622228457	0.0466945354333076
0.253393844382126	0.133081595688039
-0.144920519872674	0.065365197237244
-0.865159757138367	0.812946840855841
0.202050965213479	0.145693612817364
-0.16801418516046	0.16484712781136
0.369292119191785	0.536547002120457
0.0856103702437377	0.0849887906028811
-0.101217630431153	0.105283796420173
-0.122342463825368	0.112649009461275
-0.184051135882827	0.205721839985415
0.398525333958008	0.521965494263792
-0.166465198898882	0.179858850260949
-0.589357652763152	0.861861688496918
0.101174566621859	0.648473534499412
-0.157963164133465	1.12308402020368
-0.514802211795152	5.94166809348239
-0.0970962624345312	0.378810555225277
-0.188688939192619	0.86610646255727
-0.107699434611741	0.373015469867266
0.216884509399794	0.812911278249973
0.560967665119004	2.41400551803235
0.523064805263285	2.09572887277697
0.717355358934453	2.5424454088245
0.216595369656702	0.414800433911802
0.28472028468619	0.597393747277825
0.639607271692708	1.7673122899242
0.368126891998637	0.83372365359754
0.697753537103027	1.59936455468166
0.54543482483007	1.33687646520179
-0.057762850441491	0.0743005909502137
0.172555076714114	0.27752919365001
0.565288067925906	1.27033440688519
0.214084404608317	0.247223350247751
0.329722821621663	0.34152103982473
-0.149405485233701	0.189801379536674
0.00711872022188948	0.00880577993650019
-0.655445300727071	0.792954878444309
0.101396322643436	0.067706783960372
-0.867880375100669	0.830751866437437
0.594889396306487	0.475370283264892
0.69793527456588	0.511090116009944
-0.0479380954855245	0.0333608771856716
0.0349558168569872	0.0366507257464017
-0.222007639277437	0.2462782032322
0.0385178312502905	0.0256567441146352
-0.352583742780685	0.387536520339211
0.404303113118147	0.414962103998988
-0.382851996473274	0.400179698746413
-0.0266991276366415	0.0196737114474231
-0.95622226726046	0.903042246789282
0.321632232056382	0.247471532686782
0.82355560817662	0.669919077043153
0.0696184383422431	0.034351449629734
-0.422706305856441	0.256951354341444
0.0640388862213872	0.0330564678986067
0.209752735119344	0.251684347279493
0.0105637565484908	0.00700321938213247
-1.04484220745725	0.645076760813546
-0.421116745083766	0.262716083823281
0.258622148652586	0.114667741268686
0.0972071398044607	0.0632617894388609
-0.576560315436562	0.313562152213764
2.04442174617775	0.924391708474955
-0.118010567371949	0.0568919760688377
-0.366196062681376	0.231701663285721
0.0902363660399047	0.0504964604304451
1.375069849559	0.859868877075194
0.0918075423369477	0.0562407658557768
0.00162275076838536	0.00128521181386308
0.751938252969419	1.42690353273798
-0.205009461750697	0.220279805211833
-0.316962447067241	0.388773287931578
0.418446193041178	0.668586868163715
0.302390563678794	0.45161160105876
-0.24982002466029	0.301338898232102
-0.118104889173761	0.122995177494389
-0.695741119467731	1.25003102429277
-0.00905839200490141	0.0394352964971821
-0.106501258897948	0.590851468565228
0.157710775438106	0.850760122994484
0.0110908150106748	0.0332662172427058
0.0760571317544103	0.255126702185241
0.374404561249328	1.9462033778114
0.410000539058437	1.39798429073054
0.575621379026246	2.07395170523338
0.257110433213409	0.496540637605256
0.44521880315341	1.39596442348974
0.365597582540654	1.03868917350762
0.441219434647681	0.831551882888038
0.0873082936721967	0.113259085715952
-0.100006166921397	0.127291703562249
-0.000125438687329573	0.0000977190598395499
0.376205891679177	0.728555858546367
0.207992672449267	0.331573826486113
0.515904634140883	1.10133308959704
0.329944398828594	0.543147614745121
-0.231238913103338	0.250826374123222
0.139332974117075	0.16897184458441
0.262423751476324	0.382754826560493
0.14974386378483	0.145888643370766
-0.10073858678971	0.0763506152831446
0.624945980146793	0.67019664208616
-0.0274954633246551	0.0199468672046329
0.590942565049207	0.564664423328301
0.0249841539033415	0.0178027296977457
0.206901152538207	0.263140822621852
0.0907007054306652	0.087366499737641
0.715577027265717	0.962774470714085
0.0577772103641618	0.0544870149126809
0.476185737421243	0.427594624000415
0.477034826666725	0.499098354243446
-0.614855237840932	0.740827017239119
0.366430865544406	0.293722030681478
0.10750201725221	0.0742149966980361
1.39544815063979	1.27296579111198
-0.0956736907727891	0.0634004275825384
-0.327384515947188	0.246389423644009
0.297936889373942	0.25018347356397
0.119180010600021	0.0918035342544681
0.390803229756379	0.433134924390884
-0.0434877769091742	0.0401322253295896
-0.207161160103571	0.190257271150234
-0.206565181092494	0.12500619403715
0.103622590130971	0.0701955107222594
-0.206422365175918	0.149860134510655
-0.779859733825027	0.700540257755399
-0.375094792568012	0.305302098414211
0.0641854210844265	0.0241334911358088
0.365588498406024	0.20817886788995
-0.0990603103605741	0.0678908555838789
-0.869774193304409	0.944548615731371
0.208887852350921	0.13790856492538
-0.283333049896578	0.248994659899068
-0.178469099545273	0.191047388898891
0.508436381392577	0.747392265063977
-0.207180951313924	0.214902982419419
-0.188047794928835	0.196200376032189
-0.332185879874343	0.359714350582993
0.219513324720152	0.224251484021924
-0.444250260970581	0.531489040219183
-0.413516219770535	0.4373779549787
-0.323227538368446	0.349965198550436
0.0414325963985093	0.212365487770278
0.220834246282156	1.83798315960944
0.19360128927938	1.23874327921022
0.262219188757535	1.75743133980792
0.449346315435132	3.26640850528378
0.513935303058338	1.68880271860159
0.793245509131212	4.06747036139341
0.554942610949509	2.13292933713008
0.401137110311691	0.829838080224669
0.561056980910332	1.39531926103067
0.311993333145607	0.553999678101546
0.0552141450755631	0.0682857836844964
0.746941495917494	2.11743617956202
0.253855565049347	0.443047132181015
0.546594883557379	1.13917013129688
-0.237516215557801	0.35992048916565
0.256768441715728	0.387201774738087
0.130724485693322	0.18471201574048
0.466594832335562	0.982938019579754
0.346470779789343	0.49851259806101
0.203065734482921	0.174130828781491
0.400317574417538	0.433434401799747
0.130825710949885	0.109446858694759
0.623495620862375	0.704362056758598
-0.252455879329327	0.256830006630688
1.02098705807164	2.43304462775366
0.129995060617283	0.144584535098436
0.531551778795856	0.76759174570234
-0.0782519798772338	0.0634898696385037
0.269675584958165	0.26748796676343
0.881777349952734	1.0134847801643
0.412440275205201	0.441257415460062
0.309357133501343	0.323464496254312
0.63219494477494	0.463134222387151
0.202149435995491	0.151179185924788
-0.47864721511191	0.335785214688103
-0.313918870267197	0.312512986625994
0.330919930418498	0.360389989772746
0.372615510570963	0.418904019116674
-0.248608580339369	0.238006620054267
-0.689120823075382	0.575732864908782
0.217023318237956	0.151516418570639
0.072898235016386	0.0383035721060654
0.486420630396376	0.518585527539344
0.904185480901793	0.682346351692218
-0.373016643327476	0.235589895454669
0.593310802553064	0.456958169845405
-0.283153784971566	0.194245998414333
-0.77740273584219	0.679785693335392
0.341504304515695	0.24378243947337
0.212128062941126	0.136916012209165
-0.710522300957788	0.963754417730693
0.181129292095274	0.230855881465673
-0.124868329506858	0.133575893551447
-0.097209993322261	0.0987773104508727
-0.130568991317942	0.133768868969098
-0.165347651031756	0.182243635643469
-0.18167268651663	0.211178483416029
0.0843291549087463	0.529289252294749
0.208564806326827	1.63881189938422
0.0270351015891668	0.10369199173771
0.299942723755304	1.94084372583262
0.684142310292685	3.27447904754602
0.458456359861785	1.33502921451525
0.187322675576702	0.625076272334492
0.240993554939961	0.783116598875137
0.632362919886359	1.27684447956139
0.614747377614644	1.22137972102181
0.344946864429732	0.650865092377242
0.239776039587811	0.360617795373682
-0.158518145553797	0.245054017693098
0.577866292129488	1.5960898379618
0.276009852079532	0.45255738719268
0.157353945381237	0.259905054197311
-0.521901187115948	1.16393764855946
-0.18162625596408	0.285609263957151
0.309313402744224	0.519041631342105
-0.0330597166223552	0.0392606153905401
0.17891523739908	0.18854095001116
-0.171463503644565	0.205424726705741
-0.0572244502550561	0.0529544360803156
0.20002279334337	0.19312233202793
-0.24632425251573	0.279106443877743
-0.0796199933373704	0.0796091834691729
0.146662300397285	0.154740171848946
0.434710323730136	0.758891888426209
0.0572930298726771	0.055958107090622
0.502727298620198	0.538748257472081
0.0539206377679037	0.0392521747218647
-0.0452484457502742	0.0376581065824657
0.42873291574608	0.425669881025128
0.363754513817435	0.431935787370628
-0.000964428006906559	0.000737124973768706
0.127333557134312	0.105296911971398
0.214572446437307	0.165535767401846
-0.0468544102357	0.0264758993865023
1.02835091117764	1.16265612063945
-0.442162296605981	0.427268521341748
0.718728554010864	0.708304921855197
0.14333912941835	0.113911142962863
0.0725471411446356	0.0578953355592972
0.276883159209988	0.252845326695107
-0.248900881814265	0.172870681946976
-0.714937254936155	0.69769110966518
0.454294774372523	0.488370121610068
-0.265694806517178	0.316857133789856
0.742811103936906	1.14542429968308
-0.167885008316741	0.190687088281971
0.103439463654793	0.090310555263617
-0.523046154706657	0.807846220155542
0.115161922514385	0.808222116100378
-0.236447688757229	2.14417010679142
0.266673309076322	2.0496056850267
0.459766658874616	2.54998906889988
0.25751390135408	1.046596397839
0.524548120603426	2.67449616117915
0.16229251435619	0.242414786895573
0.204616297437531	0.353252400112585
0.0578274719172919	0.0784170138817985
-0.0229320712094214	0.0288484054162094
0.0590565611093998	0.0881258108176236
0.330904273453561	0.716268111863646
0.157327401029696	0.238959515158038
0.222339825086952	0.413678064834524
0.109632164186736	0.148913803152915
0.065488551546007	0.094711200271688
0.30469571298492	0.601020102216095
-0.176241951681764	0.238556458810145
0.0990274007673702	0.0918707803567692
0.254535132366486	0.294943015525352
-0.02628736870167	0.0219470316936988
0.422744267952734	0.489966507064297
0.683853045179547	1.11402365593093
-0.0494472614635123	0.0511688886290096
-0.805333281388441	1.75877110541572
-0.380483461520987	0.577562285541303
0.552671810715938	0.844360644148408
0.247016115386921	0.255872853539785
0.119983693063613	0.0924028904203742
0.556120576774921	0.628135651883787
0.0841840589881954	0.0728544948674035
0.190945944489597	0.14349356805432
0.377057674673685	0.345398806920522
-0.531602102261549	0.502556738916461
0.109314446404075	0.0785616481094106
0.0773598082788229	0.0425308274588851
-0.328760046572722	0.251333290665118
-0.226016767221624	0.17763911237056
-0.148860546086998	0.0934845276374475
0.21572800275461	0.160481820437618
-0.273510651103219	0.190896658404506
0.270618714136793	0.260897919846656
-0.290577367430957	0.299004175990327
0.0196641909528884	0.0175580932374428
-0.288231939198694	0.377855907487877
0.66455726315519	1.23743848957761
-0.241210550983362	0.296309674568267
-0.512021736702865	0.838235145439732
-0.348922049325654	0.477959940687024
-0.48546079156654	0.625946025843465
0.634782759028839	0.589705582433447
0.0947716560181021	0.658837580217998
0.359656965326547	4.15631456261383
0.468774686933039	2.69750632406624
0.43148256440988	2.42075205924595
0.48476709325857	1.86691739278992
0.224416997980772	0.593948284529464
-0.0780852487527337	0.135520710196502
0.451853442552698	1.30758604479658
0.342939671321895	0.919057068257058
0.150665135719276	0.278867093806942
0.196741597606512	0.332759963704208
-0.14119040830918	0.189070876316359
-0.2982125895557	0.453948352629995
-0.0842032416514029	0.125999973810202
-0.307485525381998	0.645822945335107
-0.412925080693159	0.574250556222677
0.21918189840932	0.168904284882607
0.624455360409811	0.794107567543067
-0.667588118595448	0.644779046608933
-0.0743218483489689	0.0522394736155339
-0.0592899066171991	0.0471189749572336
-0.027449620044292	0.0363622511710213
-0.122123443020233	0.165926377957268
-0.464477706351328	0.611181357780348
-0.128075178636451	0.14124825336156
0.151679094143655	0.159255602900669
0.350824365748808	0.229945715102818
-0.0704397835774895	0.0491922720145164
-0.144625729440456	0.123678776781885
0.601723120108723	0.272137987682696
0.564563405956354	0.477460784188889
-0.620424221807724	0.537828190155726
-0.471710125385827	0.373232830774573
-0.0177135015787855	0.0104007513021372
0.357241766386416	0.327021275456267
-0.276243308289497	0.191528876844391
0.460250793405844	0.676036293863019
0.506822519178193	1.05330642977575
-0.156234538256795	0.21437574326123
-0.207713728665465	0.291152005542784
-0.0405208851916933	0.0470691027936419
-0.206465714317797	0.306982787188543
-0.236791388320383	0.140174988031319
-0.0193469505638484	0.0116976532100734
0.112093653540583	0.0813109414707428
0.0289149083324672	0.0292776279785296
0.0400598643898634	0.21655206018614
-0.108330449919449	0.667145057644559
0.238637574291108	1.4788692901732
0.115390707366621	0.405157658780631
0.204301188735994	0.915016486978891
0.359064053991868	1.75800330397826
0.00181615174765696	0.00382863445759966
0.214073618982439	0.501280335977365
0.0448307393486016	0.0817020647932588
-0.298632194978932	0.715040144497097
0.293479195307245	0.647333993968231
0.199398386868058	0.337866330560422
0.0617471746794205	0.0688916889902566
-0.0172590184575583	0.0159586228176813
-0.514501071905909	1.06971138165488
-0.0430706584519216	0.0601493440713134
-0.168587021393899	0.182254121111106
-0.348007361097517	0.323598426596556
-0.0743865033723412	0.0450608429831992
-0.309776554949062	0.201723852128416
0.21085128619216	0.134893179279391
-0.0830733758686221	0.0576212655977886
-0.0732862768724054	0.111086303805389
-0.597387055912337	1.35360741953748
0.134053607073201	0.114058998903561
-1.0076982489688	2.10889081929072
-0.206738987767704	0.233415373028801
0.454788827914877	0.43735532194437
0.40097897312594	0.427495476897772
0.380481340270874	0.238819792002159
2.00187270752496	2.21902136761156
-0.0952318501389742	0.0657531564158748
0.904809238592818	0.636367423531441
-0.126041467824161	0.0608436084319661
0.899588775213045	0.677409684370403
0.765217364617468	0.636165148118177
-0.42222384056173	0.257367956343466
0.48777504541467	0.354406322557527
-0.685074138222266	1.01845293497248
0.157861502231056	0.221112185992458
-0.694433950007216	1.24701337421932
-0.539994064231131	1.12920435210278
-0.29602794713276	0.47783921254406
-0.634116356001635	1.77070013285133
-0.309830492194814	0.500853853788038
-0.317484439238865	0.557643417635896
0.301869021696388	0.132866109455706
0.0587497471144612	0.0270172695433256
-1.54919632793445	1.32672797466259
0.245432293629047	0.127914878427093
0.611434075692322	0.276299830241545
0.0802272046127221	0.042745026200625
0.197330926431782	0.254160509447893
-0.00481936015564146	0.0221928045622274
-0.186834662870671	1.68272937970572
0.254478933569253	1.93818873427272
0.0659826844140589	0.25552999344064
0.0888869051461347	0.366075328039336
0.645260874643833	4.29260597142764
0.300565236743028	1.39398668640468
0.162871974259734	0.364549775323997
-0.14630277825963	0.322439171766842
0.276788650670272	0.640186226804572
0.207718291383637	0.422560426019141
0.144748356066476	0.228532047604135
-0.254540254281367	0.298860272375379
0.466831171912276	0.486389986560584
0.530974889949538	1.02756265223511
-0.0883318597181915	0.134336053569095
0.113954289945832	0.120627261591267
0.513284157596378	0.361612639417573
0.410122148032813	0.237451376088798
0.479755753649402	0.348908109107576
0.236402485719833	0.129485515487607
0.310578762621635	0.24865184080257
0.00733484116124691	0.00991022104894434
0.40266100670262	0.810362744391684
0.0165284673247669	0.0106146669222437
-0.135908694110291	0.129317678962398
0.0817491939174812	0.0851753120030007
0.436032881838453	0.574665842931866
0.120538063247915	0.0928932446922557
0.292323301819467	0.252844243475335
0.410316751448507	0.240424259453451
0.519517148852125	0.255977329410127
0.274554567048001	0.242678943641526
1.16073472543672	0.870929740071972
0.26929188136512	0.124428667193638
0.347207667536616	0.133726872557481
0.76444832447284	0.503965191508668
-0.183382411340408	0.0768003093638437
0.608339374319333	0.274560719189458
0.842784835303865	1.40706761632814
0.399870155442228	0.749883158745345
-0.333056310382128	0.512465122766974
-0.0416765253050647	0.0586160846767213
-0.368888388324403	0.77059876625373
0.286177839814629	0.609693344560684
-0.210561433882818	0.350406409856284
-0.14727657890607	0.207848091735693
-0.0940226746483138	0.120297370486112
-0.259349640580438	0.391145396022476
0.970750432873955	0.455394883102786
-0.39801955394838	0.192424234926112
-0.874573932487454	0.496456072156921
0.600257918701995	0.276188097828727
0.858350271018701	0.528616267525502
-0.299943484909118	0.10402142414042
-0.198658010364025	0.120979225031191
0.683095366836719	1.17834280735267
0.719420196184866	1.04474714984488
-0.00625480275268763	0.0289630397251964
-0.0553613899944103	0.307603861052948
-0.0846839484393738	0.412466291479833
0.139344534218606	0.794827000090982
0.478888383976541	3.84643419789984
0.394085908864515	1.89698018757955
0.415508765097454	1.48707334742971
0.0904213066484698	0.191160827927281
0.525492832766232	1.74241779323036
0.471236571335091	1.34595016020443
-0.110383395095434	0.180607356096406
0.907112226195196	1.54103311990418
0.523238938441071	0.8010731252907
-0.169783938651205	0.247321124782454
-0.264709584035233	0.514067373776392
0.270181125122207	0.236796580703227
-0.14657544718403	0.0666385577977354
1.63028982124798	1.96690670900952
-0.0781466528892598	0.038680328591534
-0.0958136656392443	0.0492583447523235
0.935214817558171	0.778342843115886
0.284778545577613	0.550274590356939
0.2464179049597	0.383938765135768
0.0619204012887637	0.0487079163046155
-0.0783111602903175	0.0702958734628285
-0.768608382410929	1.46967175660062
-0.497641085805803	0.641874451190728
0.348831164952946	0.324303236082049
0.982012504636331	0.481645239237425
-0.397115937845104	0.191629592954725
1.69248871548475	0.93818369773178
0.41979528093396	0.248169003314009
0.412387590876857	0.24133916994746
-0.229141577139698	0.0829143365353009
0.0848555114773096	0.0256163091913079
-0.886305061829181	0.60399434574713
0.072216115820566	0.0263288214324915
0.0625209459986166	0.0256170155346697
0.469184566395334	0.616505170439404
0.573356344217535	1.28228252144329
-0.0333461182718093	0.0347237011096636
-0.358249533626737	0.698456393209504
0.20524571675282	0.3496415339281
-0.374287946586914	0.890361459265881
0.0848432800300858	0.119215570138533
-0.179122676411245	0.265813393961917
0.320046282152959	0.571971323176082
-0.215629066406769	0.321590245990771
-0.201846189817064	0.237865280481457
1.69569499826925	0.885687948698508
1.40191507280496	0.462489177152332
0.964434917581491	0.373013262440528
-0.686134908712262	0.33301004820215
-1.25369969520016	0.743116554546987
0.27630011790542	0.134988590229373
0.719430935180268	0.385526787249587
0.440237756160213	0.153542881211051
-1.06574557399248	0.564904946258386
-1.36318946706586	0.662331111128015
0.732296726849254	0.306858362541725
0.522310504135725	0.659411301840161
0.076994163946236	0.0628728946729276
1.53286453686745	1.02025322343002
0.475279562469942	0.243768026800827
-0.00126601337521906	0.00585830079168285
-0.147467290029356	1.07977282816719
0.112714882837062	0.66961836805848
0.542526340506524	6.10086653794343
0.307455587900445	1.87788311775787
0.68056099576757	3.61004972291761
0.413811106627689	1.64705221034739
0.244303443775528	0.598427949598253
0.0893041170648958	0.161308685490182
-0.123022375473445	0.195756417947336
0.143256299567131	0.140949630481448
0.201092424793031	0.175293773033459
0.477761900771179	1.0991665020441
-0.137026232756049	0.240797017966263
0.105220799943179	0.102868398833164
0.431329869839385	0.236278999691778
-0.632411670245721	0.40850374279173
0.0686706929679463	0.0336329437939789
0.461784304874897	0.252650867595504
-0.7583389274938	0.530229472984669
0.0941509196965581	0.149534319800289
0.097308453046793	0.120650936020764
-0.192174894923992	0.171533992156196
-0.48081763059934	0.638700947861471
0.592795650455745	1.03810753105623
0.232667733157459	0.254518924578211
0.261259783832364	0.291723333556894
-0.128887167194794	0.108730062184797
0.413098404024758	0.249197322395446
0.613656278771664	0.272161832052617
0.0633138359886189	0.0293942430975316
1.69747266753327	0.913113332753927
0.712431594318268	0.403984477501453
-0.132899093382582	0.0836321964131872
1.19076999263287	0.662771003282483
-0.804911469852063	0.28803751190422
-1.57959526269144	0.573558192892796
-0.798422643818896	0.288663490857028
-3.48138797289842	1.25307895187167
0.882245394971253	1.50329783085792
0.617468462347345	1.58517055083462
-0.315440682134405	0.466260315438893
0.296216343800811	0.561994289378085
-0.447834486302602	0.84104763976021
0.140715596650146	0.23701462130875
-0.195283687089937	0.29698489697854
-0.444792145939145	0.973247789192165
-0.164542995664302	0.241069277604005
-0.179948921520136	0.276486041704355
0.113644458616893	0.0295034454276805
1.16150277941816	0.742726610062485
-1.18579202880628	0.377375738923198
-2.14801264546988	1.00970365965629
-0.609509117427157	0.22967440672593
0.0675119676412619	0.0226367788598995
0.964323663454472	0.367034919041761
0.0746479519022873	0.0244972758979147
0.0651123398218542	0.0223133285015938
-0.393890930667702	0.182047256682414
-0.104076760871475	0.103737722427664
-0.128765444081788	0.118870935538643
1.36887500521725	0.838945772563447
-0.0675842287037828	0.0370041041162056
0.35767457081714	0.143010636439102
0.979792079311907	0.478628402358911
0.363370011085244	0.146426304196319
0.612647739636594	0.185389565642619
0.125234291893533	0.989431195709241
-0.0219013282348942	0.104180382542481
0.353279448233879	2.55656247636751
0.25550258923971	1.14095238703196
0.341490684432502	1.32940431710105
0.162890428330664	0.366553208388354
0.5544908687685	2.49933061760283
0.735718967381821	2.97944155457658
0.494032806208842	1.32513744061554
-0.369592202638498	0.893343765194961
-0.268834505560026	0.565154813948849
0.0204867961239151	0.0314237292231444
0.233241614110555	0.462979071167492
0.139968841233099	0.201673758647365
-0.232875819201735	0.306151385642345
0.0381796652072575	0.0327836368451126
0.249509804980767	0.258328782124969
0.471148223430933	0.515289081268126
-0.544559333714029	0.73211634813038
-0.389189489721256	0.631330824924963
0.105104484698437	0.136522726302925
-0.477119954912359	0.750577744533801
0.0948921180194048	0.0930745241509937
0.00838482679870507	0.0071332433128162
-0.0983403912144682	0.0789175555398549
-0.0412838441202856	0.0386019941936093
-0.012272381962433	0.0117274559693261
-0.12356780531219	0.106574953043427
0.553198482188075	0.460922119994857
0.557880385749071	0.633910629605979
0.641454870358589	0.481730786602245
0.616305016102578	0.471119778843337
-1.08845888800337	0.924219836941556
-0.003533828302422	0.00196389727519365
0.21231078109807	0.149401458531913
-0.570593895069353	0.56692189893149
-0.213353890309789	0.209772054307624
0.782414588769307	1.12640320968301
-0.380405164460546	0.753473043336829
0.612339357050398	1.36526709574099
-0.0154585234746267	0.019096837858588
-0.295990888162297	0.505423652933787
0.042664347007919	0.0565727968316553
-0.0903577563827412	0.113969268123199
0.0341395826529339	0.0500298181893057
0.195196883066654	0.245132878163488
0.870141021451277	0.548446649977479
0.383827346477427	0.244252694304894
0.76441686537659	0.654759683337975
1.03076049878558	0.817403436721513
0.482795085711237	0.359446336251075
-1.23104194823651	1.33892127371303
-0.577540844689291	0.534732130105683
-0.42441105632789	0.315849766547388
-0.0871794738365509	0.0439075539166134
-0.875953147673288	0.755236051330287
-0.321577233509753	0.215038471298035
-0.236082653590036	0.23127448399849
0.27022286380825	0.264886477985882
-0.0562145451009329	0.0402450445528211
0.342144596469589	0.227645253915698
0.11412245513653	0.0799099397607052
-0.0746979855349302	0.0408715647132786
-0.578164423135452	0.540402708122118
-1.03642685250386	0.663042076850598
0.413877348163647	0.247338208067854
0.0842699302687206	0.587330871982858
-0.141399754415016	0.918182234101518
0.182849224477138	0.989710013434703
0.283963925970129	1.13369761741322
0.231663083438709	0.773378867242719
0.155150618114323	0.401634708267436
0.400659012047409	1.27755795689725
0.263970995107291	0.574403045100879
0.302269356353055	0.601841800118319
0.35693205855926	0.685377567518534
-0.217519498999486	0.445292247185668
0.103915474885027	0.199312970657568
-0.165330877941094	0.220170614037225
-0.299417983438414	0.298712764695783
0.0640550981166407	0.0528372152819403
-0.507238764933303	0.445063931689517
0.432100349219465	0.416248097708122
0.343312305886306	0.335937332213617
-0.235667628502978	0.408945954411711
0.00999023277388279	0.0124154598457461
-0.45545775940688	0.725305577166932
-0.262787653493351	0.345027638599857
0.227552713586368	0.272608347611877
0.290225911355501	0.339802929966714
0.100777673325537	0.0988020926990177
0.289330084038252	0.203378559472197
0.0675119676412619	0.0226367788598995
0.243969614866566	0.133589506914633
-0.420075158104261	0.308197300088678
0.523634554881356	0.267965507910143
-0.115790134297455	0.0760472914594478
-1.18660834213575	0.745958674087055
0.218880427184297	0.161057948654617
-0.153390453073177	0.164729659652254
0.235060991290054	0.327347145705162
0.00056185131043758	0.000680068465125545
0.170335650697399	0.267490807374952
-0.42265895065501	0.820949416130687
-0.127519972887011	0.199501365103312
-0.0979335581034792	0.162315598410894
-0.0365512456091658	0.0448094115774025
-0.146210539957796	0.236091307687472
-0.230743063978289	0.351447619999266
0.131697038959878	0.209228773920117
-0.0496399314222652	0.0662671849544539
0.524176072276026	0.258819060817534
0.921422126402026	0.674443233431918
0.56010608849636	0.364723094653218
-0.882662501197892	0.562332643862401
0.0864109116883737	0.0444567575359194
0.245280238556481	0.127197325987077
0.463056785951509	0.255265935942314
1.19804491098445	0.631967550285013
0.413306941789698	0.241585182949587
-0.545153822140381	0.363861537367855
-0.364651580171796	0.2403636201538
-0.243355708877056	0.256850843017197
0.27570671631741	0.341084616266532
-0.261115164116143	0.241238840216518
-0.0723324382223887	0.0387148942454806
-0.530319861305297	0.416674598593658
-0.490548361739522	0.277558136834676
-1.25767104295682	0.713093016490935
-1.57065341791043	0.847143852208117
0.224775329498874	0.13265887332981
0.0959077519875341	0.0580868685093976
0.761875466786681	0.754370225569224
-0.0309211603245385	0.0963119969744171
0.0364415285176559	0.0952575839704106
0.701973866619764	5.13855868977273
0.442578620021401	2.76356397741702
0.700497831135348	3.14828224585001
0.437036219547508	1.38675696266743
0.361697518203864	0.874246773873709
0.376279639310414	0.40908590248175
-0.131725571299915	0.111273490798964
-0.290426883765798	0.559744663878666
0.261010959303561	0.593538579972002
-0.0666873030642873	0.0594249827430992
-0.337761874398965	0.171311383324294
0.0682913447510464	0.0273953015398567
0.620508173896109	0.375244030783396
0.268670077117937	0.125587545138753
-0.342647882734664	0.166555276008131
0.559251354074514	1.71116298778842
0.216222368883786	0.396762830902855
1.15911564428074	1.70007503955288
0.0483622411429228	0.041875111274639
0.094709236164329	0.114657907336157
0.436415387911615	0.670669989309137
0.115634955884683	0.0876972065663792
1.04710414715479	1.45060843418362
1.24152576341812	0.53827149212586
0.0783782556206494	0.0235686444440378
0.51649139134624	0.249704905820572
1.44853260966884	1.17551514735042
0.445521276088191	0.159509279653994
1.7649385644059	0.69612700389034
0.449288369478584	0.160705257369509
0.0630765278311481	0.0247376812686816
-0.388097369847581	0.184398702083488
0.0651123398218542	0.0223133285015938
-0.161272216639591	0.0683304831387951
0.149307650512852	0.15430451555204
0.893018898118141	2.9485596777779
0.109644667286241	0.109456841878363
0.0533066406577925	0.0799928452369718
0.179154124146158	0.307491445686174
0.275376903182367	0.607551430406647
-0.25219845654504	0.413662230723615
-0.127347844986827	0.2020048831811
-0.0285604856903228	0.0304718152173763
1.69507204831417	0.955876480045742
-0.115387893621803	0.0744568562916996
0.275250008310704	0.457046240552275
0.126776459933364	0.257087938827002
0.00584141614181354	0.00767073885099007
0.17664063501354	0.222457609337173
0.21889341552752	0.399589409792681
0.121369953953554	0.159837513365678
1.37405387910485	0.821088161448639
0.605540363795595	0.196883836529778
1.19488433767111	0.58791898719699
1.40767466870752	0.473822721549798
-1.58031521895221	0.585418550538611
-0.238932579749806	0.0895245297477474
-0.662576541438912	0.167226093944783
0.135260382067815	0.027537361279051
1.25215754070218	0.563676977699684
0.0737438035660197	0.0239472389078835
-0.0856816603028655	0.081088543506613
0.045323346423377	0.0452146296994588
0.144753348972278	0.13810567518741
0.711191465058788	0.39206361803622
-1.0655891262183	0.56258473083991
0.11331362995568	0.0283571465180488
2.05225629073754	0.892207785409793
-0.407871228705541	0.120108530289818
-1.06427983501109	0.55508652984854
0.460883516689099	0.251648389849684
2.74262749706831	0.836921336896799
0.0223506647025105	0.0310181582432674
-0.00163597000484174	0.00631447864250509
-0.271551888840956	2.08835926603108
0.0310389549935316	0.0933320612300799
0.568043269647363	3.35825090722551
0.577676589571417	2.57354417101686
0.189446953913105	0.303634541412567
0.439204055680355	0.879205308863025
0.190992840243455	0.50060467927608
0.244123191670182	0.732483014191788
0.0879999575946456	0.110353840611222
0.399102851631636	0.344333652199028
-0.420174934199209	0.351535256208635
0.520845484770568	0.453301216734213
0.769633797875015	0.733521044624725
-0.0932730396234285	0.060710966272504
0.621903415630114	2.46067747259856
0.569542350079658	1.88274049471563
-0.175441714514205	0.180645922992661
-0.0676183830707827	0.075028899465703
-0.249093796989054	0.37069768272153
-0.056831005799239	0.0698305123507504
0.24547558951904	0.265823361692112
1.11418380565171	2.22650503867655
0.826571883631746	0.631308259961401
1.18693146118419	0.653727235697749
-0.413084994526966	0.122358046121638
1.00156142173837	0.608558562157377
0.258897090912758	0.133620386362134
0.375649147060141	0.591255756248896
1.18693146118419	0.653727235697749
0.136883103816544	0.0276946864016619
0.607992218193391	0.283519262852047
-1.35262276277951	0.634638598630059
-0.616894560194006	0.237361173100104
0.956186845718807	0.360029069748652
-0.850439691992548	0.371869436789414
-0.113261118027183	0.0555160888891995
0.786919314374355	1.7544321009369
0.385897887001774	0.891396412592864
0.093216718205579	0.114078340878218
-0.253270135416502	0.600447668644312
-0.258329277842586	0.53092363341104
0.0859421277964252	0.168872581625922
-0.211240403376577	0.397988950602815
-0.415106022110503	0.958788661021785
0.434912498851015	0.824437355038657
-0.271464169360758	0.53910250182416
0.266463727801824	0.251670839290891
0.140925672869265	0.236844027250209
0.227590979934226	0.34284934004176
0.292328737753165	0.510345129783962
0.607992218193391	0.283519262852047
0.065885684757479	0.0224844838123869
1.1962999119086	0.627444016137192
0.693525728233488	0.376494917433132
0.365071087824821	0.146748703076633
0.444952049432455	0.160476366144499
-0.583597300400845	0.307255431424823
0.06149893808944	0.0257550980431058
-1.10670156578032	0.459837242464386
-0.662576541438912	0.167226093944783
-1.35813269715744	0.641991550487167
-0.408587259070592	0.122778214287602
-0.233999422252501	0.0889389637459555
-0.766129631340857	0.5165627686849
0.113644458616893	0.0295034454276805
-1.36410167076691	0.645761329462389
0.222625430875094	0.284753295060306
0.0764449216626496	0.0955821784449574
0.720946048289661	0.876916532682973
-0.685971262474748	0.334437431607325
0.564974974174024	0.340144086511134
0.963434289390144	0.365415226185766
-0.663623121117757	0.16832657241939
-1.88607692070189	0.809688729884456
0.112658604632321	0.0287479409957195
-0.0358635903698389	0.183864714028223
-0.168810071770873	1.19712448558739
0.433640544585751	4.22836025503761
0.772593203306386	7.91451926454063
0.777696590844319	5.49108981479854
0.679991085091471	3.10475269824736
0.315581422632014	0.865300876983057
-0.275048916017844	0.948637695145641
0.199931946599264	0.559249287997099
0.237885713824913	0.458072590836301
1.32202803198587	2.33853840377222
1.23507801791676	1.57984263009476
0.660893206360442	0.829135443395089
1.10716292684473	1.41524546629358
0.199109242524271	0.197937302372148
0.274418668773113	0.563490251499337
0.177750138887946	0.289083230027016
0.205966856444021	0.274573933241585
-0.149265773012177	0.201720747093727
0.133529970229245	0.161482230172525
0.192097065119648	0.245785011741513
0.914614137919321	1.86547340470408
-0.161384206978043	0.132172973213832
-0.454666108929861	0.401844616583781
-0.329241503799561	0.169818156626589
0.307010523609626	0.134025138583984
-0.775833691009019	0.627659776357653
-0.787467150402301	0.619519136236213
0.0748880055655436	0.0614039918667412
0.252864441754528	0.347843523245759
-0.00250763937285972	0.00257807842222677
0.0920931743859107	0.075830703009367
0.530872639521448	0.459196246800455
0.0956365553785696	0.0603335900200123
0.0620652705633311	0.0261533589884756
0.736984138706859	0.914044976487337
0.518767239220096	0.261554448956454
-2.20749490302478	1.69845658373744
-0.0951760211171755	0.0503868992694526
0.904841237635858	0.675556967714697
-0.675705373048364	0.493492408662809
0.0605161226277318	0.0236975136465283
-0.330612592707267	0.173423154296436
-0.326115021683001	0.369751159527422
0.415412641146483	0.769184799601613
-0.226733387281724	0.355563896298423
-0.549407652861194	1.17011617888371
-0.331443111576695	0.547520208220496
-0.234188358669354	0.415301784644483
-0.00833236176534839	0.00978359711395839
-0.0612742740572217	0.0776599665870334
0.0790402776532868	0.114952262325925
0.0349037371118118	0.0408825682075275
0.34342163913986	0.743970849329071
0.09075970088535	0.135495364940554
0.27367349768076	0.525015042343262
0.0837816001103832	0.0986262401403345
-0.0227151278771399	0.0234985775784966
0.549688031876426	1.06734792050612
-0.197826470616201	0.139719259269783
0.645065509740922	0.496984142635582
0.692920944265127	0.485184230694513
2.0453580441278	1.36936728090755
0.252879736513218	0.131918379447734
-0.0797067327375738	0.0404828741869564
0.375812984479104	0.227022413141662
0.592063336221531	0.462715853262909
0.417712858542693	0.249889478280184
-0.106655242674892	0.0509808568080458
0.0669657722347147	0.0296012774491155
0.509611062776399	0.443721194351666
-0.048774639034211	0.0459861951046735
0.527651149062462	0.707930842463552
-0.519386238675062	0.531739917806755
-0.27718970184276	0.150407855120312
0.214774655597941	0.155472558113199
0.0635698877268205	0.0266404235549845
0.456727949208245	0.241400339922174
0.520556021233216	0.260455862929708
-0.117877688392501	0.0589317913436843
0.0373310713161613	0.195448023812063
0.44556607982246	6.06663649526325
0.379875104800211	3.50497787630973
0.0818134459357093	0.296093720821335
-0.0244742727511676	0.0536250861760346
-0.715287521427671	3.6486093133261
-0.771089132508292	3.89818689039976
0.366843057206664	0.439481773926811
0.483952874715861	0.514431957420111
0.723655754200974	0.781271824487434
0.691455650740754	0.787324404292027
0.2168507998292	0.220697030601607
0.194679798564608	0.574622239476042
0.0416674964334866	0.0798708194587699
-0.839913637970216	1.9024996633923
-0.452530086594408	0.992442820788209
-0.0431800174229082	0.0640342599096939
-0.198854040166078	0.338341759389719
0.25309147967258	0.335255165329703
0.256382731730114	0.36090688155308
0.0940913305746601	0.0581665801662778
-0.692644012348508	0.608973357923285
0.627925359407187	0.380540067646756
-0.282855010662589	0.147537786394337
0.23223941320768	0.150489673838142
-0.346468367198202	0.479062324341889
-0.0846109563722206	0.143349524921445
-0.0116155882705851	0.0144684870369714
-0.0279981996055763	0.0368462534936317
0.181892822386612	0.166303898265645
0.212779201963732	0.151105368689657
0.364324263980864	0.138772253364945
0.631368207629591	0.59474376797796
-0.413498314671487	0.247090799030063
0.598952681887659	0.190014654245685
0.312613562181942	0.134432028666715
0.403083760482622	0.212428889965614
-0.329703338958112	0.174079726467013
-1.58738912906551	0.558314592466192
0.624307358776449	0.384267162620378
-0.0403913080641436	0.0498523657526595
-0.0195161709698409	0.032012843409296
0.167969011049156	0.253009884926106
0.0148493852842539	0.0243887244211107
-0.133340977295038	0.245431293690398
-0.219002061140556	0.489714395114272
-0.148198205007345	0.269666962464218
-0.317698839603962	0.689863817844392
-0.0592984791722067	0.098939804519362
0.0994361179897258	0.190451934379398
0.133838294436281	0.256762092341087
0.130468409233957	0.161950750821243
-0.0495399637071408	0.0760627479274836
0.232712646126336	0.358543784674136
-0.138007974087195	0.239566097010762
-0.0399662456423115	0.0533083609882662
-0.403762808047481	0.944751554781359
-0.970671836508513	0.846675892645563
1.01228636024608	0.719842088460744
0.607992218193391	0.283519262852047
0.309015830103985	0.234366085310801
-0.234900877149612	0.0894027213938144
0.0586771147215266	0.0219935412118981
0.741071147944718	0.318502007835874
-1.17821119162765	0.748954201133719
1.25124533509378	0.550897759130589
0.062495305352242	0.0237571373538393
0.743318582996328	0.301913745802199
1.3831230150306	0.806223111216724
-1.10532678603979	0.461717089571125
-0.229056995669054	0.0878748438475279
-0.340726986124411	0.665461589967078
-0.671299529335593	1.52759491185592
-0.136828861161909	0.157514768569271
0.0747994251434275	0.0262808425339218
-0.773696890165558	0.538045109755016
1.00947314410198	0.575943882549762
0.43978435723149	0.151686920781775
0.0923255650417806	0.0259157602781407
0.150422352662935	1.28067923056549
0.388472617686495	4.71939497762
0.108396672790248	0.518809795171927
-0.505704227528095	4.93045080509778
-0.799143222779808	8.76345359066387
-0.290263878285029	0.659517195673466
-0.114784685679088	0.189041121656607
0.206330833737407	0.361517544970496
-0.15759667269162	0.243763455986818
-0.0954652099647727	0.153619004802536
-0.233334475350932	0.728268959946782
0.190229382732116	0.471875126173013
-0.20479925580442	0.42066239359605
0.117271868045665	0.198014319904204
0.0531340987737426	0.0741032892489073
-0.00855414663466116	0.0105799725703868
0.0315229138260004	0.040788721551136
0.0421427551606553	0.0547727127073464
-0.869251615905931	1.73034581391832
0.359622711284206	0.430503279233499
-0.209540622325634	0.171345703242478
-0.799768773153374	1.18669634705897
-0.296495073238376	0.3463158680297
-0.517698844382442	1.114439801577
-0.268174450408946	0.457026562089875
-0.282244825584103	0.527988285724418
0.241467650635937	0.424130488823859
-0.145435915479744	0.192948371262382
0.702822278327598	0.937980455380842
-0.541334191615105	0.576772164316606
0.390255611188095	0.427617973542965
-0.910750151660688	1.88534845722439
-0.0663272730871544	0.0466366975123978
0.520215756978498	0.527613528450612
-0.633814501892561	0.724236748124065
0.462943572710624	0.453621416609161
0.120861035471841	0.0904381988874772
-1.04216739729214	1.38283284516604
-0.047031378244838	0.0440976084958492
0.146453121675084	0.237238309267001
0.344642146919498	0.798769282731931
-0.0478063783236346	0.068881329806382
0.146840725773274	0.230337920596812
-0.0431953976392678	0.0567196574228008
-0.125118944124643	0.184008482594303
0.127883792851838	0.191647857552781
-0.370793871223077	0.752157282498069
0.110612303285977	0.164517200793997
-0.0796812520218497	0.0928692969760509
0.102489479732067	0.111855834231886
0.273103104374597	0.454543320107553
0.579630606912356	1.22609735506858
0.0819894393413512	0.130790353568238
0.0910953826309506	0.157192741410404
0.184954497505441	0.281106849212639
0.169642674986917	0.277440496237647
-0.656665559988887	1.67523261067645
0.217186097474557	0.307663908704941
-0.223539997329989	0.366864698276043
-0.59921673167371	1.47799275502961
0.361103625204668	0.343982727867888
1.00966221523784	1.3258960993934
-0.00198320776756583	0.00120538090574208
-0.343692036708974	0.313083214674579
0.290457833629056	0.245516013693041
-0.402677997089555	0.421095870596709
0.0629566634796007	0.048880996059615
-0.335384000531151	0.252078940699125
0.772279327059845	0.755241203092932
0.410531524542439	0.406036192843105
-0.309935243778824	0.254524531185552
0.285379343304421	0.256599167155744
0.065987217357765	0.0543193008045833
0.557344357953845	0.562293152554104
-0.618519763283892	0.502092101831146
-0.611497376623308	0.508385466193699
-0.551412515618743	0.607916419112394
-0.403199640704147	0.729203350819972
-0.398080603501566	0.665737140669013
-0.707248281619056	1.23163752269318
-0.107325613639178	0.0848334613204513
-0.357807159784062	0.359204307528882
0.223396448740444	0.179988213551074
0.119170032187433	0.0853691642050776
0.0173558008122435	0.0114206175590505
0.118627712040162	0.872901208096117
-0.195456001203994	1.62547980664677
-0.556601984948254	5.88672108923703
0.134856597567404	0.237303125984053
0.195363566868085	0.344749252944769
0.222167294598385	0.343936643092724
0.257300499473891	0.435296492341882
0.00442588295529939	0.00609633551653935
0.00669282361564591	0.0139717276342474
0.0783336734154639	0.164849679624182
-0.191937475495081	0.388918130759499
0.0975077906659401	0.180079123062089
-0.112105449396194	0.195998308680708
0.22253678047667	0.441688857026923
-0.155885800606472	0.266333205383958
-0.113720602500418	0.162373815866162
0.110080813137101	0.135618124273224
-0.0671988888455787	0.061371068358589
0.270039902202088	0.258966644537732
0.16407274303638	0.169135266042445
-0.144495820035729	0.134845932175465
0.0526617727127885	0.074202048954235
0.201497308304062	0.396005617915213
-0.105118351928991	0.188396661651074
-0.0216527437142147	0.0349722702562956
-0.443833066357835	0.939203775743839
0.337633619771043	0.332456561729898
0.148665588371033	0.14930537799975
-0.926394021190235	1.08713570540512
-0.343127901546427	0.488253914269796
0.796458448665655	0.809065258946008
-0.170263954975395	0.106021924639197
-0.856183493524037	1.0381314481557
1.09125211386945	1.37171544100434
-0.589566110523293	0.671126363549659
-0.918375596240161	1.16538282688789
-0.303042471791863	0.30892517113687
0.138488782411749	0.232453589781586
-0.292463471385403	0.720925566620883
0.165940001511876	0.277445785851178
0.522091404568453	1.39392662974343
0.120861090413948	0.171586306837355
0.0645586507462685	0.0822334084554234
0.182865412551079	0.308234784529442
-0.0377270108165467	0.0501774744593213
-0.0561857447174307	0.0806984382458036
-0.102346234222225	0.149210694752325
0.337358447335678	0.796709158971521
0.330684118053379	0.622705707013108
0.540041562057217	1.29276816231208
0.152045601139489	0.265749932179058
0.426359211073902	1.05662448215794
-0.229663058691311	0.389090831978422
0.445703093856985	1.02117637307525
-0.314540549917595	0.59573322961401
0.541002429231422	1.50077744955267
0.246639484310828	0.262540394380011
0.570020486663772	0.648800622837729
0.37791561197086	0.390680388913863
0.126192990340154	0.0962171421705741
-0.273141574741905	0.241518521960043
0.61973380933687	0.748690411800798
0.504460413512589	0.525909427154055
0.103641764313853	0.0878314362080917
0.351297507976091	0.337788504476582
0.601297640372445	0.582182314493329
-0.0873935160776114	0.0602355404081535
-0.329594160145271	0.333060294716249
0.450965591363141	0.433199838865598
0.823827629475499	0.920789491347171
0.0343424699720963	0.0234089925302879
0.344670477694104	0.335125451001437
-0.058534833075511	0.0480445560948868
-0.193456475948813	0.14152765653831
-0.78352976624277	0.786746501580982
-0.649302762945666	0.596183322266811
-0.580113963505037	0.5530783746913
-0.0541890177155379	0.0312128085783674
-0.49588501679207	0.477426144973695
-0.0168008702039323	0.0229325852526636
0.140390970790678	0.235336637992339
-0.329232474433197	0.542565171603135
-0.610635529451111	0.76855914528983
-0.358578949171988	0.375814152112894
0.300203843308476	0.253024114297833
-0.112092649935558	0.0889519025701991
-0.0560587054424231	0.0390053821104109
0.0291269820742223	0.143515598240762
-0.0167151904592058	0.0652214326320324
-0.263823215486967	1.47041925309665
-0.473724621447013	4.216573415847
-0.213497873229141	1.14976961065694
-0.1921709795101	0.702738687296949
0.496401934461304	1.4252124159421
0.781558022418859	2.67960305794459
0.377618742093858	0.744642546022414
0.655507873988097	1.60844101113639
0.632582720464358	1.73254978902137
0.176828103995493	0.499717881861911
0.133502697496156	0.281107090976825
0.0904227520160899	0.152503974510664
0.371812479856095	0.961873567477297
0.257913018132379	0.51701184326956
0.601939230420649	1.8517155126043
0.267664248092681	0.523565837328849
0.131703409946474	0.215048456078433
0.278766025267372	0.433294043147787
0.776709944192122	1.13844745435501
0.0144784121042295	0.0108003861913799
-0.584698247294824	0.75466374076143
-0.276992754434392	0.303705772430182
-0.450878335690472	0.832599523050381
0.149182357869024	0.263045988567149
0.172817759729742	0.296764759873207
0.151927499675261	0.321146097824422
0.202428520823301	0.304968628417713
0.563110057718045	0.609358827142863
-0.0147755520956974	0.0127226030373759
0.0080501033608493	0.00674263743853204
0.549148159589613	0.818464743956414
0.690581056565164	0.705538290571752
-0.0264796041880971	0.0198449337031671
0.441623599897032	0.428555402201105
-0.455202259182056	0.447251056937801
0.386228623986811	0.341162235154685
-0.501306932609929	0.42308255480685
0.522557267570495	0.708283763858929
0.308106613374421	0.682387439025692
-0.156483625853564	0.300334560330735
0.0453934559323205	0.0589068809857121
-0.0785141897705749	0.111318305583009
0.528487881225131	1.15261973183423
-0.305897269926859	0.456141738156717
0.0689999345177001	0.0842389997940658
0.187413534910326	0.280181954599986
-0.0534899941943025	0.0606706575963585
0.40271913881364	0.657855345072534
0.833488444525252	2.14436558823452
0.180256111066623	0.28741997043511
0.366929452232909	0.741968683154406
0.729706187547492	1.90164311474273
0.205169395197078	0.331503927386798
0.530216611152295	0.958872264670598
0.223214039456212	0.379998859306323
0.25853100374344	0.416730901443158
-0.171517399192037	0.255193681414397
0.0988722965810835	0.134092792577179
0.189598661778543	0.316502969865205
-0.16620646204795	0.165910576355995
0.390601713627141	0.370675725115493
-0.784416323501165	0.792414298300978
0.329401208151265	0.243561186503912
0.0111870374798194	0.00726887385641912
0.1302771938404	0.10700021475262
0.551479705934748	0.624102426534559
-0.0470954869936214	0.0426743850326427
0.116521989893737	0.0885893251520797
-0.148595768221678	0.10948231409238
-0.0507200491569252	0.0369646551486772
0.0504185163694029	0.0393598864026286
0.217410091078831	0.20841618545407
-0.3520052958306	0.328622280780206
0.833250199063295	0.950904845014558
-0.654624767109695	0.659266627304231
-0.063863749859711	0.0431389787020307
0.198752830564547	0.150892858943
-0.331041823377949	0.255802639786127
-0.342767023730365	0.333483093899929
0.38465682508558	0.32683434712172
0.198400005151022	0.13485267272
-0.377962249045021	0.319102277165443
-0.865662838570078	0.964031435726396
-0.0712731326119917	0.0969305173247847
-0.117682981294336	0.170045251432164
-0.512002695493177	0.81640105487248
0.12677155380598	0.101210464153611
0.405376297592503	0.46485815179031
0.284377787380141	0.232038969787099
0.109097234875514	0.076603910695414
0.203524747161915	0.170073892524122
0.371770166424985	0.346841755729963
0.011867060653317	0.0531490116328647
-0.192885635651681	1.42027664640867
-0.428661928542256	4.28386180303535
0.0340990596055152	0.11050014305603
0.129432338111443	0.560886989682261
0.567400647682507	3.56134990175937
0.587518553232498	3.35200976046496
0.603479078706593	2.93864766134168
0.241202279119362	0.735483478030107
0.293622644117381	1.070179686305
0.365362270564811	1.03364265014509
0.34574152198574	1.04745847649103
0.25278100586333	0.780597677391677
0.563413603535928	1.86674473650329
0.291617421577202	0.566428616490266
1.01816140121081	2.85092645927754
0.320783696191438	0.763046547946155
0.206828280509916	0.395669034452316
0.49492536738748	1.53499006374506
-0.0800969087598608	0.122308483964752
0.426135002450337	0.827569622409183
0.0306062216389002	0.0413201532790821
-0.0463983246697274	0.0639128483926162
-0.224688324266988	0.404095709990928
0.706291311960827	1.04842569947262
0.0967102983000046	0.150922394251625
-0.146130536955459	0.223500434572457
0.35162306310038	0.809920372846099
0.672426357262419	1.72567829451547
-0.169598224560934	0.246019912489368
0.47436963367428	0.871337942801295
0.301246503219967	0.542560064287778
0.0674770923740775	0.0782174860122514
0.245941728288939	0.377061242112815
0.173104404808748	0.24830797428457
-0.289550473311216	0.490090908069907
0.380680521157287	0.638523723174521
0.323053823675138	0.526663591866996
0.301767946701196	0.545258518742093
0.2333449827356	0.459945133016331
-0.0110626706022051	0.0123172836586319
0.0275922636873844	0.0295800949087578
0.466919937515212	0.54927445641923
-0.303701518937901	0.346543977486339
-0.26289628973329	0.293278690001384
0.19734279813935	0.18438776555375
0.808642636480008	0.866739319922319
-0.0259569099656882	0.0319994213059013
0.121121206409156	0.0904234857112381
0.228610871667521	0.267283743526483
-0.213036925118325	0.252972009286841
0.749705921444506	0.693744527662737
0.322863716365002	0.353601542420877
0.208566220909861	0.366832759089684
0.192200178524108	0.224268089716929
0.328717210371816	0.245290488251657
-0.20001186474509	0.174878208604079
-0.283385161089615	0.393003033898975
0.448214841424447	0.424864269973071
-0.198961851264184	0.224962534213189
0.247553728091491	0.31655425237503
-0.181853729495592	0.285960024330891
0.494591506323782	0.780750479378992
0.199872365487882	0.236647400410453
-0.385416207719102	0.483588823311998
-0.150513760472639	0.165802821171384
-0.461711082022222	0.657795611191941
0.207316173952001	0.287803497058995
0.182359023182366	0.228162383007521
0.657245819355697	1.34961249681862
0.9688472577177	2.44422639263474
-0.0911639314333436	0.0954713444890884
0.101340952554626	0.114333971795811
-0.377558413442774	0.585250993947335
-0.206638263265935	0.272082775067381
-0.27416074550346	0.341602256466008
0.117592138348479	0.133708029391723
0.39799727406551	0.681847558926263
0.197975611115936	0.254304895767979
0.408945323646479	0.601536682520917
0.00645636186377659	0.0065042381000092
0.171258557256281	0.223726156198159
0.224842686004315	0.265162834362939
-0.0624432862484864	0.0623641389912595
0.268106902911134	0.406197982308748
-0.0636653060242642	0.0627109303980227
0.0953833883201328	0.0963751614609814
0.362638955094434	0.514816379513503
-0.19290736323972	0.235278728316349
-0.41196999006963	0.609432048178832
-0.081547781013388	0.0875391550156891
0.122979631440194	0.148255903823861
0.00747676749755117	0.0323230062770775
-0.0797160051318153	0.409019178515449
0.306345201227113	2.20582707118814
0.132510275095001	0.646769788234102
0.0839926848463648	0.192916741203384
0.269182524896156	0.927870707437735
0.432518429204939	1.35207961986734
0.345638632686237	1.02680997682782
-0.0118654080500805	0.0213680157560155
0.139358111574811	0.255922049945633
0.647136789267159	1.78653760319003
0.100348584461021	0.134070734124384
0.284078223317335	0.567318933574683
0.370330710504414	0.888536575216407
0.323478052586083	0.825818825959775
0.472430203887178	1.13395678779655
0.384891922001747	0.681216439533787
0.430604567027446	0.881128165612869
0.336697585293593	0.611988377882434
-0.33694270209206	0.693779753375735
0.110145935371005	0.116429827635314
0.262307702673111	0.453070678143614
0.0850470488162298	0.104003149005929
0.382924264814467	0.837143222319249
-0.0987358393409584	0.135592912150083
0.178578640597687	0.278393698577487
-0.165205601017592	0.227727403758747
0.467276093758829	1.0107243115072
-0.00663143119113411	0.00733675778927512
0.129039181777136	0.167644208607495
0.00993752765978317	0.0121160328655678
-0.425199837119075	0.689879265424382
0.229236140112157	0.362087034442834
-0.172398932416533	0.222353194922209
0.652068999457473	1.66958924959555
0.476182770638185	1.0900629530198
-0.0813993962403832	0.0919566178665315
-0.227376441445819	0.274040525602828
-0.173951884219794	0.150262024619659
0.259210832184287	0.251390860858185
0.183013027190155	0.153852934595488
-0.848552055406945	1.14987592681654
-0.0901933990668051	0.0613104304370139
-0.0951693542232819	0.098275662560124
-0.218503077174726	0.197930486724677
-0.0771793250669981	0.0740786581018763
-0.431346648039471	0.478929936534777
-0.314244483819751	0.363242896474371
-0.0974560109174897	0.0937848905948973
0.0148377568010177	0.0136442763612016
-0.192651883303032	0.188721585014804
-0.121236699969762	0.134364808621439
-0.0297958330125932	0.0170802209635385
0.333297207285381	0.237974956970806
0.298828315793053	0.625175947824153
-0.10559755653536	0.13087218736924
0.83336403663016	0.665462555259972
-0.916551570444566	0.991988980530234
-0.216535068346673	0.255450370670523
-0.00658165133104301	0.00492160274211132
-0.409855859752204	0.517607752585926
-0.0607459161712212	0.0615449741212288
-0.188807192093498	0.240857696093669
-0.0353171049584934	0.0336208881809196
-0.138775833457436	0.13075178390264
0.521720367000573	0.678825017050551
-0.0957143335142529	0.0944288329375134
0.723244963596552	1.05893890689233
0.492359898211555	0.700579673108996
-0.189559879643622	0.270175754909721
0.654967891728184	1.07552572345802
-0.356085764296314	0.455673447863838
-0.497445474026683	0.713036776243406
0.337872649649936	0.468451133608561
0.308502491453505	0.421630222376157
0.720938077395623	1.21319906646171
-0.709456666424258	1.1561574281252
0.769881384793676	1.33163832320086
-0.490804732416115	0.73711174278511
-0.202555518362059	0.266847869723611
0.246528994415185	0.295385888970408
0.450892779730508	0.583945941220452
-0.329183416969434	0.465472902155017
0.123391823560744	0.137942092110142
0.11664741790521	0.125085680141375
0.175975057932019	0.226445124938338
-0.00746798155042839	0.00784382850188176
0.499796702977781	0.620487522894045
-0.122910153426889	0.113473827016804
0.0640619656223411	0.0705972470577413
0.110314776395797	0.136755067237178
0.00156423769670127	0.00147005695716873
0.0154451503136857	0.0143352714859712
0.398732390534451	0.571885639314732
0.0809128041672578	0.540628539886765
-0.000473718183702133	0.00195998604780559
-0.122367936747232	0.663041755197021
0.246031657240569	0.968558982578502
0.733307907017605	4.50120203017287
0.115018910456362	0.273435294696966
0.397373337615375	1.30026797446811
0.335769803629014	0.874623419564607
0.2980194965947	0.653835629165342
0.168047682662526	0.30278494818694
0.330123286327313	0.8999614843124
0.0777647195919725	0.139425570033789
0.466365636420328	0.902943438333908
0.304180323545522	0.450765333581973
0.0375382286876926	0.0490661015090057
0.0540618951356368	0.0708705559104875
0.303976032955879	0.69345995229912
0.348883860580303	0.924223204670568
0.193821361259773	0.400257826927153
-0.061790975462205	0.110137593159513
0.181125033031746	0.33616071603931
0.43215636787245	0.78975672705476
0.763592034729329	1.82621811619266
0.330408640160221	0.477675923759479
0.450472197989532	1.06989462412209
0.0774358966119895	0.0718425290793805
0.154950635288505	0.169126193135618
-0.367376849422876	0.578127682074207
0.0240030747546123	0.0242078630153111
0.995889155182556	2.47909472879172
-0.329855392195758	0.454916461041126
0.235508756355601	0.354037243587528
0.177358425005063	0.344544159268453
-0.116034130960114	0.217207530938093
-0.378779646836021	0.747904139145454
-0.162406605953439	0.233087992674802
-0.501275034525015	0.970555232667192
-0.815165682145852	1.54937388400407
-0.31706342255293	0.468568342724831
-0.52803245050855	0.929762310027054
-0.0836537329932898	0.106257853401701
0.0762779971847793	0.0961830128967192
-0.122534753604757	0.168641226234043
0.208785446585956	0.324132050416144
-0.146140455613956	0.197659529954892
-0.668641813443318	1.2995874358601
0.014523300129544	0.0149668797475368
-0.00367328138495044	0.00353091346143192
0.0379227973798474	0.033736340902986
0.128223822590585	0.148059966932366
-0.332133759733185	0.351318989092302
0.273801981472771	0.444910000183252
0.476262996157495	0.752814366832026
0.269911207428144	0.370453154389567
0.432855287406586	1.10913867873597
-0.000287329916938842	0.00032477427947799
0.655561010605425	1.72279874669013
0.28877576683052	0.647749559338339
-0.0816982726158103	0.11282130424496
0.315214270957624	0.509061878040201
0.931361768351686	2.67469212792009
-0.290414506940826	0.498657067708066
0.287158621624214	0.502458987570044
-0.175009362673885	0.263706324602109
0.0327987173382305	0.0480932906197761
0.698905494008051	1.40655131853389
-0.134948333684405	0.124314118019907
0.044990414458847	0.0409882564030183
-0.161968094587769	0.161150803145254
1.02560507782145	1.91348526902691
0.0847119994510596	0.0812838320122027
0.148840409135121	0.159138300382737
0.175435373277946	0.225031694187415
-0.0551640001451534	0.0563649538321032
0.258916284701755	0.277262567677455
0.239741582021995	0.263541394224483
0.445543318527098	0.686981441046783
0.136068830502864	0.187241727114138
0.583627768520788	0.798457855065854
0.182887784642923	0.19856396160434
0.0417170162237583	0.0382114117853367
0.382973821220719	0.497985028552922
-0.327191999556714	0.373740039153375
-0.0727949112156882	0.0653625812342588
0.462288847600319	0.574417896945767
0.690377387586596	1.0044673294349
0.0488439351346937	0.0456658295699377
-0.300936413328122	0.317881494945903
0.106295204548104	0.111769151295626
-0.130505215370752	0.206192470006108
0.190783396133997	0.324355438960839
-0.311784184419103	0.554153735068433
-0.502428576180604	0.750692673017746
-0.199714117329083	0.255219326302586
0.126083141130963	0.140950950276778
0.254312721721693	0.298542836465744
-0.0619484874501596	0.390710824834962
-0.0760082656816548	0.401800648152275
0.25796136182383	0.712866874697254
0.214371711631453	0.9798961132067
0.42156671754701	1.81523094357397
0.17251365117408	0.424051070632798
0.478429064158225	1.85555322633628
0.775197864023961	3.5746770521255
0.382140872209291	1.13830667447212
0.592694895103196	2.00504819768789
0.233693126283004	0.486770389972223
0.359060225677774	0.80802135923456
0.609743418961922	1.01272106503368
0.474877254704229	0.679475537215717
0.56624761697273	0.859533171139614
0.644248763399123	1.20755344517106
0.168647426905622	0.335300610744203
0.0306114031818314	0.057578891838647
0.107531728820246	0.205694646547405
0.266944724257993	0.698806464894485
0.442877983340124	1.13899896573631
0.133458909866346	0.154470890274483
0.522920494982919	0.967000322956034
0.128989172021151	0.135475814174139
0.236830957461916	0.405102626532119
0.204113079344478	0.203422970817138
0.129990305145837	0.10941111920543
0.765585148114447	1.1696460531528
0.467183881235209	0.550602604369858
0.42738622326976	0.59502210580154
0.142722675773287	0.126448045003784
0.192739019341997	0.229479582299152
0.18225123150922	0.414186608235126
-0.130706018310589	0.300176415249783
-0.485816585038315	1.34882299143216
0.348657748518459	0.842837936792099
0.123932807572584	0.195757199874049
0.259991965636313	0.468832304016291
-0.288154023009641	0.51313336260018
-0.306369175919077	0.571966786586765
-0.0621445039322861	0.0873616170936534
-0.135908233066898	0.2268282883565
0.00200911152172294	0.00244409060538225
-0.079522013166378	0.110036889669451
0.167529803043338	0.260600044962477
0.327946068126092	0.520479039895222
0.203755990374773	0.267687972425974
0.0860610284259397	0.0955829368556811
0.162548210180801	0.201937311399869
-0.308463383953759	0.479886258360156
-0.0051717827977692	0.00395710475820774
0.144608359477711	0.239318617629441
0.460361130501963	0.964995735598454
0.191661720011091	0.355905049701808
0.0359378499487619	0.0523648371547042
0.297045976359474	0.520394885916851
0.166032426605408	0.281364910961571
0.235453963782167	0.46631563495264
0.0167439878024204	0.0239976758358305
-0.0225421779851931	0.0320488291286222
0.0340330528455797	0.0444906584435227
-0.035980129159625	0.0485482261055305
-0.743708874321277	2.32978891855232
-0.122833047506424	0.221258650243024
-0.413468027037078	0.934102516408851
0.0482494574510842	0.0856838598700673
0.255616321613709	0.259363487062152
0.346561184067881	0.331643235096097
0.318912481750414	0.34930265211645
0.945576732412342	1.49584668316263
0.480664179076899	0.6004043694744
-0.515520845581927	0.653326630393854
0.00612596345149629	0.00633830184281001
0.205637361797149	0.220668632773044
-0.212460712265961	0.204987927762779
0.199845944790586	0.186598908870165
0.511400014326827	0.915072900882116
-0.0644329195196217	0.0628741754161211
0.610160517084134	0.672576079394967
0.321133414425109	0.323806914408271
0.880590755656635	1.27718893162442
0.133064310358543	0.0975981945638216
0.849132074161105	1.23275404678274
-0.160933203420319	0.128033553086686
0.0515999462641034	0.037503196168623
0.114621233465853	0.0845641258937733
1.10838712823254	1.56288196046475
0.116695903159704	0.0875925749245997
-0.568806241869535	0.799378486263144
-0.467843823842267	1.40089417006756
0.0578072537977014	0.097616625545039
0.0252083636130914	0.0323297469438681
0.497298743183095	0.694112460832567
0.215925981883927	0.229613056891604
0.514453761658808	0.460389690864689
0.341816101817153	0.333445321351925
0.132885530062148	0.966005486503797
0.24024811609353	1.84751631636678
0.0744056640361402	0.284854958478053
0.10848461146105	0.403142594477623
0.0965875317665105	0.325884566016393
-0.0739971645467938	0.232526697593946
-0.0761619729844481	0.18070627472594
0.31652722350801	1.07100893049867
0.0825460565568406	0.19699493563244
0.177399769763083	0.443970568820066
0.653832095400534	2.49262486482384
0.337981712682709	0.824024977710752
-0.0253955493916985	0.0414592577632793
0.490775687204261	1.50570955434213
0.0350981287950446	0.0645169713538255
0.0396160582321627	0.0610461897533476
0.111240646866633	0.187254160716432
0.327273573556091	0.864101755588403
-0.100625040019839	0.169652659344929
-0.123551058653189	0.209216156016699
0.204077760634187	0.294060991325138
0.167200592474959	0.302962947252156
-0.476262293186824	1.08596946987294
-0.0527317436581952	0.0827543310232737
0.0439906003643515	0.0652771044348299
0.16108802496641	0.269976108568389
0.174150672783025	0.322014325071438
-0.247458318750175	0.507920943148529
0.181059175420127	0.312962052307147
-0.0925939993106279	0.152206550248792
0.381160880851503	0.984030760503948
-0.0227735199139295	0.0310888165173715
0.0962838646742148	0.146580757204602
-0.520928517094034	1.30951455833364
-0.0678989277827788	0.108007514453264
0.165559618190468	0.291129433634139
-0.313857209271051	0.478567365033021
0.310909000784411	0.428541901694417
0.0265523051057587	0.0259356731643179
-0.6449912433378	0.736861198076677
0.764359464679911	1.0801050975434
-0.253801994984403	0.283240197181468
0.136374849146875	0.124860498516667
0.147517932315018	0.153928087370904
0.643905561871894	0.82714856266718
0.0696558145745289	0.0694457613625174
-0.266777154623495	0.307233578699548
0.0867181809619573	0.0873013069311201
-0.298224353620421	0.345814931853922
-0.0424788398287516	0.0436588843833145
-0.516084184381655	0.836189080174018
0.0308303240665783	0.0285828945063483
-0.616013601704468	0.934802796263353
-0.110636099092373	0.103657969667628
-0.110013368635271	0.126773359551808
-0.24974617684862	0.351520340632878
0.0390654295979978	0.0452116596681415
0.210541660124813	0.140462258673062
-0.0280487898680174	0.0238287091737186
0.138250180315492	0.197212585660955
0.375478954160388	0.570801676950199
0.203072207454519	0.161254159576431
0.979983691282981	1.54079266152679
-0.347956915187076	0.506550587801844
-0.436837824287242	0.49261284511073
-0.191189935502998	0.212061321633434
-0.00749137720102233	0.00883782940689407
0.208540540390332	0.284595758844231
-0.204650685816959	0.284712768352077
-0.549493282078925	0.851856809304714
0.765552384179063	1.62787983305587
0.134036521975291	0.193883486663376
-0.289126433077033	0.444934601846339
0.370187809771311	0.66071612621093
-0.010274932083962	0.0120914455881216
0.0402764789794465	0.0498312585031064
0.048102219835123	0.0612474654008926
-0.0588533441296266	0.0719385670049719
0.521566396173454	1.11842857276261
-0.486211150978662	0.997680014530945
0.275141514163707	0.407692903056887
0.0906944848587539	0.124424080416803
-0.696401920203719	1.77534780912037
-0.181874064542223	0.294037620961966
0.325628761942066	0.559699053582181
0.214942838941381	0.33063803099742
0.448885091672387	0.809080902649644
-0.0332888788963702	0.0363027249276227
0.178337877038513	0.252932124207382
0.0714567099500949	0.0950019476867092
0.0541361578139762	0.0651479623330594
0.167087905597597	0.239895823171682
-0.0150322829706302	0.0193794583464382
0.497136496507841	0.968923701160954
0.0435579918072337	0.230904273076546
0.0216730673841919	0.0892504660351445
-0.102581798071479	0.479683501526964
-0.127841402675765	0.569459574929309
-0.0652657592788164	0.226905296701969
0.0201270142798682	0.0339916822524998
0.377946193662906	1.22973178361999
0.0417738853983017	0.0926388506675539
0.105975607800554	0.216179766418455
0.143923518122271	0.307445384151168
0.0906618134052908	0.163277600266842
0.257843879589638	0.665097157723264
0.130732839373116	0.269994666518564
-0.0514811497208201	0.102257165282461
-0.0731230926352763	0.163318128726262
-0.02896075833437	0.0555010066265711
-0.116137841565859	0.263432112200292
0.0826845428089951	0.187090302006762
-0.194455662186723	0.383352593551714
0.19650915594433	0.185549137626802
0.074455070060146	0.0902853487788387
-0.451094650449814	0.768699802701201
-0.175352298385908	0.281172541017404
0.193539505917655	0.43631761520957
-0.320888076586518	0.79512382131322
0.148751680045945	0.322108672325455
0.0750037836991116	0.130738727434379
0.35059824737694	0.951342427344331
0.123326456493327	0.252217404919015
0.0746002297072304	0.139657313248678
-0.218837959042115	0.497376243247676
-0.0601027206961284	0.104457037565204
0.0568427421813477	0.102949525268435
-0.0481255864166357	0.0885824600522622
-0.0479147850146384	0.0645974106748359
-0.843914896096852	1.31447566795227
0.00573310503966504	0.00445903772592189
0.528215131769597	0.450148218427843
-1.27244352296704	1.2465727925925
0.240937247692287	0.123896606393004
-0.263693153070884	0.20896533925575
0.770889665776884	0.535768691647365
0.612007351550219	0.724852802173233
-1.31253856811446	0.972719245682192
-0.0799116610058219	0.070519437716541
-0.586537179373566	0.539598096516222
-0.51979702751259	0.540693963616214
0.28303151207276	0.260209706743498
0.0731348283705491	0.0612938947099954
0.246843367253541	0.273917196700379
-0.276065953420989	0.259021327670112
-0.0733665640390208	0.0583822836557818
0.0723924017196676	0.0820178556578776
0.0570411110709118	0.0754359801855364
0.0433965364275236	0.052824341472436
0.442907157786834	0.893174764865052
-0.0912068496188469	0.124558696977846
-0.0214423208536953	0.0274023046416885
1.24925865504213	0.549810217976804
0.571086539170132	1.08745161236135
0.554477988543874	0.837631723883029
0.920421525685786	1.19387721660043
0.31886549773834	0.251922565925616
0.309277848504563	0.50708710520908
0.524527208358084	1.4458138295929
0.00981530207090929	0.0131981334128147
0.555398735082433	0.54116702395856
1.3183156438452	0.948200330058654
1.16176516837811	0.761586941175745
0.0325808591654677	0.0233126383643794
-0.885339080175423	0.593898080969548
0.911587296314242	0.697400369650117
0.097083142036322	0.0914709217647884
0.490411243374531	1.26969111122674
-0.133956491063588	0.212458303282439
0.111692949686411	0.171859199322621
-0.142934012256794	0.225455728702231
-0.157294832630356	0.247278152796053
0.152221959972393	0.221050355893281
0.118744090903674	0.202722827507974
-0.169362549376627	0.320770737220597
-0.13846575263036	0.238926752063419
-0.274793359419672	0.518459556415694
-0.359370396499287	0.705937443141107
-0.226575239776406	0.468320258434647
-0.0713303469765913	0.11084154303072
-0.297005115436698	0.684706914627696
-0.391972794297285	1.0304443272502
-0.0889897905148435	0.146770084936379
0.0664486110722733	0.100424799540602
0.257341414144953	0.546493569575414
0.253628410265851	0.484834368262734
0.0171390549420496	0.0828571805065289
-0.0528925655508038	0.25224331249888
-0.130408246448702	0.677660194636809
-0.0707672148700342	0.261992024690166
-0.0331220788675345	0.0629942498242997
0.15307611953268	0.368063037265212
0.470104744150102	2.2690666126012
0.396864803939192	1.31756908822334
0.00312914138098292	0.00558481695935857
0.0675558540663239	0.131203196865932
0.377060919171786	1.17672217609571
0.0221356115348429	0.0392243904370626
-0.0652752083570601	0.143634368150922
0.0299586792052958	0.0636748963252909
0.327211822764761	1.15002641959243
0.178879045620702	0.457915218855714
0.136389209338052	0.358612774924534
-0.134380010642657	0.250024526961688
0.891440035701701	1.18964047855163
0.0943484708840345	0.122687458366554
-0.479449181176659	0.774144922075729
-0.0252435598371409	0.036783075451849
0.0916745889562326	0.189161520827508
-0.470746151480857	1.63442296739686
-0.0366514820322414	0.0683027186040978
-0.256678023265349	0.590191310913085
-0.255872785596395	0.670280869455236
-0.0368539849459997	0.071588724539746
0.118178957831402	0.245416624727218
0.0234058976662023	0.0432134460259919
-0.16719672552777	0.411297192121824
-0.314651395185452	0.83344559821957
0.085585088750338	0.169989714602422
0.0569809362233844	0.0742465081942344
-0.279227019996286	0.268284484447096
-0.0147487919415325	0.0109809987767387
0.48795016014078	0.343435888216853
0.564585918693965	0.373976736821692
-0.107311963458798	0.0509211401038064
0.873880450391696	0.992123161029404
0.315608275972267	0.128708815846802
0.0240144508729823	0.0202645911679979
0.065691052576412	0.0322589215952191
-0.604282440911669	0.849749516200468
1.3654776489178	1.41604867044149
0.042158555849388	0.0319433154404471
0.430349136334348	0.590322871309477
0.0894831755971826	0.0992533370495132
0.0986023009609153	0.139392466986116
0.499980584488847	1.05699311514997
0.159989405985703	0.236514000930033
0.281893974219415	0.486204584513709
0.023925520452946	0.0310704843949164
-0.375671759612144	0.743268094982047
1.15218021170893	0.705256274866387
0.309584567970301	0.444051696131014
0.129957091770922	0.124750823208789
0.862610800898934	1.04360288995194
0.0865380328919316	0.0545675606159853
0.00779267983479244	0.00939382371711669
0.266490375404605	0.53048879743353
0.0993046780729315	0.183631921796065
0.197026461461696	0.359899983234337
0.594995945671926	0.649146800416013
-0.234799858617787	0.0880391136107577
1.01112130692164	0.578482315788659
0.372654992739861	0.349327907873994
1.57328812238645	1.32257512666988
-0.08952867287151	0.0611640487054639
0.330927667203765	0.344705409007419
-0.0368772730456133	0.052791309610915
-0.0585712970785257	0.0897902991266774
0.341382869622993	0.782343372800821
0.186964051021071	0.362875519665928
0.193214860413907	0.350982341551302
0.0651918745888591	0.109908314814317
0.00424634769769113	0.00651178562880753
0.0458128151109578	0.0721132433179163
0.0511728544989821	0.0740669248288497
-0.452555799835673	1.02973787335986
-0.228428167964268	0.458757538494129
0.0663804764227001	0.109973786258466
-0.287171359191952	0.688036040596309
-0.246581163940545	0.572427190313288
-0.27324321676774	0.620474706597415
-0.394957005562166	1.07339436731587
0.0616432667393019	0.104823567451099
0.165766689274048	0.331307522666803
-0.0629484069416657	0.36507924674059
-0.0644231439755291	0.300825831980754
-0.0650306842898936	0.267847334076284
-0.140779710684088	0.366060547452408
0.456443955877235	1.82562005764554
0.311959431507588	1.37989445629135
0.586138199329614	2.4916855433665
0.0464852401606251	0.0955277990692146
0.586184255266009	2.45140746429202
0.412876772376124	1.35369305367277
0.0754096366696612	0.153894194765931
0.196308096173181	0.604786651562669
-0.286658486367201	0.963038120213331
0.230822143787619	0.69491579395167
0.0629830710715204	0.140011572310996
-0.0377177602153695	0.077519838154262
-0.368549022592309	0.935122325152693
1.03092628633183	1.38472798386575
-0.28606583653826	0.44788545576332
0.0251142549123346	0.0259063899170248
-0.0783138447521072	0.123040103126951
-0.04127886589844	0.0731236795034894
0.344428754651382	1.0397981775815
-0.213113558809644	0.512533606421725
0.0570992754652485	0.0964266259768337
-0.00876111355151448	0.0150227140009308
-0.0482538621711147	0.0929142884927298
-0.0532911640678175	0.0976259141154787
0.118203619382859	0.24897947950431
-0.230095713272575	0.582325652410261
0.109089922682648	0.222740960844834
0.0347763278153464	0.0628804267940932
-0.546905742604395	1.01367156921893
-0.684966609209864	0.762986576987033
0.137620783808051	0.117542865024313
0.389281714418963	0.34786444457718
-0.891943028508958	0.747181093964716
0.629165589715007	0.39046776638375
1.24090567151872	1.25431606131786
0.0769678699532224	0.0401334290742156
0.485813945423146	0.524993512590041
0.361259983903203	0.246687532974449
-1.088554594009	1.47893008721473
-0.267267469163725	0.214207096036827
-0.933992694390719	0.997402498732217
-0.531459415363178	0.687098250289633
-0.0377871545268018	0.045184533819392
0.214640805689871	0.316534334832323
-0.0935306301053501	0.114734747356936
0.0950436974464709	0.117184554358455
0.336554424556767	0.621134324148684
0.0982797516608012	0.133585603843097
0.721934400939336	1.24867546542351
0.153600968909461	0.157867716719286
1.70328987717868	2.20259534123513
1.00344646719516	0.673466102316199
1.07441559986278	2.90274545216803
-0.193950058358173	0.117239944136222
0.412803203143943	0.820899086796657
-0.18836372547517	0.354284672826511
-0.0392815017532264	0.0598803396000589
0.111174129378549	0.165065745866927
0.52811391194728	0.444529470712531
1.70541056639627	0.88392740304097
0.302905021171532	0.132219260579084
1.15602366607853	1.42020130882068
0.213158708895123	0.140443868516915
0.452712595263264	0.430815372083577
0.00309255178638666	0.00251223120982682
0.028168699072323	0.042930364076488
0.163736400138751	0.286881519831668
0.245848354921369	0.447430778034107
-0.0951635952104922	0.154481962319194
0.00902821725344268	0.0123274931340931
0.193290509584352	0.353031078174156
0.110011067749226	0.174301394260785
0.124278736869203	0.217514309158051
0.0312178340602836	0.0506301754825295
-0.241755437892556	0.486912904297151
0.160722717838828	0.265208925911573
-0.251361015834697	0.456575151600793
-0.0185702967912281	0.0282576828034506
-0.0264508395240639	0.0403412607683341
-0.0550311719412889	0.0892029946792176
0.129597882920214	0.254371221558218
-0.333798082550877	0.825018876117139
0.188293543701123	0.348821366833816
0.226824604619866	0.507177967396788
0.438215248485924	0.672681150398654
0.282409299221251	0.324966460325374
-0.0491746960798957	0.26174285931491
-0.0175900630697176	0.0702828566292641
0.0108989076898142	0.0237696107826526
0.35956625111841	1.39852891366539
0.139693741203051	0.460235851055243
0.217453770630479	0.66304589380747
0.333357431470151	1.16516261050411
0.308887109457805	0.935562023553173
0.44889058481145	1.76257602837909
0.506836006683208	1.99716734828908
0.137253935506692	0.387002539326967
0.113753602389442	0.294556672501041
0.158806696404799	0.423820950010994
0.010948032813133	0.0236842123551734
-0.0886648828218328	0.213721552333261
0.0533516968674859	0.090731898314739
0.0354041291019402	0.0252030107732883
0.125485487345021	0.166476143270684
0.441616290507248	0.725274303426732
0.443223436670246	1.14165263235258
0.231220935885439	0.605612560950635
0.182714987678693	0.44336742884277
-0.0321753577074158	0.0601494296652153
-0.124401796633632	0.247790084442183
-0.066305399037218	0.130637204883173
-0.134993453933592	0.304167719333949
0.0724328245088088	0.148245374841721
-0.199852950551108	0.494562232963013
0.150318220537982	0.360506540366375
-0.0695197879702958	0.131688136169933
-0.240645476977926	0.655895477675285
-0.086507505676168	0.1196376083608
-0.135020288276806	0.116253805772622
0.417018005308921	0.429920412755895
0.628413163246662	0.584997101890094
0.833687458950702	0.938856631673565
-1.31596105356778	1.00947476733396
-0.0424929829602974	0.0283616651542758
-0.109291342268381	0.0530091784593346
0.613372041727843	0.723927157027458
-0.0564106194755651	0.0314571699877937
-0.0432260516412733	0.0303619510907848
0.198750632289896	0.163894745046806
0.208256462390061	0.1691785544521
-0.376104270959514	0.360201088963316
-0.745123627562324	0.916320781982583
-0.06031161721935	0.0557326470049896
-0.605747149432439	0.81637974602614
-0.0296960112961944	0.0219105548838171
-0.12417466267057	0.0607105165740687
-0.0915739394975412	0.04841265479823
-0.173946930991561	0.121855397241079
0.0540965986769057	0.0611016124317094
-0.0214442757684861	0.0257642904244392
0.461591532973394	0.936840974526458
0.523814853565845	1.10662120925091
-0.0951582622511825	0.120662691044829
0.11486938108662	0.165159820203515
0.177203621009193	0.26993507657594
0.421908498974822	0.883249416792893
0.756564286799371	1.54994584883727
0.548739151473532	0.737412001723139
-0.135550977267804	0.0995667804965186
1.67794743459606	1.24766155791886
0.471718202236313	0.327918699919986
0.346159724087031	0.662549760435134
-0.251854675353731	0.500878820715468
-0.389690941135123	1.1655023378825
0.256069334929395	0.483720494214595
0.198362601519421	0.173487464775107
-0.112329133941203	0.0551359860502703
-0.571923402600711	0.311030731977033
0.0332188833602315	0.0242688320387636
0.0737508240337852	0.113768500313005
-0.0458699117235345	0.0628312968787091
0.188097296639475	0.341865249755395
0.482301491174416	1.29200296912583
-0.544041654050476	1.54426202245015
-0.0477992164168443	0.0656019595773469
-0.113095345283566	0.19086582827304
0.243256542490837	0.541464483906858
0.323087079401382	0.754932326409467
-0.337655378245223	0.669139525794259
-0.350238417216926	0.747476896807715
0.270992566814376	0.586198405121335
-0.353910004174727	0.816545798225859
-0.293016961950524	0.705742926511303
0.0795719522105085	0.13360097019528
-0.119262984180207	0.226324075236926
-0.238889128762449	0.498445350327584
0.0591809438923906	0.0999742675251891
0.0529164607963527	0.0470030642791537
0.0341324947868814	0.0332119282115064
0.0109051042425873	0.012729747695504
0.0559486027670518	0.299929439210982
0.157205128780406	0.839981322082591
0.419413373840633	2.28760626709454
0.0973892916859155	0.345447483317851
0.0255511297023977	0.061528559704785
0.199324413312143	0.617415862326075
0.0985322011409992	0.220766717384696
0.333012032769304	1.20449189136397
0.0658251064201034	0.144085248619741
0.101389161742827	0.279040978218472
0.230060859579943	0.757254152183641
0.0723192763318156	0.168291167670574
0.0528407160651526	0.114636068708321
0.071175646163748	0.162284655297761
-0.299013267994494	0.818664963979481
0.668089088088886	1.30920100419876
0.0453589957071528	0.0668742878769777
-0.243086736299065	0.390911579059283
0.102813323997156	0.186018078275624
0.16566547564806	0.383866042900805
-0.0404668967083103	0.0740234643532834
0.0139897019535502	0.0250883241670563
0.0765302822622922	0.146954829336982
0.0945034251911595	0.190987262762592
0.112820583454385	0.240107088669121
-0.172190864402927	0.383182537117455
-0.0348080354187781	0.0606669687701599
-0.455800747018834	1.48303248070684
-0.196929992784632	0.483957837603397
-0.0281244829266205	0.051581694001756
0.0618606245419627	0.0962075649075321
-1.08128820144249	2.13329237887497
0.259691182265315	0.268967523446328
0.836088550469187	0.935129131607034
-0.0501110459639836	0.0351106033344517
0.607959779793714	0.585601534340812
-0.213196003787246	0.171135282481917
0.407553271053672	0.239648221542365
-0.378983138791152	0.39927086260004
1.69934054359372	2.18262842793902
-0.618408446993692	0.797999245957655
-0.965326547105638	1.29994645904997
0.47546742226551	0.49854638429133
0.25475169844387	0.251161352399399
0.199577733798834	0.192738648702724
-0.461853741490151	0.684135241062824
0.0662943177240616	0.0642553549837031
-0.0829794095381389	0.083154437650925
-0.0747684183751365	0.0589241257714198
-0.195348486827212	0.17876052488972
0.0999125479864703	0.0632972679784791
0.299698207417034	0.247094781756731
-0.100741779543437	0.0776454257653344
-0.100385607301756	0.0964479372845435
0.04622838108993	0.0571376263915439
0.147056928532895	0.191876209449771
-0.245321614317127	0.39607735483334
0.0642497846833353	0.0821151719391161
-0.172618325759942	0.258693266059295
0.0840638765871539	0.118575673824005
0.00843433983879079	0.0105372636929242
2.66912661614499	2.69105719892002
0.973411758363527	0.449790569090372
0.310741918153074	0.481565096492802
1.0509737847836	2.01237725173098
0.466658776698734	0.492966656759658
0.531561568387505	0.439460445291793
0.954916647806549	1.10640213337381
0.124099831730819	0.0926658412870287
-0.394241576895373	0.857360573786228
-0.410449342215121	1.12932946839002
0.263451213150495	0.585948911104404
0.175518463870412	0.321657189992826
0.769093536452254	1.22223324358331
1.67872231211839	1.22029374527471
0.304833631245891	0.252448438865398
0.509742738187501	0.687673140072923
0.356329500470962	0.247332968872858
0.280047792726185	0.540252683015259
-0.441035923763782	1.03611763280049
0.0650107514604303	0.0889352578436257
0.268267302763211	0.437296013567915
0.211642961993478	0.375875766060798
0.315668528540716	0.679455277424951
0.178815521955264	0.309608488227574
0.197431171882864	0.374459549447531
-0.155488769907351	0.279926257345842
-0.0376177219730203	0.056972801085637
-0.476588955649174	1.07008692271522
0.179174992519095	0.32109008445564
-0.353027601504436	0.83817907831973
-0.276689499734162	0.543242601405554
0.349348427669866	0.749641157405266
-0.339618411508035	0.765759704319095
-0.107929947109623	0.200681107173471
-0.0693286330980325	0.105310833814307
-0.193640195918976	0.338897083834215
0.038353522610456	0.0555673275967035
0.125408891713933	0.197474255825683
-0.497279656010464	0.835042937691903
-0.0840164419987064	0.0925517773891235
0.137224015301543	1.13956217712027
-0.0788638025788904	0.452330817843875
-0.670907637512341	7.07003635932763
-0.754000763944112	8.75559282670071
-0.0579316223924189	0.173898889589551
0.000183208179353757	0.000394420481760446
-0.0227897841940093	0.0496531326916201
-0.113974300429039	0.329681223888689
-0.598691696822066	2.48410816594344
-0.50163005817178	1.16854540879313
0.665133933684143	1.58605072145322
0.148560670761008	0.20422113949083
-0.0400357622468545	0.110723977007222
-0.394502176102821	1.56450098721162
-0.250221511022162	0.836799789584484
-0.183181413764759	0.422561174598023
0.20804179019544	0.245716883014797
-0.0255991979724023	0.0295418388586723
0.522253051379805	0.778148004277158
0.153066304525594	0.282417499235468
-0.0448588203947122	0.0456772051581151
-0.46857358589983	0.616617816806417
-0.538332861782749	0.853214651310674
0.453851076853322	0.569361936254957
-0.203875997064905	0.226257898035556
0.149045172980328	0.161422052833999
-0.0112664567890031	0.0127147379773568
-0.157277457743775	0.43818679892867
-0.403750620804931	1.68201715167469
-0.814001177582644	2.79529004284245
0.0299715563680354	0.0503288752759675
-0.142352186614214	0.273543946267913
-0.0354245361442289	0.0539993853358707
0.0819346515015453	0.124456949283558
0.243031547010888	0.534141609484058
-0.0585528274480307	0.0856380960904574
0.130266421050729	0.255504814835824
-0.0439562037017698	0.0661179574414049
0.28234013494775	0.562194518813617
0.0113436965655415	0.0151848027364537
0.527808573078428	1.11538898006381
0.720966053288159	1.47581587873774
-0.0711927358267866	0.0752282331949752
-0.387678484918206	0.512962405019721
-0.161507543558265	0.176613439366675
0.0659002120405048	0.0729143661153786
0.0478203764483765	0.0556680312132893
-0.094895902491032	0.142263416028169
-0.016089045530231	0.0182463533197486
-0.0979964852160629	0.117267900815746
-0.358231515434596	0.489982932946868
-0.279880891964373	0.452485135980454
-0.420815026941363	0.523972621959282
0.643413471608907	1.08022821477143
0.292991527542563	0.250698208832509
0.0928253990412233	0.0896902500883537
0.354871337021699	0.343249490133432
-0.708787635972842	0.937381373298409
-0.0391981074235145	0.0279797289384414
0.693781633350312	1.2500528726381
0.994343327259736	1.53803184595108
0.202967076490422	0.519250042225276
0.45264430391349	1.30756265676144
0.510812350193016	1.44743637268821
0.245716493376319	0.522703022914561
0.450512346659676	1.37587901161343
-0.102174258171161	0.125980321699543
0.0779183558249446	0.0985351588240424
0.176653264212709	0.289710379909804
0.142665439925054	0.258976268787389
0.349660135214025	0.845226033164308
0.0973375198826932	0.0913860197757059
0.496698579570355	0.605586089272874
0.217584014859505	0.636675676568976
-0.188457950308895	0.371154782584566
-0.26475723132517	0.348901429993791
0.244764796258856	0.267010007841583
-0.180818665972635	0.342658699661779
0.0258354090481033	0.0455489955250598
0.136810965488505	0.273610557554756
-0.0150809029121362	0.0239196300238605
0.202173042061038	0.185644952445995
0.275915914463247	0.264422387715089
0.273381889342356	0.251766567307461
-0.447763025524004	0.465067984221426
0.062854930135109	0.0502059849147981
0.657480897730537	0.655027934838994
0.216866423986898	0.293041765369033
-0.630212019307781	0.841330345232893
0.0857402785985405	0.0755038007513616
-0.500637567680472	0.610610589507262
0.282280601906676	0.368920816280784
-0.655437106072735	1.35102672883744
-1.33140392376646	2.11438477281158
0.387751302123312	0.34420541104923
-0.606947271479759	0.613080514721285
0.117330912741923	0.0920397210735432
-0.907527901902287	1.17735492773667
-0.628091833857454	0.707560594130021
0.0299235355930572	0.0212338466110628
0.262631915531557	0.236084445946617
0.284659534134986	0.255513849249903
0.0432740411134594	0.037508675063194
-0.0378786532802551	0.0705414728823436
-0.0182668312456117	0.0331640528292578
-0.0727030170634821	0.466020575773829
-0.343197545959062	3.53732525033871
-0.40675448569721	4.22725487665144
0.344304108666392	2.41198216185798
0.389336254994949	2.4548401435135
0.486750259749698	3.22198033734646
0.248829451938654	1.2286750503227
-0.423359721088553	2.67042510190235
0.603742172456323	2.49224995553117
0.606594606757513	2.39500818342408
0.554448768971043	1.91129458467829
0.230102293270926	0.590212148703734
-0.0824346877089495	0.226263451980342
-0.0351099753539439	0.0738030957611973
0.107636955532536	0.255598587601474
-0.00854378037209147	0.0138564337811728
-0.0528471028072793	0.076682620823664
-0.0410900851202941	0.0582456004298714
-0.0841782544506249	0.12269790035498
0.572905168488751	1.95319796647481
-0.0461834800091199	0.0607203823537627
0.779039487658989	2.05126009545358
-0.0502016035710706	0.0693851180128991
0.639056681526819	1.34256095778061
-0.599510479721558	1.25219707731041
0.731481439837612	1.84890337441805
-0.039206035800346	0.0534086353165533
0.326924745960826	1.00534660086243
-0.164581651233364	0.396743351592134
-0.377122983414161	0.82619264227181
-0.00282642088222655	0.00411952246757208
-0.0700258844891641	0.0946332153482253
0.0211980424416286	0.0295071561499043
-0.295448842708769	0.54610830940004
0.0828122853246374	0.118427291005599
0.160843463231343	0.246445090278457
-0.0298021947436215	0.0441743566532924
-0.122791114334105	0.165199860748682
0.518301312589852	0.975298076780781
0.261510261255114	0.430383773957358
0.085032035567604	0.0935119095070841
-0.505905604552381	0.93932761826608
-0.084032593542463	0.0817497345112895
-0.497171268643231	0.794933439299988
0.168931109903633	0.1792913510181
-0.227416744840392	0.219688113055368
-0.0571163321321843	0.0533891263430139
-0.553810755240541	0.752269750364013
0.25717555303028	0.282630769014413
0.0532933060234242	0.0489310218986407
0.168280246649379	0.192070797883344
0.816316335783249	1.69166065599518
0.100374971883584	0.12187187648684
0.11976389320652	0.127695639018129
0.553167695847962	0.993241878961672
0.554440549901498	1.05162752182888
0.252093623929267	0.540482586821093
-0.0850192431857995	0.119780630763573
0.36109648959967	0.945456830643692
0.0487140442647925	0.0746548443937083
0.268194101327154	0.534738696708156
0.25320592128635	0.464533603994583
0.284640311255189	0.505550694200244
-0.100581868671137	0.157802971580482
0.222512454896449	0.374210554348567
0.585011126603677	1.2743263591548
0.667146323607065	1.90808771378285
0.330172906321286	0.687321268010339
0.135166335771347	0.225390642955862
0.0559329298346341	0.0541237622965855
0.215712996374838	0.286318125118305
0.406721465650501	0.520471725269117
0.210872494658323	0.219731649502304
0.0603197337033976	0.0665617441512071
0.0685342611724611	0.122280533864263
0.179915351493212	0.318928059163006
-0.141027056357012	0.187747777040492
-0.537502246028132	1.03386477032352
0.262742701421351	0.529534890452597
0.161444830500224	0.303687116960854
0.229837116146998	0.483953480580255
-0.0809684898339611	0.12594031275576
0.0765642497453852	0.0868818076791227
0.338492766923305	0.397466899282794
0.479410571729381	0.623430595911299
-0.34202924740658	0.369721137787468
-0.487189128637722	0.574254319447792
0.327088327284308	0.364756977659161
0.313880707582551	0.36067357884328
-0.0884221970902164	0.105505772700296
0.490672666328076	0.838500975527221
0.115114890361896	0.130775070650878
0.0259023311081068	0.0253809773115271
-0.369172232774057	0.560619086821425
-0.190026666196549	0.240621055502433
0.495300319220065	0.735408651515392
0.238411567032216	0.264373736354077
-0.364620663825103	0.435228384787591
0.170519342840611	0.202099996351306
0.365381958196621	0.440925088907919
0.336207964547536	0.394581870985201
0.381110898297731	0.49767056886716
-0.289926691212351	0.350657156366407
0.135397223606624	0.127728525209315
0.291929242822994	0.373358337626701
0.283758247744091	0.36644682112531
-0.00851369660143078	0.0132200599953685
0.221308169956857	0.48477250253182
0.382395826654294	0.751520911371035
-0.00273329011192665	0.00282853918417916
-0.0309674404395853	0.157663145555434
-0.0470510949065658	0.224359638256736
0.447312239212266	4.24046166343328
0.700531697505048	7.25050390933849
0.416564748256506	3.28992089772889
0.121627730965909	0.515765245256681
-0.0746146885296464	0.279425305299588
0.294842235851835	1.10127397501616
0.419106148217707	1.58301931487061
0.233429057545243	0.708238780888621
0.278766062536521	0.914549897200526
-0.252934877687994	0.627048219592159
-0.124657504647011	0.2820846118932
0.00858261006926262	0.0149339901043252
-0.245039932793835	0.60989586337457
0.136738714318127	0.294216889925899
-0.0427940227886603	0.0710298729957305
0.188340896353288	0.408754170340764
-0.00910731526725388	0.0154140220312644
0.0651618042749423	0.104557547124666
0.0536843012400035	0.0821684549563709
0.211349383382408	0.430792543226964
0.15866527029424	0.301692284771028
-0.305193923500327	0.673717606365658
-0.128643219751748	0.209427960013023
-0.166881626970856	0.324961443513849
-0.0721889796400384	0.1315954710323
-0.596409273745696	1.71845407711001
-0.075873183599828	0.103858560077341
0.378820159319203	0.650670759430513
0.199227660744294	0.250353009867331
-0.527478021976701	0.815862355127017
-0.435911305702455	0.641733979806199
0.212686772907478	0.226753692712444
0.0907095913503428	0.113829276663669
-0.190423735122306	0.218850492784238
-0.534269275177815	0.92343990666725
-0.0707178375205782	0.0616556318486803
-0.0288539104906224	0.0293017461101628
0.521302332418434	0.822458809756987
-0.35588524954561	0.399158677663526
0.0714223134536659	0.0734467405865922
-0.0552772165632478	0.0509036270455217
0.00800074934975712	0.00883046749673597
0.722212182902678	1.31909901411933
0.650541227467181	1.14422772299651
-0.0297076547930398	0.0299267632768295
0.214145948529749	0.287260132085822
-0.101922277578564	0.121055678192677
0.186726630952136	0.277864798450266
0.107241676933198	0.141842023187769
0.584764243535217	1.29286475606913
0.288611190198206	0.505818551505857
-0.245239551210881	0.406571939013723
0.219136000638877	0.313691234994094
0.0793846655549809	0.112486331453186
0.00851308905897539	0.0108887095679998
-0.0139373786516502	0.0182335348479966
0.0192389308408617	0.0260005729057009
-0.010484844143041	0.0135980610190013
0.191757589058718	0.197984031738756
-0.315341305253243	0.26687119799457
0.314824790900065	0.33080751704699
0.200705727846491	0.250822271331128
-0.122008451599336	0.178169544883951
0.0333454549054596	0.0443227053578175
0.298284890978714	0.445803506874861
0.144176950104723	0.14489247364584
0.417610099266581	0.571761679530389
-0.0213150910771589	0.0246162726791746
-0.0269566049589442	0.0328223956732493
0.502248797752663	1.08782042697736
0.62103686207908	1.56003223275705
0.389855266634309	0.661922540572373
0.0998459190912467	0.123109319783373
-0.107786320090987	0.175840537551597
-0.118629400204875	0.18928620866053
-0.365665889376992	0.7443762262871
-0.136430400583285	0.244472522327643
-0.255976150629365	0.442771468313046
-1.0148763196488	1.72080570490787
0.632585550872737	0.892307821827207
0.159285664557721	0.226862884649457
0.135830091056653	0.205951702252479
-0.106427529538556	0.139433148635152
0.154732167558234	0.204182327684838
0.463575411988149	0.881154322956922
0.0894155505960161	0.100204273389699
-0.447163376356156	0.791814163870916
-0.0473797965976559	0.0547004555394211
0.136378196846278	0.177222925144671
-0.713040794670945	1.70828785143004
-0.110449012740167	0.154746895401118
-0.219351714947295	0.351389383118526
-0.287628853591854	0.534986781949782
-0.459054196876839	1.05965610564064
-0.179273449617707	0.257766358905639
-0.032349064368393	0.0400419287622641
0.00299947144843235	0.0036478306107086
-0.113954953297305	0.160092088985421
-0.172149774542555	0.259215499733937
-0.220955003584853	0.337260973421647
0.0343982547512998	0.0419038929375549
0.417527970769502	0.873803988660643
-0.0553443406241151	0.0700776028211627
-0.029638676493286	0.0344360703416608
-0.209086082940052	0.317522745922876
-0.278761641974429	0.525854861928723
0.0810537007078194	0.113618226256825
-0.344762587193014	0.475250379141793
0.0959236897679214	0.124504097246313
0.122380566418366	0.170635297844639
0.131315804959339	0.17905172139896
0.271277292461657	0.481859945528745
0.0205803889808794	0.0997471727841388
0.13396815070331	0.861678620563061
0.0673309676981467	0.295139824980426
0.0423201659186609	0.165413622566738
-0.414685010139345	3.82448561458863
-0.484970584269972	3.89091166753649
0.422233249791926	1.76257370000126
0.273475885199308	0.770180758362394
0.255956635103299	0.696626384744545
0.106362510963136	0.23037821468461
-0.249107662522617	0.786413034288824
-0.605241591491589	2.91841150463824
-0.345100682577153	1.24801344629774
-0.215575460595241	0.535742590652399
0.163911366966424	0.286691758871994
0.113844339746221	0.185096726793192
0.0264070401423812	0.0378708158361928
0.282741019436893	0.720204415609658
0.146423389357924	0.224504953767302
-0.0234713577908483	0.0315282000384103
0.417544880219956	0.856451357186687
-0.360470634691143	0.7231700036137
0.224748229865001	0.377255673927522
-0.0793473704632358	0.0923726579613606
-0.120736935970916	0.194811345390265
-0.260213470004773	0.629363407096715
-0.572876175883259	1.7236989316543
-0.763487170916365	2.20505422008281
-0.0584306353646788	0.0780206808493774
0.223541948171334	0.286290842959424
-0.924157319879399	2.25560990860688
0.106841889937041	0.121596879126576
0.484161123687975	0.752469901509184
-0.000861375365447466	0.00114505200087674
0.484251775760112	0.921679295972327
-0.748025662238531	1.52029866572403
-0.235606775314648	0.292362753490992
-0.447027550639114	0.778602420296027
0.158606160953799	0.182678109443645
-0.672825158349599	0.969360540861985
-0.109460062119296	0.113928850941183
-0.0796667164952774	0.0766747089629887
0.0165907639375777	0.0156193480362537
-0.391366427306059	0.571041408819809
0.504572390949785	0.739335291313996
0.0937976017335581	0.0896420970093607
0.288588929435353	0.381425041191627
0.163968670595042	0.158469968580281
0.035272166608717	0.0313671765075768
0.427560096836262	0.576006775143249
0.288273041660505	0.364970673308265
0.253603951801534	0.305898235642241
0.470854579672588	0.851844111899607
0.316385594986913	0.50381759679209
-0.299653642268547	0.427229566796749
0.417639483420295	0.644913295860158
-0.0254105805426657	0.0287885209960334
0.263323698694779	0.474768837955631
0.0146849613137871	0.0211728014057278
-0.132122447042716	0.178738929131591
-0.267789546231551	0.502634950230533
0.139453043911435	0.200092275512883
0.397461408842062	0.660171516086481
-0.117368039574739	0.102643546635533
0.426087319770945	0.487211994850238
-0.133245962766748	0.146508906113139
-0.0903748564945832	0.114896888549828
0.375848479747518	0.635660564952992
-0.0419789363893168	0.0482114686536282
0.735665763618894	1.54517665956239
-0.359281963113212	0.54898386116164
0.150947896545297	0.203978047284039
0.103095062586442	0.137297399700512
0.252100922743095	0.339257054552821
0.024622482652646	0.0226081883254211
0.230760000799714	0.290947357771452
0.576119224875871	1.00884338193697
0.231095324973633	0.338733918085713
0.254548184571728	0.332826196395787
0.367706508615639	0.492178754435594
0.15446619728177	0.189936323269613
0.212401204397477	0.289045026091428
0.343014221410438	0.613288955642937
0.0457470510910757	0.066883451759875
0.00556841550093558	0.00691740249572109
-0.325830364176508	0.563193506277024
-0.594361983507577	1.82375973673983
0.467372899281964	1.06102041531366
0.313063968643766	0.461579397110518
0.185137396674247	0.251559059637033
0.347733270437297	0.608053664510119
0.0278917642801731	0.0293843068815419
-0.499988630931499	0.686480918512117
0.428871933700421	0.607172980967699
0.157759243576467	0.173900146060005
0.169992773399127	0.212969521801343
-0.408559647562787	0.610372196716197
0.0906993672362569	0.114002866724608
0.169235731099638	0.210545158774397
-0.202819229709526	0.242893880202561
-0.182913432819646	0.215222010162379
0.150452406750196	0.190228354671587
-0.423795903176122	0.857054072312037
-0.534833354918397	0.967171349752529
-0.239702799302453	0.300980134245107
-0.00257744915509629	0.00264980113392113
0.382543332190394	0.579829157915969
0.0818217521337604	0.0997749455042696
-0.184392001328357	0.235110272865987
-0.192530835970199	0.241025733554307
-0.0349328289874107	0.0383809622271185
-0.840601342976956	1.45631850376768
0.120192443028324	0.122014114427621
0.352096171864924	0.555341741814366
-0.199344094785292	0.373790994947751
-0.0903972940265369	0.132561683546836
0.0856375702879966	0.103208809679252
0.106298230709456	0.126539365572881
-0.0311147495603148	0.0313471684866599
0.53579857048085	0.863860820892403
-0.0130377002325333	0.0634211966709106
-0.182220781700327	1.46826740823948
-0.311555841848797	2.84842605868421
-0.362354994503541	3.15542812946452
-0.224815460569057	1.13815256468068
0.266046022445186	0.915746834762335
0.0258587273282256	0.0506207667508546
0.0387836325861267	0.085584420496609
-0.22864468952672	0.559512659615136
-0.102779903876228	0.20951551523765
-0.201442903903522	0.412472793580313
-0.123084408878068	0.224502457130194
-0.121974277297056	0.216344767399658
0.334362654427863	0.78327720803292
0.403809087700248	0.991198844563499
-0.107425686581994	0.16914651322555
0.0438646610894225	0.0608192975444935
0.446649454268346	1.04464636689539
0.114050047927208	0.175111857384874
-0.335953454641199	0.721314418597634
0.138873450594963	0.219799369554798
0.216440704602937	0.394098058025234
0.0304442162765479	0.0477008815650851
-0.210481403157263	0.455794203176403
-0.348020820508364	0.643822145445979
0.112362145045167	0.155710476647352
-0.399053219319274	0.6703673060172
0.291492297108437	0.467876646385724
0.263335120521981	0.380830473652228
-0.236464473458729	0.34649397251707
-0.201026895190567	0.280505933978993
0.493621770623157	0.981184525994722
0.283698488054957	0.367705041465397
-0.396144400224649	0.528466937447162
-0.638681655661613	0.909225729915909
-0.132688808533701	0.125955562930798
-0.0238074142139949	0.0218159804641236
-0.642210853567371	0.757708184897187
-0.373206737746576	0.473988082056183
-0.154500220796547	0.178637261055472
-0.0232141375053402	0.0216724137300724
-0.125740505841376	0.10949287247816
0.0306516263081848	0.0291915774451989
0.557741964801315	0.842183998332823
-0.102951548867255	0.108214580429039
-0.565215281713759	0.715933724635956
0.672557158734204	1.1097942647056
0.288681752860744	0.346096820411461
-0.27849119755718	0.325253344272853
-0.173910448202764	0.195072858669427
0.313957208942521	0.467121951281825
0.26858181553681	0.37686262595773
0.121699776621208	0.155066272927858
0.256558443070562	0.406539392604155
0.0618975644533892	0.0791822375354918
-0.0374849721461748	0.0454180182387266
0.0742829044733483	0.100269635688786
0.191027013033986	0.293701432281507
0.190045597084685	0.233694355378602
-0.282979347287146	0.41202415408714
-0.0505572043877817	0.0668648048085948
0.427952925260762	0.897905470246709
0.00149087413596723	0.00190613655741835
0.398539343855914	0.732239758777141
0.172571965870285	0.237450189387537
0.149659965926322	0.206539786929854
0.274762628448571	0.382700621836138
0.121728840180757	0.137088514794733
-0.338913326812058	0.513969403655185
0.351191203886648	0.624169164548349
0.54907806534269	1.24260095890577
-0.109326264401941	0.157210408031581
0.178199634563912	0.244995177836262
0.0580641055764444	0.0632680314421507
-0.130434597598484	0.148468478275659
0.552156479825981	1.03265049995114
-0.0211364848255405	0.0236128716147557
0.399854151069087	0.720638753788217
-0.338147127245793	0.535472257821186
0.0366531355772212	0.0404842391089501
0.568747748123177	1.11229068722143
0.387254419710016	0.656703874374182
0.343716335403564	0.599651271887598
-0.131433136548217	0.210515833354136
0.413748826394019	0.82346016531279
0.481366153888858	0.888211280518242
-0.0747389724517457	0.0902296203222109
-0.323918930685442	0.608825443916188
-0.0206666774318483	0.0291237363386802
-0.164682665593874	0.243658084719369
-0.0738489893221665	0.102762855167228
0.0431230343259049	0.0574028472331901
0.0609689663360337	0.0691026413782191
0.228410345058361	0.29089668003723
-0.265508145442777	0.28901294991351
0.0568565724528554	0.0592914721619669
-0.133631693766288	0.170664494832981
0.477516486031047	0.805194699432881
-0.191288053120062	0.249439236682101
0.480147803957004	0.824003950831536
0.670768768997464	1.39982857580803
-0.137792600189679	0.171014381676511
0.286635017973585	0.408541406313058
0.359160023288598	0.620992545552492
-0.143577347644058	0.188256232480805
0.196287899950126	0.27427562901296
-0.00681419412110237	0.00761111250240433
0.214411828405976	0.31471721747733
-0.0514721848567787	0.0625032392702107
-0.325896874017108	0.411473395107679
-0.333029360923281	0.517221111413802
-0.0490325605073443	0.0504805991933542
-0.404219113217904	0.643490865913984
0.163143020167481	0.207582160618612
-0.500279009642997	0.910131368192814
-0.703488012305234	1.80812251579616
-0.0418879066221294	0.0561751901357442
0.0308127520147344	0.0304252421932397
0.0594131196043979	0.0702336427819541
-0.0193588984042688	0.0962509766371935
-0.0776539795630857	0.429589380284463
-0.231074498470472	1.66540248367386
-0.118844247714784	0.462495911477291
0.0553750371334427	0.129721197986771
0.0477514036327453	0.0988619706266831
0.132981560470096	0.333035129864665
0.0181815813228556	0.0395554640057573
-0.0392823006999541	0.0699876651260213
0.0328852766769875	0.0558864036329355
0.0718779609521226	0.118456606216533
0.0785219030166687	0.124084824629647
0.45710888403054	1.26224660991395
0.170342303174897	0.304144819592258
0.258809211446196	0.572261437855567
0.248191620128077	0.436692644769561
-0.322078159328041	0.724978286408972
-0.392975849858669	0.878643691592879
-0.0367203553510804	0.0498534524649601
-0.0872464075498769	0.132911171434233
-0.0889482224827803	0.116801567097825
-0.123441901159409	0.196046035912411
-0.256694969504648	0.533368360155758
-0.415861197828237	1.086640992823
0.351265021075898	0.596421262398434
-0.0748248517379553	0.10124272677908
-0.177555785506183	0.229762845472364
0.31339391934891	0.387523770738412
0.27271091903202	0.44797744249386
-0.0371769776965627	0.0376154565151837
0.130594463995408	0.146245361747741
0.15563459900622	0.188831550762433
0.158367947678356	0.183139706550472
0.398697253958283	0.518890825646211
0.00227245015313574	0.00202720966228727
-0.0463218094149035	0.0337197028922758
-0.285862296803218	0.305492812446493
-0.0980172929424826	0.101584514701593
-0.720502426052298	1.29391565431101
-0.0382754024927431	0.0333069423345188
-0.457086581960686	0.639609095637914
0.148855516182363	0.147905965171543
-0.386992086785592	0.598194669234218
-0.104828541744197	0.092880911194477
0.179903657490224	0.20420370760062
-0.209560731831927	0.221074684419492
0.133960729018004	0.144335963273335
0.637057936986256	1.11113032130437
0.680097426206143	1.17244055426482
0.0596825149131387	0.0560597231653459
-0.764263636959927	1.28277543811846
0.213153275265875	0.245708085298875
0.239328012649948	0.319388246037015
0.657326349446025	1.29462754638177
0.35787701407374	0.607743182239769
0.271288113545791	0.396116197058568
0.137547172116663	0.16943515812494
-0.00210109094477688	0.00230197773127808
-0.0965806835637382	0.123681593554418
0.104905752997846	0.155954351083904
0.395112425956676	0.661094593142413
-0.103307634777719	0.134306903824329
1.45457498896709	3.59748763941492
0.0404610530331021	0.045108375926372
0.354906953290441	0.619037347280131
-0.163250548324579	0.243358125226672
0.257646055578853	0.38467843824318
0.192222641768032	0.23737855408516
0.281912235278011	0.415382095741984
-0.107875218823159	0.140508834956016
-0.809778631212392	1.48189961213255
0.358348705912968	0.456673816241141
0.392471473086077	0.591476774361508
-0.00405901830707774	0.0047870915008118
0.0350536124524593	0.0415507589475438
0.0628435842992141	0.0837199089902156
-0.145870324954168	0.207129565809331
-0.576915530347889	0.928420426426777
0.438918691130132	0.736280736052916
0.166923332505107	0.197894003699892
-0.0796187970779772	0.0857643149020312
0.189002956728116	0.266412391595551
-0.0155823818791126	0.0181612110070889
0.124119134374463	0.158888849223229
0.110468072089757	0.12682576020139
0.62021088192837	1.21752007859056
0.514983529565518	1.11948363322725
0.160939364636405	0.251179466592736
0.267003979275721	0.416957107133947
0.713409981416469	1.54387951374894
0.231431462464515	0.306850158163749
-0.119621431471209	0.178876022049425
-0.00336473654351102	0.00418843143963428
0.537710428912194	1.26046638476048
-0.0983680228523769	0.140366960495027
-0.00286003446281712	0.00282586839733936
-0.0394003522682931	0.0503411668860318
0.0789505985787223	0.101973610727562
0.128347066168616	0.149112670268308
0.194386456142212	0.236289040392334
0.899265168329823	1.89499053198128
0.290110085611929	0.389280579664853
-0.207634126226334	0.253639278957899
0.219402053860539	0.275259262877473
0.132197504101399	0.139455955110618
-0.0285503177533308	0.0316260460756077
0.00153643404140118	0.00133407601782468
-0.0491406594395233	0.0582503916005633
-0.750744228927673	1.47485891277946
0.619592668285641	1.16379688033893
-0.358955500978597	0.623383383912973
0.180968557987981	0.230233249979444
0.0641422825958894	0.072425948874512
-0.0194705261432336	0.0230023545558707
0.253756854412183	0.308913962231934
-0.0550221933635145	0.0626803705151229
0.174580515471871	0.245351512184364
0.0301889167546748	0.0321434303455016
0.179239562971095	0.251877509189309
-0.201457720225402	0.253343906136421
-0.343926498802816	0.508264135210833
0.0880296961585896	0.129515455020267
0.278231462828525	0.46200249704667
-0.0443615905785784	0.0486201862746884
0.0114055699532902	0.0530765378378468
-0.103356419433501	0.600445548434748
0.224777607987834	1.30541006796205
0.322890868502548	1.56490086109094
0.157726876363395	0.481523140645641
0.110874326781738	0.239865819919586
0.0475863020673385	0.0919356166882517
0.203136734775203	0.485006278743392
0.0348209822665308	0.0601989748141332
-0.0171660748534077	0.0262870887924202
0.174805235724904	0.387737916662822
0.349152595885054	0.917584115977827
0.26965421477791	0.620447355306205
0.302465717239422	0.722287304333608
-0.0287620444294286	0.0456731327015243
0.430335691048651	1.08571026324248
0.243436815484784	0.50734356651498
0.172404020912527	0.307425325676849
0.10772828432948	0.178697990491306
0.306850990712074	0.695559843031704
0.0477774743830894	0.0749753373492816
-0.550558519193003	1.30598723213607
-0.202733438143503	0.26729833951753
-0.243288638921296	0.314532774550599
0.0423655291325466	0.0418295946061402
0.153812401810961	0.184348343368448
0.11523467936081	0.117537726328546
-0.393536173815177	0.586058772966389
0.0651667434926895	0.0655149657404362
-0.0390775506501264	0.0395905360679843
0.00383119482137609	0.00305086718823923
0.0522956574290845	0.041328123381439
0.642936291651479	0.827160671113347
0.791749945841576	1.31498965588832
0.293477510797614	0.357199620632143
0.31331401938316	0.356403401849829
0.281800485311252	0.258201988997323
0.048030530046247	0.0440628253260341
-0.184264878442454	0.192208773085166
0.56051268473811	0.722015227328297
-0.305707282691991	0.356154428421801
-0.360748071539407	0.429659278243453
0.591097596724479	0.888870378964149
-0.0494921208079086	0.0492227050027055
0.823544175428512	1.59775611506648
0.732261428307896	1.3496980171379
0.534691526962056	0.896578089879679
0.207439276687305	0.251335797113206
-0.0273221365804381	0.0278191424920945
0.0384827920388365	0.0408152321658853
0.0261686263550607	0.0261455759475018
0.695439188698616	1.43289888842554
0.252760831927974	0.366276686730449
0.648072136901208	1.25212676076734
0.641705898940781	1.46434794207614
0.229004305346269	0.385399889475325
-0.229812475070905	0.399743837835067
0.32382321027091	0.56528056238536
-0.00216805479209782	0.00255134259799052
0.0180410590035631	0.0211969328111426
0.15654411211481	0.208425638905407
-0.00860055360099471	0.00926706684893472
-0.00905189567284159	0.00877801634493961
0.50017568009535	0.918466377617785
0.0254496000528134	0.0250055071896114
-0.865601159029258	2.03544865223734
-0.571542357253779	0.707724381440913
0.263856582147728	0.25831595774715
0.201063651298648	0.201345673353119
0.248369646937739	0.284398151704625
0.664402580809993	1.32085444666325
-0.662994712122493	1.28780119862043
0.120809489616293	0.138900406163556
0.307810093411419	0.379716140775529
-0.29281521748881	0.377378372750012
-0.29543470227743	0.373018201151027
0.239841674577031	0.336416110089976
0.379851664472614	0.572877832728894
0.161687490035418	0.208427804976938
0.0723708034333137	0.0814091565162605
-0.0588766237714229	0.0720162084309896
-0.00871231891423472	0.00981850213902519
0.365717962530444	0.643871553989207
0.704053992201185	1.7443910542578
0.293422589316208	0.386276953832508
0.0589864399696578	0.0687042089954798
-0.0337848079716511	0.0414845952449977
0.0676065354763975	0.0844608582900591
0.124746088205362	0.198842789037537
0.42636588449785	0.847059416428946
0.252477555417213	0.286353417161599
0.239741897771362	0.388147580507998
0.305951982642113	0.453556703639949
-0.207339090026687	0.265254866397941
0.165665675491393	0.240351056136371
0.083664294579929	0.0991140358096694
-0.798979747004119	1.72223541209979
0.0780796666894692	0.0931119517803319
0.194897533722266	0.304869018962585
0.376316876319431	0.707323835169053
-0.0789951349691683	0.101901981450668
0.225572073147189	0.338064264993648
-0.390204591340734	0.738650757373308
-0.230836218456149	0.379899312359954
0.203088453867464	0.279498056415456
0.275075734731135	0.439336859005239
0.185687461592998	0.280924005707018
0.297297989638385	0.455316512833273
0.338182955468917	0.602568536157244
0.457575147751272	0.89115546704502
-0.105654410181927	0.149817281590614
0.0713427949934884	0.0839253145913212
0.14075185241971	0.181776263162893
0.0874473164972796	0.549699132479956
0.0427364403783226	0.184661767695947
0.414818081871216	2.70201631230611
0.296363612396715	1.22902660251163
0.289436536968811	0.883162323940804
0.0811483388106639	0.17454851205312
-0.0242035602696695	0.0432428941256619
0.0304949254556421	0.0565039217808234
0.309828880143549	0.801633093934992
0.215636976660404	0.490029925269924
0.358601110028246	1.01808110688577
0.396186499283257	1.1195860909164
-0.0979598606769579	0.171421512936297
-0.134960495454929	0.245638976291525
0.500402222090723	1.58893289071397
-0.234755097408834	0.494682470488004
0.34116826886821	0.771455604981627
0.240251631224747	0.495782383814657
0.488746417198927	1.5443266368205
0.167608039465996	0.333346621465954
-0.257568550572055	0.433144335334922
-0.0979667598622425	0.124316057472914
0.36408122675044	0.590182561891475
0.285060200680316	0.316534563477623
0.146448097312613	0.139402712355906
-0.0112622954769276	0.0105450455999122
0.998087643282851	1.60030880177608
0.124359420015833	0.128486979420403
0.186998167827718	0.211771141826708
-0.117772346757059	0.119704074669173
-0.484634757264827	0.654063369886345
0.257849937732762	0.317951413558328
0.310823574165054	0.337704100571013
0.116488356830442	0.0934173460274044
0.465572487260854	0.521445608444077
0.46022952788531	0.517556154616963
0.310546066539424	0.347192348373533
0.448339456688167	0.586286069041248
0.00597740959752994	0.00590832172862105
0.523080615986173	0.87276806642866
0.0556433916690684	0.0591543437279562
0.667577887057503	1.13750544741754
0.00304247135233354	0.00307619326222882
0.401533154272211	0.597443568270795
-0.535915323552546	0.886287682912685
-0.024720646340539	0.0259101515043582
0.166740383598965	0.235190538031939
0.220288241706027	0.34073911098522
-0.103980255810047	0.134116513395489
0.370438922181432	0.67115158166911
0.411250072508021	0.855706599392119
-0.021079722542984	0.0282670403256352
0.128781207114829	0.178593939054361
-0.0087374132525921	0.0107134643275717
-0.122862959263551	0.174672381768825
-0.164780845674003	0.245631073573905
0.075135208662762	0.102437015325953
-0.491686577453602	0.818545218955122
-0.114374598985311	0.156578222279687
-0.00793263464403054	0.00976243153877676
0.684371136422495	1.40601309724521
0.101151751740147	0.0969614701005031
-0.0868187327940733	0.0657530884476983
-0.796109590163332	0.725339409400564
-0.294969771767349	0.345566685579251
-0.011625657424739	0.0125176124750413
0.267336576112188	0.348221519566241
-0.366412192064366	0.462348172198477
0.255714345455567	0.305809228964882
-0.100539631638545	0.0933867190356681
0.963761676195008	1.9637890466523
0.0105144135247902	0.0118915424802101
0.326405638179972	0.464073256550724
-0.276858071127859	0.402455128758593
0.197028980618679	0.286068863688941
-0.206791383364249	0.287863201852063
-0.0398051613199833	0.0475877938476492
0.0130767133320147	0.0160481294513213
0.528678615293897	1.19190443239973
0.336769025204189	0.577717816959588
0.482842030935251	0.885747610974888
0.186110061087807	0.27547671977388
0.48551496474315	0.950512969000467
0.522100253567233	0.682207172519539
0.257281416904622	0.38502255658112
-0.0963733970826005	0.107325219177919
0.562918983820454	1.08927460500154
0.0555244453680818	0.0612014373653788
0.619380650843122	1.26299153737484
0.0282863778981574	0.0322416551156275
0.0676528809096465	0.0779387017604672
0.160573376867115	0.217483071087187
-0.319444852116667	0.548909079668228
0.436106947824152	0.843904135895353
0.173953555356537	0.237535265583389
0.280563159394198	0.49207440335817
0.0962534651649605	0.128507077850956
0.206096947322232	0.285707835055549
0.320770704677776	0.568764584565282
0.285902135120518	0.471488423035206
0.08655797783935	0.117175572249355
0.280313729955282	0.448458218812828
0.149229496638291	0.190172993839712
0.658267451076879	1.5550239756664
0.234850184550272	0.337299308617012
0.987695522206162	1.70616030729947
0.592295753058519	0.568934771075517
0.193618673271024	0.212259991292486
0.10141436773585	0.658531733021015
0.192686888123286	1.2488963052285
0.195137936278907	0.936809435208132
-0.261748458683433	0.54817191347784
-0.0347075938964077	0.0699301062855798
0.152507370726621	0.307246284651408
0.207605186916076	0.578543801389637
0.391302725837103	1.53959775336146
0.249735773820939	0.733896728575454
0.455816812283146	1.70243238824554
0.0952699290320181	0.209113728153248
0.156834145504509	0.360981260277787
0.211479499200947	0.513136620647313
-0.0521241038817431	0.105814426864307
-0.119154585044265	0.252198170374027
-0.0152502379306502	0.0267508316797647
-0.0686650719133535	0.123494762080118
0.211209960944511	0.519201112013255
-0.401538182908932	0.991418597393675
-0.777626080633862	1.52659771573243
0.279524489295729	0.39498306500038
0.504548907361369	0.611193745184318
0.537169608304698	0.62502075502642
0.603381129205083	0.57755367039459
-0.0647503734877801	0.0585219556711807
0.647340902277539	0.506406358309919
0.00708353484454985	0.00517502592514447
-0.222445486211242	0.236996948286105
0.42671171245595	0.515510237041591
0.520096624899547	0.767151260430013
-0.0422336431937106	0.0384599298065333
0.119352494823258	0.089178269710736
0.0539582503596733	0.0397215901175979
0.0557183932050889	0.0448128281939487
-0.168846585517994	0.174941625577742
-0.234513947372047	0.280695663570656
0.323009775055872	0.410193778697628
0.659498842426093	0.991766190206845
0.0583066191419921	0.0622084465469197
0.384337342547252	0.685408939930245
-0.244983840390387	0.358404703474744
0.69009605604807	1.79067428857929
0.553226543915307	1.0966391797594
0.277293400377061	0.446384847095493
-0.156053496551095	0.224896765395674
0.665091619476765	1.69989851275503
-0.449597530452538	0.794472411202459
0.144258300467916	0.210305195315792
0.560382336601868	1.3038866116896
0.325892150749148	0.584355743247058
0.263320334856985	0.507834852993663
0.0841544625205064	0.127004322607547
-0.154608972418749	0.271732040719528
-0.324629796237861	0.646679941604349
-0.026627913132478	0.0338004865176412
-0.527699467297676	1.01081460766937
0.207414768813239	0.288668260070177
0.059640944197788	0.0695337373608348
0.114160506230823	0.119835381543942
-0.0663928823358786	0.0593011243611613
0.137343057939354	0.102272719596898
0.524385627206706	0.262097086060961
-0.642500479243537	0.409072652050517
0.00462321769604225	0.00315919115832364
0.0930537153228634	0.10948128889696
-0.255076526175678	0.318410364975571
-0.183914749521276	0.153076161457519
-0.308813714722757	0.203240455500738
-0.0520759266768779	0.0296129250888551
0.452218408736326	0.439369374179848
-0.0409158058355328	0.0334450486889079
-0.156870410814372	0.216190649810769
-0.0379404330985297	0.0440921234487661
-0.0670031292902925	0.0875203742811702
0.397035227389648	0.709603768779954
0.0332282775010637	0.0443181671097636
0.0655766397446422	0.0849061101574276
-0.215801075618745	0.357326987455234
0.273694504270795	0.425224310052719
0.114019399671032	0.164143872044943
0.250928824599167	0.363869778912096
0.0189376604845377	0.0148349987680197
0.162580996793923	0.25505901328797
0.370861170568859	0.335901800817217
0.357817460400601	0.416109725233293
-0.0491746608189742	0.0599739244624396
-0.00369975639015935	0.00427580093398289
-0.0814158577997068	0.0978961462720821
0.000567502045140864	0.000687990644303915
0.162327535312882	0.23408341383994
0.583147505010302	1.23673019006064
-0.0522721987440343	0.0702976910174278
-0.154299602720846	0.235511953967095
0.13640171311276	0.206515125698611
0.0242796596206576	0.0323899318734152
0.101766028089607	0.134158311739449
-0.125768098226124	0.183644913863025
0.00620877835197261	0.008162138528034
0.228346546427244	0.372350540795682
0.200529569271674	0.321120946973436
0.289162459019323	0.57760692616894
0.168566016038118	0.290454330406961
0.605532175580988	1.36119290081011
0.704689315014373	0.827765640657328
0.188635623869958	0.17049956019611
-0.168963351593892	0.105226441202432
0.0434448492444141	0.0321505192932741
0.76471549607627	0.507514152848855
0.112364900717319	0.739679068372246
-0.241761139793333	0.440773099772607
-0.0896879131324505	0.179834193053519
0.357619440518829	0.777153660699765
0.234477731192106	0.632184322204651
0.33412676777973	1.28288947157077
0.35940225496062	1.40599005491737
0.0894644491746039	0.214615503359157
0.0473439467930506	0.0978525202219332
0.043026087581192	0.0885798739173644
-0.0790247940599423	0.179041937228838
-0.0388209559962774	0.0766596467970784
-0.208328870339795	0.541248959288671
-0.250263050193986	0.71401097305738
-0.089778362701011	0.18736006160894
-0.301461968565294	0.86333595774913
-0.51159947797999	1.23309034046336
-0.740279037270571	1.08351954034821
0.0780968965191111	0.0719482033035826
0.105201339843616	0.0690560588623105
-1.35115092372535	1.39872002692317
-0.772328631355613	0.617083692536892
0.204692424982099	0.160782203328383
0.528038624147096	0.587368957907052
0.208280099557576	0.130727203292942
0.0502293898856746	0.038033153111674
0.19917972389992	0.177673133036755
0.690053312528005	0.861169776553872
0.350124976491043	0.332405984953712
-0.551148373406434	0.773807846527374
-0.191391548674329	0.200225526466311
-0.353830413107906	0.371403749909085
-0.32381997706102	0.304716609754418
-0.591889846553354	0.464615360690631
0.390358930714351	0.343748128825418
0.14844722345642	0.137025855654095
0.385309779902905	0.432438619357614
0.450744179076205	0.605380016112019
0.392732517474091	0.427543771474599
-0.15663437290599	0.187588292681762
0.406292015740297	0.737358028971196
0.339758294635475	0.553981334243338
-0.186497887288391	0.283268378684701
-0.267019965684912	0.42089557701832
-0.184398984055089	0.276413766180357
-0.222655320245522	0.386849164165256
-0.0251482227124361	0.033107941992737
0.237024571529861	0.399060328481698
0.27235453861317	0.520737003478465
0.0635229277078474	0.108364908585649
-0.138744350853369	0.255079778377108
-0.377308169306148	0.651534972098638
-0.157016562402476	0.196860036653551
0.0299145379133403	0.025299440636227
0.101515849166094	0.115975731996196
0.106385583638883	0.118007821082608
0.820843442944337	1.10072819691174
0.620384808906082	0.747638925592542
1.03487788298078	0.828253734452962
-0.473902336568119	0.203240399213737
0.441148014753411	0.157000954192857
-0.234637266101654	0.129514408438918
0.383619787538671	0.516727309138839
0.866953290114826	1.223219872014
-0.86838022440921	0.829454025797875
-0.731837328964274	0.433168954335834
-0.624634970900862	0.53068484174436
-0.317563050704181	0.231892680488555
-0.539418717122266	0.665985500603734
-0.30834045793033	0.448670661211265
0.547157613999518	1.33208305075913
0.216744880798298	0.34929750059508
-0.0197929504116149	0.0273388817689795
0.393957646154538	0.845586817443241
0.0806035157417185	0.119665616002796
0.143284972588836	0.238669292248742
0.42418874795796	0.876754145255847
0.169060203043484	0.299643740888178
0.124675088120309	0.130747091667408
0.698487986161226	0.596038318801309
0.261206586232971	0.406549966213464
0.0643719896369735	0.0906175843813295
0.0241811368812974	0.0351829272177933
0.455432929441549	0.25329261100621
-0.197886521623681	0.118339366943449
0.482965738838852	0.514252343703947
-0.0357608352848358	0.0476803820640997
0.571414785870901	1.3982054476579
0.0828731984130966	0.114438373514583
0.452077108583455	0.995163995728722
0.393974615853685	0.828893782789124
0.117234785235453	0.188836711778675
0.253180854220731	0.425897882250347
-0.24461982923972	0.379365352514745
-0.258425094764627	0.475715905274646
0.0164932220762265	0.0228756017381168
0.0935091817770495	0.157346600793551
-0.286338328087666	0.494735852212044
0.390834700639454	0.778972879981751
0.393506847370443	0.878925356001495
-0.253137332948764	0.462771275964942
-0.154976837493206	0.289282382899424
0.138661194195241	0.240686326779595
0.0817350769878884	0.124094376193658
0.302004798846424	0.64678345399722
0.454989889710271	0.355175475563507
0.210373536170868	0.175191076386833
0.249861189642718	0.129139808303654
-1.43379603030056	1.18516068137797
-0.225981386998051	0.0828924233844352
1.14501114146848	0.908625931921154
0.767280735759292	2.41635463731988
0.271714142133104	0.771996381897424
0.553098801900407	1.50750200976223
0.517556640796565	1.9522489547511
0.287351103130416	1.04069196885832
0.24314468944962	0.817456804195375
0.104475884377418	0.273062767698939
0.0768408307981562	0.163993497553028
-0.214816426705016	0.614636505262943
0.0503242655972906	0.110899323934584
0.273742085198041	0.834215752526805
-0.132528493483518	0.319718506542418
0.158731451464324	0.412008702428504
-0.0860166413166603	0.183777433515019
0.118618659926134	0.270961478467259
0.156839375988037	0.2353694352837
-0.2345893374107	0.245480619065181
-0.799396217723643	0.963189197691544
1.31452996515382	1.58611217561344
-0.178993161067206	0.074579122211145
-0.64620487583354	0.401536672028115
0.0920752286587551	0.0583187809225277
2.31768543311245	1.80356064809711
0.0430186767330195	0.0313751014156068
0.144653239107829	0.130983380033399
0.155017896056757	0.151384275435532
0.199763018622586	0.198116919710035
0.236847882105586	0.260199792942191
0.786268383774168	1.19396235853859
0.0744447612259312	0.0616122093734087
-0.0203648100006494	0.0123320909112039
-0.334047865339476	0.277944488589683
0.741609277812598	1.05511235200514
0.261875151145493	0.289919085032147
-0.194809604409388	0.202796552155438
0.32458281759534	0.332312468365368
0.165596675197971	0.196954639441413
0.624046408562278	1.24239528356829
0.328505825162565	0.579410305961479
0.144680401015703	0.190387267168453
0.176689044501204	0.286957258560653
0.127569878003098	0.177316991992817
-0.31679725033894	0.584187505716816
0.212068283906573	0.359335590295172
-0.0478401603277513	0.0721099151022106
-0.442606970352059	0.753391876109699
-0.384809730193532	0.565061477567916
0.620334569402772	0.819112093134931
0.790210953838368	1.55735396103725
-0.191006587801219	0.236419044874579
0.556633782730758	0.638941013082919
0.0095231240917439	0.00631510069003001
0.265395764563191	0.120787443051854
0.11331362995568	0.0283571465180488
-1.36318946706586	0.662331111128015
-0.486257168428266	0.207730403296512
0.545287758658915	0.637893875488212
-0.920849680360874	1.3155869812429
-0.0160836928497001	0.00982217953191123
0.945191635584163	0.823066587558791
-0.427060442936858	0.310679908894053
0.307539374285487	0.136222807585778
0.213997044870578	0.193460228858196
-0.210829495993407	0.28721664707595
-0.117564479754315	0.174069914625834
-0.257040633745737	0.461629170935102
0.0115573892260806	0.0144900851552262
0.184135883606894	0.316966421974146
-0.299270783149758	0.659389492667505
0.10122105222315	0.172308879359917
0.732914459803107	2.05478876414465
0.42319781950694	0.660150076474061
-0.329928345442087	0.305448663408106
0.0156485828621615	0.0202097792464612
0.179109362919146	0.267097188028131
-0.179044240029236	0.280431385973285
0.0623022199331151	0.0818928630976523
0.688442643649752	1.79422067173747
0.292942847100534	0.560381110304559
0.261709036282624	0.42120897839708
0.161457608629653	0.24379566070912
0.335493549237055	0.728338307340491
-0.0499342348456366	0.0786374053562373
0.0853920045682822	0.13870366284629
-0.4592087321607	0.860337215522908
0.182808218732011	0.294703680698449
0.45059889003809	1.03302821499095
0.16751104295301	0.287205224917679
0.180307008521657	0.333380199606245
0.252887550160946	0.511236916885323
0.304147377708279	0.675341618050634
0.222643221508427	0.410373169022098
0.353240980039665	0.819562669536867
-0.226112940539274	0.438288384466259
0.939346975244138	1.1989989366816
-0.239043544261767	0.169336600928869
-1.04292248387188	0.645573088209537
-0.377266204721741	0.280348093206953
0.611644488845851	0.263565254035098
2.04372792461715	1.42530698458249
0.825762684380371	3.78132215792594
0.213138198218958	0.632560882275443
0.699410929736198	2.57894822711854
0.68412961618596	3.49721391706597
0.481854192294733	2.81259560154516
0.573820327987522	3.26774267310079
0.368772793483273	1.80352800810812
0.450044257034836	2.02196503392247
0.104880286257844	0.279051538740934
0.0509326395599643	0.118235153764344
0.138422902582891	0.37111604988067
0.0462433595210334	0.0979384073687042
0.173617155900293	0.486319825579984
0.0170088383137058	0.0333069529475736
0.400311176435549	1.4264197696403
-0.0138438434181601	0.0183697432955779
-1.44264459375838	3.19741665812942
-0.417260230501679	0.499344697971954
0.737479126418012	0.805756041522914
0.107760788063697	0.0767793810325019
-0.239043544261767	0.169336600928869
-0.707787236485596	0.616311529603089
0.684116542862237	0.604289284199857
0.294014311837795	0.32264797596263
0.0770012437497201	0.065014171828038
-0.460045788222031	0.738409534081135
-0.204130268343177	0.230405977485511
-0.189713928968841	0.185300212762031
0.0303738154693099	0.021485759314503
0.760525945498795	0.960958729011606
-0.284732951013085	0.193048365269978
-0.301744207649183	0.238219212217437
-0.0476060041809713	0.0390768511086888
0.533886140073559	0.781073120907353
0.686952698191279	1.18849430511646
-0.233541971294386	0.271398129960872
-0.0956234010654149	0.0919624247363541
0.160909694739881	0.218554424889424
0.287674053373583	0.525505356064742
0.180999180469579	0.257238102297164
0.136786489964684	0.216615152866407
-0.508936145527097	1.09799646732356
0.32604832552424	0.745166956174648
0.382468025079391	0.84010329167027
0.31134724756904	0.633822265355336
-0.0372490014698475	0.0558039352855858
0.478971677116458	1.2700009571556
0.339154173128675	0.784380845585238
-0.0376185832588096	0.0622605890582497
-0.017354526135053	0.0275438472123333
-0.620049500503567	1.48390376530291
-0.611993724685641	1.17904129088813
-0.558410153299137	0.817049017330892
0.145972950130139	0.164082038928048
0.511526663604491	0.870077815017297
0.465231281371806	0.438152211086511
-0.466100364789391	0.38045893385048
0.906039427993534	0.697971601285191
0.35870416173247	0.145477496238099
0.44730624786212	0.164143493470563
0.378346955283236	0.230428500860906
0.362827076275203	0.561054319814221
-0.101216050342637	0.0871222819159184
0.718367758202589	0.711040164441138
-0.486769818462779	0.210037017644649
-0.123716565334386	0.0599070418809662
0.000489904344602955	0.000322590161899492
-0.621841267285115	0.805024533733163
-0.579235079995489	1.2752211042149
0.237254462693081	0.432659020163924
-0.161095551416965	0.27385070508159
-0.0940304406278026	0.14196002786455
0.0065267592866304	0.0100281531666919
0.248125726506613	0.514648194213266
0.10820944728475	0.175888914793406
-0.360379348482596	0.730857704942988
0.235082211689626	0.461693236470213
1.37405387910485	0.821088161448639
0.57499626439267	0.480421737639013
0.497629175547511	0.620558316570973
0.290375283062833	0.626544020411543
-0.286342668150395	0.583907392293692
-0.0572418451607203	0.0897674644373661
-0.00291260600829575	0.00372859252107039
0.14935653328888	0.238639462712997
0.557683130269674	1.58481689030451
0.267401709382422	0.553371410738908
0.321680034060011	0.62933819421761
0.233645524218478	0.468875716830068
0.31355983635551	0.758839887420239
0.0925739190656427	0.151603670481167
0.721724119615769	1.91065524687519
0.109626770902658	0.16622704000202
0.0265494962826263	0.0406274771707051
0.177116097024661	0.332237168910087
0.341201960553779	0.826238121265264
0.298136666991311	0.735643992166056
0.320292229275446	0.742987015000194
0.137610748244817	0.253280206588217
-0.0335198388443094	0.0526007645375683
-0.0633707508833623	0.1100858602169
1.12028360231506	1.63371760170561
0.101989988736634	0.0649260802334436
0.866163068684133	0.755465771608819
0.30702374501409	0.237723578759703
1.18518961299284	0.645137211937795
0.528321460338949	2.925007288267
0.710811501932064	3.18726468203146
0.834822912520893	5.85085595343142
0.598786252968775	4.11468902986723
0.304279215037145	1.34892056888666
0.108732981149473	0.322883709655318
0.353685887146482	1.46106950298759
0.154219647805757	0.464455793580448
-0.218810210576223	0.724454954542373
-0.0227076840269984	0.0490211358385534
0.111735135681374	0.287765009391993
0.0298260483360483	0.062995321636021
0.212086808505742	0.601394930037223
-0.0887199832737931	0.203260532474173
-0.0662718030408762	0.105222255172495
-0.401908424370993	0.559286769912752
0.182675456273473	0.188877972085641
0.735967811721931	0.978262895833977
0.344872956729982	0.239179815672416
-0.00581952337245183	0.00352785072830676
0.204836042986012	0.172932522730774
0.562568633755044	0.468162433646203
0.027358769075932	0.0237441658054795
0.306364456867098	0.404300160687071
0.789647924102313	1.52296913257956
0.713973219196281	1.32696235148328
0.607242553623155	0.776530051940708
0.971599178387834	1.25921238019326
-0.521374019949422	0.415267424584826
1.25350309587624	1.43540458787249
0.414372629445393	0.42835334274777
-0.207500596400614	0.259925996283141
0.688076192555973	1.09768300074546
-0.0895800848896061	0.0937384276432063
0.192959454580984	0.183711621872295
0.609294315124543	1.34436045589007
0.613838057066867	1.48798049852965
0.10934250704971	0.150785747665573
0.296344366080391	0.537314554212398
-0.121650205283235	0.173645118960748
0.437719102972141	1.07300596548488
0.0111497547581699	0.0147537934397691
0.336476117029032	0.691353117138099
-0.028036937243184	0.038735502955621
0.124170818055699	0.212446720853894
0.261181765933228	0.596784835840519
-0.214316930353923	0.444513793162096
-0.0378282902102418	0.057565054918161
-0.0272756003558451	0.0396640428774664
-0.480806853638067	1.12255737090616
-0.121376127914713	0.160181078478414
0.382619329535089	0.577826051501014
-0.413516792804527	0.728000883735932
0.257365533658837	0.392813542426859
0.395084459157228	0.443003625650168
-0.1120914986929	0.0870507137498183
0.263719109187246	0.122224474804343
0.602414164530041	0.267618091010379
1.37758281478018	0.829637717517689
-0.276854785291012	0.149598687971954
-0.267503770744794	0.299229022700768
0.254000092669634	0.247874616130432
0.329273287229102	0.253030347692509
1.00067172788686	0.605170876230918
0.944609714503074	0.793686885072102
0.647509985809869	0.664294184086275
-0.0473306688775243	0.0429740074332326
-0.223101280458838	0.364450925378398
0.144389462112883	0.22779414493609
-0.0862476090805938	0.129132926184505
0.122679047327044	0.202575612706918
-0.192511136071185	0.369469234897854
0.361081493581824	0.858919245352475
0.271118843756973	0.561469659282053
0.235695089325744	0.437741639488556
0.21531965919569	0.4128104146894
0.229673950900806	0.292188828651551
1.29610557782185	1.72498881055945
0.179853171638491	0.270722765853966
0.906078844776095	0.925158459216319
1.16428046432048	0.766221488306152
1.01205315258297	0.688054867158024
0.599775394635542	0.477507080413037
0.117494202036641	0.112685242642818
0.0653627349310759	0.103856835165594
-0.013389199579057	0.0175573029192163
0.0304315640010992	0.0420753346915024
-0.216439093544021	0.350148830020836
-0.2851550880998	0.538398425400619
-0.314638914963655	0.609085560907573
-0.00120489422675361	0.00167006786235282
0.481489220789467	1.15970640609619
0.0377648252279301	0.0532407110078097
-0.372080462439289	0.926515158102724
-0.213861831140953	0.406648432362583
-0.0571283781722474	0.0797407540300622
-0.452913134993285	1.09829294846844
-0.54319542232706	1.45017316036358
0.35352020987389	0.798474090603945
0.102612448363922	0.168077898885294
-0.232829202043897	0.496878602703402
0.344074070558946	0.827692120650662
0.487572830546259	1.25460672847388
-0.152732288146942	0.22954393940264
0.286823535949452	0.584588213578804
0.0321776963238229	0.0492953604516878
-0.0311317418567348	0.047814741453717
0.146737018365886	0.251309126650632
0.0319787468141353	0.0490605489893058
-0.135614252588502	0.10325749737365
0.332334057030024	0.240156621031496
0.377011455096805	0.334837577682204
0.518281581373709	0.258416251664534
0.383989236219841	0.247013750190239
0.445575051513377	2.82841552654727
0.492221384452927	2.58700227704205
0.299495409653412	1.12769602266815
0.244711488707044	0.775694100257544
0.0533160031699186	0.129914302873791
0.0454105078327242	0.0862712355555775
-0.290239850871054	0.778953750817077
-0.0313151585368918	0.0641472690410202
-0.105734116677684	0.171029201604188
0.100371880570844	0.146085306977295
0.111656454244133	0.137375153451524
0.26395511198054	0.378839612940002
0.442313138948578	0.776123115330895
0.126081688053002	0.140387469282306
0.199722391201929	0.297019911055269
0.054704832203158	0.0578608315196905
0.275696995270009	0.397725861102413
-0.54802956259985	0.903503319376249
0.491030525721026	0.823348997917775
-0.555512887949627	0.895806009119236
-0.228221949660816	0.316410817205568
-0.271132252920927	0.349327337752578
0.267443443963607	0.379859031543567
0.317213159910494	0.520373326563915
-0.289153341284028	0.432156206866544
0.2272580191168	0.338762062251046
0.0809395635693106	0.0940394430796661
0.375755750142242	0.635709064096205
-0.152016358715043	0.190826490443242
-0.0821522298740776	0.0920365781456404
0.648222948187077	1.18055603626955
0.0964816743598582	0.128638308611515
0.0699747222308156	0.0822522536456146
0.0991669860523607	0.133338222712072
-0.259097998718028	0.413373433657977
0.09743993246506	0.128878458704099
-0.0876391126155778	0.136881571765922
-0.527614152583008	1.38436095574746
-0.00481285256786466	0.00660382145524782
0.125923465083041	0.167632488402432
0.318354423473745	0.568963521615672
0.154144849736716	0.243621034791749
-0.479607971750289	0.862653339239394
0.287153502947518	0.350985942811
0.599325580868943	0.766882744579114
0.335195826179948	0.404640053851365
0.474996068986007	0.826435470455502
0.145458480616328	0.183846264641501
0.188390539938824	0.260950491567732
0.578174743760455	1.02235649732469
0.112766588503099	0.128932401806377
0.403985799659592	0.593870451859519
-0.385818449317211	0.644325695349119
-0.163300671780875	0.249712229895763
0.680836370242409	1.40428696146622
-0.129745854800655	0.143250903177972
-0.11494104944577	0.126321265427512
-0.113664469599854	0.144536289798347
0.424096004975016	0.7348690269355
0.208694103182248	0.304714505889644
0.0256539479840953	0.0265819719831792
-0.291062834165988	0.391487599732468
0.0370856786244027	0.0421256912486525
0.210791087278504	0.389054782256097
-0.241663041853635	0.427333843830245
0.113326653529918	0.180946044534455
0.211313661788091	0.272523322965667
0.11790902109102	0.150481702209662
0.465859865819272	0.767740508618056
0.349116427655073	0.602446129288229
-0.191520338236283	0.2580171936604
0.422978510684916	0.67861501594116
0.549578226421407	0.974699198698914
-0.0524720402005955	0.0598039548872173
0.258296875837166	0.388166084769531
-0.146287191507618	0.197429484069526
0.0373691983582008	0.0416497495132652
-0.115690119906203	0.167451329537585
0.229666527540449	0.325609067602617
-0.0752438611820659	0.0971851091316212
0.108874788878709	0.146626574686523
-0.676251687385624	1.44121386172347
-0.206567436454981	0.266844767625658
-0.454917047012082	0.719532946615598
0.308264339335912	0.479969929148682
0.434582876632293	0.784609853864837
0.666017051749238	1.30445717980034
0.314252011967595	0.558978259852164
0.0388605265066344	0.0522051134732795
-0.300080230528373	0.425720828221101
-0.243939837866988	0.33503525024817
-0.223060714194	0.290416504802714
-0.198891793720103	0.262724307434044
-0.0404228040552889	0.0464947010558825
0.18512654272044	0.284852158348155
-0.0945603956530541	0.140689080770192
0.395940499444068	0.752789926260104
0.115642825647387	0.163824329491603
0.360179665676798	0.529944648773324
0.270439909926084	0.361006744942629
0.329511567016016	0.447778087303555
0.53997620203662	3.51584419018941
1.17057439005008	5.01686726941945
0.920163351652913	3.4638561334086
0.85903988475382	2.12085793146977
0.414586375607947	1.32987439637805
0.157952422516025	0.179300702643242
0.0091018409757986	0.0161883771912637
0.39836685342211	0.927202658560973
0.371937744128643	0.922535546519279
0.126307849687042	0.187909805508794
0.402896329224914	0.699783946220738
0.125191637703613	0.141879344821508
0.125377200148592	0.134929718620415
0.362124233542751	0.55793382042038
0.0121775796849284	0.0142500367949527
-0.043777840020277	0.0596210244108033
0.152662776793371	0.311047399318319
0.131284449907191	0.207463179048189
-0.0237021350306906	0.0257482092300251
0.034627367215336	0.0409170530025073
0.0222223245409262	0.0251483373280767
0.126933167883032	0.152784291272543
0.63044416787048	1.6994293192271
-0.230130155366728	0.238547277921644
0.679668660846508	0.687458320991724
-0.293126873139696	0.226661292763044
0.0588632442520416	0.0553290601832328
-0.376921120058679	0.31772967688165
1.15604587320653	1.40003802722647
0.717319281346875	0.72568871942722
0.284299026533745	0.240692457193193
0.275715091671307	0.249390476214649
0.198830055065808	0.145601600577522
1.06449916145913	1.11858716003692
0.888446196225521	1.26139075813185
0.299138970200639	0.247667822877598
0.300942862462766	0.246986183787809
0.212679772103697	0.160275877388838
0.624331166883364	0.58008793816031
0.570426484083468	0.367153109877106
-0.462185441777879	0.412889847710935
0.693701641245512	0.49506041814202
0.0619601953771763	0.0927924691378679
0.237864895746716	0.444889518155665
0.293261762656537	0.772640378657661
0.350739713094093	0.401461274426308
0.268364064569911	0.407596896072537
0.0300485249120945	0.0515772930138231
-0.176400858208314	0.349556858162815
-0.117125219133836	0.202641893147479
0.17216556127587	0.300258360365716
-0.0473498669096035	0.0721244013850676
0.161893010982627	0.306373494971958
0.609738652212617	0.885823618776895
-0.333237222856967	0.506157056433534
0.274714382528772	0.450827520091377
0.268746348168111	0.546827308557351
0.124914914049181	0.231988574745616
-0.263547253034063	0.686318971133842
0.486706182475751	1.46824538270395
-0.0533919396790156	0.0385523312554749
-0.0439517455227041	0.0249366740137303
0.623478765282919	0.574652083410621
0.393840590473499	0.35187006599516
-0.242120179930897	0.172809628950871
-0.0816965830728096	0.0547326492284801
0.490857460542021	0.452795715927609
0.482849467126663	0.358708058754763
0.340038167956094	0.242988125207681
-0.203413601388116	0.46670107152919
0.178718623145833	0.462845152090955
0.0240553239926509	0.0316922823937822
0.156432940514795	0.151784556651315
0.173400656204887	0.416695138424556
0.533823954530487	0.452692266935714
0.371478574611079	0.245179648424742
-0.0607801887382317	0.0332755313244313
0.253186329925602	0.26251954864849
0.450628339891499	0.431561919629045
-0.419308824269633	0.32086820226106
0.0895123986169595	0.0565147219513427
0.938072595374378	1.58554324082807
0.0401770763894844	0.0371103522315356
0.760391946951824	0.636750498194819
-0.188535321223448	0.111425970305802
-0.681989106273653	0.497695003993202
-0.0827404105336523	0.0577068702621082
0.70214000244347	0.51382017834803
0.209317905514896	0.146404726352693
0.435901912021046	0.434199073160571
0.0543549853484683	0.105659070276386
0.490220943329034	0.436751786054291
-0.0379973715884082	0.0318983986365537
-0.695875021066248	0.568236423081428
0.692084367251589	0.503185717111471
-0.00375846318848976	0.0024092469125217
0.0678785059776681	0.0364344804825603
0.204247058617177	0.133849424799008
0.222497070798146	0.132355687822805
-0.0813202576252399	0.0567732146107222
0.117408678627588	0.207667964263488
-0.121882524198235	0.246073115975088
-0.118412894033704	0.209782688513441
-0.148521943686081	0.30437189879349
0.172658821915638	0.278650270898289
0.426241381887951	4.24394374319194
0.508451889433168	3.48276967448939
-0.18366451714201	0.321750249870308
-0.0533435413384487	0.0747334343705023
-0.23860042313073	0.392823663416663
0.0127066373905758	0.0153184135715641
-0.0317236573948479	0.0382608467617451
-0.151494186756296	0.161667438195602
0.290933750835801	0.419743554283331
0.145955939464102	0.187876357273021
0.552618690153606	1.06548836831906
-0.203100617941295	0.337649754226799
-0.20081735337011	0.313132462960069
-0.0114872397540505	0.0126756928049288
0.121017706231367	0.167884133480979
0.123631147683588	0.166294422567203
-0.42581305568981	0.687299834658679
-0.224375568073284	0.395745149075522
0.120181035200009	0.150264078580626
0.0576305058300002	0.0623499358629018
0.479220271099602	0.757811968831121
-0.271588994666867	0.347771070959675
0.174214655476296	0.192680941824513
0.583891616207359	0.96797496803816
0.682808487361024	1.10166566684678
0.638848677453724	1.42843623701376
0.499438131203624	0.773982287495506
0.0117099998218587	0.0117854794099254
0.710985356658139	1.26796331080621
0.411332086193825	0.578661447118855
0.0204682475154281	0.0191391944309887
0.736964197693248	1.36845117751034
0.376753027132421	0.586588494933159
0.202599348963239	0.265644522619851
0.419628500807586	0.594707081833307
0.320561361917642	0.438773173695846
-0.341462369219476	0.487517409753187
0.0681328937432394	0.0723806777483767
0.129681288893925	0.218765529381279
-0.0972612772856147	0.152330332806512
-0.433327846521841	1.19125631306145
0.233755078382022	0.383444546770624
0.0802717465141483	0.111650496913411
0.00595824063367852	0.00847517355439673
-0.246748772034265	0.448020194057495
-0.0114042355126059	0.0143151517562623
-0.17549204895662	0.231354593961343
0.475956701968844	0.820000829960558
0.03788515516618	0.0498732754268192
0.222761555666412	0.296450524627723
0.11401070277736	0.130707380041474
0.100395120117673	0.143521658183066
0.0612291926980471	0.0850274338771392
0.0988042748646163	0.137483252586496
-0.112184749137514	0.191440374643594
0.231356680022986	0.439509505242843
0.286793260994787	0.387106302510151
-0.473533812412362	0.691141491506468
0.503517163807215	0.800050155517017
-0.100976205462372	0.0992834679401346
0.550326793441666	0.855262872168063
-0.0397190618412863	0.0374337188393985
0.143642044677668	0.145691732664121
0.473418480080855	0.601668606490219
0.25374138774355	0.293810889633046
0.214979090953029	0.470811696115064
0.0150274400631372	0.0223885587660123
0.159921716354087	0.219499709152552
0.368631871191474	0.492242232953224
-0.307037996429642	0.363425435978729
-0.280654442218112	0.363998588012204
-0.053311664071729	0.0526478591312549
0.206143225413782	0.313221650465494
0.146952734412825	0.148760309378877
-0.358697414409737	0.510874836681584
-0.0822500021933911	0.084950105587174
0.132039778748463	0.158072475850968
-0.227328052278612	0.386308834303495
0.0999606004398436	0.104908789256234
0.127156014154916	0.128577408749286
-0.623920492951099	0.860389658570877
0.415826317208629	0.566891809565411
0.286580888744024	0.335469335838654
-0.112754441854029	0.107874711381834
-0.0911540684692768	0.0884036786947314
0.196789336942218	0.229142870340144
0.957607141889909	2.08571595878065
0.149138118149501	0.148085736023777
0.0174134658366494	0.0162933508024633
0.037465617527338	0.0533066880815973
0.603437380403477	1.30788908976201
-0.0273082939130101	0.0297645036370847
-0.861135661589366	1.79757081973867
-0.245045019906737	0.321269926619314
0.416735352072165	0.578595132031438
-0.0428202796904901	0.0403322134541444
0.332401942899967	0.444886303675778
-0.377508542675827	0.422966159770917
-0.668238876748331	1.30697932713973
-0.219544198445066	0.444128562629614
-0.251690614168822	0.497906420543152
0.157658349536703	0.267921989237247
0.154277529231503	0.236209106135411
-0.030751055692703	0.0477558344413767
-0.140759771648737	0.246569363960048
-0.347462407050757	0.832703480436619
-0.582921221240237	1.47848850657704
-0.0301610959741565	0.0391104568505317
-0.0568221807328789	0.0776231503912746
-0.0481325885157384	0.0622906315664695
0.01304161608377	0.0159987442544098
-0.103319375821324	0.146962804359438
-0.245981467424211	0.436848705240434
-0.209951013750499	0.410505250321163
-0.136560276874307	0.221688390812941
0.29991842251379	0.558633896172794
0.128108164506712	0.179072940519464
-0.180599200072172	0.275072756155709
0.12647916374568	0.165167378355814
-0.404306812486224	0.919064092837583
-0.312563507473336	0.524326938202544
-0.172613963879831	0.204373428814487
0.233135875786016	0.248461538550831
0.443875394399499	0.804520016128052
0.472822500378878	0.723602798363079
-0.0304307990421475	0.0254211145771926
0.166645551431631	0.176850846364923
-0.0818811312132511	0.0857644352386633
-0.248969718932158	0.2816976730336
-0.390770726017408	0.539903352105451
0.193499326446557	0.197724909797924
0.634410581374088	0.954846818134832
-0.384019080943056	0.431568304355269
-0.102614595588381	0.0861072835901101
0.172419001040706	0.204941384078359
0.545094235552639	0.908177856272645
0.0468672302405462	0.0437969154862334
-0.207873295469688	0.211840062298366
-0.154295972679914	0.140957654884162
-0.231589128439714	0.243636598551618
-0.201827788667747	0.398301915496032
-0.918481234440669	3.64889105800568
-0.0778079997595889	0.137836087935171
-0.37957158091815	0.665377102616238
-0.155231329766105	0.261036036008612
-0.205712153134432	0.428046698737509
-0.0327642755783641	0.0486804457781115
0.638315408722312	1.66730589279805
0.490168262456698	0.817809887757153
-0.0464205278942354	0.0556650646739532
0.188819175935606	0.317043501155399
-0.0801726762273087	0.103268643312222
0.0199693746953791	0.0235954346440759
0.355494139519088	0.718616441758677
0.585372444731289	1.39158058590606
0.47371780482681	1.11856748985986
-0.0823874884075197	0.142847380403085
-0.257320839541278	0.589943981818087
-0.0207798991447198	0.0174078701283465
-0.059474768778544	0.0475880448043912
-0.133526454540455	0.1242593216667
-0.169763574323611	0.158649754228795
0.0726771068752314	0.0688553211197193
0.463003300892872	0.586324356844028
-0.452383742356235	0.530726466392588
-0.215783213441863	0.218669365192716
0.0845192219129209	0.0756010957689822
0.215940952540735	0.427807560702359
0.67507915260218	1.8739264068524
0.149758813427977	0.270503303458248
0.202680356581011	0.239881087908387
0.257421079654316	0.239917906735757
0.658327281872251	0.991649905864654
0.0214154236109306	0.0174338384972961
-0.0130252182274886	0.0107469745808095
0.327441959611598	0.337291395372733
-0.131236850820909	0.134198477043151
0.0301076110861751	0.0340060933347068
0.521967728549117	0.840751196777823
-0.0934760494516356	0.0875934447202845
0.350465067972146	0.410332470399308
-0.296292373425954	0.456838708540009
-0.0523474472858345	0.0704352414069252
-0.181175889016555	0.206674367293353
0.400687373737894	0.398103615062241
0.199375604383494	0.186779076688307
0.411464731170384	0.474687319990642
0.00932673813713468	0.00834534059252625
-0.00566138877369507	0.00485667152469436
-0.419253485483423	0.442977020214677
-0.23764850918657	0.215806594007244
0.051976247326391	0.0477363981352194
0.00167804892095527	0.00137363607323318
0.126148801611131	0.138126002017159
0.250143073611611	0.528261869613993
0.0584543643182307	0.0636885294637747
0.0333653299908692	0.0375211255387852
-0.586730359262343	0.754240512219413
-0.438913373077442	0.498072828133283
0.430228963645852	0.51989429085782
-0.450352501345826	0.586081379749508
-0.225937837866955	0.248873208916054
-0.414480926197465	0.436016411761756
-0.297003581481634	0.350924382798385
-0.0567918444376471	0.0919246568092206
0.0496020951706374	0.0816792963499519
0.132631299132744	0.230622796055883
0.200346421167197	0.387086647850596
-0.0564396180719715	0.0792787263330775
0.141155370208766	0.217203807302519
0.0918269897382409	0.148182498163281
0.169182268599577	0.227771337251745
-0.0716005099513791	0.0902227948622467
0.134092294582812	0.197546508995281
-0.699936919977302	1.73394039668687
-0.324160851251896	0.542739563709971
-0.0000997689047299212	0.000163162270248204
-0.380943495532385	0.680651689190582
-0.332229066342649	0.574568097584251
-0.208410744667167	0.332542553899045
0.186095858469057	0.313128106588688
-0.0981811469022798	0.122087509860875
0.0186878047407495	0.0203526176103591
0.292698373114648	0.452311694066661
0.0166890276879803	0.0190134918390646
-0.372156582176755	0.636401900893919
-0.0706811897328359	0.0897119841790814
0.00931955095699813	0.0110123840496427
-0.422148761391511	0.749528655135544
0.306411753951123	0.532371967384071
0.379691930321898	0.819985690032722
0.672803220792811	1.66402974688693
0.101187095084537	0.13188782943193
0.00810064405198487	0.0100058143443895
0.286125358159797	0.496888857133306
-0.0624861096504246	0.0767267657075856
0.246288494300295	0.381039180000152
-0.0305673587885046	0.0409563755570321
-0.779646014153846	1.98239255801032
0.400255778600985	0.747421584710459
0.108729838970265	0.14691613317723
0.57265167987041	1.21636135483808
0.713945603935093	1.46066496538565
-0.099090620527032	0.115154238187132
0.015028460339015	0.0179025848917024
0.168345964286577	0.250729928325351
0.0669889206242184	0.0869895098387708
-0.438235920909744	0.824996259613924
0.16056109738753	0.241600934231528
0.245057929651181	0.394063954362043
-0.256682673201631	0.410229348592991
0.0467913661954323	0.0621328886586527
-0.596625217767719	1.74916891429352
-0.0479579906317313	0.0725425827849171
-0.14806811497613	0.2598128858753
-0.0913653635271865	0.11932446837701
-0.578222866880774	1.57036302393332
0.0828515031905647	0.101145912955776
-0.0227516194155043	0.0243157202727375
-0.719922508929167	1.0563192833113
0.64775630288102	0.679729031264134
0.658189007283356	0.626704853137424
0.154551018081079	0.161042512165136
0.370072961189948	0.582456692750231
0.600777243304571	1.10572641476236
-0.0492925787835545	0.0588039260995592
0.547270418211638	0.864371131515854
-0.145660317182085	0.145442445607369
0.530062794599826	0.922872134795566
-0.141680776468983	0.201193928218612
-0.733612404586005	1.38841466727883
0.057633398803987	0.0637354012007329
0.49325989378018	0.90377927934141
0.497328961716501	0.915614236251901
-0.096467090506796	0.107261126135381
-0.0456910728899435	0.0532120849016461
0.567113999783838	1.17083801852602
0.222683402441425	0.28352779980811
0.263112358815043	0.392280248993547
-0.0904761715684912	0.0697129300207133
0.233340739237878	0.327069371503545
0.500860266309842	1.10375420854961
0.544805508332064	0.954020421974609
0.400100347996858	0.592508302547257
0.326632790078452	0.457544385781904
0.488089466049935	0.905218840401311
0.545809154397136	1.10313634292484
0.374974768829484	0.598175713762292
0.457339576883843	0.82888971684332
-0.082778107018503	0.0938789575890678
-0.447712913010036	0.794829095665711
0.510780213524471	0.978983826968968
0.399172234100716	0.712358517957503
-0.0593014702427526	0.0906416225141058
0.0442721950061755	0.0553881354137219
0.615559545083743	1.22323105671919
0.250952472544784	0.358510840023145
0.310078080610105	0.542229041889178
-0.101758765250372	0.133000920094621
-0.278970295037177	0.415616968816388
0.602652412629369	1.34711679994649
-0.0263615421738456	0.0296755303923315
0.207233021725726	0.293834959458073
-0.29518305289951	0.401062215860943
-0.643973300741344	1.34443438259773
-0.043537596548001	0.0669935149579809
0.1743851017839	0.304399918985647
-0.101682909897518	0.130482483299933
0.196707033952633	0.30933077198537
0.267002778189989	0.438419201940687
0.0883163406393179	0.113046681542109
0.174805547245295	0.238188037137368
0.514720300843748	0.853317593950796
0.14066291013164	0.184080733496008
0.478437169163667	0.931995194664428
0.0405916786458369	0.0502379274731953
-0.253444529464846	0.408850552101361
-0.124799464383324	0.21544974377605
-0.2441390570103	0.387348052951327
0.246095224540087	0.368662357304441
0.379410988512348	0.49198367591826
0.064204696932351	0.0685207854984074
-0.267207999236335	0.275280309471278
0.142467894982124	0.151780955238394
0.0415259727482504	0.0622569617652078
0.985085860156618	1.26546997480006
0.0584178145320826	0.0463991937617408
-0.322759086788605	0.347510457629567
0.0502999261376985	0.0487493473407163
0.291136488174622	0.369213698876085
0.0793639861035199	0.0739319978800326
0.170611647291634	0.200616632667959
-0.0154026777754693	0.0148455336988775
0.0267601867759064	0.026606877180864
-0.0458842296933629	0.0262780476759296
-0.0675608131387804	0.0459900956666161
0.0878464933235994	0.0791265033705213
-0.159093394104769	0.156256695612579
-0.249821964414978	0.349612644381774
-0.0371390459110119	0.0475200940831743
-0.238540881781847	0.365506191424515
0.0781515388961604	0.108767841118635
0.23674034064003	0.401517199057337
0.218354169187365	0.377965644139594
0.169153327144778	0.267316752740969
-0.0203040498784505	0.028307814896076
-0.351806423500913	0.722370454197863
0.235292737834418	0.449184577420731
0.23141686677469	0.416948625661646
0.0774595216557166	0.102600348049148
0.416275860849733	0.743616377783322
0.102262074952267	0.145663556418195
0.347934594655624	0.634782460099085
-0.210168780422481	0.335950781908859
0.29571265421845	0.579542928444023
0.294068062594672	0.571989231701859
-0.108115777155134	0.177434333450362
-0.0099014457978856	0.0141592564865257
-0.0422406169284603	0.0639713571591109
-0.111883887362113	0.196135565090702
-0.527462294075165	1.45758088602389
-0.269235733499183	0.539405593648206
-0.683990862458928	1.62366912731692
-0.0127969638698281	0.0146581428649304
-0.333634576366242	0.508203926278455
0.0505124232685645	0.0597518766637902
0.0547722628871764	0.0626653933871101
0.879690815850398	1.40663846743977
0.442284924628784	0.421568081820246
0.413220966329923	0.338276994085386
0.970659760035486	0.453469929381485
2.19718943030551	1.55236821689209
1.8782136505327	1.85433865893938
0.624752872947603	0.958689299599756
-0.0666768406140881	0.0609169764329634
1.31323456757867	1.63571238986306
-0.1148052319045	0.0566291317623903
0.907597662967874	0.686965317533211
0.968917450925438	0.945415762013583
-0.21969702013185	0.220124409041051
0.310345672542925	0.54340877721718
-0.133778946374406	0.1899727880368
0.134609770072837	0.195524482607462
0.138587108677069	0.205260223047141
0.0752784886747764	0.112020577833218
0.124872134297653	0.207086096108092
0.152452170506595	0.270270051090789
0.0587069856824807	0.0784858137551217
0.475572497444877	1.12264495411928
0.514249732070464	0.910814914959012
0.765784994169596	0.641202068486162
0.312833013506348	0.13903055221655
0.519986550938998	0.360529516598508
0.530457773840838	0.496422147013781
0.398669361360676	0.241871264677961
0.393380602243856	0.815177645505633
0.26488140053528	0.454918002908681
0.446870208393411	0.892276349844242
0.290923478496789	0.53154320532878
0.0861075931120956	0.119370445121179
0.218262404326989	0.38852422940857
0.208150858074436	0.387054065874757
0.0504532492502606	0.0720975340274819
0.0931082237796042	0.14483682318028
0.276082044439905	0.504502641885734
0.250373607405065	0.454441922245383
-0.10837164374629	0.177272337441797
0.0771079387341121	0.110257546797824
0.0434154827985166	0.0644223982765913
0.0904302082485485	0.140081029662922
0.00659393210821589	0.00906597003947844
0.235462755477403	0.42177595495098
0.166958339794303	0.298533602545707
-0.0463272904391976	0.0680717159103533
-0.313668874393412	0.69365325243491
-0.15694334652415	0.258116541785604
-0.180204060679317	0.301776223854715
-0.474806426462314	0.721773038890271
-0.184040103947951	0.224795219598316
0.0776595778449859	0.101613909309112
0.0351256391029874	0.0504144037655691
0.294176904999839	0.596370468235462
-0.405862658412867	0.857276551961414
-0.252093071053606	0.513915828544607
0.0559632514708478	0.0842769218697146
-0.00349921546632059	0.00471470193043581
-0.255521920948958	0.526514894409989
-0.142277564336619	0.248427207256335
-0.256459020705466	0.535786663786088
0.0215427450041323	0.0249506698414679
0.544420338563926	0.695673599256445
1.42953646538948	2.5074543800122
0.694581532481735	0.696748843628838
-0.00425285105303035	0.00248747780591044
1.37758281478018	0.829637717517689
0.624369465535433	0.389655562070503
0.399795664010444	0.347251862734767
-0.275729162963648	0.319731915469992
-0.0520096590662583	0.0459430044045136
0.698270150292789	0.875082828473057
0.199243937931356	0.239916534428828
-0.22640971575428	0.291074548127315
0.201765514885542	0.260637081167815
0.190529065804574	0.226577014445227
-0.109562286877647	0.124584587020481
0.0651378782548926	0.0523191790517416
-0.102350069426162	0.0820144200024267
-0.642622109469432	0.700080836226573
-0.0815906895549169	0.0860510141527372
-0.212663096328373	0.243649425868922
0.128353571166583	0.200597093832962
-0.0245807713160669	0.0302827015991241
0.140606661771007	0.218781666817527
0.15759559832147	0.243208340082645
-0.0793807066888712	0.108340214427961
0.0242636359927608	0.0318308048580511
-0.056930385001958	0.0822229251719718
0.174177322737014	0.318060919597004
-0.16644705901394	0.271908948689658
0.409868671665803	0.892541810805748
-0.0709900861029593	0.102770054435432
0.352762501038143	0.728015463148351
0.120141300588037	0.181146810551404
-0.230054787717504	0.3947253724711
0.31460153507986	0.61369663430691
-0.117002474359475	0.186100878291389
0.338288317320199	0.786361420201495
-0.359225978661247	0.797615065230348
0.407068430943731	0.990609584118088
0.0300468800195133	0.0457378368233974
-0.128891047803198	0.228913083306614
0.13620574681669	0.24497925017255
0.061956415267801	0.0957896106284949
-0.343137532410773	0.712447576502379
-0.201743852234523	0.286649070960874
0.0552528863530706	0.055451392998988
0.407267048363703	0.616410572308952
-0.170439825243345	0.218431063056454
-0.476101770098182	0.628836567527002
-0.286829918891224	0.250174152043093
0.382226302003458	0.24503840479061
-0.761888822866893	0.526728464964734
0.444732699456067	0.158939031402633
-0.0337219341998884	0.0194298682448066
0.000299914056164468	0.000236381284245543
-0.102008123539153	0.098880866133712
0.195923381985585	0.179859854495042
0.605564534986689	0.485140571137421
-0.871004536927885	0.893852429786025
-1.17014611713239	1.36411744608387
-0.24618162731131	0.270207637823767
0.264481636937186	0.441384840884865
0.460525588565448	1.03203480684293
0.0351264012583053	0.0471370032929215
0.00293920382446333	0.00379878523221769
0.18027916267274	0.309237229918355
0.0486796212969153	0.0700336020344601
0.12835331755872	0.204423745675805
-0.0270691522280044	0.0370794111720849
0.0352340393488611	0.0479396463304396
0.0423421397977515	0.0481592440670028
0.299202564739515	0.240196490722687
0.102658650331015	0.14411856924743
0.610863625490918	1.55460888030261
1.02487593912052	0.80736688466776
0.599645184945931	0.575281636890578
0.237255287091119	0.447792500595172
0.188872750464818	0.286530325182057
0.230010408363802	0.387631229363207
0.0946948523351423	0.141902116063209
0.133131318537346	0.211475258461287
0.017304049467702	0.022610253144993
0.264201115120071	0.486945229845228
0.00999140419593399	0.0144679539066867
0.00242587620633752	0.00345711985631603
0.629883672304356	1.46110277983189
0.174779923957807	0.29392187782229
0.325567235883619	0.71442908414288
0.0761349176676185	0.118675456808597
0.304834616155569	0.659469165212957
0.393928459155136	0.987159677132488
0.0469313613704148	0.0753641607107031
0.199167026867596	0.34979851891762
0.379766143965647	0.920247072732167
-0.171492025860334	0.316205327300611
-0.00140122360082171	0.00158142351199276
-0.0618753642178959	0.0899104226735453
0.235778495791151	0.449172111058114
-0.562639394447403	1.01326740532245
0.0328435196886464	0.0342468446657766
0.0313814599041537	0.0373696924347669
-0.00970682551196126	0.0136925846083572
0.336122768142512	0.687448542222628
-0.119406625617054	0.204921383007292
0.201924579207923	0.379570495231795
-0.167727987402611	0.315066778194343
-0.139446516417436	0.241568334659221
0.275460091484323	0.579154125447814
0.00259058776090266	0.00351910730650639
-0.194369185538579	0.414055883020568
0.518550195969577	1.02140924102968
-0.227450513773642	0.220137820148182
0.443434980442126	0.510060735154362
0.540550662552337	0.45567818531361
0.343170014023503	0.428247418330971
0.50731336209943	0.453577937058315
0.102152166739157	0.104151951372429
-0.693944595845759	0.867055578114332
-0.309078980718729	0.346813148678313
0.11578762835286	0.135706934597722
-0.207710307975075	0.223893686474575
-0.0145804485663038	0.0159359323696671
0.210085572378475	0.26793789074562
0.136187101735973	0.112059487974825
0.203341618432077	0.145330986021729
-0.276652646163308	0.280031051193283
-0.01466678516751	0.0151305318143157
-0.292653463295546	0.532040768479102
0.401353940424645	0.83900867184382
0.0000678142186261121	0.0000435021267513993
-0.125073326432926	0.18450468692399
0.00674309258796047	0.00856608045256544
0.559049999460549	1.52942245713665
-0.09162965753178	0.139306180309106
0.48638684591904	1.29476914764878
0.237100490629275	0.446286005734077
-0.289332908075782	0.532268201649823
0.491533211618973	1.13978659461178
0.255526507154837	0.478100653153529
-0.31250784409495	0.580919181469765
0.221317173438984	0.380893788643025
0.0319590282771345	0.0480113910713707
0.251276020798178	0.527516959476187
0.104558370494482	0.170977894139183
-0.152192351623862	0.269136293319142
-0.0617842782079546	0.0994753306045795
0.354719655837336	0.900825359512286
-0.0407687293886334	0.0651529956756388
0.0451592771778782	0.0730485923016533
0.0287380302370197	0.0392334920685014
-0.137101744423986	0.179034338122513
0.179840707523722	0.21809899135564
0.335804883938836	0.539242462152661
-0.101259065169521	0.122175190646579
0.628516545650539	0.81774911413476
-0.565753159052686	0.554476425708125
-0.279957304835313	0.153256360522457
-0.603567668952142	0.240531594537092
-0.330471848233934	0.174304117405088
-0.0797144503045339	0.0429841833953874
-0.47585099301111	0.703917729933056
-0.0969981765751203	0.0936751041851436
0.118469467270584	0.0911941117704182
-0.393134754351243	0.19071099290903
0.0597890227790253	0.0271820129004742
-0.0246518581591124	0.0144976930103344
-0.562028471275987	0.669568507916257
0.105391476113577	0.14157210035519
-0.0851929979885186	0.127181474066916
-0.155287014530786	0.248347394352015
-0.265596893204416	0.457134182354476
0.234053208616196	0.476771873370277
-0.171105883707918	0.311447818125602
-0.0893401900635965	0.139573946120547
-0.173455667171862	0.29321425394719
0.459965996514309	1.17996141196278
-0.408393191397395	0.665750108592945
-0.239472874703508	0.19474921262913
0.0656504492755045	0.0819997146572384
0.629499082040996	1.64116062664483
0.0951145666342505	0.161217064758249
0.233049056015988	0.425228904855917
0.889245528819199	1.14929876454622
-0.855379098544569	0.387313086048967
-0.995087485218404	0.852708500380998
0.310722507827963	0.253341526687748
0.385601106207084	0.839051365959702
0.202271195810761	0.326055977866542
0.132438327744988	0.201405995713429
0.172427038625405	0.292571904524455
-0.140661335939784	0.221675096247343
0.135680338214928	0.234678603015499
0.574827826387574	1.58082015740485
-0.0167297153416298	0.0222860683364163
0.130483143702969	0.19496913519112
0.0882135818910287	0.135528282564952
0.324489121251096	0.760905950912404
0.0538572058757115	0.0834471003630412
0.170538840847373	0.311789813651983
0.121416132127461	0.22424112959835
-0.111740211574571	0.196490095586594
0.0171350371845059	0.0239809106497613
0.233148652968608	0.499798966655052
0.108807481278637	0.185947841561314
0.361343977647893	0.844675064646853
0.0265733438055926	0.0371698411460195
-0.0201882858160333	0.0269407715929857
-0.294958091415072	0.386621874682887
-0.446576991726686	0.698039363119729
-0.482970001841375	0.904731620768782
-0.0225710343152014	0.0316000964806172
0.0966193052309406	0.148418885295413
-0.428069136548597	1.00015435112596
-0.0431058723720348	0.0644287616538515
-0.138065284389098	0.236986540727874
0.0299855055402995	0.0456607504530815
-0.125167959892676	0.216116788019839
-0.0550839989451827	0.0883430328336931
0.276180016300745	0.637424102183312
-0.156494198738509	0.198020972429304
0.202411454388541	0.183039111823603
0.0600272318965383	0.0479260856119759
0.697473133932921	0.505332021901349
-0.0263099368129199	0.0193193171584488
0.0873580592982389	0.0514069694297492
0.0692592050432892	0.0380914290535054
0.0782440419006684	0.123388144033653
0.192746960586898	0.367459549955614
0.682345544869333	1.02366434002958
-0.378069080182121	0.584635358844055
0.230513858141966	0.333506900606385
-0.136461292368218	0.159635707635455
-0.149719969665352	0.183532983343208
-0.165807490648352	0.239412369972689
0.0668035072042117	0.0800707938566969
0.0220825162152844	0.0283953764265305
0.301164408705581	0.535446112327752
0.271400958689148	0.453109992392794
-0.185539885754646	0.289351598836625
0.35052307563736	0.718701078544453
0.359392693895788	0.721384237256021
-0.0262108012917874	0.0336159020978706
0.263089184169272	0.487738057241816
0.489214214161276	1.18362868625532
0.19460318003219	0.324227425527889
0.35556964662632	0.671560843307588
0.330935382488135	0.584174191725504
0.45025223089995	1.00095803513611
-0.307277296669814	0.620047560686903
0.403627392678516	0.999456414539594
0.0456554338070873	0.0667485278536846
0.216023297657961	0.415610193387071
0.298265952237278	0.698234682984886
0.251070130798752	0.536059581420831
0.206947963454493	0.394541080317592
0.688272339815436	2.14789090816975
0.118977136263562	0.208259686027622
-0.308465781348814	0.618279012307527
0.446049957726144	1.00753842362064
-0.230230406363498	0.346439824107757
0.369587643627221	0.714774598495575
0.399600241821967	0.569427748735785
0.239216350801059	0.284046236775893
0.795944963927857	0.927874123715302
-0.0489931008217003	0.0273324259694907
0.51462500970512	0.360872484314571
0.689705064786097	0.718219615686471
0.0958363744063709	0.102944615696469
-0.147850291090477	0.169605575377149
0.829243049440408	1.35701451720576
-0.0127508467373746	0.0091795953285545
0.00402637227697602	0.00300050588151529
-0.25884669109904	0.299578800860193
-0.0811424070824305	0.0900104455375786
0.0841875984638779	0.115195253113494
-0.275669372909759	0.461229190540957
-0.123258276145724	0.186948781461696
0.264269551473557	0.462088913623648
0.154638200760612	0.268849985273233
0.145071898031476	0.225738519419853
-0.170996329133695	0.269497221166834
0.0515672432699797	0.0682541965674829
0.23106581987766	0.373437557923449
-0.232925357335104	0.418282725732837
-0.304729224381794	0.453112974702052
0.487137641874686	1.16382521517564
0.165126308700669	0.296933312530353
0.215013779738164	0.408731597491684
0.00698128116321647	0.010492426148913
0.628314653351166	1.08003761292833
-0.00108652237719569	0.000659822403510206
0.202118335083615	0.158433515488582
0.103049968868724	0.0994768238226394
0.153429330445879	0.159153946168648
0.287152045568876	0.531329014770347
0.158422541434759	0.242133892529973
0.116726753658574	0.189410471727118
0.0379897719198601	0.0495236159509939
0.374237071874512	0.813088936256493
-0.166628624540195	0.299027212354592
0.041895812252211	0.0556558029342407
0.223590731910341	0.372720824094307
0.460507586383451	1.12746853664711
-0.288323433450208	0.570651690580015
0.207523025307355	0.348811240952767
-0.0244346881439298	0.0308315775447679
0.0295241058396712	0.0398230677193529
-0.246416078717539	0.477036120597333
0.446537256655387	1.10518573538068
0.64697214198254	1.68489012568328
0.197017807549427	0.365823607478845
-0.109019310164463	0.171406519378731
0.475499029289051	1.17618727584047
0.189504766581242	0.328344966497429
-0.135143303555015	0.227705360278511
-0.101635667548366	0.147355833883554
-0.119919225728822	0.173650082786957
0.271004189748422	0.491567755929927
-0.371698652989674	0.826259410882325
0.310356069917768	0.64133439147513
-0.146895795989734	0.245736069619984
0.151393036200212	0.25074394494722
0.0410204992259895	0.0596249452132972
0.0832449891254938	0.125004751406354
-0.22453058429567	0.42439315202516
0.139018078478932	0.229954695122581
-0.131885888175638	0.229432949212042
-0.0452179946892229	0.0659894447810677
0.692303512202847	1.36629076648703
0.722411828672916	1.32075895530367
1.00994839832003	1.53219840145303
0.0776853728436718	0.0752717661149511
0.208425796011874	0.156770968659146
0.208394129814583	0.196622905755054
-0.182775700551322	0.163607057752245
-0.00288866733622845	0.00215511739901973
-0.0702034379551025	0.0642666532129549
-0.429626787840317	0.536318261371292
0.114595021766152	0.120523174175173
0.0951793074910115	0.139278916395244
0.47422106992271	1.03050163564451
0.202478996853068	0.337547646418327
-0.0163344976175058	0.0216978246976742
0.479733951293763	1.16076829193716
-0.188231251689627	0.314382996762637
-0.00154044057355932	0.00208557151438522
0.374503727379449	0.785896982568454
0.703514164170301	2.15675098334738
0.186033681061412	0.335418808250258
0.425754217534304	0.938606404775595
0.0111063018540082	0.0136017314560909
0.246740389150076	0.455786233566366
-0.050477584886968	0.0730296277629292
-0.029556000479785	0.0426778091399027
0.0893627217692291	0.144299872896916
0.0206247676337842	0.0312381101064149
0.398327364845524	1.07961049535139
0.129017048475166	0.235815058004235
-0.206023070998461	0.435306154653221
-0.17243423682336	0.341996683060074
-0.0868856455417595	0.118777984630089
-0.586873015715477	1.35366297300497
-0.107210203814657	0.111513925849847
-0.103901931210058	0.122995862799452
0.0233726248673559	0.0232641926055669
0.326968176349344	0.31853341428236
-1.29181397475365	1.41635863370822
0.28248630895947	0.130500364790656
0.354553377667267	0.141925254956489
1.40356203077698	0.475605300361172
-0.0961735986509275	0.0503546768205228
0.0784139446839425	0.0681189119831733
0.578967838813979	0.643198421515295
0.666866757095905	0.564045850448249
0.732562132036822	0.281929937287568
0.820844385809211	0.670903547594631
0.101900232452807	0.0649165166882775
-0.358896654852721	0.3576158269868
-0.154515145785572	0.206521383314065
0.0261277296778472	0.0342482737529205
-0.122207186144208	0.185016508883354
0.353100606789483	0.742147432016898
0.572424871662334	1.68163672412806
0.156772831833972	0.289082972489931
0.117407623374342	0.188753056709189
-0.154479183817609	0.262815147589103
0.14573197852991	0.244700018175227
0.258840694899373	0.319611236716586
0.0787369717989096	0.0448548224937121
0.15928179374856	0.221502981280826
0.0410627045909087	0.0567178151398746
0.174649602963685	0.32095908593371
0.0378181978981051	0.0511563307301583
-0.655061114057872	0.626129469416804
0.696036793056871	0.355684036104647
1.8809179615316	1.19771763190243
0.568381270301343	0.539508551101886
0.193336444676074	0.32942165778712
0.261394060079466	0.44138053046132
0.238991171720024	0.440886116284415
0.12552115466281	0.195837034378683
0.194516465095914	0.356812867440223
-0.0992476757178969	0.16615588550016
-0.000885732889940611	0.00126994054960733
-0.377816682145877	0.76061946072863
-0.33303274706404	0.681970508871809
-0.0467348111921228	0.0708399281521288
-0.0371804160998259	0.0529311458384148
-0.737734289453138	2.75762002813329
0.17081220393757	0.339637589423829
0.173901155209637	0.349021965268453
0.324809134412445	0.76277094513937
0.015559511583059	0.0236518098238047
0.223773103928375	0.435248205029634
-0.28113452359085	0.584039045932242
-0.167724762836886	0.309953571369498
-0.284967474622607	0.524076012697308
-0.542227958346443	0.747808306445652
0.463707739884824	0.745521274547836
-0.310500819875825	0.481775715173371
-0.0996191928972957	0.156834386571403
-0.157375358700171	0.267498458199297
-0.0409983936860876	0.0582660663823308
0.106184619362434	0.186060871723534
-0.272072446574172	0.600660553031224
0.285578369416035	0.680565019167755
0.0198754279793252	0.0287181493008295
-0.254972743594344	0.555574188080206
0.103923666080944	0.183285238400026
0.489149083341604	0.883008371855743
0.31299604367775	0.317564852058965
0.982613902328609	1.28748572032121
-1.0069748988781	0.738721698478691
0.965953288038377	0.95091529141161
-0.815068526520268	0.273417611021844
0.119413179941917	0.0806172140527485
0.285639689834295	0.267257243997023
0.0534002216605693	0.0495810076029828
0.0585062796694497	0.062753979462508
-0.0027116238706457	0.00343753297233989
0.409792857780997	0.820228878895565
0.152993020494589	0.257695766551742
-0.0636226021363643	0.09783099779415
-0.152946449239203	0.259061822553657
-0.0903561875701941	0.146426508989728
-0.11432178880872	0.205021951864121
0.68965574775808	2.19341272742832
0.393791537692525	0.862898252852128
-0.236015909174842	0.461454903333847
0.238681528249867	0.422139543962912
-0.113746485608135	0.176104204328647
-0.112674318365469	0.176769308738919
0.196667678296328	0.37951237014364
-0.608774287299632	1.90118767913979
-0.128292484960475	0.238398378853518
-0.30632179492795	0.739881321929996
-0.100449393587536	0.187869367281533
0.00515601719984197	0.00832159891337829
0.0517867450789552	0.0874842832374998
0.0856057576951828	0.156291149072963
0.10286326772241	0.143239010987314
-0.48870888611468	0.940424834193689
0.307405945072909	0.366974659761977
0.358908164264448	0.564207942696181
0.726183046301025	1.43193360623291
0.449059751626185	0.506193700271205
0.214175363713628	0.15206403582073
-0.963616001407576	0.866197272037688
-0.228421357287718	0.0854836139787672
1.49704198449395	0.723051177253698
1.00485322216178	0.586648924049091
-0.0374536650599217	0.0305674348919638
-0.340415028293265	0.341276517305509
-0.471297049934454	0.315522310813738
-0.0822307385013862	0.04296223678343
0.0876725671770363	0.0524030063281667
1.2529221591241	1.24137347775484
-0.934390762230901	1.48163254720927
-0.0657269914049292	0.0812036694752495
-0.201672561314155	0.376676992891721
-0.070622644445132	0.109605900430773
-0.291051201346647	0.573829169936878
-0.152840009910252	0.28185835250228
0.286685567016924	0.601376133761735
0.0300577128290267	0.0475062664020747
-0.0732366231567381	0.109679781589324
-0.535909455407537	1.53362154449052
0.432380418702783	0.636713678124916
-0.49005460549773	0.287356458263125
0.0712622354615493	0.0925799574024517
0.273802866470731	0.527689652926732
0.291587884427789	0.734117989615565
0.49020622595632	1.12643227763072
0.710510149140382	0.638396982331155
0.0917079281490046	0.0261788230462456
0.384549495218361	0.241778891414005
0.123078266369206	0.181835503309279
0.0971290345408724	0.156576569465326
-0.182060182772184	0.322129590105627
-0.136222905711944	0.235186874099919
0.306333271056573	0.664333570073461
0.164562683672148	0.335813750226791
0.134600546802542	0.247387546655924
-0.0443611421415452	0.0624662026096154
0.421960354998279	0.912426005433388
-0.1135827799187	0.199866388073183
0.28023969498924	0.669398650189151
-0.00944220865411261	0.0147853813004515
-0.235481940962193	0.515656355438225
-0.406557564091289	1.05663981250666
-0.0399245135146769	0.0598811101777377
0.298394029648251	0.734398376957692
-0.0509975826574335	0.0818781909273532
-0.239714241457839	0.520234276947106
0.0486771087484569	0.0770343016363276
-0.26291418404984	0.54950923349116
-0.708727915424846	1.25263656534292
-0.0601785281280159	0.0601725184763956
-0.00797181599373523	0.00895441378509295
-0.270256163490498	0.593375423735853
-0.166251989216897	0.286224459204179
-0.074450393251514	0.122511916735263
-0.109700153657414	0.19912410119491
0.29820099844885	0.63742515157733
-0.138350001284615	0.260741442152056
0.0200259157247887	0.0322427196798348
-0.239657935082104	0.516130040091153
0.0865453375294707	0.148927055949764
-0.548851619556244	1.05627818442786
0.047756635808941	0.036070100731648
0.191552398069841	0.166920220090759
0.228552335268478	0.142260764698274
-0.229153428860199	0.183967901283242
0.700987659066286	0.513693738928779
0.0648742188884378	0.0315856883635672
-0.0319356239928704	0.0490170531192681
-0.184796297578249	0.226673271314351
-0.42962733548722	0.781716537659058
-0.188252512345913	0.280299512923193
-0.0909676354767544	0.137767193589217
0.458842179022185	1.18397320399881
0.381211866864924	0.804427114958176
0.00290825466425484	0.00389299578642607
0.228876530268129	0.461241984430455
-0.195036691910388	0.358407198985238
0.195547367252057	0.375064793394036
0.0213716760444256	0.0304460947649945
0.278348551326247	0.561444373100001
0.412287334561097	1.02201706096337
0.0828828735275618	0.12790330675106
-0.284147922662645	0.558131494648657
0.291023159045506	0.646007680042948
0.00250634623125213	0.00369425544188436
0.387443749921429	0.92913132459337
0.196396301637523	0.408574226157992
-0.144850642993336	0.283574522263194
-0.163512108146598	0.324032419516572
-0.129072417676161	0.246826823804913
-0.222415364925635	0.50439488141974
-0.31808437161347	0.581527556167902
0.0680880277516331	0.083934085553284
0.331958700376818	0.460314620502675
0.608421026204218	1.18752360575518
-0.15025423767498	0.211690602385558
0.139203783910788	0.12582448401454
-0.299769075522914	0.232171638837575
0.0744942679265742	0.0230645971937364
0.0473442156261994	0.0112781622394375
-0.485662338799668	0.203480156237572
0.907911495812948	0.663519748908603
0.677575496620438	1.00650773534039
0.30055003125503	0.321466882186074
-0.352124215950686	0.29300217143441
1.13467319755186	1.0977420866871
0.714514414062749	0.391974838976067
1.15388545936309	1.39848684017392
-0.234766442874431	0.226534997766889
-0.162995191331658	0.23679471766043
0.134051354365033	0.209426382098014
0.570560532834227	1.52151455433542
0.480474937909689	1.21642336480487
0.484026766814634	1.36358145446889
-0.129591509033868	0.216515425988392
0.466229719900212	1.18765279151583
0.612807004223463	1.71208263832759
-0.0546689941464838	0.082057266070149
-0.0371560572887623	0.0428566340635817
-0.274252365278156	0.216274949526513
0.377854625122006	0.753807665393987
-0.0275333693883824	0.0377882131893208
0.455072772336343	1.27511927752432
-0.368523067799441	0.703562974479876
0.123608028192904	0.0980424101557902
1.19481248009369	0.641617130446263
-0.142694907195141	0.0655011636353027
0.366785469376836	0.330498121775851
0.0296095641294169	0.042791330563537
0.395367776187364	0.819772745085485
0.380512169268988	0.76767486498846
-0.160386045178681	0.286482897839559
-0.128111783041003	0.188280167765108
0.472002727974549	1.25361671597105
0.123758764787202	0.229837616879328
-0.277829927330523	0.598834829244185
0.118302362727331	0.190191978832252
0.27133346971423	0.521114346464571
0.379224019857241	0.916995226618631
-0.0393276525767366	0.0609526790776112
0.0530864095738172	0.0857057677992853
0.0616274862217668	0.107458732738184
0.257580122010566	0.562895570498625
0.109595697501246	0.179249197631066
0.0690794501390088	0.118346791295256
0.302254433582543	0.672282818382929
0.142022228547206	0.250957864932655
0.109631847032848	0.178681651325097
-0.507486521582388	1.25637498687615
-0.206973391456681	0.275626891668756
-0.478719079862072	0.773325834722178
0.111479319122701	0.161997915892903
0.0495599290483796	0.0782511539303929
-0.339449431848373	0.716109252650595
0.0994326817955532	0.17682457804659
-0.229791901799871	0.465459856158028
0.0482809180790534	0.076942953157975
-0.150871149975999	0.288275938100911
-0.0163721447736759	0.0261979527786585
-0.100962044507412	0.167945780909779
-0.120682415938914	0.219027455535264
0.231258142276485	0.338690622958591
-0.0641807472739454	0.0524252075878583
-0.0887169320179184	0.0864408306429408
-0.711930379074995	0.642840213611821
0.118138754689774	0.0908644754533953
0.635716388494145	0.380203143670537
-0.133608785462178	0.136532325778241
0.251780924191498	0.327637469070673
0.198052220873898	0.235530179984227
-0.0378801151461752	0.0404642143851228
0.168249534150853	0.202360792520298
0.0394989901697675	0.048852204912644
-0.143026452398213	0.233066496109702
-0.107211159280706	0.171643997450899
0.0878615673887906	0.143480973242975
0.349119028463533	0.861387153111217
-0.111234025457737	0.192567783877184
0.19442859285337	0.374727035745815
-0.164499524512618	0.316001277691674
0.0685257274702169	0.113415500666308
0.28056535629544	0.630685213484835
0.30932684498233	0.682591394399017
-0.0936669944612883	0.143982084693143
-0.238145337556134	0.451975592967012
0.622644640486981	1.79936495141549
0.150520043088909	0.292030476169562
0.260658494039294	0.597234937181447
0.111963527744206	0.207984433035655
0.2332791605958	0.51999667717917
0.043696170992114	0.07578680247111
-0.290329630904134	0.717264243927962
0.0235014358761547	0.0393205699997354
-0.263802417874224	0.588450398591596
0.127586491204223	0.196739787479231
0.10388590687833	0.146909103372758
-0.0461544113547087	0.0478708330570333
0.00835458247020399	0.00907690348392286
0.491347995505467	0.915331010616779
0.0714566470387399	0.0610804102277834
-0.429578656778404	0.37850942736645
-0.0207266913423009	0.0120343283381082
-0.303204649648556	0.102331733629649
0.0727492271483721	0.0295804500207954
0.425179989537273	0.246434482052558
1.21387391053498	2.18452937743398
0.574987945872511	0.778362222852248
0.752724756607126	0.711831468650956
0.530059978011178	0.255904598358545
-0.231868189912187	0.135438435632586
0.108833489955991	0.0674480751969189
-0.251031917394785	0.279339047713278
0.178969098988824	0.27244061857781
-0.00759497634821415	0.0101361316685323
0.339873285082723	0.694334140191613
0.110432368595976	0.180427114905208
-0.0924314618913854	0.155633715854166
0.17117582002155	0.319612725693518
-0.0392028489543447	0.0613722346008047
0.430090949113037	1.044369249659
0.282339580334252	0.577149264991417
0.550817453514652	0.993466020488212
-0.5603473966579	0.378104925027926
0.112060712013907	0.150517724649028
0.142438359921761	0.247858725432603
0.191151313368797	0.383643200957053
0.334615031593476	0.687108481963432
0.385289692883975	0.339646009890192
-0.563043396772286	0.351320385213334
-0.475005990733284	0.331890714558024
0.633994510846923	0.828982347861684
0.0727968255079684	0.0393991894969419
0.255746260568252	0.497421798865536
0.247522429541793	0.50030898068714
0.158745817134506	0.26232140595537
0.290105160318265	0.620368430275494
-0.375267293191173	0.900392720310638
0.237070339333488	0.493776078871459
-0.0250116898305365	0.0344516916848285
0.290153038784111	0.629394885984573
-0.185073089792345	0.391766157653194
0.202344697488108	0.421377756898012
-0.256004545073589	0.427506035795769
0.187207836049929	0.320644803549401
0.338621353251928	0.813783421226174
-0.194674787890978	0.387042462475446
0.22564844975909	0.469198423929114
0.170423234374596	0.340345548789528
0.00700497764734223	0.0105027022081479
0.106702649666843	0.195698349176138
0.286918325856851	0.663384636178432
0.00910767543649146	0.013852432223733
-0.310890503148606	0.745114287411362
-0.168818261093412	0.284185375651616
0.0552154170933766	0.0849633024835668
0.274571632003144	0.360695858651084
-0.255264368008865	0.332412469687923
-0.231153820138306	0.331432839324081
-0.27593881924565	0.5781330888666
-0.0287905495962768	0.0424283402433663
-0.280649341850785	0.63667715705954
0.0275409644283817	0.0417148191304129
-0.105219977186774	0.184385491741208
-0.163562263580884	0.312414071205017
0.129155032864012	0.24346626012702
0.114263181031103	0.199901244909278
-0.0559103999729733	0.0888444082126198
-0.100023374049011	0.119681675454502
0.0397270453233427	0.0280447615455759
0.712572313324552	0.706318798730882
-0.0528149290003599	0.0300625915645866
0.118148342185296	0.0920028233344393
0.619585311331026	0.371787745842217
0.0784412006609866	0.068114777148203
-0.0427846865785084	0.0492613168168933
0.40567701102958	0.727888750021629
0.632816122691324	1.31252669455759
0.271921948597974	0.397672650374565
-0.013745309929264	0.0167816927400086
0.191013920852236	0.359900475693503
0.0974578457587011	0.150541319571396
0.218402010607434	0.430678639088176
0.21627573646163	0.464362976982447
0.322562531164314	0.746707499578707
0.345425827181698	0.85241757141235
0.240333273217061	0.527890442575841
-0.313317844302301	0.741918630360665
0.033124525085631	0.0531306859450723
0.0713392737432577	0.123634855900463
0.0774062073275727	0.12970356223861
-0.0241914819458252	0.0343523131803797
-0.326338177325944	0.687976784094212
0.15938621747838	0.291128675784877
-0.0293310906454425	0.0476936586017507
-0.230919247354514	0.532470140417786
0.225099122343347	0.462022116439909
0.378600756945004	1.08726285217623
0.0714564026349165	0.131934679692617
-0.207411084646889	0.43951957630464
-0.224323620491727	0.535595808810608
-0.278863169116189	0.686506573404017
-0.451601219586347	0.988623426568383
-0.577181599689924	1.19203826356771
0.117181056331783	0.135822073083487
0.779632144057681	1.72014967732295
0.355620179668344	0.57308572561965
-0.0916060389221734	0.0826991962417289
0.0428762577158413	0.0315552656101335
0.996333970805467	0.59636846134852
1.28926002006079	1.05331855829881
1.18190358577907	0.627506972093097
0.234323238170991	0.142025586194322
0.799350286731948	1.39668781131264
-0.0671633684195366	0.055867219854857
0.530723276128763	0.456402342486314
0.526893859784878	0.368758682741113
-0.429855308295741	0.262731619687357
0.832613051032778	0.959713295292652
-0.129324941398423	0.195993544153164
0.525871900505451	1.4779448312309
-0.159905149724473	0.283121292652975
0.554689860320682	1.69856843639034
-0.160811784305846	0.308283152902145
0.101884470825417	0.177912027780158
0.188876052252597	0.343540143154366
0.490216980541405	1.32782486557724
-0.0752207319214288	0.0881952263892746
-0.212194544942899	0.190285648801566
0.092882115692876	0.119681937646078
1.49222502143339	0.747121044207972
0.228427525141382	0.137638621235132
0.536863556195641	0.624332867799329
0.236946456506327	0.514662421035349
-0.0186341598244977	0.0274740409615059
0.237326170635749	0.463074673964075
0.101132008436223	0.176020929898087
0.265675779606917	0.549001104111631
-0.0851687689727138	0.134924679390155
0.075134038395277	0.113650105082227
-0.0451696556329096	0.0635536554113565
0.0981363386885452	0.171308492505102
0.257587544859625	0.574001952412111
0.0190321463840013	0.028765507276278
0.381556510093861	0.80643696471825
0.0730529394332226	0.107067943944689
-0.100431251116663	0.177249413770926
0.0760881398520463	0.13110194068536
0.127710646628875	0.253540193193496
0.1449511198563	0.30883154502165
0.219148458431027	0.490726109123324
-0.172297441361944	0.310118692061484
0.194780483790981	0.427263571631666
0.274969025418106	0.632992301310208
0.0056763393087352	0.00844948433921867
0.0543780052508645	0.0854915852748834
-0.107341478512212	0.1827582663269
0.235737075094544	0.323010607530023
-0.316846385162108	0.407134753856916
0.175834601930423	0.251913660130092
-0.0711724276298848	0.113975778655821
0.0034003336296149	0.00464452536889848
-0.214050847922008	0.451925096423655
0.44658964871291	1.21224512839091
0.0848520649040274	0.143236879628001
-0.0708621581801871	0.122087794419935
-0.0603598992296694	0.107150473345275
-0.259074336905843	0.573229514210522
-0.238662188507656	0.51345711156452
0.301570629939497	0.444665240615169
0.00877963742285502	0.00677514062334507
0.271391267514178	0.259936991304075
0.60006422732144	0.487897539602647
0.691997112655075	0.760361680485892
1.31400755398554	0.934994384097735
0.248641725717367	0.31592675809225
-0.242120655839734	0.387798883759655
0.498192984193149	0.760317227383433
0.17457629021416	0.283975708166381
0.0668987660860545	0.101268773138868
0.0137298471849314	0.020614152544279
0.123590708344064	0.203400067935112
0.0121049492739153	0.0169755533586981
0.358561629812962	0.843141027222302
-0.105243257841145	0.166820542661624
0.198826341067385	0.381248588000861
-0.270949811973143	0.588147973915067
-0.134382696676522	0.216341356083513
0.310469093204259	0.631546952669301
-0.220847411771589	0.392218409910084
-0.2502992113647	0.50059038200092
0.0364749405702725	0.0572603360890842
0.0241450044638966	0.035968582519075
0.0255954856080349	0.0376761930847174
-0.101591029892908	0.175012365677688
0.0353816165597405	0.0599564460470132
-0.202734055846846	0.408825285758819
-0.00603635183182708	0.00933287705008923
0.0404135385605695	0.0661740331004055
-0.146601982324225	0.223680565526494
-0.233486765739268	0.317078428683793
0.161798013506548	0.18720870465617
0.208461211647264	0.263981172721935
-0.516621903639	0.916750698662555
0.894771905655713	1.32021058562158
-0.00562192767462503	0.00343088575171152
-0.431755145655033	0.263426048530772
-1.35736594271319	0.626042155881024
-0.797654549863588	0.287240119533882
-0.18501880677133	0.0776979242702294
0.380696427428036	0.48340555640184
0.834319972859659	1.5188348827463
0.672795401859408	0.603950998132458
0.519427849980046	0.370754159691602
-0.178836004737752	0.0753568459037378
0.350708462754075	0.24234073466809
0.17122616028951	0.252685216447464
0.000338473727897108	0.000402287759435692
0.0761899744091188	0.117961982649278
0.429459811386211	1.0151639360303
0.181129064633522	0.336528549609861
0.0525878244564267	0.0788878061788741
0.180119313092254	0.34166483806883
-0.23681372684655	0.433110396188951
0.488177870720302	1.22506335615156
0.759415443080124	1.9679807222925
0.371563906203282	0.338905526148261
0.312921660985443	0.544262108262683
0.154467393103618	0.276676268720987
0.300942862462766	0.246986183787809
1.94651244972191	1.65326055464573
0.10734815629006	0.0694084097918256
0.197302649741136	0.179685688927363
0.0815113848059569	0.123803886383164
0.258609840682704	0.459347023657534
0.317830583430685	0.68894670574648
0.105017049472903	0.16059073301181
0.428148501724675	0.929526081166145
0.260899472481549	0.512700761580857
0.0202755954980726	0.0285874842120432
0.161193764632341	0.26644862944687
0.259850506843639	0.567788817749214
0.380728329743957	1.01014011977036
0.257249678797887	0.545735742804558
0.397109245482776	0.819663404903052
-0.0560468835473938	0.0750659353003224
0.155161262004185	0.276447439318625
0.158299073534883	0.298505001511915
-0.198424084741757	0.385303423812134
-0.0291799565139168	0.0460856979344156
0.0685196614767685	0.106731994298184
-0.344000123872571	0.777516414275671
-0.258041320086605	0.597945603615698
0.0885783536413503	0.146679558165541
-0.0460974630344368	0.0761194392704003
0.136546591292308	0.240740994110648
0.121011119291288	0.198439100906185
-0.0950157025954877	0.102135653231249
-0.614601629561928	1.21481727749387
-0.204396531010453	0.299194942299042
-0.0273612590586596	0.0422273776192438
0.0700959441339961	0.106483573513863
0.0903443941341598	0.153169319028218
0.0380116061424252	0.0589678760228009
0.107626349808789	0.180686699137538
-0.265425813819342	0.638067607119931
-0.0392009401302084	0.0648477484700607
0.000486070518836865	0.000766329884147462
-0.26644154583305	0.601673446037917
0.384366729991703	0.691369707654813
0.0248479051082672	0.0200854074657076
0.501964068287415	0.58525533609652
0.0183980899686635	0.0212970991512443
-0.0127313055527696	0.0147897827747485
0.0885391525853548	0.141070981142168
0.148351753330346	0.279875096348507
0.0546980309492637	0.0914701132135014
0.117161102403064	0.21913669391086
-0.0250857745846505	0.0378662702469852
-0.045319614053611	0.0767740274005664
0.162982020711451	0.333988746378927
0.340260772249875	0.798312929481929
-0.107015006379519	0.187698073462093
0.538548692193793	1.42973366437274
-0.195522999763788	0.369587337635906
0.397607851261929	0.953557494132685
0.345374853062874	0.875152130988115
-0.0157890263436593	0.0246337382191081
0.190131532271551	0.385603984768372
0.15656801127223	0.32209096126034
-0.177756146879504	0.385726169259522
-0.0335432524906259	0.056009215047184
-0.121820828452387	0.233318813578912
0.0549812130619823	0.0938794704303576
0.26020297647525	0.546959770896616
0.0879055421213554	0.134278397073237
0.17983259888617	0.250638196644239
0.364497295021094	0.666844439712351
-0.037485300331272	0.0505388795388551
0.388005116414228	0.539624067168602
-0.108776810193499	0.0972390856946374
1.0497896488647	0.972785069517806
-0.859414113553394	0.382383047862396
1.94287724203529	1.66097623930136
0.494991754792773	0.362339597597986
0.305989325866956	0.438887385155002
0.7122399046641	1.3554102261919
1.17145771705379	1.93952320008921
0.935554190574201	0.81737175738843
0.206650756460521	0.136380642064632
0.278823919045192	0.249974580089008
0.319816989475395	0.67081793187559
0.268819389529143	0.518725574433084
-0.143360606137326	0.237866680612588
0.180019987510098	0.349454226395992
-0.0913323390222252	0.15963716773502
0.091460265396707	0.153684790872616
-0.0641079387017918	0.102752743386651
0.404799297873239	0.892661804199714
0.167881375597547	0.299367345336326
0.402109108823769	0.800780477761943
0.209282981527554	0.193728129111241
-0.326738240421222	0.593652844417292
0.242738433692459	0.47487843036874
0.791472911594837	1.14567688193983
-0.174785952029441	0.0712373434833934
0.670570369200337	0.615087793841154
0.282790834766655	0.293946046085166
0.383793620527367	0.900581886840528
0.610119840825541	1.81879144067475
0.309661642447377	0.641849080474871
0.148205379064603	0.262856199916248
0.221903706636045	0.432167368256995
0.220953259175985	0.479072151493859
0.0556383971404262	0.0831775521055607
0.0572604313867988	0.0885723640304513
0.274724849424436	0.567562620878786
0.256698989160445	0.575355810010454
-0.387739789170021	0.993781005411024
0.167908325093828	0.30081220555959
-0.0625942447566413	0.102350790042696
0.253902427232589	0.590396528212594
-0.172945333647366	0.329499226604507
-0.028134737534805	0.0462364150105703
-0.109603372836476	0.220389878195385
-0.205832302169475	0.438408656993995
0.0619034073382301	0.100808430040947
-0.218959444234871	0.466219429634297
0.0613550034939335	0.102813588315954
-0.155504361167484	0.289121150012242
0.120406886034006	0.230048657012625
-0.18528807351002	0.356567427047824
-0.059204943418247	0.070823313977456
-0.370826670306019	0.624707047064146
0.196747706692795	0.321714617410563
0.0463613870438252	0.0759234471775523
-0.0233129634661228	0.0345570125399886
-0.134649839353295	0.239725791118956
0.0497316016041023	0.084526437454583
0.187717275216581	0.381918421692701
0.290021632194113	0.70277605832788
0.126000433100362	0.243823878546185
0.10324690248505	0.185854623055872
0.170057109516179	0.338403570737393
0.122947570143587	0.183950085225005
0.588577625277501	0.762206914311923
0.301623181344577	0.338077275608838
0.0505832851804193	0.0785982369738163
0.145498577124156	0.201055510554064
0.0359549033774795	0.0438538412795315
0.123880427048079	0.165169964483287
0.130926496403101	0.156982990346
-0.0817628715622534	0.0940023291587881
-0.121526640980608	0.162651865306467
-0.233987544807147	0.35489948368387
0.109853767114462	0.138110715106664
0.183766770237657	0.260275235756716
0.234792145285854	0.344439383184522
0.165427402148605	0.2037536911352
0.337804143518312	0.524854296527006
0.0502436207508254	0.054508019005783
-0.0189028877286519	0.0212141972377683
0.281714133270896	0.459508501696182
-0.552858714844827	1.03695118031341
-0.0305135322330906	0.0389235461239582
0.601367716354676	1.37024659559189
0.0313389794702803	0.0355648312007577
-0.172619765975368	0.231707426532699
-0.0329703350463377	0.0527816042966369
0.262533484318082	0.628025912804417
0.499090300891191	1.23241915157485
0.327645030573361	0.714469764010525
0.286629220693948	0.753838383693291
-0.00324949803022308	0.00457827565946453
0.355599324732823	0.671233875600134
0.979673761641122	2.89695257006947
0.623173221408861	1.48495774625749
0.195959425286513	0.321619132769587
-0.128223095501568	0.188323680662804
0.101907173321403	0.145933351393994
1.0837351951814	3.88162107171976
0.498699367786161	1.1968729668607
0.239019297666303	0.461467604888905
0.114996625264627	0.20131650402398
0.0118909300116277	0.0125252197330321
0.156272891443689	0.16365880242788
-0.440476799092749	0.632084402625852
0.325801047763127	0.455820645493653
0.110547692641687	0.135589841552027
0.239099344681857	0.340470368506528
0.23940277698587	0.267378024710215
-0.798196385353382	1.55980033187533
-0.364504243866767	1.12480037220038
0.0997113191339578	0.199095705302312
0.0837511083515408	0.149789924521846
-0.0483130509665584	0.0709960317229972
0.747653776595101	2.38273640358702
0.355632322515341	0.848525112058545
0.382568669801949	0.889409692535392
0.233406057508414	0.364595812684203
0.0426717258376924	0.0440520549208201
0.0136301684470986	0.0141888681207819
0.729828944689239	1.18973907744202
0.0840886857905222	0.0901202308644863
0.503575940103588	0.852027158735251
-0.108526200243503	0.112352573827564
0.123621681148976	0.191252963301001
-0.435771374726513	0.790893126601107
0.116365427152156	0.138961649265937
0.118484603155595	0.15947468321117
-0.38319223235581	0.777098182642142
0.3663316676216	0.784701711676126
-0.116111168882608	0.159327962225632
0.0815043738451514	0.0912977690453753
-0.442272795644746	0.792005525455277
-0.00834732741745814	0.009813081845093
0.216151080949161	0.290809973352021
0.51287771230052	0.855331216178153
0.385741812828831	0.670646298264115
-0.304963255668778	0.448581983227477
-0.354419142927337	0.535244832674447
-0.230883792002693	0.334348861178999
-0.239397417293236	0.391515997285698
-0.156975761171306	0.353665520619536
-0.0245058145271454	0.0429912169872328
0.214014660959731	0.444237817550239
0.149354461857285	0.212482081206084
-0.649718548225748	1.68790150481866
-0.13655305298656	0.185541615073955
0.214620754154127	0.300503901988086
-0.115099288650633	0.154257571085813
0.164110336263501	0.201575294728455
0.415546296018729	0.790713908344535
0.181656319226494	0.267645663811454
0.299031595901218	0.768832334380902
0.0390796332714702	0.0581305503921321
-0.10395070172221	0.196491558773714
-0.256856688038834	0.529338232071602
-0.781476769550721	2.44948180954219
-0.0364284999689242	0.0485241952074506
-0.370517042262334	0.699111232995213
-0.322729546025741	0.773902480489664
-0.745051281616871	1.75460991725391
-0.528163779194765	0.807814900034832
0.146477467450677	0.142142068987302
0.191374685886262	0.165885149720254
-0.856743725980041	1.11850228008603
-1.10484896763041	1.45574509608411
-0.420815554261646	0.490600403454933
-0.152614628094422	0.109268068480485
0.442136929233501	0.444055264374424
0.00919756245366854	0.00706343472924052
0.0166719185532289	0.0308792675786265
-0.000836564187241002	0.00140381318456126
0.5041849701956	1.63673768821023
0.68201561518575	2.41675549816462
0.380812445415483	1.09226516922237
0.338035414036959	0.880521509374782
0.0418277749035888	0.0515624362832913
-0.0302412055599102	0.0358734238872747
0.42730612133576	1.0192491420049
0.679461137682153	2.78299375520086
0.328731371450172	0.95445546390666
0.497782884043378	0.45481203911957
-0.786301956181804	0.753340443701651
0.0207004819812143	0.0136008540353478
-0.580779361052503	0.636753662177772
0.200629956080768	0.169339885059075
-1.00703352951354	0.816314875052294
-0.0432404613207767	0.0315246578296239
-0.391284254482521	1.26585845586695
-0.0482805299112788	0.09863822695729
0.453865095888236	1.52027988047228
0.455801426102568	1.63944530530787
0.687653704903326	0.862481570573098
-0.81687619307685	1.80137500729106
-0.379058553316726	0.339029219585683
-0.490270201687646	0.570680736455157
-1.99738824285104	3.14776347376349
-0.454628677215256	0.755666756222266
-0.641539773409859	1.28550008609937
-0.844932050826005	1.13963789229358
-0.346643067287734	0.287443209823869
-0.234981120732059	0.20860417454456
0.0875258555442712	0.0742130191539826
0.115804646440521	0.0887047614134048
-0.436211313537503	0.482086406071162
-0.858390047489308	0.939811833201051
0.271623398977304	0.259120475267155
-0.140982582078392	0.122314794593218
-0.937972239465983	1.33856621040063
-0.341164571313773	0.388421718464367
-0.737607412260212	3.76917369240353
-0.440030669109341	1.6050223358662
-0.0504433386418826	0.079684997396939
-0.623462455821594	0.829912246521744
-0.932224954189675	1.79121657138587
-0.698187596123189	0.839282254807067
-0.733739886118351	0.828017646645196
-0.428077489689993	0.402746884519934
-0.73890399556753	0.831290596692341
0.219345814078787	0.162428820713621
-0.122185526994467	0.169765672612028
-0.125501926581593	0.220653559144006
0.025740359344081	0.0319689474027757
-0.0696031987398849	0.0899725171780428
0.481341370814753	0.922151098208074
0.596206585242264	1.28046452578269
0.572514559198521	1.1980545222773
-0.230762787268821	0.368627216034707
-0.364024046764417	0.613140740828993
0.653785655414497	1.05509876792974
0.147592380157888	0.150081996529584
0.196238767364289	0.192897012011364
0.196308823048702	0.186916481633495
0.625690518234316	0.672606310868156
0.577559394338984	0.798945721742892
0.728106461307215	0.961382929006646
1.08071687569017	1.75359621512481
0.821095503101169	1.13657448597171
0.337719325978258	0.316476726528271
0.719501873311647	0.610064364985434
0.125236818966871	0.103416404088477
0.831223093349689	1.05976782845645
-0.173092108398669	0.156379556572087
-1.33709067811286	2.31340601797656
0.933294522915734	1.37693714659943
0.206164917125122	0.185090531879191
0.793369564659519	0.941986350112249
-0.123978695434527	0.107011685783461
0.0989257101058996	0.121104505425105
0.095781630851489	0.127609360734146
0.217806435265012	0.454311845034402
0.42321349666239	0.912617744263994
0.344954547325728	0.71959843675415
-0.0247317211688479	0.0351931239398139
-0.144953409992486	0.225816953443828
0.021224029927901	0.0257535288742341
0.336407586918842	0.342325325088759
0.19616284843932	0.152247195845178
0.763033474114388	0.912631745941139
-0.426236619987621	0.380860743316048
-0.749441965505272	0.945521488028242
0.771238498181517	0.833566108597961
0.10934008109946	0.0733752181277552
0.102015880086691	0.0703112132623843
0.0261761500746258	0.0175252451225247
0.0800269275624104	0.116077137613764
-0.0238043043185523	0.0337390531787488
-0.0179093120533638	0.0216618810891371
0.366192697340611	0.82108678016728
-0.118323481071839	0.0773915905089464
0.131303621711967	0.117932433404484
0.358874076154415	0.430066026958073
0.458460279895854	0.509251367032261
0.405748412835534	0.432505394978273
0.0213380766834634	0.017041210212748
0.783441766055867	0.954909101930606
0.69383048854122	1.00314750655044
-0.436311448715587	0.443092431626607
0.515253881217458	0.456782970987601
-0.151759931311408	0.11362260794431
1.01542252711426	1.5925768292046
-0.324425210520697	0.244858819626221
0.0430124730176	0.0323762423201576
0.555628241437921	0.717943016554625
0.0452994615033405	0.0348311062104524
0.0175915020239113	0.0120831305697006
-0.512804614809198	0.514954061585271
-0.569731820779947	0.756535192408332
-0.253159195862939	0.46300428882801
-0.154702188783011	0.259407171293631
-0.222755400655102	0.364408081406144
0.601041893354357	0.666320798571079
0.14925243718176	0.149025369437299
0.0633342183087814	0.0510081335225725
-0.418385050013381	0.427265939474686
0.0608120036771557	0.0444486377081356
-0.147236092278827	0.112654370146663
0.760424272734576	0.925318061234269
1.16726653600502	1.59997540973977
0.190608602909289	0.163614339961296
-0.150257063252769	0.205430939383396
0.0666934661836412	0.0891869163687224
0.260258953262808	0.396011512400135
0.382253853457221	0.667130731866283
0.50155341170476	0.872577830484449
0.125948774121629	0.17880245190434
1.1761406237015	2.33821567364866
0.556509070268753	0.629527189423771
0.000292454431764066	0.0000654239694383748
0.0434911844594295	0.0317171551014113
1.31823369539594	1.65368172652328
0.0364196169618891	0.0252187659474656
-0.376830620167081	0.340674836050546
0.202305390106702	0.173336986476388
0.405559225098647	0.345098699496018
0.766470658984381	0.91602627811696
0.65855976324387	0.588350411251557
0.433736859827168	0.426678604519223
0.564150362804957	0.4795057998949
0.700768978112421	0.642495096642822
1.02151329004695	0.728411716443031
1.06714081077907	1.09427181023618
0.820821320256585	0.754479819527683
-0.0722703065530707	0.0505556588076304
1.97930229538699	2.25385436723435
1.14259256208158	1.236478540188
0.338992298271569	0.238556559994745
0.416463298427722	0.34603002996805
0.0785045909896937	0.0454901128701004
-0.218021750381149	0.311250416079404
0.274225479416822	0.423387772352655
0.250427678447015	0.288582292258998
0.108142680794795	0.201616547651656
-0.153964636985453	0.347074542712227
-0.114647769409034	0.229473088770187
-0.0522395244577478	0.093171776052741
0.0656859364027738	0.0799015301465748
-0.00555116639339336	0.00735818357298293
0.0244049535828824	0.0405441483412609
-0.0427531707687986	0.0711979733100041
0.0124803794723682	0.0164467817966479
-0.150655684162959	0.110981664415274
0.245670210380333	0.129287311583893
0.644131264085763	0.469087069220126
-0.360208200070282	0.234984966389437
-0.00818151840371588	0.00473338912218815
0.857068536081261	0.531225025495977
-0.85027225527567	0.395819065604691
0.0722373582081702	0.0359128632497942
-0.0178918883103773	0.0259000839728748
0.676095664968308	0.620243603652282
-0.0523880339869395	0.0290978468108425
0.355620910947838	0.333866202635485
1.45462606569105	1.09458217245701
1.39999379658944	1.79609219258162
0.861156134581114	0.881411808459007
-1.51002591474785	1.80460500837877
-0.416218743635475	0.413576020667475
1.02921386489248	0.850884143316797
0.323490687059624	0.227693117144639
0.930938844513949	0.746369110465398
0.725607305019116	0.62204664539458
0.104301194424571	0.0721757968963177
0.514048039123364	0.365120396562843
0.211889867489125	0.143902747441582
1.69477988734243	2.22083511358794
-0.426201548584878	0.263719952560601
0.0853290014060611	0.0489489473197278
0.0897042730538834	0.0585062357142726
0.0633384130522824	0.0979565132509311
-0.0652752235101362	0.105507483052397
0.25879542347135	0.454552791297277
0.3322743668435	0.245915975071609
0.204736183023332	0.178943039057637
0.573169642008522	0.45072161190751
0.353437335747009	0.228906691630724
0.952348249339283	1.15335930841738
0.33917796503139	0.205630376810726
0.015341696954042	0.00997878842284661
1.56459071896799	1.95101449894387
1.86179723418107	2.38717244907419
-0.0559767633170764	0.0704065280335469
0.0653783868978757	0.101607561315249
0.0497149444081393	0.071145736034137
0.512920489387603	0.974846807002012
0.22465313663498	0.310587716169735
0.537161140933502	0.94205496672348
0.300119720033848	0.420639431891676
0.46095951556687	0.863606248787634
0.1127157316843	0.11866259002017
0.472934759045102	0.510566204331989
-0.142923559889026	0.116808006752027
-0.0579206957389643	0.0473626690153067
0.211853461105884	0.159457726254147
0.538324650354691	0.545155603636041
0.311697297666885	0.244269860323278
0.11251503788833	0.0858039297220898
1.03757106481329	0.845644614347418
0.983209683461689	1.02664294601573
0.643943430662662	0.506628953159211
1.01657576040414	0.707243480960397
-0.331380872729642	0.173648008932972
-0.137874552622502	0.0909885065213034
0.248837582659374	0.127966535323644
-0.383794441697297	0.178740309156229
-0.0979543371964786	0.0511194208877653
-0.193324333476117	0.26196641312351
-0.0436562610197963	0.044136490788107
0.20470206016561	0.345501527594168
0.0129668611335189	0.0121724530743704
0.243681175588301	0.60528278079296
0.244129304203593	0.578521154837213
0.102878112730515	0.201988696870064
-0.107231168254441	0.19455421661943
-0.059517326437697	0.0996457743576503
-0.0497326861584398	0.0278849811636011
0.338867299104191	0.240371167079096
-0.675983961883089	0.504917198472143
-0.773987870903221	0.546055647222272
0.217514624089447	0.139435429779192
0.467612186100037	0.24848444608605
0.0957813470890965	0.0565601155586501
0.0875655349971975	0.048489924760055
0.0528798830805642	0.0384770885356391
0.212430093155944	0.149199209745975
-2.87851167791978	3.16887149600314
-0.724782373163203	0.669938557596867
0.445588786882221	0.428557044755462
-0.427289591326159	0.345553694629338
0.069754835932824	0.0370136578133796
0.562930026691047	0.377020612155696
-0.319191305483616	0.160942969115828
0.977813974475206	0.904804551854176
0.808037455101431	0.767733112966401
0.228073694869069	0.136731852805745
-0.0635164413608039	0.0340437149372066
-0.143491349441037	0.0934296481543842
0.230261986159717	0.127786403181259
-0.716121335887626	0.709748207763595
0.214751102439289	0.17274472858564
0.217519736614306	0.368014853936856
0.698487232675526	0.785806815831225
0.961541357963962	0.935711185075135
0.479433828196736	0.354282766343286
0.222848172468754	0.133636057027092
0.367731683786719	0.243246634943213
1.34866346142237	1.36146233055087
0.0122692625849735	0.0148075556337435
-0.289664921402827	0.395457399651619
0.0762329103645697	0.103692205353334
-0.32782105368867	0.563359166045029
-0.392771874211076	0.91450747429898
0.324696430399764	0.825288751747593
-0.0281212030050492	0.0401608086740964
0.110979630642385	0.158729020046122
0.488871637162179	0.870779248959732
-0.595419454028615	0.999343170166885
0.355193693919876	0.533079638301942
-0.149364107211282	0.211186131412689
-0.099470312509086	0.0860026308986485
-0.682780839345722	0.711848420216156
0.202085069896617	0.143055997028973
-0.137822624951683	0.118022932135721
0.9395394592718	0.801492802639216
0.395249030501639	0.330019934227181
0.210470309780176	0.147773759709933
0.285201108904004	0.234029555244979
0.462285508084582	0.257204356791073
0.215629591391526	0.125528231035281
0.211659757245855	0.133607677224552
0.21469558729129	0.17015475786314
1.54447073368195	1.00269797794676
-1.26819548409798	1.23163426833116
1.56877393498064	1.3351014525711
-1.31041122381493	0.999967139433236
-0.245415394156146	0.173256551611157
1.00881426895463	0.579764939640381
0.225711689974754	0.138132281777351
-0.149256242088742	0.178613652119559
0.092959327192643	0.20249261461467
0.0510636512011179	0.0943997659192673
-0.00122571402325126	0.00190583503020994
0.2027190094174	0.123577926023874
-0.610871513622321	0.247125742542788
0.226284672827812	0.122939448616411
0.0632946421295998	0.0264141930627781
-0.322550640343294	0.215926531157697
0.0701650390395331	0.0321617665029767
0.820008369446861	0.429275087938185
-0.0334773977177683	0.0196322735030304
0.234971567833956	0.133949262416941
0.231436916584927	0.142997464506651
0.525561991300571	0.366309647131981
0.54502730299503	0.618318896737459
-0.274053281618261	0.192479986483071
-0.387938361223518	0.186858694393916
-1.02481995650444	0.603910856826968
0.0635087303676389	0.0305013132742162
1.14932710625275	0.992901372647717
-0.575958394952574	0.308787059068222
-0.626821906106508	0.39154624723718
0.0667697534386969	0.0243491225803949
0.0771504965148876	0.0436431574438524
-0.590655875035356	0.460737045511954
0.0710957770231436	0.038482750882335
0.310941556621184	0.56447811425607
0.953396641992752	0.881893494505381
0.0849426394138765	0.113111945178537
0.0896736893323927	0.124183604415814
0.0925419614461177	0.13252153173707
-0.051431014647856	0.0790641023262725
0.147418563027808	0.278789450072214
0.0125515660792845	0.0173682539834256
0.0906542354242065	0.103228266988349
0.138212656416371	0.193204139000948
-0.251593944373974	0.340442798860071
0.438397746241249	0.654670623455989
0.498664063654436	1.06047433006191
0.327657505378507	0.404699310864769
0.087515786393272	0.0800749796982146
0.345537675664278	0.321742414219751
-0.654780945257649	0.756195724349218
-0.694247225600807	0.604114477167675
0.0439924753723847	0.0304043756424496
0.531375638681266	0.461959427176103
0.582303873656033	0.731553615037461
0.120645241117731	0.0870455396076715
-0.796182400770017	0.762748700527025
0.312399578032835	0.249756496608327
0.677689332686778	0.774469605983214
1.35182620505187	1.4100297059323
0.42208205810161	0.349218198597863
0.550972215998891	0.463873667814253
0.374168983709459	0.233318180003511
-0.375489511079452	0.27355322024306
1.33926786057756	1.54133534523085
-0.0659891533442621	0.0695245599206351
1.34140606279514	1.48485554182874
-0.0657808906391071	0.0356656215838061
0.217210644045209	0.129985030172894
-0.500682910699723	0.434777354300974
-0.116918077665212	0.0567643374057646
0.00506039152309407	0.00302329631918805
0.206487861070634	0.128277298065635
1.31079953988243	0.977193725067195
0.603949930977753	0.280985884086667
-0.00449236287450711	0.00276170694070474
0.0463637198612462	0.0334523334229514
0.0889368699810673	0.0539799044863329
-0.00181143081394682	0.00125454118029795
0.687905045046997	0.779068495585022
0.568248198040368	0.565731448075633
-0.205820276969406	0.180958719949439
-0.612127267721193	0.498878571101459
-0.204743370723877	0.123728826555931
-0.779463568651034	0.636663863184157
-0.880183416276652	0.577960836414382
-0.477070781476399	0.385752893772185
-0.0294059164041203	0.0175248637164409
0.467612186100037	0.24848444608605
0.603966326716629	0.494995837800715
-0.342728129706793	0.258052806939915
-0.122783236637011	0.0600172892347409
-0.77503372101437	0.674189846047388
0.173475570472348	0.263871181877104
-0.0501639718442863	0.066196180201567
-0.177651803656587	0.347649747401791
0.333902196398161	0.837678779003549
-0.228125332190827	0.600223913753127
-0.150118279090509	0.287755662979297
-0.757440365549933	2.01614978517642
0.283910009784046	0.486323414567232
-0.191699822810386	0.283488133219703
-0.277242896936786	0.356239093463018
-0.245930373469314	0.447787782341176
-0.526315686558482	0.733350301630401
-0.262752443257714	0.290671472681463
0.544048202465264	0.546487530191419
-1.01227287711419	1.36576940233316
0.770214709430703	0.744747383960304
-0.229160648845865	0.131077862001846
-0.717014499310205	0.70240054837701
1.15463583316375	1.28061204594079
0.206624562402836	0.16060389970316
0.28595029870664	0.242658433813392
-0.0381740993241646	0.021479618730523
0.38277413025096	0.235276272700053
-0.57117048597478	0.308706896581126
-0.627413283788837	0.399762835947602
-1.18491727913415	0.753465376837706
-0.882474516422817	0.604888263038786
-0.0206680033286661	0.0220671094008498
0.998352352204533	0.592107652821515
0.0553078528636976	0.0251749089127161
1.54624411918628	1.0162861471359
0.622894044494142	0.388313864335584
0.607992218193391	0.283519262852047
1.02908411949439	0.810658809254092
0.55315333576973	0.3561685266376
1.16117593049869	0.756423484494941
0.0716466305715388	0.0309159563107631
0.0691240077089706	0.0314767278739063
-0.312910086096941	0.269668714924502
1.81437363139793	1.42249461849249
-1.34903449356527	1.26427083359211
-0.283362633439108	0.157683885884541
0.522600765687418	0.440224038554696
-0.381358138355134	0.323260693320453
0.218920190379185	0.141743324858229
1.56236114722045	1.36457504929775
-0.306893232652772	0.106021063145118
0.0754396239574825	0.0400806088750629
0.419018322685845	0.247287982487352
0.383379093185567	0.227603608887775
-1.41512676508268	0.863202799359309
-0.964501334336714	0.95138019415717
1.8085178520137	1.36921403459541
-0.14627290446608	0.0668354327279625
-0.112127820447832	0.075412075291835
0.115116364886128	0.169739924956321
-0.298747470200215	0.846821625393568
-0.441551293382873	1.48314376856368
-0.4374612603706	1.67828247041327
-0.317268840455721	0.899499245627969
0.0384775957769191	0.0644489058246873
0.178997228299891	0.371606757886562
-0.0650264180409671	0.108669231284478
0.173593447155747	0.299649224460631
-0.13582368717834	0.258413090307963
0.411506200651081	0.941106404112693
0.581419845089127	1.28272993981935
-0.147486082656422	0.170882848772402
-0.13740631209058	0.163477071935105
0.283794244280107	0.394981886303859
-0.166254547870353	0.177185898718814
-0.603466970469136	1.00455922469969
-0.360465263587737	0.540413037356179
-0.0738792615835421	0.0720208790964151
-0.304190119859714	0.333191879400297
0.0914916992220628	0.0816556296876757
0.0746435870253712	0.0643408457294302
0.413222885903708	0.429710814616054
0.249184376391301	0.245247701754324
-0.00837767526131668	0.00505642516178573
0.943598712383401	1.49112335443773
0.339007388772875	0.32646537532081
0.210144682781752	0.199721798111827
0.0366592139407933	0.0266377931723271
0.00829682452904128	0.00552794658125561
0.0570244613656645	0.0444932793342767
-0.0263350722765002	0.0197950004473084
0.217492966387733	0.146082533308236
0.208607069101039	0.152449840930365
0.826723487964376	1.25620743997424
0.202695744279212	0.180893978446538
0.215352684474902	0.20007935539
0.79823316572005	1.00495921797133
-0.119642122531396	0.0801660765543092
-0.0413727680826498	0.0321144383420906
-0.0943460820280101	0.0743224280982058
0.271971059490521	0.277964669561172
-0.70873740107151	0.937353984358244
-0.408851039419835	0.458600068676832
0.0102926959309424	0.00832448505853495
0.543609506062134	0.681439797751019
-0.206563408456326	0.221837076198376
-0.0268324620057015	0.0197953044717006
-0.141702657678942	0.108887832620108
0.830846567331632	0.958096175178214
-0.297093823709144	0.255851327609014
0.617397610406424	0.655367373929551
0.0162001125731909	0.010665447042146
0.274811600270454	0.244356576464604
0.205430171599739	0.152715860166232
-0.0226193477283751	0.0170018252263195
0.200658200541627	0.170203874597895
0.424511769693087	0.516777321250226
-0.131435354556982	0.180000750567518
0.342014662938229	0.645032553376826
0.172543519694616	0.32830573429864
0.209192484876679	0.443386226504782
0.0795652678487274	0.120699054463985
0.101540614794635	0.220391706520505
0.687801778229135	1.80191043536163
-0.414580140081934	0.610264575090146
0.46487928659943	0.582904784709793
-0.233989302515909	0.271024002001774
-0.260021087122426	0.241964044194384
-0.019930403980503	0.0144334679410753
0.145676884336415	0.127673587013715
-0.252821694341903	0.218045575934726
-0.19046091894153	0.155318879359316
0.366009695683611	0.334714409603835
0.205303583050256	0.156788979167781
0.964811590143297	0.945893695159623
0.699292439842931	0.514432618296285
0.817633286811483	0.440000422425588
0.245280238556481	0.127197325987077
0.375083177399585	0.244715676788193
0.652655558412697	0.497885518535189
0.988171506224111	1.04718524059211
0.825012954876953	0.743744238384549
1.45144143490385	1.63996396342151
-1.18935641674259	0.813030671523514
0.458493932981484	0.249557641865347
1.28247015096576	1.82092332238348
-0.384185090588449	0.287546722098343
0.559377660806683	0.361992973554375
0.28277769724262	0.135232984467403
0.356855235708458	0.232152154287639
-1.13337561172342	0.897480671419747
-0.307391610205587	0.201964584118852
0.863141429285111	0.548609379574522
-0.782169276042174	0.622905134586849
0.312091901785669	0.139613382892612
0.0704339629808652	0.0226265844299487
0.0841742049122148	0.0473591796836817
-0.0909770515820496	0.0481003296828951
0.310395668181454	0.647156489148283
-0.572318358796073	2.33657171930279
-0.523037921014431	1.6890843690905
-0.346321708499515	0.693458795853185
0.920309473319671	1.19446398829086
0.474101601153112	0.536123289345296
0.266082742305396	0.26072369601471
0.205073014889623	0.205048671655305
0.409735386977713	0.621998556609519
-0.847786468176274	1.2500053800177
-0.145728331131332	0.134492973610685
0.531947014623297	0.631318402220509
0.00152136827716459	0.00118387252062854
-0.317095376652397	0.424607935457322
-0.558065618330997	0.573933026281102
0.665058283290102	0.770491293899412
0.201554283127799	0.179832920372192
0.557796134098404	0.628328031641507
0.587332667300262	0.703460199644462
-0.564899965097527	0.491427984248286
-0.287608371861774	0.295049363689706
0.108548935074151	0.0810805407801153
0.192817947904679	0.158477806033267
0.048389805954715	0.036367802438826
0.276327169408355	0.528760212652753
-0.000568299375088952	0.000372382842149154
0.672683120063682	0.786098900093509
-0.250843497199316	0.243764644669908
-0.269975816148097	0.28035273760621
0.103000053777711	0.0951164210193287
0.517282488637814	0.758869003001558
-0.36906625027363	0.329562359760406
-0.166704437300091	0.138620715304591
-0.104026877819783	0.0912204290681338
-0.247827964405138	0.235186783306425
0.842735960103079	1.21924960005622
-0.407143129285399	0.354903929297785
0.0564282289799727	0.0433754184533274
-1.05680507046568	1.31480570360273
0.0158882296446503	0.0105457560288474
1.77152247295992	2.37370431442252
0.682608629859657	1.11954716992327
-0.442394487619649	0.493782747144061
0.57055725566414	0.725403258900961
0.816747939029539	1.11443294125172
0.941588320065031	1.47271537731997
-0.044932184750388	0.0497185884118719
-0.253704909487973	0.256820759096816
-0.0686176568471893	0.0539807399337707
0.20200339310851	0.191227885802673
0.44906595153033	0.586899205138342
-0.878782029199478	1.32925576795017
-0.00199653004434997	0.00148620693621592
-0.239834914216188	0.233027608649153
0.320291034635808	0.383422203769886
-0.328144758162402	0.30831277711453
-0.18434091207391	0.167494875551481
0.0940370868007343	0.0908370987141246
0.176758778534136	0.307657434388717
0.44385645034864	0.802637622165965
-0.550622205037375	0.663164502537148
0.446978680195737	0.606582449068885
-0.0115631608672414	0.0100497309978788
0.135737190056337	0.129827790244922
-0.204422088400385	0.231683618018644
0.0516732155445845	0.054616952036644
-0.161636519424443	0.191111391356809
-0.599071294752687	0.875962504539242
0.49620227320745	0.673776119464488
-0.0677240812672582	0.0670017451650355
0.119869545671036	0.126042914905925
0.298733262717015	0.409013539039799
0.380765513216572	0.486080229451463
-0.128861207146139	0.133132853794925
0.349044159092592	0.504543278623222
0.246431308802535	0.278172581892414
0.00374810572685773	0.00364263486512232
0.429549471791595	0.738642367467072
-0.263427304074883	0.30431534498399
-0.334983099724292	0.429349490310474
0.198696698885724	0.209625040174433
0.148789827306379	0.152460976133023
-0.268048913830233	0.384626169096631
0.0547707847391543	0.0513653943983424
0.0052947212087213	0.00457303842054652
-0.725257238612637	1.15987792736153
0.263803040892256	0.279207031204986
0.556096928004465	0.724498354383109
0.575733762028526	0.732852338894762
-0.372331362029557	0.434868873822025
0.0642106520738469	0.0576680327637959
0.0757481445051656	0.0668609984079389
0.331479149678894	0.445219661233166
0.0552306063988352	0.0592776614377101
0.084030214723007	0.0792620361386192
0.552714465798566	0.780760702833342
-0.127573131518616	0.141624371663087
0.11187908560818	0.120051180502908
1.00913764481691	1.9933879908289
0.430496063695551	0.65155098601088
-0.33405977550514	0.422466539951481
0.264866915369223	0.3704624716005
0.406320809595078	0.510667854892551
0.190292056729722	0.223352911535265
0.125183269741436	0.165225864817553
0.669684347402883	1.35498260021521
0.454812777654025	0.75013082129331
0.331159390049586	0.463848492026048
0.236416012474239	0.331572229456154
0.162108607487256	0.18977477156017
-0.25051412117249	0.322899834088294
0.299510525338309	0.36431918893117
0.106622096314967	0.132099859426339
0.512331298219331	0.785620727661059
-0.424922855424645	0.650819860014029
-0.38287239309515	0.578753858375277
-0.143664236447415	0.147834657528666
-0.506404643001876	0.734553879470304
0.250482467333906	0.325978687951955
0.190387210417342	0.211322891668061
0.175194586571253	0.229976545766685
0.0896012672680852	0.110629984201612
-0.588242032383207	1.02418808186339
0.417343092737928	0.598020960100725
0.187302495146019	0.215226716423601
0.487812528330761	0.688020693194859
0.478197637427221	0.687454765650309
0.178354210419465	0.194923375974068
-0.0644954637682005	0.0636788933582441
0.252695716116778	0.269302915914138
0.0967350778704605	0.102566663218328
1.3174131584216	3.1171193470927
0.147357067580818	0.152379912012926
-0.0791159284348582	0.076996220442631
-0.155331293441043	0.239359635866366
0.0539833624243014	0.0566202025166657
-0.0392120617165583	0.0496841856565573
0.151321052387535	0.160089552132324
0.58372206730607	0.929137169986709
-0.268378190134835	0.28961182894575
0.0341714889109377	0.0292731609173288
-0.65583688490423	0.954493568038773
0.718786860255299	1.02433930804829
-0.0616825525631265	0.0548984219975915
0.127795013191683	0.111408247224226
0.282427865835744	0.336047020112631
0.797674213063672	1.20372973643997
0.778068915620133	1.10528385443121
0.193573568305518	0.15219611891192
0.291927007226136	0.341603721514195
-0.169156655932821	0.247193090352228
0.307090938123401	0.458452588222457
-0.262197996676194	0.420676167611659
0.60977233035324	0.854997461748733
0.62060842117847	0.872216645887082
-0.323992190638319	0.340255468322245
-0.154281395302283	0.132330467775728
0.827621192862768	0.950042426822736
0.754546659791131	0.900217078892197
0.703002192631929	0.801520544391668
0.835271500436671	0.979033874198983
0.0458864176519245	0.0319703408729778
0.70874980863269	0.882135443602373
0.537683831236288	0.607212538066373
-0.173813719315802	0.147048357175193
0.443363001640572	0.519265769709269
-0.00804274820339317	0.00963255019583528
0.12702278677391	0.181381257208712
0.0170705270871445	0.0193656093466081
0.710237061167939	1.12764914006586
-0.0955873126706287	0.0834875830286003
-0.209628060139065	0.15255106353607
-0.0652104590396626	0.0439280935243962
1.88674483456511	2.04311320616611
-0.865133893385163	0.819703064026925
-0.037687076229907	0.0217543579040848
-0.131759635883224	0.083851638295693
-0.177289536207692	0.131673167269589
0.290877586129089	0.244511754008641
-0.108927511545469	0.0729406511663184
-0.639076009567654	0.60438272019516
-0.164043611161488	0.275197745725719
-0.100545511029247	0.161795339322991
0.152540953505126	0.227935806977736
0.116687613599753	0.0846747174623972
-0.285231056529743	0.260383524023516
-0.371733768889469	0.264118533814596
-0.132560175171916	0.148231779787406
0.0468710288275495	0.0345004194976799
0.0976586471848551	0.0605456568106185
0.314431673807315	0.245505340344519
-0.864484858875279	1.0463680162166
-0.0970554982945712	0.0631614553610642
-0.665393051275944	0.701063164146165
0.201371538926712	0.156811211007479
0.0801830943902159	0.0472949948914164
-0.282909276454493	0.493943351563867
-0.362709897447993	0.661848934655912
-0.489876500182541	0.506554853804789
0.205713469757648	0.167835403814298
-0.0169287280454043	0.0172631372707353
-0.949603887027158	1.33559850834907
-0.0514618231864029	0.0358353530383873
-0.407202837793942	0.448636651664393
-0.146957438501196	0.15846155501144
-0.37423572435381	0.543464716084772
0.296257036866258	0.381401579311812
0.076104994398282	0.0728400811706171
-0.187192787622757	0.181240750602128
-0.142186948075641	0.171621847273039
-0.06155825840773	0.0646740001141923
0.59441131105023	0.913934477687526
0.326465627158517	0.351701456253733
-0.165558193881779	0.175169270674549
0.0336824249977867	0.0339918490409473
0.047903928503841	0.0438640967617119
0.172666743698695	0.195910908964636
0.00355366295485366	0.00314340380281951
0.239922532529671	0.315547055235084
0.690152679439115	1.13725691407918
-0.133147790984893	0.134439448083854
-0.393846106087562	0.538347369322423
0.315127538132955	0.449165925720941
0.200934521839877	0.267637681748648
0.0692023034765709	0.0789138578731464
-0.476988080439081	0.821387436987439
-0.306910590800934	0.462016776859345
-0.343235425351147	0.522429416207772
-0.138571470399858	0.148736901639781
-0.0244471399029877	0.0225194343281464
-0.216725731948388	0.307506468312761
0.191649250002099	0.23966577641727
0.108336830423444	0.120686546880552
0.894757187647434	1.92153444802616
-0.0572831999197026	0.0615473660320645
0.175769163270285	0.253979186332993
-0.333881360973496	0.589357635173808
-0.0455330861162832	0.0602271805197222
0.232067544525299	0.364881329889549
-0.10022530550215	0.13303179263978
-0.011916745674088	0.0147140508612949
-0.315357590572798	0.593058911217952
-0.144109979983955	0.222265927830844
-0.0469813788306153	0.0585675645264182
