x	y	clickSelects
0.106758850727236	1.77373991441385	212
-0.02143262855827	1.96618538908046	212
0.12466854596608	1.56331203357283	212
0.00984271952282201	1.16491883386485	13
0.00780507193146396	0.806445662047759	235
0.122633502861085	0.502403768984357	235
-0.10512450327986	0.461480511131395	11
-0.11118502297239	0.459316518641114	36
-0.10522473116348	0.476697883437059	36
-0.10590693690656	0.457445046305864	22
-0.05870215981352	1.06809940967913	31
0.102387069366302	1.68502152203112	212
-0.0458468189424099	1.08937319006363	13
0.021808007686792	1.4532558043121	13
0.089682066584455	1.08874866271694	235
-0.0657029303127501	1.06750159259617	235
0.064648371555148	1.01541107119347	235
-0.08147911132974	1.31482895246958	235
0.117863014496463	0.589299048474375	11
0.122100198141468	0.741784688823474	628
-0.0170829818323599	0.76206809182123	11
-0.0105509007228299	0.760195745430056	11
-0.0640203789634699	0.539274071038179	11
-0.11670614463239	0.442291579006313	36
-0.10160751533824	0.460599551365656	36
-0.0710800989681799	0.528412097469285	31
0.056344689561464	1.39733345351518	212
0.00120223154260501	0.834282700111182	13
0.121144935728501	0.50506243663362	235
-0.03024929937015	0.630166303930048	235
0.114812248252798	0.596229138665217	235
0.0277704702816241	0.907269677823356	235
-0.05955169263719	1.04420735727783	11
-0.07669029646978	1.28168453631486	11
-0.0929577241453501	0.994750929143975	11
-0.06930591267077	0.526256073516372	90
0.019388693560104	1.26200825323199	36
-0.10961486921521	0.459667056444222	36
0.112926688718948	0.606660311762654	133
-0.00603839214140001	0.731618980417941	72
-0.0178285549831001	0.761146434173784	72
-0.0970716086033301	0.991772274298397	88
0.00292660752877705	1.20504451008096	14
0.123640931673942	0.491218069234906	14
0.042131280630314	1.64156484617978	13
-0.0365898005882701	1.47705531426298	13
0.108668701331013	0.690951480002739	13
0.116733578561926	0.673873807968016	13
0.109716797449495	0.591896548566299	11
-0.11433120168139	1.24528096312236	235
0.102955720054697	1.20517953820486	235
0.065556583282859	1.06669436012665	235
-0.0304070274608601	0.647597698842218	11
-0.03884884812033	0.661001698179403	90
-0.11366544343412	0.445454426792026	198
-0.06501252545001	0.561916655130423	72
-0.0998975011754	0.456225192401684	72
0.00786976367477399	0.826337199983535	88
-0.10434247161086	0.461741074688302	14
-0.0998975011754	0.456225192401684	14
-0.0847254326318501	2.1861569148196	170
-0.0000130426530799976	1.8007355887444	212
0.086246833274007	1.20711533727715	26
0.038507780611439	1.34668998193902	13
0.06763168263036	1.07755166154029	11
-0.06241823283057	0.545715828164672	235
-0.0655891262182999	0.56258473083991	235
-0.01224632234506	0.739257194566792	235
0.0308207545643	0.898338574738787	235
-0.0359567893911901	0.653822266699975	235
-0.0713201202521101	0.553000148515337	11
-0.10356084150438	0.458143045041288	36
0.00588563111817297	0.840513969875551	36
0.116698332338439	0.491348083732796	36
-0.06063752513416	0.54337096459471	36
-0.03115743900441	0.647311198885507	36
0.026447277330129	0.900886962135188	36
-0.0371813904034699	0.661008756719922	36
-0.10434247161086	0.461741074688302	36
-0.0664789809630699	0.564657521717205	198
-0.06736886550856	0.55029636843608	72
-0.11224388764376	0.465439266753859	72
0.013315628921587	0.807165584155048	31
-0.0463937517483499	1.5797217027295	13
0.075963145742772	1.13504945238004	11
-0.10030462923461	1.49217248403009	235
0.00969788502175195	0.85226519454279	235
0.000488405333708974	0.659704140354571	235
-0.0664789809630699	0.564657521717205	628
-0.01878746685265	0.757540635779744	11
0.039659742728028	0.954900588031684	11
-0.07116681411302	0.569113982310443	11
-0.0748299370196599	0.531878416986671	36
-0.11118502297239	0.459316518641114	198
-0.11210669916936	0.473905596439928	72
-0.11381579145143	0.453103598434773	88
-0.0551071882554299	0.520255945311844	172
-0.10532678603979	0.461717089571125	172
-0.07255230553548	0.532159128601467	11
-0.0503501730567699	1.97671154086951	235
-0.0935447939259	1.52836107551486	11
0.122633502861085	0.502403768984357	11
-0.000521669485600063	0.836588115580221	11
0.0767843383707441	1.06862299358315	36
0.114660919824577	0.593898080969548	88
-0.0666353221904601	0.550508545183759	14
0.111957283317262	0.69384742432773	14
-0.10840746476708	0.458143649483137	31
0.0375947548357281	1.32615278898181	26
-0.000470764133380097	1.17217505051395	13
0.066559981586535	1.09772823625206	13
-0.00480706081000992	1.12465908914241	11
-0.10762266032787	0.460621657051111	11
0.11845194356728	0.771298675180726	235
0.121105455090328	0.582836243393958	628
-0.0100311037126299	0.743247727786081	11
-0.0133324010201401	0.730012148225624	11
-0.01827432683673	0.733277498798977	36
-0.00060419323673	0.823321241165648	72
-0.10961486921521	0.459667056444222	172
0.088181936929815	1.09221762374676	212
0.033109466236885	1.51036805817359	26
-0.03554653108449	1.32330932315698	13
0.096863622240609	1.33733401179797	13
0.118699901934422	0.677537640796449	635
0.081896550410913	1.01011452243327	635
0.022264810540838	1.28198371440725	11
0.026216334387633	0.905463943486288	235
0.085678838799046	1.08201905828615	11
0.120511941512276	0.756900851114388	36
-0.06637653186507	0.548475121490283	36
-0.0672127466868	0.561207303608277	36
-0.10757165289359	0.460401473567492	133
-0.10600663647145	0.476394599826471	72
-0.0315833293004	0.630033145919546	88
-0.10513367821729	0.448125862073122	715
-0.10600663647145	0.476394599826471	163
0.120753710958945	1.39468521735399	212
0.112928817376276	1.42137657488202	26
0.077411642998	1.49873956474901	13
0.11594973282222	0.489722637564341	635
0.102859706329832	0.677923909552472	11
-0.10239063636916	0.460341013088596	11
0.118194487695767	0.484954170177187	11
0.012039722422741	0.829917227710426	11
0.124850200083402	0.4928085915773	36
-0.11224388764376	0.465439266753859	36
-0.0686555503100501	0.548128892926373	88
0.08757050277168	1.1663108406489	212
0.0878930165942911	1.06888759824117	235
0.117343772063478	0.766883890407122	11
0.123183777447517	0.758333655879828	235
0.115580558988408	0.593655122049817	59
0.119928821375412	0.485585590753191	59
0.120237869354834	0.503460286693364	36
0.115598798162117	0.666277030213906	36
0.033040636372111	0.892197588097794	36
-0.02361440940573	0.729214735659508	36
-0.10522473116348	0.476697883437059	72
-0.10590693690656	0.457445046305864	72
-0.10356084150438	0.458143045041288	88
0.080794854203305	1.49683443342144	212
0.120159459598148	0.578531805075556	13
0.062456610967481	1.33778265310705	13
-0.0368632101515201	0.651569548170864	11
0.11747637960704	0.777297226915027	59
-0.10762266032787	0.460621657051111	11
0.119570150503177	0.580445397952393	11
-0.0666353221904601	0.550508545183759	11
-0.06501252545001	0.561916655130423	198
-0.10688994281584	0.465106828093368	88
-0.0717491308406	0.558747991980582	88
-0.0688092808521501	0.559545884034544	88
-0.10610816380043	0.465376189105069	88
-0.11210669916936	0.473905596439928	14
0.075579189203677	1.46894675286706	212
0.057530729155008	1.39921975508143	635
-0.01223324181333	0.761620686685202	11
-0.0609527784987101	0.543147724491633	59
0.076731611298527	1.10602262091138	11
-0.0695437033742199	0.565386820044387	11
-0.11132118480954	0.476622881160275	222
-0.11039973443848	0.46180092432352	36
-0.10454580913961	0.450870044478831	36
-0.0670567433746601	0.552040166694323	36
-0.03900514375904	0.649172859758795	300
-0.0645992129053501	0.54613723586319	72
-0.1114585714939	0.46327110627455	88
-0.11736347610777	0.460002229753649	88
0.018858884061583	1.24950440711115	31
0.00819987808076295	0.851054774041774	170
0.0314974811226461	1.87006608604734	212
0.119510603824507	1.75418194145489	13
0.013318234251338	1.58614712470074	13
0.124252839093311	1.45924746716145	635
-0.10975142616791	0.463896532215058	11
0.119928821375412	0.485585590753191	11
-0.0607950918239499	0.556015722307929	36
-0.02949864044776	0.630411190635866	133
0.103332888816016	0.669862933511829	133
-0.10610816380043	0.465376189105069	72
-0.11247599348457	1.48531775024092	26
-0.05313283827419	1.27896710313879	13
0.122846878359695	1.3808878440389	13
-0.1024178490109	1.23939497961446	635
-0.0744911819649801	1.30027946827212	11
-0.06396616884079	0.545623884363159	11
-0.09311477879305	0.962879187995062	270
-0.10082481529871	0.457007549323814	36
-0.10678894358292	0.471991447096944	72
-0.10600663647145	0.476394599826471	72
-0.03761261078575	0.64835070119202	72
-0.10067997671075	0.459807014536259	88
0.117022375375589	0.702395944295073	31
-0.05320616931092	1.34495463479518	212
0.12233786749041	0.732681080665706	635
0.054224651125654	1.00529483960823	11
-0.03355098423679	0.644832296238229	59
0.120402754107756	0.827287915866888	11
0.115446662182037	0.817537234659043	270
0.120400135575697	0.502036552956598	72
-0.10366212437865	0.461264354240115	72
-0.0641229436158799	0.559861295625299	88
-0.10522473116348	0.476697883437059	30
-0.10688994281584	0.465106828093368	123
0.096436186733716	1.98625313956633	26
0.117699479746503	0.609557552019203	11
0.122463432324078	0.592692114426122	59
-0.01394704476819	0.741438068321926	59
-0.10454580913961	0.450870044478831	11
0.10903519541477	0.750636816109401	11
0.120982068611024	0.503585682417491	133
-0.11132118480954	0.476622881160275	72
-0.01411910245894	0.736449209491468	72
-0.10160751533824	0.460599551365656	30
-0.1156619258991	0.446688195556725	30
-0.10762266032787	0.460621657051111	164
-0.10067997671075	0.459807014536259	14
0.08667379389799	1.07328795461758	31
0.054800680290943	0.995310423578454	59
0.022773430667695	0.888803996233627	11
-0.0634087899482201	1.03530141191796	11
0.028628473259017	0.923183443592368	11
-0.11289263745967	0.463451351535821	36
-0.12355470378829	0.43175692946395	36
-0.10590693690656	0.457445046305864	133
-0.01750667692343	0.742327305652316	133
-0.10678894358292	0.471991447096944	123
0.00225989830338003	0.819660241035567	212
0.018681486376863	1.15228651984326	212
0.100460331123074	1.34680037259496	13
0.113642932683191	1.23336552325939	13
-0.0739171392615301	1.26846299451247	230
0.022230721869714	1.25203767584372	230
0.054559109022955	0.937054667994054	230
0.109050005948186	0.685506260084632	133
0.117863014496463	0.589299048474375	133
-0.11210669916936	0.473905596439928	133
-0.10762266032787	0.460621657051111	72
-0.10513367821729	0.448125862073122	80
-0.0695437033742199	0.565386820044387	30
-0.10975142616791	0.463896532215058	30
-0.10522473116348	0.476697883437059	14
0.082433602697611	1.11709876763786	212
0.117043209892462	1.4034094684289	13
0.042108847796652	1.63178219096664	13
-0.09221808421244	1.00346989214313	13
-0.10667274507012	1.44603878363607	11
0.117607565301852	0.486730005133549	11
0.117489990261542	0.672935470739038	11
-0.0632096625461001	1.03054973048653	230
0.124225007403929	0.489982603187073	11
0.124386974896982	0.497523495882817	11
0.023977427722599	0.917603880047831	93
-0.11827974445808	0.449925732291682	93
-0.10512450327986	0.461480511131395	294
-0.00224601298444993	0.828140334064586	36
-0.10590693690656	0.457445046305864	99
-0.01488324148382	0.736075410818172	133
-0.10767212348075	0.460994604779672	72
0.122052656807338	0.500066169049644	14
-0.0582397747977701	1.06208082531086	212
0.0585139470899611	1.00722994504043	26
0.014336336720181	1.51744182680616	26
0.122337533158814	0.484350652236257	13
-0.11053609395164	0.474325461289262	120
-0.0159724851882701	0.749776578029244	93
0.11217385774134	0.599053336886287	93
-0.10522473116348	0.476697883437059	36
0.122961033061617	0.485266099822134	36
-0.11132118480954	0.476622881160275	30
-0.10767212348075	0.460994604779672	88
0.015884390337637	1.30491026998957	31
-0.10767212348075	0.460994604779672	31
0.083498820234191	2.10632704733113	31
0.03509970322102	0.861639666371658	31
0.091956558794814	1.16590744270373	212
-0.05864917640038	1.84378469388397	13
-0.07116681411302	0.569113982310443	406
-0.10146287304784	0.459550051315211	406
0.122638480518754	0.588119745463967	230
0.108347957806776	0.594098845826677	230
-0.0328154580037501	0.646021784884162	93
0.121105455090328	0.582836243393958	36
-0.0663227553147201	0.559164511592427	36
0.113694938170819	0.60399434574713	30
-0.0998975011754	0.456225192401684	30
-0.10975142616791	0.463896532215058	88
-0.10600663647145	0.476394599826471	14
-0.03057779090311	1.1025379216107	212
0.027404634770288	1.15433334085676	212
0.046266728463543	0.914427824499865	13
0.116948371631726	1.23171486793199	13
0.104379999683794	0.578657891769437	11
-0.0664789809630699	0.564657521717205	294
-0.11302962748665	0.462905985150124	36
-0.0733572633073401	0.528148579331002	72
-0.06427983501109	0.55508652984854	72
-0.0702784856618699	0.567029970038993	72
-0.10366212437865	0.461264354240115	88
-0.10600663647145	0.476394599826471	123
0.037925621473886	1.88020085358426	26
0.077467598110423	1.54772090936273	11
0.022280855355124	0.922188077766251	11
-0.10688994281584	0.465106828093368	230
-0.10670156578032	0.459837242464386	294
-0.0664789809630699	0.564657521717205	272
0.110056829800111	0.691256594865077	36
-0.0695437033742199	0.565386820044387	36
-0.0998975011754	0.456225192401684	133
-0.10444322726406	0.472808117329462	30
0.016980349124101	1.47068652577961	170
0.120647268716642	0.777509363318855	11
-0.10961486921521	0.459667056444222	120
-0.0359567893911901	0.653822266699975	11
0.00345338684224295	0.825012433431355	230
0.034837160399542	0.913054210829393	11
-0.06396616884079	0.545623884363159	36
-0.11210669916936	0.473905596439928	133
-0.0304070274608601	0.647597698842218	72
-0.0179490214682601	1.85827320219969	212
0.092399922469275	1.20150807434647	26
0.078715065670757	1.50024231359714	13
0.071763466304289	1.12692673788723	11
0.021550443104464	0.887019123818266	230
-0.01588393899562	1.34854359873892	11
-0.07190209462412	0.567011264349773	36
0.121695847703638	0.58121267057406	36
-0.10434247161086	0.461741074688302	48
-0.10146287304784	0.459550051315211	80
-0.0663227553147201	0.559164511592427	72
-0.0598050595031801	0.520343277988051	30
-0.10444322726406	0.472808117329462	14
-0.11644848290036	0.446606593584647	14
0.070788487632995	1.51019400168445	212
0.114069713239303	1.34319727755329	212
-0.0179713775088	1.66177815586023	13
0.106023065555869	1.24978723738216	13
0.069830768722592	1.0787813903389	11
-0.0249894143918901	0.610012647029943	120
0.110159763040669	0.743895882296767	11
-0.04059080828295	0.644712270533398	230
0.12233786749041	0.732681080665706	230
-0.10512450327986	0.461480511131395	294
0.042417550182461	0.951517793736251	36
-0.00431382667750002	1.14210457589192	11
0.117866537461829	0.648168291966045	36
-0.11132118480954	0.476622881160275	72
0.120075400212512	0.491095821730289	72
-0.0414170997979899	0.646101784384206	110
-0.10160751533824	0.460599551365656	30
0.00577126131301098	0.835936464338299	170
-0.02991469583118	1.33797265649057	13
0.049503349275602	0.945720822868682	11
0.020843895487035	1.2691546110787	11
0.009919630023284	0.841058964629376	230
-0.0329718201976399	0.63490305663351	36
-0.0672127466868	0.561207303608277	36
-0.07638545791172	0.517801699483408	36
-0.10522473116348	0.476697883437059	133
-0.000742604551579928	0.840156889290883	72
0.12454348735837	0.830667043124999	66
-0.0742438735750901	0.543656124489077	14
-0.06501252545001	0.561916655130423	123
0.064702664333442	1.38903799044602	31
-0.0358957285131301	1.34799452419181	212
0.04531385946389	2.18209005188559	13
0.080223854007235	1.11702336008511	13
-0.0344585351139299	0.651432595174473	11
0.041700806275688	1.77775504212803	120
-0.06590213741494	0.547701509615707	230
0.124368440104664	0.841821842358272	36
-0.10776026784839	1.23042949516651	36
0.118919182417041	0.670051474549657	11
0.122109110946789	0.765332528880547	133
-0.03082807330717	0.628747695965303	158
-0.11132118480954	0.476622881160275	72
-0.0662221259298099	0.560230840275366	80
-0.11224388764376	0.465439266753859	66
-0.10356084150438	0.458143045041288	66
-0.0615278608040499	0.555785513181712	14
-0.10522473116348	0.476697883437059	123
-0.0664986987638301	1.53289619449949	13
-0.0901305343893799	1.52113708683289	13
0.055663242713685	0.927849503692487	11
0.049887355355567	1.38317493043405	11
0.080321816407075	1.13631883130157	11
-0.11118502297239	0.459316518641114	120
-0.0324817508672901	1.28687659601498	230
0.07097030164194	1.06396619724045	11
0.110922330223557	0.681360775861173	230
-0.10522473116348	0.476697883437059	36
-0.10688994281584	0.465106828093368	133
-0.06241823283057	0.545715828164672	80
-0.0408146503909199	1.76721268912803	26
0.104646147792833	1.61832051412011	26
0.010190847097246	1.20490665146923	397
0.057641228269013	0.921828031620521	120
0.12454873251629	0.489778251668061	120
-0.10961486921521	0.459667056444222	11
-0.10434247161086	0.461741074688302	272
0.070046075362272	1.02844106153365	36
-0.0352074888895799	0.654118569769433	36
-0.10610816380043	0.465376189105069	80
-0.10961486921521	0.459667056444222	72
-0.07742506680954	1.76648855547131	212
0.034021211390254	1.91840079567941	212
-0.11130753739032	1.45769599289375	11
-0.0584407032738601	0.534551208460727	120
-0.03868202322364	0.659211619822743	36
0.06618766835604	1.09372316651669	272
-0.10666092274439	1.16729947877942	36
0.115807100309645	0.571383084552233	36
-0.0401895594274799	0.658610340914468	36
0.11121584173973	0.602175239881588	36
-0.11487579360957	0.439091289799777	80
-0.0702784856618699	0.567029970038993	72
-0.0107190414417599	0.731170235953166	72
-0.0357996264124301	0.644011568462837	110
-0.10067997671075	0.459807014536259	88
0.101671213895915	1.26441040994837	212
0.05494670122865	1.07228282027037	11
0.0364712978252431	1.27075336223154	43
-0.10340561315727	1.19166734546661	230
0.079828023126297	1.17430767988484	230
0.016695906831614	0.901057412349854	230
0.052773101176542	0.936272357232622	11
0.00668390777595396	1.43060147956052	272
-0.0627329434353501	1.04045767173732	36
-0.000560588977210008	0.819048396081956	36
-0.10757165289359	0.460401473567492	36
0.061059377101056	1.02592757055499	36
-0.10512450327986	0.461480511131395	36
0.111401965352876	0.593944134321293	158
-0.0713201202521101	0.553000148515337	34
0.00647806404776397	1.21156595893485	110
0.027370111832386	0.926040974789314	72
-0.10522473116348	0.476697883437059	66
-0.10600663647145	0.476394599826471	675
-0.06501252545001	0.561916655130423	123
0.0867750411004981	1.71933601227286	212
0.077487166243126	1.57843045492094	26
-0.10397341818759	0.936379688632841	13
0.069174951544558	1.37571786888889	13
0.107447170459228	1.3125340561802	397
0.0381820154363089	1.34399286763304	397
-0.10732885675397	1.16357467764109	43
-0.0220610936657399	1.03908645456478	11
-0.00665165302032	1.15921438229855	230
0.116757167750987	0.607581510871302	230
-0.10670156578032	0.459837242464386	11
-0.02862835932099	1.35724155224717	36
-0.0970716086033301	0.991772274298397	11
-0.10591741090455	0.457713045950089	391
-0.10532678603979	0.461717089571125	226
0.049483552462306	1.20984537244041	2
0.0632009878188829	1.35737523623805	26
0.115981553830409	0.587380481138975	36
-0.0292084486701201	1.05256119494759	11
0.119331457214411	0.490998896569514	72
-0.0204919347058601	0.734362418506402	110
0.11594973282222	0.489722637564341	31
-0.03356631837994	0.639653161952001	31
-0.0631564121696799	2.25616427990064	26
0.028331828165704	1.30088564821609	26
-0.03762435029084	1.1035175520845	26
0.107272995660098	1.26660840301059	11
-0.03446062417475	1.82735794391285	11
-0.03999690115539	0.643310003445282	43
0.094946046848851	1.581421735042	43
-0.10678894358292	0.471991447096944	11
0.064236209569384	1.02463642534691	36
-0.0371813904034699	0.661008756719922	11
0.119493325847357	0.500468580089056	34
-0.10522473116348	0.476697883437059	116
0.124386974896982	0.497523495882817	72
-0.10600663647145	0.476394599826471	27
-0.11053609395164	0.474325461289262	123
-0.04352592738404	1.80811424890698	31
-0.0320649458189	0.649240103326618	31
0.030242853033092	2.16733446742118	212
-0.00729845460841005	1.1615211660336	212
-0.04960894393252	1.62233218664573	26
0.078141816463147	1.02642297270426	26
0.023256632221888	0.915010939486718	26
-0.10315939571427	1.25255634156108	13
-0.0607425650239399	1.04646130863162	11
0.111648254799194	0.690690771176111	397
-0.0205250377071999	1.11053016270845	397
-0.0654878510436301	0.558620585004245	43
-0.12264515469907	0.440663000760292	43
0.115446662182037	0.817537234659043	43
0.030069046512187	0.882903128968102	11
-0.07116681411302	0.569113982310443	11
0.112158066194759	0.60642206344435	11
-0.06386543611357	0.540733485658367	11
-0.03943561575974	0.660606759541228	11
-0.11132118480954	0.476622881160275	11
0.12455971275766	0.661779736539327	11
0.048309339464256	0.952577896249338	36
0.115215395855773	0.586006367145037	11
-0.0558389576112399	0.522783375273486	36
-0.0648558557602901	0.562827830998315	36
-0.10004253582624	0.446366605646444	36
-0.11132118480954	0.476622881160275	116
-0.10688994281584	0.465106828093368	72
0.01999143099167	1.26125405239399	212
0.047460370905707	0.952053905153874	26
-0.0102071320916399	0.734401491250376	397
-0.00404155302003995	1.11457610832772	43
0.019632956142839	0.90268687583464	11
0.116196636034764	0.774482702260628	36
-0.107486143271	0.457367463512983	36
-0.0688092808521501	0.559545884034544	36
0.120635342094499	0.736293464410729	158
0.115392201214167	0.599729029190116	158
-0.0664789809630699	0.564657521717205	34
-0.06396616884079	0.545623884363159	72
-0.0809325435675201	0.929748008928606	110
-0.0648558557602901	0.562827830998315	14
-0.10522473116348	0.476697883437059	123
0.021799422906692	0.904553765693953	31
-0.0671109454538701	0.550020509612296	212
0.037491526015252	1.28469940390348	212
0.114277507072495	0.589604397583778	26
-0.03056496482294	0.646871210693805	26
0.119235798537775	0.600891862260562	397
0.036454190256611	1.3164058236826	43
-0.10610816380043	0.465376189105069	11
-0.03611415631054	0.651858896311553	11
-0.0860551388525099	1.48386665550991	36
-0.07374025356092	1.22515518850916	36
-0.10251550052626	1.23404073583974	11
0.11266241486126	0.671779492051151	11
0.044140727961146	0.982506258823953	36
-0.0820564495013301	0.522747618614236	36
-0.1114585714939	0.46327110627455	34
0.114292723293184	0.483283663967002	30
0.030357009290094	1.27489932861667	246
-0.0560030659972199	1.06743160849789	363
-0.0207948474325399	0.752857556728957	231
-0.0352074888895799	0.654118569769433	123
0.117699479746503	0.609557552019203	26
-0.00230296410398001	0.706211003281382	26
0.0772269605923051	1.0793738272016	11
0.083690995100513	1.10814570574267	43
-0.0318936957893501	0.619737736253855	644
-0.03691891447164	1.09116326874994	11
0.062770287246622	0.970684377073344	36
-0.0352074888895799	0.654118569769433	36
-0.10532678603979	0.461717089571125	36
-0.10522473116348	0.476697883437059	34
0.022299126106899	0.906940086816554	72
0.119331457214411	0.490998896569514	14
-0.0387299712493501	1.09686368389611	363
-0.0998975011754	0.456225192401684	123
-0.0732264673823	1.6926795112398	123
-0.03355098423679	0.644832296238229	231
0.0131814888601	1.1835714022383	212
-0.11217220708919	1.4660487309859	212
-0.1071132758889	1.19830732596529	26
-0.01767803796378	0.758484230740906	26
-0.0344585351139299	0.651432595174473	13
-0.01581375758269	0.744639869683198	13
0.00120135354477802	0.833206675649154	13
-0.02096621910162	0.752130409243319	397
0.077635696569014	1.10712076402047	397
0.051107758450168	1.33704504278561	43
0.031012538503692	1.42886938947985	43
-0.07092876379618	0.541539878131579	11
0.122633502861085	0.502403768984357	11
0.122210273552111	0.771455133053911	36
0.107809044872193	0.66765925574427	36
0.067754587332626	1.13479318810004	36
-0.10610816380043	0.465376189105069	11
-0.00230296410398001	0.706211003281382	11
-0.06427983501109	0.55508652984854	36
-0.03550597763415	0.661055370611378	133
-0.0786427519786601	1.30334345033474	72
0.00374154142642902	0.827359368053302	72
0.110064113184463	0.587939489348983	72
-0.10444322726406	0.472808117329462	30
0.111562213315466	0.595015893447306	30
-0.10434247161086	0.461741074688302	14
-0.06736886550856	0.55029636843608	14
0.08394062217279	1.2958567529056	212
-0.01717549339873	1.13254096798232	212
0.039525047160603	0.962416860208704	212
0.10684288718215	1.1581287633908	212
0.060557082790285	1.03227166831191	26
0.111006912528288	0.696202048609686	26
-0.0874746179985699	1.51297703928873	13
-0.0440522863452399	1.30407030744637	13
-0.0504769500868301	2.06306655420999	11
0.00746135350187605	1.21641387715961	397
0.040102589856101	0.962176562377844	397
0.051315190679231	1.32426414454762	43
0.117607565301852	0.486730005133549	644
0.117104262026251	0.600295228181218	102
0.118436016768087	0.667960380208931	102
-0.0693160093304199	1.28530314463558	36
-0.0358102169952501	1.32045526248012	36
-0.10512450327986	0.461480511131395	30
-0.10444322726406	0.472808117329462	544
0.071182272059438	1.11512444801746	31
-0.07439445328008	0.533502433989968	212
0.117600289416006	1.34824339659191	26
-0.0972978847096499	0.981785829234216	26
0.088479146846525	1.26155298074886	13
0.117863014496463	0.589299048474375	397
-0.0695437033742199	0.565386820044387	644
-0.11754786993163	1.22904793205382	11
0.047305676348782	0.731804064923375	102
-0.0607069950683199	1.04411939329276	36
0.117687929964736	0.590344265252446	36
-0.04022392330745	1.52715136877227	110
-0.10708029263895	0.96974606690567	231
-0.10444322726406	0.472808117329462	123
-0.10610816380043	0.465376189105069	123
-0.11132118480954	0.476622881160275	31
-0.10512450327986	0.461480511131395	397
-0.11116032334371	1.3701192638896	397
-0.11406548295851	1.24191530298914	11
0.045755208452014	0.929579069932273	36
-0.1005076608971	0.997480372001117	11
-0.10069949941388	1.24569320517433	34
-0.06501252545001	0.561916655130423	34
-0.10146287304784	0.459550051315211	110
0.01787727351538	1.26396790340773	26
-0.10240899935962	1.33498936161854	13
0.1004154063953	1.21803612612638	11
-0.0367064369174199	0.650565396807527	644
0.026902497423044	0.920933743420514	102
0.115789754813988	0.489886680145046	11
0.025570699219524	0.865868910989912	36
0.024779801280131	0.877440265458215	36
-0.000172465819580081	1.42453912997376	36
-0.0786297881173701	1.28500809714721	36
-0.11053609395164	0.474325461289262	36
-0.1060543194434	0.448876531288197	34
0.115787725085508	0.673564244972355	372
-0.0648558557602901	0.562827830998315	30
0.118320727581413	0.659147313529165	30
-0.11366544343412	0.445454426792026	14
0.013749676741583	1.24221439014582	26
-0.11087780397484	1.91702374013228	26
-0.0365007646212501	1.61853850235063	13
0.012762997132144	1.24100598501929	11
0.12167594512825	0.83200561182419	11
0.057656209697047	1.04011112912523	36
-0.05785304043434	1.90229750798817	36
-0.0924471856723801	1.16274974315469	11
0.123326067759188	0.828455048036468	11
-0.11067367860901	0.453467888106335	133
-0.10239063636916	0.460341013088596	34
-0.11039973443848	0.46180092432352	312
-0.10522473116348	0.476697883437059	76
-0.10688994281584	0.465106828093368	30
-0.0335767886501801	1.34324853097676	26
0.0845357449309631	1.13013725724399	13
0.096086719256975	1.31133416394857	11
-0.10961486921521	0.459667056444222	11
-0.10688994281584	0.465106828093368	36
0.080704961969274	1.05658468563015	36
-0.0648558557602901	0.562827830998315	36
0.032550195361969	0.849443307624776	36
-0.03900514375904	0.649172859758795	11
-0.07116681411302	0.569113982310443	34
-0.10600663647145	0.476394599826471	312
-0.10688994281584	0.465106828093368	76
0.01832556872266	1.23507411874449	26
0.021382859340251	1.2186212124938	11
0.078298299334245	1.57942505964578	43
0.02487656220221	1.24257370477924	43
0.043683606157933	0.807160310434718	11
-0.01547647374464	0.731841709601895	11
0.074938853040688	1.155970025447	36
-0.0307356013225	1.10145251002561	11
-0.11289263745967	0.463451351535821	34
-0.10678894358292	0.471991447096944	76
-0.0679468714889	0.554023843596795	212
0.049809424361833	0.966710617336232	13
-0.10961486921521	0.459667056444222	26
0.115466736019308	1.2054120565868	13
0.117962665807614	0.730072247695469	11
-0.0102418046532999	1.40304120681666	11
-0.00833006913126999	0.739387397888467	11
0.12406311989024	0.66098649954929	11
-0.0747275486310599	1.28355911505738	11
0.058687075636112	1.38197949600611	36
-0.0784115692967899	1.30168678099213	36
0.0183803602545281	1.17098313649745	36
0.101213416434323	1.1283992549894	36
0.112926688718948	0.606660311762654	11
-0.03868202322364	0.659211619822743	36
-0.0655891262182999	0.56258473083991	133
0.116930760611734	0.609303637563475	34
0.116376958233121	0.472420215704774	34
-0.1060543194434	0.448876531288197	4
-0.10522473116348	0.476697883437059	123
-0.0938379179103801	1.50708833656312	26
-0.0292163687725799	2.09856359328047	13
0.000121597222156988	1.87213498462884	13
0.00286194767209302	1.47509427436755	13
0.0291289147521691	0.908659746051396	11
-0.03190819867168	0.644114254297217	11
0.06946986760137	1.07596157901606	43
0.120982068611024	0.503585682417491	36
-0.000212126153130043	0.829017452577402	36
-0.04384744164151	1.65222287413658	36
0.047568223368734	0.910711695184933	11
-0.10678894358292	0.471991447096944	34
-0.06807521776936	0.545584140574717	76
-0.0655891262182999	0.56258473083991	76
0.118453379253863	0.586823479730037	372
0.114487278815322	0.59477363463488	110
-0.0616853266606501	0.545921494150929	30
-0.11118502297239	0.459316518641114	4
-0.11815068634862	0.451871365779678	14
-0.0276421100634801	0.588572720900004	123
0.112335307210808	0.697213376685127	26
0.111385874320734	0.678492702746471	26
0.120171722953501	0.828376828151835	26
0.117551124202094	0.828221396500033	26
0.109890496302817	0.594497267596929	13
-0.09610937687735	0.984821234830396	26
0.030809474652896	1.27624735036151	11
-0.0424070057627699	0.622181135658373	106
-0.10160751533824	0.460599551365656	11
0.049154174672965	0.952707316238804	11
0.11824603894687	0.669500357315839	11
0.011019529485169	0.794552707557116	36
0.105489534820908	1.20157476928438	36
0.118501157198907	0.833170718080793	34
-0.10454580913961	0.450870044478831	34
-0.10688994281584	0.465106828093368	34
-0.0165206052935201	1.15297636961339	123
0.00398082728849003	0.803629569670539	26
0.05491016360788	1.01004980477612	13
-0.00756581043425997	0.739782250187272	13
-0.0990108636090901	0.968185042217934	13
-0.0284244301252501	0.582696210582615	13
0.086470549579126	1.1205151577843	13
-0.10513367821729	0.448125862073122	13
0.084225624370464	1.12727841204588	43
0.010047282212434	1.73381190276549	11
-0.10026391121447	0.994903815829216	11
-0.0359567893911901	0.653822266699975	399
-0.0477204396881099	1.3245042937687	399
-0.10160751533824	0.460599551365656	36
0.112201489229316	0.56463451494187	34
-0.10444322726406	0.472808117329462	34
-0.1002764516107	1.00009767768795	123
0.088479146846525	1.26155298074886	13
-0.0894447916091401	1.60901599215314	43
0.124108835812268	0.485912758766484	106
0.118076549478663	0.767314331499511	11
-0.02404373616819	0.742757438064915	11
0.124685640843687	0.495140998989426	36
-0.01723018184028	0.755520620318685	399
-0.0695437033742199	0.565386820044387	76
-0.0657455739924799	0.564904946258386	30
-0.10522473116348	0.476697883437059	246
0.107403640180264	0.596107297175494	123
0.100529263719914	1.41799463157709	2
0.00167906034017395	1.2133760984857	13
0.067949467167811	1.291139435579	13
0.071887183409888	1.46316679955702	11
0.0505400411746471	1.33749464386588	11
-0.03512414539975	1.32346547274478	40
0.119394348165535	0.584791247188548	106
-0.03066197121723	0.618140227872001	36
-0.03024929937015	0.630166303930048	36
0.00341164612415401	0.840048674364314	34
-0.00756581043425997	0.739782250187272	34
0.122293698849242	0.672298361190796	34
-0.10522473116348	0.476697883437059	34
0.115563232085451	0.577499342937858	110
0.117525483577183	0.604888263038786	30
-0.10444322726406	0.472808117329462	4
-0.11039973443848	0.46180092432352	123
-0.0358446101337799	1.88692504160755	13
0.039499202301829	1.32462561593255	40
0.043822668096463	1.35379192081068	11
-0.0900012401267301	1.00600300460142	11
-0.0613194854005199	1.07672399112219	106
0.114660919824577	0.593898080969548	106
0.124824669571212	0.813034292232771	36
0.053450925983871	1.39229781625929	399
-0.11053609395164	0.474325461289262	34
0.120237869354834	0.503460286693364	34
0.105438569729325	0.678651714448351	110
0.112926688718948	0.606660311762654	30
-0.10082481529871	0.457007549323814	4
-0.0735263760032801	0.546800894876653	123
0.07516866993105	2.23427569110428	13
-0.0326960938677801	2.41454431197587	13
-0.04283868435825	1.27461495298698	43
0.053200587669164	0.939329462854029	36
0.102669153489336	0.675094247841646	36
0.049123555948248	0.966007256694428	36
0.00217515656387302	0.82021180381757	133
0.016235227959698	0.898246279302505	34
-0.10454580913961	0.450870044478831	34
0.10843215092789	0.686460047335242	34
-0.0353654489644399	0.649197483005764	34
0.118356074512074	0.485294662267721	76
-0.04050962346528	0.663722875864451	110
-0.10767212348075	0.460994604779672	123
0.12196896989965	0.780960024348606	40
-0.0163168546838801	0.757277187439463	11
-0.0735263760032801	0.546800894876653	43
-0.07043189381043	0.567459872897217	43
-0.05310828007415	1.25711750298725	11
0.081185398737982	1.11901628022213	36
0.062178338970171	1.02901704164307	591
-0.02577360474406	0.725821206005824	4
-0.0696973333894499	0.561574308618346	123
-0.10961486921521	0.459667056444222	123
0.120982068611024	0.503585682417491	11
0.028809625876368	0.908483159757618	36
-0.11224388764376	0.465439266753859	34
0.115981553830409	0.587380481138975	4
0.120400135575697	0.502036552956598	123
-0.0664789809630699	0.564657521717205	123
0.119947523617044	0.658582383778764	212
0.041948683085276	1.27890010441963	13
0.11999061172397	0.590471328722213	11
-0.0209292701482999	0.742689716714414	43
-0.10512450327986	0.461480511131395	11
-0.10532678603979	0.461717089571125	11
0.12136794134638	0.740239708408463	36
-0.0679468714889	0.554023843596795	25
-0.10600663647145	0.476394599826471	36
-0.0201349802775399	1.39348488205909	70
-0.10239063636916	0.460341013088596	34
0.120492096472921	0.681092377095056	34
-0.06590213741494	0.547701509615707	431
-0.11210669916936	0.473905596439928	123
0.010184750732634	0.820252624282391	106
0.124156824809501	0.804088034306369	106
0.113355101409108	0.688623238246594	202
-0.0320413531948001	1.05331755449371	36
-0.10512450327986	0.461480511131395	36
-0.03475155357231	0.659652293988842	36
-0.07784542880649	1.26793710519311	70
0.034164886894916	0.877778480528733	36
-0.0341420371598	0.627347460898307	34
0.031826455858698	0.85275351292272	34
-0.0771912275965001	0.531200176105164	30
-0.10678894358292	0.471991447096944	123
-0.10434247161086	0.461741074688302	123
-0.10512450327986	0.461480511131395	123
0.074716779075081	1.08183563462276	212
0.058988075282589	1.00678415988025	212
0.045515279473126	0.966500169763401	212
-0.06501252545001	0.561916655130423	202
-0.0489910022831701	0.624452393697859	202
-0.11132118480954	0.476622881160275	36
-0.03024929937015	0.630166303930048	246
-0.0666353221904601	0.550508545183759	431
-0.06769175502453	0.552161215051783	123
-0.06951132705812	2.14952539919381	212
0.10694130876787	1.46206921730704	40
-0.04283167748549	0.625070935994101	11
-0.06930591267077	0.526256073516372	43
0.108175068205092	0.597857316435177	202
-0.07491051232776	0.506217402300941	36
-0.0437546420422299	0.644367428850308	11
0.09872608214566	1.22060188132259	36
-0.07182622294109	1.16978041574505	36
-0.1129773502494	1.22913223870646	591
-0.11053609395164	0.474325461289262	34
0.062211141198025	0.978636958329808	34
0.120400135575697	0.502036552956598	34
-0.0313147815252299	0.649530379326432	4
-0.01394704476819	0.741438068321926	4
-0.04050962346528	0.663722875864451	4
-0.10160751533824	0.460599551365656	123
-0.0136559146798501	1.17007467359718	212
-0.07043189381043	0.567459872897217	43
-0.0359567893911901	0.653822266699975	202
0.121307599861516	0.497120261691709	11
-0.00459476253227997	0.713448899758514	70
0.030407227732699	0.875294682882945	36
-0.06853255746521	1.05163001929201	591
-0.10610816380043	0.465376189105069	110
-0.10512450327986	0.461480511131395	4
-0.10444322726406	0.472808117329462	123
0.111281233911771	0.670911498334115	212
0.086689549695718	1.04784688447297	212
0.106397936664189	1.2253169932333	13
-0.01393837599204	0.767109979728638	43
-0.00828117343378998	1.34987291074349	106
-0.11060242021838	1.63098191607217	70
-0.09804237863416	0.97855851921191	36
0.11824603894687	0.669500357315839	591
-0.0412623880252501	0.665133045805762	34
0.112786797094825	0.668420175815538	34
-0.00379016360097006	0.829525360955425	34
0.107231073408281	0.593779953912074	4
-0.0315833293004	0.630033145919546	212
-0.04110788501887	0.66547219063878	212
-0.0446587788263499	1.08914680212508	2
-0.0122111703963199	1.13594583633316	26
0.122052656807338	0.500066169049644	13
-0.03999690115539	0.643310003445282	40
0.00318926566084898	0.851250373294985	40
0.120301098006521	2.09647503128363	40
-0.0915110695374	1.14710745021489	40
0.110446876758728	0.599123422450399	40
-0.10434247161086	0.461741074688302	11
0.014956606737658	1.4971828415766	70
0.082153448071865	1.12050649419573	36
-0.10454580913961	0.450870044478831	87
0.072519817103737	1.07515711375869	34
0.119050351891628	0.576644065053073	4
0.116747341077457	0.586379301598308	246
-0.0666353221904601	0.550508545183759	68
-0.10082481529871	0.457007549323814	123
-0.06501252545001	0.561916655130423	68
0.109761655587281	0.689723603958865	212
0.116922110232301	0.591357840998516	212
0.018418305168351	1.96255950423547	40
-0.0445122830000799	0.644116074713154	40
0.00449191702505802	0.832799530718893	40
-0.01487131526194	0.725814723951807	43
-0.10610816380043	0.465376189105069	36
-0.10004253582624	0.446366605646444	36
0.021577165038086	0.902888772030681	70
-0.0580781286521801	1.55193127533881	70
-0.01642005638348	1.17051654726955	36
0.017762045530907	1.15272577475884	591
0.115041345687935	0.572341625490535	4
-0.0661666460766701	0.53571639437135	4
-0.10678894358292	0.471991447096944	123
-0.0657455739924799	0.564904946258386	68
-0.0921503184810799	0.963613475857089	2
0.070888522907784	1.11370298640643	212
0.107599007654526	0.567409435417196	40
0.123233096496958	0.578932317848362	106
-0.06461116463485	1.04888715654357	202
0.007701862337401	1.61708068876489	70
-0.01317145071752	0.769348969340767	34
-0.10610816380043	0.465376189105069	519
-0.0655891262182999	0.56258473083991	4
0.116090232299149	0.819442756563109	246
-0.10160751533824	0.460599551365656	4
-0.0963314068099701	0.992558452997564	2
-0.05042722646624	1.57878087830909	212
-0.0355684490619499	1.12731035272806	212
-0.01250325908476	1.1728564776187	212
-0.01146666284364	0.760362197101892	40
-0.0612719509517099	0.526702083498157	43
-0.10762266032787	0.460621657051111	11
-0.11053609395164	0.474325461289262	36
-0.0593306272190399	0.546494242494189	11
0.00923799584535701	1.18894993431948	141
0.07179070234284	0.963468397455158	141
0.044485238587191	0.957934220784217	591
-0.10160751533824	0.460599551365656	87
-0.10600663647145	0.476394599826471	34
-0.11657669120257	0.460108324354284	105
-0.0383623585119699	0.641979460914615	4
-0.10003545677537	0.992944254398569	34
0.120946142443517	0.585433182843189	4
0.101363885465487	2.20468727566689	40
-0.0654878510436301	0.558620585004245	11
-0.0655891262182999	0.56258473083991	11
-0.07205517840228	0.554561959477932	70
-0.06769175502453	0.552161215051783	11
-0.1156619258991	0.446688195556725	87
0.121279603068869	0.560387299858457	4
-0.0669567604814501	0.558204554366281	4
-0.10762266032787	0.460621657051111	123
0.047183725945984	1.00532815397613	2
0.056323918179428	0.914289309438591	212
-0.0861185808999401	0.973525506670794	40
-0.0758669627223301	0.549706365719764	106
0.047552542519559	0.974654678137145	11
0.079885860665617	1.05684094694048	11
-0.10762266032787	0.460621657051111	70
-0.0978151987282601	1.20298796834738	141
-0.0924851561886599	0.976618992135681	4
0.120591443671802	0.679941151125516	4
-0.10160751533824	0.460599551365656	136
-0.11210669916936	0.473905596439928	11
-0.0396015101801901	0.666107334667113	106
-0.07240141233207	0.537083368997303	36
-0.10600663647145	0.476394599826471	36
0.00104980629557005	0.824212908732203	70
0.08845909427045	1.10574105110854	141
0.112331613812463	0.601189841087549	141
-0.10678894358292	0.471991447096944	87
-0.10600663647145	0.476394599826471	87
0.111269360979005	0.687022739622371	34
0.026658971794676	0.863716856592383	34
-0.0648558557602901	0.562827830998315	4
0.121522768219335	0.590880916733193	4
-0.10434247161086	0.461741074688302	4
-0.0591726196650799	0.540819183786938	4
-0.11132118480954	0.476622881160275	4
0.109680222330745	0.459403608035597	4
-0.10840746476708	0.458143649483137	4
-0.11053609395164	0.474325461289262	123
-0.10356084150438	0.458143045041288	123
0.10522364505149	1.20173462036639	2
0.118804266222464	0.581433807982088	40
0.06403874791679	1.00825961518145	11
0.070203956365531	1.04122732884996	70
0.053295390739201	1.0088111838603	11
-0.00909469461727008	0.736080180192967	4
0.120756875436913	0.591900575473751	4
0.117446583861581	0.489886186285131	4
-0.10688994281584	0.465106828093368	4
-0.0672127466868	0.561207303608277	68
0.115405481368594	0.596085155985004	11
-0.00566879325398007	1.05445058341313	11
0.072285236324008	1.07705536884569	11
-0.0343175272479399	0.629395025755315	36
-0.0403545223787201	0.667528964247032	70
0.12075357558261	0.582858808359054	186
0.120151938716104	0.830082866126336	105
-0.0951201686961001	0.969819459937453	92
-0.10600663647145	0.476394599826471	4
-0.10522473116348	0.476697883437059	4
-0.0482857382367201	0.602042373061467	2
0.0492624832598651	0.972289065818841	212
-0.0892220972428199	2.33028155997915	212
0.116818332719075	0.446135497966855	11
0.123203764842197	0.484504531836827	11
0.112158066194759	0.60642206344435	11
-0.0660678444831699	0.545775747711025	36
0.123203764842197	0.484504531836827	11
0.108201892485235	0.583421114069552	141
-0.027995017344	0.61462041028046	141
-0.11132118480954	0.476622881160275	199
-0.0341653481464901	0.647076589132922	105
0.076101436410098	1.46484218178568	212
0.107718916237008	0.684193147181615	13
-0.00325341279550995	2.30330026384595	13
0.105927390989548	0.575640602666098	40
0.123233096496958	0.578932317848362	11
0.121889391390402	0.505192388425782	106
-0.06501252545001	0.561916655130423	11
-0.0107004525183001	0.755550635014845	4
-0.10961486921521	0.459667056444222	4
-0.0398323335589099	0.64497087208503	4
-0.10160751533824	0.460599551365656	4
-0.0663227553147201	0.559164511592427	4
-0.10160751533824	0.460599551365656	651
0.105336499064425	1.78797291664343	13
0.00789020757986303	1.93761212726253	40
0.105927390989548	0.575640602666098	40
0.113520497835999	0.59406467825926	40
0.121102680523908	0.82466329262693	106
-0.0383019949421799	1.10088995338009	11
0.119493325847357	0.500468580089056	11
0.00374154142642902	0.827359368053302	11
-0.0664789809630699	0.564657521717205	4
0.122469435566658	0.494639945502778	4
-0.07190209462412	0.567011264349773	4
-0.10004253582624	0.446366605646444	123
-0.0201732577234199	1.72409503362994	13
0.017471332231638	1.10004177294994	40
0.022010783942189	1.15799908264876	106
0.033936013242607	0.94565964225562	11
0.108946120517285	0.596513486704044	11
0.113082431894616	0.752577333026971	11
0.124726151566606	0.823610771375521	70
-0.00773840058919006	0.744468187707578	141
0.113355101409108	0.688623238246594	141
-0.0655891262182999	0.56258473083991	87
-0.0657455739924799	0.564904946258386	87
-0.10678894358292	0.471991447096944	199
-0.10160751533824	0.460599551365656	4
-0.10512450327986	0.461480511131395	4
0.0634798084318961	1.58774660974152	212
-0.10642997589175	1.62197959898786	13
0.105121601491971	1.20912820733454	13
0.124985177001693	1.34048828068466	40
-0.03611415631054	0.651858896311553	11
-0.01317145071752	0.769348969340767	36
0.01129142482114	0.829393622415444	70
-0.0343001845717601	0.647460875933986	11
-0.01317145071752	0.769348969340767	4
-0.11053609395164	0.474325461289262	4
0.117104262026251	0.600295228181218	4
-0.0657455739924799	0.564904946258386	123
0.124932376454932	0.562012253274919	13
-0.10450793425095	1.25459245373272	13
-0.10428557133454	2.37562524510782	40
0.116991909623916	0.776147835389955	40
-0.0631514973329099	0.542559686151121	106
-0.09708193661223	0.99921211085666	141
0.123184544052374	1.10004853245633	695
-0.0380965358963501	0.651407669565115	4
-0.0695437033742199	0.565386820044387	4
-0.07116681411302	0.569113982310443	38
0.075694142590182	1.57155830286098	13
-0.0586568994093799	1.22302639372083	40
0.00225096782027301	1.22163321948172	106
0.121427474841691	0.485739355543687	4
-0.07116681411302	0.569113982310443	38
0.090918679380538	1.90153842201079	2
0.107782918050269	1.66022690862666	13
0.016745577381333	1.2666586214258	106
-0.03192140990116	1.10853025822503	106
0.115126703557085	0.699708424410236	141
0.103605736596434	0.575206028065138	141
0.120075400212512	0.491095821730289	325
-0.0471137006671201	0.644323941556706	105
-0.0751305273313001	0.54553880068914	4
-0.0371813904034699	0.661008756719922	4
-0.02997423446559	0.617728716635507	4
0.10645967463688	0.592071955655389	4
-0.10434247161086	0.461741074688302	4
-0.10146287304784	0.459550051315211	123
-0.06077387976406	1.72334962083941	40
0.111046842460149	0.744001045593184	106
-0.01274845159314	0.732593028787643	106
-0.0648558557602901	0.562827830998315	11
0.123367129922829	0.472705400874278	70
0.121307599861516	0.497120261691709	4
-0.0130001897466301	0.759445028001212	2
0.033315619120404	1.30336484707459	40
-0.0567007361521701	1.01244065164988	40
0.12033566425656	0.577048065074912	40
0.070161274943977	1.08661838490506	106
0.016493815407239	0.90051449876075	11
-0.10356084150438	0.458143045041288	141
-0.0615278608040499	0.555785513181712	4
0.124532834963605	0.730118127986933	4
-0.03504973186398	0.647180380142787	4
0.115805622242196	1.78947616268639	13
0.00886597306007597	0.808118784253502	40
-0.01648915600421	0.74307324556981	11
-0.00449369987117998	1.12321116923059	70
-0.0958748114786001	0.974236212252492	11
-0.0275187964804999	1.07926327571402	105
0.020611461949007	0.887040457017463	4
0.031128099348941	0.884673940819348	4
-0.0743552204139399	1.23549477145255	4
0.118467825611949	0.606840024028892	4
0.073114415964425	1.0537927548525	4
0.110619700610493	0.59707937565247	4
0.048729418846566	0.949148318729431	4
-0.10522473116348	0.476697883437059	38
-0.11132118480954	0.476622881160275	149
0.01976425307148	1.52260055134798	325
0.115126703557085	0.699708424410236	4
0.038971701912933	0.95940949660563	4
-0.01037754948836	0.721025521076157	123
0.025570699219524	0.865868910989912	123
0.111389070268761	0.603299618267454	149
0.0246796685071899	2.14448357951085	2
0.0989221863294	1.2434356151313	2
0.102740259461143	1.18949053560618	212
0.00676879236195904	1.19567222793658	13
0.0272600478660811	0.874910427183615	13
0.013238821457301	1.18532919481338	13
-0.0540416925599501	1.29311474776993	13
-0.0044013380174901	1.19885124331811	13
0.018009093056521	1.46818298707616	40
-0.10125713573128	1.19464393394265	322
0.120573478307304	0.887524800189072	40
0.057780236476478	0.982587188457293	40
-0.0629538472356299	1.04329999770951	40
-0.11885914517547	1.46751750324111	40
0.00446756336239296	0.846512439771693	259
0.122594920037841	0.740252499243175	11
0.108099393641541	0.690664950813813	106
0.054950805359608	0.991499796791448	284
0.113869293817041	0.604521289286508	233
0.058326508327985	0.914285019687234	70
0.0390956401452081	0.938714074857137	70
0.00173119404786604	0.838238138549366	70
-0.06736886550856	0.55029636843608	70
-0.11224388764376	0.465439266753859	11
-0.10366212437865	0.461264354240115	11
-0.10522473116348	0.476697883437059	11
0.113889751381054	0.595241816371305	325
-0.0664789809630699	0.564657521717205	178
-0.10146287304784	0.459550051315211	178
-0.11067367860901	0.453467888106335	123
-0.10600663647145	0.476394599826471	38
-0.0147538004166201	0.737871101378535	212
-0.06794710032925	1.06391124061694	26
0.094905789231809	1.58308031258571	13
-0.06661287177508	1.5601449773211	13
0.016695906831614	0.901057412349854	13
0.06223467494099	1.33643811718243	13
-0.06632711489615	1.23995900161386	13
0.047254851202293	0.95522724122585	11
-0.019537854245	0.754214379829211	106
-0.0969671272722801	0.4372016850646	284
-0.11118502297239	0.459316518641114	11
-0.00850226842115998	0.747056436148541	233
0.124685640843687	0.495140998989426	11
0.040347155576607	0.917762931885707	70
-0.10239063636916	0.460341013088596	70
0.116763822354076	0.57577089824972	11
-0.0204919347058601	0.734362418506402	44
-0.10356084150438	0.458143045041288	123
-0.11892525233559	1.69603611585206	2
-0.04066493242072	0.641370237382758	212
-0.0353654489644399	0.649197483005764	212
-0.10600663647145	0.476394599826471	212
-0.03575392421082	0.604806897283558	212
-0.0607950918239499	0.556015722307929	212
-0.0403545223787201	0.667528964247032	212
0.121266613837918	0.471478533498646	13
-0.10762266032787	0.460621657051111	13
0.120678322556604	0.487184596752844	13
-0.10522473116348	0.476697883437059	13
-0.0796942062730699	0.521219696940457	13
-0.0506754574205599	0.624233362702513	13
0.111136703835686	0.678871886049909	297
-0.0654878510436301	0.558620585004245	40
-0.0607950918239499	0.556015722307929	40
0.119925111791593	0.679767986006097	11
-0.10224619061117	0.455537425426963	11
-0.10146287304784	0.459550051315211	2
-0.11196500909974	0.444805824633541	212
-0.0742438735750901	0.543656124489077	212
-0.0702784856618699	0.567029970038993	212
-0.0612719509517099	0.526702083498157	212
-0.1114585714939	0.46327110627455	26
0.122668530850255	0.672970829267579	2
-0.0463561819537801	0.648316555319344	212
-0.11657669120257	0.460108324354284	212
0.10785796622751	0.56571452548282	26
0.121522768219335	0.590880916733193	26
-0.10683827869555	0.458491764208801	26
-0.10668977288688	0.446768609214887	13
-0.0713201202521101	0.553000148515337	13
-0.11289263745967	0.463451351535821	13
-0.10532678603979	0.461717089571125	297
-0.11657669120257	0.460108324354284	40
-0.10522473116348	0.476697883437059	40
-0.10298919480215	0.437427166278149	15
-0.10591741090455	0.457713045950089	40
-0.07116681411302	0.569113982310443	106
0.094788160554333	1.5026798846506	40
0.074970935234358	1.61315429486824	15
0.00914437050376904	0.825146773672849	40
-0.0200260032308599	0.749567933460501	11
0.104573983823829	0.681950317132848	70
0.112158066194759	0.60642206344435	178
0.042540352757294	0.958047960543781	178
0.112716900015521	0.699164256713685	4
-0.0234143701551901	0.739375127208362	44
-0.11736347610777	0.460002229753649	4
-0.10434247161086	0.461741074688302	123
0.036553810827727	1.24331648589372	13
0.101265479132495	1.73595351931629	40
0.118549611988975	1.44376981415887	40
0.079706411428965	1.88415310409067	40
-0.0631514973329099	0.542559686151121	11
0.054968152040057	1.02314473992335	11
0.118194487695767	0.484954170177187	178
-0.10688994281584	0.465106828093368	123
0.0861452508810841	2.02311902191907	212
0.072089504692841	1.53078084861747	13
-0.0285404710738999	1.09565057303542	13
0.0212609887453949	1.26238614417774	13
0.00716112865846297	0.842935670877841	13
-0.0116355578873499	1.13765959203385	297
0.024255669150452	0.87738079170544	297
0.00127290756682696	1.9174048679763	40
-0.10570984578829	1.27052722212362	106
0.061945726225804	1.40809240357835	11
-0.07043189381043	0.567459872897217	70
0.120233339865501	0.816811042485572	11
-0.0622609880014799	0.552455509748522	11
-0.0978550034360599	0.993051464891471	4
-0.06501252545001	0.561916655130423	4
-0.0612719509517099	0.526702083498157	77
-0.11132118480954	0.476622881160275	178
-0.0664789809630699	0.564657521717205	178
0.11758934759569	0.702601583040786	4
-0.11524331312842	1.19087829331107	4
-0.10444322726406	0.472808117329462	44
-0.10688994281584	0.465106828093368	4
-0.0941542878241901	1.00827185803486	13
0.110377924905907	0.686888445912212	297
0.035373797168117	1.6449333536672	15
0.00985338969289795	2.09969877045983	40
0.114812248252798	0.596229138665217	106
0.09039267027217	1.52953865770023	70
0.015255726397532	0.889170817082371	11
-0.0883707505222899	1.61866027561396	11
-0.10239063636916	0.460341013088596	4
0.012528570024312	0.774851145941945	4
-0.0339974811952	0.654624628299808	123
0.114368563929144	0.696387280850868	123
-0.09877904898358	0.976685932663465	123
0.120075400212512	0.491095821730289	38
0.118642133793147	0.603656318930453	296
0.086913833926253	1.18160762402016	13
0.124120694425761	0.482966689388377	26
-0.10704012549525	1.27223163238581	15
-0.0396445667235601	1.63100801238488	233
0.099123449979584	1.13234170015367	4
-0.0819646577345501	1.25062134818447	44
0.038658298626838	0.979157988136759	13
-0.0892629830724001	0.998856095588547	13
-0.04606156194111	1.35163820944845	148
0.113852463752593	0.684423422586888	40
0.017455163781583	0.803120090119141	40
0.117520268100003	1.40707917140222	106
0.038343709166868	1.27786574667682	11
-0.0710800989681799	0.528412097469285	4
0.0514771679984239	0.964173500406515	44
-0.10522473116348	0.476697883437059	4
-0.11132118480954	0.476622881160275	38
0.000981258583959033	2.25514138115119	212
0.107403640180264	0.596107297175494	13
0.108772744265262	0.587921206857517	13
0.00797882047940801	0.856398875333795	40
0.018609161653291	1.82681919399317	11
0.112926688718948	0.606660311762654	4
-0.11132118480954	0.476622881160275	44
0.116733578561926	0.673873807968016	123
-0.10532678603979	0.461717089571125	38
-0.07463647482712	1.69382913990408	13
-0.10770567991217	1.26702225595145	13
0.00811736727086998	0.813433340894457	13
-0.06251642512686	1.03049463519519	13
-0.01453519378284	0.744271771562229	13
-0.0998975011754	0.456225192401684	40
0.00693325340717199	0.777834403494626	40
0.041260731086964	0.979018430793769	40
0.038094545574185	0.856443875652195	40
0.122700442123323	0.781444323633194	40
0.118050286785007	0.828627291029521	40
-0.0662221259298099	0.560230840275366	15
-0.11303647645523	1.47258741780222	106
-0.00773840058919006	0.744468187707578	11
-0.0388842824459901	1.34316010706833	11
0.060931876659505	1.01833401820526	11
-0.11210669916936	0.473905596439928	4
0.00292568996720799	0.820711484529299	4
0.121889391390402	0.505192388425782	44
-0.0748299370196599	0.531878416986671	123
-0.00943839846018002	0.744501701547499	38
-0.10975142616791	0.463896532215058	493
0.109618780438096	0.691339702006106	4
0.048240250025156	0.976951335467627	4
0.116733578561926	0.673873807968016	4
0.115789754813988	0.489886680145046	44
-0.0272430927562199	0.617432544591959	4
-0.0357996264124301	0.644011568462837	4
-0.10239063636916	0.460341013088596	123
-0.0655891262182999	0.56258473083991	123
0.120400135575697	0.502036552956598	123
-0.00944136794500006	1.91326701394751	40
0.116256965868135	0.759609673962039	15
0.118888875198794	0.678094772911524	96
0.123944873385316	0.491330270003288	4
-0.10317417881626	0.45631539184403	4
-0.07660375978079	0.549543784457508	4
0.000980598857398984	0.841313519082833	44
-0.10522473116348	0.476697883437059	44
-0.00570208163712005	0.701390404055831	5
-0.0112086452301201	1.17477796855189	13
0.038522621393195	1.34471460836463	212
0.072333502875239	1.83853090712558	26
0.078247260712204	2.19202048615021	13
0.023491779963102	0.901593121977056	15
-0.0473628988899599	0.61416950004534	15
0.031337051146231	1.19616713798944	4
-0.06590213741494	0.547701509615707	4
-0.10767212348075	0.460994604779672	44
0.115877188287267	0.757584118892103	4
-0.10194770636525	0.974674688109821	4
0.114637573984692	0.601871604177111	4
-0.10434247161086	0.461741074688302	4
0.110130129184272	0.675018520156457	5
-0.00176622948554006	2.49417373537965	212
0.070559226150842	1.70316044088716	13
-0.0995230532826701	0.993674286681454	15
-0.0657455739924799	0.564904946258386	15
0.062811371193304	1.03367462235237	11
-0.10004253582624	0.446366605646444	151
0.02571396973589	0.881957537001461	4
-0.00988824279561995	1.13863434415045	4
-0.10067997671075	0.459807014536259	4
-0.00665523962115011	1.16050275271519	44
-0.000300334859510087	0.822444390184234	4
-0.10600663647145	0.476394599826471	4
0.115201103535194	0.778980955500497	15
0.119050351891628	0.576644065053073	11
-0.0736493053998999	0.816907470645932	96
0.10906908513366	1.30983726141819	96
0.069062161032033	0.964092079175398	11
-0.10757165289359	0.460401473567492	4
0.0289489352732371	0.87512196591407	4
-0.0352074888895799	0.654118569769433	147
-0.02074928393377	0.705095029866113	4
-0.10961486921521	0.459667056444222	38
0.043216221974011	1.95824939217605	13
0.098219277064112	1.97475828130777	40
-0.04392004051975	0.647267538620345	15
-0.01122724310613	1.40736178680552	106
-0.00181379906039991	0.826924051496578	4
0.015011821705986	0.888970922754997	4
0.122463432324078	0.592692114426122	44
-0.10356084150438	0.458143045041288	4
-0.10434247161086	0.461741074688302	4
0.118467825611949	0.606840024028892	5
-0.10522473116348	0.476697883437059	38
-0.01552193303977	0.750627815782028	15
0.0366477973028581	1.50338000303108	15
0.11910284215232	0.687379086095405	15
0.000759365077994012	0.837646734603646	15
-0.0608788396670401	1.49056016110852	15
0.00367586451021695	0.817784881506522	11
-0.0646993026208	0.545420870651252	11
-0.10366212437865	0.461264354240115	11
-0.10532678603979	0.461717089571125	4
-0.0717491308406	0.558747991980582	4
0.116610651758467	0.763656471974399	4
-0.0110454055861	0.737742269375595	44
-0.10366212437865	0.461264354240115	44
-0.10590693690656	0.457445046305864	4
-0.10067997671075	0.459807014536259	123
0.109505033679146	0.583444342683118	38
0.034160751637179	1.60855773456379	26
-0.0233675546361301	1.31178785198627	32
-0.00565897689718997	1.70196409759482	32
0.034462666739509	1.35363289614567	11
0.00468984008831497	0.856280433030093	11
-0.0229411585169701	1.39539296509765	96
0.113716514139433	0.599489419037684	96
0.079806833967271	1.01432254632561	11
0.10897582893441	0.583588844784354	11
0.00393973228881706	0.855664309249247	11
-0.0346170878151399	0.643318164474135	4
-0.03115743900441	0.647311198885507	4
-0.10688994281584	0.465106828093368	4
0.122052656807338	0.500066169049644	4
-0.10688994281584	0.465106828093368	4
-0.0921503184810799	0.963613475857089	4
-0.07043189381043	0.567459872897217	5
-0.0998975011754	0.456225192401684	5
-0.1114585714939	0.46327110627455	162
0.106854257026353	2.04552972678476	212
0.113335510300037	0.767757736773777	13
0.119047937218375	0.764540839385978	13
-0.0878888304213099	1.66979733226599	15
-0.1098832594818	1.8310179033608	15
-0.11395114241823	1.72645661392957	11
-0.0230261090085699	1.43926901838495	96
0.00502175402065697	0.840421929528676	11
0.054561680711367	0.986212554124739	11
0.078888497704399	1.0296466137394	4
-0.01537848032659	0.754617018319853	123
-0.03222190302467	0.63515624071261	123
-0.10706961984036	1.17353207723069	123
0.115126703557085	0.699708424410236	38
0.012039722422741	0.829917227710426	38
-0.0664789809630699	0.564657521717205	55
0.030864234492112	0.863490587167906	2
-0.0192575296877799	0.742243561365669	26
-0.0641229436158799	0.559861295625299	13
-0.10444322726406	0.472808117329462	13
-0.0310003066490501	0.627201597179095	40
0.121052016292022	1.95043678043895	96
0.110619700610493	0.59707937565247	11
-0.11224388764376	0.465439266753859	4
0.116330197579432	0.58404857609417	123
0.088082237127731	1.14137220343634	123
0.039461656551896	0.979962623396473	212
0.115437183040723	0.677159283252684	212
0.105335206806063	0.682257390162343	13
0.124403900994196	0.772831548445888	13
0.121697507845965	0.593718212311149	13
0.041591889765486	0.964439370872796	32
0.072327463161974	2.09137208011675	15
0.061584887350926	1.48368223616632	11
0.088816754299883	1.18489421620081	11
0.028415608753502	1.85538603601912	96
0.116930760611734	0.609303637563475	11
-0.11132118480954	0.476622881160275	11
0.111576180731933	0.698458248575123	4
0.108002096506872	0.59245507347561	4
0.04423697154267	1.40115958492865	4
-0.00671376355262998	0.79729238287959	123
0.123233235606585	0.533543016663094	2
0.117398935867646	0.691755888525408	212
-0.06022058802076	0.536830894015286	212
-0.0998975011754	0.456225192401684	26
-0.11053609395164	0.474325461289262	26
-0.0926740589011099	1.00439497554525	26
-0.10082481529871	0.457007549323814	13
-0.00123641188520995	1.10930412889446	13
-0.1217369039941	0.428776332689984	13
-0.11053609395164	0.474325461289262	15
0.00449191702505802	0.832799530718893	638
0.065991150580197	1.68442620948786	96
-0.10434247161086	0.461741074688302	4
-0.0279186106042699	0.729555270644893	4
0.05346018822324	0.934182094068308	4
0.113520497835999	0.59406467825926	13
-0.07043189381043	0.567459872897217	13
0.018726634737479	0.775309547333826	537
0.00855434306583502	0.809689850402828	15
0.00894906040488797	0.853390895053755	15
0.028793865196354	1.2149089798224	11
-0.01624173889474	0.722194978306444	96
-0.0968844496646	0.989697526797494	123
0.123815522378604	0.750640675720842	123
0.120034279541156	0.736869466044443	26
-0.0140298581635101	1.98451026750452	32
-0.0463561819537801	0.648316555319344	11
0.059591690813024	1.62807448686646	11
-0.06637653186507	0.548475121490283	4
-0.0307668543833499	1.07740662535311	44
-0.0655891262182999	0.56258473083991	123
-0.0371813904034699	0.661008756719922	123
0.118467825611949	0.606840024028892	13
0.108133787931711	1.71082737349276	15
0.101222878637764	1.2096518449816	82
-0.01218587264213	1.37381655318973	4
-0.10678894358292	0.471991447096944	356
0.00696176440923302	0.819676652640985	4
-0.0648558557602901	0.562827830998315	4
-0.08396766286516	1.48655858627664	15
0.047800385220086	1.57982435849438	15
0.023271549909277	0.897195154498358	82
0.119456310701358	0.679091127223836	4
-0.0710136280417999	0.564946436939678	4
-0.0998975011754	0.456225192401684	281
-0.10434247161086	0.461741074688302	123
-0.10600663647145	0.476394599826471	123
0.056533726365091	2.29708882818086	13
-0.000202458244910053	2.3722592580214	15
-0.10271620440359	0.974728029984256	15
-0.00277335819846991	2.01319237662979	15
0.108012316550502	1.26278218227017	96
-0.06690822496881	1.89817239276079	96
-0.10146287304784	0.459550051315211	4
0.120751623761973	0.754094528352636	4
-0.06501252545001	0.561916655130423	356
0.00797882047940801	0.856398875333795	32
-0.0702302211866399	1.28486260266148	15
0.052840821196913	1.26404761534845	82
0.048949393330507	1.49012014668265	96
0.119811638175838	0.571512266808452	703
0.000609561587048946	1.44152665967967	4
0.103050434376271	0.671041479007081	4
0.118843519698157	0.674686019516703	4
0.053588422582086	0.930478549371832	281
-0.0926740589011099	1.00439497554525	281
0.114043564363109	0.596015936674609	4
-0.0364963257627999	1.10056820983234	4
-0.11275084787749	0.444726038048515	5
0.122362618500235	1.61370768458532	13
0.00164973551438297	0.843708683605579	13
-0.02031648158125	1.65921016018268	537
-0.10583760212921	1.24845096828299	15
0.067387040575865	1.41593230765815	15
-0.03470615729559	1.39129020349712	82
-0.05959883664807	1.34071706041634	82
-0.07043189381043	0.567459872897217	703
-0.07190209462412	0.567011264349773	11
0.104207693094481	0.580661776074012	4
-0.04050962346528	0.663722875864451	4
-0.11736347610777	0.460002229753649	4
-0.0664789809630699	0.564657521717205	4
-0.11118502297239	0.459316518641114	4
-0.11852644377131	1.47755873146012	4
0.119956073636281	1.72942360883767	13
0.112138191569531	1.42917980038704	13
0.0382460182497379	0.969541904940515	13
0.109237316498969	0.672075316000781	537
0.102330415515379	1.26334495012624	82
0.116155919730072	0.589948895991122	11
-0.10522473116348	0.476697883437059	4
0.042527777814811	1.35716388508322	4
0.113164919561382	0.694257548631926	4
-0.0368632101515201	0.651569548170864	4
-0.09735868818133	0.960146053213485	281
-0.0256567452583401	1.68797803845798	123
-0.03264279592335	0.625126363351468	5
-0.12341434855259	0.869887642025186	55
-0.0206120616044301	1.690954339911	13
-0.04779562242999	1.75701463289428	537
0.089061833712902	2.02154069099092	537
-0.00658434565138011	2.01405975110063	15
-0.10174294345377	1.90829816002952	15
-0.0413496387474299	0.640735464128476	11
-0.00951289443651993	1.15680525277296	96
-0.04559901765313	0.648575889409067	4
-0.10522473116348	0.476697883437059	4
0.122337533158814	0.484350652236257	4
-0.02310360720657	0.740270343030323	4
-0.10522473116348	0.476697883437059	4
0.117022375375589	0.702395944295073	4
-0.10160751533824	0.460599551365656	281
-0.06427983501109	0.55508652984854	123
-0.0664789809630699	0.564657521717205	280
0.100972731380892	1.26816796197355	13
0.05821063173194	2.07200921476027	13
0.107176688085747	1.45042784297109	13
0.0403007299849441	1.34898754556331	15
-0.10444322726406	0.472808117329462	32
-0.0417904829624001	1.94513998051521	15
-0.06501252545001	0.561916655130423	82
-0.11670614463239	0.442291579006313	4
-0.0657455739924799	0.564904946258386	4
-0.0197076300066501	0.739197219104708	4
-0.06501252545001	0.561916655130423	4
-0.0695437033742199	0.565386820044387	650
-0.0669567604814501	0.558204554366281	4
-0.10678894358292	0.471991447096944	123
0.02569727301406	1.55733656164419	13
-0.0763654896833399	2.30767053586392	13
-0.03884884812033	0.661001698179403	499
-0.10670156578032	0.459837242464386	4
0.120746146455158	0.75569173595939	4
0.115819190662779	0.675132184871903	4
0.120237869354834	0.503460286693364	123
-0.01014864343689	1.13607326416311	13
0.048774658638709	1.23523354109384	15
-0.0929539952934699	0.995533546978327	15
0.118356074512074	0.485294662267721	268
-0.11132118480954	0.476622881160275	82
-0.11053609395164	0.474325461289262	82
-0.0616853266606501	0.545921494150929	11
0.10431667321908	1.32162179524326	4
-0.10146287304784	0.459550051315211	4
0.117271384772317	0.576377133430634	4
-0.03222190302467	0.63515624071261	4
-0.10512450327986	0.461480511131395	650
0.028106503106468	1.24686112326207	13
0.114031315155235	1.54163601134849	13
0.00217515656387302	0.82021180381757	15
-0.10600663647145	0.476394599826471	82
-0.10688994281584	0.465106828093368	82
-0.01878746685265	0.757540635779744	82
0.112926688718948	0.606660311762654	11
-0.10602590537601	1.72774300333565	96
0.003302176938069	0.840939564100959	4
0.003302176938069	0.840939564100959	4
-0.05051359104988	0.624068309144514	4
-0.0124190821119301	0.739296656418697	4
0.113889751381054	0.595241816371305	123
-0.0514366919787299	0.622103818345225	280
0.01734993469345	1.27084672061561	26
0.114653633348975	0.648218200055789	537
-0.0997725761025301	0.959527867332138	15
0.113520497835999	0.59406467825926	15
0.111766650285908	0.70155739132046	11
0.027416310767802	0.897678966871969	11
-0.0798244264674299	1.78499538842126	82
-0.10512450327986	0.461480511131395	82
0.00577126131301098	0.835936464338299	117
-0.0717491308406	0.558747991980582	4
0.092832991288229	1.22503148436536	13
0.10645967463688	0.592071955655389	15
0.112724925598833	0.670630503905205	15
0.00833566525342899	0.81630617364679	268
0.063974728088865	1.31878839008259	15
-0.11224388764376	0.465439266753859	82
-0.0968493628892	0.988456499391922	96
-0.03611415631054	0.651858896311553	4
-0.10512450327986	0.461480511131395	4
0.046373380644529	1.37074062607565	4
-0.0907398424823	1.00908433102299	4
-0.11275084787749	0.444726038048515	8
0.122633502861085	0.502403768984357	4
0.12288440921012	0.555620645028123	55
-0.10512450327986	0.461480511131395	13
-0.0617839941851599	1.06781851716571	15
0.114467434191936	1.27890673641593	89
-0.0370201872462801	0.634932905303822	4
-0.0396015101801901	0.666107334667113	4
-0.10522473116348	0.476697883437059	55
0.043977792178163	0.980665328023137	13
0.078480361411757	1.12380377866819	13
0.108946120517285	0.596513486704044	32
0.11428797135008	0.584503630946619	268
-0.0655891262182999	0.56258473083991	82
-0.06137051485984	0.540242800591928	96
-0.10532678603979	0.461717089571125	4
0.123203764842197	0.484504531836827	4
-0.10767212348075	0.460994604779672	4
-0.0657455739924799	0.564904946258386	55
-0.10356084150438	0.458143045041288	32
0.105712819838095	0.654902944329839	268
0.002703360583448	0.831793845117466	15
-0.0373004584757399	0.627614209617569	82
-0.07043189381043	0.567459872897217	96
0.116583483876343	0.590205000052992	4
-0.11224388764376	0.465439266753859	89
-0.01026706647945	1.12929796042301	4
-0.0641229436158799	0.559861295625299	1
-0.10067997671075	0.459807014536259	309
0.108668701331013	0.690951480002739	4
-0.10512450327986	0.461480511131395	55
0.066494058264615	1.39780844387962	13
0.015118540732891	0.817136635840463	268
0.113274506989738	0.593034012599219	238
-0.02949864044776	0.630411190635866	238
0.036164993925186	0.867394032332761	11
-0.0695437033742199	0.565386820044387	11
-0.0749801694257	0.547794269051105	96
0.08293505116256	1.1391237763333	117
-0.10600663647145	0.476394599826471	161
-0.0663227553147201	0.559164511592427	4
0.000759365077994012	0.837646734603646	13
0.024757324673693	0.901641032846113	122
-0.1114585714939	0.46327110627455	268
-0.0273355795447401	1.37991143727952	15
-0.07409341944755	0.532006478607321	11
0.06540403987785	1.34498741582592	96
0.044665502655158	0.984832936174393	117
0.049074932185236	1.0115968446841	117
-0.03550597763415	0.661055370611378	4
0.117343772063478	0.766883890407122	4
-0.07205517840228	0.554561959477932	4
-0.11224388764376	0.465439266753859	4
0.120756875436913	0.591900575473751	4
-0.10146287304784	0.459550051315211	5
-0.10600663647145	0.476394599826471	55
-0.10590693690656	0.457445046305864	55
-0.10317417881626	0.45631539184403	11
0.121488072945167	0.770443023043894	4
-0.0795470392256601	0.509491137525154	4
0.114637573984692	0.601871604177111	4
-0.0663227553147201	0.559164511592427	4
-0.11210669916936	0.473905596439928	4
0.119702515719914	0.82680909684987	13
-0.01520594272714	0.748554961697797	32
-0.0657455739924799	0.564904946258386	122
-0.0641229436158799	0.559861295625299	15
0.071306055432064	0.954316252098304	82
-0.0695437033742199	0.565386820044387	238
-0.10975142616791	0.463896532215058	11
0.12017851232059	0.595171115234736	96
-0.04559901765313	0.648575889409067	4
-0.0702784856618699	0.567029970038993	4
0.120982068611024	0.503585682417491	4
-0.0130001897466301	0.759445028001212	32
0.080833004374513	1.10832600711951	122
0.041326323905911	1.94239412801457	15
0.121144935728501	0.50506243663362	238
-0.10004253582624	0.446366605646444	11
0.121130915641213	0.744410361233607	714
-0.0341625694221901	0.609154666571453	4
0.114660919824577	0.593898080969548	161
0.116991909623916	0.776147835389955	4
0.010012994343198	0.806943280331657	4
-0.10688994281584	0.465106828093368	4
-0.10961486921521	0.459667056444222	5
-0.00926945501850995	0.732353448992941	537
0.064185685604997	0.996090027458093	32
0.00424568374338896	0.816120515909226	122
0.103089797608717	0.559892101731405	122
0.122633502861085	0.502403768984357	15
-0.0304070274608601	0.647597698842218	96
-0.11132118480954	0.476622881160275	89
-0.0695437033742199	0.565386820044387	8
0.113515966825156	0.661588319815147	4
-0.0657455739924799	0.564904946258386	4
-0.0775635802474499	1.2981051584855	1
-0.11053609395164	0.474325461289262	4
-0.0713201202521101	0.553000148515337	4
-0.0421696168476	0.647439092248447	4
-0.07205517840228	0.554561959477932	55
-0.02941868801564	1.40002649944505	13
-0.03761261078575	0.64835070119202	96
0.051472278378865	1.31294889832342	117
-0.11657669120257	0.460108324354284	117
-0.10444322726406	0.472808117329462	89
-0.10512450327986	0.461480511131395	8
0.00000855996355297872	0.840712434160615	8
-0.0368632101515201	0.651569548170864	115
-0.01096718454844	0.740742112129425	4
-0.10444322726406	0.472808117329462	4
0.117873384729544	0.603417203719239	13
-0.0904580392304799	0.982983552128201	122
0.119104235791386	0.48046770146569	96
-0.0356726663642	0.661632478819647	115
0.123040200037674	0.479579550285361	115
0.118315421623185	0.764116974168496	4
-0.0367064369174199	0.650565396807527	4
0.124685640843687	0.495140998989426	4
-0.06736886550856	0.55029636843608	4
0.071074593261394	1.93003267503062	13
-0.0791243968042901	1.29843023675368	13
0.116161667877849	0.606099391011275	32
0.103282850827569	0.654122861004764	122
0.098741867038207	1.27238792725101	82
0.030569533764488	0.91658606600037	8
-0.0350523465946699	1.09174260641822	4
-0.05715683731382	2.20524307404323	13
-0.10206311632247	1.46695604110609	122
-0.111797683676	1.42544665466989	96
0.068654970553397	1.05774745707145	96
-0.0814401286090201	0.939359501566439	11
0.022770546697153	0.907995072724051	1
0.120996501583999	0.780462675235846	1
-0.07660375978079	0.549543784457508	115
-0.0641229436158799	0.559861295625299	129
-0.0337099277658699	0.645494897014667	4
0.118628866573683	0.588289970193275	32
-0.0266601232533901	0.606205064495426	32
-0.07930565508663	1.95278796181408	122
0.072533698355595	1.07775198421237	82
0.118942044144777	0.473311327411614	96
0.042596417882707	1.63497855423254	58
-0.11657669120257	0.460108324354284	58
0.116109501870443	0.480221287430707	161
-0.10522473116348	0.476697883437059	1
0.118315421623185	0.764116974168496	115
0.024283153891733	0.90380619640864	129
-0.10762266032787	0.460621657051111	157
0.118194487695767	0.484954170177187	122
-0.08754924187658	1.26486330272178	15
-0.10277961256567	0.447480954013491	96
-0.06533334891988	0.547672423875586	96
0.025418031308733	0.911192548357755	1
-0.10522473116348	0.476697883437059	115
0.117489990261542	0.672935470739038	115
-0.03654986851646	0.637733463533497	129
-0.0169111500610499	0.760626274186088	129
-0.0068019182097101	0.737243788669776	4
0.096680197078967	1.65684335140524	13
0.090366454050149	1.17000701734587	32
0.045793887452217	1.81360282788736	32
0.018201718186318	0.797872208803588	122
0.0897081705327381	1.08484658088275	82
0.123315024543174	0.751029386000165	58
-0.0646993026208	0.545420870651252	716
-0.06543279492445	0.542283347277957	1
-0.11736347610777	0.460002229753649	1
0.118467825611949	0.606840024028892	4
0.122797369022406	0.500185552321447	4
0.110457988847518	0.592120288914647	4
-0.10146287304784	0.459550051315211	4
-0.10600663647145	0.476394599826471	4
-0.11067367860901	0.453467888106335	4
0.0730001689923761	1.12116079532438	32
0.10312776362555	0.548573982925769	122
-0.0740259583624401	0.51684629147722	96
0.110284393361931	1.62962868257228	11
0.110658150497862	1.26655347440707	58
0.115627699937722	0.46243750545733	58
0.119397507268732	0.581556694638603	115
-0.10683827869555	0.458491764208801	129
-0.10277961256567	0.447480954013491	4
0.013818011842225	0.789897628937105	96
0.00758654790270996	0.815831226397868	58
0.052254701279297	0.942637917333506	1
-0.02798868942101	1.07861570288122	1
0.114043564363109	0.596015936674609	115
0.122052656807338	0.500066169049644	4
-0.03147233321104	0.632630985336164	4
0.0801615522802021	1.0926502331828	13
-0.0995618865580401	1.46837698000055	122
-0.0982171083226	1.20247149154429	122
-0.0391616454751	0.615004225174126	122
-0.06172940662306	1.03945990566333	15
0.091077163543461	1.58582767433582	11
0.013914908802953	1.63607995770885	11
0.120401826063619	0.683860872630688	58
0.109119414930981	0.595834514241633	1
-0.09365801720708	0.982611724171663	115
0.115219416082723	0.604167692643311	4
0.120926662780146	0.57838875853958	4
-0.10067997671075	0.459807014536259	55
-0.10160751533824	0.460599551365656	55
0.11324702453842	0.754829099922017	32
0.063695582118847	0.967369094703506	96
-0.06501252545001	0.561916655130423	96
-0.1075737077032	1.24755614799528	1
-0.06063752513416	0.54337096459471	129
-0.0748299370196599	0.531878416986671	4
-0.10522473116348	0.476697883437059	98
-0.10590693690656	0.457445046305864	55
0.020707900807395	1.61389089652398	13
0.06704889494596	0.97242209137279	58
-0.0374564317673201	0.644123684323253	8
0.111984433359998	0.602400763302363	1
-0.10688994281584	0.465106828093368	169
0.013606856744987	1.70718948773934	13
-0.0123819865853001	1.42055507254958	15
0.088804670807784	1.46178676275951	15
-0.0937415257529399	1.82851650339935	11
-0.11132118480954	0.476622881160275	58
-0.0672127466868	0.561207303608277	115
-0.10600663647145	0.476394599826471	4
-0.10356084150438	0.458143045041288	4
0.018360334867035	1.54683315101004	13
-0.0493206374883199	1.5492366295362	13
0.121505620054912	1.4442126829861	122
0.082764581575369	1.12257154673725	122
-0.00892779261837995	1.69407674532704	174
0.122035407475899	0.752225500050792	82
0.111328178009914	0.681771819773281	82
0.122832112755489	0.740934573331825	96
-0.0968856769083599	1.19891655067523	206
0.074458196981003	1.01743128004376	206
0.109119414930981	0.595834514241633	8
-0.0178494774239499	0.76332399671522	1
-0.10767212348075	0.460994604779672	4
-0.07190209462412	0.567011264349773	4
-0.10610816380043	0.465376189105069	4
-0.10512450327986	0.461480511131395	3
0.0437149881694821	0.988406912799813	32
0.050856556454502	1.03325160031487	13
0.072341957848992	1.0751548038103	15
-0.08805750569349	1.66504846630416	82
-0.0401895594274799	0.658610340914468	58
-0.04110788501887	0.66547219063878	58
0.112001340560032	0.598952844046179	57
0.064648371555148	1.01541107119347	1
-0.11132118480954	0.476622881160275	1
-0.10277961256567	0.447480954013491	4
0.114043564363109	0.596015936674609	169
-0.11955781857001	1.59918174176711	13
0.040837366732284	0.98883678313323	13
-0.03559974738116	1.62964476274124	13
0.00688832420687902	1.21335724770585	13
-0.0346641980440801	1.08971155884467	13
-0.0313468123620999	1.38518285739536	82
0.106155889898264	1.26260776687329	11
-0.0927159714038901	0.979881791903745	206
-0.10146287304784	0.459550051315211	1
0.051398030284799	0.932414430291351	1
-0.0321740190583499	0.611783861574646	4
-0.09244627048028	1.01176361199046	4
-0.11132118480954	0.476622881160275	3
0.116641889216323	0.697478342837343	13
-0.03503726637175	1.06892814901928	13
0.07800417559977	1.1759476268653	32
0.09299535860575	1.17022835147772	32
0.069936823884847	1.38001420863814	82
-0.0833226826595601	1.40854393052907	96
-0.0511824294769501	1.94334525537642	206
-0.10003545677537	0.992944254398569	206
0.003302176938069	0.840939564100959	58
-0.11053609395164	0.474325461289262	1
0.0761008188458711	1.0363920387907	1
0.077994436831775	1.05882934534658	1
-0.10670156578032	0.459837242464386	177
-0.11287937561276	0.445535105015318	4
0.118332780009075	0.739871377223403	169
-0.01488324148382	0.736075410818172	4
0.0449291201043031	0.969845681310082	4
0.120982068611024	0.503585682417491	13
0.124225007403929	0.489982603187073	32
0.113869293817041	0.604521289286508	13
-0.0699091399480101	0.987433965461752	13
-0.10732946173349	1.24482450362267	13
0.017791640862527	1.23043057344261	537
-0.10444322726406	0.472808117329462	15
-0.04392004051975	0.647267538620345	15
0.118642297433873	1.40024371096923	174
0.120756417072994	0.772878692170003	58
-0.0710488125867801	1.56627020477227	58
0.106631836109722	0.591124521335073	8
-0.11644848290036	0.446606593584647	1
0.00223971297209802	0.805799991325056	1
0.052941158347988	1.00772718142292	1
0.04728785921787	1.28927514024258	1
-0.11820476584132	2.42614103743935	13
0.053750185617878	1.40005698495596	13
-0.09059134730881	1.27177463797519	537
0.007481434782591	1.49392791115535	122
0.11918406055728	0.776561755616273	11
-0.05169996984341	1.32886024217011	58
0.019882312143474	0.89851209270302	58
-0.09141134182632	0.96268881705148	58
0.098395617320946	0.476001022766406	1
0.070853652880909	1.04205399222886	1
-0.10356084150438	0.458143045041288	4
0.120237869354834	0.503460286693364	169
-0.07190209462412	0.567011264349773	169
0.114223956189156	0.778470395170329	13
0.116256965868135	0.759609673962039	13
-0.11097624497538	1.23221295750399	537
0.0971522597882331	1.20128452389412	537
0.00314789154805295	1.73388854958359	122
-0.03691984126336	1.12940504392419	15
0.117044212858709	0.809184062963654	15
0.100341581274878	1.27730816017021	15
-0.00999666120636	1.72144595322195	15
0.055410127820811	1.02236897899767	11
0.097734201138775	1.11291443628232	11
-0.08411176239198	1.27203735733728	11
-0.0403545223787201	0.667528964247032	8
-0.10082481529871	0.457007549323814	1
0.042338655000897	0.976552453276728	1
-0.10067997671075	0.459807014536259	115
-0.10444322726406	0.472808117329462	169
-0.10146287304784	0.459550051315211	169
0.107403640180264	0.596107297175494	4
0.080930507610621	1.10853080914938	274
0.122387294311599	0.676794118780567	13
-0.1081175318761	1.25669390776012	537
0.108888347936237	1.56894061669136	15
0.0439402801694601	0.900746341563867	11
0.121695847703638	0.58121267057406	11
0.119427896989538	0.758296381428967	57
0.051900752908339	0.943209785021408	244
0.00314841933509602	0.792076970347519	1
-0.0591455493304101	1.0293113925612	1
0.00606282640632405	1.38228917558893	1
-0.11132118480954	0.476622881160275	1
-0.0693901944150801	0.549667076630198	691
-0.10315939571427	1.25255634156108	1
0.099355005634535	0.665687202608748	169
0.0664992579806411	1.12065359498911	169
0.122797369022406	0.500185552321447	4
-0.05330387648891	1.00370792626121	648
-0.0687759435100099	1.04826253942676	13
0.113716514139433	0.599489419037684	32
0.118437412174998	0.640768232204692	13
-0.01703899972217	1.00394056223635	13
-0.03375559043883	0.690118039738537	13
-0.12170135480566	0.863242433644107	537
0.031091046403434	1.62756275322162	122
0.070013915783376	1.94237801431859	15
-0.03884750726264	1.6459127956871	82
-0.09026793944269	0.985031687097272	11
-0.0503385739685001	1.79424107298437	58
-0.10600663647145	0.476394599826471	11
0.027645099382223	1.23620839776775	58
0.122633502861085	0.502403768984357	21
0.112772452452652	0.597597280593059	4
0.011093883456249	1.5075073964994	537
0.095091424608187	1.83049947789763	537
0.068659467202414	1.08187907350752	122
0.109097365021033	1.15971136909887	122
-0.0204935407057201	1.68039161261673	15
-0.07293023590295	1.29682048180416	82
0.021400555898535	1.20712341932529	96
-0.0790096428829601	1.83143655070278	11
0.087780712446523	1.13845093208762	58
0.124091746374697	0.654987266599358	8
0.00374154142642902	0.827359368053302	57
-0.0655891262182999	0.56258473083991	57
-0.0663227553147201	0.559164511592427	1
-0.00815795771924011	0.714360744378956	1
-0.11132118480954	0.476622881160275	1
-0.11132118480954	0.476622881160275	21
-0.10840746476708	0.458143649483137	21
0.113869293817041	0.604521289286508	393
-0.10522473116348	0.476697883437059	4
0.065268336560649	1.00118477700081	13
0.043626292971168	1.33130725538213	13
0.00550935431946598	0.841744981796271	122
-0.00628081171864992	0.816794192666616	11
-0.0341653481464901	0.647076589132922	11
-0.06501252545001	0.561916655130423	85
-0.11053609395164	0.474325461289262	58
-0.0161192531830701	0.754147193916362	58
-0.11132118480954	0.476622881160275	1
0.117699479746503	0.609557552019203	115
-0.10522473116348	0.476697883437059	4
-0.11224388764376	0.465439266753859	393
-0.10239063636916	0.460341013088596	648
-0.12490452343938	1.68570069411561	122
0.04363958281241	1.39893737859065	11
0.020088617167953	0.902523500701068	11
0.0865968763050881	1.18689164513196	11
0.084671131262656	1.01523249638757	85
-0.0130105120880399	0.73887251207423	58
0.078032484401163	1.02763125302379	1
-0.06637653186507	0.548475121490283	114
-0.0664789809630699	0.564657521717205	4
-0.11053609395164	0.474325461289262	21
-0.0641229436158799	0.559861295625299	21
0.123541736806704	0.497456705151677	21
-0.0402692861366201	1.31933477519073	13
0.034836760313619	1.34292123806791	122
-0.03611415631054	0.651858896311553	122
0.119947523617044	0.658582383778764	122
0.118600471575576	0.81684183384727	15
0.124120192512356	0.822871193445868	85
-0.11224388764376	0.465439266753859	11
-0.0991154460177599	0.445615505956653	57
-0.01207364386663	0.728682422074859	8
-0.01750667692343	0.742327305652316	8
-0.10767212348075	0.460994604779672	3
-0.0802104325203801	2.06436987613553	13
0.082395120920326	1.62398777114832	122
0.039973086847416	1.28484533862429	145
0.090396891183084	1.23868303021525	82
0.117863014496463	0.589299048474375	82
-0.0604369877170301	1.32715752805596	82
0.00013835147400898	1.16598559950225	11
0.111984433359998	0.602400763302363	58
-0.08952955846747	0.979692031287327	489
0.00917065637382597	0.838819984173656	1
0.123377270439882	0.496160904139913	114
-0.03943561575974	0.660606759541228	114
-0.0669567604814501	0.558204554366281	114
-0.0710136280417999	0.564946436939678	114
-0.10512450327986	0.461480511131395	21
-0.04392468634611	1.88816253774673	32
-0.0209732820406101	1.4305422267585	13
-0.0951056478272501	2.0638843820395	122
0.112406769631475	0.693909332545744	82
0.056370764121469	1.62638274901673	11
0.11879924287185	0.761035971832167	85
0.037071166342285	0.966175531544907	11
0.00797882047940801	0.856398875333795	1
0.010566048365197	0.798114685974404	1
-0.10583760212921	1.24845096828299	1
-0.10522473116348	0.476697883437059	1
-0.1116430024266	1.2349111802135	1
-0.0764931805915901	1.24049903238871	114
-0.0710136280417999	0.564946436939678	114
-0.10160751533824	0.460599551365656	81
0.014107610353726	1.18210455126761	13
-0.0664020705701101	1.04177783122396	32
0.11619387646316	0.663875368346977	13
-0.06251642512686	1.03049463519519	145
0.112926688718948	0.606660311762654	145
0.103847618070254	1.68872417392247	15
-0.09850303325096	1.46997375552855	11
-0.02766798811663	0.584093365520304	11
0.123944873385316	0.491330270003288	85
-0.10961486921521	0.459667056444222	1
-0.06396616884079	0.545623884363159	523
0.0599006666933381	1.0380289351526	21
-0.0310003066490501	0.627201597179095	253
-0.10089680995327	1.24075325196306	253
-0.10512450327986	0.461480511131395	648
0.104174324137264	1.43853407423336	13
-0.09489373776626	1.01392879343505	145
-0.01844529498255	0.752883616562827	11
-0.10688994281584	0.465106828093368	8
-0.11197073524521	0.449687877191583	489
-0.07092876379618	0.541539878131579	253
0.076333574024143	1.1417312048802	289
-0.00531500848587996	1.18328180265569	13
-0.05199723524164	1.33710965411147	537
0.025974410079167	0.902775073965248	156
-0.00536412939411002	1.15549189768324	82
-0.0351579939885101	2.12805003240795	82
0.099680529594421	1.31616731689908	11
0.070734189432619	1.08650355796089	85
0.119816583723348	0.577960836414382	85
-0.10146287304784	0.459550051315211	11
-0.0718160216342401	0.532289343580912	11
0.121347622251357	0.681521673357788	8
-0.06339038946063	0.55308335158032	28
0.0686187347855231	1.07772254231648	489
-0.10434247161086	0.461741074688302	1
-0.0271002796850699	1.09960680425984	114
-0.10532678603979	0.461717089571125	21
-0.0591726196650799	0.540819183786938	596
-0.00153516661995989	0.825197787820463	277
0.086459606673267	1.22224071715826	289
-0.0605186228303301	1.35476131039111	156
0.111227846983214	1.37336127322164	15
0.042338655000897	0.976552453276728	82
0.081440223082145	1.03116632746521	11
0.014992831501388	0.802434368687865	57
-0.10512450327986	0.461480511131395	1
0.124685640843687	0.495140998989426	1
-0.0648558557602901	0.562827830998315	114
-0.0663227553147201	0.559164511592427	114
0.078214755424175	1.16754729710484	13
-0.0534881440336901	1.5500416368202	122
-0.10268885301532	0.982825895488889	145
0.11910284215232	0.687379086095405	11
0.017323282387274	0.789523732481495	11
0.121522768219335	0.590880916733193	6
-0.10356084150438	0.458143045041288	255
-0.07116681411302	0.569113982310443	255
-0.10444322726406	0.472808117329462	18
0.117110987046493	0.657006884839476	32
-0.0586708407882299	1.34648608969756	32
0.117446583861581	0.489886186285131	145
-0.07116681411302	0.569113982310443	82
0.113869293817041	0.604521289286508	82
-0.03943561575974	0.660606759541228	82
-0.10961486921521	0.459667056444222	57
0.082433602697611	1.11709876763786	57
-0.0664789809630699	0.564657521717205	6
-0.0631514973329099	0.542559686151121	253
0.101766252872482	1.31351921783066	13
-0.0993289693200701	1.67967829082696	32
-0.04110788501887	0.66547219063878	32
0.113003772110002	0.467408105877652	32
-0.12445370053155	1.67755164107655	156
-0.0686555503100501	0.548128892926373	11
-0.00476643258181997	0.715752524128085	85
-0.0049111008773699	1.6736824108396	85
0.061964180905366	1.03060506738944	489
0.010712133664243	0.807354898040858	114
0.013975618887668	0.815549106846529	6
0.110069593489058	0.751633972623068	6
-0.10610816380043	0.465376189105069	277
-0.10004253582624	0.446366605646444	277
-0.0320896942807301	1.11014592754585	122
-0.10004253582624	0.446366605646444	145
0.114448866826728	0.582204927618087	145
-0.1005134294971	0.962946533764807	82
0.123442923906576	1.37152367811531	11
0.077950400405603	1.09578925188601	85
-0.0670567433746601	0.552040166694323	11
-0.0668026999210301	0.540083690371884	57
0.055432754987979	0.936094210506823	57
-0.0422008902344699	1.09651463235541	28
-0.03056496482294	0.646871210693805	1
-0.01861634177762	0.761163335305836	114
-0.0718160216342401	0.532289343580912	6
-0.0679468714889	0.554023843596795	422
-0.03488781746445	1.12191516308057	32
-0.0975586355149001	1.52220938417114	13
-0.05367855830399	1.97937504520758	13
0.118032667883676	1.69172834812978	13
0.017070432480167	1.22710025696217	13
0.104075170425889	0.56033454238904	32
-0.0254323386515001	0.735876803841591	174
-0.10600663647145	0.476394599826471	174
-0.06006268073689	0.553114806065108	82
0.067443886415181	1.00460407396654	489
-0.0648558557602901	0.562827830998315	1
0.116849949910012	0.82774552056195	6
-0.06308046853303	1.06528350720636	6
-0.04110788501887	0.66547219063878	114
0.117869599846148	0.656808621100413	6
-0.06637653186507	0.548475121490283	21
-0.10239063636916	0.460341013088596	3
0.034853586017089	1.63239582726846	32
0.109618780438096	0.691339702006106	122
0.124768852751706	0.564621659736044	15
-0.11644848290036	0.446606593584647	174
-0.10444322726406	0.472808117329462	82
-0.06396616884079	0.545623884363159	11
0.08621003097585	1.15051988621151	11
-0.0368632101515201	0.651569548170864	11
-0.0359567893911901	0.653822266699975	11
-0.07116681411302	0.569113982310443	57
-0.10239063636916	0.460341013088596	1
0.039525047160603	0.962416860208704	6
-0.04392004051975	0.647267538620345	6
-0.11053609395164	0.474325461289262	6
-0.0373004584757399	0.627614209617569	21
0.112838231611131	1.36527184164538	13
-0.11796523847703	1.21242051458865	32
0.110661202255009	0.589908964735191	122
-0.08902069964612	0.954532530015186	122
0.121243430761858	0.74855085174403	174
-0.03900514375904	0.649172859758795	82
0.011416505032428	0.835429935026159	82
-0.0356726663642	0.661632478819647	82
0.121144935728501	0.50506243663362	28
0.053273000314857	0.978674797714843	1
0.108002096506872	0.59245507347561	1
-0.00756581043425997	0.739782250187272	6
0.109809762595325	0.687364378922511	6
0.117096791607346	0.587902615276366	6
-0.10160751533824	0.460599551365656	6
-0.0695437033742199	0.565386820044387	271
0.11275265194896	0.599780795455296	122
0.121924735062981	0.821732258847723	15
0.036803071406585	1.28916052221026	174
-0.06769175502453	0.552161215051783	82
-0.0978550034360599	0.993051464891471	82
-0.0409438545310401	0.65307213892396	28
0.00158216178362702	0.830077942282477	1
-0.06427983501109	0.55508652984854	114
-0.10961486921521	0.459667056444222	33
-0.000300334859510087	0.822444390184234	32
-0.0492300730287001	0.593537341252623	82
-0.0617839941851599	1.06781851716571	28
0.077415292641998	1.06796893318409	28
0.116544250595897	0.672627558539813	1
-0.0469503608273401	0.638046620274207	6
0.120400135575697	0.502036552956598	129
0.118003204879218	0.481087842792956	271
0.118748437788848	0.494129469165305	554
-0.10512450327986	0.461480511131395	554
-0.10678894358292	0.471991447096944	33
0.120237869354834	0.503460286693364	32
-0.10291890794349	0.964444287353743	122
0.004409200843846	1.22261254998103	174
-0.0615278608040499	0.555785513181712	174
0.122551141464897	0.655723698961054	82
0.00566241098968601	0.853317012063771	11
0.115200785008392	0.48467486347437	28
-0.0656424777320199	0.543029826666913	1
-0.01802099493423	0.756301907947014	6
-0.11132118480954	0.476622881160275	6
-0.11053609395164	0.474325461289262	6
-0.0686813556953101	0.539374662781327	6
-0.11210669916936	0.473905596439928	21
0.081073956428761	1.08540248878049	32
0.074812799052663	0.958028396483373	156
0.041260731086964	0.979018430793769	82
0.12415766757028	0.73209973376787	57
-0.03504973186398	0.647180380142787	57
-0.07564780383216	0.515629976845856	6
0.113164919561382	0.694257548631926	554
0.108029971749157	0.581832847514477	21
-0.0310786178365501	1.67636402843311	32
-0.06501252545001	0.561916655130423	122
-0.10160751533824	0.460599551365656	73
0.028860228432504	1.23264746705526	145
-0.0324658410357399	1.36943796904653	73
0.02833290204298	0.902889025474292	85
0.00833566525342899	0.81630617364679	85
0.120591443671802	0.679941151125516	85
-0.09244627048028	1.01176361199046	11
-0.07205517840228	0.554561959477932	29
0.11217385774134	0.599053336886287	279
0.121348769801522	0.569304152897193	57
-0.10434247161086	0.461741074688302	6
-0.10678894358292	0.471991447096944	33
-0.10688994281584	0.465106828093368	33
-0.0607950918239499	0.556015722307929	33
-0.0985319270229501	0.433497155373308	3
0.029209838726417	2.19351617262757	32
0.013225939766339	1.84696897323341	32
-0.0702784856618699	0.567029970038993	82
-0.03082807330717	0.628747695965303	85
-0.0310003066490501	0.627201597179095	279
0.121872153475165	0.586713057830608	6
0.117512757923319	0.582919633061656	6
-0.00961038151639992	0.723478477141267	6
-0.10067997671075	0.459807014536259	6
-0.07116681411302	0.569113982310443	6
-0.11053609395164	0.474325461289262	33
0.084846339546803	1.11490211208657	122
0.118537089701218	0.700147155437283	73
0.108859270120631	0.692563200517374	73
-0.01514173525426	1.16081259420286	11
0.124685640843687	0.495140998989426	28
-0.06396616884079	0.545623884363159	6
-0.0657455739924799	0.564904946258386	554
0.122781953777782	1.54233827486294	13
0.100955228132374	0.653570740117021	73
-0.0129596509120999	1.42252965389675	82
-0.0536179361862601	1.04194290875362	11
-0.02284563073218	0.726164075602154	29
0.120946142443517	0.585433182843189	279
-0.11053609395164	0.474325461289262	28
0.119191951499021	0.664576062419117	6
-0.06883702907333	0.540400290195324	6
-0.03475155357231	0.659652293988842	6
-0.10146287304784	0.459550051315211	6
-0.0672127466868	0.561207303608277	6
-0.0403545223787201	0.667528964247032	6
-0.06543279492445	0.542283347277957	6
-0.0414170997979899	0.646101784384206	301
-0.10434247161086	0.461741074688302	33
-0.07043189381043	0.567459872897217	33
-0.10688994281584	0.465106828093368	33
-0.0615278608040499	0.555785513181712	122
0.117525483577183	0.604888263038786	122
-0.03884884812033	0.661001698179403	73
0.114487278815322	0.59477363463488	73
0.099374367727635	1.20753590713593	73
-0.11353711109269	0.437249659136582	82
-0.0594887549032399	0.523335225301477	28
0.118626146353058	0.658204349671986	28
-0.10600663647145	0.476394599826471	6
-0.0655891262182999	0.56258473083991	6
-0.10961486921521	0.459667056444222	33
-0.11493486233067	1.48036121592071	122
-0.00850247377359992	0.734315579627195	82
0.109890496302817	0.594497267596929	82
-0.0696973333894499	0.561574308618346	82
-0.08251485480401	1.46742526814458	85
0.022588030686882	1.46201374357266	11
-0.02701891504115	0.716606408998683	29
0.116264471701806	0.699021295012214	29
-0.00816135826217002	1.10381245312602	28
-0.10678894358292	0.471991447096944	28
0.1239917784634	0.838150357264458	6
0.115820155216175	0.564846650268286	28
0.00957490067729705	0.819869618307028	6
-0.0710136280417999	0.564946436939678	21
-0.0702784856618699	0.567029970038993	301
0.00627019642083904	1.43264930245404	13
0.064109350939367	1.86229025984251	122
0.100074663216959	1.14083192289403	82
0.073506911705004	1.07299894674149	82
-0.00974618996781995	1.46029987279929	82
0.035098051731295	1.27191816501942	85
0.124726151566606	0.823610771375521	29
-0.01012988194668	0.711179908074309	12
-0.00696961824867004	0.728678638787946	6
-0.0648558557602901	0.562827830998315	6
0.012787663097105	0.827440835540849	6
0.108029971749157	0.581832847514477	21
-0.0352074888895799	0.654118569769433	21
-0.11210669916936	0.473905596439928	301
-0.10688994281584	0.465106828093368	18
0.047343401484646	1.50859009434342	13
-0.00600640574010991	0.798136141620076	73
0.0469904357355579	0.971978087919409	73
0.00268624545927898	1.48412761950596	85
0.096636111425823	1.17974632333256	29
-0.0307266245767801	1.36954342723316	29
0.036745958932257	1.17966037639872	29
0.122015140318689	0.813585964340542	29
0.117022375375589	0.702395944295073	29
-0.09439745834526	0.985530992735693	6
-0.10600663647145	0.476394599826471	21
-0.03401527775119	0.61406436436287	33
-0.0664789809630699	0.564657521717205	33
-0.01673939648055	0.747722777270122	18
-0.05937098335036	2.03316448257105	13
-0.0298664917521101	2.1075436397371	32
-0.11393937453744	1.67888956236066	122
0.099678829953758	1.36151483827038	73
0.114567710032944	1.57861591904286	73
-0.00080866546791003	1.12678577144024	82
0.044743355448172	0.952426534698697	6
-0.0607950918239499	0.556015722307929	6
0.102754636053748	1.54950266105971	13
-0.05766416983061	1.03158707144786	174
-0.04766974678527	1.28632123508386	82
0.120083884992737	1.48345987605899	85
0.119734936868404	0.68076820494301	85
-0.0574215652680801	1.06931717118434	29
-0.0336991760920999	1.11612472393144	29
-0.0672127466868	0.561207303608277	12
-0.0113094289934099	0.729040358574352	6
-0.07190209462412	0.567011264349773	6
0.11594973282222	0.489722637564341	554
0.123780712155024	0.483124961266535	554
-0.0514366919787299	0.622103818345225	21
-0.00394421136501011	1.15108344411946	122
0.118456970197907	0.579870025908428	73
-0.0666353221904601	0.550508545183759	85
0.120982068611024	0.503585682417491	29
0.117512757923319	0.582919633061656	28
-0.10600663647145	0.476394599826471	6
-0.0454344913864999	0.650533973368032	33
-0.00850226842115998	0.747056436148541	13
0.048666892056315	0.975582998674216	85
0.018392497161229	0.906907241386031	85
-0.00379016360097006	0.829525360955425	85
0.123900045847423	0.668991859929085	29
-0.10532678603979	0.461717089571125	12
-0.10522473116348	0.476697883437059	6
0.122113055192881	0.567630429551085	6
-0.11132118480954	0.476622881160275	79
0.115988478696067	0.607334437573084	554
-0.10610816380043	0.465376189105069	18
0.115884478549384	0.700079542288324	145
0.117715447408427	1.75650202782899	73
-0.0845218557498699	1.42434128146393	73
0.00405224926888303	0.839843732988956	174
-0.0420155027932401	0.663102680309575	82
0.11869812794383	0.783128283302508	82
0.118628866573683	0.588289970193275	12
0.085300769913651	1.01346282307399	12
-0.11067367860901	0.453467888106335	6
0.124225007403929	0.489982603187073	33
-0.0410630259695399	1.27325434744849	13
0.111576180731933	0.698458248575123	73
-0.01181083437173	0.751585603703812	174
0.109890496302817	0.594497267596929	29
0.116330197579432	0.58404857609417	29
0.047953029920209	1.32001435466754	12
0.111389070268761	0.603299618267454	130
-0.0352074888895799	0.654118569769433	21
0.118888875198794	0.678094772911524	21
-0.06323339325971	0.542863711789248	49
-0.0740734885821701	1.01234536637587	32
-0.06930591267077	0.526256073516372	73
0.053628582970541	0.923876246406324	73
-0.0914580266878	1.4986228217296	73
0.122498574507573	0.473999095136914	29
0.06567812455706	1.11588501166934	28
-0.0749801694257	0.547794269051105	6
0.121427474841691	0.485739355543687	6
-0.01148249890162	0.736740416098729	6
0.122463432324078	0.592692114426122	6
-0.11132118480954	0.476622881160275	79
0.104003542065307	0.666292646471583	21
0.116504386948601	0.570047756610259	21
-0.0672127466868	0.561207303608277	49
-0.07675379795129	0.536528949827673	145
0.119104235791386	0.48046770146569	82
0.118453379253863	0.586823479730037	82
-0.0666353221904601	0.550508545183759	82
-0.10576112875858	1.45602412271787	82
-0.0420003215240901	1.59320684797163	85
-0.0409438545310401	0.65307213892396	29
-0.01688851894924	0.753713162664726	28
0.118453379253863	0.586823479730037	6
0.00524193393697803	0.834963539780396	6
-0.0269765346970301	0.727220434495807	6
0.0339085941085751	0.875538786699379	145
-0.01876825882079	0.758438956283556	82
0.025021926689047	1.5922614166913	85
0.009919630023284	0.841058964629376	29
0.124850200083402	0.4928085915773	29
0.073905448578376	1.06716906869232	28
0.123418821735961	0.82240883301341	28
0.115629568852697	0.477020885468249	28
0.117863014496463	0.589299048474375	6
-0.03115743900441	0.647311198885507	6
-0.10757165289359	0.460401473567492	6
-0.0641229436158799	0.559861295625299	130
-0.0622609880014799	0.552455509748522	79
0.110446876758728	0.599123422450399	21
-0.11210669916936	0.473905596439928	21
0.043095296835675	0.964992765937484	73
0.003380587514067	1.18383734837189	73
0.033786645018273	0.869489455564393	174
-0.00766287493189011	1.39636368250598	85
-0.0677476323719199	1.26222442814123	29
0.024463029215299	0.89840938473047	12
0.022535507241524	0.90855877239934	6
-0.11210669916936	0.473905596439928	79
-0.10678894358292	0.471991447096944	79
-0.10767212348075	0.460994604779672	273
-0.10610816380043	0.465376189105069	18
-0.0560030659972199	1.06743160849789	32
0.00614568689790396	1.18469216571765	32
0.079479419511987	1.02791590001516	13
0.108859270120631	0.692563200517374	13
0.0848490189083631	1.56945845103437	122
-0.0146093289183	1.37813779503637	85
-0.01148249890162	0.736740416098729	29
0.11217385774134	0.599053336886287	28
-0.10243609182865	0.984739850416718	21
-0.11579033120242	0.45192403847855	33
-0.11657669120257	0.460108324354284	49
-0.07115000285149	1.2608935807926	13
-0.00564011925609997	1.35118662898471	174
0.084292070969348	1.07786151302994	82
0.0469904357355579	0.971978087919409	29
0.00577126131301098	0.835936464338299	29
-0.0987945778474599	1.00635784725496	29
-0.0346641980440801	1.08971155884467	28
0.111136703835686	0.678871886049909	6
-0.11287937561276	0.445535105015318	249
-0.0657455739924799	0.564904946258386	79
0.120573478307304	0.887524800189072	273
-0.08830928830844	1.47550493191192	122
0.105010283472694	1.19736780878813	73
-0.0683840917901499	1.26616776102577	85
-0.00329840369682	1.14880146922492	29
0.116583483876343	0.590205000052992	28
-0.0554856153496099	1.04191870356532	28
-0.09100666586852	0.986256385424827	28
0.00491251478159605	0.852708500380998	6
-0.04559901765313	0.648575889409067	6
-0.0418615984039701	0.659784508974676	551
-0.11039973443848	0.46180092432352	49
-0.11039973443848	0.46180092432352	49
0.040486213570845	1.76822070690377	32
-0.0543261369327199	1.05236956811623	122
-0.0818352056976701	1.27390552148838	174
0.016051346923059	1.54174732098671	85
-0.05959883664807	1.34071706041634	12
-0.10865795615023	1.26914329719157	6
0.114680125956003	0.686133849991335	6
0.117398935867646	0.691755888525408	551
0.114462814879812	0.598169383812559	79
-0.0641229436158799	0.559861295625299	79
-0.0401895594274799	0.658610340914468	79
-0.10767212348075	0.460994604779672	79
-0.07601722318954	0.532607298700583	49
-0.1114585714939	0.46327110627455	49
0.06284268647324	1.70123582859924	32
-0.0105455804554799	0.726593564510775	122
-0.0446770887855199	0.650799887794066	145
-0.0648558557602901	0.562827830998315	145
-0.0281578785732901	0.629282727687543	73
0.114562091230593	0.746104189185607	73
-0.10522473116348	0.476697883437059	174
0.121889391390402	0.505192388425782	174
0.011767524514082	0.789492339502069	29
0.03516679708	0.889828932801297	29
0.025541728650196	1.25009791312434	29
-0.0119029366714001	0.722442122411117	29
-0.1082538698863	0.424321982197519	29
-0.0189808721367499	1.26733473226217	28
-0.00275518416193998	1.43001459839358	12
0.055459061912031	1.00185613451952	12
-0.0753702269366701	1.24840314444815	6
-0.04292248387188	0.645573088209537	6
0.114303723302382	0.677252401210133	6
0.010323760530218	0.823288457959114	6
0.027665202195824	0.892114590804969	122
0.11918406055728	0.776561755616273	73
-0.11053609395164	0.474325461289262	174
0.113162475181371	0.466734179157965	82
-0.06810276769437	0.547094484466727	82
0.121622422205955	0.764193341125703	85
-0.0617045563571099	1.27493786359973	29
-0.0647539354967499	0.55291332029848	29
0.124685640843687	0.495140998989426	29
0.0106682461436241	0.839954937386484	28
-0.11302962748665	0.462905985150124	12
-0.00901898112115007	0.712480120576386	6
0.118293426504311	0.598997623194376	73
-0.0255462578605199	1.09882222431089	73
0.046343789843538	0.976593279568366	73
0.112331613812463	0.601189841087549	85
-0.06664547601994	1.02583210437329	85
0.082523402286898	1.07046191998775	29
-0.10067997671075	0.459807014536259	29
0.120019712391167	0.756422734475323	28
0.00819987808076295	0.851054774041774	28
0.022867963059046	1.22734771472055	28
0.112001340560032	0.598952844046179	12
-0.10600663647145	0.476394599826471	79
0.115185330526083	0.690238389789814	122
-0.0392684378604899	0.638082802823902	73
0.053488214338049	1.32531200415638	73
0.106249969329013	1.19005754232535	73
-0.0702784856618699	0.567029970038993	82
0.06903059681782	2.38580345406153	85
0.112926688718948	0.606660311762654	29
0.0284081114997941	0.899690638001726	28
0.114812248252798	0.596229138665217	28
-0.10444322726406	0.472808117329462	6
0.124175760984054	0.565038446898736	122
0.124970102628647	0.490082075461629	145
-0.03765299681601	1.06189833094656	73
0.092374643265692	1.1023280824048	85
0.122052656807338	0.500066169049644	49
-0.09995929436616	1.73307678332022	13
-0.00756581043425997	0.739782250187272	28
-0.0124974387761301	0.72451925112162	28
0.022588604665621	1.2039609896108	6
-0.01520594272714	0.748554961697797	79
0.117699479746503	0.609557552019203	21
-0.0371813904034699	0.661008756719922	145
-0.0428708293576401	1.5950634215218	73
-0.01543559109851	0.706256330191958	82
0.08799917404949	1.18326899842024	11
-0.10390755971803	2.09397311525547	12
-0.05938396399778	1.60161134967038	28
-0.0946249496656399	0.990432096918529	79
0.00180095575092398	0.833213079117603	21
-0.0163168546838801	0.757277187439463	649
-0.0704313846929101	1.02535286002706	13
0.123233096496958	0.578932317848362	122
0.110312915089872	0.562950677044933	122
-0.03475155357231	0.659652293988842	73
-0.0396015101801901	0.666107334667113	28
0.112926688718948	0.606660311762654	79
-0.03611415631054	0.651858896311553	649
0.113694938170819	0.60399434574713	122
0.115774636003971	0.765188266254054	122
0.116372510155366	0.764179050587731	145
-0.10532678603979	0.461717089571125	73
-0.0248317917463401	0.730969273282658	82
-0.10681309392133	1.67012317562967	11
-0.06810276769437	0.547094484466727	551
0.124646010100324	0.761976290649367	6
-0.0396015101801901	0.666107334667113	79
-0.0353226014932599	0.597242118823306	122
0.117777357705005	1.65715365231706	73
0.124170021890527	0.583593835224284	174
-0.0198543136025999	0.742383164846217	82
0.047413356622486	0.966818223221641	11
0.005133478404029	0.818305567738087	28
-0.1114585714939	0.46327110627455	28
-0.10670156578032	0.459837242464386	28
-0.08043453273116	1.2402114749058	28
-0.11381579145143	0.453103598434773	130
-0.00739330792632997	0.717397094855273	69
0.012875213623354	0.82043153445307	69
0.000538529338757976	0.822325051401651	13
-0.05279351727892	1.02407304079461	174
-0.0655891262182999	0.56258473083991	130
-0.06148995854305	1.03223290921435	79
0.00858698011210601	1.13354946434255	79
-0.06810276769437	0.547094484466727	21
0.098486387350586	1.86761356337719	13
0.037803867440159	0.918666674962779	122
-0.0798481717052499	1.30366405992809	145
0.00536648755658198	1.66281366077587	83
0.010521984448731	1.11122803521978	11
-0.10610816380043	0.465376189105069	6
-0.0169111500610499	0.760626274186088	6
-0.0107190414417599	0.731170235953166	79
0.00683707265904898	0.812522351447083	21
-0.00936459282617008	1.35999924959914	13
0.081153329617819	2.14863665690171	73
0.030239713132635	1.49730648555337	285
-0.0884951661387701	0.981241739344501	21
-0.09281711221541	1.17431877564151	69
0.110322018039353	0.667632589999878	69
0.112851189524362	0.68026576475541	69
-0.0365249609007801	1.49560986765701	145
0.037768728716252	1.35850877741389	83
-0.02574029158173	0.615257662393677	11
-0.04110788501887	0.66547219063878	12
-0.11053609395164	0.474325461289262	6
-0.0455652144796199	0.960365596175256	69
0.123579793020229	0.57134816404022	32
0.118459941267025	0.666759664022051	32
0.121725923915294	0.500822567421137	73
-0.11343738450436	1.44914823034823	11
0.121347622251357	0.681521673357788	83
0.124935236871914	0.577305013738887	285
-0.10762266032787	0.460621657051111	130
0.00582700971718897	1.18656503517911	69
0.103381549828551	0.651493677146339	208
0.032227008466187	0.894884494125459	21
0.116134936224793	0.755330916440454	13
0.058406336481575	1.03096138997236	32
0.111235381598258	0.768960802642662	73
-0.0371086398340601	0.521396521181747	73
-0.0390742142656499	0.641485571527699	11
0.118206556312283	0.719230172950018	83
0.120838363043296	0.48420115504956	11
-0.10522473116348	0.476697883437059	11
-0.11132118480954	0.476622881160275	12
-0.06637653186507	0.548475121490283	61
-0.10146287304784	0.459550051315211	21
0.112505075802113	0.587075178008076	11
0.118194487695767	0.484954170177187	6
-0.11670614463239	0.442291579006313	324
-0.10356084150438	0.458143045041288	13
0.118364802496416	1.38560037214123	13
-0.0228333007255299	1.80875639322196	13
0.00120223154260501	0.834282700111182	73
0.025463794976111	0.853760685442764	82
-0.07833773258348	1.53616634710769	83
0.118823364670651	1.20678675914445	285
0.095776101496712	1.22487123301952	285
-0.00105555266798008	1.19311579620254	61
0.113694938170819	0.60399434574713	73
0.116747925121418	0.762454577393211	73
0.122459630141169	0.778451049687256	237
-0.0412623880252501	0.665133045805762	82
0.065626346283421	1.04553595513465	82
-0.11381579145143	0.453103598434773	6
-0.0854647404416	1.49135416685497	6
0.108175068205092	0.597857316435177	208
-0.0663227553147201	0.559164511592427	21
0.049355347257663	0.929416842774735	122
-0.0889824187044701	0.94446059659845	73
0.068432756535418	1.07726459580085	73
0.020767380229654	1.63358268631563	73
0.121305185876943	0.758611913872613	73
0.089247308226014	1.23995556716712	83
0.073194540951244	1.03165664173734	11
0.031357686159408	0.864375996958795	61
0.043105205188938	1.27834062583362	6
0.00621231318143101	0.820739172557246	6
-0.0146126978571599	0.745975953271976	69
0.12050499977386	0.771065587294882	69
0.118511076577434	0.6613884140487	555
0.107701957789474	1.79246968923789	73
-0.0952442364412001	2.23729927838619	83
0.06460569829954	1.44488058735915	11
-0.05818378883868	1.45600160088283	398
0.0718260496038	1.04851042522454	398
-0.0191483787787201	1.17352324517423	28
0.00471233579617503	0.813482643699811	6
0.116155919730072	0.589948895991122	6
0.113100640536147	0.604287447452917	6
-0.10600663647145	0.476394599826471	324
-0.00627187075605007	1.94894628736438	13
0.044232105064642	2.25360452877549	13
0.065490629241029	1.50915105391647	73
-0.0189899419299799	1.13292539457028	82
-0.0925737315299	0.918997522248838	285
0.076430973083821	1.62347955967167	398
-0.10600663647145	0.476394599826471	28
-0.00867455517652993	0.741936132604883	28
0.037071166342285	0.966175531544907	69
0.060050166656266	1.00679129416769	82
-0.10276065019464	1.25922457682623	11
0.062519671829387	2.18345504068184	83
0.0592814472844	1.37432981864825	83
0.121144935728501	0.50506243663362	11
-0.06381066962418	1.79108565394831	398
-0.0552759948534201	1.27938827282765	28
0.066086913853923	0.97034341472598	28
0.0476243934336	0.96093315410512	61
0.123563685463891	0.737648656552237	61
-0.06736886550856	0.55029636843608	28
-0.0079473783453401	1.15185359467847	69
-0.10610816380043	0.465376189105069	555
0.113543685145364	0.471779663588904	208
0.120582444666446	0.576981352397011	324
0.113607923835692	1.80699190862916	13
0.00640073874248803	1.76583759143392	122
-0.0462425836020599	1.53939427960284	73
0.019444610507368	1.77309432714963	73
-0.00537381725610997	1.49339503946181	73
0.099543136867495	1.14379392370007	11
-0.0958748114786001	0.974236212252492	11
0.11747637960704	0.777297226915027	11
0.087521493619704	1.22063421608927	11
0.050369202882358	1.78299652073044	398
0.058313453151955	1.04088798726704	61
-0.10342597924024	1.25995328779209	6
0.108347957806776	0.594098845826677	69
-0.0685808523038001	0.542365729964656	69
-0.10444322726406	0.472808117329462	69
-0.07043189381043	0.567459872897217	21
0.119983167806777	0.570710894056262	73
0.00630031679833798	0.815236327738824	73
0.106124458390754	1.28177960689915	73
-0.10434247161086	0.461741074688302	237
0.107231073408281	0.593779953912074	237
0.0618691074175191	1.01046688846905	237
-0.0911963669911999	0.994304145797974	11
-0.10590693690656	0.457445046305864	61
-0.0020631332463501	0.825722662331297	28
0.00101275841240001	1.20783741962279	6
0.044069049863621	1.31867274797035	6
0.052957540522369	1.36301124704959	69
0.00176698241113704	1.41617028335768	13
0.111431533119632	0.581363635070579	237
-0.10444322726406	0.472808117329462	237
-0.11224388764376	0.465439266753859	83
0.113694938170819	0.60399434574713	83
-0.11053609395164	0.474325461289262	83
0.102825833363774	1.42712347886673	398
-0.0558389576112399	0.522783375273486	28
-0.10444322726406	0.472808117329462	69
-0.11132118480954	0.476622881160275	324
0.002703360583448	0.831793845117466	21
0.073259900325433	1.0712734908317	73
0.045396316194999	0.963838172723632	237
-0.06501252545001	0.561916655130423	83
0.119947523617044	0.658582383778764	11
0.119665541638165	0.738874793355817	11
-0.01555518805859	1.761180819408	83
0.095067049700159	1.34681228220923	83
0.115126703557085	0.699708424410236	11
-0.05965650360766	1.07671501044867	398
-0.09402092571914	1.10028736180788	61
-0.01393837599204	0.767109979728638	28
0.081866697251454	1.04792296076831	6
-0.0923986488575099	1.27612702933458	69
-0.0420155027932401	0.663102680309575	21
0.115041413081207	0.488280009108796	21
-0.10688994281584	0.465106828093368	13
0.03690785889168	0.877870512049172	73
-0.0654878510436301	0.558620585004245	73
0.07744673850967	1.52635912215254	83
0.119834901906223	0.675799856471431	11
-0.0398323335589099	0.64497087208503	11
-0.11147233286338	1.33838388634761	69
-0.0758669627223301	0.549706365719764	69
-0.0124048943724799	0.768070455840443	324
-0.10610816380043	0.465376189105069	13
0.123248243343308	0.472630487326069	73
-0.11275084787749	0.444726038048515	83
-0.10004253582624	0.446366605646444	83
-0.0124048943724799	0.768070455840443	83
-0.00900958085954007	1.67741878560273	83
0.1241157379102	0.828859908638412	11
0.058970426782579	1.03842692857444	11
0.0800853902001341	1.73109045338946	398
-0.0807661760199101	1.21917997920828	398
-0.0155510956598699	0.748576987862157	61
-0.07116681411302	0.569113982310443	6
0.122594920037841	0.740252499243175	21
-0.03082807330717	0.628747695965303	237
-0.0068019182097101	0.737243788669776	237
0.117679719115332	0.668890130300486	28
0.115639128043904	0.760992827092329	6
-0.05073629288413	1.3274732063982	6
0.095337227796132	1.77228614746056	73
-0.1209599988755	1.88728747456454	73
-0.11523762335248	1.48563315127514	73
-0.0599048935106301	0.543572628182004	237
0.06751988631229	1.33822389787779	83
-0.0686555503100501	0.548128892926373	11
0.119323644594977	0.819706513389784	11
-0.0958773796465699	0.980340094335698	6
-0.0817625658810801	1.31824853665772	6
-0.10677195035065	1.26258011398528	6
0.120982068611024	0.503585682417491	6
0.123944873385316	0.491330270003288	581
-0.10444322726406	0.472808117329462	581
-0.0671109454538701	0.550020509612296	21
0.114273583509442	0.668117744607295	21
-0.0688092808521501	0.559545884034544	13
0.113164919561382	0.694257548631926	237
0.00345338684224295	0.825012433431355	237
0.11758934759569	0.702601583040786	237
0.051152604979418	2.26819415904989	83
-0.04050962346528	0.663722875864451	83
-0.0431633462813401	0.639242430261116	11
0.055715181381776	1.02137963561559	398
-0.02622097167436	1.10130278262345	6
-0.0239222199924301	0.708429680610272	6
0.061720866245224	0.973044608855431	6
0.0300363254806531	1.50016892040098	83
-0.0567121572275	1.07024167609352	11
-0.0648558557602901	0.562827830998315	11
-0.0911534786252	1.45052951505306	28
-0.06427983501109	0.55508652984854	28
-0.06224289182106	1.04412207533935	6
-0.10366212437865	0.461264354240115	69
0.122288290397914	0.58732685839333	69
0.00240032615367403	0.842268448012016	13
0.123541736806704	0.497456705151677	237
-0.000963140925509975	0.832011041017235	237
-0.07043189381043	0.567459872897217	83
-0.0869100036056101	1.26967059710773	398
-0.07190209462412	0.567011264349773	28
-0.0316225323844701	1.10454264183737	6
-0.06191142009877	1.06340926247901	6
-0.0758669627223301	0.549706365719764	69
-0.10356084150438	0.458143045041288	21
-0.06241823283057	0.545715828164672	21
0.115668943199833	2.2211418100653	13
-0.0705854220994999	0.547487939632769	73
-0.03355098423679	0.644832296238229	73
-0.03761261078575	0.64835070119202	237
-0.0894597629000799	0.973634496592729	83
0.124520883719806	0.484334776324694	237
0.011314664774689	0.798565747742501	83
0.0319679981400099	0.874249930275414	83
0.121319166529445	0.847088842644472	61
-0.03884884812033	0.661001698179403	28
0.123541736806704	0.497456705151677	28
0.068908650294444	1.07922196018045	6
-0.10100511659221	0.992093340055587	6
-0.0320649458189	0.649240103326618	21
0.051472278378865	1.31294889832342	83
0.005133478404029	0.818305567738087	11
0.119410509546911	0.600992384166131	21
0.124758983190569	0.572681749642284	73
0.121713559166838	0.835443762774588	73
0.093059771640149	1.06456638166942	73
-0.0190449772588499	0.714548748235677	83
-0.0343335298324201	0.615236943009811	237
-0.11708938139759	1.66829991083359	11
0.02694434659128	0.893055753825432	11
0.115061639183285	0.677555653192146	11
0.123313905908948	0.899495119378421	6
0.124365393066102	0.827314317932039	181
-0.0253319210099601	1.0653985909091	69
0.117343772063478	0.766883890407122	69
-0.0448422074572501	0.645076760813546	21
0.112945373892419	0.60085500206344	21
0.067738623780775	1.06411398007628	13
-0.00573957294320993	0.820607992495363	73
-0.10961486921521	0.459667056444222	73
0.012349108345003	0.78579731722928	83
-0.03082807330717	0.628747695965303	83
0.064141748440068	1.99065607623596	83
0.121889391390402	0.505192388425782	84
0.00524193393697803	0.834963539780396	11
-0.03943561575974	0.660606759541228	28
-0.10522473116348	0.476697883437059	69
0.041163367837906	0.959923171228322	69
-0.0396015101801901	0.666107334667113	21
0.121439556843487	0.683238236789943	21
0.072204983519485	1.4776391894924	73
-0.0380965358963501	0.651407669565115	237
0.116509499702049	0.673963721211128	83
-0.0677551475576901	0.988312192196956	11
0.036743003460901	1.2847711554498	28
0.11824603894687	0.669500357315839	28
-0.10522473116348	0.476697883437059	61
-0.10688994281584	0.465106828093368	28
0.025478628151671	0.897513177836259	6
-0.03911245362925	0.63171513257036	21
0.013400601660579	0.82951074309368	150
0.00217515656387302	0.82021180381757	73
-0.0446770887855199	0.650799887794066	73
0.123900045847423	0.668991859929085	73
-0.11039973443848	0.46180092432352	73
-0.02981549541256	0.640995801641195	73
0.048275239964884	0.885613159747755	11
-0.0118660896015199	1.44162667014347	28
-0.01750667692343	0.742327305652316	61
0.119493325847357	0.500468580089056	21
0.121105455090328	0.582836243393958	21
-0.0373472167970801	0.647994827066917	7
-0.1114585714939	0.46327110627455	73
-0.0914762875909201	0.980184939088281	83
-0.10366212437865	0.461264354240115	21
-0.0207948474325399	0.752857556728957	21
-0.07043189381043	0.567459872897217	7
-0.06063752513416	0.54337096459471	7
0.00685799335561399	0.815732482739716	13
-0.05446541372452	0.518927513625938	150
-0.03510696000503	1.10104770632445	237
0.108946120517285	0.596513486704044	73
-0.03659326852065	0.64664768454335	83
0.012787663097105	0.827440835540849	83
-0.07880900654335	0.507409744961351	83
-0.0921625695155199	0.965424460539298	83
0.056580285805362	2.0494778568661	71
0.101032634682066	0.55362142283143	11
0.0348655352127329	1.83813566813073	71
-0.08220320910564	0.513579105340475	61
-0.10444322726406	0.472808117329462	28
-0.0938914966646001	0.943053574517898	73
-0.10356084150438	0.458143045041288	73
-0.10975142616791	0.463896532215058	83
0.116922110232301	0.591357840998516	84
0.079718528517468	1.18936334612279	28
-0.0496293444721001	1.28709951324256	28
-0.11210669916936	0.473905596439928	21
0.117687929964736	0.590344265252446	7
0.11635507404904	0.662930397416523	73
-0.0209292701482999	0.742689716714414	237
0.00641194884916096	0.850122388717148	83
-0.12392213948545	0.872955261835786	83
0.023001917812047	0.924837089890851	71
0.00599159246119196	0.833876248750117	71
0.118056212606076	0.663132006615924	84
0.099410244875251	1.32592881280085	28
-0.0647539354967499	0.55291332029848	28
0.114426566634487	0.691467643743761	69
-0.10522473116348	0.476697883437059	21
-0.10610816380043	0.465376189105069	150
-0.0981711360701001	1.72902588552656	73
-0.06590213741494	0.547701509615707	83
0.082660553905427	1.41569662298961	83
-0.07571682682602	0.547635046165515	83
0.122773985694484	0.633650701808783	84
0.023086649112269	0.874786554117151	84
-0.0769274599283301	1.26359755658889	28
0.117096791607346	0.587902615276366	119
0.108946120517285	0.596513486704044	83
0.00422828198366099	0.806285957124386	28
-0.03776899455682	0.634686779378272	28
0.117863014496463	0.589299048474375	28
0.115046539414899	0.592543591182104	47
0.109585020723451	0.762363326113862	47
0.00969788502175195	0.85226519454279	7
0.123541736806704	0.497456705151677	73
0.021281354503378	1.24577257463232	83
0.048391994844443	1.91588727111271	83
-0.0641229436158799	0.559861295625299	84
-0.0629475861876101	1.04016411990812	84
0.120429783516397	1.31853437207425	71
-0.0195543074984601	0.755434618042774	28
-0.0576658065439799	1.01594899581431	63
-0.10961486921521	0.459667056444222	135
0.122498574507573	0.473999095136914	103
0.107569415912785	2.09998804767377	13
0.11758934759569	0.702601583040786	237
-0.00326024117827006	1.05480090721553	71
0.116923058232199	0.667420913288612	84
-0.10961486921521	0.459667056444222	28
-0.0320649458189	0.649240103326618	28
0.033502564928927	1.30386036971045	28
0.040903242298711	0.967009114685681	63
0.121157756885524	0.682899337318895	103
-0.0679468714889	0.554023843596795	103
-0.01520594272714	0.748554961697797	7
0.085651276659198	2.01902135883741	13
-0.0131828803082199	0.741828421237486	73
-0.10664087959387	1.62899044923022	73
-0.0164616996408999	0.748019378569826	73
-0.0353654489644399	0.649197483005764	73
-0.0397572088107101	0.658668561338408	237
0.113542322562273	0.670402137366684	83
-0.0198543136025999	0.742383164846217	83
0.015666629917905	1.14726401903651	28
-0.10444322726406	0.472808117329462	7
0.114448866826728	0.582204927618087	7
0.121889391390402	0.505192388425782	119
-0.00686442614881	1.44187570576748	13
0.075624602129524	1.12657984940721	73
-0.03222190302467	0.63515624071261	73
0.11897741308928	0.677666379786745	73
0.00393973228881706	0.855664309249247	83
0.112926688718948	0.606660311762654	7
-0.0352074888895799	0.654118569769433	7
0.000744461266905971	1.74789410973442	150
0.097493755440281	1.63129329454026	83
0.073476452867971	1.77192797656038	83
0.117219401752962	1.41114126267089	71
-0.06366512093322	1.03903279418813	28
0.020478585995776	1.21732242106914	28
0.112851189524362	0.68026576475541	7
0.027155718200248	0.900751495059262	7
-0.00850226842115998	0.747056436148541	7
-0.03884884812033	0.661001698179403	73
0.00925555989859805	0.835737068484745	73
0.072482880180872	1.04127352547238	71
-0.00919322320953997	0.708809572556745	71
-0.0655891262182999	0.56258473083991	126
-0.11053609395164	0.474325461289262	126
0.00564688429392501	1.17128909115318	28
0.122633502861085	0.502403768984357	47
0.111605958278856	0.582180214887533	7
-0.10762266032787	0.460621657051111	119
-0.0359567893911901	0.653822266699975	150
-0.0320649458189	0.649240103326618	73
-0.1114585714939	0.46327110627455	83
-0.0396015101801901	0.666107334667113	71
0.00352416622369101	1.66041911163881	71
-0.0323719543927301	1.09023601221003	126
0.11275265194896	0.599780795455296	28
0.112331613812463	0.601189841087549	7
-0.0663227553147201	0.559164511592427	7
-0.0353654489644399	0.649197483005764	7
0.11619387646316	0.663875368346977	73
0.118952534812833	0.819796183401184	237
0.00855178489303798	1.72257433658115	71
-0.02267489575755	0.749819057432519	71
-0.0990260522592299	0.994598756084258	71
0.051575940767959	1.01026049597968	63
0.11999061172397	0.590471328722213	47
-0.10522473116348	0.476697883437059	7
0.108099393641541	0.690664950813813	7
0.0620430247431401	1.4015852344761	73
-0.093185772964	1.00696820005215	28
0.012689612368204	0.808500423621796	28
-0.10610816380043	0.465376189105069	7
-0.0170829818323599	0.76206809182123	7
0.097023948195702	1.28312839142128	237
0.116733578561926	0.673873807968016	28
-0.06299447374074	0.545509309144212	47
-0.0446770887855199	0.650799887794066	7
0.027381370132363	1.23563496261471	73
-0.0355117858727601	1.81910968561601	83
0.122052656807338	0.500066169049644	7
-0.0688092808521501	0.559545884034544	717
-0.07043189381043	0.567459872897217	137
0.121378360435705	0.773142418237425	71
-0.01522520650507	1.17343674392336	126
0.11260188209479	0.765820053710713	47
0.079962811021548	1.04631048217539	7
-0.00228647232036994	0.830572409545544	7
0.0228920477644839	1.21253830458019	13
0.122797369022406	0.500185552321447	13
-0.05672964795657	0.523211369479955	73
-0.07571682682602	0.547635046165515	73
-0.10434247161086	0.461741074688302	73
-0.10683827869555	0.458491764208801	73
-0.03148823921725	1.37679336539268	73
0.034257035198617	0.888272001260697	83
-0.1114585714939	0.46327110627455	210
-0.01029416765209	1.16339000678281	71
-0.0013555947847701	1.12467626455848	71
-0.0655891262182999	0.56258473083991	126
-0.0639208744551201	1.02977396680534	126
0.124386974896982	0.497523495882817	28
-0.0362717261997501	0.63242750294888	7
0.027128688549822	1.28650656644382	359
0.124788363444519	0.714071583275205	593
-0.1114585714939	0.46327110627455	237
-0.01146666284364	0.760362197101892	71
0.080519751426834	1.12894540581409	63
0.038238224607511	0.978140623952821	7
-0.0020631332463501	0.825722662331297	593
0.124328641859088	2.05181648136314	73
-0.0404089826885601	1.35156918618514	73
-0.04559901765313	0.648575889409067	137
0.05211774603755	2.15781909140008	83
0.113083529696668	1.40144519375844	83
0.054831410011097	1.00838796299929	71
-0.0613134941179401	1.00909711745893	210
-0.10600663647145	0.476394599826471	126
0.11999061172397	0.590471328722213	126
0.062393024387607	1.80573529625313	126
-0.0463561819537801	0.648316555319344	126
0.00144227392089002	1.19000201624883	83
0.063958660704	1.02266529040102	63
0.107149075464937	0.690282377475696	7
-0.0304070274608601	0.647597698842218	7
-0.0113094289934099	0.729040358574352	73
-0.10512450327986	0.461480511131395	73
-0.07043189381043	0.567459872897217	137
0.116665259783813	0.77644074000133	71
-0.0941542878241901	1.00827185803486	150
0.121057865372323	0.754760958573321	137
0.115820155216175	0.564846650268286	321
0.1203535349449	0.583413988518612	71
0.084551011049033	1.10262044112228	47
0.060811612275488	1.08805318991047	73
0.0640905487707411	1.35029231785384	137
-0.0420391258324799	1.55508835225857	28
-0.00367643957075003	1.75372876251885	28
0.0284081114997941	0.899690638001726	28
0.050266256490499	0.922271352799052	7
0.049983989052534	1.37800268062433	126
-0.06501252545001	0.561916655130423	295
0.114801943424145	0.689273968378217	73
-0.0502091045381901	1.59457537457913	83
0.064664230382248	1.38176790961444	83
-0.0133553296617901	0.733960118579556	71
-0.0541500063459699	1.99041180452744	71
-0.07018150310765	1.23830873734101	71
0.115282756686117	0.767732792536435	47
-0.0427689680723	0.657480143325407	7
-0.10975142616791	0.463896532215058	119
0.122109110946789	0.765332528880547	237
0.0966756061758089	1.16045768163763	83
0.076217801526855	1.81113301833557	83
-0.02897309530399	1.33299060120205	83
-0.12037729010032	1.62429921802185	83
-0.0740895567119699	1.89407007964878	83
-0.02455868581615	1.07898269398307	71
0.013295407909627	0.790019536885711	71
-0.08251582290201	1.48138957176924	126
0.052662180095328	1.41193060795441	126
-0.0727318186272199	1.23458770989465	71
-0.00603839214140001	0.731618980417941	7
0.116997666106283	0.656193359746221	47
-0.10703674383219	1.38335121544218	73
-0.04388956946622	1.38047812602614	73
0.119734936868404	0.68076820494301	71
-0.0657029303127501	1.06750159259617	71
-0.0423622037201601	1.35316175151464	7
0.039318600809762	1.31699670014298	150
0.09486042600134	1.14808620260968	83
0.120982068611024	0.503585682417491	71
0.025677296499469	0.928234088020437	71
-0.06224289182106	1.04412207533935	7
0.108175068205092	0.597857316435177	7
0.104675938595419	1.19656373388004	7
-0.06006268073689	0.553114806065108	295
0.0322268727839991	0.882316688265976	73
-0.09287234074758	1.27145213287117	73
0.117239797073024	0.628315170782065	321
0.051512033951071	0.94241770044218	71
-0.0663227553147201	0.559164511592427	7
-0.03475155357231	0.659652293988842	119
0.0397080406878469	1.96885728839605	254
-0.0135142254371401	0.740885826182238	73
0.115405481368594	0.596085155985004	73
0.100440884978841	1.86636228353862	83
0.00318926566084898	0.851250373294985	71
0.123575679410183	0.815907619824361	71
-0.0771912275965001	0.531200176105164	71
0.032427403667605	0.858427424450508	71
0.108946120517285	0.596513486704044	7
0.114447976969481	0.561410897528695	295
0.123873547957684	0.645132124831214	295
-0.0364930159794401	1.35310750442964	73
-0.06427983501109	0.55508652984854	73
0.019836292557997	0.900711299324284	73
-0.02957012031205	1.5957441569251	237
-0.0088469289859201	0.718125485720901	237
-0.10160751533824	0.460599551365656	237
-0.0362717261997501	0.63242750294888	237
-0.06206387051343	1.33668008612007	71
0.104624582527648	0.416904865085068	71
0.112158066194759	0.60642206344435	71
0.112514070878162	0.766771620314315	7
-0.01224632234506	0.739257194566792	7
-0.11338828732108	1.4749339760338	73
0.018004783999391	1.21961840527854	73
0.122633502861085	0.502403768984357	237
-0.06637653186507	0.548475121490283	237
0.121588122670767	0.485789430910691	321
0.122797369022406	0.500185552321447	321
0.11121584173973	0.602175239881588	321
-0.0368662512218301	1.77929146721428	71
-0.0817625658810801	1.31824853665772	71
0.036413946350867	0.872511716690957	165
0.063248166446121	1.39047587460336	73
-0.08954285027054	0.958984142832082	73
-0.0275150787515701	1.08010682937207	438
-0.0590865728816701	1.01449779292592	71
-0.06590213741494	0.547701509615707	7
0.013315628921587	0.807165584155048	165
-0.06945755973163	0.525802452044404	73
-0.0818299883765801	1.9286313747278	237
-0.00402482182576991	0.791347852258918	237
-0.0695437033742199	0.565386820044387	321
0.023722650823653	0.923581141068209	438
0.116223913997582	0.467141129567272	71
-0.0712846408540699	1.54809491416341	71
0.117285395330203	0.483549065475237	295
-0.0945340537933199	1.5246076377808	237
-0.01436506114153	1.7110633303783	73
0.023535414491929	1.54776262461137	139
0.033093524068226	1.19999631093306	71
0.09916643367597	1.14505020115074	71
-0.0181276511852999	1.64041493631967	71
0.022299126106899	0.906940086816554	7
0.0427649801900279	0.984435656745154	7
-0.06006268073689	0.553114806065108	7
0.120982068611024	0.503585682417491	165
0.114487278815322	0.59477363463488	295
0.00972047191762504	1.88537533668163	75
0.038341907935123	1.28344057089002	73
0.076676728337691	1.02690032611381	73
-0.0682883427741401	1.04311733259676	71
0.06763168263036	1.07755166154029	71
0.061683706039193	0.984940654803115	71
0.120401826063619	0.683860872630688	165
-0.0349188316798901	0.656576293433807	73
0.113247201138918	0.770575050080319	73
-0.0394044734261401	1.35416929630897	237
-0.00600590994668004	1.67759617867294	73
0.00652041063782205	0.827857137106045	71
-0.09777710885788	1.19042128072011	71
0.022299126106899	0.906940086816554	47
0.00618898039758697	0.845834956616288	165
-0.0695437033742199	0.565386820044387	165
-0.03056496482294	0.646871210693805	166
-0.0969671272722801	0.4372016850646	73
0.114801737053154	0.762498160633708	73
0.067830641732424	1.4652010728173	71
-0.0320649458189	0.649240103326618	71
-0.07004155468803	0.530105630562685	7
-0.0133553296617901	0.733960118579556	165
-0.00188820928511002	0.642619078801762	150
0.055980681578061	1.41574321290364	237
0.078658285035068	1.65738083936808	71
-0.04283167748549	0.625070935994101	71
-0.0349188316798901	0.656576293433807	165
-0.10688994281584	0.465106828093368	166
-0.0960922856309101	0.970994343027836	73
-0.0829420289977401	0.511336004759612	73
0.123992474476102	1.31073640311978	71
-0.0789656942689501	0.520887713213571	71
0.045090124325252	0.986467124494716	7
-0.06501252545001	0.561916655130423	7
-0.10522473116348	0.476697883437059	165
0.114801943424145	0.689273968378217	166
-0.0324903902767999	0.626587402632456	73
0.079635369286187	1.00522052706049	73
-0.06516931085725	0.54130458194047	73
0.027261080918085	2.35689506149477	73
-0.0214684840987101	0.692819005152096	7
0.116641889216323	0.697478342837343	73
-0.0131828803082199	0.741828421237486	71
-0.0641229436158799	0.559861295625299	139
0.00927623235640496	1.25236750597936	7
-0.0107190414417599	0.731170235953166	165
0.10833836207172	1.29280783006357	73
0.00494171633826102	1.20419597442816	73
0.118076549478663	0.767314331499511	71
-0.10582165987247	1.18783809519735	71
-0.00931934121174005	1.70669734306363	71
-0.0963314068099701	0.992558452997564	165
-0.0304070274608601	0.647597698842218	165
-0.07234146354377	1.74476099900557	73
-0.0268343655950201	1.3637375925338	73
0.107231073408281	0.593779953912074	71
0.121439556843487	0.683238236789943	71
-0.01207364386663	0.728682422074859	7
0.01404337754086	0.790453178410732	7
0.121708826541667	1.8836728243514	185
-0.06501252545001	0.561916655130423	139
-0.00356711742373994	0.817078309371007	71
-0.0463561819537801	0.648316555319344	71
-0.10961486921521	0.459667056444222	166
0.065211347302401	1.81596206638546	73
-0.0438241499347101	1.24903950758831	139
-0.0112182646605401	1.16752271671469	71
0.106150173402599	1.68027074550226	71
-0.12360847341889	0.847477053133877	71
-0.0625797117851099	1.32629888245185	166
0.067130802385119	1.74794461373564	73
-0.00229192666595002	1.19149778525557	73
0.106644558785932	2.02591132987869	73
0.12050499977386	0.771065587294882	139
0.028457051201995	0.873372341886519	71
-0.03504973186398	0.647180380142787	166
0.0555330889460171	1.31486669800056	71
-0.0631906636461299	1.05058522127475	71
0.019114559995048	0.90569324364718	71
0.071997533275548	1.08502881064494	71
-0.0607950918239499	0.556015722307929	7
0.061453515318012	0.976962814337519	166
-0.03999690115539	0.643310003445282	165
0.117525483577183	0.604888263038786	165
-0.0751305273313001	0.54553880068914	166
0.065644299013761	1.75241744375171	73
0.027316734337871	1.1802240368044	73
-0.0597712449087799	1.49073642640809	139
0.099669414635883	1.22025088072993	71
0.047867875538867	0.936138089000231	7
0.119191951499021	0.664576062419117	165
0.123200590271555	0.796482084056487	73
0.122770257938308	1.76750044375249	71
-0.02574029158173	0.615257662393677	139
0.113816216811944	0.760779614070404	71
0.07327835127796	1.46219896278988	71
-0.0152722610303	1.400186105435	7
0.021577165038086	0.902888772030681	7
0.116747341077457	0.586379301598308	166
-0.0412623880252501	0.665133045805762	165
0.056831400074167	1.06479900471449	73
-0.0553741752788699	1.32116171710964	73
-0.01393837599204	0.767109979728638	73
0.107231073408281	0.593779953912074	73
-0.04661809890506	0.966901187126683	71
-0.0297868035205999	1.86251566489441	71
0.112682598121161	0.443018143753099	71
0.0237420579386139	0.904770593894725	71
0.030427599781349	1.64011451879634	7
-0.02949864044776	0.630411190635866	7
-0.0672127466868	0.561207303608277	7
-0.01861634177762	0.761163335305836	165
0.033773488237842	0.960155182811173	73
-0.0250657416275299	1.07854576340109	7
-0.0193846932039801	2.38614891044598	73
-0.01488324148382	0.736075410818172	73
0.075450948574101	1.10245623324107	139
0.109358803188753	1.29916548802392	71
-0.0284511874220299	1.10119803365081	71
0.00401872345395204	1.12361629895005	71
0.000780549516332996	1.18586697914781	7
0.00786976367477399	0.826337199983535	7
0.02665891652816	0.846424109569656	73
0.111328178009914	0.681771819773281	73
0.061360418655773	1.05643156363203	73
-0.10961486921521	0.459667056444222	139
-0.10145847545828	0.927960039594179	165
0.113575574763594	0.768531471518905	73
-0.0713201202521101	0.553000148515337	73
-0.03989009068656	1.3914843887115	139
0.122813434528582	0.570067673741235	71
0.053786662286316	2.12999813086853	71
0.038907086847401	1.35434055771251	75
-0.0133427960779999	0.765301022587394	73
-0.00175824355124998	0.814892826528062	75
0.113694938170819	0.60399434574713	73
-0.01020365848369	1.15451783979628	73
0.036369724383247	1.25641324318703	139
-0.05219828472916	0.615658602318837	71
0.041947848365403	0.970399968092536	166
-0.10514403071554	0.975148334621829	73
0.124758532807137	0.567120890111096	73
0.003531020643322	1.18261048247867	139
-0.11250887886586	1.85593278961048	7
0.111458728356513	0.693537773557591	166
-0.0686555503100501	0.548128892926373	166
0.030014804260707	0.851046522909775	166
-0.04050962346528	0.663722875864451	166
0.052956071077009	0.939618847782777	139
0.124646010100324	0.761976290649367	71
-0.10978247171818	1.24289183806824	671
-0.1156619258991	0.446688195556725	73
0.045915446059523	0.972707105766741	139
-0.0374564317673201	0.644123684323253	166
-0.10522473116348	0.476697883437059	671
0.113922704899524	0.691714395955457	65
0.012569947008809	1.23816122675838	139
0.118940804588889	0.784772862169488	139
-0.01878746685265	0.757540635779744	71
-0.0343001845717601	0.647460875933986	166
-0.0696973333894499	0.561574308618346	73
0.116930760611734	0.609303637563475	75
-0.03714066217882	1.5473415141061	65
0.027167992474224	0.893378213012465	65
0.122700442123323	0.781444323633194	65
0.124407750296618	0.739780628021111	65
-0.0000766297994398979	0.843950010819432	166
0.121522768219335	0.590880916733193	166
-0.0193439836043501	1.43461740840645	73
0.12412649255226	1.69143975756735	71
0.09951112927231	1.38060698248338	71
-0.0844077507973	1.29665765062828	71
-0.03453233060311	0.687691775584579	39
-0.0894597629000799	0.973634496592729	71
0.027436606672062	0.906695574860892	671
-0.0133265403851199	1.35381109026537	73
0.043429214394263	0.973332307569858	71
0.04345300371589	0.985184321327827	71
0.026397809931716	0.925281719150374	71
0.00925555989859805	0.835737068484745	71
0.111012571956625	0.445990070824541	71
0.026649861701485	0.929003327934159	71
0.00258856189771295	1.22417717968267	39
-0.0193706950558099	1.04873942656038	75
-0.0284907806521699	1.68772600422914	65
-0.02426766886895	1.79270285806149	65
0.0455439989545971	1.21573975761129	71
0.107568050471079	1.27334901866652	71
-0.0327086904350999	1.36749848720068	65
-0.0576658065439799	1.01594899581431	39
0.123117451194119	0.882023935849154	166
0.0169636045596669	0.787039400499149	75
0.110348823638123	1.24577879761149	65
-0.02233317056484	1.07610172499467	65
-0.00476669543265995	1.34035313799331	71
-0.0154184980999399	1.41382935276653	71
0.121157756885524	0.682899337318895	71
0.024757324673693	0.901641032846113	39
0.0884300038458951	1.21359879031881	139
0.124368440104664	0.841821842358272	39
-0.05799394864205	1.06299717496988	71
0.116922110232301	0.591357840998516	671
-0.0571836500029801	1.85256009496416	65
-0.0629022924069	2.25188052448704	139
0.113164919561382	0.694257548631926	71
-0.10678894358292	0.471991447096944	670
0.00374154142642902	0.827359368053302	71
-0.10762266032787	0.460621657051111	166
0.113274506989738	0.593034012599219	670
-0.000521669485600063	0.836588115580221	670
-0.0664789809630699	0.564657521717205	71
-0.10590693690656	0.457445046305864	71
-0.0663227553147201	0.559164511592427	71
-0.0471337355757699	1.55488969195892	65
-0.0244850975906401	1.32284600164901	65
0.11635507404904	0.662930397416523	75
0.121478381067171	0.765126855349067	65
0.117893641418297	0.681009990041484	65
0.108668701331013	0.690951480002739	71
-0.02156406261394	0.752436633497728	71
0.058782834246554	1.00442216357655	670
0.020595042045952	0.874988397933356	71
-0.10403306703818	1.24664829605437	75
-0.02008506870918	1.76357706555806	65
-0.01520594272714	0.748554961697797	670
0.086898756441143	1.53419883301057	670
0.117104262026251	0.600295228181218	71
0.114426566634487	0.691467643743761	71
0.105927390989548	0.575640602666098	71
-0.0367064369174199	0.650565396807527	71
0.082743877487833	1.24848027966484	71
-0.0232365463318001	1.37959784632525	71
-0.0185736048791501	1.4299657939243	71
-0.01629217320952	0.970741220655432	166
-0.0138499224608899	1.84627089688727	71
0.0664482836147841	1.96620456307688	71
0.03576976579019	1.61761355962259	71
-0.0355191523655201	1.3380626549889	71
0.074981683030917	1.01443043816769	670
-0.0307450557718501	1.35433761360258	670
-0.0813228683061	1.24830292170486	670
-0.0965307271870901	1.18175679308776	71
0.023481483658747	1.60025816435986	71
-0.09855381405463	0.994535512421755	75
0.010341271475625	0.822988785125166	65
-0.0591127321343901	1.17873379426021	139
-0.00714796654901995	0.727051650253558	52
0.118453379253863	0.586823479730037	52
-0.0124190821119301	0.739296656418697	670
0.075613994869286	1.00793401836587	670
-0.0695437033742199	0.565386820044387	670
-0.0125766310962301	0.760432397523254	670
0.10042853312992	0.559139352673852	670
-0.10239063636916	0.460341013088596	671
0.053830079809101	1.65744089414828	65
0.12016103304325	0.770795080064954	65
0.120400135575697	0.502036552956598	65
0.108175068205092	0.597857316435177	71
-0.0102071320916399	0.734401491250376	71
0.00689660312813301	0.823569570700494	71
-0.11289263745967	0.463451351535821	52
0.049473551424693	2.15405746115318	71
0.117251836522998	1.71891764533925	52
-0.10239063636916	0.460341013088596	670
0.00081258743106305	1.7112715796863	39
-0.00509468495552001	1.66159854624311	71
-0.0395744801901401	0.892778698832473	166
0.122292055870285	2.11767597427214	65
0.089815826938206	2.25262255898898	65
0.107216953667971	1.64035676170593	139
-0.05503465380434	1.05889015292069	52
-0.0750443283125499	1.26044977089475	71
0.11685870785624	0.485148487501281	670
0.012039722422741	0.829917227710426	670
-0.0751901021343	1.75863681642032	111
0.105951511881915	1.32696217533651	39
-0.04050962346528	0.663722875864451	17
-0.01113644053041	0.705447319916888	71
-0.02300312494007	1.63530209599473	71
0.000980598857398984	0.841313519082833	52
-0.06590213741494	0.547701509615707	71
0.119397507268732	0.581556694638603	71
-0.12246053381795	0.86746869816998	670
0.000674535126887976	0.84655083719027	65
-0.0379287815153999	0.654223959833805	65
0.00772352846700797	1.21687609466746	139
0.045862196975536	0.947148839300084	71
0.121865552948004	0.759398277224178	71
-0.07638545791172	0.517801699483408	71
0.116930760611734	0.609303637563475	52
0.028878406190794	0.921554342586934	52
-0.0773665217961399	1.43970641819506	65
-0.0962496284311101	1.71147021351937	65
0.021577165038086	0.902888772030681	65
-0.0296379292809601	1.11844603697068	71
0.017234180732543	0.795357208570159	52
-0.08650840425575	0.948994050605399	52
0.0661755936573441	1.83054932800298	52
-0.0153052822791899	0.719771456975584	52
-0.10683827869555	0.458491764208801	17
0.108524065178946	1.18011376030062	65
0.0892230855228739	2.12494441097315	65
0.033448075958704	2.20970147688526	65
0.107380412040263	1.18603422977788	65
-0.02921608411692	1.10524558256075	71
-0.11193027722573	2.49810778069923	52
-0.0643306049516501	1.53877610947513	71
-0.08275663105007	1.29670509591983	111
0.06403874791679	1.00825961518145	111
-0.05425740672098	1.53481848180013	111
-0.04994620208204	1.45953823249158	17
-0.0341653481464901	0.647076589132922	17
0.067676442623546	0.987610168487312	17
0.111197300304666	0.684916008732924	166
0.038341907935123	1.28344057089002	65
0.024028436769604	1.24918078443505	65
0.073442818644013	1.13878124720711	71
-0.0726758929450799	1.5426327911449	71
-0.11671703845144	1.8883328823624	52
0.0378107907769319	1.27653804044726	52
0.057958422527748	0.988606472512325	111
0.124488655132268	0.729991037647422	111
0.026223161408337	0.890937456437543	166
0.0700712472141321	1.42037642489473	65
0.087201848435884	1.09086012175222	65
0.016000871733623	1.13932332811474	65
0.102141043796092	1.31344588752271	65
0.107104631277011	1.45315326375425	52
-0.11744733289463	1.68958533027588	52
0.00299080684194897	0.818490663086438	71
-0.0128776947333	1.15672238631138	17
0.123431572820711	0.778944279898959	17
-0.05941069029422	1.06916404435605	166
0.011194462324654	0.839174349047857	65
-0.0892978057955101	0.975317066642121	65
0.040385436571194	0.953057533255056	52
-0.0653842936732101	1.42843353099682	52
0.119645532270895	0.682266734618067	52
0.061613718500075	1.01540853299019	111
-0.11796876889952	0.81678715955259	17
0.121144935728501	0.50506243663362	17
-0.0321837147662101	1.110611724835	65
0.109948271918094	1.41756862917551	65
0.121439556843487	0.683238236789943	65
-0.05253318958922	0.581472711958674	65
-0.0463561819537801	0.648316555319344	65
-0.0593582814120099	1.05647169585102	52
-0.0882825226371999	0.95177748582091	52
-0.06736886550856	0.55029636843608	111
0.020629389233577	1.54748195499373	111
0.057274144507615	1.67296475967074	17
-0.10455734303199	0.426846121445145	17
-0.11132118480954	0.476622881160275	17
0.029099383094375	0.908027106813422	65
-0.0510273616127299	1.03057353904224	65
0.102742394207028	1.30922647915879	65
0.012652616349024	0.830597855148923	65
0.12075357558261	0.582858808359054	65
0.062018747124344	2.10318391345102	65
0.114881832266514	0.478398745854712	52
-0.0344585351139299	0.651432595174473	52
0.113889751381054	0.595241816371305	52
0.028628473259017	0.923183443592368	111
0.00321224139902099	1.22167738568113	111
0.027914667845123	0.875963612619439	111
-0.0397572088107101	0.658668561338408	17
-0.10688994281584	0.465106828093368	17
-0.11302962748665	0.462905985150124	71
-0.0033826149451599	1.46126738875731	65
0.109871899014669	1.31858778093503	65
-0.10464786531821	1.23139300790994	65
-0.12178864171253	1.42992233445895	65
0.075057385470113	1.07473769210897	65
-0.11156315423753	1.48506075047777	111
-0.00357352750865991	0.79447394519436	111
-0.10449085903882	1.23557824548866	17
-0.09294637981375	0.957430775886301	65
0.010323760530218	0.823288457959114	65
0.026637214763235	0.907163176171686	65
0.0242352814814361	0.923179805977928	65
0.103487312677149	1.1850451086154	65
0.00746135350187605	1.21641387715961	65
0.037758501503668	1.28234915806613	65
-0.0125919227765201	0.728457691965166	71
0.065687894058334	1.45689737195767	52
0.070902840276061	1.40625550814693	52
-0.0535618902239501	1.02650410200491	52
0.116747341077457	0.586379301598308	52
-0.0907398424823	1.00908433102299	228
-0.09781215727184	0.98727810368944	111
0.113274506989738	0.593034012599219	111
0.061627384374034	1.36008907262714	111
0.00460882197965995	0.820019278766555	111
0.086197320276486	1.21317623665811	17
-0.0349188316798901	0.656576293433807	65
-0.0751305273313001	0.54553880068914	65
0.116155919730072	0.589948895991122	71
0.070570512553058	1.11742064131346	52
0.012430406895199	0.826701760576321	52
0.016736730018028	0.84664679565339	52
0.112251702643985	0.470848823973793	111
0.00797882047940801	0.856398875333795	65
-0.11196500909974	0.444805824633541	65
-0.10610816380043	0.465376189105069	65
-0.0407547821582801	0.646813370960198	475
0.123377270439882	0.496160904139913	52
-0.10239063636916	0.460341013088596	71
-0.0693901944150801	0.549667076630198	228
0.112926688718948	0.606660311762654	52
0.120643678041249	1.34127152837804	71
0.121427474841691	0.485739355543687	71
0.123752721333126	1.45843086268673	65
0.114823728909615	1.95035032779787	65
-0.0599048935106301	0.543572628182004	475
0.058128006530047	1.02930157558495	71
-0.0353654489644399	0.649197483005764	71
-0.02831759727086	0.61270028399286	52
-0.10522473116348	0.476697883437059	52
-0.10444322726406	0.472808117329462	52
-0.00850247377359992	0.734315579627195	52
0.1010576787531	1.97878326062233	111
-0.03884884812033	0.661001698179403	111
-0.11132118480954	0.476622881160275	71
-0.0645992129053501	0.54613723586319	65
0.000674535126887976	0.84655083719027	65
-0.0353654489644399	0.649197483005764	71
-0.06590213741494	0.547701509615707	71
-0.10600663647145	0.476394599826471	52
0.123478669365793	0.83428002025325	71
-0.11053609395164	0.474325461289262	65
-0.10444322726406	0.472808117329462	65
-0.0313147815252299	0.649530379326432	52
-0.11224388764376	0.465439266753859	75
0.050093749860696	1.30645632647198	307
0.115789754813988	0.489886680145046	65
-0.0696973333894499	0.561574308618346	52
0.052518286132662	1.24340505887077	52
-0.10512450327986	0.461480511131395	17
-0.03642685250386	0.663042076850598	17
0.123633575933903	1.32351704062137	75
-0.0325444561905801	1.06658131935726	65
0.040085326931765	0.940864511073374	52
0.01547032369232	0.807777259782673	52
-0.0521903612742301	0.975638008977051	52
0.124046852326712	0.755236051330287	111
-0.0677114932692999	1.80589507629962	111
-0.00881678450708989	1.12358762240292	111
-0.0029198082431201	1.20817401282116	111
0.00192864759515099	1.69910072497353	111
-0.0413496387474299	0.640735464128476	17
-0.03217623526568	1.2959452259256	65
-0.0403545223787201	0.667528964247032	65
-0.0202507646046199	1.43985505079529	475
0.120403861636497	0.779209626957349	475
0.104514857572428	1.52646060826804	52
0.124540029146178	0.74858673026485	52
-0.05611867040423	1.05636834325769	52
0.107339150688515	0.685583443934468	52
-0.0204919347058601	0.734362418506402	52
-0.03531031616905	1.12637320883944	71
0.01129142482114	0.829393622415444	111
0.112974896851574	0.691347319582257	17
-0.01087288719435	0.754214244383323	65
0.112001340560032	0.598952844046179	52
-0.0695437033742199	0.565386820044387	52
-0.00756581043425997	0.739782250187272	71
-0.09091557884917	1.15524842768573	111
-0.0648558557602901	0.562827830998315	17
0.108335188395976	1.36423642856831	65
-0.0212703027557799	0.706355553834494	65
-0.04066493242072	0.641370237382758	52
-0.0622609880014799	0.552455509748522	52
-0.06427983501109	0.55508652984854	52
-0.02949864044776	0.630411190635866	52
-0.0207948474325399	0.752857556728957	52
0.123049399192034	0.671357271084007	111
0.108620257886708	1.40901122857816	17
0.057335618277661	2.14440276475179	65
0.122723982849694	0.714589124570923	52
0.010177564030164	2.08338453018677	111
0.117652725321077	1.35077118183408	111
0.0820877568145441	1.18643924186439	52
0.087078072728827	1.16434878690321	52
0.111648254799194	0.690690771176111	17
-0.0963339516927899	0.96462600781473	65
0.083053074696963	0.881111921851681	52
-0.0926907544172899	0.965505833216637	52
-0.09193504012178	1.00135207335468	52
-0.0343001845717601	0.647460875933986	52
-0.0236335686487501	1.85105601815608	17
0.111070628396788	0.550442369046185	71
0.105192174817004	1.33223538196738	65
-0.03147233321104	0.632630985336164	52
-0.04050962346528	0.663722875864451	52
0.122337533158814	0.484350652236257	71
0.117607565301852	0.486730005133549	52
-0.02949864044776	0.630411190635866	71
-0.08528377601641	1.2921337970915	65
0.00966754360656297	2.49541875697855	65
0.112926688718948	0.606660311762654	65
-0.0900012401267301	1.00600300460142	65
0.010116892580692	0.827946342971332	65
-0.07653349073434	0.507589220675295	52
-0.0362717261997501	0.63242750294888	52
-0.03611415631054	0.651858896311553	71
0.113520497835999	0.59406467825926	111
0.111389070268761	0.603299618267454	111
0.034157845772491	0.852079835435122	111
-0.04163445255955	1.68786287226293	52
0.074237018297259	1.95048798991636	52
-0.000516942280849975	1.43420733876147	52
0.042444906022769	1.32387782268871	111
0.070807337901485	1.44940771124	111
-0.09803829332242	0.981037152896115	17
-0.0143704483845899	1.9302818058513	17
0.064886555094922	1.41167908501841	65
0.0512727769836791	2.11632161170856	52
0.121872153475165	0.586713057830608	71
-0.05799394864205	1.06299717496988	65
0.112700457909269	0.762384479014338	65
-0.10724533859713	1.45032537624552	52
-0.08631964271015	0.942564390343529	111
-0.066161732716	1.94040902145448	71
-0.11039973443848	0.46180092432352	65
-0.03257562920594	1.31925346123519	65
-0.1114585714939	0.46327110627455	71
0.00930325648168595	0.810148485120418	111
0.057644957802993	2.41231485921198	111
-0.0552604943551001	1.98532633849226	71
-0.01350098879851	1.36237384409913	65
0.106015756571949	1.26327497674569	65
0.049039175927853	1.32494450970885	17
0.00872785332856396	0.855268831027367	65
0.050618765035636	1.31736695167641	65
0.124335264583801	0.650762126957473	65
0.119350680519905	0.751223974361338	71
-0.07628854969313	1.25972777744548	65
-0.00591696903148997	1.13099629508354	65
0.121427474841691	0.485739355543687	71
0.00102882453279596	2.1517007561407	323
-0.0774914593782201	1.31071808593822	71
0.037499284942172	0.947624659213943	56
-0.10683827869555	0.458491764208801	65
-0.06810276769437	0.547094484466727	65
-0.09037965235139	1.46949856426964	65
-0.07043189381043	0.567459872897217	65
-0.00573172450660997	1.1513538758527	65
0.036164993925186	0.867394032332761	71
0.00941856283678699	1.39741382699518	71
0.119485115122218	0.690358537640611	65
0.123053442298938	0.580963829026467	56
-0.0218709154772601	0.740140946227935	65
-0.0339974811952	0.654624628299808	65
-0.0136414052359899	0.721396112123877	475
0.113285027810291	0.70231199428708	56
-0.00159203980998002	1.65665895892845	65
0.00797207484196005	1.16924732148406	111
0.071391970883911	1.48839361278983	71
0.081246985057413	1.11577103738564	71
0.116850882598984	1.75019293270504	71
-0.0504145263865401	1.33432877848582	71
0.120212851335976	1.46899636090329	65
0.010972807543429	0.829368319411757	65
-0.0609527784987101	0.543147724491633	71
-0.0251475011532201	1.33266773477095	323
-0.11067367860901	0.453467888106335	348
-0.0948520427280599	0.982787853738647	71
0.022747796694513	0.922819673392786	56
-0.0349188316798901	0.656576293433807	71
-0.10119642229578	1.84083624604924	71
-0.0229471396390999	0.719034027297623	56
-0.0908982742492199	0.950206950462468	71
-0.10239063636916	0.460341013088596	348
-0.07805474099845	1.76802902589021	71
-0.05248331609756	1.29250084770096	65
0.122196233562003	0.680743952540408	56
0.016777625106998	1.47729036876276	65
0.108347957806776	0.594098845826677	71
0.116922110232301	0.591357840998516	348
-0.01802099493423	0.756301907947014	65
0.119546463293735	2.00269863930655	71
0.119778246396334	0.827491097377882	71
-0.0697082371773501	1.56240221418223	65
0.014924568253474	2.36912336455944	71
0.056014622177983	1.87169855657408	71
0.00151475064901796	2.42686402809245	323
-0.06172940662306	1.03945990566333	65
0.080248069892889	2.31459632510451	71
0.073716323979075	1.02028942684928	229
-0.10600663647145	0.476394599826471	323
-0.07043189381043	0.567459872897217	323
0.121427474841691	0.485739355543687	323
0.047482670710587	1.34019462123945	71
0.077445887036109	1.13985411718049	71
-0.02892435792755	1.11319255324689	71
0.038851590458398	1.64469127924144	323
0.040295453703421	1.94126952536484	71
-0.11844079215078	1.4007526705924	65
0.0212609887453949	1.26238614417774	65
0.089696707927186	1.18598079881668	65
0.117853043756922	1.80045093096821	71
0.11978348895269	1.63453155998209	71
-0.0598552952454099	1.03933824835269	71
-0.10516385158996	1.71166884821346	71
0.070448104368952	1.05033761973281	71
-0.08593485223513	1.74192816529358	71
0.00201151238934305	1.17776179792357	65
0.11542668540279	0.678245191680204	71
0.083659563017783	1.18126954532645	475
0.075582135346363	1.59912041765452	71
0.083050031658951	2.15637137003145	71
0.079987314011202	1.51193067828885	71
-0.0254438395747401	1.06274545707593	71
0.102950777168871	1.49988085947317	71
-0.0274305605932299	1.35368554460888	71
0.080619758601044	1.95242806663139	229
0.00237339568839901	1.4181039346412	71
0.12469166467056	0.83717797032613	71
0.114489607840596	0.676838791417899	71
0.0124598206891779	1.44935591517236	643
0.095871763481211	1.30168264922264	229
-0.1102951935473	1.4631893091067	71
-0.0224278215303	1.58114540120554	71
0.105335206806063	0.682257390162343	71
-0.03177596394909	1.05760700165288	643
-0.00250940264204003	0.824624447827605	643
-0.00599189771184006	2.12593124020274	71
0.00081817074424595	1.19570092499674	643
-0.08227923158586	1.30360071568461	643
0.00975858923680295	1.51456010145546	475
-0.12222928592756	1.21928326286304	229
-0.09214389627062	1.66655082662024	71
0.033766606228794	1.32525808806748	71
-0.06399028540511	1.52016896602642	71
0.044120763702201	0.921031415232854	71
0.04334712241074	0.960688336524538	643
0.031080453100627	1.26342339776456	643
-0.09392403174366	1.01041881866129	643
-0.00166657965331996	1.70114849264104	229
0.074759041447248	1.87198575037797	71
-0.0183477144762501	1.67214049492774	643
-0.0171306151422499	1.8716849812931	475
0.017421783701608	1.45262440467617	229
0.059555308058113	1.07115876522613	71
0.10134857227626	1.29464649271458	229
-0.0447094458661199	1.65116359368377	229
0.123775282989074	1.84239364053167	229
0.120996501583999	0.780462675235846	71
-0.08326548347751	1.49087285107466	229
-0.0708123930733899	1.56335011921358	229
0.110064113184463	0.587939489348983	41
-0.0169639998209601	1.11231913761305	41
-0.09865906004763	1.70587696716233	229
0.02613424890036	1.24328960005951	229
0.099311536173925	1.22921409289272	229
-0.09362930958336	0.955820787010171	41
-0.00867455517652993	0.741936132604883	643
0.0730333500729911	1.01116764066552	71
-0.01551012456446	1.15604174157806	71
-0.0840201301985	1.92643624051981	71
-0.0878183191943101	1.75801534074862	56
-0.0138245250965201	2.29124631232702	71
0.062264708955828	1.40791846862397	229
-0.0638761571541799	1.75404714050098	229
-0.0487541914346199	1.58687852475442	41
0.0730001689923761	1.12116079532438	41
0.015863945733112	1.23610627350302	41
0.00715063944863503	0.805374782049676	56
0.084649925052787	1.93914316166214	229
0.117490441548907	0.820353677538331	229
0.124649687244623	0.759547149363138	229
-0.0853810324926201	0.970644243593258	41
-0.0574135977835799	1.04031982168499	71
-0.0403545223787201	0.667528964247032	56
0.124289693273395	0.628847949193382	56
-0.05746961201863	1.01174661756442	154
-0.0124048943724799	0.768070455840443	229
-0.0906083575088401	2.15202372073764	71
0.042337563048228	0.935102130636835	475
-0.0254323386515001	0.735876803841591	229
-0.0419051861703199	0.953035509993061	229
0.116376527387943	0.680362868940966	229
0.052663909527667	2.10137193679954	229
0.076642779646957	1.8177479755682	229
0.089267692748771	1.13318605368296	56
-0.0108554066384601	0.718083909813904	154
0.119799647737395	1.43530913073831	229
-0.0159724851882701	0.749776578029244	71
0.0607492085875621	1.00483073163821	71
-0.04283167748549	0.625070935994101	41
-0.03694699403581	1.10262837132377	41
-0.0941542878241901	1.00827185803486	41
0.000674535126887976	0.84655083719027	71
-0.11153299023836	1.22035725603843	56
0.121828326071028	1.30963902900783	154
0.106453850293428	1.32807041952368	229
-0.0924503892800801	0.965555413305229	229
-0.0662221259298099	0.560230840275366	229
-0.02344406735204	0.749410204678404	229
0.062087545502848	1.00099923244034	229
-0.01377506844688	0.735606734422128	41
0.120358929495522	0.66269961512857	19
0.012689612368204	0.808500423621796	229
-0.10767212348075	0.460994604779672	71
-0.09507533553705	1.19422139674976	229
0.112216994947382	0.693883179360213	56
-0.0992944617801099	0.995767833496801	56
0.0646136327332431	1.01366216697231	154
-0.0678457188247299	0.548106046604442	229
-0.04559901765313	0.648575889409067	229
-0.05083764051914	0.607760585851172	229
-0.0742438735750901	0.543656124489077	229
-0.04131698282551	0.614552531647831	229
-0.03868202322364	0.659211619822743	41
-0.00785221472319009	1.36338700265324	19
-0.10708029263895	0.96974606690567	19
-0.0898464729552999	1.91813346876825	56
0.00894906040488797	0.853390895053755	229
-0.0260599399428001	1.83948531468834	71
-0.09311477879305	0.962879187995062	229
0.030035267332606	0.896256808411917	229
-0.0290324762709899	1.64969617764973	56
0.114993555343206	0.695285912319558	19
0.03210888758548	1.3488191101456	475
-0.0578718873020101	1.04804954013925	475
-0.09906546172244	0.985171838327303	229
-0.0948186421674	0.95068106753394	229
0.115392201214167	0.599729029190116	229
0.05118026863518	0.958108079836664	229
0.110446876758728	0.599123422450399	229
0.122210273552111	0.771455133053911	229
0.016705515804983	1.54088822036177	71
0.024283153891733	0.90380619640864	41
0.046535932789442	0.939122571935063	41
0.04377773273954	0.903042246789282	56
-0.0448422074572501	0.645076760813546	56
-0.01239287586639	0.728037511412212	154
0.023962918680386	0.873724245643827	475
0.124144786236138	0.638833524197744	475
-0.07807133675544	0.498421258756982	475
0.11562810730936	0.680959937960969	229
0.062022200708735	0.987356941776111	229
0.057997289166236	1.97054886042901	229
-0.10670156578032	0.459837242464386	41
0.034936632940538	1.34584657673629	229
0.099315924221615	1.30989328607523	229
0.00502175402065697	0.840421929528676	71
0.027907806865628	0.92082501530586	41
0.052671553165115	1.01241042747335	41
0.0245805732351591	1.23629118603713	475
-0.00964174186163991	1.17014112230037	229
0.123900045847423	0.668991859929085	229
0.113889751381054	0.595241816371305	229
0.090025568909095	1.08670118343325	229
-0.03167157550515	1.12456796154282	229
0.03318122936932	1.34672042269385	229
0.088161694525333	1.1600965085555	229
-0.01350098879851	1.36237384409913	229
0.059243981168949	1.04049228730086	41
0.044881636345353	0.958208930756466	41
-0.0221159926488099	1.42712121118043	41
-0.01394704476819	0.741438068321926	41
0.046190141343354	0.922652040760498	475
-0.1146911491839	1.58517036881338	229
0.114562091230593	0.746104189185607	229
0.00404070175076199	1.21623300899997	229
-0.00637828233778004	1.15363567045059	229
0.083324135664515	1.17910086331344	229
0.048336694348372	2.02348340069044	71
0.046808336794678	0.940953880750089	41
0.012590353848474	0.882392440653166	41
-0.000372388291290049	1.18615013412919	41
-0.0664789809630699	0.564657521717205	41
0.014757485683723	0.896508619685669	19
-0.0092426806957	1.0919821290038	229
0.063303420294918	1.0283410898859	229
0.122354734980101	0.762310784011423	229
-0.01594815117854	0.731041113511883	229
0.011820408335017	0.821356075309751	229
-0.03868202322364	0.659211619822743	229
0.037876920196866	0.874928722930264	41
-0.0076982489688	2.10889081929072	56
0.122288290397914	0.58732685839333	19
0.00896805554131697	1.20840108348404	475
-0.03280213056043	0.639030722493506	475
0.122555528271991	0.647698536380245	229
0.022271869588488	0.87722399095581	229
0.034790666548947	2.35335659832819	229
-0.0671109454538701	0.550020509612296	229
0.014282474853004	0.812976307248455	71
-0.0607950918239499	0.556015722307929	71
0.121347622251357	0.681521673357788	71
-0.07319158870762	1.27538306572915	71
0.0106682461436241	0.839954937386484	71
0.070162721384555	1.41511593639272	41
0.117104262026251	0.600295228181218	41
-0.00955813895542001	1.14432640953405	41
-0.10160751533824	0.460599551365656	19
0.06590943895324	1.08104581860259	475
0.120964790908969	0.548012559626143	229
-0.0609527784987101	0.543147724491633	229
-0.0448422074572501	0.645076760813546	229
-0.0356726663642	0.661632478819647	229
0.124153308079864	1.39702101360055	41
-0.0614274291981001	0.52570317364087	173
-0.07116681411302	0.569113982310443	173
-0.0609527784987101	0.543147724491633	41
0.116930760611734	0.609303637563475	41
0.113694938170819	0.60399434574713	56
0.107049081066156	0.449271993477797	229
-0.0657455739924799	0.564904946258386	229
-0.0657455739924799	0.564904946258386	56
-0.0442142935496199	1.49624092735116	71
-0.06807521776936	0.545584140574717	19
-0.11354359994128	0.357044578928079	229
-0.0805794554930099	0.522918673843276	229
-0.1114585714939	0.46327110627455	229
-0.0882829943418	1.24534812581344	19
-0.0884588880033701	0.924219836941556	56
-0.0841066425902699	0.949255788837109	229
0.124046852326712	0.755236051330287	56
-0.03642685250386	0.663042076850598	56
0.095259090306596	1.65700846876326	71
0.10843178831215	1.60382308240757	41
0.114487278815322	0.59477363463488	173
-0.0938856475112799	0.983590771159117	229
-0.02190609507624	0.746568793504159	229
0.110521627949937	0.682690570896528	229
0.121248892212532	0.678618988035909	229
0.117337498802108	0.562332643862401	56
-0.10356084150438	0.458143045041288	41
0.011820408335017	0.821356075309751	173
-0.09559155161153	0.989604934426428	229
-0.0433296481498999	0.620236943810675	229
-0.10160751533824	0.460599551365656	229
-0.0998975011754	0.456225192401684	229
-0.0655891262182999	0.56258473083991	56
-0.06427983501109	0.55508652984854	56
-0.0631514973329099	0.542559686151121	173
-0.03659326852065	0.64664768454335	229
-0.10670156578032	0.459837242464386	56
-0.10683827869555	0.458491764208801	41
-0.0594887549032399	0.523335225301477	41
-0.10055730808209	1.91833815673022	173
0.123212603863783	0.4815723692748	229
-0.0124048943724799	0.768070455840443	173
0.116922110232301	0.591357840998516	229
0.029328163491487	0.846675892645563	56
0.123329918971129	0.767810047870642	229
-0.0356726663642	0.661632478819647	229
-0.10532678603979	0.461717089571125	56
-0.0647539354967499	0.55291332029848	41
0.0892498483393121	1.88534845722439	56
-0.0421673972921399	1.38283284516604	56
-0.09082112749903	1.72499404690064	229
0.058282668866752	2.31893858346585	229
0.013180924676271	1.55955650519104	229
0.04892765846836	0.976102215729652	41
0.094316229492773	2.18166400829051	41
-0.0581352042874099	2.35369446454128	173
0.073605978809765	1.08713570540512	56
0.081624403759839	1.16538282688789	56
-0.03737187273237	1.10055329969876	41
-0.00835755416635009	1.15517655633625	229
-0.0717995705883601	1.2451940361341	229
0.066948449322583	1.41904290187569	173
0.101384044757568	1.5329011372976	173
0.083448429555434	0.991988980530234	56
0.077218948821597	2.24787345778944	41
0.00373865604734902	1.42092555688431	173
0.017506334053716	2.04920424810213	173
0.092921087540973	1.23660206357619	41
-0.12074736588803	0.841327974114398	475
-0.0193835752127001	0.755519301853946	229
-0.03940485502263	0.605919992612331	229
0.114660919824577	0.593898080969548	56
0.014502622812972	0.819069737354115	41
-0.10522473116348	0.476697883437059	41
0.108056971491042	0.747181093964716	56
-0.088554594009	1.47893008721473	56
0.066007305609281	0.997402498732217	56
0.117446583861581	0.489886186285131	229
-0.0812882014424901	2.13329237887497	56
0.034673452894362	1.29994645904997	56
-0.07049167326446	1.26934960865254	229
-0.06145045855799	1.03179968053949	41
0.00524193393697803	0.834963539780396	41
0.0502578087046049	1.33655570306989	229
0.092472098097713	1.17735492773667	56
0.05174059503838	0.965769523292207	41
-0.0148763196488	1.72080570490787	56
0.075842680120601	2.25560990860688	56
0.089955061271222	1.6148581473802	41
-0.00182752722707003	1.62177925727727	41
-0.0454751400400899	1.80027038203481	41
0.039576240776742	1.23911997671724	142
0.064389173057297	1.97717542942973	41
0.112731561945546	1.95434647628583	41
-0.0362717261997501	0.63242750294888	142
0.00324519781717703	1.72602024107261	41
0.113922704899524	0.691714395955457	41
0.11594973282222	0.489722637564341	41
0.079150319639126	1.3155869812429	56
-0.04292248387188	0.645573088209537	56
-0.11067367860901	0.453467888106335	41
0.024779801280131	0.877440265458215	41
-0.0153923183451099	2.24152970342964	41
-0.0000702822719500507	2.35087319895522	41
0.097488340899949	1.97031366971633	546
0.114497597745264	1.86264281739163	41
0.061909676444377	2.40550783710153	195
-0.0801968025146	0.914489128853932	546
0.048847414069267	1.59017804005552	546
0.0875500642616051	2.3476297603754	41
-0.0514792017989101	2.19790606683683	546
-0.0206845809007199	1.56843118662681	41
-0.06673025886286	1.9378856354945	41
-0.10610816380043	0.465376189105069	41
0.119585129454471	0.585911376181876	41
0.00491251478159605	0.852708500380998	56
0.060126205929537	1.05749173126249	41
0.00627019642083904	1.43264930245404	41
-0.0283965468011	0.604502211777183	41
-0.00697489887809999	0.738721698478691	56
0.11408515648322	0.665755519106806	327
0.036383998592424	0.866197272037688	56
0.065609237769099	1.48163254720927	56
-0.0560296234348201	1.75548498239717	41
0.103050434376271	0.671041479007081	41
-0.00434347286973003	1.45841931580885	546
-0.0760830784547699	2.32631567750179	41
0.094056547624543	1.11513599912199	41
-0.0675240453428401	1.55285387318403	546
-0.10484896763041	1.45574509608411	56
0.122800479915947	1.31159474311227	546
0.034361020606384	1.18268922968266	546
-0.00703352951353997	0.816314875052294	56
0.077685419344964	1.04084281044668	546
0.062027760534017	1.33856621040063	56
0.067775045810325	1.79121657138587	56
0.082237142897386	1.0269446665817	41
0.034456442160972	2.1748594852394	41
-0.06672073557653	0.510756865445536	546
0.118626146353058	0.658204349671986	546
0.11350872406181	0.567562916099873	41
-0.0407547821582801	0.646813370960198	41
0.013306145219366	1.16323920163748	41
-0.0313147815252299	0.649530379326432	546
-0.0353654489644399	0.649197483005764	546
0.119541076743734	0.759627323148191	546
0.023833407843878	0.742069787200698	546
0.0148782200508319	1.23108410779647	546
-0.02481995650444	0.603910856826968	56
-0.06191142009877	1.06340926247901	546
0.119816583723348	0.577960836414382	56
-0.0829395810773501	0.924781056234617	41
-0.04392004051975	0.647267538620345	41
-0.01227287711419	1.36576940233316	56
-0.10174666969694	0.985216128351561	546
0.117525483577183	0.604888263038786	56
0.101247542878487	1.36772747335322	546
0.00533176438878502	0.807156261089919	546
0.035498665663286	0.95138019415717	56
0.119806789313291	0.549986930551673	41
-0.0751305273313001	0.54553880068914	327
0.00260276113833802	2.36190570575827	41
0.013694054324272	1.22877123909418	41
0.124060436645663	0.934160084617999	41
0.050040820958929	0.957436925032803	41
0.119047937218375	0.764540839385978	546
-0.0200260032308599	0.749567933460501	546
0.034008295135319	0.892831213439539	41
0.114727954108771	2.07611905482152	546
0.101770385845081	1.85183015969656	546
0.100201978255875	1.69044986664435	41
0.096072213695808	1.07670089246156	327
0.010337853093244	2.25605771071115	546
0.055982297034643	2.00749287909167	546
-0.05680507046568	1.31480570360273	56
0.029395186297147	0.898005822555597	41
0.06403874791679	1.00825961518145	41
0.025193127474611	1.24101547599022	327
0.073903984680515	1.5291853284644	546
0.121217970800522	1.32925576795017	56
-0.0416704857660399	1.79400510625957	41
0.09330099510685	1.07250508840342	327
0.076248962693538	1.95403881436058	327
0.049676445732233	0.93226737925595	41
-0.06524237699573	1.54023500786939	327
0.122961033061617	0.485266099822134	327
0.00944636128659404	2.32735709228599	124
0.050396112972842	1.33559850834907	56
0.040816413487584	0.918124579471869	41
0.070628418536002	1.29970633111239	41
-0.0745025421330701	1.29658039841148	41
-0.0924117855533899	0.877424129124501	41
-0.0331400836527001	1.04155649360237	124
-0.0963339516927899	0.96462600781473	124
0.020106599667893	0.895879159584829	41
0.034493746051653	1.68769276186848	327
-0.06501252545001	0.561916655130423	41
0.00543958935835298	0.853067318995648	124
0.122052656807338	0.500066169049644	124
0.111436036705202	2.2484006935986	41
-0.06807521776936	0.545584140574717	124
0.022002066464531	0.870824560857435	124
-0.00773840058919006	0.744468187707578	124
0.022985449296152	1.10944385237883	41
-0.10629724222689	1.2542898859594	41
-0.10610816380043	0.465376189105069	41
-0.0636930049640101	1.05504941311351	41
0.00531769676865201	1.64020874766995	41
-0.0671203676502601	1.76391973657778	41
0.123830727634792	0.531568765774202	124
-0.12185709781681	0.435296436046501	41
-0.11302962748665	0.462905985150124	41
-0.0364552532033999	1.10754260208201	41
0.046944302126278	1.21894735653721	247
0.00957490067729705	0.819869618307028	124
0.123835307938837	0.468083508848203	41
0.020583808899915	0.914888380262858	124
-0.03570994685156	1.06815116736697	41
0.023748863529571	2.22508489835808	41
-0.09871453311129	2.40872101074854	41
-0.08194336521071	1.48519694826981	247
0.00355023151132905	1.42777447678496	124
-0.0348440107063099	1.10739496072312	24
-0.0472773546438101	0.631885703590151	41
0.02735687819461	0.905936748032978	24
-0.11736347610777	0.460002229753649	41
-0.0421696168476	0.647439092248447	124
0.00436354524442295	0.784401576344983	124
0.12217627853598	0.480872123548858	124
0.122113055192881	0.567630429551085	41
0.116537748795719	0.48843616701477	124
0.113335510300037	0.767757736773777	41
-0.0996613174745999	2.27257110404678	41
0.0536883780748419	2.27201238555675	41
0.03711233338846	1.54778460352017	24
-0.03868202322364	0.659211619822743	37
-0.02928349908942	2.42725072021705	41
0.012789719052309	1.45850194957405	37
-0.07653349073434	0.507589220675295	37
-0.0656424777320199	0.543029826666913	37
-0.10683827869555	0.458491764208801	37
0.039345077734894	0.971924856425923	37
-0.12343363832695	0.435478693950057	37
0.073730054942473	1.63716906159717	37
-0.0131509535023	1.1666925626198	37
0.033299717039988	1.28097204779351	37
0.113391370844403	0.541325086823051	24
-0.0252881434222001	1.10231894512058	24
-0.10059573069861	1.39810144564652	24
0.020406311790048	2.27920407097495	37
-0.10277961256567	0.447480954013491	24
0.104640866158576	1.13614897225851	24
-0.0867922997094599	0.97695645944467	24
-0.0591726196650799	0.540819183786938	37
0.124478355026181	0.936276941703864	24
0.00357133914485497	1.18883655378405	24
-0.10444322726406	0.472808117329462	24
0.113686981248448	2.03773869143463	24
0.00543958935835298	0.853067318995648	24
0.123233096496958	0.578932317848362	24
0.115789754813988	0.489886680145046	24
-0.00991551818932002	0.700590661392121	24
-0.11210669916936	0.473905596439928	24
-0.0969671272722801	0.4372016850646	24
0.08089617564969	1.69929233740054	24
-0.00791107797828006	0.736245201911536	24
-0.0696973333894499	0.561574308618346	24
-0.0705854220994999	0.547487939632769	24
0.124935236871914	0.577305013738887	24
