x	y
0.869606974347764	0.56510449843305
0.317917294828333	0.137505877402945
0.0574648115064433	0.0280682859108988
0.865826467741342	0.548104643779689
0.301869021696388	0.132866109455706
0.483684509545669	0.443631311651259
0.107097734020561	0.125748387948861
0.759498226373329	0.634091165461615
0.836358840899848	0.619109149441419
0.534385117076618	0.856650016405552
0.10896233535446	0.133412212492015
0.542529236614423	0.460296741460799
1.04048774076415	0.830758519969644
0.420118789076505	0.340240397276842
0.445109204408284	0.517889305638951
0.387852530722905	0.410694017248871
0.472923330313037	0.521576247263893
0.337143183081265	0.332037093480239
0.395624761863881	0.431947033596443
-0.242685479725225	0.217846241967931
1.16756792233116	1.47196029787835
0.395148477654508	0.427753650759845
0.0505811282672839	0.0454450288268648
0.341832623959138	0.333227547633242
0.18245683420016	0.253182095403307
0.3847830674042	0.520429168069128
0.662168277018379	0.76750854470792
0.712713244576509	0.623580923251533
0.39826322899035	0.326601241211325
0.261747984498583	0.241088297076504
0.197009553205807	0.171163360637402
-1.02336755463613	1.31178785198627
-1.00565897689719	1.70196409759482
0.635397740442937	0.744844950523711
0.162203686590143	0.157587237781985
0.0564731152621491	0.0530126534485994
0.0484069055282403	0.0435131607566002
-0.0686206516104377	0.0480235734565688
-0.202323811548787	0.178877758046723
0.197850014873277	0.205439800745044
0.244441212699352	0.31936796928834
0.278473156585861	0.370340688666751
0.455550898434883	0.531188942598051
0.76791654226541	1.04596057141124
0.971732383118293	0.951732886060128
0.575925974832469	0.480513850781625
0.294257911193539	0.241819832523752
0.215036981858618	0.132696702916666
0.0969390523189412	0.0800879767738751
0.759442195553318	0.628038527858222
0.0824714583528214	0.0469544115011137
0.218178949230239	0.140400448529924
-0.689645899989431	0.334630662089294
-0.111819899026347	0.0693119257275644
-0.424173127611978	0.316002398363046
-0.426345317256382	0.430363329854878
-0.640314103569071	1.06217961159342
-0.394439527146203	0.705490030954492
-0.170853010649395	0.195575869672316
-0.020625676502848	0.0251437323092632
0.220494169470222	0.277244543630438
-0.3245901559931	0.381450658493352
-0.234363965660528	0.162107299562866
-0.153029417663717	0.140856843340408
0.326939136081653	0.447639138942517
0.269853114518431	0.341531973524142
0.449288369478584	0.160705257369509
0.77036196616581	0.521551937150627
0.824186805313105	0.430063180276114
0.111201216788013	0.0726638762003675
-0.19860940280988	0.162160851215923
0.0552607949649528	0.0246051044289719
0.731285608643722	0.304662826642224
-0.190318689261415	0.0773600514670994
0.282632191026304	0.134196763389287
0.112658604632321	0.0287479409957195
-0.692174231152464	0.325303588249497
0.211159092004161	0.151824657414462
0.122978015325879	0.133147963106244
0.00982231210969688	0.0141779599098007
0.00793197155780123	0.00766102792925915
-0.482635341339143	1.01564436444781
-0.374858802565182	0.452422201393593
-0.00641165391731468	0.00540473157245473
0.627362203985882	0.588208488191911
0.710246625544681	0.610078917374607
0.208586770901398	0.145407232723051
0.0988889243374929	0.0682069648704178
-0.296254738715931	0.102136771994014
0.333882211814013	0.224636909539717
0.985301294707125	0.469347235751354
0.21768701044273	0.133385081481636
0.45025628447377	0.237544134556009
0.227604429545642	0.127654870776284
-0.958408110234514	0.964439370872796
0.2628135406545	0.242091696828883
-0.028793216991412	0.030403318390492
-0.648815791819018	0.966221195702896
-0.768979386866524	1.51144982266229
0.424427412108722	0.422422312216917
-0.151962059454429	0.140494165734799
0.210513803080102	0.145702021593988
1.33397016863488	1.47589165185343
0.266649338161496	0.248240829754446
0.36731506168355	0.241289532999767
0.221701060292456	0.14738167945293
0.699446447944608	0.513914693038641
0.223947321833142	0.134967169198001
1.38826026126361	1.28098571774766
0.240547703882724	0.135524820869322
0.911859261406002	1.10318678244398
0.354908903605419	0.424686848590365
1.87315934679209	1.09708940371491
0.563653570673555	0.370259883406365
0.563059757367943	0.633318203945726
0.0577971738946728	0.0240952556343253
0.599154292262728	0.189491588058777
0.603064184011693	0.189897014067851
-0.605018653446507	0.247296557897613
1.30937152783745	0.948018094898217
0.604164489528364	0.734213710498232
0.614239051565938	1.45214275398722
0.16139571750475	0.192106613413287
0.0669951908062403	0.0808384520131443
0.12613541744315	0.105711706824596
0.510152167682649	0.60218729228361
1.48920972049717	0.737417054908343
0.0691759383136867	0.0229045840970831
0.550414771496703	0.55884543037244
-0.139853030108495	0.0912962945695436
0.0577971738946728	0.0240952556343253
0.454532896721005	0.250005149107245
0.0667392597732058	0.0228256121926022
0.278430749631797	0.13253977700357
0.87272342086474	0.545246675486395
0.518837184559785	0.351280540877402
0.646501260735103	0.489612258294103
0.443639020371417	0.219091560446512
0.0760866455938052	0.0569468398746342
0.444580554315728	0.575609911515695
0.280889773240376	0.391801764161582
1.58608875910988	1.64019761648164
0.730389901273859	0.302302293346586
-0.696034592089686	0.352694427414485
0.560155513596945	0.359982425764452
1.15896260041238	0.752995366872155
0.602166711172789	0.581051316130948
0.725622255832549	0.292729772639549
0.693416935695625	0.467716581797838
1.14576703201301	0.862714222561019
0.299945146160496	0.246879646191123
0.706332066085039	1.16404342836238
-0.206361816330174	0.347096580624861
-0.569670344222702	1.00466614547067
0.0480807551292172	0.0604655607223816
0.0796912956425442	0.0456586485469989
0.620583563742644	0.390802230926188
0.650178027453	0.49121904439672
1.24371720483366	1.34443505050198
1.0347323048127	0.806174084315387
-0.134469547395215	0.0872167976032789
-0.657775664457352	0.677915013411488
0.411894229544648	0.736532591131373
0.458398252190129	0.527358102854111
0.0261239315840332	0.0177171421863879
0.509611062776399	0.443721194351666
-0.0531815090101006	0.0435139028062087
0.319943538733824	0.44355812292157
0.243635045045976	0.333961657705922
0.186658621701242	0.253207051329142
1.16283539584372	0.764832637553114
0.903282577477356	0.69929976609536
-0.873050045005042	0.486253897558015
0.198027361763415	0.167362099756118
0.718696062019532	0.783027339404602
0.813456856495021	0.428665577714597
0.572047526588277	0.487948663744652
0.761792428994864	0.609021336821814
0.556421695496206	0.366015397753046
0.220041729215172	0.139283415775544
0.111636944964982	0.109032294224514
0.307364467449053	0.461376592182139
1.28772505479555	2.51510090843351
0.337393043930341	0.482610201129798
0.197227421488658	0.195329667452501
1.76917531287299	2.04799463101584
0.21580565362782	0.152138196215194
0.0426490933852444	0.0298842596547114
1.41363487473485	1.68740759289658
-0.33441496172556	0.174277996298101
0.522748322215185	0.366161190581522
0.711369232318853	0.632154918673036
-1.34843554012872	1.21339408150083
1.18593574609356	0.633264884432224
0.381132453093183	0.245039094484477
1.04148848985236	0.951046911748687
0.0711901453179034	0.0400627525768743
0.522672423831051	0.520725347005443
0.359735566405847	0.504478854288705
0.202305390106702	0.173336986476388
-0.581751737299008	0.525557804654501
1.0644697790131	1.17904519583522
0.524991356941753	0.625594176627503
-1.01402985816351	1.98451026750452
0.53779656824939	0.755321530622278
0.256328639768923	0.296979727194581
0.685806985012354	0.763376924029395
0.5728632314943	0.628807578214908
0.351283131032539	0.22922889721924
0.208845561702654	0.153612333460619
0.0628050721094789	0.0475432092781196
0.0597378904381817	0.0490170388593626
0.397778513259419	0.34332866773022
0.515700140838324	0.460572188581205
0.704855473154035	0.519999181933614
1.23645815509611	1.55854126797981
0.46792800538047	0.895288204034826
0.0928278680739158	0.0957267996775855
0.564346858726945	0.92909742504859
0.72569151627769	0.720835464092448
0.275830641708289	0.244296877634237
-0.220228921395561	0.23261124941263
-0.0965101208259813	0.0850578285333083
-0.250135350030856	0.207418102814391
0.443207262145139	0.350289229134159
-0.619780002928787	0.520867277711607
0.291951870318634	0.232061688420993
0.599218629260452	0.483588675257022
0.298237849822124	0.246860667050559
0.218839751036756	0.157992958331269
-0.50038333932943	0.444199045499288
0.634503175721684	0.725639688906014
-0.505694463514913	0.686139569198207
0.1914059269015	0.262241592260081
0.190254884049335	0.197528866672203
0.292458252507871	0.33445585119888
0.334692689642599	0.346629388789285
0.0719421007678259	0.0611838541543509
-0.38842423211644	0.441677348070332
-0.136532549454469	0.130120281317157
-0.311407048207632	0.382485875493951
0.303376306380874	0.428729745562039
0.478924324985521	0.521240391057203
0.767427420688967	0.931332722967125
0.639999572973931	0.744929874916632
0.508469944578228	0.538272626778494
0.0107204478274217	0.0080699399839367
0.450007743937491	0.441985847032634
-0.330238953050471	0.335105454444704
0.625880653236138	0.671853390653934
0.561829773060388	0.707460657655211
-0.0972694587571145	0.0955313811612872
0.467225210735704	0.588511759668195
-0.452100911123368	0.500028214878439
0.0233976725167151	0.0152818681769451
-0.169593889460649	0.15778198950944
0.205563711565944	0.195453452499519
0.40593084093165	0.351798215694025
0.259642004675018	0.260036380508091
-0.0350948889482083	0.0296751989756077
-0.379592204553718	0.482984994920494
0.0415711538633206	0.0297383169271174
0.0340473388685608	0.0328767775533861
0.411670995018816	0.419349300670422
-0.463241635496691	0.511471652594467
0.796568826936768	0.793886519436206
0.514415451464752	0.355976621351797
-0.170013922921875	0.126752999708642
0.202862173528705	0.17283774250843
0.77090760660435	1.00702988990135
0.465727155137993	0.356642161091308
0.109575131192062	0.0733060831519375
-0.290464263554999	0.225628622321943
0.560361402098733	0.544644313503106
-0.688825961937117	0.582500327634536
-0.523313083320856	0.578274028049099
-0.363492871912002	0.408473364945355
0.474911298389471	0.579571252058446
0.128970153232388	0.0962515400321596
0.679886747190166	0.867999627509008
-0.73700731709942	0.881178962329182
0.184518631710661	0.206592679917364
-0.0398635212403925	0.0332283258858427
0.0226061065716631	0.0147881650120952
0.519539189037997	0.460202294950686
-0.718254943292329	0.710126642738103
0.0550041044280048	0.0439136394143956
0.205982461338849	0.188850850996974
0.0650648892286087	0.0647762412144909
0.292520367439639	0.338472146740275
0.00475506872891559	0.00356556213595841
-0.0310796543626757	0.0266839725832143
0.497945448241877	0.582016488416779
0.190905508675831	0.147028483482399
0.0531707484959214	0.0473384746464875
0.333259885404707	0.330244033228027
1.56779585434367	2.13037215037206
0.298093420004722	0.240154201934398
0.0713142916005544	0.0353314408274819
0.465520594630009	0.364337512777819
-0.66383925479228	0.495204317863243
0.515761681535651	0.368973066475632
1.22311620058457	1.62721663040117
0.201969991774307	0.153179903669019
0.457785827590042	0.357899657296031
0.627607597006426	0.388090797304114
0.560881514413748	0.363712985178702
-0.178887494412647	0.130163029854285
-0.0333974603569828	0.0268474938247639
0.651511591476791	0.692874620650454
-0.992021179520592	0.856398875333795
-0.425916368598727	0.311915992935134
1.3135816340291	1.58058673349493
0.126265459084249	0.100187560378943
0.487834766106453	0.441502391923299
0.41521596069922	0.480161580396311
0.782859481330032	1.32101598874111
0.314252717384342	0.353491272928726
0.205936114082361	0.230323236172619
0.203024828026182	0.174404408204296
0.53056508267768	0.634922570974938
0.538596154854415	0.83517319416186
0.325107996100515	0.246723011038673
0.475301589768548	0.584545534467674
0.459073486214936	0.348507900280192
0.639956908470468	0.496449773832501
-0.396707142895367	0.186495927543343
0.705088767341642	0.618044766930695
0.109129406907005	0.0779534676378414
0.553740321627184	0.596154885872444
0.220848224742231	0.14575493243619
0.0322968354290228	0.0277931802201627
0.0774318142981517	0.0698794492203047
-0.106864556903242	0.0703759070881908
0.218178949230239	0.140400448529924
0.409157103706928	0.336003343679395
0.0443958619608799	0.0389057269722881
0.402919344957718	0.47015703070706
0.14261372573608	0.147419463505033
0.383008237224439	0.50051169878722
0.23207318725457	0.329580851969741
0.451799404754619	0.605678463601442
0.980749391781409	1.51892912844612
0.310740878699899	0.736971268305267
0.150840458582839	0.152934782986258
0.479255806338065	0.337595062293877
0.0552607949649528	0.0246051044289719
0.380363365553721	0.245577333867549
0.199588055734789	0.138616764008797
0.411181634219921	0.339923066285878
1.4230286996875	1.69250879029659
0.349447922205688	0.513937962636106
-0.0946902006217768	0.081764836442067
-0.368051759718239	0.232552813582583
-0.108441303528447	0.0712479243047421
0.126523346936909	0.0940853306632132
0.698675253465825	0.5090384589507
0.710736229192075	0.663813090349342
0.152394639470331	0.251879295404113
0.404511426526181	0.646904504417134
0.238832124612847	0.466382629329349
0.315387450187253	0.705372786255672
-0.0411098030318093	0.0657684509444051
0.570193771471026	0.984264731722548
0.478431409901666	0.58658339940788
0.0939328455080584	0.0858558413245346
0.136381175750325	0.127646512039384
0.0578127263164676	0.0526815433438331
0.0742022338353301	0.0843327274867408
-0.150439975250755	0.16520069395633
-0.495486865546042	0.5324439805102
-0.217203078381348	0.196951616892289
-0.153001669006942	0.12864918250423
0.0866797869177053	0.0802505237531392
0.420237693018875	0.427809797773881
0.296312874428796	0.339100339071063
0.428576295092137	0.343053046830383
0.210913217742592	0.165777465495732
0.869606974347764	0.56510449843305
0.383158157684241	0.243012779186524
-0.576273729758597	0.315830377463955
-0.278334699007128	0.267436519265157
0.393758957790554	0.34228047257554
0.015503454221342	0.0163050759544661
0.653931979936629	0.969508794960793
0.418633083780088	0.514029775840657
0.0449554193152528	0.0452659429060975
-0.0600474944169476	0.0555693206518544
0.717857724621825	1.31897222938954
-0.480660241731198	0.593892610892954
0.11386514452381	0.116694630965539
0.551012078176162	0.750373104821922
0.10703651798856	0.113981036642855
0.139986409181338	0.124106357811063
0.351008062562846	0.34750751704523
0.754214767895769	0.612350630374079
0.223450959512835	0.142030143861718
-0.153213212348784	0.112987434675815
2.047748138908	1.40344698500333
-1.10444322726406	0.472808117329462
0.604691449499809	0.274958709751939
0.459634834809386	0.361601557635825
-0.0115966104779016	0.00981257090811195
0.331777604473901	0.411070905184929
0.00307728381865547	0.00324924377700577
-0.0223886658189869	0.0245398269551246
0.0708790921550806	0.0748997140011903
-0.105506322282603	0.114863854378806
-0.279690845258684	0.314442326117457
0.170790489278225	0.203648708763915
-0.463757196358039	0.695066577555269
0.0939829241824078	0.112958663285137
0.346734505581517	0.341824894551161
0.0315454613425058	0.0277725996502745
1.01521869957536	1.43781194680397
0.0574392249226858	0.0433811136073485
0.702204917365642	0.399756823259929
0.414259059070254	0.242859089652599
0.832419613952191	0.665694110435759
1.24020739731003	1.43525269579978
-0.0873935160776114	0.0602355404081535
0.263353215332426	0.229874130469538
0.915894181140833	0.683239800746703
1.36839899392989	0.821877562509482
1.19325894635174	0.663909163405508
4.13321822065962	1.97530623299863
0.114300126183082	0.0290815784858705
0.609445790014745	0.192936241963981
-0.0342272174833784	0.0348921999174936
0.105509773517871	0.106979785446738
0.710690240930702	1.40478235654057
0.143309820396113	0.171301483229592
0.200615945693322	0.262258699043812
-0.120715683373246	0.143522450656664
0.395049918531995	0.602061875975466
0.3332936003367	0.524149151131646
0.585485793791238	1.10354264424577
0.292716936107125	0.475217021721057
0.869952550009677	0.788738683188879
-0.140028301147331	0.134010183107277
0.268742122643721	0.330134228039697
0.0292172012480202	0.0211366489290665
0.791150519053327	0.941454139856696
1.14422488349104	0.900020070311813
1.69730229486213	0.97603788221596
0.217711081475437	0.135426057504464
-0.0258125986169486	0.0152436868564684
0.731318575440498	0.722060807795512
0.785556423750948	1.00276518079763
0.983849262384157	1.32485555868785
0.720708720339263	0.728838693833091
0.518281581373709	0.258416251664534
1.7633884620078	0.695054699316629
0.0856976418213673	0.0247835740091032
0.356997266314252	0.140847356360952
2.7467554008779	0.836088103871215
0.963546652280915	0.375646131299436
0.903555826187254	0.674951405332294
0.470178233361904	0.662485537421138
0.181279313071878	0.266299236985663
0.787013888346131	1.57563578901109
-0.0162112164682002	0.0171392629838806
-0.163801140000441	0.186851099093063
0.301925936048312	0.471250349555842
0.219374402179287	0.318085936369658
0.278700181699391	0.411610084472425
0.0829289099186701	0.0991649326817358
0.218334013194636	0.35999286664179
0.0818910671368224	0.0792596759745649
0.07509044053684	0.0737231792118219
-0.517372384907437	0.666392124141553
0.630737150007733	0.673665390139005
0.246542803316847	0.125793999329395
-0.73611485213746	0.444063376525644
-0.694039547317786	0.338049114814968
-0.0111940974460055	0.00679850478478453
-0.281132316259295	0.246403586698504
0.283397224239586	0.238134207859392
0.0694438151924063	0.0338359589967394
0.689780965869946	0.776589725837788
0.115256665851122	0.0842866488038371
-0.422885266440775	0.255911970099078
0.346705995582628	0.127396783546216
0.976356712003822	0.472118541979887
2.7437914163344	0.858143402013944
0.607061651358987	0.188640562085449
0.967752887231938	0.37460287568782
1.44853260966884	1.17551514735042
0.855860747378165	1.79958076519103
0.450986942495932	0.589702654765753
0.057476502152527	0.0733829709991099
0.0935541489023476	0.114256843899815
0.101765584304752	0.129884733979944
0.0489832085675031	0.0572390527337823
0.548650099380799	0.945855102372177
0.30444488635563	0.390966588789824
-0.0619992748153485	0.0626998998205329
0.117054475605299	0.134996824890887
0.191261753288572	0.262589852170383
0.103174357382484	0.12160998720853
0.0495838371127933	0.0523985598279759
0.29056675174913	0.436430494543136
0.197232077710259	0.318771406240266
0.352955097076127	0.416681582688415
0.683102513246475	0.902917291637761
0.397536512087412	0.411196885627717
-0.0577538855272943	0.0409596423774124
-0.313453932158055	0.210064999622589
-0.733666132720366	0.441769884064025
-0.0867420681271037	0.0438679458352144
0.521329168208179	0.372919973981828
-0.0679741898612625	0.0474937142821983
-0.0198680945532123	0.0147512420595648
1.3885828494011	1.30296170417021
0.224967695349634	0.134726495718065
0.74589146285672	0.308303730784552
0.213679302118728	0.152483663816862
0.368293395242939	0.144181041455296
0.439675415719603	0.151849516434672
0.440474383462789	0.1570054716999
1.49698899975174	0.669904039699282
0.157771306772998	0.213499342076695
0.455780764436144	0.661584180963834
0.0281727535780098	0.02858095038638
0.335019063988236	0.436683646721666
0.861015517091672	2.15172548275874
0.299245263922955	0.534947546431196
0.0482491736476622	0.0583546804285278
-0.431980841529411	0.699167951788303
-0.0466677929143417	0.0595033917399517
0.330182289111406	0.531679051820194
0.562617679199789	0.703139266318213
0.0271081272981874	0.0182940546382637
1.15488202804319	1.03669745199463
0.825448206359859	0.675861168213807
0.263860595356731	0.122537041912561
0.0991068644026253	0.0661547668627653
0.0293314634400477	0.020793122342978
-0.0767535764308611	0.0532936183343607
0.386838915362386	0.244489086571738
-0.611004560375104	0.24928574573673
0.417712858542693	0.249889478280184
0.271854369329098	0.254460478251457
0.209341725691382	0.199030529072612
0.212515154505309	0.177721047279739
0.0949280920076985	0.0604699414925776
1.40389015544422	0.472685258600458
0.330591584724729	0.518157957839633
0.12311806555486	0.163605362364996
0.496752199286693	1.00732214925659
0.216252520649132	0.324603737220184
-0.0580458945679456	0.060925161444223
-0.0626688252351433	0.0686209068597479
0.264993959148086	0.38857585413147
0.432056162504385	0.820569014154295
0.237099921044754	0.352015971610989
0.409298399325204	0.681699219684423
0.158795976467523	0.204388411430992
0.0791168538129188	0.108371588192445
0.583861531820979	1.16509241967957
0.49366264461418	0.618628314241291
0.694813858697308	0.858708407923988
-0.178098224702595	0.0744481337252059
0.566784787461788	0.376684364314531
0.239591911074771	0.135182359131098
0.211147607043953	0.137923189979615
-0.217933196965645	0.193445986801224
-0.79366131903284	0.871506558001847
-0.854315111921589	0.401282435989275
0.35064565737392	0.132943308130652
0.249035214654327	0.126727702549863
-0.301607804620283	0.105224348398864
-0.189649741852664	0.0788876604288184
-0.333647851618947	0.173151444248096
0.0143901951254681	0.00939230957832676
0.0722590857433807	0.0618004664860699
0.460513384144196	0.343994280196334
0.264628366839687	0.122514706199456
-0.187782192105231	0.0759050212268634
0.185268002976812	0.163929342801685
0.278500372930337	0.240557542236519
0.0570464672581773	0.023930711809045
0.73705081886041	0.309054921406304
0.0159014827839765	0.0183915949642171
0.106937164128433	0.137501886466343
0.393514695758345	0.494389079939796
0.825768355052363	2.12550154911319
0.163166851685076	0.19732997623692
0.783600847561479	1.49774978107006
0.248308671947199	0.30492363809936
0.191535410830363	0.26304608531251
0.30481145436464	0.445734205586971
0.657655953382228	1.45605814417519
0.20145202229633	0.302606973141261
0.154447422261266	0.218393029047501
-0.00562339310618691	0.00651279412430456
0.132438143091343	0.118015486567018
-0.238301198811784	0.189995999792103
-2.55147083376893	1.48395129929662
0.818377761739654	0.438459087939051
1.35244693805166	1.39495207604632
-0.0897828861327137	0.0470275451511395
0.0316984105900442	0.0225082773716957
0.0299452661843213	0.0261331273588507
-0.770920392939221	0.54110945558273
-0.891053879482715	0.596513486704044
-0.503380122885905	0.271209580349644
0.979792079311907	0.478628402358911
0.986348180438019	0.442224976669812
-0.0723029597982884	0.0576355299863629
0.287519441685052	0.251274098176267
-0.015708514217963	0.00958811171099502
-1.75450663395667	1.01639609730733
1.25953415263149	1.2131228513423
0.0450129244261991	0.0327824877605047
0.123725196655043	0.103403659800079
-0.118782327884276	0.0575639694620005
1.5324970843315	1.0328944304712
0.27971726749579	0.414337032308465
0.186492321825262	0.269362221765773
0.00219083277830558	0.00225064284029255
0.523901544947357	0.731961137189075
0.469266051136123	0.873915981895234
0.299186508730586	0.398819872003418
0.0383625758819778	0.0403497394623554
0.30032390084097	0.440238029044371
0.291756507394939	0.474416571955983
0.257430424434503	0.278476428958655
0.328134654247263	0.334924803116953
0.947922645001624	1.31258228779946
0.236656776719784	0.134223566348205
-0.616399780461223	0.506894235452827
0.230337543627166	0.139247860842797
-0.615015982948519	0.528997922097588
0.297926966761492	0.245135889465905
0.616075327794107	0.742782178431279
0.765886931817993	0.518189330076349
-0.796754646570268	0.293511983266787
-1.53957318481418	1.5519648704594
-0.482081595421306	0.209407313181631
-1.25330268257736	0.713387717938559
0.216336527910488	0.1473875347276
0.448497554223643	0.515295305074368
0.508707609046893	0.437852029043682
0.0621207531788145	0.0228688602556035
1.01036426516789	0.580527015767589
-0.229037091732921	0.180834541910602
-1.33797041741045	1.2376208027913
0.362676983492197	0.140603997766369
-1.10356084150438	0.458143045041288
1.25306847819444	0.566289241267133
0.373156994557928	0.139364698106631
1.40767466870752	0.473822721549798
3.24185806196734	1.14721545180589
0.235160964820841	0.334849872776317
-0.190468617967314	0.254629459197301
0.216761015764861	0.306044738449141
-0.0197257015694612	0.0227619532454514
-0.50980377362285	0.751696578174725
0.35152779615255	0.492250903634208
0.424561049787232	0.611423908033704
0.320735330986266	0.495582027831423
0.185775362391442	0.208004313376334
-0.0429840259463651	0.0502768916901007
0.710023582202306	1.49578094967349
0.382543605027205	0.640402755275959
0.336027630888054	0.442931192339277
0.475472504045852	0.837815859952772
0.466391671573697	0.751662387040035
0.457047782450625	0.937142598156822
0.151664893089594	0.213757720401389
0.347394408962287	0.603059633003869
0.106589021708236	0.142580958046384
0.272206627277476	0.324119152753205
0.0266937388951231	0.0256102426712105
0.379794167991904	0.426529094758211
0.305308335620536	0.254756644884548
0.0708400799158627	0.0352752840425972
-0.329241503799561	0.169818156626589
-0.0903805947430416	0.0466110945777027
0.342926704400211	0.248534385968431
-1.17440012819878	1.40437960037635
0.201207516695821	0.162240612628397
-0.275884194820436	0.151789827411548
0.268523639215494	0.126275148663425
0.25588979959115	0.130902994811089
0.0839639145488446	0.0254365526375156
0.253030821123498	0.133368927306062
0.275849816686222	0.131412293711177
0.274831855977565	0.131045429178936
0.360108197930952	0.239027804344781
-0.0633236082216166	0.0449014917260898
-0.422200394621197	0.351222954446879
0.522131329782766	0.268668256898077
0.813456856495021	0.428665577714597
-0.292551875517423	0.0965228553894071
-0.306893232652772	0.106021063145118
1.76660878422322	0.698143753370032
0.260997458922539	0.390598057991425
0.786660979767332	1.88238353753012
0.377735724886672	0.628278003344929
-0.192123907841882	0.237424446102685
0.342721016088851	0.507307857999824
0.162634457007781	0.199636019491632
0.166998607702832	0.187919655336182
0.405086972817669	0.534991103589872
0.0799891289322898	0.0809896182577281
-0.436281674326902	0.516989479093414
0.704593462905358	1.00973794050946
0.212768144408348	0.27467142896306
0.49767198921492	0.824970094363168
0.242029304373999	0.271559294184645
0.193331021096452	0.200672395355145
0.198600375453184	0.24425258481945
0.0337980384507429	0.0340305044776611
0.392933889562881	0.518010708812389
1.3063987860393	0.934903853597239
1.21694781238685	1.75388938512183
-0.400874988564223	0.381164594103471
-0.382210527722431	0.403642752199554
0.0937231182748565	0.0565442498531475
-0.178678979905332	0.0749725707445274
-0.384856399964456	0.175916683335194
0.619874495545554	0.380263796423304
0.963434289390144	0.365415226185766
-0.503545518498011	0.446099121514156
-0.46294958470109	0.367417892950873
0.306648533299993	0.134975505020483
-1.24606516674661	0.705186109176968
0.693391725016702	0.371101748189133
0.446516452113573	0.163543065590241
0.409110603068406	0.232853063212503
-0.299810344825377	0.101869266952859
-0.325431534435113	0.169735848592927
0.324142474424949	0.249855276820459
0.766754433024965	0.504965293735641
0.0627212477552118	0.0235614608823039
0.107176170950623	0.0268840977586865
0.0667392597732058	0.0228256121926022
0.114630299169053	0.0290142369505111
2.74495543716413	0.830653872698654
0.905949033746535	0.241250464654054
0.521845994723162	0.264148445478782
1.00753498138675	0.560034298250492
0.198922803929743	0.207644160342553
0.511837544931626	0.833898135700154
-0.501158402828716	0.756697973975348
0.236797389021479	0.316785656410518
-0.532604031645109	0.637631784586093
-0.0327846137763264	0.0306616907741532
0.214315499651597	0.242849843663304
0.587911008940305	1.23474561167197
0.320193227758686	0.498608534319087
0.545069558915612	1.08151509368061
0.203368856805767	0.278265896751705
0.746846416095263	1.66676501915411
0.352476461747076	0.549599478243528
0.0723095745940803	0.0679730737441801
0.0333457558861184	0.0364102738348667
-0.0371561007802053	0.0385878978312021
0.319944914031856	0.461585347683872
0.691952584191636	1.06230192256779
-0.221442352227473	0.319998838000185
0.169128630788968	0.215548995182255
0.449052029529191	0.670233243164642
0.237291079361246	0.285228344796875
0.145879962773276	0.18946422818027
0.389784160059555	0.677504763225873
0.205985706900773	0.188118677880414
-0.207214485193588	0.189252563998492
0.429162180276826	0.428594480231889
-0.0924604394589036	0.0480001774262788
1.16010013278257	0.758311073868114
-1.40280832540903	0.847467781167147
0.4515230556513	0.243847892884992
-0.112816324103978	0.0754077870472427
-0.611079520381999	0.612787864842939
0.310460258398877	0.137802990778474
-0.874867327565519	0.500498930572146
-1.13730727699195	1.20324274875157
1.48479828703739	0.731820073465695
0.226613887530235	0.127347178678674
0.621828013920355	0.382065221314065
1.16309370936257	0.777953162399427
-0.0734133079175335	0.0512534171235539
-0.0570898840332158	0.0324325427994992
0.704603355828269	0.396132547466368
1.0011750552413	0.587462996085137
0.73519392561576	0.305445501316724
-3.10009581190073	1.02285714033744
-1.8862287055777	0.808520291897279
0.452802613454623	0.242338940429164
0.314501344416764	0.133722204221287
-0.151858037867632	0.0691673933768456
0.909945905714262	0.241501771309128
0.802282028562123	1.24842635970803
0.407117094286113	0.585384557119003
-0.577623876325632	0.974446661754963
-0.476388964339014	0.746349636343502
-0.540292669772339	0.866340402622509
0.0953133387662326	0.0871934729136172
0.167555032644157	0.190430925464025
0.36348694193419	0.454115289297046
0.247036925363614	0.350348804342849
0.175033060653365	0.232824444059316
0.293793291985859	0.46234354569725
0.00933816288413153	0.0107981990395327
0.286973901317573	0.442218291647597
0.28591615555722	0.36906656953878
0.479054357365988	0.735345014059777
0.371702309409037	0.494075392924701
0.145336666780041	0.191676691639482
0.438119810607956	0.641147149278379
-0.284046508970534	0.421161850346058
0.611194470031709	0.884050567762373
0.22996924169821	0.333021626506009
0.456499395155835	0.669462903136144
0.610046558802365	1.08050034742088
0.466508547462513	0.574021871218035
0.609592693251256	0.90887138450798
0.23992203587418	0.300592213279025
0.51484059417355	0.813923447627222
0.452645038891586	0.778846044954719
0.315292793568058	0.318772331581793
0.848451750820773	0.961858684838849
-0.317333450503288	0.214038554929677
0.377737130822221	0.241811089019516
0.27529895679382	0.130564025827175
-0.475522298097666	0.208830771574455
0.479382826768758	0.351114079861024
-0.596601315572282	0.448539358766781
0.577131290289734	0.643080994173442
-0.735354999786019	0.440041033225346
-0.387034739864544	0.185183489808875
-1.01520594272714	0.748554961697797
0.963656898191525	0.362452532852931
1.3559897308847	1.34249836906852
0.225075209606108	0.121724273482341
-0.0107328977018115	0.00656965614297629
1.14774702840371	0.900212254541627
0.0711009062661956	0.0290516250849355
-0.798422643818896	0.288663490857028
1.19481248009369	0.641617130446263
0.306121699558837	0.130810234892863
0.452695301908003	0.161380339856324
0.0862248449156825	0.0245261572327872
-0.474486541201925	0.205457146255742
0.531851739655796	0.256344555650497
0.116740881199792	0.0295184450787547
0.602951892153332	0.187666021664002
0.289889519410693	0.363884688047078
0.253412000327354	0.349230319863517
-0.0978960983830178	0.106141808481664
0.380116384917861	0.602480557569698
0.416060128472139	0.500595968368647
0.246140214889361	0.326405789333106
0.265402770311293	0.350388489495115
0.474411002504108	0.831550388268817
0.444117985641538	0.769201714880657
0.36809408625234	0.497218936994219
0.60107911548209	1.26402308172032
0.116208413296977	0.134417702660043
0.747715490978907	1.54361264035056
-0.1688570270115	0.224204069765338
0.244799651564406	0.311576120867334
0.88125204061724	1.85520551841228
-0.405685510286686	0.597681979199429
0.908126598197969	2.06680780218443
-0.135621647556977	0.175203592329282
-0.265449814855624	0.350336486864842
-0.195988589975591	0.247689753743615
0.106759856388705	0.10639501899994
0.122940902834499	0.141959258330313
-0.159920531014437	0.204741097881459
0.545383755932497	0.793144868098373
0.664368522081358	0.965039027167223
0.577374378095082	0.946843869129344
0.612501214489606	0.9645617036593
0.405808753297047	0.656916145496436
0.914173285819008	1.33575622542338
0.200062559855342	0.150126004154089
0.304606403069625	0.249921563531878
-2.85417694168971	1.88483219308302
-1.01300018974663	0.759445028001212
0.706105465575005	0.410996983198176
-0.122783236637011	0.0600172892347409
-0.372608958152351	0.281275793195647
0.00728622146173796	0.00445095398959499
-0.384280741212916	0.171435944349119
-2.06863192147976	1.51052058475906
0.26805134665803	0.129124993856048
-0.24447089862381	0.090737886466425
0.604164224719083	0.275811399836544
0.079236144437955	0.0423653330220141
0.767895956562264	0.60837006764938
0.517268650029955	0.458490030656283
0.601457998678799	0.482346376999448
-0.743723823219051	0.455141350570332
-1.58593525642208	0.558328185658193
0.448095608637927	0.160861783334034
0.740047158241073	0.30332720138209
0.915852124021189	0.247342353182957
0.563810968477409	0.375077357856611
1.48831446065134	0.740615823144846
0.281802265026816	0.358391073846093
0.158665293789123	0.187082935385334
-0.433394573407557	0.43381894000882
0.00450381234910424	0.00390909106923657
0.362179829809753	0.655574839036097
0.603733328769068	1.1877494287473
0.255553470507391	0.36398176100255
-0.0889845760803104	0.109917033601038
-0.133522811983236	0.163134637021423
-0.243315330413899	0.299945678332469
-0.093320371190123	0.116530531501726
-0.0297652448695975	0.0332808488834416
-0.1173329789751	0.129129004409234
-0.108499817960337	0.112317408368414
-0.279595881890581	0.413675485753518
-0.000872864807054634	0.00100810587172166
0.149617731639356	0.19026323890461
0.974761499409243	1.6737356443852
0.583988726392427	0.853096455866517
0.180169625451857	0.230312044871235
0.913853429964063	2.21040862532561
-0.118776637963917	0.115128719089072
0.0540454144966152	0.040774291024995
-0.935814314395003	0.996090027458093
0.807894938135649	0.405915774634925
0.7041435363618	0.508869375923408
0.055393086049665	0.0247674525926823
-0.522341840740648	0.393437036986942
-0.169593428675362	0.120764640484086
0.99262487433288	1.06556414112518
0.276445121586378	0.134697067371666
-1.56399303568491	1.07884188620966
0.42183860516822	0.343877956523642
0.520729307670785	0.258791633330516
-0.179730818966471	0.0754843494822919
0.0708400799158627	0.0352752840425972
0.226439539335695	0.157039868153501
-0.372595467918249	0.279259029909054
0.268664406553942	0.126263070005532
-0.664212702591029	0.172057081317188
0.0608227916084218	0.0221732984105409
0.973944384241192	0.462757570621384
1.53645128103719	1.05407354585482
0.911849189459234	0.247094342382604
0.977249131808759	0.474287984247415
0.245244351596044	0.125973917922428
0.214247049896973	0.143696857407565
0.100273200954245	0.103881668006944
0.248733890239881	0.31525368296334
0.101211961046751	0.123119825006774
0.345755195884135	0.49974199434946
-0.438152783962238	0.56329903053423
0.210400126649698	0.222414738770162
0.783620863863208	1.78175350861321
-0.390670457582376	0.623388575309661
-0.185240100038693	0.260148902953643
0.36676846601064	0.559471664282618
0.462634569638213	0.739182540420179
0.260777952428086	0.350774244797826
-0.299089115620289	0.400392222191955
0.402318324093117	0.720433075758029
0.10912337864519	0.136565329090181
0.363477885668287	0.494261324511903
0.364653678772851	0.497810639575617
0.359327325952251	0.425694908260422
0.434583022234988	0.828441250241037
0.0328322821723723	0.0272679655126328
0.431565224132591	0.496789922324768
0.252450746081398	0.249482082084106
0.73065961050954	0.887404644389972
0.259281899657525	0.131579399152757
1.01773280060203	0.729619762860739
-0.417033425631973	0.258343212283934
0.860425151431836	0.779199788273331
0.486002981910272	0.444288422943186
0.0915039437119658	0.0586346893953134
1.27473432561101	1.09057938535661
-0.396526785159769	0.181342014909899
-0.272009072905323	0.147366392125496
1.24925865504213	0.549810217976804
0.912889390104767	0.252558480562074
0.35870416173247	0.145477496238099
0.0788539247448612	0.0657656517237978
0.913929522753106	0.246043148688257
0.966838633891883	0.374912881186244
0.71168325939979	0.705845318213987
0.432288161251019	0.514933448954718
-0.0234956032105955	0.0224077131176427
0.320054342380562	0.528180971617819
-0.0935410940597093	0.119065899149714
-0.266275483992764	0.404100708471702
0.251657963658805	0.310854706562211
-0.00754721995300173	0.00699620986808863
0.229067195497394	0.309696212815344
0.354491764419247	0.571642086489651
0.248127453039933	0.320264081365839
0.166843184951002	0.215764669019422
-0.125681220481634	0.150549586589741
0.0977352132134611	0.100013940877275
0.364596140916589	0.56193992852738
0.0546672101943396	0.0643152096770234
0.114273049355026	0.141104155883078
-0.2330529246791	0.260121960736784
0.076982771867839	0.0904529802516743
-0.0323555037832675	0.0348317743936333
0.242765387394152	0.403224383347039
0.316343972006188	0.40421600345419
0.458682143291868	0.747131082406774
0.434170946780686	0.521395193389043
0.317636362411978	0.455351442865802
0.339156430511732	0.437829282230954
0.222900104378144	0.272875866607855
0.0648997356602419	0.0546619142045399
0.154645583164661	0.140909540648087
0.305355001986281	0.352273235344472
-0.196538199157376	0.12098499087216
1.48764959458889	0.733105656599609
0.0594470439627224	0.0243397882944835
0.424544134063541	0.247102470403147
-0.673491892321363	0.494218793247961
0.584257740128436	0.611368552769702
-0.0911119214352561	0.070453930648797
0.0785355207333832	0.0408474318127819
-0.480806635874223	0.212598286307675
1.01708771697656	0.729210184057607
2.0478165689906	0.929371582903691
1.40290262296238	0.473801590956212
1.69645801207641	0.965605680869598
0.963434289390144	0.365415226185766
1.8809179615316	1.19771763190243
0.37741393610503	0.229162928564645
0.704450082927316	0.507836712494515
0.27606196498306	0.402950593476175
-0.177040660506705	0.232763087128433
0.381855208657757	0.480866999526825
0.472778921858051	0.947042944941241
-0.0517048284627501	0.0657489776442216
0.169216318293034	0.236402376361439
-0.0694721594659691	0.0834321982267869
0.376585666346941	0.581064768998106
-0.0439160295926701	0.0489230971879437
-0.149879827697937	0.215068834901722
0.0303969728028035	0.0337654861818044
0.221869684836998	0.327954654636282
0.404505290793807	0.635964216712587
0.335662170952729	0.598076054858594
0.138240277851971	0.171060411401739
0.368137042741978	0.651891229267358
0.216384255580426	0.335084724933976
0.362341984447211	0.584584075854555
0.139569911025427	0.145708570687892
0.369950786569368	0.491811400103203
0.186915294321669	0.259680903168507
0.475495296421324	0.864949953586555
0.213782724222808	0.293418901521189
0.693855482794313	0.508967020601775
0.337701001410151	0.493007029868405
0.241912482338078	0.299598789297875
0.107839246627894	0.109210891728558
-0.179793858435826	0.130891158706585
1.31079953988243	0.977193725067195
0.235884812852323	0.133877703681191
-0.883838332122151	0.606099391011275
0.0807718136914752	0.0425069281161114
-0.517476594723034	0.631143895710281
0.77130538525171	0.840798663273044
-0.088072116593156	0.0461156418175969
0.705170754715452	0.602679251814301
0.27407268910789	0.131767169867887
0.604691449499809	0.274958709751939
0.878694898837356	0.549840389108296
1.18673187848704	0.653103991580545
0.56512774212568	0.47855625705317
0.0292737709015294	0.0197909292089484
0.319895980386306	0.24214019431815
0.0657029897480074	0.0327653153261321
0.0684927796230469	0.0316458308157839
0.0785765128351265	0.0669490433461783
0.00676780893179033	0.00735290422372316
-0.0599132890350014	0.0786864288744278
0.0832034587834835	0.114294980104711
0.285768345495406	0.471774294671672
0.203603874166792	0.202533109569239
0.164681204990753	0.189957458939928
1.10240521455265	2.19581910419701
0.191387527341013	0.192077221080739
0.304500347146948	0.338563428465717
0.906195619987525	1.27327539231198
-0.321380747464733	0.312286581499766
-0.527561734056351	0.732583990708198
0.339834499297469	0.433089674801558
-0.148046914919936	0.164957379081736
0.303597793558955	0.356493695455587
-0.294752480244057	0.384847389484816
0.205704434613087	0.317805544327069
0.503453035997954	0.702079534166402
0.25261262626386	0.370536349090846
0.0415430504166223	0.0537910965965497
0.60778529414349	0.193560761266531
0.908952740250185	0.689784202805943
-0.0874618652235824	0.0933163947271609
0.311273623106057	0.351153088383279
0.291533763959198	0.372143491153525
0.143071253178076	0.173180101344374
0.325098021019927	0.45447319310761
0.247666739076327	0.307057985836548
0.65515951477851	0.931906493439724
0.416999181858042	0.478500487098674
0.828365082155306	1.07912307092495
0.331037265122832	0.40339506873064
0.462218693346455	0.670833466888671
0.490456233734989	0.847402783585173
0.283895106140965	0.369576781954348
0.456326095324967	0.58380659089572
-0.0585147004546025	0.0680126410799135
0.0973257322294871	0.0984924598620584
0.324881401418365	0.33838569151599
0.0728802756254017	0.0727845307350552
0.257542719148936	0.282428095449521
0.367211923553809	0.436713332795183
0.597897801779384	0.645440648257844
0.288768899960139	0.25252074424396
0.137289861121685	0.124298027759115
-0.840048050698382	1.3344584082917
-0.62115526091288	0.914386238874297
-0.487652640180882	0.724514652395215
-0.482224474847953	0.464270608752654
0.130583231613785	0.107086897754711
-0.177946328096234	0.159619742794206
-0.138855260041588	0.117350654496069
0.269107445027095	0.268015295743412
-0.264159326546324	0.25678562237283
0.652803716944881	0.837140854000148
-0.368051092586733	0.504103441696429
-0.463081403169452	0.586106265553553
-0.122400849924463	0.114990526610032
-0.0685263797704964	0.0609807267553755
0.232873327495146	0.359474114980854
0.2015674961734	0.228530020236905
-0.00169771176228596	0.00146209965931751
0.548289541555997	0.755435534398606
0.296503236329117	0.370970221768248
0.482842502436804	0.531308647779748
1.08936260981529	1.81843323224226
0.193722423041457	0.29916971985073
0.088757062280187	0.105794019808342
0.195204399681173	0.240501676672901
0.116510793789582	0.138868017840273
0.473308566448942	0.773787008343692
0.0655575987601731	0.0716856066245951
0.160612437120002	0.199740907496793
0.215619011259364	0.267468344866654
0.27494055555393	0.423257707400586
-0.163759770280275	0.207310780661178
0.0205169979320676	0.0212695261948631
-0.598523004945812	1.1161171328426
0.222322784961158	0.307130487722348
0.304078513577807	0.440840538507231
-0.253377698307989	0.311718480354978
0.513589548927974	0.851111472773281
0.359910638773248	0.527905662090813
0.14866102952339	0.166990560192761
0.380631353965962	0.503394775028201
0.230251873304111	0.26633120171676
-0.414679413551584	0.465996658402639
0.689619598100886	1.2250177981273
0.592061992430457	1.01304365906389
-0.605789348353789	0.245350537511065
0.191282082690794	0.116237924610957
-0.12667083486802	0.159435316460809
0.573649089513348	0.938539823792402
0.552592850140492	1.03184929121408
0.48464120363689	0.667129238935194
-0.222651114261359	0.300829904227466
-0.0525800730128777	0.0463199966790352
0.514354593927983	0.837370725074001
0.046835701874263	0.04235115198176
0.416457425614216	0.664889046028639
-0.165336570316633	0.19129227998956
0.331812597496263	0.465592091586779
0.362288153271241	0.522163758463923
0.513139542960905	0.86241101505096
0.281685438306255	0.35645396909297
0.135268347234381	0.159103595997967
-0.259580833911229	0.305765869115011
0.411108697164858	0.651042098409948
0.210811358641504	0.262230481751996
0.296965110050939	0.345755349325093
0.710868675702607	1.23196783312361
0.329484727671802	0.34259105865254
0.0297135119826075	0.0210623117313447
0.0835116400764753	0.0466907833475789
0.261275388755093	0.120376902898467
-0.881371133426317	0.588289970193275
-0.675989004104857	0.722542524228219
-0.204979660057165	0.161752831283267
-0.227160051601413	0.192698067380974
0.831179264917303	0.662739184359357
-1.02666012325339	0.606205064495426
-1.76867192634904	2.41758995387085
0.976356712003822	0.472118541979887
0.072859370959357	0.0349088438771129
0.760579558165981	0.633646839669564
0.122896529825222	0.104263012161577
0.00820875559612064	0.00548845491823469
0.0647819442874298	0.0241459835997639
0.308202161008136	0.228069603090987
-0.144975362508433	0.0924972868546143
0.311411150690212	0.237975161017875
0.275727257823344	0.130680670313882
-0.869391915317305	0.467225392386857
0.14229424517912	0.130604821998725
0.0329202481909393	0.0356683119159734
-0.131988109327993	0.158827945280167
-0.0217319246406483	0.021048504044347
0.438472249207662	0.717863985419485
0.331838159447608	0.453132573851178
0.716390034876286	1.39260479133367
-0.00777456507975226	0.00889057994689726
0.39583688613095	0.705083271686269
0.0456724923343784	0.0554010565631118
0.0735508352372622	0.0852318074679399
-0.148431908177487	0.1983079005134
0.477684294478372	0.897027604648671
0.412149369220618	0.648320801293232
0.121727359501854	0.141332280592102
0.264146630610056	0.362096319117264
-0.156975903067916	0.192287162025484
-0.0210864597095658	0.024361131134883
-0.0573355683546223	0.061309583315607
0.164204088607156	0.205181180560941
0.414259358313628	0.588533798584338
0.308677902082625	0.45885260773506
0.523499930026119	1.01496327350934
0.447950194355188	0.731751137539744
0.525978409429608	0.751098206468861
-0.252210543528346	0.312828514306877
0.379883532643742	0.677656398634383
0.273351638436413	0.402579326562694
0.574647136087117	1.0072907097522
0.516593512439506	0.843601827506697
-0.0802145284591347	0.0964323824578731
-0.06249983315369	0.0743955296888741
0.111573979286908	0.027674233571138
0.531866912239007	0.554342460760668
-0.0418790777116985	0.0501250425142619
0.36300632204108	0.607276181528711
0.306850837257099	0.406518106194713
0.0796114293937293	0.0992226469211156
0.479756677659961	0.828549141161158
0.33153870802176	0.42232894198417
0.158260076659591	0.167539943337944
-0.530423055825607	0.757395814640241
-0.0207358010669442	0.0200034996347306
0.335471478112056	0.413475081258864
0.541079213195819	0.94442785613677
0.524448179906464	0.920283699493474
-0.167813014340909	0.216909839961351
0.190139953340663	0.247938936686552
0.0447933548594558	0.0517560751151639
0.152173523564323	0.18862493466323
0.807373846174893	1.78420142476589
0.438561494980315	0.43629227637995
0.414860988507268	0.617620754599787
0.0669414639433247	0.0753615601822885
-0.432200227632941	0.687816932105893
-0.0494220889377993	0.0523657738525577
0.125795766054428	0.138852002717299
0.0260419692014628	0.0269951218424992
0.372947912545461	0.513783108738076
0.245877771568171	0.314710687451456
0.525243933980144	0.891558942992282
0.0599488911897922	0.0290121716255192
0.132510640608525	0.117400267806078
-0.0415532354358451	0.0380204095371405
0.407182646826612	0.489757594579891
0.0155443506389934	0.0115336139178568
0.0677468205540569	0.0332949722279627
1.8779380399815	1.12600271803431
-0.241154876525616	0.166204367093747
0.605311854237816	0.583841571321145
0.52475808687749	0.545009501254639
0.76079855973663	0.913008056348043
0.0474020076340603	0.0191813669241412
-2.72590967862402	1.59640478165358
0.103312524130522	0.0662463233446088
0.62523013901212	0.387335221208913
-0.276834098879379	0.238354277845479
-0.0399511629645442	0.0333763880322104
0.131635002479853	0.106645806604363
0.0724311926119396	0.0407833723323439
0.237871442483646	0.119992818001986
0.0760236617527846	0.0372649554379346
0.109960963945941	0.0795726241846326
0.355903673385073	0.232358028461533
0.306261318334558	0.127346792361725
1.40057367726186	0.454125586503355
0.204081417578277	0.154657915870134
0.457746581993395	0.340537606757714
-0.860046745728292	0.403589764487181
-0.848785847550116	0.390679040211389
-0.334624337395452	0.340829516842685
-0.194108480136871	0.209767169525345
0.0159233063032991	0.017781699687939
0.244146912880514	0.338862732791203
0.265025267421796	0.383558119328161
0.318132211091412	0.51164218973067
0.287076113308607	0.45178943568984
0.0196908892213611	0.0229245771779647
0.123781289173159	0.176575647463627
0.189302313358985	0.284521368801454
0.0271146503621367	0.032154310847217
0.426950594668075	0.801461803571053
0.485496833617891	0.861087115035294
-0.0447883699459034	0.0501395031514215
0.260057195297067	0.403732390871924
0.0328517958654734	0.0396251438327512
0.08531944923532	0.100311828036285
0.032588808286882	0.035019767014549
0.274406010249522	0.416329429994823
0.400829114940961	0.645841417393316
0.232915913070916	0.323513986059771
0.333606511352425	0.532164015110192
0.159131573881161	0.190693062745793
0.00562866011903586	0.00500044421047188
0.480856483945577	0.627452350620207
0.908195523878409	2.01968375954623
-0.394670588963848	0.667385637315781
-0.0732105547118079	0.080366490188152
-0.192989278306259	0.206550529343126
0.240413546374942	0.356853265423655
-0.0115104242946555	0.0118885492262459
0.024259146898187	0.0280928078342114
-0.356529483886905	0.458865517439624
0.0904983056152064	0.0863083869457124
0.121550393950446	0.135387790702811
0.142645342891036	0.186156401658291
-4.04763069885123	1.83346170806681
-0.909633545949851	1.17000701734587
0.684164072143118	1.4755402727849
-0.0226612447530912	0.0254364533552802
-0.302052032989474	0.449968732676982
-0.106607246467195	0.124950333378323
-0.130203865073091	0.148491380484537
-0.346108858711001	0.390414583534943
-0.0386649916141378	0.032729077876263
-0.267520260721556	0.294984775513129
0.251501442705013	0.257497407716563
-0.00166620283712155	0.00150488839190846
0.193120649687596	0.172586813870352
0.474932206986868	0.601144560034228
0.837866248225593	1.47945651778443
-0.0134242586598665	0.0140027844140378
0.122156792531263	0.130689811082172
-0.067064290317892	0.0826090109082222
0.386149566500409	0.561681410680941
0.31423260402962	0.405294819212066
-0.954206112547783	1.81360282788736
-0.121932767159018	0.0819920015726085
0.0799816418281178	0.0441646073973844
0.0382240897374302	0.0266863498624505
0.00845927646140573	0.0056362868682778
0.0878915629473671	0.0800293764347248
-0.156937980265983	0.165870139127835
0.318990227098345	0.42860256140038
-0.10960336325575	0.117199401112939
0.375871021645152	0.518853733773293
0.157492037095044	0.181377997469926
-0.420656703817058	0.608651796367397
0.605077231357061	1.17085699463198
0.341308366358456	0.445683502924938
0.101018942647797	0.0700292121912614
-0.42130820205657	0.530947279092276
0.407522839375937	0.537754348899247
1.07607187795597	1.79365086346925
0.201751480778617	0.167088226624483
0.496646107017352	0.451917013021226
0.622894044494142	0.388313864335584
-0.0478018926044498	0.0271237719963244
0.383175212307758	0.242271365941755
-0.194398126248799	0.1198732033113
0.643751693316334	0.475852762661968
0.0780696977649695	0.0414530988876005
-0.0704654394469005	0.038343483764174
-0.552030240059213	0.369019759579846
0.522883122518383	0.269500005090112
-0.0685785370139627	0.0472109083262603
0.367764788776638	0.302645523458556
0.309867459089056	0.243346861777535
0.355415626744503	0.235918300322182
0.417791112526973	0.248915850794463
0.330619608607128	0.225986929028561
0.31298265334592	0.139851142442603
0.0667606974870834	0.03355360383146
-0.323005406010683	0.352082805126077
0.0237803398263574	0.0241526703928759
0.810046901487539	1.52962915482903
-0.547252898353466	1.09216725596281
0.406459713801343	0.678012777453788
0.072550000243894	0.0835844358983826
0.00367345529908041	0.00360584796096834
0.324596115932923	0.421024404403481
0.171276775902005	0.222301048465943
0.00663180245195918	0.00755925116869008
0.182178601387859	0.2552004959905
-0.1592388666111	0.263009846707514
0.189292606313935	0.294807080672567
0.394864466473329	0.83887635335574
0.184905683346175	0.278608616099084
-0.374597495358553	0.702422738769533
0.145385319486645	0.190903833831495
0.298269389315305	0.502020424522541
0.295752984916719	0.473268398835968
0.371137118883477	0.582809515610542
0.281766116754873	0.416521968373763
-0.046087854332331	0.0469050667814031
0.739050211891407	1.46272253071284
0.243838904280862	0.375675144174048
0.272010696678838	0.383783830858281
0.428383590058427	0.815697013404342
-0.0353765975607075	0.0386916629015
0.484977291747204	0.790452727871674
0.682879049791656	1.25724900873543
0.274448631917685	0.406043631493663
0.0856082302724103	0.0930790851233497
-0.0170511693199596	0.0165073946661507
0.168061520090324	0.190176448202008
0.0302693255446695	0.0252446308769696
-0.247301890604149	0.32342199770623
-0.150927516857157	0.192240618474232
0.0642572322752763	0.0216229658859646
0.668239258876637	0.608246272321788
-0.763476846452319	1.8115588726046
0.0264251060844873	0.0330105206817189
0.103650307256307	0.121145957697522
0.180362307364919	0.248776706041379
0.207809287013079	0.268330248695763
0.191447309477908	0.205261113139912
0.123419094392564	0.133829932395236
0.36535762794736	0.433141544978706
-0.0807107547716322	0.0719777261999295
0.517006772233556	0.542981643996371
0.424992386277819	0.67297047116561
0.225501591326076	0.337365979767989
0.45809221765814	0.758895556389129
0.55954875706474	0.877391860309373
0.300029269043481	0.415773160414637
0.0922434263436456	0.117034457995954
0.228139580155348	0.344614843564979
-0.146978013931902	0.21272598889666
0.321740639801823	0.426725171707915
0.104217418693408	0.119795981710217
0.537867799994887	0.625103217091679
0.0586156058522769	0.0268231892509398
-0.157831038843604	0.116995801977784
1.31780627447536	1.66480640652173
0.353895726519818	0.418113825394423
0.55295314448094	0.79342137745591
-0.130266556803833	0.152012158717455
0.196312791834578	0.23819802811908
-0.7724967945444	1.43485390890033
-0.668611513617726	1.11632577019633
0.445688658233291	0.749819576075625
0.379350871390541	0.533546823499867
0.645210903931507	1.17431111767269
0.383943274174419	0.243785330106676
-0.364265466681312	0.446401768087219
0.709379334575517	1.42745131005382
-0.083424071051392	0.066374704415649
0.21212741478436	0.162575471510742
1.32718202162061	0.887722840519948
0.645819689880333	0.494218020937872
1.04352517123017	0.986587053612861
-0.0458842296933629	0.0262780476759296
-0.0211350772844931	0.0158142603864503
-0.926999831007624	1.12116079532438
0.360846409099562	0.240432003497551
0.913918317695497	0.670291547417174
0.592314243235261	0.448742466837802
0.73705081886041	0.309054921406304
0.0523464455148086	0.0193298888134982
0.255779631444631	0.239011140725225
0.572566440912965	0.568448446755655
0.472735470829031	0.357816533203358
-0.0121195185666045	0.00748882773415625
-0.866337641077542	0.813524474047599
0.913262674893915	0.673889743882577
0.362621095507343	0.146675067583003
0.731402650201243	0.309462932848304
0.463217541052244	0.245725582412002
1.25665468272024	0.523305110746366
-0.405953329772127	0.395560711799245
0.175494638615521	0.211459826912268
-0.622073551493275	1.21877001120174
-0.468086083622861	0.856274551664621
0.226165569278768	0.325173041456925
0.508182478644971	0.773520943212458
0.371076630239201	0.558959249572809
0.877023654214171	0.551829611477305
0.213127093321776	0.149647810675363
0.204930805520715	0.143832494409252
-0.00158208249192192	0.00183009183278084
-0.481715732320832	0.863107921860627
0.417958857154367	0.79036451623664
-0.164695723289869	0.240264950603377
0.53192456294901	1.03732289761007
0.21987658653416	0.347322734359109
0.369337967268072	0.686665073207818
-0.382619675718687	0.696726328951506
0.211834471212577	0.284323211296053
0.425240667018933	0.716708832574918
0.295853204914858	0.489746365749222
0.278345614814196	0.358445725965154
-0.0542012338308215	0.0579618993267705
-0.0673364781757282	0.0819025324152936
0.339445518075212	0.511390409947435
-0.367131912087453	0.590127694384217
0.151459140128756	0.201119652602281
0.308684598720526	0.452213902779588
0.252168686663835	0.320301411298705
0.0560504470717988	0.0664798933809715
0.117184197240462	0.157787155528735
-0.475608730581172	0.77735188671506
-0.0116118874587013	0.0112338497517066
-0.048002944371153	0.043936285420796
-0.246204280154146	0.305793910333721
0.163438893895495	0.216625511703162
0.609445790014745	0.192936241963981
0.113042450824974	0.0814886955339572
0.0691893393471035	0.0826526087749401
0.0511566714146546	0.0597644829985605
-0.012886761147171	0.0134012086198947
0.254364368587784	0.38916599054445
0.924227313114365	2.20762372038231
0.252288978867374	0.29158945231036
0.605477372811062	1.04268687506657
0.407928220596276	0.523832532869075
0.287530712440346	0.332142034222084
0.326075636881058	0.456181047561325
0.301011721041948	0.357013798734908
0.98032171449884	2.34880347795758
-0.204143669876564	0.242555567522075
0.30400261875694	0.485566735448956
0.0915898295190935	0.109987736587005
-0.257611485689612	0.34649257444673
-0.0920812175139034	0.098070936996065
-0.421158356508296	0.517085132550085
0.410817121267261	0.434217737146336
0.366704109068749	0.323894642276706
-0.664309517683588	0.654332535119304
-0.0709296818593464	0.0495867670014154
-0.184165558814375	0.169043439799148
0.247803219736389	0.267618716294128
-0.682953206049295	1.31990337074567
0.0143359382525314	0.0138167904340973
0.100680958327513	0.101233334546665
0.672225723894898	1.3173557541421
0.357575037588667	0.512589176816032
-0.472101146271247	0.657213797544124
0.313479184004301	0.487300187226785
0.910592596218999	0.867679906643062
-0.68405408873857	1.13871913595884
0.931651852585597	1.60962015260989
0.126948482802957	0.117598299655371
-0.034572299600422	0.0252295538497592
0.867936216193217	0.55955792077348
1.1462075925613	1.05112125028087
0.218980676008895	0.130822973925052
0.753693332410844	0.731149881405739
0.134931908314198	0.108744532893074
0.360614377696681	0.333455498630132
-0.197708195501828	0.117238858682672
0.963656898191525	0.362452532852931
-0.551758701385606	0.385087061631314
0.0602222391933005	0.0227911437795578
-0.48252059537105	0.212399828881235
0.421480478696313	0.342542310737538
0.671925801256923	0.775941685647169
1.0888009470971	1.44444818524915
0.514598823501619	0.257606478919145
1.48646914422425	0.738359490787199
0.353989473259723	0.136525237623569
0.0579367303671612	0.0217989199285672
-0.852813843866225	1.11427137072741
-0.0388752845970113	0.03854910488999
0.0212183925792177	0.0235862324130715
0.286425303587046	0.468179058366843
0.255466358509775	0.403050043498577
0.191353301368905	0.242180431928762
0.335309197814043	0.45513216349481
0.207271366736508	0.288898619934846
0.125119253503025	0.100747466001893
0.93119094775398	0.803111068580199
0.617072637394376	0.73894022587598
0.72501907736979	1.72210116889083
0.280788103265014	0.436327875473783
0.316349158842527	0.466257310651334
-0.00667805671487229	0.00808069104144253
-0.747002801749072	1.87338800773546
0.14975457406484	0.216237009658499
0.493947564091724	1.06886122349292
0.504831482809396	0.964323222758046
0.434526437335639	0.88223019168019
0.417185438832823	0.745027485585209
0.0122530779967783	0.013070117843147
0.50574412214634	0.90919890085218
0.199631636504895	0.238593543748406
0.372618191386423	0.594036228786002
-0.133291033440245	0.161506388007759
-0.243001032542525	0.299816717208714
0.0828141650814941	0.0933357175892394
0.102812993070016	0.121606720758947
0.171305284645645	0.216271275850357
0.492552101942904	0.877808896113745
-0.315777269998626	0.50142327602936
-0.0444850660615694	0.0505882482282386
-0.00202337196624289	0.00194508074480312
0.0727471673423163	0.0718841053837671
0.331872935874524	0.346661125345489
0.178001094846082	0.201969376097046
0.412134349029352	0.68988992366871
0.963656898191525	0.362452532852931
-0.0238326403264393	0.0164038766771203
0.537270724930698	0.926206937242996
-0.193354761242082	0.245826485249284
-0.371662095861472	0.608028076332031
0.191505171155674	0.267418934561825
0.578218260461617	0.956550363219118
0.354036336159402	0.424281844416131
0.343238180272641	0.530347654632056
0.542372604202834	0.929553153438528
0.0482571856109095	0.052192446106135
0.172884675096883	0.203913332055897
0.260333042857148	0.379222777142486
0.102255609270446	0.126608884482482
0.407727853107173	0.643683543857286
0.3046433430251	0.437928640619833
-0.410623813653713	0.460626668917449
0.910592596218999	0.867679906643062
1.07199947880477	1.50315905872403
0.379949504656052	0.338721225434407
-0.755813677598509	1.14100459089856
0.131957889616691	0.144578653770783
-0.273128940040255	0.411404705149544
0.101014142714624	0.120905318014401
-0.42728336580662	0.63532434005013
-0.0163724356092444	0.0166177134798544
0.267764743306394	0.375323196580637
0.242167633753358	0.353030729187447
0.397457876953736	0.655453389575001
0.367813027822309	0.511855945545791
0.403935721105722	0.536841990969513
0.132172052768676	0.153598463588812
0.339850378838829	0.381730654284474
0.094628992476043	0.0887173561571774
-0.238813128752656	0.1405531417913
-0.237319059138814	0.139229987016635
-0.778821198854069	0.734743460479802
0.669057762842054	0.587662351812857
0.00251926759440161	0.0020109772054579
0.31911663032475	0.316165045574169
0.389513897153839	0.247467524378863
0.416792608156154	0.249630193831506
0.218868792140625	0.141015262978869
-0.548106704466197	0.375768865337035
0.233073976851159	0.129781157235073
0.86780596926269	0.789345730761832
0.656865533912405	0.900353672123206
0.600441420398537	0.729163409128915
0.57892562406088	0.476313640178498
0.220368599848628	0.146570435388853
-0.0762383410141824	0.0622326582275938
0.0378096006293694	0.0265492893392699
0.978945483858424	0.480495921766963
0.253926972391757	0.28309048108074
-0.0765555319115643	0.0803612377313816
0.408500441380626	0.638531656525752
-0.00246171839688236	0.00292256706045176
-0.232866403320683	0.346745620923572
0.437265246805868	0.771521488732176
0.0891622722461576	0.0929415202573172
0.377472405606477	0.580913876235954
-0.136251537837791	0.1775492209654
0.370626928805247	0.405314214350441
0.493252997547719	0.530109914675553
0.137697168881201	0.170651307307505
0.123635512169904	0.177106075748962
0.313056972152515	0.439263990571939
0.408414170616682	0.660054297579947
0.289701788637286	0.470067631479973
0.105708602149401	0.130702330815438
0.0379063672365634	0.046742001509701
0.392064384373662	0.67820750872157
0.0811857096123396	0.0985695864649409
0.41062060488321	0.604150420512661
0.129612761672278	0.148491192205829
0.102608709206239	0.126774981526648
0.208867320399439	0.241590866472098
-0.126937405944406	0.149084214100623
-0.367246559289933	0.577792707443764
0.464262520950144	0.57864160007738
0.0992009055126282	0.112915342455978
-0.553906096098796	0.896538589820291
0.306665519484483	0.45875393036379
0.112923588050535	0.132706611795357
-0.203920151765261	0.273717239370723
0.18548829759005	0.166659815718675
-0.302988488318249	0.421788131377194
0.388648038934608	0.530746220811441
-0.0757094218363499	0.0834361676008856
0.236154453861322	0.268557704146467
0.040074103816492	0.0414945751187458
-1.41228797598247	0.900308077721499
0.407884129745658	0.343777115771397
-0.091561017147275	0.0973619412070485
0.67045312488172	1.30353855696978
-0.421725461638714	0.620736305063344
-0.141518707574441	0.152310849272287
0.16566009151547	0.205714648272265
0.0212371542769141	0.0208211312121841
0.462557971208081	0.673746334014266
0.397889402515386	0.468095661476548
0.18382903405145	0.201620882926692
0.438544013253533	0.641533715356609
0.766912220618843	1.5599822946437
0.812709741704122	1.62113085626963
0.153226668159458	0.167615946954566
-0.11926919794658	0.105055105282009
-0.38599766084557	0.350730911673348
0.281337487345837	0.248256301557976
0.0111487027611452	0.00854445464859861
0.16825934375986	0.191596271633322
-0.0137054199784107	0.0141594953601026
-0.48411147719522	0.848864734286213
0.048497072682159	0.0474994840752562
0.209602320551436	0.274313346397782
-0.116998241169559	0.130810087333139
-0.0730848215392306	0.0709835922315035
0.470210690374447	0.664567082931567
0.363643824119911	0.472421560922448
0.231789685440625	0.282415665521774
0.380382105620997	0.495443799633663
0.317834816862329	0.504066275366076
0.112701224054839	0.0771819970599332
0.237080386655313	0.257297569310834
0.130357935335019	0.138269548739636
-0.32995371714572	0.382565283680753
0.493065369248372	0.539015122690885
0.0932541710636217	0.0621089144923919
0.371281887516099	0.244099481048329
-0.631579250475551	0.408918407144548
0.94190878396223	1.04978238756009
-0.115719658436443	0.109974424154393
-0.846971973784299	1.28820146196151
-0.235264203791168	0.14017424524187
-0.88675297546158	0.754829099922017
0.206751215351039	0.156738373392226
-0.0756554396858617	0.0411266679372738
0.218412733675	0.131878952437121
0.38973939362493	0.478895771224636
-0.34140811237453	0.368621471826884
-0.47364844749409	0.491877399240582
0.0379657675259589	0.0256818817725526
0.710230825952384	0.621660200009408
0.124352081510508	0.10415651181771
0.701491465356933	0.871774898412184
0.35806982293842	0.240913773855905
-0.15308137166213	0.166932075477161
0.169883040367119	0.222475079414318
0.413487293942509	0.664736012517222
-0.0108342883603476	0.0121237252727712
-0.105863929109665	0.118635305152166
-0.12568774014257	0.141746449981279
0.677220529129545	0.931257614827978
0.171006248814405	0.212972222238432
0.0476348692550936	0.0452896931288588
0.209882552398756	0.238601161772951
0.349165505659604	0.433360165290642
0.271575805195068	0.324700106899405
0.246602806720035	0.267628711321659
0.263997963693934	0.311103296713711
0.776413362284024	0.994480997372814
0.564774823366064	0.544521906310203
-0.104321128675481	0.0926375915704471
0.386925825860026	0.499245506451022
-0.0183498435893985	0.0190466353177667
0.197583753430817	0.266813450283752
0.161924214455529	0.178938016785227
0.301976123037449	0.357720193580025
0.783209146406741	1.39946859622556
0.280270848333883	0.367729023237848
-0.0585278780455917	0.046782617905996
0.869184122300171	1.4818166582289
0.47798620131195	0.722300567601984
0.235600632209911	0.264645881566941
0.123454169578	0.1053347194082
0.145008255725774	0.151253206408827
0.11440016775098	0.11469948974203
0.0685040387125483	0.0583449644948539
0.579052857903182	0.813579580382257
-0.0421082476192097	0.0392848752979118
0.166030214777039	0.163669516179877
0.627565615980753	0.878118333563783
-1.18609826715397	0.365536330718386
-0.424980286207783	0.306287782382224
0.367902648198091	0.511961695449516
-0.323919859838469	0.349670714141329
0.000293463113172876	0.000181317919261656
0.330131695149684	0.343581446828351
-0.461429946701321	0.57121466100034
0.144247803395288	0.156932054940123
-0.0932629159160104	0.083536954537533
0.12787806941475	0.112008048497294
0.534046559681077	0.686949722660492
0.0441427463070388	0.0462267984325115
0.144548884722104	0.14469267554916
0.5479354161407	0.758316438933588
0.250150427465714	0.232830490118193
0.133393186466294	0.119316224485351
0.512103327266115	0.615106451669778
0.280951582454276	0.256538527210599
0.391298477348329	0.439893465845264
-0.122606500492985	0.0902778282167933
0.202836303671621	0.237346065539609
0.22976646358212	0.238743824912674
-0.485705631393863	0.694652881815898
-0.45739867580099	0.562799317551426
-0.228245999696572	0.23453612761078
0.278843123753438	0.300763256788648
0.0780851530533089	0.067827237021018
0.969626440357064	1.87727727473173
0.48221480505053	0.603190934355501
-0.0196725676586798	0.0144155364825168
1.23011431453698	1.69708898920542
0.415576829268782	0.241473007080648
1.32955427506771	1.55056865619253
0.767019458445562	0.830735491864207
-0.5523410657889	0.555437846604175
0.00375936033107251	0.00299629290605535
-0.289334987506134	0.223829615709917
0.222710701915301	0.141590790617126
0.780219576643901	0.528758362731808
-0.0729421829188597	0.0402871925363742
0.132111625156165	0.115109662768172
-0.718213053340876	1.06077846414425
-0.482320818267096	0.491972038646796
-0.0683319583179646	0.0480851486799472
0.0961720627681928	0.0616255309615368
-0.416354727624023	0.340517101489753
-0.425091607295568	0.465688874766357
-0.282534055227145	0.244295326468741
0.373165889097773	0.231421476145647
1.1700010699419	1.24931437789049
0.260034141782974	0.285298997289239
0.291997381633615	0.379508672299819
0.421333328010079	0.579240447567987
-0.123987401212065	0.132642157524358
-0.408845031489625	0.585124541045006
0.653269760619058	0.694842156211293
-0.121507748980835	0.104667655130514
-0.10569793916428	0.103279154479163
0.342606598574976	0.402782571082386
0.434130820496389	0.428866497258851
0.513012112136816	0.767260744616768
0.139518170185731	0.177059087714606
0.0761226375967627	0.0952971442349072
-0.361712289085221	0.61428893687395
-0.368032823457657	0.578703183787559
0.124307527180758	0.135599354267661
0.253327301306083	0.327832721123461
0.568803703789439	0.901947365471807
-0.0929050406614125	0.0915052014025266
0.0179112451283895	0.0152183427606824
0.193189346315188	0.184092000775659
0.319714521400535	0.340930588922515
0.727028531421433	1.21468274318022
0.154639350965188	0.168201628915622
-0.0674853305399784	0.0715507008282917
-0.324717083772046	0.359253967645627
0.05325234596173	0.0500592116542359
0.197534372209586	0.202413077640986
0.863193633704176	1.55390209830142
1.40290262296238	0.473801590956212
0.255261207644507	0.131039273663389
0.15490864931923	0.151943274857973
-0.453399935450049	0.60469409822712
0.317452597544667	0.350490857469085
0.714414266738319	0.968030396957434
-0.2430634371902	0.282284709835814
-0.195458413398851	0.268979126252287
0.315436372395658	0.453484759140474
0.0281459833716207	0.0228295471934409
-0.0778567595751613	0.0767977344120592
0.124539765497271	0.130774031509247
0.80531396573094	1.42186782398974
0.250159470131523	0.283095313369337
0.408604781244252	0.594590021312063
0.189190477580966	0.170729256150678
0.375513896813981	0.412105348443985
0.467779647654954	0.806568700550176
0.428119552606467	0.53471021729267
0.0432070893672	0.038835010575011
-0.0381622378926017	0.0390202539815384
0.148336618934619	0.14779513595671
0.453291088113232	0.611074380760922
-0.140299506551434	0.160101779227294
0.00643510494284915	0.00502728198505679
-0.114651745420164	0.101230889723523
0.36916958524473	0.330367840527768
-0.323185040625996	0.216680515710756
0.229590387588498	0.137519111946989
-1.58785829094062	2.41331045071127
-1.36786605817003	2.015244870048
-0.763913844651269	1.13551156584949
0.0925425119379125	0.0585451417477351
0.904385632113019	0.666087478337217
-0.121690253285117	0.0598210644634879
-0.0193188126255289	0.0136772065675873
0.712975845815603	1.13660871857787
0.0114503270052872	0.0107651876798669
-0.079391582654416	0.0544479745944696
1.23942940876987	1.5220071060625
-0.176014620432208	0.126557357405463
0.142861955587876	0.138054784199574
0.579404371229767	0.722641138083213
-0.626401797595666	0.513208571658271
0.233424223619281	0.13192851534813
1.16002618938628	1.40360455156681
0.388574174015799	0.571021894516627
0.248907591041876	0.308616988924367
-0.424201185516302	0.50324970434497
0.564341793376452	0.710590090189272
0.0350804496503949	0.0256552214309278
-0.0399167318574727	0.0292627315036381
0.110356707854636	0.101733954567364
0.300426554428586	0.33798829251555
0.0802439914651663	0.0807883987127075
0.11834306676113	0.12456905370133
0.727469388267364	1.12821840628116
0.489963381168552	0.61682415960612
0.48072492438069	0.680428167218837
0.157084498157171	0.185839153501328
0.476969326494807	0.520109891991552
0.582249291887255	0.846883567560407
0.0559316056084032	0.0542171649285617
0.139477994464875	0.127987484185437
0.127230115408676	0.111101271374417
0.12174813960364	0.0915619095638401
0.0799680701201578	0.0655002635011475
0.261468099343199	0.251292250489978
0.202613831388118	0.172370239371955
0.576780534914249	0.57479020346218
0.199201696318295	0.135208521993364
0.192896108699469	0.162597346189271
0.44180162217049	0.649358055791597
0.251051014823401	0.273115575388442
0.12136252047415	0.0925814989021256
-0.116633365303637	0.0900222273196612
-0.290339614152422	0.2557853744099
1.02369590092865	1.16836833051596
-0.188435565629247	0.166441850232377
0.151616808367841	0.155767510246118
-0.151921740761862	0.155690761699008
0.249978679253776	0.253747796272426
0.136407531902465	0.12799964731209
-0.0126823616404507	0.0110131540330214
0.175623628915402	0.149590916254371
0.0413041784274917	0.0276369081429428
0.45194131707215	0.422920898172256
0.27273853104182	0.256537572946777
0.498671569338717	0.615901952607909
0.0897194280863354	0.0810040048787686
0.275624626678376	0.337671247351415
0.0889366731855717	0.0821678998830095
-0.114656627415893	0.108226494558958
-0.0632119007073909	0.0580642812946397
-0.111840774815988	0.108321555502656
-0.0490835032700942	0.0405418813713275
-0.329416123684137	0.268916639592868
-0.43743911881951	0.51683077240942
0.50492914217277	0.526237013116774
0.116046849968585	0.0821367126394435
-0.28107018281992	0.246381553562624
0.762711472475139	0.83199451081504
-0.279858375199783	0.280202807024999
0.129475186228355	0.1124003028669
0.291806116126159	0.237508678557044
-0.289183059207098	0.308475694546091
0.254558525405919	0.241189136706798
-0.0423265248383314	0.0345235092757854
-0.141324213590777	0.108697035346271
-0.00447577711069331	0.00283399202191081
-0.126435510849121	0.0986145449763908
0.189718453740722	0.169984794233998
0.320037935886613	0.342483302968934
0.768428374371761	0.902864491156462
0.293739481118745	0.250073754503215
0.765315832109167	0.923684000915529
0.96892223106388	0.928365726827033
0.338769078062732	0.239632000478592
0.345924575139998	0.710658632209682
0.715659141229958	1.2834973214897
0.710084305488137	1.09640444439883
0.130092451080023	0.118962815646906
0.398346544755601	0.350816070984141
0.381353647734135	0.335952354999271
-0.0104034458890495	0.00643255568876615
0.719945851865559	0.726379020721191
0.343324486228714	0.239988888487947
0.510950438544315	0.440186169176748
0.305624270281304	0.223243063076671
0.560441986403812	0.461125010286615
0.653424666901056	0.688145108516198
0.0576593982058579	0.0214688622642162
-0.467155476475634	0.371408972254513
0.0990177458190746	0.0617608552167004
-0.368471948844969	0.270672657768818
-0.956285011830518	0.988406912799813
1.41227055442119	2.22784264265247
0.0438408763423883	0.0480450453147883
0.831533121763526	0.953439299103167
0.320819651990865	0.340094158475432
-0.527046185638991	0.696057263825091
-0.722285687010506	1.41671114726805
0.0351999001101044	0.0462248051281316
1.01899868592624	1.15612573670578
0.0497665870768825	0.0386004450703542
-0.0483742555524243	0.0435308280228668
0.207989333957363	0.135709092065428
0.377853247687187	0.345120348630823
0.124233014511071	0.127880333660124
0.206161863981932	0.267706104910601
-0.00267185300743661	0.00252978055518845
0.83602908391524	1.50448536853616
0.368843567668499	0.406691704125972
-0.0529156907136664	0.0480862918257412
0.436443204731378	0.528833496168434
0.0230349074029347	0.0195331767724267
0.159474296685033	0.187167609129535
-0.327622950352663	0.41130869526803
0.225247130481328	0.233397092026516
-0.842729455914514	1.24562607840594
0.0231068763269613	0.0198258752119015
0.413256226369901	0.560936988114331
-0.322938849079413	0.374302066229394
-0.128904810489757	0.112067639763876
0.512860930865099	0.888156684711563
0.39933788357397	0.57873782847727
0.19229831310585	0.201953906594831
0.626805861272156	0.578097475533818
0.120129617016921	0.092012126915833
0.549681715951034	0.542883539895074
0.807568203981732	0.864458947859504
0.131592710225583	0.116008793936215
0.516556553148887	0.545533350890898
0.429639472088745	0.422607767603095
0.402470527422625	0.338866091236211
0.641467169429424	0.477216728776645
0.101396322643436	0.067706783960372
1.14856237471086	1.18934649349134
0.568067581816509	0.484589720857603
-0.317838076855684	0.213525580997483
0.213137885581732	0.143877421976174
0.11024114676655	0.0709420064500732
-0.204589692738733	0.12359505720319
0.208979058996235	0.156976545180594
0.519795686592112	0.357316312399665
1.96248231811148	0.513645335191982
0.735425303160233	0.313657849579674
0.203906792449019	0.131897341314278
0.769735409744128	0.525383330426322
-0.694375364433418	0.574509834427177
0.943136019488129	0.803430182716219
0.115613049305532	0.0797644179766318
0.126106021073231	0.144390931104289
0.555327863415086	0.756200980501672
-0.451622733978034	0.505742617810618
0.705013230820943	0.99961498062243
-0.802701043100894	1.86751220990836
0.246813429092182	0.390809511514752
0.118581966351868	0.0857197007776621
0.203152755151311	0.123789087463347
0.521010696904179	0.645355227172412
1.22063852018013	1.60489048849244
0.0270769488248827	0.0181259208803637
0.260130659621435	0.298186333279599
-0.00515026457214248	0.00442994975499663
-0.354045053928693	0.453446595468732
-0.479663823502975	0.618207415501328
-0.446574817533584	0.6547617882176
-0.0742294891035379	0.0760338128523532
0.0753424248018817	0.0770644724041714
-0.0962206748597201	0.0929637736707634
-0.15545230959818	0.142054057262149
-0.0436972733965308	0.0407342910393278
0.24163173135024	0.307605721178674
-0.0599756607491507	0.0541110441144569
-0.0108244215862816	0.00948213844180031
0.464645926634085	0.581260265214875
0.0452697258312346	0.0325272823120157
0.286600383077835	0.257842883702915
0.565468122654959	0.470026317351233
0.358552392357504	0.232080855382221
0.961200729097289	0.899155082776204
0.365388586079807	0.342106649691185
0.352647117721374	0.748854554743148
0.153557518093008	0.250403342654387
0.752615584312446	1.09827073729835
0.0670128059456878	0.0499053714998783
0.0247841662269875	0.01716648223459
0.474087010793659	0.844054022322413
0.432852564587624	0.42475062015994
0.34900737303293	0.21641176732714
0.211607872307442	0.126259608122486
0.377499605528481	0.237035051957515
0.082764239534627	0.0382307019851081
1.4523807327184	1.63793609946901
1.43167864406183	1.67853457667381
0.640900344707124	0.500721190123699
0.692892735742369	0.487623729391078
0.0618635198027424	0.0290356397348187
-2.20089675990374	1.7471361942929
0.60044969587571	0.263106441932474
1.76587976800276	0.6951342426749
-0.101331278373706	0.068801649766003
0.609658093055625	0.193682993386016
0.0678704252989515	0.0305476281858215
1.14198651236089	0.854118977899555
-0.185539684185458	0.108282883231239
0.32134021035223	0.405064468430033
-0.102246664271321	0.0693647984980357
-0.92199582440023	1.1759476268653
-0.90700464139425	1.17022835147772
0.158248793296284	0.195161977788025
0.214892726484705	0.302082372939559
0.117213806134616	0.140877564314969
0.024076622139002	0.019549954715129
-0.0578702189808103	0.0386324253175041
1.71261636987028	2.33598375895021
0.268608535432974	0.240972367702149
0.321071923295207	0.298128773385315
-0.433457586533216	0.498591609142872
0.230131012012118	0.272537705925613
0.384471160730258	0.50213192595719
0.281927752475481	0.336489003187591
-0.402597859332668	0.436815700749827
-0.289119285078345	0.338374741560232
-0.0642169416358251	0.0637729017954841
0.0406997205023788	0.0418696299975488
0.233455930662157	0.263412117756605
-0.0900989794337631	0.0945241447882974
-0.00863107782947342	0.00804667826640349
0.204429847100361	0.166786398661979
0.0737313273095443	0.087501520617207
0.0887625903730956	0.0526082731840267
0.382226302003458	0.24503840479061
0.705897627823922	0.604258223467436
-0.0337238699952486	0.046056119595047
0.0977365012968993	0.159265905124406
-0.10671446956695	0.16852707133532
0.300908400771744	0.36488992220301
0.0247573496795717	0.0158135894100926
0.208152189246684	0.201241608048804
0.412387590876857	0.24133916994746
0.05762494290306	0.0258980181004998
-1.24530861061739	1.1050635250644
1.6094177931752	1.64211006897168
0.768663634009229	0.534990112330086
-0.875774992596071	0.489982603187073
0.414083450367224	0.241100905619368
-0.140872739139762	0.0640198289975654
0.773363426359044	0.532641718411652
-0.100755411853	0.05131050078665
0.0698142930901695	0.0315442650822669
0.0613055913994113	0.0312910861552429
0.0934004712616821	0.0867105232564398
0.217930878772789	0.172491643575425
0.126349379917371	0.110351069099498
-0.611549356107441	0.744293065547708
0.00577245187286022	0.00562442157125908
0.394323833089408	0.721371974798407
0.53657155157877	0.77509427846519
0.164326570570987	0.233818115475113
0.103201398280791	0.098500856624903
0.217294223088455	0.135435205137196
0.760790549772923	0.632947982464967
0.0568801935271604	0.0525506814863785
-0.0152606123593845	0.0146254938283809
-0.274131237453672	0.372387197640821
0.341325945288544	0.423522788192051
0.644168751245446	0.992472096733663
-0.0953857138021837	0.084280625530509
-0.322796176394825	0.343266999110086
-0.121956213643655	0.119823044385483
-0.0212312482481084	0.0180554347007634
-0.542665559283395	0.921433889627144
-0.161142702013132	0.17366816361004
-0.0274716988738136	0.0260328525989579
0.164202762349904	0.227532545207854
0.520858599382826	0.522399439674009
0.473568805843046	0.668657585620901
0.162924527297642	0.179197577250659
0.22050706569299	0.298995967049441
0.0662845727211016	0.0754964816226771
-0.0791493788604906	0.0903576379344521
0.0743653053746386	0.0624489233004204
0.325196154968523	0.331839918332561
0.442293974098554	0.57201976712517
-0.0421545332008885	0.034172451011665
0.274154181529566	0.233722864113744
0.192076198738848	0.14515395372602
-0.38112652160516	0.351341913685473
-0.0740192715502465	0.0507433763589931
0.317599658848866	0.24355447024434
0.124675185497135	0.0921323948373713
0.104097508985528	0.0677231724580258
0.908018362853185	0.240274060282625
1.69898764887077	0.974070270871672
-0.492443056645434	0.424033263198336
0.625028505195752	0.584119021490623
0.234115259080356	0.269031711143153
0.357776915346186	0.427436004108249
-0.594868841716321	0.674446492381824
0.125176346890833	0.117336482467971
0.387888665194402	0.490450685851677
0.974898789794055	1.61485208390141
0.439978176727643	0.498317026024675
-0.167041151402531	0.181785708943003
0.185145030346929	0.201617744071799
0.0938864102938664	0.0924548689196764
0.431595810636809	0.461574603974114
0.278865086467639	0.25547400981198
0.113647705420293	0.0833630708682232
0.0286764865213911	0.0206634444267677
0.625879719333928	0.642715027650727
-0.279603113524826	0.239871767661805
0.00890771065239218	0.00836477718357798
-0.0691820562597757	0.0682903913802241
0.136612124423505	0.121249421951122
-0.262522297321174	0.22390051568595
-0.152500291318573	0.114685369472021
0.0354175897364397	0.0249648395225114
0.0147292497799157	0.0122499512710221
0.867286001675542	0.881787586689326
0.191940931589398	0.169808495046317
0.387362208352586	0.429735189834707
-0.00626438514075767	0.00598367453853945
0.351236150493307	0.494444191155911
-0.209083778385015	0.256501325075744
-0.0949498304140521	0.102942036114503
0.13400542626977	0.147846462067977
0.464304249972087	0.505145593802619
0.311526335982564	0.316107460579781
0.559962667543128	0.648613763600658
0.0323748716489264	0.023116497337438
0.477654260617755	0.4535407320573
-0.145047120996881	0.110794000352819
0.198882168999352	0.14616641625241
0.508290899032217	0.437318258769442
0.51458220611476	0.456943234969547
-0.241648929050762	0.169155761715005
-0.280646473097573	0.219290753933346
0.395710920926098	0.33252791773218
-0.515555406833505	0.447586081434999
0.0152898131144196	0.0092673039375292
0.450077680815372	0.161280171398461
0.101170107697783	0.0668651001254201
0.754863425610991	1.34014785717059
0.0164674422492941	0.0131688215535831
-0.00467371634403732	0.00355577298021357
0.197439658234141	0.193857917229707
-0.116368358231258	0.10453732241507
0.40170342445453	0.602292900923119
0.661272581422802	0.900840608261731
-0.25378827065534	0.27713047070204
0.184391922827811	0.190537653981366
0.138521366746673	0.131245816660034
0.150642694717511	0.161344086143196
0.0122921694783375	0.0114394554373787
0.0865576715198299	0.0795820256443075
0.196417622856825	0.152677157181381
0.566459787557528	0.555079330854741
0.0546064724704091	0.0423222349459735
1.18534301346751	1.89274934687701
0.819111175176374	1.01763582701916
-0.268260826692887	0.273215824814569
-0.156021680920585	0.132175653237991
0.795205958424566	0.848504242449888
0.589360386687651	0.539836534881973
-0.659864176333705	0.646672823198935
0.111963230171696	0.0758830330561853
0.817726308060208	0.64836923344407
0.790257628745499	0.801950379140654
0.0819084731239768	0.0470905743943023
-0.105027505236377	0.0689017506451978
0.209318295871841	0.13849393098031
1.43347478205964	2.02247009814143
0.304910977440965	0.254378107684106
0.310012816370341	0.232439067135719
0.202334759979743	0.187956131255621
1.01852498255074	1.58344175775004
0.377523764220916	0.695385937518725
-0.0377457786969536	0.0571611173712681
0.163981331408657	0.219413246187491
0.195774092608902	0.146785070948616
1.41726932826907	1.65184425814997
-0.0188452169071409	0.0112817935900816
-0.21279845128463	0.152282451303825
0.0114712182752095	0.0075931119168875
0.213217237415655	0.162930953756939
0.327597708994061	0.211111615986704
0.910535175201617	0.679767074335998
0.890654670504225	0.998895152214827
0.569474607751382	0.482388110166072
1.27642867613326	1.08642662827714
0.892278993069052	0.599105601583889
1.25196344504446	1.21603678336609
0.902653318832163	0.686373607907347
0.475677823985698	0.444201443014948
0.573974729102538	0.71465768299602
0.414334749400388	0.645398301915794
1.95985299790711	0.5196076110699
0.35782067265869	0.143387628368836
0.328294753278726	0.243956308132784
0.251240903939886	0.232024342641691
-0.0632407226013357	0.0577313516382109
0.404650995367184	0.663699323618321
0.506891771842398	0.888403917331365
0.334661931823166	0.313691717526391
0.815445419399593	0.615872285955154
0.422753849098614	0.565105489038394
-0.269183126342285	0.42976643744686
-0.593112700270095	1.14722779496258
-0.028135147558308	0.0323310857352309
-0.122452715811138	0.123710046060554
-0.501612108784156	0.681333300739278
0.208558282551817	0.158226471478221
0.199401081995377	0.17251431393652
0.958959006982832	2.19087367205037
0.477141498070649	0.591791782426281
1.08839973228398	1.29993004973788
0.559068768560498	0.363317932428688
0.584619365164499	0.726822748513462
0.264067161710646	0.257109765984033
-0.555824029404835	0.662958629719
0.31128000082826	0.374483051617106
-0.536150771406393	0.780488737098617
-0.00911940606830862	0.00768964646639151
-0.35918531018387	0.458012189742081
-0.564302584816348	0.727754897851436
0.105319983626545	0.110226261360765
-0.208694912336081	0.235389407822194
0.186391336121606	0.221839820742321
-0.649907439612186	1.34495267841244
-0.15382114588349	0.181987712902027
0.492554719787656	0.359683146508454
0.487049835406855	0.364344956739353
0.0632946421295998	0.0264141930627781
-0.18271346066049	0.135350667921608
0.522822711637555	0.463991236266386
0.56130146267711	0.68422030181185
0.162875051642628	0.313902616215811
0.300910423043205	0.638132441344219
-0.010983034772586	0.00965885676527954
0.000252829761846503	0.000189976993236809
0.016077934988965	0.019444437796003
0.301077245500965	0.233710272753124
0.0300568856748345	0.0214729905941382
0.0910023414135355	0.084226331098792
1.53771566151453	1.70514187803752
-0.205347911870195	0.117887870079207
-0.886283485860567	0.599489419037684
0.230542478124389	0.13825213977492
0.51931869697198	0.263836258853038
1.02266880707447	0.709234045439968
-0.630390628757065	0.392319195861938
0.0552992181632537	0.0209404688823635
-1.9211976812255	1.75780595750231
0.062879275110125	0.0311701642694274
0.227936352638011	0.127176340336351
0.272553258115704	0.130667311171288
0.11807501174228	0.0872145230370617
0.623673138853299	0.390913339634206
-0.0381103805236715	0.0211704008444336
0.372308115858258	0.435162916799779
-0.0874739838971283	0.106016814492102
0.610745686977548	0.353088395879045
1.44722083060928	1.08951261730366
1.75984543888465	0.677695493990728
0.727380259091238	1.01451453671124
0.385221649000452	0.418688035820777
0.367761456098869	0.331193646121349
0.456332073145961	0.730375410005557
0.279388647608563	0.560722540032499
-0.230861493737054	0.241702594715143
0.0770180255367269	0.0441853909935911
0.951617756979542	0.819467123667033
2.32000784065573	1.83971510650829
0.797072086377672	1.01015314029357
-0.686369425434323	1.03440300902547
-0.129637725504126	0.201971738347065
-0.272562263091025	0.396801945897059
-0.1416882534146	0.206069660313282
0.762157225330384	1.46602414012788
0.156873487082552	0.16126260387053
1.14762005516624	1.19050387849647
0.382832250047406	0.243031685505014
0.462856432271752	0.44227335571484
-0.331965069733419	0.30290433611537
0.0855472102778615	0.0481473219995153
0.247882342568193	0.127435634755874
0.638244328699211	0.580481243236312
0.809793373009475	0.416144138000219
0.48033621117153	0.350753172697174
0.201249657884624	0.149580785064609
-0.688127662569745	0.703978253236263
0.394901745797673	0.431499127752908
-0.384278104581764	0.536942955333678
0.149752204705126	0.190400980228782
0.146015234582015	0.172613678566426
-0.170948951017341	0.196416977053018
-0.299790551072521	0.382568673008056
0.121189645602867	0.102227745100468
-0.101465192678335	0.104064177953747
0.568870385792974	0.979077767150161
-0.295461561753334	0.389858350328532
0.328767430691109	0.492161001560871
-0.0538659229175582	0.0572370351090141
-0.0951969037712978	0.0969310808326651
0.407350001376425	0.563910859603084
0.10127036549461	0.10698742245573
0.290584099534679	0.365666285857109
-0.059017276178506	0.0573520583966952
0.00718347357464584	0.00677770728604541
0.179807564371818	0.247167143580934
0.157348855420535	0.209511250791642
0.0806279618667715	0.0979423641588334
0.250972671807064	0.272620267553212
0.00951646789717176	0.00954568018218364
0.291923287389673	0.333807274704324
0.140096695204727	0.122289160555129
0.455439081621921	0.59025698989382
0.329600798738476	0.324118304459152
0.202355710944447	0.224570611681488
0.975565174213498	1.22779119093421
0.43651254198981	0.506567773817091
0.428342581626807	0.513178511397489
0.439387551164491	0.511945998020331
0.188778972973693	0.178288532162186
0.323763084894967	0.331884888306244
-0.328925208279658	0.326413035363562
-0.0483384664102277	0.0398911861488843
-0.28271269349062	0.236242516454457
0.514855534395102	0.595902322182228
0.498780867341947	0.618138267798151
0.322994419935355	0.3420410622491
0.207624352232711	0.206602164011042
-0.0329992586878764	0.029871202088041
0.347748408144173	0.311418372507012
0.483634800463785	0.727184047449187
0.580377181516758	1.14720092122942
0.915256640528192	0.246546453799677
0.245244351596044	0.125973917922428
0.549985797059258	0.710578547698058
1.14739951784283	2.3104589325921
-0.156882413946469	0.187868950303019
0.22320949501762	0.286836661494766
-0.376749553323773	0.55188882169071
0.163304517928486	0.164740696280854
0.559900518019046	0.64224284419159
-0.0118482734059595	0.00891762788074803
0.433001889581125	0.592890880077965
0.615186327514597	1.06273063843379
0.165168837404222	0.190724694088028
-0.113297583016787	0.125898386295648
-0.12760529643103	0.140333495370247
0.0562712399663203	0.0512976167667029
0.178033746509727	0.22461066681564
0.212472861855718	0.26196302885935
0.331699849705133	0.418769370545813
-0.0319339056673517	0.0292383810076807
0.351476764254074	0.347101423213189
0.187743563434065	0.193985630932792
0.358447836349094	0.426348245852187
0.852027997698977	1.31754711265377
0.203271571904339	0.201367114950402
0.697759667106003	1.38686021719768
-0.0173722450562677	0.0167438452593588
0.424684461736296	0.560852368928482
-0.0573773991322169	0.046020000700423
-0.528005259400075	0.615073402910847
0.54776230569825	0.66774550861962
0.762019890571378	0.882750774947176
0.204539229756674	0.198539373142281
0.205212593358232	0.184526962561231
0.0891261299576978	0.0814252327212854
-0.832800415442717	1.35857348795263
-0.210852342379277	0.173196778181601
0.0417033523806006	0.0371601452949834
0.259173480377439	0.286864142353169
0.185385159225428	0.25645421011638
0.202845178831891	0.295474861486949
0.402559882182844	0.797529553241206
-0.0397610641556225	0.0477233087023332
-0.155533305922064	0.231753763392618
-0.0980883225845166	0.0759081087849853
-0.0131646904079207	0.00807861633263014
0.114651410145075	0.0881565221977358
0.36278404466098	0.546946649030847
0.121715485879372	0.163025037275443
-0.537414369106646	1.04236367437651
0.164186601549811	0.225138035178641
-0.0140520497477933	0.013324625665777
-0.00991270511776715	0.0104757690922544
-0.162166319254352	0.210114412018864
0.111098527022831	0.121274682088432
-0.0548243194547487	0.0537991401891574
0.204890085137162	0.253380938959181
0.0643845004239238	0.0619730100027521
0.089466008424313	0.0853650823450285
0.278659829435214	0.36411561138376
0.0132720742751565	0.0123400917634468
-0.169980682041335	0.189901829694904
0.766134632898402	1.15763191995768
0.812541682937711	1.52378092405372
-0.189918961856094	0.205020035184692
-0.0839235052549397	0.0765381641525978
0.200673841387447	0.219443258656766
0.610702465288698	0.875792483294235
-0.292134715938358	0.349366710235366
0.546555320420015	0.751839276907145
0.299191504425038	0.344194847556432
-0.392298477209012	0.44621320730504
0.581230638035529	0.919902655513855
0.136883103816544	0.0276946864016619
0.217602008030924	0.136654618246525
0.343133545521696	0.407728861899322
0.571275270558043	0.712144448212578
0.342272947466124	0.427371049138565
0.703105721216274	0.90265182130841
0.116535072626106	0.120468715373557
0.200643705037619	0.224319347584305
0.130399476787415	0.114335035740498
0.618016118641883	1.00087637359198
0.44406647567881	0.561749019377471
0.230471023898285	0.320080504783138
0.425108481878298	0.432028458158865
0.559190723819953	0.372788963835263
0.26991603337378	0.241107430478226
0.163937014123945	0.174406702975567
0.0977138689528963	0.0952642099672022
0.116569928226966	0.131379904256445
0.148717735351874	0.168162935967292
0.00209934416904044	0.00220429909538608
0.138337718240413	0.151364103825465
0.0547247898817032	0.0624899311403617
0.292569628804936	0.437531337821014
0.0864976636981787	0.0485203713566062
-0.048671282045379	0.048859342399673
0.152616992941541	0.19105922596058
1.16645518864134	2.1727699861459
0.280045402257043	0.255354033865554
-1.52597748432016	1.5914619923127
-0.42086083522834	0.347208740791372
0.075946236116057	0.0372911874017005
0.417953902453998	0.235031332005723
-0.508085767649325	0.560946248402105
0.188225578963892	0.178095843699017
0.107286370339856	0.0742277604388793
-0.10779311121772	0.0508227480519814
0.215303393919867	0.127140725019211
0.0763756204007138	0.0433103427559069
0.0152967024857201	0.0149409439149221
-0.611539253270046	1.00380022473304
0.0265068145661998	0.026157102319002
0.0377291803284741	0.0416880893717947
0.310185533100572	0.365498824579509
-0.0400427254253426	0.0459248334510287
-0.102441554973289	0.112543792177197
-0.0997627721463643	0.0973668518016919
-0.0608337551608624	0.0617541061431561
-0.0413205640285115	0.0468616402592397
0.326058326816399	0.448368301901951
0.164898538402063	0.19658061200466
-0.231830986873891	0.292548900468641
0.383008237224439	0.50051169878722
0.497030075083051	0.674066542923596
0.152284474549091	0.145373145210218
0.293627695827238	0.377457060316935
0.50976512849563	0.66656958865034
-0.0974569990482153	0.0781366285626338
0.367601598637729	0.42501273421527
0.308339409135299	0.37099973828255
-0.486351367684583	0.612657127187788
0.271306710043039	0.286744096229528
0.858117788520088	1.24550936008541
0.161236233151971	0.137380795016354
0.442326213735844	0.508726909044268
0.19532906435165	0.194813587663241
-0.324350612941838	0.320057842239044
0.64844268094245	0.791579085693562
0.141999361713257	0.128675871508733
-0.111337266844483	0.101095052093325
-0.838554615377836	1.18559271620815
0.33191907575499	0.338376155455181
0.264728260149077	0.290875702694131
-0.182732861842856	0.150080604268432
0.477553414902797	0.598158894665432
0.558933578744116	0.692802942929351
0.513303942494719	0.822085935838494
-0.0587403027898591	0.0477343323894792
0.0822998201095202	0.0244639580863817
0.330629526754935	0.244126955874109
0.490243440593234	0.5965979604753
0.445602696375143	0.502446439551448
0.166445670800967	0.212940137671054
-0.006706530075055	0.00581998481477602
0.422891702070952	0.428872994699924
-0.260807752331051	0.310417422165153
-0.339540955096356	0.488017613585325
0.53827434377845	0.859804715468048
0.0722264610695881	0.0597157998977439
0.178253519781805	0.178886208184958
0.238995381683634	0.265020791685147
0.687679213854946	1.11022229234759
0.0681705660537113	0.0580886675353505
0.252842229254878	0.263871737436399
0.0168340985387448	0.0154882274889981
0.438701006985653	0.495437528904741
0.680524785049428	1.12761256465798
0.15349815184811	0.155651895419997
0.0949228155201672	0.093598256719925
-0.65324122755996	0.829773395935232
-0.0337342684392538	0.0318902407203065
-0.177198517180353	0.176191791935337
-0.272129765321909	0.310780630684505
0.15011742951218	0.157675449970095
-0.00271152900703334	0.00253213962111997
-0.152835419170227	0.139641776514502
0.571514598236518	0.569329474828847
0.803185790423287	0.85681249506386
0.87412492562507	0.807531732769902
-0.0113065504854754	0.0085023168088986
-0.287717124363732	0.253736086371481
-0.212144077816992	0.204098805300558
0.226950011082734	0.22184328704941
-0.223474111068387	0.1261259497985
-0.472344104394361	0.492621610547823
-0.0492811556482143	0.0350029717150397
1.05980708942743	1.15218273257009
0.00653493913174031	0.00702652630158157
0.134372200881503	0.161344787182495
0.130904446165525	0.173526134383349
0.0105883256169475	0.0121723961564125
-0.0278895877150079	0.0327261343093466
0.169565420272555	0.217053284775056
0.0753166697778352	0.0970635301313629
0.206574695949331	0.151909320014019
-1.30489162695868	1.71338336670098
1.02755670435518	1.32247799657602
0.844024743382613	1.90553256415349
-0.0437285852070717	0.0491532684455581
0.60496895176165	1.20151167081789
0.147785068496241	0.196677825505393
0.170805572286506	0.199908972426679
0.361043616850938	0.519674272159326
0.231454281905041	0.311470767377166
0.395122416437169	0.508203118616804
-0.325155718615161	0.377584220282112
-0.0237618123139741	0.0254515621861905
0.266406914001747	0.352455941332899
-0.192669834079187	0.24402182482797
-0.424736116517526	0.59950607863384
0.467129374111568	0.593131856924306
0.160434560450369	0.178378073895869
-0.253348121463025	0.296939598097014
0.0161812356343607	0.0152951837872771
-0.457152530118393	0.670429948410236
0.243285440384251	0.279277394967511
0.444550096720092	0.513086122214345
0.814159180811458	1.10176316402166
-0.102229525178089	0.0880857724860792
0.195778812126397	0.210285747146464
0.652919519819032	0.96532113674569
0.541215797485749	0.73223079197585
-0.0611376723551188	0.0613405401896473
0.454719221304031	0.5981214625597
0.303730305633408	0.336114910179459
0.588969254805977	0.880197222335827
0.421947138152217	0.503999645438443
0.152686562502735	0.161414161854386
3.24396337595349	1.12353475716958
0.338737918668195	0.428144278681942
0.124506217137362	0.142929975680015
0.396698035393145	0.586758287258267
0.0369163638963666	0.0345016348366659
-0.476992268587936	0.541308785560295
0.121905301563168	0.134646461985696
0.380474703036553	0.506536875465272
0.133265275665101	0.114699331974894
0.198660405717939	0.215928176022202
0.376006555417988	0.507545266126996
0.228025233956164	0.257293055401635
-0.752496233456764	1.15085138078964
0.319367921384739	0.340543119152181
0.583591631221376	0.855424257599102
0.532707360567809	0.849477490917834
-0.404038671192755	0.529634176754594
-0.0900415321499829	0.100614459448213
-0.225410322215618	0.28346029172122
-0.479499235518209	0.49550855266408
-0.0922758120145458	0.0948417922459218
-0.0927172112211832	0.102227158617989
-0.389830848525973	0.498532875860275
-0.515425663053452	0.632242630817109
0.334539657382089	0.23223428974949
0.246115879157763	0.134267986535088
0.224238206833234	0.140260455705727
-0.209609820533432	0.153095543889514
-0.321435850126169	0.295383512667699
0.0247064625160534	0.0167018833012137
-0.370670804929396	0.234883805328482
0.246175785207433	0.125700848359301
1.02830955326283	0.832708834362252
1.48166783220293	0.73021638960268
0.234095580249463	0.319456438874033
0.37071732612659	0.514945961731131
-0.0090540265976772	0.00932305332161677
0.175366419563685	0.232254115611889
-0.297259000280153	0.398637813228904
0.2360460480154	0.301083899514847
0.0229229701180431	0.0275055032285434
0.198819734387966	0.30929573816358
0.142068210186633	0.140478114664967
0.107413038312291	0.0742626056975842
0.0283039796227464	0.019332104775564
1.09803154044509	1.60985108542441
0.2919409329442	0.404226184299642
-0.326588728938193	0.459303444719386
0.0447428523660624	0.05106627503249
-0.617717279866008	1.00265755144283
0.363070923492221	0.533463825342404
0.18675429032199	0.194403541079458
0.157714736966629	0.176506730630454
0.408242317999946	0.508097502385722
-0.126718173995803	0.117834763038781
-0.191831765539614	0.191458866480557
-0.0692279271034532	0.0606833552138381
0.657922224328594	0.938470902319519
0.756213065674425	0.972731841623789
-0.190006849732271	0.204097692342503
0.248992154388296	0.260024525865447
-0.41039953122346	0.429909911728641
1.3073084958863	2.25868349651953
0.699206703598039	0.802728872359073
0.203712152077916	0.17062318271419
0.747099888816792	1.28576011668083
0.249778246570835	0.27642466465347
0.242578885068407	0.271938307975527
0.133302719143337	0.115787308364828
0.672202546023468	1.02031085194909
0.395141712723759	0.420097366323318
0.152984569182881	0.164014235692158
0.236834287545002	0.292477568834076
0.401312788181573	0.558865888160133
0.203908864336047	0.208902335659864
1.95861796438167	0.522920116684771
0.774142599334652	0.518499911483447
0.900903154484411	1.39459329046941
0.0815808565403252	0.0705728525617053
0.257397534552887	0.248135480510314
0.173851030524434	0.181002056238523
0.258994142972173	0.284277744818849
-0.105177914883687	0.0918157009318263
-0.022293421586229	0.020614545493489
0.233197533131124	0.299105179010904
0.509232969624352	0.613280162166269
0.610943743169516	0.922661045577826
-0.370446792520771	0.478008725120715
0.14770129027763	0.129546680375401
0.274403900103287	0.248158744266054
0.150817223283162	0.161733724803536
-0.27743202670272	0.360996568474975
-0.59044899827203	0.904156375830924
0.464481540402551	0.440483324875358
0.252070796946903	0.309993724924171
-0.212025121057308	0.216649288086722
0.0475775516802744	0.0421890929511141
0.597527919287475	0.730236158108284
0.42164720485123	0.344772144182283
-0.412594273985563	0.249966639664313
0.0853342635902956	0.050897787346023
-0.0389683938045554	0.0225471893326187
0.334294862806074	0.333421698685329
-0.291089437809503	0.316563556655046
0.906041812322187	0.694825468968704
1.58189025866367	1.33270535978119
0.570922323718015	0.373594425655821
0.515444224331007	0.697138458941603
-0.198421956380093	0.217457006083981
-1.04392468634611	1.88816253774673
0.777857763692145	1.03474519513181
0.597926232506488	0.951131803163919
0.200469247423427	0.209143181489846
0.00238073996231585	0.00224148788292603
0.0591304367849509	0.0621105354975743
0.439935493785273	0.722083121774924
0.256159917915434	0.298984336911689
-0.0121592786369418	0.0100548978792757
0.021134773622533	0.0204092798317728
-0.0359113937841421	0.0407893487128694
0.291425978801489	0.454647246650548
0.188792988745681	0.255629692148547
0.0474957728189254	0.04329613569222
0.200472453396376	0.211746661356358
0.073826504381379	0.0706613902412791
0.332156911603886	0.35243301183965
0.0850871154129287	0.0751345633298947
0.119698514895235	0.0890359340710025
0.393113439952051	0.432670817608591
0.123304817461174	0.101819487326709
0.35426638651213	0.419159565090241
-0.120840944204145	0.114355469189687
0.317362116986589	0.325423596150697
0.0582196164941138	0.0444146112593845
0.297682979522218	0.244177680683484
1.15538206394378	1.31700341172426
0.514363838508141	0.549192089088081
0.614055917557391	0.666224347348136
-0.21850238060717	0.178713877664939
0.255881011105353	0.256449066404155
0.0568375771316654	0.0429975326878883
-0.220404793145328	0.191718278248611
0.450865429174884	0.485264363176305
0.215391291458235	0.180429150185099
1.29325508351157	1.67519937752071
0.02336262954277	0.0188066540479636
0.0763348099561565	0.0631662111938971
-0.00440870611489358	0.00386087300784293
0.328214834622215	0.421680842501624
0.0716274217959052	0.0599287744131635
-0.0895822830119762	0.0797281248920943
0.504607740268119	0.610108672239472
0.378833255287226	0.424088262939775
0.20754356774708	0.213179305967386
0.333858029390325	0.477339396122212
-0.189818411416302	0.171459850025792
0.40250373522332	0.658874684959286
-0.589853531012073	0.939244565014395
0.201182710040691	0.190783429699924
0.140665583914628	0.118278317233803
0.300846128785712	0.247682971694364
-0.376567730079991	0.31616812676887
-0.0282039881887705	0.0165509679611236
0.512914012027975	0.463024325169942
-0.0938083548801741	0.0835802961725423
0.479934287956085	0.52472034456267
0.103911919286028	0.0687623458280227
0.299924034990567	0.250323902708591
0.125326268781745	0.095010867911799
-1.06640207057011	1.04177783122396
-0.118494453336952	0.0585548570368156
0.109677600596457	0.0749091965124253
1.1479727262843	1.14950917901134
0.617242960392309	0.652218361358844
-0.012681320923493	0.0176816774562562
-0.100816115411044	0.186930963316518
0.179099986801488	0.384035982078871
0.157389860268351	0.340933336510849
0.0620342191447103	0.0843721912334648
0.73823749541022	0.953871831216663
0.288407013125495	0.251393696721917
0.213393421248473	0.127833505519181
0.567225719204021	0.372038709536704
0.465306272299287	0.360774588455973
1.3115780050831	0.972724943093618
-0.0864942511322673	0.0448198801436998
0.0988143280534153	0.0621317935684013
0.559377660806683	0.361992973554375
0.486598279163766	0.353576736896444
0.547395854799385	0.331365421148083
0.0824714583528214	0.0469544115011137
0.561648856149491	0.360115066950734
-0.86967221533239	0.781568415911737
0.234564038078687	0.127312210634265
-0.795003019361819	0.755136374008086
0.0935101762024518	0.0600096814307441
1.23355559546125	1.24877804746547
0.0667715028425988	0.0356650465157419
0.192377179237807	0.266367843030802
0.681551923352717	0.862941650466318
0.797486149399619	1.17660945641996
0.11050487462387	0.0841063819247256
0.402562713106521	0.350434135695487
1.17030904595744	0.774877141284551
0.215419093213847	0.144135991122918
0.33096527168534	0.241228335840285
0.0592594008437425	0.0464126869682755
0.13708532462995	0.20687709741081
-0.111590661002138	0.120767319751986
-0.0727659921768839	0.0506442723769917
0.866117014323939	0.789379387482577
0.425250616362842	0.667439970165745
0.597587148130334	1.22142131636504
0.496673724471743	0.735545963481769
0.428986706976426	0.663591708581377
0.29830178303222	0.251455874916963
-0.0565105264875691	0.0456751245627166
-0.323092152722213	0.306385141097032
-0.0800471172998906	0.0631891254475852
0.230239351133669	0.361951102347947
0.111398459413494	0.148833648479493
0.541196410771172	1.09456500923724
0.270899414579748	0.459737437718472
0.422860860653074	0.818003321150597
0.32616873426275	0.540224976149174
0.207111456904708	0.204248978710102
0.489460553681704	0.447516860056005
0.187854844819317	0.148380251595135
-0.180295680850505	0.133328751633012
-0.112545282787244	0.0883840955981984
0.680100002934967	0.68767732205774
-0.104223467975133	0.0819465897186228
0.630958702743371	0.600300371320669
0.0301216774483864	0.0297009726057583
0.450625155934796	0.440614741100449
0.274976302114923	0.231171977318427
0.745514128573998	0.691947432723791
0.4874805939664	0.610956579209166
0.301170680390423	0.248663294844501
1.14951183514658	1.17532812130663
-0.720707913865457	0.630951780969525
0.149023635848131	0.145413666539099
0.321012124003483	0.433307938591905
0.258767281551674	0.309158612605546
0.40462743466151	0.429246062751368
0.590047955166572	0.885001980609296
0.634129499937166	0.756831889858037
0.51117440827036	0.529855972837041
0.298825103370969	0.234529706029758
0.00620245179762213	0.00464310925412541
-0.103508641629656	0.0778977961032875
0.197553860410617	0.152561740373933
-0.210511370540165	0.173082028889366
0.222260361868589	0.42203699920418
0.211643531387407	0.348108291549192
-0.313773235575883	0.318244985663642
0.546752294075535	0.551809368496647
0.72099650229188	1.21896979132041
0.630120737358469	0.572587720202833
0.453250095313949	0.420089742246154
0.788669454232468	0.80338987263398
0.410122148032813	0.237451376088798
1.44057089417837	1.97504560771292
-0.245592895703813	0.214996605570362
-0.327819621915228	0.308505714838643
0.32278093145247	0.247745308567359
0.228378956531321	0.329593124449719
0.137280116964347	0.126368272397702
0.663461232648497	0.594032619027491
0.052841994540423	0.0402042648069721
0.849924197158003	1.88057836395143
0.356997266314252	0.140847356360952
0.089310573734102	0.0561096808213798
0.194094985671273	0.230416116600319
-0.120736431624677	0.104820455738174
0.261098431891396	0.232898116349442
0.331981333095314	0.428779698054741
0.679329142939505	0.69362660488875
0.603064364944005	0.586261312331978
0.352972761026528	0.247792669342074
-0.0919345236643404	0.0818960195508529
-0.427396554405213	0.840364214019543
-0.324746744278488	0.434507135897785
0.358438005673144	0.384778383075152
0.520546554155864	0.681677361896656
-0.0400144337561177	0.0383511156479323
0.0501088654230944	0.0483326070554171
-0.189036448841255	0.20090825726752
-0.112442444143711	0.0987355490367603
-0.157730776659838	0.147366688740015
-0.00241731821317651	0.00241962304877464
-0.389752922994996	0.521836693270136
-0.318794464418811	0.297978120538738
-0.456471403415309	0.679751685236559
0.65101198895551	0.889404281871048
0.46326666363745	0.599991305947707
0.478575988515667	0.617851718977374
0.73776952077584	1.19658246020669
-0.143036189703578	0.11893566748999
0.183517193676351	0.16153403869494
0.164505688930849	0.168309574610581
0.13540010372012	0.150147964681815
0.00158201911088562	0.00100283647429475
1.40866532505776	0.464894802679668
-0.113873311187022	0.0562480523272421
0.406438141095544	0.428226473316373
0.426740474306844	0.438970910763194
1.00290756874365	1.42500296596184
0.519998594902959	0.699796485864266
0.640340759960564	0.899664852361045
0.180788109321231	0.157910430076978
0.760676868126044	1.07521482864122
-0.330510879346498	0.42771956649518
0.314953482970109	0.342423281405271
0.381360173225398	0.423798210158012
0.197322236798173	0.181972941755456
0.423449904374425	0.508571972513257
0.186470604543702	0.179735007832714
-0.605592604895493	0.961176909105077
-0.0582315284421903	0.0487714963160488
-0.262667562827873	0.288180854862249
1.06953762623142	2.0366258406135
0.584057212832292	0.807309130801019
0.534166883444217	0.604992324450779
0.964759656198925	1.21927605482302
0.310972510633825	0.315462484889069
1.28384322794331	2.74646617219813
0.934890700189502	1.04178387963657
-0.0362397203652109	0.0214651232826871
0.323168269079021	0.337195080070613
0.132391107710943	0.153801299516068
0.157360771956326	0.174447084205315
0.540958969672414	0.868206928088931
0.539092421666199	0.758168296317814
0.228926487436529	0.276078104556884
0.183522725834813	0.201428006853047
0.112447663206447	0.120102629321707
0.159926848813	0.163392421671116
0.136263002482004	0.147357503860565
0.282855896092335	0.349403789544251
0.670740787860742	1.10455648384306
0.132260089168533	0.161561542822386
-0.0047755853390851	0.0050547473616835
0.0852753257088246	0.0957455707140273
-0.0436913797992008	0.0490904620790062
0.481447244349033	0.796405298642748
0.490546978650034	0.752690600066207
-0.352284468202357	0.518458801750975
0.568801838880185	0.6968513002353
1.42644832380165	2.61909546918822
0.0864847354413144	0.0788383194228849
0.435193039895436	0.501036967884941
0.0897376580750184	0.0820930320776105
-0.0408192132907104	0.0382015320410258
0.742141911689089	1.19430552862716
-0.254079695978629	0.297684549618586
0.568411736258532	0.854206588285497
0.380088035850996	0.482448949107408
0.0599936143513076	0.0467410244151057
0.135777281310589	0.0276700835720092
0.221005384786594	0.139812617016231
0.203937200537544	0.202902584727942
0.560974299583392	0.538680409550441
0.402700969549694	0.430890508390593
0.0841155570003263	0.0679038136770548
0.896804539920855	1.41052483564245
0.528448328806005	0.677008545961013
0.0831627759315012	0.0763715173909194
-0.0383056422353648	0.0320630688053292
0.139081004482695	0.133103966038909
-0.522376533742034	0.685378729871928
0.373013465633367	0.516615924137373
0.27959285663797	0.250506048071822
0.602363646219045	0.895182315056056
0.136158058052933	0.125545523873935
-0.135679995017462	0.114723036832726
0.499242349985974	0.701807709251002
0.198331320314843	0.187859725571034
0.19355990527059	0.194904832483061
0.419086485072043	0.601974743598403
0.428183360653075	0.678967056285416
-0.491094993953962	0.579122068539821
0.658436320650633	1.16617595059925
0.752637251437048	1.24115458483918
0.663789164854603	1.00750073458913
1.16537873057889	1.5676005956913
1.15318654543207	1.36734628884007
0.628078745517776	0.786407051528553
-0.025438425501248	0.018403289341642
0.414285190937552	0.426661149928
0.980904318385068	0.930822922459203
0.773498391977312	0.537633487838775
0.0892218691843394	0.110977704335453
-0.385835979557589	0.69556379699687
-0.473668909500058	0.950450878948116
0.099517581894963	0.141459581699954
0.362465672729778	0.343159733493268
0.991489354642512	0.581413439156151
0.195661797646828	0.232319907906353
0.261903340548761	0.402166256986905
0.0538254762108172	0.0647325898323996
0.133382149137708	0.18526925650414
0.131347103565317	0.145218216937818
0.207995185787019	0.249298766633113
0.141477636198453	0.155571244594718
-0.793747063527481	1.3269283367384
-0.0866709003440264	0.0908531887811172
-0.0212162556254437	0.0203617249726732
-0.11926073777212	0.133138818192969
-0.296986057032782	0.406638467908793
2.28204452983082	1.15879731632295
-0.220086185753488	0.181630086421704
0.293405860034389	0.382801279778329
0.157945932357493	0.187702200169273
0.0195797541752408	0.017453018452597
-0.131215478351176	0.161307305995963
0.233417439270256	0.298287492806214
0.055458487553551	0.0590264308747439
0.140053355515642	0.139049952849159
0.222036949773049	0.135933685934911
0.10838997192161	0.0756221915309147
0.225440272053897	0.151930009693058
0.0803218687115777	0.075271092099633
0.0488911450875064	0.045625254093888
-0.0130329151112256	0.00981967023311323
-0.297090836833821	0.363894875252712
0.420077259866411	0.565302494853522
0.0897948704833983	0.0958071916985481
-0.303141832071147	0.427504522470172
-0.132882957475642	0.138441943541065
0.0792144746788325	0.0824054846675081
-0.35768160903882	0.528754967307622
-0.132873128198898	0.152705482076964
0.366578656780265	0.471030978499909
-0.882889012953507	0.657006884839476
0.566471803630292	0.876072421996673
0.073784582725127	0.0658886688386823
0.216769438388809	0.216984520935501
0.60830111317066	0.666897963525663
0.456853370476192	0.35832369480236
-0.174240794669969	0.12655165642449
-0.0996865474225938	0.0795183634954386
-1.05867084078823	1.34648608969756
-0.485040064401812	0.348857985813882
1.6790777409927	1.19618790182167
0.562805678140064	0.356162028879976
1.25294961915202	0.54984837585465
0.263419694387862	0.11838601045032
0.100669291857376	0.0675807982063913
0.707766828546582	1.63335168120254
0.425836310833738	0.797020808720181
0.391374399021835	0.63699151628089
0.0181857177022731	0.0203164519914869
0.683644263876635	0.457803982208942
0.242721040933526	0.394609983095551
0.135586703825003	0.162815201686282
0.0948032242777178	0.119522054780741
-0.192751262571544	0.310123698976346
0.416973144621164	0.820067986889466
0.34528034307104	0.539073446447809
0.302404763281793	0.403765260483987
0.40486338846835	0.580908674734727
0.126828353043011	0.14620446607677
0.180275374220865	0.224640692065988
0.403653733374523	0.569906938456547
0.319762831331948	0.465499542417655
-0.00718697319581238	0.00698733800343691
-0.427589302692939	0.676872123350557
-0.373992163897048	0.411790177447728
-0.115346510453328	0.0978669624986578
0.326790798907325	0.460606719885235
-0.519364532032051	0.95041826383766
-1.88607692070189	0.809688729884456
0.376793711791753	0.337301429310672
0.0460411833632878	0.049870481477972
-0.282921876613045	0.34911233636467
0.126269657767757	0.157072388532035
-0.270107936326038	0.369787584075434
0.0269403575740869	0.0264470336826924
0.342014321709689	0.350888053982875
0.809985477404863	1.18338970800192
0.280121688131197	0.360912967917078
0.209218831472421	0.224600775958192
0.373839262773095	0.511840701688172
0.0774263084146939	0.0367277680587042
0.309376986056747	0.256658394726121
0.758475696397042	0.619008199937716
0.485575719849349	0.695083656672483
-1.09932896932007	1.67967829082696
0.544370605680844	0.868452641094254
-0.435541465693063	0.714406129378612
0.129610917687391	0.145421811043679
-0.25598626931053	0.358740051133599
-0.308725245338541	0.50052225920819
0.302702607124543	0.470353369334512
0.508760988195335	0.851906316974059
-0.0680201114688735	0.0787780915026797
0.00971008346281642	0.0112637430977794
-0.103340334695726	0.106186463951575
-1.04110788501887	0.66547219063878
0.386532268758348	0.429843255140597
0.888119456084815	1.32238230638134
0.0578517027740597	0.0466695578507997
0.404466976074286	0.342280504554163
0.0586771147215266	0.0219935412118981
0.767190945212919	0.521554520705518
-0.0395343711922318	0.0231627084223634
-0.66187068495984	0.654793812407909
-0.0993794892567029	0.0677502128996003
0.97319136478147	0.470882788291644
-0.586193184474655	0.30985863494245
-0.0648626935904575	0.0352097969495168
-0.485740306196926	0.216485010321711
-0.886996227889998	0.467408105877652
0.561869192600025	0.355115741212079
0.169843282707183	0.259720927248914
0.225863443495465	0.329066865021546
0.134055082256396	0.165647972772698
0.0365286195423975	0.0246287302631672
0.113500758379534	0.0865240568204459
0.0721999492865289	0.039363863582979
0.0990407577381142	0.0536145876805521
0.348802332768076	0.243855574295049
0.232405026802803	0.296084544334323
0.0770606375750673	0.093459573825539
0.174150588582217	0.234776362455866
0.0577082195177012	0.0672005275550464
0.319371946163502	0.491614053833044
0.0760802544663337	0.0915658023589101
0.278963331281442	0.384610491012567
0.70200396983917	1.40471591785629
0.422922630455817	0.581621602347661
0.34578296236722	0.493958054905734
0.155145531641377	0.169883699731709
-0.300838249462802	0.370207265526358
0.0513603178070004	0.0527757195778608
0.117797853146502	0.135383551273743
0.261521046861517	0.298397068735872
0.362581520284766	0.47330381771604
-0.151749768830863	0.189192469412977
0.309754854071321	0.460590237705719
0.3729166465996	0.531695169954106
-0.0699183353834487	0.0742902442287396
0.195765968815006	0.189539721317984
0.371663622611519	0.424861975921531
0.254209412677326	0.288412644625482
0.436040422449688	0.684198118039658
0.106515133433568	0.0267328578181176
0.201216591512754	0.157217858118149
0.0273160338431546	0.0304074686812309
0.27948193588128	0.382512722866244
0.598015756802055	0.977717157603227
0.129619622468225	0.156381326159916
0.424323065837138	0.49108222305735
0.197175524329232	0.202593881414637
0.298261080303535	0.343015165718055
0.467341021572625	0.60351089248879
0.797087790020803	0.835770115949653
0.36976313744076	0.22554408723703
0.667487850303914	0.59882616170712
-0.0411106009132977	0.029488086091271
0.00565901948938677	0.00551285020199004
0.239977242894876	0.279903398531406
-0.217808583027465	0.263477938703004
-0.218256894465429	0.284120327464732
-0.389278666630262	0.409128582566269
0.20077185541232	0.243961464851345
0.578782127481971	0.866261956221529
0.212977878059294	0.273039394967547
0.381241666868428	0.565791425464602
-0.162198030361635	0.187895521026689
0.109568513379759	0.119541742883193
-0.5774336510665	1.05156929925851
0.0204951730709373	0.0171798953491194
-0.0787544298279239	0.0427400350088641
-0.711982861189775	1.05564226752366
-0.540135368015243	0.526764474270609
0.0562889560014348	0.0438795075806049
0.821023739289782	0.76744052221492
1.60590484404788	1.6336725855829
-0.270990097336546	0.183817634129668
0.625294003779722	0.389762300618104
0.0689631244157505	0.0366286597815171
0.218014919659047	0.166663762223918
0.0337676292171621	0.0247873532528883
-0.488845093856936	0.285315074798727
-0.307020526967322	0.102170676715331
0.80693490255169	0.743010520526066
-0.795855200142307	0.284875383722602
0.742745084735082	0.309749652385185
0.231430968887197	0.133055355763934
0.289490520128945	0.519051461363547
0.00353953628938651	0.00372202428241113
0.0504504178790035	0.0372640869641046
-1.03488781746445	1.12191516308057
0.361018828049224	0.142323362428354
1.03897471784752	0.953262257829272
0.108020573194134	0.145610422871576
0.152618283450334	0.226448056262833
0.0915572394687367	0.0963843160800319
0.320113074402263	0.456532283656564
0.429816231229381	0.659314985198467
-0.0103946447780768	0.011930951058229
0.610380756096064	1.18639553608892
-0.0262128937351572	0.0288502312545724
0.333735405628166	0.46084332557209
0.442795104931105	0.587178127265453
-0.177797035121657	0.215659503758717
0.278174833716712	0.338983097231683
0.337857427670588	0.530616401233086
0.197318104313612	0.222200344149503
0.162923986613242	0.190221631053493
0.397650340919172	0.491372255024616
0.324444087296017	0.358028074541459
-0.0723551558199398	0.0727211082274158
0.122688146219326	0.119326704751634
0.323424527240819	0.408980393335565
-0.130334568806517	0.125086860730276
0.381130602164945	0.578118033194926
-0.298153422890044	0.360062016679749
-0.131556772788504	0.135000802626415
-0.785110893204844	0.985763153236097
0.0723701732626147	0.0640463581316015
0.469877834283412	0.595094679614487
0.576001006825126	0.965203896999834
-2.58629113950768	0.75115680939482
-0.779408283187444	0.613418329878432
0.156984746080925	0.180625530715587
-0.298145080814703	0.399630140656855
-0.0223612951087854	0.0213475330938122
0.234017994091445	0.304723293580111
0.395619274705551	0.487766577656505
0.341606388093623	0.348511841155112
-0.0610816242056005	0.0434546252131126
1.21297946400615	2.22555336519102
0.431968518772813	0.510112867347158
0.45830211516516	0.521675141318799
0.170330706418289	0.179476953407694
0.111086893709445	0.077675113301386
0.594955837294127	0.564411362212265
-0.159823387278783	0.100508352118801
0.279551601665777	0.262359646085541
0.285993061541237	0.342701623644224
0.343188707525825	0.437304365932503
0.275311267468721	0.321937086977115
0.550026845630825	0.868903702241577
0.197689451778525	0.226257460196348
0.463842339506312	0.727691072309651
0.244336609439978	0.34223254233902
0.558891439047362	0.840950064101921
-0.0817243893439457	0.0905661096230945
0.495489068686508	0.737108251488668
-0.514141663680379	0.784670121900632
0.284428797069454	0.348192345990108
0.305677008111783	0.13400489715936
0.609677177311979	0.82012587495461
0.685533064728721	0.924698984420842
-0.375222183517454	0.312439977617836
0.300438570484738	0.236787599825982
0.618496493075264	0.375302879840903
0.381076902934561	0.236300575806351
0.248658364702876	0.12867121833654
-0.277008362301377	0.1557175868093
-0.858301415886613	0.880598852071906
0.391247068056041	0.332933150474107
-0.895924829574111	0.56033454238904
-0.41495432610161	0.123556715541549
1.03615229694007	0.925057381093798
0.766049515879463	0.530857771828957
0.817633286811483	0.440000422425588
0.561601098359673	1.12414111807644
0.191915725641795	0.305616556255892
0.297194360970254	0.494561219597443
0.186261617502126	0.287594967021079
0.246070986268604	0.414579713459238
-0.659040891238016	1.14625714059078
-0.150615749725622	0.130121533071168
0.320269514578152	0.250025888748215
0.114387249290847	0.0737112724654422
-0.0395961156472328	0.0225305132159074
0.102468060231717	0.0601793849198622
0.626174384036232	0.806449928304788
0.152362058656834	0.150181123876173
0.12208870931558	0.135268939782535
0.375269240898438	0.57616716829367
0.403594520127888	0.609838423949139
0.257774738172435	0.340023610022369
-0.131056256141713	0.181264848365549
0.113278508194454	0.136167991617939
0.667404580842599	1.19315378372197
0.449623108161157	0.763462915964682
0.390156510719335	0.605275352356993
0.0784607086934153	0.0828351408416571
0.074872404710572	0.0835304277729322
-0.102915667881011	0.10968819212674
0.139316362543879	0.163209135373684
0.385838538384971	0.567920538602521
0.342644029308279	0.460430631873342
0.261938799468558	0.340123445215175
-0.0786087552147653	0.0784870931328215
-0.211567637798336	0.266718357112631
-0.304433627562076	0.329138803007403
0.367548824443244	0.495240990440433
0.151255549901913	0.163973950582399
-0.364296098310402	0.516364880854978
0.33939505251944	0.39913416374113
0.620467121805125	1.06024240943732
-0.348973980943524	0.46934354720185
0.388476895730718	0.495777950754741
0.0493673411947473	0.0476209881388447
0.640632832548007	1.04225559911219
0.405803666668885	0.59964419241896
-0.167965158052149	0.194085216985363
-0.0408690120377044	0.036906675576213
-0.488359946921916	0.610086737813616
-0.64083301592164	0.728884599700835
0.15762644060047	0.156978298266299
-0.0273693470602759	0.0282146832169455
3.60705037972684	1.41981139395826
0.460781726307319	0.35231053100535
-0.187482052791962	0.237785735111386
0.665936094243923	1.01648831817678
-0.264092775053747	0.268589400204299
0.692516013657575	0.948160335270341
1.21517254080729	1.75399640330061
0.908056982713776	1.55611322858701
1.29621421208145	2.60346686445564
0.154796827998488	0.170626554139784
0.0436725239500547	0.0434794604529892
0.197901744285169	0.218426340784605
-0.965146413982911	1.63239582726846
-0.200444513923242	0.210436612506128
0.157631997141787	0.18107320536708
0.192669643377755	0.202903273960647
0.42284540855498	0.678226262246377
0.2498174397402	0.28664719261207
0.284633969618332	0.342468828420398
0.588043611116153	0.768100021800826
0.210702448135984	0.13315331778872
0.645252766549608	0.496832860696892
1.8180090084971	1.40811452248691
0.175554606853003	0.158958661657283
0.895897537237346	1.62525519437748
0.0620391750946306	0.0639271603626056
0.434388260658716	0.524822602490647
0.143400301956753	0.135152024946074
-0.365261837928141	0.448048826578874
0.250356335025701	0.295927186515024
0.00145402257006427	0.00144260343319081
0.567891503191208	1.02974657629579
0.99632341858128	2.33540931702218
0.642750011295057	0.990535670219859
-0.396859087511798	0.495538592031016
0.559068768560498	0.363317932428688
0.39909883884079	0.434052507798223
0.326898310223632	0.316868992288013
0.820096260076709	0.764411926225551
0.943861035532154	0.812080523622039
0.364221081212323	0.147280099102689
-1.324486598477	0.977328132045408
-0.129802616595314	0.0588835201246138
0.218412733675	0.131878952437121
0.568176696806196	0.476607478202547
-0.528806402997712	0.476332761144803
0.515416086920553	0.353508331835977
0.359322042944014	0.141621264762556
-1.13571748012534	0.908691713867297
0.0532240152711235	0.019482749002276
0.626443133297587	0.388038099672542
0.246328378988236	0.424584891218316
0.409867856958229	0.782680072532165
0.426899149985403	0.905618467940498
-0.217862182534895	0.354778163526695
0.0870806119522104	0.124236259739532
0.291602653319813	0.518597047945436
0.150787853211214	0.204347929729008
-0.000549200358572916	0.000695589171900262
-0.0871931827513301	0.0985275163795326
0.196605052715574	0.193151063921954
-0.810213849057025	1.03918290084075
0.339649427447359	0.250140538140099
0.048389805954715	0.036367802438826
-0.770742432725314	1.03402133622144
-0.511474312703675	0.767782979238741
0.3296044577791	0.564676301029735
0.255366445494314	0.365564929510045
-0.0821852537076699	0.103088376447592
-0.566614229113648	0.992174420260691
0.357485426176631	0.528190687370547
0.0273817170284053	0.0298595440039876
0.509210017174016	0.854598383267381
0.690918113048343	1.26929788661881
-0.0309586755771454	0.0295715843098199
0.059215353828347	0.0653354513802841
0.183641524513874	0.235812958125815
0.279546043209475	0.386232274370469
0.820027037016742	1.6597203920553
0.750819970043537	1.76055708109638
0.412219652633502	0.599929266861288
0.275953887688928	0.37673275015264
0.649715363924841	1.11251311437867
0.632533664136402	0.908463547799407
0.156191256623808	0.176089570721102
-0.338799928289093	0.450137626601514
-0.290640736378391	0.36940130513445
0.200097980043768	0.242651509631047
0.0192018456099795	0.0180560737981026
0.341054137438433	0.431676094878041
0.130990765623345	0.157050286546926
0.280805840406778	0.332665128303215
-0.27219305674868	0.354520458233986
-0.0735976696365635	0.0821190874057131
-0.0974428523636057	0.107772207150138
0.285259990537988	0.35948084093157
-0.350714463719411	0.421464656363049
0.113536690127036	0.115503184132589
-0.0205814241926514	0.0197722580084097
0.258888519752076	0.345142921923967
0.93493482053992	1.90483685773722
0.131244754681026	0.0264041860353196
-0.21669703544895	0.15736805226611
-0.611948508240848	1.02297710969892
0.648328216805903	0.967847574816196
-0.185755487368999	0.255302760694554
0.319915930195075	0.451752460516427
0.4755018127002	0.564775549556033
0.54269221625928	0.850927897800317
0.134195135963898	0.114991026978607
0.0852530918813579	0.0770571474554783
0.313972026284515	0.349539736621138
0.684271422438083	1.00467908024154
0.265171073750647	0.335395210469929
0.129505793914643	0.146091936392406
-0.315789379839392	0.393141545558245
0.449569605503589	0.687654328276788
0.0921999775685265	0.0932913161998689
0.0200257301420034	0.0186923038320848
0.123688017269884	0.127647419540273
0.594590943699274	0.969418220627555
-0.0262596626180539	0.024227944046212
0.204513279306914	0.25357801062804
0.520262833739587	0.788091995455524
0.249933947406279	0.292692814216952
0.822369691643523	0.919885933669946
0.910872691564748	1.70664288117824
0.0400442678677236	0.0397595023846495
0.111215216929594	0.11918900598175
0.428021377593009	0.647961578782706
0.203924896768852	0.239898619117503
-0.11433735199689	0.130664062432886
-0.0222312306816852	0.022251408633752
0.319532818319356	0.475584519655571
-0.00281562411827806	0.00269165920679103
0.161291516450781	0.179505073153161
-0.529902139365763	0.493171398179211
-0.00770832081609206	0.00579246841280732
0.534788441492233	0.698391118671759
0.218839751036756	0.157992958331269
-0.178547063215818	0.133091963008566
0.974605031489223	0.947294067876636
0.224367236179421	0.133698115114516
0.224802532225582	0.149968103919507
0.202636948392668	0.152828912321642
-0.281051355781049	0.241733436808858
0.300203843308476	0.253024114297833
0.222951789085722	0.122257393366266
0.0606867726649935	0.0299801187309003
-1.11796523847703	1.21242051458865
0.70733433542787	0.627538672137407
0.186347321533249	0.290773772556804
-0.18042501489893	0.279657749693096
-0.0998889262675642	0.149137306436269
-0.138909946432113	0.197245551260092
0.230277708940502	0.374616851429976
0.550931740299329	1.20492342536353
0.188368164012357	0.28291501086826
0.0826735272348737	0.110660225612958
-0.147426264485398	0.189072899189727
0.0977796927914891	0.0889040326231045
0.615013269994778	0.73650004400373
-0.276647018369321	0.189555870053356
0.207441597370836	0.13756229261362
-0.122810481211461	0.0959602154140826
0.245911558948875	0.28078021820992
-0.247035269076319	0.345455590322411
0.227727369491948	0.290989952887962
0.461833965741488	0.673007650311909
0.0886868563001594	0.117108446863926
0.0356548952020739	0.0420000625316978
0.153699906091261	0.202851603306645
-0.0999140171581761	0.118531903382322
0.17523589038884	0.245083829992354
0.619111536926028	1.27923945165226
1.25798935228199	3.38558480931458
0.324897635716789	0.526050297777993
-0.182767258240945	0.221939935381094
0.301800240766058	0.404641320479359
-0.050053572808657	0.0575478360340378
0.9994120603418	2.62032728633337
0.595844614948601	1.04917054646628
-0.295817313904542	0.421150858487467
0.824374484192304	1.74170920836582
0.0362080477938159	0.0367697058262777
0.565350150728534	0.873550504586925
0.195407994855242	0.253469474805546
-0.0704404265982291	0.0785262000765682
0.0468600573303908	0.0429305577117128
0.55215993826711	0.795043025504714
-0.527370195051916	0.806747636759829
0.561511494009552	0.924076048061129
0.810639346083077	1.58711636316711
-0.481559896491467	0.592072206448081
0.0862113450495899	0.0862649820351481
0.113299113008261	0.117680208777329
0.0150184088707328	0.0146560116660603
-0.279993920512074	0.358228096773716
0.502795466859992	0.760348507585231
0.791541555633936	1.24892635940594
-0.169853814915536	0.185551378632703
-0.479386032249832	0.628603929384029
0.657542384540864	1.11672885176476
1.40191507280496	0.462489177152332
0.574133325635888	0.482789729105684
0.0394195896419864	0.0377428123007473
0.124667818987194	0.143435741549682
0.406509338849073	0.666030897884848
0.055475824728298	0.059636014838896
0.160629489974839	0.181849920612315
0.028143711863598	0.0237595855916692
-0.407704339896236	0.48328467454496
0.00929414482116644	0.00736178755236981
0.250940348798408	0.267130075897029
0.224228461507622	0.251302569933922
0.145911511373944	0.15205636639882
0.0827376506819236	0.0933508980118233
-0.0962777344108023	0.109364799365883
0.276815303509318	0.365473981607309
0.0393552761591655	0.0351879602105657
-0.0452430270433609	0.038371990984245
0.450865589730349	0.602966424127159
0.120803985029979	0.136532396374208
0.531528569237123	0.850124476967403
-0.100283768016898	0.104206293187966
0.401334876299051	0.6818615501207
0.321340178363015	0.335984489049068
0.40072150900424	0.499747836320832
-0.0318342690657739	0.0296043412293543
0.314455352641701	0.411004755990209
0.164661984664391	0.188686666476249
0.7005471225257	1.39521943645486
0.68320070838389	1.31685134568261
-0.134427638955591	0.166558066408885
0.117588832694272	0.127111925514274
-0.287290297734078	0.40819133087549
0.86305083152736	1.42434604339532
0.211407148931353	0.16082219303691
0.350291017456367	0.336356328319394
-0.0241865664917724	0.0206494174988196
0.125665247246629	0.100063445052952
1.15854013809303	1.37832647697909
-0.547193864717989	0.358318350145468
-0.23048082665916	0.083563702408234
0.369430360222086	0.246557789949214
0.276445121586378	0.134697067371666
0.325488745922549	0.239922732925427
0.00511733304856524	0.00346887812176062
-0.0925635894239811	0.0474749541787898
-0.873959011849802	0.499000487557343
0.324367932056715	0.249805096294395
-0.233941950703939	0.0895256409013538
2.48655989082201	1.40517144122441
0.11841642918628	0.172286506282555
-0.0401047653924766	0.053188649596125
-0.154405821486678	0.24103041119726
0.387284028123495	0.713208213944209
0.0861797382310482	0.117804263864374
0.353484803222161	0.671197175717616
0.250126124722054	0.433350747621696
0.410600963474404	0.841422114674399
0.45369933387805	0.550450201128314
0.0571356275030636	0.0431945094367818
-1.54555158867408	1.34136105745659
-0.126485182901655	0.0833516969783939
-0.50825873539488	0.441863860606461
-0.10416509470244	0.114950734331921
-0.0331463742195775	0.0356828709307752
0.110501077163387	0.116616204566292
0.264637267259718	0.355350612236531
0.65797466797261	1.47150987102408
0.384198483541135	0.651970949241329
0.00977081794299824	0.0119696205041637
-0.178771083570887	0.247280498282921
-0.152203254804878	0.176813427525928
0.173817157510228	0.229397649972753
0.433606364181554	0.733945214380535
0.237862037145526	0.325045790227917
-0.254628221388348	0.373828647420797
0.547276440934739	0.989713053618315
0.148993126777321	0.176235577224853
0.347483196071275	0.575101138461044
0.329498403790611	0.51111440897715
0.126552030266253	0.145323984279585
0.66725281254649	1.16391852801039
0.24271183328732	0.322632580248817
0.694309847096364	1.46642779772093
0.465276854121904	0.749640359771457
0.0418380737333027	0.0457871437687953
0.358510346730553	0.537299108354333
0.369161570803368	0.480363829263802
0.507840384498066	0.737295314320961
0.151726983657743	0.173546193592779
-0.0632206195885451	0.0675300609953483
-0.228631781638458	0.296423118067567
0.171757755276149	0.198966330327084
-0.0152137878376182	0.0155392263583129
-0.364564046430231	0.452103703925636
0.17195573916134	0.195820199274747
-0.0270966037568842	0.0276473848879923
0.256075096739105	0.28915994540341
0.266815917010661	0.325411528140241
0.363396985764096	0.407103501327033
0.0934197234662073	0.0891359297374692
0.354616400584758	0.503105855075927
-1.18644403433955	0.376991864933128
0.684150060295866	0.710875430064094
0.0881990609657974	0.0932355327505687
0.307723930661628	0.468356766641753
0.40893688399411	0.674497150654118
0.537716032290966	0.944852338699678
-0.253807944336969	0.308964008000394
0.563108621683375	0.798165955862782
-0.117475580689025	0.120348408560311
-0.420006794478505	0.462696301172086
0.00741261404932039	0.00675398946334558
1.00079773145292	1.5161267850061
1.00291020851113	1.9104626894003
-0.0201606862231711	0.0189935979325385
-0.0954104445657921	0.0918335816464776
0.204615207792765	0.245712172319622
0.304146124661065	0.398581104100058
0.115961832066628	0.120210950240619
0.491921643627092	0.618016582938218
0.541824548994665	0.690335659540872
0.0812954245691066	0.0841929055412657
0.419101861335739	0.613318836634459
0.497818142605674	0.761569004616476
0.517573116688747	0.825028384866286
0.358700262968782	0.417995015540444
0.205832773917715	0.232401520402112
0.760260254995302	0.646945013690487
0.755407821413057	0.704315621919079
0.778322498814685	1.26190650925798
0.628161632607097	0.94198282127444
0.297755017313174	0.258605517070372
0.0480293201718222	0.0515172543288894
0.676221923993348	0.999313888451152
0.339090614837177	0.429700203557567
0.267729846202174	0.39398756853946
-0.0351327731349134	0.0361325137244307
0.178892676281761	0.230022765659005
-0.389421661177413	0.482187948952184
0.449662572105121	0.66869969260455
-0.247788519095571	0.322993602053623
0.21137460585758	0.238383194341621
0.199935799476379	0.237023243528363
1.05452741819468	0.993083552949964
-1.14245987135532	1.63833922374553
0.356671280263643	0.398716109599708
0.681801441513059	0.757857488968589
-0.00174184140779236	0.00105535879425294
0.420191042883121	0.241541937747413
0.0600843060744504	0.0271056740532202
-1.00030033485951	0.822444390184234
0.660959623616063	0.60162757699916
0.0987447314449073	0.0666074718601792
0.8701422271916	1.0869300444984
1.01302540449265	0.709307093065917
0.0656141090133084	0.0218336829875487
0.0821087034951313	0.0426649246555149
0.0703519650808211	0.0287955819390208
1.14796989718133	0.662955788515224
0.687500700858879	1.71866482018029
0.115236131929195	0.166743008036888
0.189135550709475	0.287834347023813
0.217284261756619	0.333690800012996
0.191460595792559	0.265338368181114
0.147521139213018	0.151298949384681
-0.110174868667623	0.0869227033397531
-0.311744731543377	0.207129113821353
0.677845815739398	0.699440535247264
0.461884440216237	0.43072811327905
0.126920283759157	0.139917951384183
0.630360777514249	1.28831850642899
0.284695065607596	0.367035989017833
0.193020734697714	0.228121556975068
0.155418938500984	0.175951950979834
-0.127559218927233	0.133420436792546
0.356099075071431	0.575235565140936
-0.0428692630917524	0.0456430562621164
0.650875319274306	1.25137612067814
0.491216273433355	0.854217949285509
-0.106117601347498	0.118527359866606
0.340889354577062	0.506256954345378
0.151603697892179	0.177549538233127
0.161480547202025	0.186459877464291
0.851768689685479	1.81144882077229
0.953284465919049	1.96845196610008
-0.238755424638371	0.31592119831893
-0.0480034595390585	0.0509826220401289
-0.376327934419759	0.502433324486073
-0.340083952530263	0.430763955805992
-0.247992855931931	0.323116551263805
0.397475243452688	0.522388487958872
0.586042782305781	0.715717582524925
-0.163371491055198	0.152600092572967
0.202843553360847	0.22288610903178
-0.301352952055952	0.410832156502177
0.454889876649299	0.523555924198402
0.570692234010362	0.880218837826556
0.251569612199156	0.288450193259921
-0.205179649280318	0.241371632330979
0.0800843107348397	0.0743560131291661
0.586928916205987	0.735493325203257
0.292057393423315	0.379077940678021
0.045163524083962	0.0428008401288398
0.196190467935179	0.245226764823707
-0.302793865812284	0.377818063610089
0.395740913829085	0.488139015329277
0.273302883394613	0.316680777373922
0.106401625361885	0.109518327613911
0.160960015072694	0.16162796315287
-0.429555899160871	0.544485628703232
0.965169143000964	0.357141887595772
2.66622220950475	2.56980670029156
-0.0257224821731459	0.0241980384600124
0.248791607403326	0.300752893414098
0.207693152911409	0.200824471958108
-0.0819167564494628	0.0743893723483906
0.0301200497089881	0.0298121627645383
-0.330461432893935	0.387483906631865
-0.57055283376504	0.657887256718085
-0.0890041319298406	0.079787896342246
0.294449438279757	0.351303519764696
0.383982385656364	0.399524549411687
0.469128903033832	0.685352669390927
-0.169679277089543	0.177860588352134
-0.317983061967471	0.347813383527594
0.260286293388266	0.267151374116702
0.502818119387722	0.58066158258314
-0.166100307736243	0.155122867697099
0.478405052656222	0.607875968012925
0.198338903263529	0.187859249757915
0.0538175814371044	0.0469926712920457
0.0872981518956028	0.0811934669478148
-0.134599730807483	0.116328245549303
-0.291989034674991	0.341647769869563
0.476192651743633	0.605959654052097
0.310360629356735	0.359652038276571
-0.116485106308369	0.112956948755167
0.0836288157978498	0.0482671202434413
-0.145235883483226	0.109804657565971
1.1640965242024	1.72573040348907
0.351293268324328	0.433755811742707
0.651062241892551	0.994748782837323
0.912089493152799	1.53004314140332
0.343299403764702	0.421248146671179
0.152744089495691	0.151402002120031
0.168217973093533	0.180541936021233
0.538729847506802	0.872016604784749
-0.700461943155135	1.12540693269221
-0.256836657005648	0.305289814726542
0.00242086685773965	0.00166326772802022
-0.405307173140444	0.53716717051693
-0.363636132040955	0.491314364097872
0.295057457571049	0.384378993999329
0.134547505941956	0.143617384076958
0.251051761682247	0.302122145569953
0.146697498067876	0.157346829877429
0.409232303064546	0.347339855030697
-0.223445050724364	0.233023993079433
0.224827355874443	0.28000630038951
-0.322266279092874	0.36703293196125
0.990848242753709	1.3691531172188
0.895141163210843	0.647459257881391
-0.366750248300829	0.274801284707026
-0.766319316132116	0.544005142164911
0.101809773394478	0.0677848129296773
-0.671901775808045	0.885861797998136
0.0424626711840281	0.0358514609025351
0.996202064987807	0.594555236275971
-0.879762130645166	0.503460286693364
0.384151235322675	0.246995585933289
0.343539633919112	0.418166690337718
0.0204628270123254	0.0168630015861421
0.388113048453586	0.495585359155621
0.440291894540661	0.522497833686491
0.0603701801287238	0.080635235060565
-0.233520332796721	0.453151439670082
0.176238911239719	0.333018160247725
-0.227289139010984	0.445643199060806
0.137418368311958	0.245744155312312
-0.0910885223271321	0.155329714033113
-0.383235847506848	0.675163990619646
-0.347718848014171	0.463267689481302
-0.170614995434806	0.2181175724296
-0.0187305463231129	0.0268242119363357
0.955159217721347	1.53793131852932
-0.138396843759942	0.139853967880001
0.232158946903051	0.332910981068664
0.132080987958294	0.10553709363706
0.650623112324759	0.75687955734941
0.113582036110226	0.0865161105404347
0.301425017873492	0.239424235621753
1.02452975963271	1.23956522353651
0.496183409794988	0.526959664285193
0.531606799657896	0.556892436147094
0.358417913058207	0.343758189772159
-0.472344104394361	0.492621610547823
0.878175554000406	1.11348746421247
-0.648299129006088	0.911571224261418
0.691714441738574	0.819270749688518
-0.299708316182095	0.236694058080873
-0.121995350155652	0.0890625120879116
-0.234687273032066	0.230033810367778
0.287484895652707	0.261672176001379
-0.865804087985389	0.915922780158418
-0.438852223724597	0.368999643612646
-0.228533332375105	0.18158571017425
0.507636193731745	0.329465298335494
0.135056124377158	0.110209122672294
0.196103044945361	0.141598762022591
0.350435237507198	0.345279010392765
0.486256675927584	0.520636883308186
-0.0732905567478549	0.0590808627407895
0.273010296248002	0.251912355500998
0.266397089768398	0.440343165127423
0.5754007665097	0.736599617328074
-0.212774504492148	0.151303929196476
0.35816404689859	0.351017837281513
0.304669676127702	0.478925923675406
0.232465839313573	0.352316390906638
0.0989570020675076	0.091946173926419
1.2742641549011	1.89831595120081
1.95861796438167	0.522920116684771
-1.19088794599095	0.373522050063033
-0.278438073884209	0.268294740977523
0.111332997255346	0.0792061770699445
-0.918926043571239	1.08540248878049
-0.618508939321422	0.665720282875186
0.195318498353008	0.174285199293464
0.466739329659507	0.970938693672307
0.306004261857368	0.400858800928897
0.100721495913582	0.101413039216937
-0.0378204054056488	0.0339580712265437
0.1818355792587	0.17843566577217
0.069671174670874	0.0570317894853164
0.117348277565803	0.0804083241777843
0.298050949272892	0.236180989278519
-0.165094303249299	0.13547892917022
-0.168382200769625	0.158259490268484
0.11011342831912	0.113029023381664
-0.779144696414175	1.24403709671632
0.447159749740058	0.52463506807852
1.08536108306906	1.33916202005343
0.522422081034473	0.60571505949051
0.449112281911905	0.513459638856462
-0.0978855611448469	0.0784055607038347
0.127154683098631	0.103990919633268
0.302325971651371	0.347136826664544
0.293458212829027	0.446694298284536
-0.0500609146037037	0.0700643929749627
0.203219092914552	0.298459894583105
0.448980433406571	0.933936833822249
-0.0517180137480161	0.0592153600007633
-0.00121345388596805	0.00113376120335752
-0.345258571291566	0.358335447523284
-0.288528766243321	0.274942684844804
0.398902500059045	0.657117390786018
-0.171444216571844	0.182078817458344
0.195090691096895	0.158856587123783
0.280235164682075	0.247252961425285
0.352776772532372	0.339181453087329
0.109079477642979	0.0785392821937378
-0.339213821952956	0.362990315032541
0.0551247201195922	0.0426535457321716
-0.855062064048425	1.04764563781317
-0.0208352737445825	0.015624521648709
-0.21336574623078	0.214673140900026
-0.217064813525792	0.267897863292989
0.242889713115955	0.443707060570437
0.528113684291106	0.889895802543477
0.126267597250492	0.11068157247922
-0.133543261705786	0.101824845101987
-0.640219102296091	0.956901504164371
-0.134108026281224	0.153083911730434
0.28977387061518	0.359060056615954
-0.275002879459161	0.367417737453838
0.236525911197705	0.303953802107235
-0.159154314927579	0.174917381361107
0.248437791139986	0.327404305406835
0.368563392681943	0.512423039083003
0.993205085683828	1.95277498630076
-0.0726430046777337	0.0665986428731806
-0.169157387645682	0.189350139581915
0.582792044528448	1.00719853426404
0.73343713350733	1.03944860209319
0.184460596207817	0.188419668725838
1.09404261380077	1.33317220292797
0.456162024838056	0.429788176743536
0.385113086257535	0.430952679350881
-0.158890862423667	0.183611590983889
-0.00043660425909825	0.000399621265480287
-0.0563380764090612	0.0563429705458656
0.100202750638342	0.117484867542705
0.134176552583482	0.133261889213795
0.724250897951617	1.11867988219581
0.0695741899711104	0.0683873630344634
-0.200967802379092	0.183557070976874
0.410526748789583	0.441154108653592
0.641063336272587	0.898512477213475
-0.360338612204996	0.41120650989907
-0.58557498302336	0.773540729162421
-0.233554070833637	0.220617406392164
-0.0917897016845776	0.0810114911676359
0.209344674089227	0.183828248606667
0.486204641407087	0.452366938408126
-0.256641087793544	0.259629018062723
-0.797793407895992	1.1815070205597
0.0466059454829866	0.0440901074840091
0.55697640099211	0.724531331343464
0.0837102361336291	0.0722650494152867
-0.672766410081283	0.933312760035036
0.198930870578661	0.154828081702038
-0.446689906851603	0.470133676626827
-0.0685087475965286	0.0555673973940766
0.413249362239207	0.413469589947595
0.0458260546102016	0.033572582434953
-0.21513257691782	0.191864849185926
-0.379295290474653	0.427893893138
-0.0870957258521152	0.0777322660292293
-0.752396721777624	0.981773950564482
0.0322150003854518	0.0281507119491217
-0.264493888744122	0.318586198609588
0.0932985480383667	0.0805205663422337
0.873184589841596	1.13984194211238
-0.0815028537470547	0.0653919170607437
0.316354496957855	0.359030515572478
-1.03107861783655	1.67636402843311
0.121216405037539	0.122117883850725
0.200746250347928	0.171852726578644
-0.41423151958002	0.121559855808552
0.459587911499416	0.252133804599637
0.128767154983492	0.125053225986716
0.711724490144399	0.893536819396949
0.212252835090775	0.172891594616648
0.00393881188969659	0.00291579000683247
-0.0717549720514528	0.0643774218785627
0.126087770814915	0.106194337485455
-0.00300450197904985	0.00239885917461646
0.496801070621658	0.462342975606043
0.972990336378804	1.58501173689025
0.263136216784873	0.265740532324898
-0.319096899128664	0.264796110641267
-0.635520650538917	0.728487795080222
0.101257173089351	0.0899444138907069
-0.0534202823481154	0.037641776466686
0.469005964837724	0.506637708736261
-0.295869937473728	0.281904186786943
0.0480751636222283	0.0365777485301361
1.17219833995013	1.78042483927767
0.990728077240397	1.32898335028791
-0.374552467852455	0.341662735140769
0.20914645833881	0.189945100171645
-0.219844016625199	0.157756899422998
0.837536784247683	1.25601969045
0.557679353366206	0.774631734957075
-0.0140550677758216	0.0105716598461344
0.31911250000178	0.244388199670563
0.205324775106305	0.169781961584431
0.207587103833762	0.155248311501886
0.0820711855458762	0.0698117320516555
-0.102277900044979	0.107385065721039
0.490807385283188	0.657274203496291
-0.367620487350023	0.371898658328561
-0.0799132644906123	0.07077503087647
0.165599708252991	0.158496830468335
-0.359370679224267	0.359642626575554
-0.196938431703386	0.174551351738805
0.0814457990472545	0.0712457374777586
-0.196668679993562	0.207665686447331
-0.422022057533951	0.469157664381414
-0.295869937473728	0.281904186786943
0.118491610439159	0.12065430108186
0.489626184811351	0.578096568717669
0.259998846181446	0.273745222556391
-0.399443832038461	0.476219107485608
-0.1334533319047	0.0999405586403268
0.00223996238351018	0.00167307310927094
-0.54317648427556	0.597614522142232
-0.00976046465676613	0.00732485577274626
0.694658419705429	0.696126265861025
-0.137526868641663	0.0896294870134041
0.489278683054871	0.364960720094354
0.698521519214458	0.512859978526031
0.515763647479539	0.342977301019866
0.785659478598942	1.0839069807243
0.711666392207398	0.406543551526826
1.29668269283713	0.867324877776718
0.369392377820941	0.437714073878358
-0.622165359733	0.786759195942682
0.632748055955083	0.597604680300318
-0.46405378126357	0.414341127384725
0.872897713444331	1.12704520431395
-0.098140225933091	0.107921605301372
-0.000122084214017609	0.000116550690251343
-0.759233823157429	1.43323331651464
0.227037837280443	0.290020118949283
0.0413840083236074	0.0476644467794506
-0.0955525664953793	0.102089110316567
0.0464309850632196	0.0506837850281737
-0.237644708109013	0.312409942093104
-0.970790161273583	2.19351617262757
0.160634776645197	0.201136305753316
-0.19554057478326	0.224023793193955
0.254384343709707	0.356659766049097
0.124300611217863	0.139089117183772
-0.2155679883051	0.235067063801937
-0.10592349654443	0.122196440759126
0.155003979927181	0.180661615413086
0.307823270432278	0.357544824927842
-0.0738936331319986	0.080458625108963
0.093418791819633	0.100402040798101
-0.0977297550017564	0.116086025378875
-0.287972346510859	0.360523360410668
-0.0804293151472968	0.0786213351904845
0.989377777021825	2.19874132378906
-0.361953896133855	0.473470099555451
0.361738147929609	0.416903074116378
0.411750853349927	0.547043362203335
0.794462250055935	1.39493040522729
0.300141062091809	0.347434745809656
0.158990079498172	0.149548158791983
-0.0874679383908481	0.0842870249044482
0.353277991338793	0.433218749313781
0.520411642292541	0.694495384010105
0.633729298162196	0.995417940210048
-0.0107205574658624	0.0092196981694784
0.31952767855975	0.351563435342449
-0.216284411431808	0.270088629054636
0.119223834425181	0.127968724259181
-0.300913962745936	0.100428305409286
0.340505426146359	0.247192705566157
0.454329461534992	0.683542230728092
0.0991698298569593	0.0930556891634585
0.632687691982308	1.04800857327227
-0.35920291959402	0.475990254908567
0.0559532995347416	0.0549622401115448
0.147359792623553	0.166729725048667
0.341984490960061	0.340902410421638
0.390849188196914	0.337008448424247
0.042205945724598	0.0379147124568378
0.175178755504122	0.179975705797063
-0.12044787763285	0.130215291188808
0.419376654485418	0.523750006195618
-0.432589275749076	0.54776368726203
-0.161499778000631	0.175227747815347
0.251835833638315	0.286304554890498
0.456028086078648	0.549562255641329
0.241386723775619	0.263449217577766
-0.986774060233661	1.84696897323341
-0.231093746665369	0.237419987775311
0.18203660397342	0.198592257373967
0.0670771344477303	0.0701637996936983
0.050358870312306	0.0480703675891267
-0.0571065608769519	0.0530297613370217
0.347175232794688	0.340636411940443
-1.6882267911724	1.26054615523443
0.336607559221361	0.325603875551154
0.408330819514876	0.562683293050983
0.245163865770813	0.326577244600765
0.0906903214439441	0.0896979859548334
-0.107027974390804	0.102974842600489
-0.425293664216843	0.628771106632759
-0.339081987479919	0.416837004972929
0.188412922068797	0.203665995473434
-0.260854523597722	0.309046453522821
0.0602140577507315	0.0559776081079697
-0.373420139084195	0.41463329950092
0.167437046476571	0.204509454819566
-0.0768300818221375	0.0818513047088882
0.109910322764456	0.127206703075403
-0.0664080414145044	0.0649681101293252
0.413001333134144	0.323124452004003
0.429649309822061	0.51817813653556
0.418068651826629	0.586280712446817
0.19914393343762	0.18970886890726
-0.195354416819262	0.120700848142472
-0.743425834744788	0.451688794213143
0.613082849243417	0.354563655719731
1.30602450208362	0.938707819688257
0.218130081957393	0.138390346695447
0.819121873043145	0.427973741385353
-0.130267092740381	0.0599844328316527
0.990077299112573	0.558953851531128
1.36485464152092	0.82391574944081
0.895488639791671	0.881945073941908
0.197240611907699	0.224997648812494
0.494441206107751	0.572643641227534
0.305018039382976	0.365053158521113
0.196898794279246	0.226891982816005
0.135019251912987	0.168915397674187
0.110824238044342	0.139554321822126
0.0211843252208515	0.0225881749182961
-0.219534885457185	0.277945149962645
-0.236357399508702	0.324434050220906
-0.717774683531302	1.05473686124328
0.0813625040767027	0.0981865361053346
-0.11614661583284	0.123134068256477
0.19067709119621	0.257928607999591
0.178323458454002	0.212939077567717
0.0561634523840713	0.0557134110421176
-0.0108786863936445	0.0113033871640386
-0.292820666529594	0.38945000204197
-0.192943402165334	0.225614864701584
-0.0612215320385212	0.0680587926638039
-0.270124612692843	0.299702468860104
-0.047668170988544	0.0475572091184
0.372792730727116	0.505661496282569
0.104656514099474	0.106084663222381
0.0699195776106155	0.0691900943643836
-0.0185868196593811	0.0178314696604333
-0.0475809869201053	0.0479112136015228
-0.0562626741847683	0.0496894082917056
0.326316370312361	0.440886802062001
-0.0507484496679268	0.0425191672237626
-0.217588648300379	0.232397576123277
0.418233267754131	0.495303940833968
0.329197317297288	0.441838488916457
0.111336393113792	0.119120283750275
0.16710334549399	0.157557451237583
0.117026337635917	0.125917349045845
0.139250049422966	0.146073732250755
0.24140419192609	0.301931500171937
0.493185905071699	0.693682269845635
0.641250591857146	1.08624357430816
0.604606269196918	0.197131496894388
0.412672355769567	0.237839453621471
0.983498289305309	1.66309897137325
0.540769655665308	0.756513749289669
0.458578021697068	0.680082923151887
0.774109387004968	1.79095562472607
0.326858630775629	0.43043285997473
-0.64362962128841	1.07981670463969
-0.0197112361406752	0.0180461705365677
-0.388430745501056	0.558746266115755
0.139894571621315	0.137118302866439
0.00774320301874352	0.00706720614418944
0.51336131444798	0.619234169070873
-0.108399933226537	0.120311828157712
0.124130185959157	0.138557968924689
0.375018421706554	0.385443278822742
0.261400186197263	0.292386734402192
0.333401074847303	0.438341076401821
-0.12589061517211	0.131623157328416
0.625504164584062	1.04669826141533
0.628696265295678	1.06159356300649
0.339578955142369	0.444281529716213
0.0262483301567312	0.021674179867562
0.202059810353509	0.175926455603333
0.0866792261510225	0.0898950614190944
0.0553335184485989	0.0506440844239128
-0.0943189542207191	0.10020154978433
0.0794920379835981	0.0838178868882288
0.305885102716181	0.361997662266873
-0.137480336208084	0.156206510390895
-0.770866589801331	1.37892357126415
-0.415375414067053	0.518374327324424
-0.219548774255142	0.261547757680704
0.244695126241365	0.286787552608194
-0.0230288580413436	0.0220449619129456
0.157803097068672	0.16679849304078
-0.235326154290277	0.277888038294602
0.456677935156118	0.745675167931585
-0.0654758068926153	0.0513309444468991
0.211935516817059	0.252606726396878
0.148022842310501	0.153959925071642
0.448312620946819	0.5195958580094
1.03179573220758	1.39045290662484
-0.515673136297427	0.401114691670959
0.0153419903492252	0.010379917072381
0.115613049305532	0.0797644179766318
0.408476657767909	0.427936844948193
0.934454615640465	1.39771137416014
0.414848734906212	0.356035846637333
0.765551102869519	0.643523126845984
-0.310161117354733	0.206455058255968
0.243382442648661	0.124655124721877
-0.0537818456555697	0.0304518912119672
0.331826159283711	0.410398483661013
0.607069044576246	0.613420228841681
0.144911217304148	0.124151326575081
-0.0562554352208016	0.0685690607197169
-0.0802543632187935	0.0866389032237167
0.332761529750249	0.499831296944567
-0.331911472060791	0.521318302531123
-0.400036352311352	0.587573171035372
-0.278075541873817	0.379870156300618
-0.252165275296766	0.350444080497978
-0.439297542036107	0.66918492088895
-0.112399322287577	0.130961557425201
0.385087971937039	0.509447024127537
0.328441355647187	0.465231123914676
-0.0859296129840235	0.0846368611781286
-0.0625431646757442	0.071032022402641
0.195753403811446	0.222858936643626
-0.00740350548827683	0.00769463768512878
0.39033572453727	0.591158613378576
0.607740957763729	0.861664308443242
0.379963823836219	0.590166720657502
0.0108930836370541	0.0104622664900418
-0.392769382490172	0.583364554902114
-0.0371632630477808	0.0354391871394047
0.291259715043629	0.343018418596309
0.450274867879549	0.589954702497282
0.149158783959283	0.16498426895779
0.483698204821691	0.724294247429123
0.262024813637472	0.282274391060353
0.18023311966571	0.209497142532476
0.00571257209808637	0.00536358870767378
0.113509176731648	0.127232690078689
0.784823093582426	1.06601440893892
0.281370884084104	0.358052638983095
0.236739369593378	0.280506517080405
0.291970625801842	0.346629587906266
0.963502890389666	1.53134090225381
0.319786614259218	0.356503009649605
0.423314256931433	0.579553058244741
0.465575304285066	0.493075515048803
0.302325674164302	0.437336348486507
-0.613054720347053	0.828002735118119
0.612430130954798	0.889303955110482
0.0807187744929635	0.0713306108249345
0.196764027151006	0.19712325216413
0.195735100951389	0.235206608054813
-0.0334790597028799	0.0334770000616403
-0.0051387359189035	0.0045326618745045
1.05293164244186	1.48082583431683
0.457839898118565	0.684785608990823
0.501366622683552	0.766033898693413
-0.031625525365235	0.0279195010785219
0.0376168754824075	0.0327866634851061
0.199703066094782	0.19355495020739
0.15151882800788	0.154257580643926
0.282852324685643	0.346839251177045
-0.0396927934231024	0.0405992272595031
0.378978425348894	0.457665300012318
0.685520738236248	1.00238467583454
0.146530855801066	0.126642639585376
0.0859368571691962	0.0769158984552632
-0.267944280805609	0.286672208830419
-0.149545786434189	0.163676902511035
-0.0471933021122455	0.0432067177778934
-0.715049478219356	1.14258917885295
0.252963713824601	0.275986483608106
-0.0154070014821223	0.0148224507502226
0.137316683198094	0.162342261021874
-0.299964124363175	0.383676134171095
-0.183663424752158	0.183436989007372
0.300090231100587	0.250164826439256
-0.269046994933833	0.310222450716851
0.605845642163261	0.811469570318749
0.562258349922432	0.644064258280012
0.0783568685348134	0.067261689827308
1.27075639112037	1.06468796675396
0.575011596148844	0.468948385176918
0.214082375975863	0.14697600958331
-0.000427930216842983	0.000243642770309675
0.594139359642734	0.466951198625635
0.47769507932408	0.332084703546045
0.716209816781761	0.623596883077835
0.182318072609541	0.284183807735051
-0.0942710085843315	0.106985822388416
0.458666923404014	0.642024178042738
-0.216843199417772	0.287580236852591
-0.30441130290017	0.445855730125283
-0.28647991817714	0.462118875321659
-0.11395435322524	0.128950008964767
0.158682827278706	0.190615119092722
-0.250749924175093	0.369194568858271
-0.45964536123282	0.703651852754223
-0.058566326103574	0.0617419814646449
-0.101975204469007	0.119560352487923
-0.0288846829789248	0.0295810978971926
0.126919008899555	0.15572027768411
0.130803616456464	0.1483037255138
0.444881432508667	0.802964673213441
0.670391751711255	1.15656741857605
0.284066155452417	0.404608062872364
-0.640501883560583	1.16229898163353
0.126830723325489	0.149777505878274
0.266818504461596	0.351333422119319
0.448624808623507	0.576937421748694
0.658929392850628	0.912543190072137
0.139557848470119	0.144429791423812
0.58053351101084	0.799106921848905
0.667434349106005	1.01593990816697
0.478426784901421	0.662109368787983
0.203710382138656	0.237796058041035
0.171308400160085	0.16772295249861
-0.175031706762431	0.175192101681017
0.168949458841363	0.199617423930779
-0.491793127152218	0.524504268322608
-0.685092673652523	0.930031558972683
0.509399966570226	0.680558187972346
-0.182141474656717	0.174994682470076
-0.134701883432688	0.129146078868633
0.696867517731395	1.13518565008395
0.0729689160793204	0.0745104799174604
-0.41309104782391	0.550228610452195
-0.287407770141129	0.296106008151392
0.191070933697652	0.233126370730836
-0.261456413930791	0.314540327360587
-0.00847895078976257	0.00817214534190983
-0.164316445973562	0.17514873411913
-0.0774275188445441	0.0768487320058123
0.480476248628403	0.711260592909236
0.169540313387706	0.1746761790072
0.150456015074113	0.1709215601677
0.514487268940691	0.464029186562825
0.133131657954968	0.116145045008835
0.363444958955231	0.517277067174033
0.342848731913272	0.467542555968041
0.0039314187763749	0.00300335281806021
0.545451277211821	0.749859667885292
0.247159265105292	0.240788495767139
-0.204506709070057	0.21939683117898
-0.192573707743627	0.217198596990698
0.118258523769756	0.120046784359183
0.202087770105263	0.240532083955027
-0.697133171718474	1.18617651956617
0.102744264754895	0.105804719032592
-0.620756709357697	0.959301710723118
0.00854851325620211	0.00920613804352173
-0.143474909448464	0.155004846750557
-0.486764351672429	0.463009927396161
-0.795080541291441	1.0646134351566
0.603386971392666	0.732470824816788
0.0724854845284325	0.0583712668747222
0.00550587684187471	0.00339696381207773
-0.111819741981161	0.0716590795550221
0.617369770571999	0.364152046382721
0.418408069244275	0.232721866808979
-0.150186278416009	0.0679559568633887
0.147716620439177	0.220448987937713
0.308685834944077	0.525896904524233
-0.158056177994548	0.220752186439164
0.259942607354972	0.401852271859707
-0.212436398096028	0.271463825144152
-0.178824905693742	0.267961622502818
-0.219456826748497	0.281402767474242
-0.747693452678887	1.67072997874613
-0.0680057050822901	0.0592398388819696
0.477918942722505	0.797064296879057
0.282713596699593	0.366701915939439
0.16883840831203	0.195566393060369
0.711522293750585	1.29533071678074
0.125909257875369	0.136815020876703
0.251740728931037	0.347404089168524
0.128674797707184	0.153041141684694
0.555172572586556	0.905146250155752
0.33186064801726	0.456046067579911
0.67914064799908	1.08516764229213
0.1528806774727	0.172001809308854
0.334243850979168	0.41419919414437
0.03245665182551	0.0319020933350041
0.413067808872214	0.584366558613437
0.429455380619427	0.509832193431312
0.797576447962949	1.09795799021053
0.274641683620864	0.321851274784317
0.666704953928901	0.994335159751049
0.46592938510937	0.753054311697365
0.408053413259235	0.657125212163338
0.652189247039658	0.891782218708198
-0.532563272663996	0.765814915095099
0.0368356656259963	0.0401018919846671
-0.00160986173791931	0.00169656345939243
0.478579341753805	0.834244505433741
0.72423428154809	1.26554212883908
-0.00383279413584585	0.00332659055863321
-0.297799107752313	0.372199774565809
0.433884601908745	0.616317291898272
-0.652382328641095	0.982678341334697
0.559030033567698	0.797397926164966
0.234156518939935	0.260757470998875
-0.237757897226863	0.262375585596461
1.06342315260649	2.09635991121077
-0.669023878874968	1.01336743491122
0.753721723282848	1.20837234651697
0.309026989901811	0.368039302464116
-0.0867663192337709	0.0994183425846574
0.179683634881645	0.240652485749919
0.489695374482775	0.507897947963168
0.336415308851524	0.350985947227689
0.770849498712911	1.03263933835666
0.079330938880209	0.0824705452840608
0.196497233554149	0.203653216343756
-0.0142776024348416	0.0145713830499024
0.0358672066613043	0.0316157785818522
0.124077937142528	0.142624037446911
0.19921311429232	0.209944321520713
0.0948821205144079	0.0903138315245009
-0.0739299052348454	0.0701588052560417
0.46061831362615	0.674201327809024
0.160102082711133	0.165055537329265
0.44973940589289	0.589260612198048
0.467709348596419	0.719421236324508
-0.225000499956144	0.284146051544498
0.474717091840766	0.806814294344927
-0.275471849216114	0.285023688367036
0.27443732857901	0.344595241797715
0.642854294560875	1.15659985974582
0.51329723130247	0.626908462359497
-0.219161545767422	0.158712135441373
-0.408359951834029	0.325997581473487
0.462036395745388	0.430077325776144
0.347031858492315	0.340940864707895
0.0992986349142991	0.0660025595453834
-0.235695278917684	0.134536278331129
0.225270021514973	0.134620876514334
-0.0128914474413743	0.014324282178733
-0.468588057733511	1.21831621260861
-0.0471402094465055	0.0505505094793786
0.646271389471264	0.974937829695181
-0.0865120573416673	0.110139511443854
0.133623821838121	0.120079308639864
0.588799500039882	0.700828674219514
0.389945510138433	0.432516688174862
-0.700508642274839	0.89187764954685
0.218112549311783	0.218974639752217
0.841897948101989	1.14675422510824
0.600709567802742	0.726609839060818
0.385559754149748	0.342507878996463
0.0919092820120406	0.0842884604416333
0.0638245277909752	0.0833559344897283
0.155126085127151	0.176731868424165
0.144915268564336	0.139133176450494
-0.301223709965731	0.364957696783985
0.0455165195192749	0.0552692284761787
-0.177351370456724	0.278584945461833
-0.346817829042468	0.458102028964682
0.137633617933404	0.129903311338688
-0.620917643774752	0.665561089765424
-0.12861245944344	0.0962608512542935
0.137395923341558	0.109972350914404
-0.136423014858692	0.114542566575128
-0.305008106712223	0.372586197787663
-0.251373262769316	0.281346344949694
-0.268181521857261	0.298370363698441
0.196623120033823	0.174436883799461
-0.269688641422014	0.243908738852701
0.451997281083456	0.516309343968792
1.52985740135107	2.14967452452837
0.786205723584122	1.0108054168515
0.216925414057294	0.27999812270732
-0.0954447494390309	0.0850107283913915
0.197610931205613	0.17205011212278
0.0373379594790025	0.0328349846217869
0.30999151206957	0.35893977952336
0.641504100952655	0.776404420248279
-0.341037559281345	0.355377716538185
-0.438616294498079	0.493344577496656
0.630307594780004	0.805065324804122
0.212549531479049	0.205812746600314
0.33079721635465	0.467735265677435
-0.137816695296267	0.168308330448061
-0.225527914244888	0.286391202813091
0.165685355371644	0.183799856935879
0.014764251248755	0.0112960226429683
0.471771225321018	0.604581299645544
0.467597638407117	0.527702281270481
-0.101540411150547	0.0895564148048096
0.152814546985331	0.131305306007342
-0.238033724066592	0.220037603588846
-0.232554041571154	0.268285316846566
0.0728095284138473	0.112739888789378
-0.260996284929159	0.400292580101684
-0.428530821283019	0.684672171258466
-0.285905977961715	0.412799688337731
0.257366691883794	0.327148930580716
0.23323480362724	0.33506713618028
0.387149271175086	0.57735428021798
0.407416944494617	0.57750963649133
0.357122189024962	0.443090935704798
0.179385887841252	0.240390010070519
-0.0754162494176128	0.0694105876499396
0.14016200581093	0.14412941859847
0.0627400221661906	0.0701041418067627
0.205771581982983	0.310880531628837
-0.344289358906731	0.56519472501026
0.050063605416048	0.0540725910782692
-0.201682715863544	0.242058640432113
-0.0872407339378315	0.085678874368533
-0.100239859744208	0.0772207702616402
-0.316224017171373	0.363352752403212
0.271769934270658	0.32309356648559
0.00692772950077574	0.00624112280789429
0.351483704787499	0.439172276538067
0.379286802573196	0.520479001987074
0.0885684995878168	0.0838483793378986
0.359903336778861	0.416203808736066
-0.207559067443327	0.201525530247352
0.313663171354234	0.332747468894327
0.164773432852266	0.17287519021177
0.69741166253103	1.26363928808518
0.538946132985139	0.682098622149684
0.199729373998732	0.209885608168846
-0.177716415886471	0.174331776057343
0.201042071808655	0.208896929154303
0.0908240433927552	0.0835941849934721
-0.0366506807257544	0.0345244697736705
0.239328655485028	0.304571669509351
-0.226156839042374	0.300579573364892
-0.122657984593429	0.150324639611655
-0.140256180843614	0.162697475426928
0.534227583071997	0.952792687323608
0.464280013864388	0.674854708732703
0.907511460923218	1.10793764229043
0.685681466274795	0.674776815219982
-0.0583570392299039	0.0471673736792922
0.631678241778425	0.560671536183773
-0.655898117871617	0.661335844944967
0.272357919727883	0.266763467637118
0.0660038588753386	0.068162933093887
0.404442635162171	0.570905493507414
0.103220174989767	0.130480250904133
-1.05347930250505	3.05915427312879
-0.529736491679788	0.905489796640236
0.000552456656900796	0.000635204649309867
-0.0949581721319911	0.124809241855433
0.0721420137939377	0.0868511227253806
-0.0180887424561799	0.0208411711111185
0.0593131562754358	0.0648366340029388
0.250710683546096	0.327903068562754
-0.517523807434248	0.655146753017094
-0.102370963723927	0.0911288015428007
0.0602826638340807	0.0582660410411816
0.103436565179726	0.107878156184076
0.0616650060765559	0.0495190833537781
-0.448172574123426	0.668216561593473
0.461772257157614	0.642747672349203
-0.297552958322672	0.367227462928474
0.251131458577276	0.287384651896443
0.0886670666603856	0.0944817176420077
0.636945111865958	0.999836865915428
0.207790989272192	0.214010052373261
0.347032724211491	0.34112064286923
0.217489635981669	0.217171931672062
-0.118540649152326	0.112911008264013
0.256417014336279	0.317372320701116
0.380225415316354	0.576164073620291
0.119746410495095	0.0985903654875872
1.43903558229221	1.15687527732813
0.17301823208591	0.200044568158061
0.374129149386473	0.50300134685242
0.0772612123615716	0.0674255586088991
0.146461932510611	0.144913651205021
0.367309769327172	0.472953455355912
-1.02986649175211	2.1075436397371
0.349427338892298	0.408320063262288
0.11944400199752	0.129575810548201
-0.273363003946585	0.353888904132911
0.0830382461665762	0.0875331940713325
0.116514054189762	0.0878571873206405
0.257332259659108	0.276713676174472
0.130868116156462	0.123886830013198
1.13155356145168	2.15312600795932
0.562930026691047	0.377020612155696
-0.230549237064323	0.0876091362242137
0.698492847907207	0.387318582253502
0.0576071855494764	0.0768411980057798
0.298242700293402	0.47009603384914
0.00683910485044394	0.00921940234781463
-0.106906178470817	0.129884298727857
0.156093889121835	0.181391851439754
-0.27693823911289	0.433641459119997
0.20100461757371	0.203955895441007
-1.18431829816097	2.04555627134563
0.155547621706514	0.150317132654979
0.759445303964485	0.832750066534031
0.379948423151994	0.442662504627132
0.0870941300553767	0.0694703276611686
-0.421068652958866	0.613392999442993
-0.553256301597547	0.860091828399131
0.196627466797577	0.250851913299569
0.174479288502951	0.217019043632084
-0.204166526165407	0.232769766177146
-0.360641706421562	0.330507521122215
0.225270021514973	0.134620876514334
0.202626629497846	0.191807658185312
-0.0861017581919724	0.0696706861691512
0.535146550836069	0.557708319972607
0.140002680921696	0.118383899651367
0.197497594493638	0.213206025349386
0.575984307559165	0.942523825549971
0.185583411710251	0.246676956936197
0.487187163668911	0.605828839173362
0.146794440425163	0.134808676641819
0.386880174245286	0.511921502925008
0.300939922024829	0.326420456334594
-0.43490834645929	0.486484269317664
-0.150735424839589	0.128701961790989
-0.0339704379968174	0.0290017253645793
-0.365229088644112	0.3935332957561
-0.225556701336513	0.24713311081915
0.25810494331579	0.387586889236038
0.0213944192139592	0.0210457212763719
-0.000695420884779104	0.000812445527588143
-0.0214333329136558	0.0178964746217854
0.527974009883715	0.616323495903662
0.50866069670933	0.53358950342624
0.444703431315006	0.499983756871172
0.652619518177195	0.754042241599132
-0.117696828975562	0.10174752430409
0.00721323075951874	0.00604161170211875
0.763863518898205	0.635173920002125
0.206523799939858	0.138030530708101
0.217455677895356	0.144224952588971
0.86339060402008	0.799357077002587
0.457966177173603	0.340736484265263
0.341947430373452	0.242051109721851
1.05973260115708	1.0658509530036
0.107520013237596	0.0682256891158465
0.696858700066372	1.34558084101739
0.630889914917058	0.741737669039122
-0.15902961685808	0.135662215396984
-0.300393588255558	0.320373126287092
-0.214382855765515	0.31285398173086
0.197202660964382	0.337487114730204
-0.798421350122063	0.992860584544419
0.413510436049594	0.344741253176181
0.0630275615755957	0.0312539648599613
0.256039902535454	0.132009975384284
0.417014561408496	0.249460576270705
0.542669585355497	0.636668101196243
0.206241255879113	0.157260365979559
0.412358075923446	0.344310051533042
0.294137339162382	0.249195152865943
0.0707952932547484	0.0315908937833239
0.756348265438573	1.22987544154511
0.104700520485729	0.0655797488964455
-0.680868965069672	0.483440976420596
-0.172800089682047	0.108458635185232
-0.275926360495814	0.152301717798239
0.462013089635987	0.362543971701763
-0.549232961008502	0.364445684551259
-0.481604530215593	0.462375145657828
-0.179071965289427	0.276323482211707
-0.306010883706339	0.329042422953112
0.0277738260809469	0.0197740688611268
0.848834465642994	1.03185243725275
0.585055292443152	0.890503696291567
0.551120391427051	0.703816862569567
-0.178981813050282	0.16244732910266
0.390721402926655	0.481912658087523
-0.135980134991257	0.116161162031176
0.124857147321491	0.105027136260978
0.122233254588474	0.0823067170993036
0.563555722324173	0.721064211579655
0.33740497451287	0.353755735954531
0.648876257348598	0.68164947194911
0.297022450641025	0.242517882688536
0.348292356126737	0.329849699608142
-0.408113272492134	0.687386242372847
0.146015114459036	0.124611904066001
-0.358482401288551	0.393966595631818
0.246202987333904	0.283492797356664
-0.447520466094781	0.881885316259383
0.0844732424121659	0.117664691598975
0.000527197805022286	0.000609820940890091
0.767669117423114	0.831329650845661
0.368837157091613	0.328566803091415
-0.382214453905607	0.322428865652481
0.571568701937598	0.624940141302026
0.433384730784375	0.431035468682998
-0.199799762088887	0.193071259824378
0.923054588077765	1.55747573868683
0.268364687564256	0.282682374401185
1.09493355733813	1.33845377375352
0.827743176777264	0.931599166004794
0.527614319534431	1.26187765221457
0.288805201224636	0.38841504110304
0.402819108996338	0.537709687858111
0.271690887248688	0.249311941583221
-0.0328132233734665	0.0235395188326053
0.587919791755158	0.699954632555324
-0.111332895706524	0.0853616628876178
-0.56023932608043	0.570906091117725
0.488039147240987	0.440331061246668
-0.0282137714744378	0.0228467791333822
0.481683275651429	0.758370617585265
0.0263440345985458	0.0341550847573846
0.76007785988554	1.44816306224999
-0.121944921976139	0.128150012545168
0.406265879137635	0.414967412816378
0.73760294002539	1.05930405043105
0.731885748945586	1.2694283626416
0.343006877693671	0.397685337804206
0.705586363169443	1.02862288984928
0.148879934066082	0.231314093579245
-0.0903273041990862	0.107903546517594
0.00285059808043185	0.0033845078112051
0.00625623855940839	0.00711093878410959
-0.805582888772363	1.98772654865939
-0.0666424005576629	0.0802532547204243
0.289120608358955	0.418445548574834
0.237152630527943	0.342531633517569
-0.210910132193332	0.293829263774074
-0.540376508265678	1.05636689667686
-0.23095250639032	0.34701298774639
0.300888578116813	0.504487595899628
0.741063378995504	1.38578899129078
0.364552699630851	0.491857947900931
0.135837106367971	0.137229944833642
0.0919843800276176	0.0905773581637867
-0.258263488515425	0.285870449400459
-0.0648902102850205	0.052989370288537
0.511774209711742	0.656618535665177
-0.116085970885531	0.101057505744234
0.682805423356442	1.02375166141362
0.0486516581960711	0.0366398109621093
0.0667309204412943	0.0668698971486283
-0.0364407911052506	0.0370184095477523
0.107513031672103	0.108869452196899
-0.0254264711684662	0.0209645826942539
0.3050427226972	0.342193626823566
-0.0680833214871895	0.0736002843829723
-0.28198351670937	0.321125955358994
-0.124133023769235	0.12822347979234
0.459191723300651	0.593919612234642
0.463055310730119	0.531383732791349
-0.315904278066362	0.33840269328877
0.724876224181992	1.30320110061476
0.315482776844421	0.368545835161776
0.903131701104813	0.692764555158626
0.527558009471002	0.447596006852334
0.35984212022023	0.486474201856702
0.431067551198755	0.678775008242351
0.229173928912748	0.288941143841685
0.158837109814792	0.183650396977588
-0.0947552329179036	0.0994134128220276
0.259959246923698	0.344228709110894
0.587376766698578	0.938023477482095
0.513645766430886	0.873421395616346
-0.382932440745023	0.581202274195265
0.292110689801917	0.220698299378354
-0.069652218153863	0.0702163422523523
0.812764491970923	1.29479927028055
0.325211889403676	0.348361351128039
0.866719089318347	1.09362874502975
0.694742009704542	0.497638986282184
2.16315083452812	2.17476130280421
0.623802379325257	0.554574639132388
1.4077440706395	1.65739028423033
0.449667483011125	0.513497126212243
-0.0873033927159682	0.0455941959165127
1.37567586443621	0.796445715376763
0.25309012110084	0.363224455932927
0.156677596032997	0.181858386646117
-0.00325371487861494	0.00385685331997643
0.198497765353984	0.368805959376486
0.498792899755797	1.01024971566402
-0.0393815639703655	0.0530345542743663
0.037839649780159	0.0460477135742807
-0.0106624653582952	0.0133576339282705
0.138777150291155	0.189399824129234
0.199714871339641	0.292761040188379
0.21150919569567	0.309157071014525
-0.0596157605793112	0.0729761692769411
-0.555532425341206	1.13522811397965
0.0654851669705754	0.0725770671293691
-0.136802486618779	0.173697210302154
0.0118352531863316	0.0135936037957624
0.350674090597937	0.570159802557749
0.0319514310236598	0.0364658861109123
0.681379878256769	1.48902952514246
0.59748826573204	1.12156060546694
-0.00335734095301549	0.00349035188005613
-0.0045256822646549	0.00464870922210999
0.249753445970189	0.31603351418039
-0.560666106546159	0.82681641038183
0.264334847850019	0.269933377024145
0.110816485589863	0.109194221192999
0.537807430640084	0.843588909680209
0.296628586330627	0.332504973648889
-0.0969304854858351	0.0757374629906546
0.0551553217562712	0.0548990150200533
-0.241113457428616	0.304892854381176
-0.439379366815499	0.650275185689249
0.515857925144466	0.830509856047808
0.411037259919876	0.589696203947368
0.853809824455772	1.46107101349895
0.320465004949027	0.332961916029626
0.534885776854689	0.78111966092894
0.275092441509049	0.363289025313167
-0.0869380547516191	0.0921916637543092
0.116536819581191	0.130606582716207
-0.372664666528002	0.512257216760212
0.684552848054303	1.31280729388886
0.906517774146567	0.916904963202881
0.513437975357917	0.441952030175434
0.391102544143562	0.400611851594801
0.549265628879137	0.885248222441617
0.374587717096481	0.517245157845254
0.170930965691601	0.208328929302595
0.976029345348267	1.97360595813046
0.465332932507007	0.682320620635004
0.693846307055765	1.28189461249641
-0.387983063402359	0.557825035607593
-0.173037047369505	0.192385693214384
-0.0515050126685618	0.0522156544997757
0.215078361975719	0.139416611515897
0.160187771609038	0.173800474412921
-0.362001335509088	0.403854847024383
0.727679005705914	0.890313125252215
0.400826673576499	0.343821163202941
1.44750581985483	1.14817730260185
0.604826057528392	0.281899977544189
0.823989783194332	0.658290796230403
-0.349251620658474	0.210220062624723
-0.719812906711676	0.737526402113522
0.714861476855296	0.72137919804858
0.0721771952611749	0.0736717862620167
-0.114431800846865	0.0876942578579886
0.0728993693379839	0.104785831705695
0.109256557831985	0.145561636137544
0.21248713513401	0.296758238692152
0.505605282209709	1.05554377756164
0.00374830390245353	0.00417048568774753
0.218850847514218	0.365962048960904
-0.139527101075238	0.186842201721717
-0.0843976698515887	0.111875968803067
0.150500929260912	0.19499091324905
0.0795158344415319	0.0948189992005762
0.476581432695194	0.887350277229892
-0.0434988082420347	0.0543551128317251
0.340755040589898	0.590144244808201
-0.198250282101365	0.274746625237499
0.0283722312399336	0.0317774885864008
0.281355510818004	0.405744391987272
-0.0688941438263591	0.0806680420223164
0.271349330690248	0.409253422987003
0.236689652928666	0.296994272240893
0.455012751002075	0.569569036790223
0.435833162123452	0.576451612378164
0.313526016881191	0.438541074384675
-0.402968009074301	0.512523323743815
-0.081738618795099	0.0815837473170934
-0.0382529381411132	0.0322443949175308
0.127509310190493	0.109595674797686
0.709171566065324	0.966281108776696
0.442051397190562	0.609078948809706
-0.0672987407927236	0.0476205015215534
0.525925214969399	0.697932805266069
0.687349825894139	1.08981363993265
-0.672499502347605	1.16617298872268
-0.310856200489268	0.359181514307513
-0.0433747760801561	0.0399843620621671
0.356194007520399	0.539411679597885
-0.482745039166117	0.599775012614176
-0.100048266886196	0.0979877649360629
0.602565810785802	0.868607511547163
-0.578252475342397	0.839100592182987
0.0757044314626902	0.07699708767703
0.42401050751208	0.523630993927422
0.42687858515388	0.43267973099358
0.351369574177299	0.232437952036806
-0.553320927693214	0.473772162023327
0.855970048018696	1.04732389599942
0.67846512966348	1.10273888580097
0.656722457019599	1.2700806411486
0.0427652359340099	0.0461914931967526
0.381775810057678	0.560719058510852
-0.115149487405343	0.132150652212023
0.496437050793188	0.611007979832066
0.317581887170121	0.211835572773262
-0.414177724566054	0.449049520423048
0.0317889509979599	0.0266810070604827
0.0568375771316654	0.0429975326878883
0.307270546697342	0.252126179708168
-1.07407348858217	1.01234536637587
-0.689447647285737	0.344950326208421
0.327078737684801	0.241656068213544
0.0798962744822768	0.0458599332258218
0.87484262747483	0.97201628735676
-0.413524847823375	0.377324616725897
0.383827346477427	0.244252694304894
0.019090570312524	0.019183096836009
0.0303939896276532	0.0351848400393368
0.0365854658843621	0.0406496265855898
0.384396914687676	0.608874700170473
0.144191640136192	0.184360719620452
0.0929958682355742	0.100825588631077
0.624365236129901	1.18643069449067
0.147908794002422	0.168054479103535
0.541499161704492	0.917199128542963
0.12628497299902	0.144214840270696
-0.132212236056059	0.163175437022455
0.314043015971435	0.389522092210778
-0.0964968715140065	0.100777153486931
0.813209970953344	1.5716675230674
-0.527411594477996	0.906119752088128
-0.363448711848259	0.541633794804272
0.423858705944812	0.607151754776881
0.881746756429176	1.81181881131282
0.895026929200945	1.35238441057003
0.244253610081093	0.276658850328225
0.148270639005451	0.13614246283553
-0.198843418429297	0.214420473788389
-0.339599349075503	0.385694050795906
-0.51369111538433	0.548774720506123
-0.00809830164013747	0.00708841622103881
-0.694404842067123	0.924189283741873
0.681778714397397	0.848563164951252
-0.255970307490899	0.262228874371461
0.290486767497569	0.337659247481993
0.210000377384587	0.185209943031236
0.369110157653738	0.419862173429707
0.0118117503612547	0.0106080129937225
0.262676631974977	0.273797123348904
-0.175482280207064	0.161944954532958
0.0564159906124789	0.0427958791985938
-0.17524192866587	0.196037799835273
-0.794341179429097	1.13565431240885
0.197871937155994	0.194879731295147
0.305206647654285	0.343723905837033
0.533407852092689	0.623920279489556
0.560507832192222	0.449321360659854
1.08496589782966	1.37918840330395
0.670021943115752	0.604188028410218
0.600346449129382	0.890187362335394
0.200236660215112	0.193005990463026
0.621953365498376	0.826920191243003
0.146265413962916	0.145083847173982
0.145605435465009	0.137817974305292
-0.151110277410029	0.165363769031502
0.769010857546771	1.22671490414696
1.14953438621832	1.39950669507905
0.387466659838412	0.497963771958332
-0.0498405057417638	0.0500443533254535
-0.0338893105849281	0.0288022804103383
0.352091892152629	0.33338920477661
1.4464619387346	1.16794209894193
-0.0197813010081866	0.0119086638452489
0.916981690719212	0.903086402409661
0.584136876896586	0.649735987935047
0.325949390739484	0.251132059726975
0.455924124989745	0.249157107204173
-0.0163697089317136	0.0227225669840284
0.442934894373706	0.786332498496994
-0.306426033777347	0.380258209834623
0.648837385399976	1.20068051399117
-0.100055136481884	0.0893328437563473
-0.0304909695235738	0.0289885920273301
0.171891783649678	0.205247215420894
0.964596039811744	1.61492018049792
-0.163598944584582	0.180055366716326
-0.0189208875301415	0.016350993443707
-0.172331545961922	0.173348343384905
-0.418155027960392	0.547477396786043
-0.30000433405507	0.333010206660912
0.238216420201176	0.287132597596675
0.725869859266099	1.13453847931146
0.383250243410818	0.480180888641089
0.558188029093981	0.634857316727245
-0.315852426842463	0.346577920301382
0.26432038678502	0.308853395730436
-0.527188482483989	0.613731741066233
-0.413338905810069	0.439393621308235
-0.231598113126463	0.242597077741621
0.385874423070957	0.442663720581425
-0.0285819022822002	0.0248327651232592
0.56172650266713	0.641293463094704
0.358347249240509	0.422218514918816
0.56901275673202	0.590858203158319
0.289031652748697	0.252375984427751
1.07698077530357	1.63960652211626
0.690073298021434	0.765133428139025
0.852027997698977	1.31754711265377
0.339278672122187	0.407099804115048
0.327533997138748	0.315664247048442
0.759650573912261	0.994205347061015
0.207814133208592	0.195167158616061
0.190736410466964	0.161243527339115
0.271343504813069	0.269550135755998
0.093946343917881	0.0843004536981327
0.347066902706735	0.502216138912787
0.57414116491669	0.698737721773018
0.0675407535153332	0.06327652870624
0.61208075239261	0.641528835004515
0.515983143032748	0.568207673515825
-0.491619133845044	0.567940275690522
-0.245440913198995	0.25327756140795
0.203594869216422	0.191993087218663
-0.571571861711437	0.875889576027977
0.603443908210784	0.806143727245472
-0.156340842346256	0.157756529743534
0.0963077215750149	0.0896908322416143
0.442217154832481	0.433332217991382
0.35101236980911	0.318821173970665
0.935694971537063	1.03875814672593
0.444819044979788	0.354426618126567
-0.0254108360295862	0.0362596083298023
-0.0153639851781587	0.0191511375422093
0.121540037919246	0.177104029088477
0.175395690697516	0.250882290351767
0.353158380276382	0.516157346987464
0.27023403184359	0.356903822902401
0.575865911759342	1.36981142708979
0.15266159679201	0.154702600523171
0.409791631114431	0.472439452603262
-0.102052304801627	0.0968811047229866
0.0925922977723863	0.0777898355689824
0.397735771683173	0.56753135848083
0.304675166387352	0.360862354817468
0.262275418452191	0.311110697715514
0.142111137300842	0.148104752019553
0.631712259001031	0.815473505284843
0.210435695556186	0.253201322000695
-0.097677268290441	0.0959040659379297
-0.00355390460567026	0.0031034320929688
0.508357475828142	0.619441140378143
0.273565345147842	0.26997801748928
0.484070248971941	0.616591980378231
0.165392031001661	0.188241848024444
0.317958816495462	0.339944770164093
0.0666822581656664	0.0516954769528399
0.778824210164711	1.27801076338765
0.524485053799153	0.841852338066794
0.0490385470362181	0.0534063798626966
0.214944140840362	0.203128815700593
0.572387920912193	0.684571027102795
-0.514376245758498	0.594543364191822
-0.419848112433658	0.430580983336467
0.57043578094705	0.645108915861679
0.258328420793567	0.247843482854796
0.920369165185979	1.64507892514222
0.117680760155821	0.119746742259745
0.311574216791355	0.307735215838777
0.59743206336978	0.636202276447043
1.38779570378591	2.18527182235704
0.751137357464372	0.85163286168088
0.48094359661142	0.613889325450509
0.15216375222708	0.144755142758406
0.154979849740113	0.153938251452238
-0.309314201387649	0.383446088777358
0.316834359669228	0.348579685770804
0.578023123776677	1.02437284379176
-0.0613080812121729	0.0613728537612228
0.383541179559926	0.422959573353486
0.662088021610006	0.844443597042039
0.575021840330117	0.919064745431161
0.552349688953915	0.76923403353861
0.777266000079491	0.825912475550698
0.583861842804148	0.689292219631427
0.265086315815003	0.254780391863999
0.0526477776504198	0.0394602264150615
0.0702416704902143	0.0659769414785528
0.114102327250936	0.114144957560418
-0.242406680993242	0.248571462712715
-0.252742113449101	0.278817705900358
0.347700322440299	0.370996503478294
0.0117062172288566	0.00939147304074003
-0.0975759692354388	0.0767713795393326
0.432126113952549	0.341781928804983
0.126109229768453	0.100304828186321
0.459256693593038	0.42418378846618
0.892451424536754	1.35366588055537
0.566460138986627	0.64699548009482
0.220757171019671	0.441207777185529
0.127629283860832	0.220546239132772
0.0657843742512702	0.109312054015704
0.391143748731166	0.727600385155563
0.72988405833356	1.05654134673398
0.145734998311035	0.182475139510786
0.0771943388472492	0.104323345922163
-0.53845968612402	0.73235016438942
1.06496733439376	1.6297894047973
-0.0454130321180863	0.0502049184878699
0.0352175288644784	0.0244177011927233
0.22484721698052	0.167186543333715
0.273231356686229	0.248724563963749
0.416293396703094	0.435648905312473
0.491795276278161	0.442775877377799
0.279046404806177	0.230333903248713
0.204952533003354	0.161521241471838
0.47934309083167	0.443818643878341
-0.717076273993792	0.73906878076108
-0.268437685055681	0.215745293712113
-0.273036548039344	0.262592622860467
0.380305203744554	0.326230070642357
0.982011503691958	1.20926115084064
0.476289879817744	0.454243905029004
1.34437996895657	1.51788669059727
1.54340809228186	0.97836022490145
0.776976463875386	1.01180109752086
0.122651089636029	0.103896497455764
-0.731135632240102	0.725357164918884
0.323420283441152	0.412256157591827
-0.339376374234337	0.538953167458534
-0.162814220596215	0.123872337923706
-1.82684655153411	1.909828495645
0.571353096026077	0.477631843066374
0.38360044207772	0.237199115590987
0.198812323224953	0.141003181596356
-1.05600306599722	1.06743160849789
-0.111870978391068	0.0999926883401627
-0.993854313102096	1.18469216571765
0.264141104083008	0.226394325508427
0.0924541909288876	0.0610472347097487
0.341891212552314	0.244463220975557
0.204322986185014	0.145583545217431
-0.212338170409718	0.153389420863888
0.574923148774382	0.649032381413938
0.446478309255093	0.566435941069814
0.0105877765410826	0.0107884194802283
0.618312157936373	0.894298299746456
0.24277232615056	0.326561186875081
0.206968175535963	0.168071320866537
0.186362805329534	0.167200878702843
0.379445681352612	0.329189178876469
0.333480727715722	0.230664473649463
0.433731569009843	0.445367690821383
-0.377137250215786	0.586892788347957
0.488142380559757	0.599066135234659
-0.0339202655427004	0.023891754337771
-0.426096762566654	0.354385970898953
-0.600385071263447	0.684789819812386
0.436081867504676	0.519793740822589
0.312698588057143	0.376836499956921
-0.66802921294719	0.990474002470255
0.663208550922717	0.739663301511465
0.469728788892208	0.551029357504227
0.161398552499459	0.331880406572961
0.269661095593663	0.63843143466552
0.221853933744509	0.319807876864892
0.334929752281949	0.413023418225569
0.364281567887806	0.479956791920399
0.283646522222334	0.402496340334354
0.395349912248187	0.339914223968903
-0.110222743800745	0.0833597044682168
0.642689876594411	0.670769032435122
0.846373683252701	0.972981852137129
0.134911418332142	0.109254375420524
0.662894979415509	0.918266482167655
0.724308274209699	0.7357259603366
-0.682479859492213	0.774973264480803
0.0326525938505096	0.0216648416783411
0.602257471033942	0.65900148690812
-0.392359277931147	0.354507953248927
-0.333421240219231	0.330811219631469
0.934977507061771	1.19848994900209
0.146222570994959	0.117864047385149
0.662306961001565	0.765566398556551
1.04702016926234	1.49530834110763
1.22742549126476	1.57158441527644
0.597336237612081	0.964780995303115
0.956475189409737	1.30769530246047
2.0468782399934	0.925370438138337
0.0269364667070936	0.0267079627924524
-0.0436628826648139	0.034702974509176
-0.395466604670132	0.424291436173381
0.159969710391763	0.18847137013994
0.170755389062536	0.228414920566236
0.409586197588556	0.403747825534681
-0.115202600400138	0.0893123957960451
0.667690813118278	0.596278535111857
0.48475016861993	0.444581395107716
0.0473879626116772	0.0344084422175544
0.597722941977801	0.65648948315612
0.592144221953437	0.781272482759244
0.430744497220878	0.425386696546749
0.19586645801558	0.14979878181088
0.365993868857994	0.349666706126464
-0.195774148309766	0.185922037267754
0.341949349159063	0.434376458258324
0.287090311908669	0.450526003473889
0.572858516931329	0.975495285102345
0.183255583955116	0.252825447907255
0.277965902262902	0.267231870485637
0.397155270060206	0.346697121257012
0.395679485383168	0.347868243750497
0.109293682883862	0.111365056630288
-0.122202384337517	0.149145983625763
-0.443522906843294	0.526564901505595
0.127903042955236	0.10511803600975
0.515345418228949	0.496249867413746
0.262262143103109	0.269026805468713
0.336392538836128	0.418249252481709
0.433178181962496	0.603746102757448
0.93759285286211	1.90567665969968
0.756981360585436	0.974813070149476
0.282928164563707	0.35071964369286
0.164258086600828	0.259686100170375
0.414101941841957	0.797906149277256
0.710454038184533	1.42812541063604
0.092176669967908	0.105866187420335
0.51836458028304	0.903403301710653
0.159143952036869	0.191298247113761
-0.0400707596689743	0.0450687836081526
-0.166326037889288	0.180355692633153
0.56294375105881	1.02517287650793
0.168136210082695	0.20536155553299
0.806268179803279	1.43665470211795
0.702763893170147	1.3528189433255
-0.0828970071100468	0.0920126007784878
0.440261132061668	0.50735859567233
0.872421282593407	1.49937682636907
0.469832188370513	0.742987796545783
0.14399351547149	0.139636436944226
0.589736028770189	0.88597437053272
0.373891553860374	0.440259027960332
0.372194755660487	0.525428474502358
0.783086708563015	1.39715329626973
0.599356194983634	0.944963253694144
0.206800228941988	0.184324652853522
1.40767466870752	0.473822721549798
0.563539212469415	0.461923886273872
0.279318527875497	0.274560205040972
0.417818103400421	0.495606018508077
0.450489583227987	0.604450480951656
0.0799046912024633	0.0705292901388947
0.0571531263514685	0.0537109307968124
0.0229261019004334	0.0210745599501479
-0.723924397203696	1.14521135494385
0.123491488790624	0.140252317291098
0.82873868179964	1.4844957299335
0.614727989569151	0.746955534445757
0.546006475960802	0.639810174873829
0.20569156333272	0.25262792200441
-0.0479151113194318	0.0347392123087367
0.406278488201418	0.487817360131202
0.983622717846636	1.60408364088965
-0.603244527735003	0.891574147552131
0.00656728601720278	0.00631960900135168
0.428050979019179	0.490635881153157
0.656275082536031	0.974760966015564
0.303621863104977	0.341583746105504
-0.303881184937585	0.412982330732445
0.196274933885166	0.172217766789467
0.000448387391821129	0.000403773166484128
-0.259308203361405	0.318498978839248
0.825545094426529	1.34729689449438
0.584681196793398	0.722897941966246
0.436809778350029	0.355395641778231
-0.0581180249796288	0.0410875745313793
0.284942362791929	0.236247295270789
-0.0840202029987559	0.0657490530725831
0.204724577260996	0.20330931900283
0.813160121234704	2.65515273493683
0.371795649177663	0.802819641910622
0.546622349185646	1.22172894761249
0.301027856309538	0.552870544467363
0.284640759071077	0.509429853444391
0.0593576698870257	0.0702764147178849
0.656814327370691	1.57180371040763
-0.160940197136831	0.226988910401994
0.117881687060621	0.159818171033295
0.227946836223052	0.332267258889918
0.508096253461799	0.900873589304015
-0.432435194680613	0.668340882067809
-0.03837993665115	0.0439373537267472
-0.227622710727064	0.314782138238925
0.0974559212314731	0.119447732556486
0.447190618896568	0.758410120056719
0.549832301506737	0.93568336463826
0.535479428295632	0.928610643572275
0.388444931828018	0.526467724937304
-0.0242837552099049	0.0233670573380421
0.239197070660241	0.279442125810215
0.11331362995568	0.0283571465180488
0.618932773021378	0.479380672756918
0.236554126936511	0.289008713138631
-0.267769024120565	0.286426835770916
0.195759115516402	0.213475236576494
0.204993780575275	0.253343330316432
0.297044386592824	0.3549273386645
0.30982129780358	0.364219820721083
0.106889808652908	0.108612889992371
-0.127221764029513	0.111838168958608
-0.255442448748053	0.264006825527688
-0.171175154250347	0.181728782669427
0.351989920605924	0.52516220883688
0.728287351448178	1.1827897743717
0.506409017236434	0.641748371727038
0.474116046162129	0.641299896871078
-0.959513786429155	1.76822070690377
0.238945155072986	0.269705957778499
0.917570877984542	1.69957681439334
0.291195290905874	0.32695594008056
0.534801783336773	0.833767387269881
0.491077954195316	0.764259983184366
0.672367793808942	1.03596063821851
0.366791049542257	0.442273082338933
0.187843403119247	0.211794018227395
0.311266389410766	0.324424152171573
-0.0350654197962209	0.0360201908159377
-0.451247835198315	0.668303093997628
-0.37967151976654	0.350172920572837
-0.197911942700988	0.194553185422203
0.408415648619681	0.591979429208545
0.952797347734315	1.55942297340425
-0.389945061207998	0.440208588027399
-0.100165569412215	0.0674940288154973
0.486837698425391	0.367197087584359
-0.262447322016207	0.20525313720371
-0.127809098127192	0.0966617289955083
0.146186274129297	0.130689777601346
0.0824288370420656	0.0749369578455491
0.367852326849418	0.673339812289756
0.121787235162636	0.179096327416056
0.149677225185558	0.266520555162554
0.0854134777814355	0.124164971886929
0.366795215353809	0.732289350503807
0.0382383411073118	0.0492480957905879
0.0555496181407278	0.0688542857018842
0.0336405644227543	0.0435974805390912
0.35388098477237	0.639019276382094
0.41393007230425	0.746189624353358
0.741977604945198	1.75944913788943
0.18999952544189	0.279650398987666
0.478124072161994	0.873286310045183
0.224461678724748	0.312285432760011
0.346076613313947	0.547385794949533
0.623748798769572	1.21362338496597
0.325992968553809	0.4458956010961
0.591536117030905	1.02060893151346
0.193762403820525	0.240328695149699
0.776135912985479	1.33980372135388
0.530334831454777	0.742855741764198
0.0897433503479433	0.102450493526797
0.136365592898716	0.0275626354515824
0.296772362621724	0.241460346611744
0.056376427696216	0.059093919967919
0.258985652328289	0.298161179068402
0.645780776573295	0.996389710527388
-0.269258195945948	0.367229076019964
-0.29734254655789	0.383020926631075
0.910866979087325	1.6286929549898
-0.93715731352676	1.70123582859924
0.0522058387000191	0.0487784431817054
0.246870571906169	0.285089691577519
-0.440430095429064	0.467079993381737
-0.474199544927771	0.480193829507487
-0.595867527484493	0.801900961020481
-0.0037721196405967	0.00325913644491664
-0.012797397678714	0.0116426374535738
-0.351276694329011	0.513654462525015
1.08374448419856	2.61214978844311
0.420434352075101	0.613172738270446
0.727590110037332	1.20932111244847
0.213051346078433	0.259529589155508
-0.487590454440541	0.768549818253454
0.443561089305331	0.590472470351699
0.658776309489891	1.16461742185203
0.274860919197663	0.428972876491242
0.125117391982425	0.137200318229099
0.392647561492425	0.464561055017846
0.292205565262205	0.338965674944488
0.118169813080109	0.0879541991440842
0.23117072805505	0.297046226262274
0.287487593113545	0.353114771811969
-0.640227702615519	0.596881429170831
-0.0389275573829487	0.0366982818402608
-0.105353236586548	0.0975816113385143
1.0184273572032	1.44879295907887
0.731684122018844	0.897086748596018
-0.149881527105087	0.0674563558355694
0.419936490633039	0.248922661395455
0.858081324001265	0.539992140352823
-0.00968119301847623	0.00600447577353443
-0.659353159878798	0.649559528661958
0.308779107894882	0.246336442665601
0.224862179643751	0.141442822797457
0.210248998854539	0.39413405034939
0.312444165061381	0.657396647257069
0.00453379594573763	0.00685930077953071
0.262280059249586	0.516680881313698
0.0754137712921633	0.1131010841347
0.429618907515624	0.961007125296318
0.413680530264413	0.986676032573445
0.183183130550547	0.318100660917168
0.389938306857967	0.759759403196294
0.72049741215856	1.84411272953073
-0.1108962024	0.159935581487262
0.25427127130591	0.465411417906694
0.420185114454855	0.817336270641228
0.471222096515999	0.867326088368809
0.267457727248494	0.33895345527931
0.493361733418176	0.690882894518093
0.568630336094778	0.979122724266365
0.205453491250341	0.264805341995711
1.40257383430154	0.464189106659952
-0.675418694224984	0.726367144964997
0.396449555192894	0.652981420427833
0.112512990654093	0.148611395208346
0.22637363985504	0.346064583773841
-0.120098180544482	0.14055595456844
0.206701925453428	0.291287853263955
0.634456083954956	0.950625941975353
-0.51174051599407	0.65797095496444
0.0223026535994265	0.0181040694525271
0.227049604116584	0.285502591065981
0.235511319346992	0.262560607933738
0.478376729626359	0.506310173956548
-0.283659916096961	0.306665587060593
0.16524597320201	0.190789228746684
-0.368666035177987	0.5580445407375
0.861279544037546	1.74000840370547
-0.327121188848449	0.420722112249589
0.415756552362778	0.639594033301352
0.207210850821424	0.244254045749984
0.344845781234229	0.421347922274933
-0.405261119284541	0.651021651713583
0.732750104254214	1.38216138037224
0.537737374188153	1.06846357198561
0.0899481799407654	0.111776637981724
-0.0172436423541061	0.014884959987689
1.77888426611545	1.93549476077533
-0.336254214510144	0.351375351310492
0.297341044118213	0.325074546596996
0.0125330117668864	0.0100863941178765
0.123175554240667	0.0902197284238661
2.32542146160669	1.83543437538732
-1.43456157548188	1.19273887170935
-1.25369969520016	0.743116554546987
0.685217146281015	0.686670826043893
0.686063663752677	0.77883705005161
0.00281290752641272	0.00210034349707599
0.248413031635589	0.516289495381702
0.28493954072239	0.612918972580279
0.348807152980361	0.757462438619262
0.00639792908096509	0.0081401139161357
-0.359221877405256	0.718263645054473
0.368295541633259	0.781963539507825
0.430579183463073	0.979396637908183
0.322870548057542	0.613999964592915
0.732805879149076	1.84473021594857
0.70359188672734	1.24034026469959
0.357840234405372	0.586391835140937
0.482846842495496	0.79993914419007
0.199106763018985	0.158695124077643
0.09766405719251	0.127403694630294
-0.0775272913179552	0.0936636575375115
0.0712191621860599	0.0833295903847624
0.313106941097123	0.458004413302621
-0.157023742050099	0.190368529627116
0.29616061798821	0.337112711320873
0.292210554183605	0.352090573691178
0.357558742859088	0.408855137122301
0.0852423481780614	0.0923201945800947
0.0613679408830287	0.0575399190193653
0.793935834829145	0.841158977351076
0.204348006784819	0.251989718075185
0.0165560763989336	0.0184286461610573
0.0178485712757016	0.0166744198866092
0.165513720845192	0.204061053933179
0.150468283346321	0.15808033869737
0.00737003299330131	0.00720345551618652
0.140078802916502	0.153552329687048
-0.0556996029387839	0.0575965312311341
0.241258617893833	0.278334677850515
0.073481876530285	0.0866165317132561
0.146976646662633	0.160224727257958
0.0816008584382216	0.0466377958769195
0.200770739981141	0.183463360331509
0.604633798416994	0.966881982302024
0.0548493936413366	0.0506102532048056
1.36006351145668	1.98090644564901
0.650383128916872	0.504560593389833
1.76244888962048	0.700577659923282
1.15876560438616	0.895182793020935
0.00739326960049141	0.00492316865189602
0.134442857533387	0.256148159170574
0.290936934581862	0.637247245460021
0.440210272882153	1.10659184217587
-0.152055648657365	0.266815448950943
0.272922796852362	0.558989289288605
0.37883511005477	0.855129336210659
0.395509082538292	0.885474269460745
0.476327814398072	0.994654787442419
0.136196714968747	0.16747451948615
0.412402205316141	0.646912658945258
0.354793688051035	0.572768107891113
0.114499101053446	0.137316387472846
0.120301998650585	0.128354968497483
-0.00135312106892514	0.00120992800320092
-0.550887149209081	0.725456759706762
-0.212746129624563	0.259104673743118
0.661446707114402	0.956869542511129
-0.138816350649185	0.0913995074517774
0.195138606818812	0.223023299655239
-0.011264198371014	0.0116456143746215
-0.0154208398392272	0.0156669178392052
0.0712521885601001	0.0820516895517574
-0.208839495693052	0.300549863992321
0.240163852893921	0.310392328029528
0.378737225086846	0.513984858112111
0.431152508107905	0.689379524570162
0.534512294039733	0.928352855841842
0.245585069896665	0.301247872202655
1.13256334259516	1.88234804938433
0.124643644605049	0.100436139535595
-0.145002830394508	0.125946162056875
1.68796546975677	1.58829349790994
0.461532894485887	0.332669019527569
0.104544820630316	0.0725812535659383
0.25894731562154	0.602356103780027
0.106924609153684	0.201184611368697
0.0939165652650813	0.157810700418754
0.171889625778985	0.359025652162043
0.21451409405189	0.459798608689138
0.60177448104142	1.5080764019835
-0.2036671717071	0.315215013718903
0.045244757458619	0.0609374255741008
0.584417877910615	0.88727994725144
0.21301172757658	0.249366213439481
0.67757394945624	1.28673080144009
1.09428850243551	1.46287804922724
0.549734164929032	0.825437332785202
0.22919306158391	0.304815452236009
0.352443713428521	0.532683598363464
0.254443766598443	0.402429860148208
0.191917967335522	0.307032894282885
0.371087103986591	0.540006624429593
0.327515236969309	0.512780773151508
0.573875677363458	1.05787944205362
0.500990688265106	0.957910039349485
0.294455853323531	0.521212318554573
-0.233294516711198	0.258289154635212
0.425299715015843	0.600268787577556
0.704448502973818	1.10295600697612
0.53111029818558	0.61553354278551
0.245970424201323	0.129269526858331
0.273652780446586	0.247022480833501
0.167302574842321	0.348136270643221
0.176162786888509	0.406128334912391
-0.0473963607450911	0.0838603583059197
0.209638237544612	0.440883635705833
0.195419876966727	0.410943795636624
-0.055418258680394	0.0763644015002789
0.377503299688418	0.731911929437684
0.611304159979653	1.51100911965566
0.793902040010841	1.67092032938297
0.176398352951	0.250547101252262
0.30640967768977	0.588348102512199
-0.016672287635196	0.0203453542377755
0.66298007964562	1.23132393165917
0.109219982608296	0.0769405995294675
-0.17623736224364	0.197945577288117
0.791651470459582	1.27880125168469
0.566121297386779	0.856635307343298
0.502877050229199	0.526738907886575
0.493557032092732	0.455585755363068
0.231855661715921	0.520280051948976
-0.00849451559104786	0.0138146463024977
0.286731124693548	0.713312825002995
0.225228429095496	0.524406129483753
0.217944358085574	0.457038642325629
0.246017690947525	0.526522161072746
0.273951914650064	0.646733634554184
0.396109812119121	0.428891450325311
0.448953167751645	0.85271726380274
0.234308751924154	0.349450078273662
0.0874823704127368	0.0936868704830656
0.38542423980801	0.491471293859397
0.468155266982287	0.44120527448076
0.278213236592457	0.37575158170185
0.388554034552526	0.571050448956092
0.364615987912472	0.231569276887601
0.465984655429317	0.552478198183164
-1.14040867870709	2.02682981389848
-0.000707929344042795	0.000363738922933945
0.775726842747767	0.734025654534995
1.00614050201661	0.574189535659948
0.456951857798223	0.247917244218788
0.411752750547178	0.238560473543912
0.130044309445841	0.298732873651405
0.173151579810101	0.409612041974483
-0.00795576187233436	0.0140149633753916
-0.0940658338200944	0.174638055145255
0.0681675069729036	0.123513161586799
0.349749775772898	0.934676526805325
0.141297483720807	0.156381864071521
0.122276348098773	0.136602209252843
0.500102226504746	0.707356039586415
0.269815714919747	0.376500658591293
-0.0251040714160207	0.0236992400649479
0.418902687032905	0.557100888952928
0.165908956636777	0.191443894415356
0.215245809432269	0.363518201127399
0.55094418622681	1.0829195840076
0.325743138087196	0.514706779304049
0.326313672925709	0.470049294543048
0.381385027764283	0.614070065229647
0.275513967588949	0.487523268323264
0.0589889822417087	0.0654670987629544
0.373940380543846	0.241382644986017
0.670018755678536	1.15524445803382
0.800723814895859	1.44173962514473
0.0700439403457304	0.0576461736168942
0.588998493374515	0.637028449820449
0.562074364505265	0.33845916623013
0.389513897153839	0.247467524378863
0.478778026725726	0.329204794632073
0.763777912786204	0.718025754222747
0.868554108105669	3.21696243391714
0.281840269414038	0.815647959145121
-0.0857989836535457	0.161712229289272
0.120308813209845	0.261395295225739
-0.235721334566179	0.526051450705484
0.506519825083188	1.57580534254846
0.229432980570956	0.496120291505263
0.321053345800939	0.690865021525159
0.360133072118095	0.436220747915897
-0.576485138424703	0.848118228947404
-0.3127893030435	0.378172483039368
-0.0105134773790033	0.0102001442586774
-0.391882052241815	0.4384634149642
-1.14897445233059	1.64274498648966
0.328874137790171	0.42311860092114
0.325712156237719	0.56448031688134
0.24765379041572	0.352068258442078
0.248856445146856	0.368530911616807
0.250404730453064	0.326463119920233
0.240392332407945	0.280320808701287
-0.262412962746213	0.345523722496038
0.769390039179952	1.63335457844168
0.395492583692367	0.603117870321004
1.04755613208289	0.962880520557099
1.09733127074356	2.07422397682595
0.0614421585623056	0.0622751028421066
-0.249360909970214	0.270013675017429
0.32611821152815	0.867476647203578
0.371866823722691	1.27694019500804
0.586577626675458	2.29994569181834
0.154495088526733	0.356312497039926
-0.155669003400294	0.349945967989917
0.378994402189698	1.10703834896021
0.370937085955825	1.08474473173035
0.244496439485371	0.538846980116248
0.09441653295027	0.105181809226576
-0.114538579783704	0.120159506626985
-0.82426436537524	1.48055781745143
0.107903296686357	0.12748431729874
-0.0584332410659583	0.0582612963630561
-0.133191410026449	0.112029125900061
-0.498252801758231	0.667906278554193
-0.0940649053171528	0.112334977630968
0.235725882634671	0.342193950534575
0.426807728479768	0.66333220478252
-0.0863887975567358	0.0949273467255143
-0.000144309933178775	0.000246482659704131
0.350084740566965	0.527543983679395
0.356946575996351	0.621295330558526
1.27297910857341	2.59690486902783
0.419952375244293	0.491628748855553
0.325825918695205	0.227879920572248
0.104305226181252	0.0724447825359139
0.169975296485517	0.431387272442186
0.200535461712585	0.522036781233669
0.229747647833551	0.632618295075547
0.184794897012012	0.445659683102121
0.241093692728097	0.573489023000315
-0.00825377038623454	0.0101062197087877
-0.348814922488716	0.539821254213679
0.375359047779131	0.613706024561439
0.236332521030505	0.287099907423827
0.245674836214223	0.401045539704126
-0.58125219202811	1.01061545402039
-0.596225263804431	0.814631752360694
0.0479920780969883	0.0550800993390469
0.103850025794781	0.13995585170077
0.122196780800385	0.168309585871964
-0.073935800808664	0.0897433114436107
0.012953520712217	0.0154975643866635
0.38312904466235	0.589392061150379
-0.121573966405906	0.133513383227518
0.647153870396733	1.27460504999481
0.154638962994076	0.224964919446954
0.207509078296232	0.291941673840619
0.155904080299733	0.192781713281953
0.175830819481619	0.286113483529424
0.0597242633086956	0.0577553452383695
0.656175073054432	1.01664424064842
0.565256734123458	0.467054828408262
0.940476285190278	0.805749445209452
0.597722941977801	0.65648948315612
0.284437580619919	0.249114202110671
0.260975088436365	0.673645750705045
0.248510746601433	0.670907878811061
0.423520293196901	1.12216266880356
0.2438904441325	0.461627627098572
0.239528809149404	0.492004633137354
0.295928132290945	0.646253567014152
0.480658006746589	1.23943556678431
0.511838429123757	1.1955926458122
0.33182910742031	0.604030374101152
0.274561191282264	0.379110175429781
0.0625140105653643	0.0676839303662696
0.181203816124209	0.258229988164934
-0.258682536960881	0.368978263674595
0.422173455812961	0.526836902177599
0.0539289792746881	0.0596871425939619
0.104373349261507	0.135919382953877
-0.485019152756767	0.815996434690663
0.24983569112064	0.35980754150747
0.078430780231017	0.0848739886566564
0.658453230045458	1.04881798583079
0.431683962209694	0.627115909674149
0.532357789216335	0.787841921843315
-0.365397136236072	0.532279697074029
0.334797431816257	0.439274491325675
0.0593715671974626	0.0665534499047476
0.29147929907528	0.370690182059605
0.427064647655035	0.605590448341562
0.0369165007894908	0.0378307169843434
0.362228651814123	0.488364125527386
0.505634340142021	0.698696755234374
0.450946603914046	0.729788255646749
0.0361277175696245	0.0362054614328667
0.439912065876822	0.563090425521721
0.373307782568394	0.338447841305406
0.14481024858721	0.124023394468451
0.325731596266075	0.676311329028125
0.3098372685382	0.794022288236419
0.701596476729932	1.30605829771072
-0.107432515551475	0.110089431639955
0.578091582362878	0.885679022957718
-0.142998316859875	0.15444255026733
0.23871417918923	0.31465308853711
0.710610495658533	1.2639834384112
0.355568653119468	0.42421356439101
2.74792250819921	0.835344773846958
0.990458441000988	0.393875537893527
0.394756613993222	0.33732962148895
-0.450819149472634	0.557588001220692
-0.373212665894212	0.678909169684672
-0.498088959057486	0.603436753765037
0.0762121515102295	0.0830896428026178
-0.236522447700193	0.28312680472632
0.275496466498461	0.425308620905321
0.253098864628978	0.51526152660295
0.434490609026499	0.647417464569982
0.275137519771389	0.238132309106219
0.12381002730045	0.0912896508719322
0.0510893934254996	0.039927830610102
0.11999197130402	0.0954267137455409
0.587893057559947	0.576867876410006
-0.854730469225837	1.3028144329097
-0.272582655082939	0.319693992589312
-0.218441787945129	0.204611046067457
-0.529869486942711	0.505209142953204
0.567283251512893	0.626675456231305
0.613458455648495	0.652766482498215
0.121660371570531	0.0783185230376373
0.104140779825633	0.0689692104107869
0.252050469043144	0.277988457166654
0.13194215521059	0.212861083665689
0.283873862913774	0.335343638272845
-0.028130506801061	0.0234587061189943
0.195974797368158	0.262852887193246
-0.216598517811823	0.282941565465115
0.270976950242594	0.384755875881714
0.749257014627972	2.88495361905064
0.294602598128431	0.61170101985959
0.714051887211305	2.89682907238625
0.690839633668993	1.27041518703493
0.372461787728294	0.522034891610558
0.897448250035145	1.9247283890817
0.806324059327312	1.48914906114957
0.687011521781458	1.30755483723125
0.42035114196191	0.589014685539955
0.702396999637205	1.21846315603135
0.694514435595786	0.957507997906155
0.540688955688485	0.678359634550732
0.602465766645332	0.279374152525266
0.121361397002719	0.0904941261645102
0.0815121824796301	0.0989283403982598
0.305269645022192	0.38906965778566
0.585229349619036	0.87905870363742
-0.30896455140658	0.333875967366002
0.363368635807237	0.651836063459949
-0.358192509555246	0.830638348382989
0.474097731006962	0.598970669330983
0.480529912364117	0.436785621328101
0.646976551155105	0.496847257871476
0.0563899371036862	0.0270989259146194
0.478316319930538	0.520799118742989
0.381130119134378	0.317721486976998
0.326436344083324	0.40850882889027
-0.509404289849624	0.626848452610813
-0.00401977893531305	0.00306436230217321
-0.148859986988331	0.110155650552617
-0.483585903600425	0.337254458063853
-0.00292843982340052	0.0019196185286922
0.362762984702172	0.245965809133166
0.323267525321302	0.234613526946338
0.67631108538021	0.615530786842177
0.638422972486059	0.594329392541296
0.60086711102617	0.586453432977752
0.194150839780871	0.140618755799355
0.213706908218041	0.147990959178727
0.42415111289288	0.347087027546551
0.0738737392595792	0.0610493004156375
-0.587706269981442	1.5356847802874
0.122386388290461	0.135118845646444
-0.569783009762118	0.660079892484497
0.200648165416322	0.1439080567646
0.214203496677697	0.283353583542316
0.38188506962	0.723232562423683
0.393854768403011	0.657643177126474
0.490553219030884	0.830808065519923
0.690579640727609	4.76108388163157
1.04633748075025	3.21513062195474
0.865210024049845	2.05712419771902
0.901185845258978	3.39690555963053
1.15886114284522	2.07026404174436
1.04528199277497	1.78101525106097
1.33451114637708	2.10758183611066
1.53185521926882	2.4859228198935
1.29219722309562	1.94589680193217
0.517907498765817	0.55289434977069
1.15850119321524	1.61090427782073
0.605326892600321	0.193060090298176
0.864424834433841	0.562796275344558
1.00320693981206	0.605870813448117
0.520794170821654	0.365645845090958
1.2331091266509	1.40134399089938
1.14959680816876	0.91076311759299
0.163295915378448	0.161763756341773
-0.00379403282023416	0.00329392789820914
0.14027981155316	0.130484705985624
-0.0751062861369434	0.0943061730441088
0.383703158642933	0.923336066445254
0.360514136571706	0.243053565717814
2.05487279940857	1.94542341929797
0.278873704445082	0.135720971233832
0.510746242412239	0.355319675765874
0.434899219784625	0.443927596007983
0.311280185306045	0.312811795878221
0.0872080929291213	0.0530983982929815
0.241715242374329	0.124113833616286
-0.142694907195141	0.0655011636353027
1.1403098928804	0.858100386822402
0.0720657339107608	0.0343655074137054
0.455557908092773	0.254061707010447
0.766723177383746	0.639124979398826
0.20756040315368	0.195430429057732
0.648216679253556	0.543395203333961
0.346924739544759	0.24495117197098
0.213264333614761	0.148465399869802
0.935917460192459	0.833171074150437
0.214733627121805	0.127515338532532
-0.876420206979771	0.57134816404022
-0.881540058732975	0.666759664022051
0.768885672934138	0.522135944160828
0.0350222058569745	0.0286299313214429
0.161297932144799	0.256182170466486
0.593050797255231	0.793279367706534
0.196357504532339	0.161756043425504
0.123162498363043	0.0932426957666396
0.35434038393868	0.531770992968759
0.328758599293336	0.599825546000924
0.205660851658072	0.334811529270131
0.446838334523374	0.815890842841971
0.31730871652439	0.43391692887979
0.851862929969094	2.66592602832833
0.810268028272325	1.36019012038061
0.256110909232094	0.321175269395998
0.0600093193036429	0.0566641899922164
0.382160851382479	0.7197879977117
0.300105234556696	0.245841191725155
0.409870369025958	0.490225136288151
0.215581314954021	0.143578471935457
0.58968414455993	0.565531005389992
0.431165618169533	0.348894976323205
0.0919635960628063	0.0569955418010752
0.944812017571464	0.837871664494446
-0.0893388717521953	0.0614084150661602
0.555776304593284	0.6439583411599
0.649304122525155	0.688853272082109
0.439220956196209	0.661925834832196
0.0582492038402687	0.0468049766810079
0.453540615567143	0.350972013846939
-0.0106185873549671	0.0065920706957303
0.371587942491958	0.320177095510374
-0.0562608435597506	0.0398856671976056
-0.941593663518425	1.03096138997236
0.701288393136828	0.383293544058286
0.0679714812439917	0.0352707523970601
0.546584835002985	0.781464894297032
0.0966124956348778	0.115658675542846
0.641380874114599	0.731108612392967
0.581862899615688	1.03388656370674
0.297048415073613	0.420084552656698
0.524638694864873	3.91285549271013
0.519912961519361	1.44360269334779
0.542768983343924	1.60523648339968
0.779205678546212	3.41926120452659
1.27209151256349	2.73166281848353
0.832831650020498	1.75753996858228
0.466026325424747	0.678570882889862
0.26445425777289	0.445083957767646
0.362149149169734	0.239266132265266
0.488185640400523	0.445452077199358
0.83435546503652	0.953340344333974
0.214576488367056	0.141751121323399
0.548658903059347	0.550428734986541
0.600518659970886	0.585200897340608
0.597747834435643	0.566450925543363
0.382032666819017	0.336622122385676
0.188388640343072	0.174906534753626
0.386525209345486	0.785760934806008
0.280435158626484	0.249447829896951
0.285982737761341	0.389382823093451
0.331946311740441	0.329046461927996
0.66356968838261	0.68238884324334
0.205730802144387	0.158616993964402
0.301640589891913	0.241505699852724
-0.1351757535337	0.0889022094688416
0.411236720508966	0.335178856630872
0.449558397866471	0.436750804339492
0.474680766535159	0.59900137928705
0.358586406865078	0.486679573322586
0.264472128120002	0.272658143146027
-0.0503742818347867	0.0442096961843937
0.190706171394602	0.19758336189429
0.158191903839513	0.177469002087875
-0.0999756886343546	0.108951900368188
0.650741460638013	1.0534970189617
0.262342665031213	0.258939754113326
0.195393498350443	0.194748495128036
0.26323561647425	0.411115343755051
0.580731707121656	1.08128125382379
0.209934059348187	0.284429600823064
-0.199722044020869	0.261781404070308
-0.527105638475758	1.10629026709114
0.32662518419785	0.484743497962969
0.199627692752762	0.240604099247672
0.287912884952416	0.385439702159382
-0.0453903901457724	0.0493042389429059
0.458857315104389	0.75658778349636
0.309766252407286	0.357751803201163
0.221734207667211	0.248198616286727
0.361547188198297	0.595398190978253
0.197592028311793	0.259830779842185
0.174912984301732	0.237777315189382
0.684763114723996	1.44683988350269
0.425470518989887	0.713323875496053
0.106177428995621	0.113475751550562
0.260318702330715	0.415059598768525
0.144622663985286	0.190208841072974
0.370013901741396	0.653595590569641
0.378891940772668	0.6713489173149
0.657285850866314	1.68714350271623
0.342050568576116	0.623949978709519
0.260697234181248	0.445807198832406
