x	y
-1.79654774535228	0.450347580766032
-1.18514027726873	0.368523240093563
-1.79654774535228	0.450347580766032
-1.79654774535228	0.450347580766032
-0.660201570064858	0.168097646736901
-1.79654774535228	0.450347580766032
1.40155935616564	0.462020972354111
0.135777281310589	0.0276700835720092
0.60778529414349	0.193560761266531
-1.79654774535228	0.450347580766032
-3.10068477185477	1.02132911380557
-1.18166548041718	0.368469140792702
0.112658604632321	0.0287479409957195
0.112658604632321	0.0287479409957195
-3.10068477185477	1.02132911380557
0.135260382067815	0.027537361279051
0.915852124021189	0.247342353182957
-2.58629113950768	0.75115680939482
-2.58629113950768	0.75115680939482
-3.10009581190073	1.02285714033744
0.0848555114773096	0.0256163091913079
-0.664802490637611	0.168136000223553
0.912296066932838	0.251719656905073
-1.57568164587072	0.592566077238466
-1.79654774535228	0.450347580766032
-2.58577484787462	0.731703006055992
-0.66316670088369	0.170896697158849
0.106515133433568	0.0267328578181176
-1.18544536761663	0.374513004052977
-1.18479272281303	0.374888725715739
0.111254822074604	0.0276407925439844
-0.662576541438912	0.167226093944783
-1.19154656813053	0.367118450782497
0.136883103816544	0.0276946864016619
-1.79696275354321	0.449497566570133
0.912296066932838	0.251719656905073
-0.301607804620283	0.105224348398864
2.04609347037399	0.920923108040581
2.7437914163344	0.858143402013944
-1.79654774535228	0.450347580766032
0.444732699456067	0.158939031402633
-0.799061882270823	0.286540728227666
-0.66316670088369	0.170896697158849
-0.663623121117757	0.16832657241939
0.0839639145488446	0.0254365526375156
-1.19188226610419	0.375962561582381
-0.795855200142307	0.284875383722602
0.11331362995568	0.0283571465180488
3.24075328636541	1.15115085460991
0.112658604632321	0.0287479409957195
-1.79654774535228	0.450347580766032
-0.229056995669054	0.0878748438475279
0.107176170950623	0.0268840977586865
-0.660794085981174	0.164395035335492
-0.407647544276453	0.125048986852886
1.24424064438097	0.53673685290033
-1.18579202880628	0.377375738923198
0.107495951455752	0.0274203138654146
-1.18579202880628	0.377375738923198
0.11331362995568	0.0283571465180488
2.74262749706831	0.836921336896799
-2.59095080885704	0.73100422312804
-0.407871228705541	0.120108530289818
0.135260382067815	0.027537361279051
-0.235437883533181	0.0905573655701408
0.117398925333755	0.0291170272605346
0.113644458616893	0.0295034454276805
0.912296066932838	0.251719656905073
0.108157639186469	0.0275749350777906
3.24075328636541	1.15115085460991
-0.300822756410362	0.104569228367995
-1.18166548041718	0.368469140792702
0.605540363795595	0.196883836529778
-0.477806210922353	0.204526005200629
-2.55369182632734	1.50961202430414
0.971224620787841	0.362442423501303
1.95985299790711	0.5196076110699
2.74262749706831	0.836921336896799
-1.18479272281303	0.374888725715739
-0.664802490637611	0.168136000223553
-3.09950705418866	0.995493427876299
0.114300126183082	0.0290815784858705
0.135260382067815	0.027537361279051
-3.48203861008719	1.28728532646872
-1.18709629407174	0.367866366203715
0.912296066932838	0.251719656905073
0.114630299169053	0.0290142369505111
0.916894743295849	0.247379407168913
2.04621022314499	0.890062269743842
0.912296066932838	0.251719656905073
0.112988531215602	0.0287108076421722
1.40290262296238	0.473801590956212
0.135777281310589	0.0276700835720092
-0.660794085981174	0.164395035335492
-1.18579202880628	0.377375738923198
-0.66316670088369	0.170896697158849
0.908018362853185	0.240274060282625
-0.409303599020149	0.122798470587256
0.112658604632321	0.0287479409957195
-4.04609172909439	1.82032244550579
0.112658604632321	0.0287479409957195
-1.18710139294272	0.361111602192087
1.76078442243247	0.694609309137267
-1.58054691553334	0.577249134929289
-1.79696275354321	0.449497566570133
0.135260382067815	0.027537361279051
0.446391956196619	0.163248539578346
-3.49329306803621	1.23284831972848
-3.10068477185477	1.02132911380557
-0.66316670088369	0.170896697158849
2.74495543716413	0.830653872698654
0.608721732381752	0.196947833793611
-1.1060543194434	0.448876531288197
-0.794101526573721	0.283460810017008
0.136365592898716	0.0275626354515824
0.136883103816544	0.0276946864016619
-1.11118502297239	0.459316518641114
-0.66316670088369	0.170896697158849
1.95985299790711	0.5196076110699
0.911256447744471	0.246298941668419
0.912296066932838	0.251719656905073
0.130144786582309	0.0263729403450103
1.95861796438167	0.522920116684771
0.112988531215602	0.0287108076421722
0.135260382067815	0.027537361279051
0.112988531215602	0.0287108076421722
-0.663623121117757	0.16832657241939
-2.58629113950768	0.75115680939482
0.135260382067815	0.027537361279051
0.135777281310589	0.0276700835720092
0.912889390104767	0.252558480562074
-2.59095080885704	0.73100422312804
0.136365592898716	0.0275626354515824
0.139622796258569	0.0277906069185664
-0.664212702591029	0.172057081317188
-0.233941950703939	0.0895256409013538
0.31224106097321	0.139321413343348
0.084082238578113	0.0253624151726793
-2.59095080885704	0.73100422312804
-2.58629113950768	0.75115680939482
-2.58629113950768	0.75115680939482
-1.79654774535228	0.450347580766032
0.913929522753106	0.246043148688257
-0.663757067340134	0.167041246972049
0.135777281310589	0.0276700835720092
0.605540363795595	0.196883836529778
-1.80133209085414	0.443400290252019
-2.58629113950768	0.75115680939482
-0.328793614995706	0.173293585796631
0.275394518585315	0.133401313186353
-0.228311463736692	0.0870491179115226
0.139103019799911	0.027659650015314
-0.664212702591029	0.172057081317188
-0.410113479891423	0.11993937786539
-0.66316670088369	0.170896697158849
-0.409081986755167	0.122428835263424
-0.406707888988247	0.121566231332134
-0.233832442393398	0.090355785093056
0.136883103816544	0.0276946864016619
-0.301607804620283	0.105224348398864
0.0839639145488446	0.0254365526375156
-1.57544033612542	0.5846622561655
1.4045502103863	0.47447828268478
-0.605107464173874	0.248281748462392
-0.794229979096842	0.28561468782725
-0.66316670088369	0.170896697158849
-3.10551575874806	1.01542894472056
0.114630299169053	0.0290142369505111
-1.79654774535228	0.450347580766032
-2.58629113950768	0.75115680939482
0.734648650445712	0.312675934806691
-0.660201570064858	0.168097646736901
-3.10009581190073	1.02285714033744
2.04703166690979	0.924881425572842
-1.79696275354321	0.449497566570133
0.113644458616893	0.0295034454276805
1.40356203077698	0.475605300361172
0.912296066932838	0.251719656905073
-0.662576541438912	0.167226093944783
-0.403745813670256	0.118495473551821
1.40767466870752	0.473822721549798
0.263092449766189	0.121517679465012
0.0690449027609583	0.0233678808929433
0.136365592898716	0.0275626354515824
-0.406930788559042	0.12223423135792
-1.10444322726406	0.472808117329462
-1.79654774535228	0.450347580766032
-0.409303599020149	0.122798470587256
-1.18514027726873	0.368523240093563
-1.57472650403645	0.588607364274046
-0.696772107320233	0.353815474784483
0.605540363795595	0.196883836529778
0.112658604632321	0.0287479409957195
0.135260382067815	0.027537361279051
-0.41495432610161	0.123556715541549
-0.407425681873312	0.121589010675069
-0.663757067340134	0.167041246972049
0.112658604632321	0.0287479409957195
-0.664212702591029	0.172057081317188
-1.88699316060402	0.815143785732617
-0.406707888988247	0.121566231332134
0.135777281310589	0.0276700835720092
-0.66316670088369	0.170896697158849
-1.8909542110407	0.786857370450513
0.403795901596821	0.23106400268187
0.277966905032013	0.135834598549848
0.139103019799911	0.027659650015314
-1.18166548041718	0.368469140792702
-1.10082481529871	0.457007549323814
-0.664212702591029	0.172057081317188
-1.18609826715397	0.365536330718386
-0.338254848165262	0.1668642759024
-0.233845542128025	0.087501513014671
-0.146432924311595	0.0662171674192313
0.063233916534657	0.0238838361123592
0.521379176338874	0.265541551625998
-1.89878956143819	0.777647567684127
-0.491751669819875	0.282344636307427
1.3848903495057	0.812163481281996
0.44730624786212	0.164143493470563
-0.23458019766616	0.0905388512161624
1.53493441383751	1.01573528605856
-0.227471594818194	0.0827109860403419
0.740171419786743	0.31692388691876
-0.805944856479495	0.273884362821993
0.60367210198169	0.19256980157576
0.0664012586465005	0.0250134813607244
-2.36830967051273	1.25575964795398
-3.78803306281835	1.56114299435305
0.0571959744801997	0.0214250418175456
-1.3604353685985	0.647708890305016
-0.692394338480395	0.34200943351785
-0.188321133692867	0.0786796869632865
0.0664012586465005	0.0250134813607244
-0.401913883523152	0.186314764076521
-0.692966187355544	0.34807264933404
-0.868930520361694	0.492264183920144
-1.18644403433955	0.376991864933128
-0.797523359661614	0.295014290825509
-0.797523359661614	0.295014290825509
-0.662576541438912	0.167226093944783
-0.283519301244198	0.157014092154608
-0.116665706458247	0.0778840380548549
-0.329385974103302	0.169481080863341
0.932548522315686	0.779305178521366
-0.0696033991239306	0.0380110387737776
0.414313558877571	0.246194242253905
-0.573430296764966	0.311196836513682
-0.148088072333474	0.0668693750377386
-1.1783847514094	0.808405266928526
-0.236296606795472	0.0890342848423082
1.19225845362902	0.647227836665191
0.603342170174344	0.280281513622501
0.814625070470834	0.42612507746471
0.978945483858424	0.480495921766963
0.30641829804037	0.135553998244329
0.219581503635338	0.12872754242901
0.0643385803691263	0.0219342618152855
-0.388408920304281	0.180206408761063
-0.857298309361317	0.387188787216323
-1.02577360474406	0.725821206005824
-0.795986298493158	0.286698052875647
0.605326892600321	0.193060090298176
-1.18328612505612	0.792705551144696
-0.151706349124454	0.0693118143200076
-3.10009581190073	1.02285714033744
-0.664802490637611	0.168136000223553
-1.58054691553334	0.577249134929289
-1.64661615803558	1.58386352964741
1.26719701687249	1.06756153854314
-0.224474126070563	0.124331110858754
-0.137798518761107	0.0869271428181475
-0.14657544718403	0.0666385577977354
-0.300729928489825	0.104672402463958
-0.854942952058868	0.399589936707647
-0.690347560614052	0.346011835673198
-0.773313251943841	0.583134180184807
-0.497463240094158	0.288515723163902
0.0680234797363194	0.0285962885913673
0.0640431934771305	0.0238560991992659
0.113644458616893	0.0295034454276805
1.5324970843315	1.0328944304712
0.383543849187404	0.2402746993968
-0.853452944574757	0.399788417138826
0.230296438748472	0.127652716231344
-0.687112773570692	0.343828297050183
-0.884018446169591	0.587380481138975
0.305677008111783	0.13400489715936
1.69805646547334	0.948991342477332
0.114630299169053	0.0290142369505111
-1.18579202880628	0.377375738923198
-0.485594469744492	0.21458474823811
0.108157639186469	0.0275749350777906
-1.18579202880628	0.377375738923198
-0.670106889366981	0.169267896660306
0.11331362995568	0.0283571465180488
1.4045502103863	0.47447828268478
-0.283380326148618	0.157182414469464
-0.331685048799672	0.170164859521031
0.377824119876764	0.235371112676721
-0.0988373423193313	0.0515890477929681
-0.118462877381953	0.0573894167786681
-0.57806617992131	0.310779020522935
-0.147189666083498	0.0661809292615765
-0.0911505127289676	0.0477146155503887
-0.803125020590228	0.285695500061086
-1.35879978508339	0.6672787691126
-0.186149905289873	0.0776256699217334
-1.25079657908365	0.729334047181087
0.0666586155958417	0.0223039586170953
-1.3648717084332	0.650808619659502
-0.58664119578585	0.30769893687224
0.277820685926626	0.134374510840672
-0.299534172422431	0.0993202858052913
0.0773056188961423	0.0413259761638488
0.445603251652905	0.162653299830411
1.18531419940576	0.637509283799223
0.0599034767302443	0.0197488214376822
0.107176170950623	0.0268840977586865
0.965169143000964	0.357141887595772
1.48497994974627	0.727216707063535
0.815369739704998	0.429862202393052
1.18747681163664	0.655012907208117
-0.781935020249481	0.618802646287861
-2.36662088066197	1.26326711847107
0.30641829804037	0.135553998244329
-0.300596991802432	0.101515964990096
0.812853655923619	0.428644645115247
0.446391956196619	0.163248539578346
-1.58095385965162	0.80927800200879
-0.603478487420466	0.245263850016126
-0.856434514626582	0.385814389683188
-0.147047995706489	0.0647146142982675
1.25306847819444	0.566289241267133
-0.408364610250408	0.125062886124958
0.0600828718540703	0.0222813765898403
-1.18579202880628	0.377375738923198
0.131244754681026	0.0264041860353196
2.0479687371933	0.918468466912966
0.107176170950623	0.0268840977586865
-1.79654774535228	0.450347580766032
0.978945483858424	0.480495921766963
1.48753419821393	0.760460836454544
1.30613742124994	0.948362676238759
-0.872761603472971	0.493100935139209
-0.766657560882231	0.530055632745165
0.116082575288088	0.0287539983358461
-0.30169847602354	0.102676603964709
1.49715905372592	0.737134837756461
-0.331827929117286	0.171578130043975
-1.35339004713052	0.641051646808914
-0.235437883533181	0.0905573655701408
-0.607725320276145	0.238972548824834
-1.2489917693723	0.703818315428364
-0.669511973462212	0.169187072363845
-0.804136938778594	0.288077643282142
-2.55295111775778	1.51107640569665
0.358601987507067	0.143969516415266
0.116740881199792	0.0295184450787547
2.04141577971061	1.34222465765866
1.48497994974627	0.727216707063535
-0.409303599020149	0.122798470587256
0.135260382067815	0.027537361279051
-0.412360718664773	0.120398139160621
-0.409081986755167	0.122428835263424
0.0660453082905511	0.0223992938884626
-0.550329265637171	0.366161806160848
0.775626665236938	0.535000136417179
-1.03131478152523	0.649530379326432
-0.166546625710619	0.10709153589799
-0.202625251396019	0.123421007265429
-1.01394704476819	0.741438068321926
0.0586771147215266	0.0219935412118981
-0.733517179764851	0.437644128390786
0.0564548467084498	0.0207817483177673
-0.479426517431911	0.212131776935875
-1.04050962346528	0.663722875864451
-0.868930520361694	0.492264183920144
-0.849528858044896	0.394660390413121
-1.57854010414779	0.562829732527994
2.74262749706831	0.836921336896799
1.96248231811148	0.513645335191982
0.107495951455752	0.0274203138654146
1.95861796438167	0.522920116684771
2.28375103057247	1.16314287290345
-0.574791214948326	0.297886367340402
-0.867930617189526	0.728924249801727
-0.631415215517841	0.404973147771712
-0.694974689107613	0.351382680303874
0.0671245085020984	0.0282622901081369
0.0788442096388632	0.0440079777521176
-0.873668095045533	0.49799222790755
-2.14050601671536	1.01075075067872
-0.408587259070592	0.122778214287602
0.114630299169053	0.0290142369505111
-1.18644403433955	0.376991864933128
-1.57568164587072	0.592566077238466
-0.305191298781304	0.103411512771553
-0.856867163806779	0.390237396705868
-1.10512450327986	0.461480511131395
-2.58577484787462	0.731703006055992
-1.79654774535228	0.450347580766032
-3.48268949602576	1.29408871497323
0.364322997537264	0.146997282022343
-0.670106889366981	0.169267896660306
0.131244754681026	0.0264041860353196
0.130144786582309	0.0263729403450103
0.135260382067815	0.027537361279051
-2.58680757847581	0.729745247139394
0.0579784869221043	0.0265710157710611
1.19487472561787	0.639320954945299
0.31224106097321	0.139321413343348
1.30702796444962	0.949655267277741
0.0622385190340383	0.0280081439905549
-0.892768926591719	0.593779953912074
-0.6596092627119	0.164566515651367
-0.66316670088369	0.170896697158849
-0.795855200142307	0.284875383722602
0.744993065963948	0.308270041400524
-0.183624586418828	0.0772130400980705
0.060029096584387	0.0204739546728505
0.0591077302296007	0.0242787769321789
0.413164074404931	0.240853932500459
-0.693701396104924	0.344025221782494
-0.690185469205337	0.348496031983019
-1.88775797325571	0.814341225607366
0.73560555275863	0.306518173274954
-0.664802490637611	0.168136000223553
-0.398456990228706	0.188049590493312
-0.660201570064858	0.168097646736901
-1.18479272281303	0.374888725715739
-0.664212702591029	0.172057081317188
-1.79654774535228	0.450347580766032
0.31298265334592	0.139851142442603
-0.701160211711158	0.344381746114617
-0.296254738715931	0.102136771994014
-2.58577484787462	0.731703006055992
1.40568879970289	0.441357465876045
-3.10068477185477	1.02132911380557
0.962657904739437	0.373934734747675
0.270424687735062	0.130685492190353
-0.56602627143653	0.29152521821289
0.0773433939431315	0.0427681554956626
-0.880949648108372	0.576644065053073
0.225919403833138	0.135702568704455
-1.18479272281303	0.374888725715739
-1.79696275354321	0.449497566570133
-0.664212702591029	0.172057081317188
-0.153529183954738	0.0694966510734503
0.352859120494269	0.14056512801732
-0.184123565316005	0.0775779719337128
0.0584013094487282	0.0264384291689536
-0.632347174108001	0.406415962877058
-0.232976207515386	0.0894135019696091
0.112988531215602	0.0287108076421722
0.269722642078341	0.128980643944132
0.446309437532734	0.156470985704835
0.359556041706404	0.14561082993579
-1.57392481451334	0.835238970031909
0.0694029039929072	0.0347909262141598
0.306648533299993	0.134975505020483
0.308048848527647	0.136693246395652
1.69570301431211	0.933841380812599
0.740295068970629	0.317500836457744
-1.18414033253932	0.366177227219592
0.994312339681085	0.566752064212348
0.700716834925077	0.403387762736119
0.135777281310589	0.0276700835720092
-0.660201570064858	0.168097646736901
0.139103019799911	0.027659650015314
-0.404465254254829	0.121110502077163
-0.884958654312065	0.572341625490535
0.303503187585363	0.133344650534779
1.68797021392328	1.26145353225391
0.0659180650215232	0.0301601026583766
-0.0504157493945504	0.0293090810280504
-1.18544536761663	0.374513004052977
-1.79654774535228	0.450347580766032
0.912296066932838	0.251719656905073
-0.295335734702111	0.100085904249089
-0.664212702591029	0.172057081317188
-2.59095080885704	0.73100422312804
0.305529260896655	0.134043851499878
-0.403745813670256	0.118495473551821
0.267144162183961	0.128194636158056
-0.185101080251016	0.0767726136556304
-1.3580324490257	0.665459036479094
0.0689718739285994	0.0330263645844067
0.0641934440712846	0.0265127388450317
0.0839639145488446	0.0254365526375156
-0.611138202722565	0.24274818901528
-0.689130554185848	0.344764260535454
0.44730624786212	0.164143493470563
-0.183043722059997	0.0763440285319603
0.0583743106820071	0.0215535658083248
-1.06616664607667	0.53571639437135
-0.307681613152822	0.106172256855123
1.40356203077698	0.475605300361172
-0.481783867137693	0.214354093334262
0.444043228929843	0.157344630340008
0.112988531215602	0.0287108076421722
0.306121699558837	0.130810234892863
0.113644458616893	0.0295034454276805
-0.66316670088369	0.170896697158849
0.11331362995568	0.0283571465180488
-0.232153034310155	0.0864640690692108
-0.234689719909187	0.0903744426415742
-0.754543717760616	0.426797110443926
-0.483554506717708	0.20963513809871
1.4045502103863	0.47447828268478
0.116740881199792	0.0295184450787547
-0.669066397096876	0.168170801532776
0.107176170950623	0.0268840977586865
-0.702216865777443	0.336163512802754
0.962657904739437	0.373934734747675
-0.664212702591029	0.172057081317188
0.740295068970629	0.317500836457744
0.607061651358987	0.188640562085449
-1.0655891262183	0.56258473083991
0.246802668251258	0.128008191410801
-0.277165476614794	0.155627839175817
0.0692606558560373	0.031880635232828
-2.58629113950768	0.75115680939482
-2.58577484787462	0.731703006055992
0.446391956196619	0.163248539578346
0.0856284114710317	0.025333367903842
-0.669511973462212	0.169187072363845
-0.40352323114107	0.120758066909653
-0.865618854826905	0.388039214145251
0.449288369478584	0.160705257369509
0.0562954041310773	0.0236034293888219
-0.408364610250408	0.125062886124958
0.0637879854111927	0.0290991371289615
-0.485886276679907	0.214343367348596
-1.10160751533824	0.460599551365656
-0.66316670088369	0.170896697158849
0.451118020366583	0.164035286059591
0.273937060185024	0.130772290134535
0.0923255650417806	0.0259157602781407
0.607997354893613	0.191805636940902
-0.409081986755167	0.122428835263424
0.066818620722573	0.0227796367301818
0.0663764696599132	0.0279999358733291
-1.79696275354321	0.449497566570133
0.912889390104767	0.252558480562074
0.112988531215602	0.0287108076421722
0.0872480038957441	0.0257575769720435
-0.299943484909118	0.10402142414042
-1.03836235851197	0.641979460914615
-0.274029431898739	0.152250810556079
0.139622796258569	0.0277906069185664
-0.6596092627119	0.164566515651367
-0.397863766666378	0.192370991419772
-0.879053857556483	0.585433182843189
-1.18544536761663	0.374513004052977
0.116740881199792	0.0295184450787547
1.95985299790711	0.5196076110699
0.0651123398218542	0.0223133285015938
0.738958008304311	0.306042792393098
0.0676332303375597	0.034668056612338
2.48263891780624	1.3839175410237
0.0671232941368207	0.0328054101628803
-0.73611485213746	0.444063376525644
-3.10009581190073	1.02285714033744
0.113644458616893	0.0295034454276805
-1.18644403433955	0.376991864933128
-2.59095080885704	0.73100422312804
0.135260382067815	0.027537361279051
1.40191507280496	0.462489177152332
3.24185806196734	1.14721545180589
0.112003320018995	0.0279968924911906
1.40553837052345	0.462042824189368
0.0569191062805418	0.0215737141361725
0.300979414875155	0.131388845930316
0.606261717682182	0.192838259478629
-0.233941950703939	0.0895256409013538
-0.610098840791516	0.248270143505648
-0.386780860540643	0.172896122305205
-0.125108232263014	0.0609602228811927
0.312833013506348	0.13903055221655
0.703968102865099	0.398232827941191
0.596889739438217	0.272561524978423
0.0587497471144612	0.0270172695433256
0.271659212921771	0.130393947056121
0.603885329091052	0.191922454954812
0.0698187032706045	0.0237552160456252
-0.664212702591029	0.172057081317188
0.913929522753106	0.246043148688257
-2.58680757847581	0.729745247139394
-0.669066397096876	0.168170801532776
3.23964852842416	1.12033667058929
0.729493175628521	0.295428181817907
-0.664802490637611	0.168136000223553
-0.58170905702939	0.319382700792454
0.135260382067815	0.027537361279051
0.0839639145488446	0.0254365526375156
-2.58629113950768	0.75115680939482
0.0586964350520086	0.0244900142054178
0.445521276088191	0.159509279653994
0.135777281310589	0.0276700835720092
-0.80246806351705	0.288485668070392
0.605326892600321	0.193060090298176
2.0478165689906	0.929371582903691
0.912296066932838	0.251719656905073
0.0686706929679463	0.0336329437939789
-0.145112213551124	0.0657598673554218
0.758549819516653	0.633033261859699
-1.3173102415698	1.01834963217156
-3.10127393419528	0.992376013889665
-0.689700309290532	0.347507718210125
-0.3252884265666	0.168816278774556
-1.18479272281303	0.374888725715739
-2.59095080885704	0.73100422312804
-0.301516800462994	0.104279570600627
0.605540363795595	0.196883836529778
-0.878720396931131	0.560387299858457
1.87514812560182	1.17297407592516
0.30641829804037	0.135553998244329
0.0668210679959833	0.0308036986922545
-0.230659184505107	0.0885083408720353
0.456694511842705	0.24918062892844
-0.301607804620283	0.105224348398864
1.00952548600464	0.720925133497844
-0.663623121117757	0.16832657241939
0.062708852197417	0.0206043322404755
-0.123579904319149	0.0602274278216531
-0.184674602816841	0.0771712368254169
-1.06695676048145	0.558204554366281
-0.408587259070592	0.122778214287602
0.0822998201095202	0.0244639580863817
-0.233941950703939	0.0895256409013538
0.364221081212323	0.147280099102689
-1.57568164587072	0.592566077238466
-0.637516069304426	0.414104447135636
0.0580935247354964	0.0242658544295254
-0.280447584873243	0.151966177694002
0.0611018384036844	0.0231801711409999
-2.35618459111535	2.67878558064998
0.135777281310589	0.0276700835720092
0.692620734436793	0.377258957210031
-1.88775797325571	0.814341225607366
-1.19188226610419	0.375962561582381
-1.58031521895221	0.585418550538611
1.25306847819444	0.566289241267133
-0.305854006990515	0.102839321918632
0.513562642544724	0.258100856768668
-0.1488449245881	0.0664553353412403
-0.284292117982946	0.157634745012101
-1.09248515618866	0.976618992135681
-0.795855200142307	0.284875383722602
-1.19154656813053	0.367118450782497
0.0667392597732058	0.0228256121926022
0.210680343180917	0.146920429055282
-0.178993161067206	0.074579122211145
0.112658604632321	0.0287479409957195
-1.88684234986471	0.808902397025051
-1.18166548041718	0.368469140792702
-1.18514027726873	0.368523240093563
-0.664212702591029	0.172057081317188
0.135260382067815	0.027537361279051
0.420854947691481	0.249171533661285
-0.147331579973801	0.0669111607879083
0.958043128726059	0.359270471094045
0.0570464672581773	0.023930711809045
0.272284203029079	0.130566396757835
0.44730624786212	0.164143493470563
-0.765250479380412	0.555157019132864
-0.303078261074257	0.103728466623516
0.0849727367648129	0.025038189618109
-1.24363417066389	0.725404325422096
0.305381369142189	0.131292050313134
0.115286609781096	0.0286234996120476
-1.19088794599095	0.373522050063033
-0.303179127009356	0.102810560101526
0.603342170174344	0.280281513622501
-0.145676542349608	0.0659448815939349
-0.879408556328198	0.679941151125516
-0.670106889366981	0.169267896660306
-0.582466246084995	0.317720525677423
0.446391956196619	0.163248539578346
-0.66316670088369	0.170896697158849
-0.669511973462212	0.169187072363845
1.95985299790711	0.5196076110699
0.448220585415996	0.163302427940867
0.963434289390144	0.365415226185766
0.359352339812026	0.141277642704357
-0.371203791648942	0.23826556978005
0.518507310371517	0.359084666577342
0.277351439295622	0.134589129928878
-1.32070411944971	0.998591409332611
-1.06485585576029	0.562827830998315
-0.409081986755167	0.122428835263424
0.0626369780428912	0.02358360214488
0.35870416173247	0.145477496238099
0.116082575288088	0.0287539983358461
0.113973728175497	0.0282638388282525
0.0824182429315061	0.0244400238137061
0.0602959084034851	0.021756067455133
0.776139204238092	0.527560322714467
0.221484802241613	0.130496787892949
-1.18053699941896	0.809330173042035
-0.878477231780665	0.590880916733193
-0.280381987790748	0.152661884270876
0.962657904739437	0.373934734747675
0.0890339791130309	0.0261757124016103
-1.56978588513105	0.819011554028174
0.0683567328239415	0.0314245012157804
-0.0930800148069062	0.0472685344196134
-0.62692055027338	0.395137185679777
-0.405905073701272	0.118706078687127
-1.10434247161086	0.461741074688302
-1.05917261966508	0.540819183786938
-1.11132118480954	0.476622881160275
0.312091901785669	0.139613382892612
-0.123557849456117	0.060624468210314
-0.890319777669255	0.459403608035597
0.368293395242939	0.144181041455296
0.301723270594999	0.131266521167485
0.966727005109568	0.359197706999677
-0.489612179948901	0.279481443539796
-1.10840746476708	0.458143649483137
0.062495305352242	0.0237571373538393
0.247578235718461	0.128601915342027
0.116740881199792	0.0295184450787547
0.448498623227753	0.156730919067644
0.359656949859158	0.143380106480036
-0.23458019766616	0.0905388512161624
-0.610098840791516	0.248270143505648
-0.283519301244198	0.157014092154608
0.737716414078366	0.300995823768225
-0.66316670088369	0.170896697158849
0.913335617383717	0.245257029296354
0.0660498034967168	0.0324738710636728
0.061981377221347	0.0233706348015071
-1.00909469461727	0.736080180192967
0.0700980551393927	0.0365596788936897
-0.854315111921589	0.401282435989275
0.0831912650560584	0.0251825611572787
0.139622796258569	0.0277906069185664
0.360218836811624	0.141176866677624
0.112988531215602	0.0287108076421722
-0.184206876920051	0.0757356855425951
0.0907302676588734	0.0544131610882614
-0.0481162689581176	0.0263686310642916
0.0577981380649598	0.0218596779256084
-0.879243124563087	0.591900575473751
-0.669066397096876	0.168170801532776
-0.301607804620283	0.105224348398864
-0.575807912796508	0.312759471781369
-0.612078600337796	0.234700543176141
-0.6661018782948	0.165506120532102
-1.79654774535228	0.450347580766032
-0.669511973462212	0.169187072363845
-1.18544536761663	0.374513004052977
-0.664802490637611	0.168136000223553
0.735312101499512	0.311861779805106
0.977507468176562	0.438344271063882
0.0705920796761428	0.0239218771072657
-0.882553416138419	0.489886186285131
0.302759085678151	0.133478881365727
1.69805646547334	0.948991342477332
0.302014623296101	0.132364687372781
0.0580935247354964	0.0242658544295254
-0.182886866740271	0.0767727710543764
0.0672821385326267	0.0254111436329903
0.738493759799648	0.309080061396945
-0.127073036499907	0.0598443189550565
-0.300729928489825	0.104672402463958
-0.605789348353789	0.245350537511065
0.610621690747203	0.283757045944347
2.48474808346523	1.32175947084469
-1.10688994281584	0.465106828093368
0.981260573845083	0.48022701043992
0.113644458616893	0.0295034454276805
-0.40352323114107	0.120758066909653
0.135260382067815	0.027537361279051
0.606261717682182	0.192838259478629
0.0856284114710317	0.025333367903842
0.912889390104767	0.252558480562074
2.66664433347642	1.64623017746052
1.2520376409135	0.537860657267895
-1.42749139673819	1.63981761737255
-0.185913585001493	0.0766353062544974
-0.335182439927553	0.174502224315209
1.38086332642939	0.83905129847903
0.451906878169094	0.164630247528037
0.356348527963432	0.139434894939475
-1.18544536761663	0.374513004052977
0.31224106097321	0.139321413343348
-2.06936928308981	1.51681793685181
-0.241558659842477	0.14128163267089
-0.621582420549519	0.536987658519116
0.0684927796230469	0.0316458308157839
0.305529260896655	0.134043851499878
-0.398767125155797	0.193169112263054
-0.490212910699414	0.283233343565597
-0.668470895945976	0.168089776840781
-3.10009581190073	1.02285714033744
-0.485450326223032	0.283660629070706
-0.481196530439831	0.213755792718274
-0.771470782163228	0.546102986054042
0.063233916534657	0.0238838361123592
0.308048848527647	0.136693246395652
0.271954251944349	0.13279759097446
1.40668399072832	0.465456967502554
-0.872927753854746	0.496910787037679
-0.118622544212643	0.0577331375221627
-1.10600663647145	0.476394599826471
1.69889926268369	0.951358165787285
-1.10522473116348	0.476697883437059
0.284300175150352	0.131993819274675
0.0648523981275961	0.0238143200351702
0.0881412318493209	0.0263614188927434
2.04363970295223	0.919954641404564
-1.81731729315519	1.52143412729043
-0.80246806351705	0.288485668070392
0.448220585415996	0.163302427940867
0.113644458616893	0.0295034454276805
0.113644458616893	0.0295034454276805
0.977344467503964	0.477777845698921
1.24755329195453	0.559223311435058
1.95861796438167	0.522920116684771
-1.3087082311397	0.990846763893855
-0.551471838797501	0.373767417076755
0.0632946421295998	0.0264141930627781
0.450328728044094	0.159866625787245
0.066818620722573	0.0227796367301818
-0.409081986755167	0.122428835263424
3.24185806196734	1.14721545180589
0.0856976418213673	0.0247835740091032
-0.797523359661614	0.295014290825509
-3.48138797289842	1.25307895187167
-2.36830967051273	1.25575964795398
-0.606738597158114	0.242917777601873
0.239261503050428	0.132222058626025
-0.183624586418828	0.0772130400980705
-0.201639058540862	0.123242080663538
0.83160241199315	0.653114385565247
-1.12994556670981	0.882740125248395
0.0698187032706045	0.0237552160456252
-0.234324247360838	0.138557018541655
-0.274841926073021	0.151900192260261
-0.179887632965094	0.073592911116789
-0.282432826554227	0.156868076003006
-1.57568164587072	0.592566077238466
0.0667392597732058	0.0228256121926022
0.864035993151764	0.550923549002204
-0.797523359661614	0.295014290825509
2.18866932507925	1.60582362417528
-0.605018653446507	0.247296557897613
-0.302393261349572	0.104825163216502
-0.606648890775968	0.246331229661046
0.0824182429315061	0.0244400238137061
-0.297826639770653	0.102398685741616
-0.396525461603357	0.185901036080311
0.362621095507343	0.146675067583003
0.114630299169053	0.0290142369505111
0.0609294623022276	0.0208216330384323
-2.36068481602324	1.26231878634074
-3.78732129170919	1.56313788226164
0.0856284114710317	0.025333367903842
0.0839639145488446	0.0254365526375156
-0.302483397253497	0.10330406160642
0.44296472407203	0.157085368414133
-0.692231324319801	0.349935498232864
-0.588475210267332	0.307212121372832
-1.0107004525183	0.755550635014845
-1.18721155065837	1.14276738059915
-1.34694026119747	1.21112969054335
-1.60676448284038	1.76583040851175
0.241970159265745	0.123910503091997
-0.600436875507951	0.243859923513718
-0.855805932391559	0.401078180427981
-0.595654828049796	0.465408476439788
-0.663623121117757	0.16832657241939
1.40257383430154	0.464189106659952
0.115286609781096	0.0286234996120476
-1.10961486921521	0.459667056444222
2.67730820790629	1.42077479421108
-0.799191102512402	0.287022737842076
0.912889390104767	0.252558480562074
-1.19122455004626	0.369529285196244
-0.404465254254829	0.121110502077163
1.14047184360163	1.13901078085395
0.699814244996143	0.398300343928319
0.7025234270805	0.405749238765891
0.869487082845237	0.568434385429255
0.775493223710978	0.537293716394969
-0.394317831955728	0.18994603125229
0.307899805896187	0.135523081469168
0.355398906112574	0.140999549586433
-1.03983233355891	0.64497087208503
-0.795855200142307	0.284875383722602
-2.59095080885704	0.73100422312804
-1.10160751533824	0.460599551365656
-2.15114223617649	1.03226674199683
0.609004155777126	0.286758401658841
-0.483554506717708	0.20963513809871
-1.75596670423985	1.02541867776733
0.0705920796761428	0.0239218771072657
-1.06632275531472	0.559164511592427
-1.57568164587072	0.592566077238466
-0.239576221220628	0.0920266355600454
0.447431015488705	0.162709811063589
-0.306767176515893	0.10561250360376
-0.18214949812842	0.0758568941818079
0.0609294623022276	0.0208216330384323
-0.695135999590627	0.353626971167267
-0.606738597158114	0.242917777601873
-1.88852314386322	0.806282434102233
0.0783782556206494	0.0235686444440378
-0.664212702591029	0.172057081317188
-0.663757067340134	0.167041246972049
0.0638832222520952	0.0203668570672689
-0.797523359661614	0.295014290825509
-0.874045791210775	0.656901344497322
-0.855805932391559	0.401078180427981
-1.06647898096307	0.564657521717205
0.0677468205540569	0.0332949722279627
-2.06936928308981	1.51681793685181
-0.423473266593312	0.256662203121632
-0.855805932391559	0.401078180427981
-0.367729965021862	0.238486796779995
-0.0990697695908991	0.0515765588804053
0.598225217898773	0.189702995214788
-0.877530564433342	0.494639945502778
-0.0732868813356529	0.0405447054052194
1.19076999263287	0.662771003282483
1.37205756188552	0.828701887765748
-0.186149905289873	0.0776256699217334
-0.488022460366692	0.205112852174214
0.136883103816544	0.0276946864016619
0.112988531215602	0.0287108076421722
0.0881412318493209	0.0263614188927434
2.48174452158481	1.38574027296559
-0.363259676812524	0.233329236580224
-1.56099557163482	1.12689364448004
2.04197181198395	1.42853403770901
0.9869651243252	0.469829731202013
0.0651265809025067	0.0318657044912221
0.0631566689879155	0.0285826212233933
1.37016022948464	0.839733472936166
-0.0990697695908991	0.0515765588804053
0.273313156599962	0.131603527801188
-0.799831649634205	0.285003959324924
-0.664212702591029	0.172057081317188
-1.07190209462412	0.567011264349773
-0.605107464173874	0.248281748462392
-0.481047503456984	0.214889758599387
0.0635644059786981	0.0212472185212218
-0.302304101270436	0.102286932640459
0.077453458355048	0.0233756652429529
-4.25887491008359	2.08728413077642
-0.664802490637611	0.168136000223553
0.0849727367648129	0.025038189618109
-0.66316670088369	0.170896697158849
-0.404465254254829	0.121110502077163
-0.66316670088369	0.170896697158849
0.35064565737392	0.132943308130652
1.40191507280496	0.462489177152332
0.979792079311907	0.478628402358911
-2.14267651701142	1.02986063118191
-1.19188226610419	0.375962561582381
0.605540363795595	0.196883836529778
-3.10068477185477	1.02132911380557
0.609658093055625	0.193682993386016
1.95861796438167	0.522920116684771
2.04703166690979	0.924881425572842
-1.57126933210952	0.833092775297699
-0.692561705842825	0.349621087687944
-0.141784067894643	0.0649922035134489
0.610621690747203	0.283757045944347
-1.1321527720392	0.921131725665469
-1.75702551862565	1.0312117701672
-0.300822756410362	0.104569228367995
-0.281659962880977	0.156247221529316
-1.56099557163482	1.12689364448004
0.0666862028527569	0.0355941583516723
0.52685080837494	0.265098898670484
-0.865514679591433	0.468387380319261
-0.12246531334944	0.0601371262254678
0.0694938492598412	0.0369365373646547
0.755065600403259	0.618460024067168
0.306648533299993	0.134975505020483
1.01022992400304	0.573943207051876
0.30641829804037	0.135553998244329
-0.0186845363059789	0.0106762195994309
-0.121849574357173	0.0597647660996833
0.594669686346025	0.261205102139394
-0.188209883785278	0.1115438236073
0.0778759751735244	0.0341085562508358
-0.684172782160699	0.339713255506618
0.0610169733463136	0.0230085473637661
1.19481248009369	0.641617130446263
1.48646914422425	0.738359490787199
-0.230549237064323	0.0876091362242137
0.818377761739654	0.438459087939051
1.81362271022498	1.4545543962099
-0.859414113553394	0.382383047862396
0.702968559419908	0.400898616070574
-0.297826639770653	0.102398685741616
-1.19122455004626	0.369529285196244
-1.57472650403645	0.588607364274046
0.521845994723162	0.264148445478782
-0.232229254791487	0.0885760135001985
-0.392830635497703	0.188643387252491
0.448220585415996	0.163302427940867
-1.10160751533824	0.460599551365656
0.35782067265869	0.143387628368836
0.734648650445712	0.312675934806691
-0.66316670088369	0.170896697158849
0.911849189459234	0.247094342382604
-0.605967865973031	0.242891785761604
-0.610098840791516	0.248270143505648
-0.408587259070592	0.122778214287602
-0.406707888988247	0.121566231332134
0.112658604632321	0.0287479409957195
-0.66316670088369	0.170896697158849
0.967752887231938	0.37460287568782
1.40290262296238	0.473801590956212
0.0586964350520086	0.0244900142054178
0.605540363795595	0.196883836529778
0.0890339791130309	0.0261757124016103
0.136365592898716	0.0275626354515824
0.112658604632321	0.0287479409957195
0.0698187032706045	0.0237552160456252
-0.306767176515893	0.10561250360376
-1.10512450327986	0.461480511131395
-0.867400008726765	0.380863384582247
-0.183227860585219	0.0767457799768246
0.0639721583025919	0.0236932129562331
-0.481047503456984	0.214889758599387
-0.305979022732257	0.105460986755316
0.0591277177396427	0.0198138574630187
-0.407871228705541	0.120108530289818
-3.78660981790077	1.54961629064812
-0.743723823219051	0.455141350570332
0.30641829804037	0.135553998244329
0.309679745423207	0.135973864585252
-1.01317145071752	0.769348969340767
0.0622458188317791	0.0260171081371344
-0.416498545639899	0.290639566751914
0.521625250599255	0.260955703189356
-0.288191591580505	0.154972074856694
1.69730229486213	0.97603788221596
0.712713244576509	0.623580923251533
0.116740881199792	0.0295184450787547
0.113644458616893	0.0295034454276805
-1.11053609395164	0.474325461289262
0.0607517044802073	0.0253572712884079
-0.16101832634275	0.102644925732386
-0.882895737973749	0.600295228181218
0.382995147171259	0.244512913228593
0.518422313865966	0.264498726595568
0.303649606870022	0.133325473589715
0.27453461964429	0.132917658436121
0.0659661379964311	0.0226552702120729
-0.574152704555539	0.309306708140621
0.512667984896332	0.256609713537138
0.0675119676412619	0.0226367788598995
1.19817419159458	0.642595353794658
-0.391928239522674	0.18785847840567
-1.35966740970982	0.650260282593536
-1.18514027726873	0.368523240093563
1.76890284884816	0.663373017074601
3.24185806196734	1.14721545180589
-0.630811699825309	0.409727854591683
0.0667392597732058	0.0228256121926022
-1.24964203710104	0.734918030441287
-0.582466246084995	0.317720525677423
-0.324667038052831	0.169136711803186
-0.125108232263014	0.0609602228811927
-0.180312619625189	0.0758160054406821
-0.481047503456984	0.214889758599387
-0.798292438113117	0.293257647460578
0.912296066932838	0.251719656905073
-0.664802490637611	0.168136000223553
-3.78803306281835	1.56114299435305
-0.304535547722414	0.0959215977524545
-0.664212702591029	0.172057081317188
-2.58629113950768	0.75115680939482
-0.663623121117757	0.16832657241939
3.61149692716889	1.39264602359686
-0.852825844975754	0.387391324505535
-0.307555760576201	0.103942117734034
2.28003913123405	1.14945297410369
0.136365592898716	0.0275626354515824
0.972348561756703	0.469620046396103
-1.19022958329083	0.36718955542521
1.40800222452611	0.463189548751009
0.0725611629566407	0.0377455947417119
-1.92526275906103	1.7340857677499
-0.0686948885306705	0.0463711242602161
-1.03809653589635	0.651407669565115
-0.796624533075872	0.286275403845535
-1.18544536761663	0.374513004052977
0.114300126183082	0.0290815784858705
0.961881140408062	0.363274664134518
0.0848555114773096	0.0256163091913079
-0.670106889366981	0.169267896660306
-0.409303599020149	0.122798470587256
-0.660201570064858	0.168097646736901
-0.407647544276453	0.125048986852886
-1.79696275354321	0.449497566570133
-0.669066397096876	0.168170801532776
-0.408364610250408	0.125062886124958
0.089489356054147	0.0504779821634491
0.537314260201572	0.474365627228181
0.859726310246664	1.06877256214321
-0.580792913694345	0.318215930880315
0.0720308493496084	0.0392041168607945
0.588482664509456	0.635598658518522
0.076483781728714	0.0651944971818867
0.21204818086182	0.19894576048512
-0.091993532871822	0.0952752186780605
-0.107610906080978	0.0955060236367266
-0.212455169730684	0.227591506555867
-0.248632825685655	0.193422657286493
-0.541922368699379	0.486827758083113
0.200722739870644	0.151435357884499
0.392672681551653	0.477412943266336
-0.0509059760019196	0.0466479980528435
-0.0676124822468454	0.0553995123125667
-0.322955562733011	0.215153419749069
-2.59616958186219	0.698349774917917
-3.10068477185477	1.02132911380557
-0.795001390996917	0.284010053207826
-1.19022958329083	0.36718955542521
1.40767466870752	0.473822721549798
-0.0284807365161446	0.0208881486950436
-0.358987455545644	0.334272404313233
0.558333835976146	0.362218540557038
3.24075328636541	1.15115085460991
-1.06954370337422	0.565386820044387
-0.0982373664955045	0.0506469216058803
0.625517328068393	0.678290652386723
-0.331936933112125	0.33755228658411
-0.344965954408869	0.285871391944758
0.113644458616893	0.0295034454276805
-3.10068477185477	1.02132911380557
-1.79654774535228	0.450347580766032
0.136365592898716	0.0275626354515824
0.135777281310589	0.0276700835720092
-0.330612592707267	0.173423154296436
-0.284292117982946	0.157634745012101
0.0608756218213699	0.0231750801902003
-1.18579202880628	0.377375738923198
3.23964852842416	1.12033667058929
-0.115708948765012	0.0749429268948277
0.079244030824969	0.0420842350030101
-0.484512946306086	0.343712791687527
0.821844351707559	0.662383839089998
0.905109575269319	0.690767283960869
-0.4825679199159	0.273975253849651
-2.86106656718792	1.86578354387275
0.253241596925818	0.134058915204089
-0.14988303879716	0.0670703941091207
-0.234689719909187	0.0903744426415742
-0.605278008811951	0.239857666429943
1.16941129623276	0.775323874658998
-0.480311503991658	0.214140651371127
-0.878572525158309	0.485739355543687
-0.600297774182362	0.238898377739395
-0.610691748925903	0.649860119507952
-0.235411134729333	0.167612360279084
-0.481490496795731	0.446712015768386
-0.0630599505923672	0.0343606322343856
0.77770619417903	0.96586831862605
-0.312428287542792	0.316228650433958
0.444078088348326	0.437691175971009
0.351447628142181	0.332703445724059
0.629593516236138	0.596654400573245
0.107970323962333	0.0722272048099315
-0.207628604503588	0.185880372743476
-1.72905599509189	2.58669534773643
0.386582617749845	0.338154481751127
-1.28323608718446	1.44391364136703
1.02911606406395	1.23604931297227
-0.659254750568236	0.666841412487441
0.130335900515414	0.104055682544177
-0.663757067340134	0.167041246972049
0.598508508821073	0.276082141118485
-0.608554753610459	0.241854685904346
-0.241715826265943	0.167392827768898
-0.279755483639966	0.189377688665874
0.695667030642615	0.499525822994203
0.695667030642615	0.499525822994203
-0.302393261349572	0.104825163216502
-0.0877242868010204	0.0580364379887625
1.88340264601599	2.03210218664215
-0.0332532756704432	0.0197436270841537
-1.57472650403645	0.588607364274046
-0.663623121117757	0.16832657241939
1.24675983072472	0.542373941481203
-1.79654774535228	0.450347580766032
0.604606269196918	0.197131496894388
0.112003320018995	0.0279968924911906
-0.302483397253497	0.10330406160642
0.516795471914069	0.351698865818811
-1.17627027042223	0.791513828643251
0.30641829804037	0.135553998244329
-0.798292438113117	0.293257647460578
-0.292418036965576	0.0968201198622638
-1.56381921610329	1.09089276975685
1.19076999263287	0.662771003282483
-0.299943484909118	0.10402142414042
0.610382885599145	0.189869757277567
0.985318469555268	0.454949324634697
-0.420936434551175	0.265192437554621
-1.0751305273313	0.54553880068914
-0.389743684973041	0.183355254890186
0.0656141090133084	0.0218336829875487
-1.75821200618438	1.03171325050399
-0.18214949812842	0.0758568941818079
-0.421703904185802	0.26657987487987
-0.578214860203157	0.31125139752698
-1.58759381181129	0.789787889597388
-1.03718139040347	0.661008756719922
-0.235437883533181	0.0905573655701408
-1.02997423446559	0.617728716635507
-0.89354032536312	0.592071955655389
-0.371231583540594	0.238812149347036
-2.06401905887232	1.43030095970772
0.227883573361364	0.126562436774319
0.0559321714812837	0.018453381144853
-1.17670963627007	0.811720864393816
0.759187346135907	0.737589827749823
-0.481635196776876	0.210445144282834
0.814709000774112	0.424509899384148
-0.852708523060132	0.395708434495422
0.962657904739437	0.373934734747675
-2.58629113950768	0.75115680939482
0.447180245393312	0.160006763411687
-0.174570005405082	0.109533559491301
0.106350925782848	0.078429978168911
-0.3278601320756	0.165799856473883
0.0667392597732058	0.0228256121926022
0.6130522174423	0.27998905425123
-0.849411079137452	0.387364744476467
-2.71669197875796	1.74961596570475
-0.12246531334944	0.0601371262254678
-0.239576221220628	0.0920266355600454
-0.855060327780243	0.402472756021541
0.249281165374712	0.129144101453818
-0.855805932391559	0.401078180427981
-0.40032069995601	0.115243865801675
-0.151706349124454	0.0693118143200076
0.281109458795017	0.134772115160298
0.511992972397462	0.343367437256988
0.0683886731252483	0.0365554289073422
0.060029096584387	0.0204739546728505
-0.611004560375104	0.24928574573673
-1.89340726539371	0.813936972528348
-1.10434247161086	0.461741074688302
1.39646987242209	0.452928906603584
0.060029096584387	0.0204739546728505
0.605540363795595	0.196883836529778
0.117398925333755	0.0291170272605346
0.0651926018913605	0.0222724605734126
-0.662576541438912	0.167226093944783
-0.607420216857878	0.240883097889171
1.24937717840383	0.563071247913996
-1.19122455004626	0.369529285196244
-0.793458934798463	0.284215957331135
-0.295469429287015	0.0998523114548455
-0.6596092627119	0.164566515651367
0.135777281310589	0.0276700835720092
-0.407647544276453	0.125048986852886
0.359556041706404	0.14561082993579
0.742867532628529	0.310144878918244
-0.606953668180011	0.243708788176915
-0.79995992628926	0.280707313383975
-1.24126761771044	0.694073877936663
-0.409081986755167	0.122428835263424
-1.75613099538971	1.06087954786067
-0.234689719909187	0.0903744426415742
0.359454504181821	0.145231959410382
0.977439171668744	0.465380752977412
-1.25296502011569	0.743536503943463
-1.35758876611409	0.623617611746572
1.81738438136524	1.49949993838115
0.078093985633006	0.0434600865902795
-0.118036585127358	0.0586978952541174
0.0665127338222063	0.022084042476071
-0.878692400138484	0.497120261691709
0.513201513656901	0.252047912950718
-0.484513507542786	0.280133745251428
-1.57496884014978	0.589652275200931
-0.664212702591029	0.172057081317188
-0.391025199735992	0.185565533983717
0.087365611956047	0.0261067336815929
-2.58577484787462	0.731703006055992
1.95985299790711	0.5196076110699
1.40389015544422	0.472685258600458
-1.1884258559453	1.1367747860997
0.0568985461561875	0.0235588134352584
-0.143452230560665	0.0657766127683
-3.10068477185477	1.02132911380557
-1.88607692070189	0.809688729884456
-0.686377256931377	0.345653996338961
-1.57568164587072	0.592566077238466
-0.615993201025748	0.242202223539703
0.0839639145488446	0.0254365526375156
0.0791585347726345	0.0234529604649985
-1.9207916667808	1.2238722901765
-1.3654995816303	0.661177379683433
-0.240428625334976	0.0920392932916859
-0.23458019766616	0.0905388512161624
0.966838633891883	0.374912881186244
0.0641854210844265	0.0241334911358088
-0.305854006990515	0.102839321918632
0.139103019799911	0.027659650015314
-1.79654774535228	0.450347580766032
-0.663623121117757	0.16832657241939
-0.662576541438912	0.167226093944783
-0.803125020590228	0.285695500061086
-3.09950705418866	0.995493427876299
-0.662576541438912	0.167226093944783
2.74792250819921	0.835344773846958
0.604606269196918	0.197131496894388
0.0872480038957441	0.0257575769720435
0.0651926018913605	0.0222724605734126
-0.408364610250408	0.125062886124958
-0.662576541438912	0.167226093944783
0.107495951455752	0.0274203138654146
-3.09950705418866	0.995493427876299
0.108476741477317	0.0270035139224236
-1.79654774535228	0.450347580766032
0.961354570132191	0.361591412302932
0.0776071813963654	0.0336576622677658
-0.144040059149108	0.0633789556466113
0.812712920985683	0.430120146475084
0.517666658326558	0.26511675217471
-1.06152786080405	0.555785513181712
0.31402368203885	0.135906860351251
-0.299943484909118	0.10402142414042
-0.0963470988674297	0.0503257800177468
-0.426909126014472	0.311189106329903
1.76472482150894	0.684479158663199
0.0574949907683291	0.0260014730768767
1.30483442138656	0.955711408765675
-0.478465009200961	0.209300128992842
0.356245703371327	0.139655044581537
0.0663764696599132	0.0279999358733291
-1.18963512953622	0.789479677093128
1.1710774377572	0.754133660202363
0.0964410314692249	0.132415929008719
0.160275950235004	0.179503335085496
-0.237868860395305	0.162327935080299
-1.12867467134996	0.905984064081152
-0.875467165036395	0.730118127986933
-0.596358953642802	0.288369299334606
-1.14237144277829	1.18966391761151
0.70408390112679	0.520402262518428
-0.518962775802936	0.443132228417857
0.236463702826235	0.144323997437664
-1.24834181041589	0.708519430242637
-1.57425633771081	0.575460555460466
-0.677211576657111	0.50257389352244
-0.113503344054131	0.0757778008754302
0.218193133087607	0.146908115178413
0.222407758548189	0.13337009123557
0.0600843060744504	0.0271056740532202
0.0622458188317791	0.0260171081371344
-1.57288037473188	0.861778691829715
-2.19873932870412	1.67969787427589
0.459331269964635	0.252092593854704
-0.145360308679507	0.0663278537674152
-0.184123565316005	0.0775779719337128
2.48745294846622	1.39835146332621
-1.03504973186398	0.647180380142787
0.518136272082418	0.361939265153603
-1.18479272281303	0.374888725715739
-1.35989210961356	0.642802172182294
-0.41474348075527	0.123952726570493
0.0839639145488446	0.0254365526375156
-1.18514027726873	0.368523240093563
-1.57639475513477	0.588553041329138
2.27741860570511	1.14694350962097
0.0704604233784031	0.0230699537609148
-0.664802490637611	0.168136000223553
0.35870416173247	0.145477496238099
-0.795001390996917	0.284010053207826
-0.297960963815175	0.101519933617485
-0.797654549863588	0.287240119533882
0.964323663454472	0.367034919041761
0.113973728175497	0.0282638388282525
-0.14794546249915	0.0677384088874005
0.450328728044094	0.159866625787245
0.0848555114773096	0.0256163091913079
-0.278526302100521	0.151891041493453
-0.758591102396639	0.50981949766612
-1.17670963627007	0.811720864393816
0.734648650445712	0.312675934806691
1.15183639074975	0.894817783408008
-0.05405126547376	0.0385424259449388
1.68348286400139	1.21366475730116
-0.0125979091169623	0.00763125397671885
0.655864665682326	0.581669023272162
0.97183198192338	1.19834996354409
0.205304839425543	0.170357193308528
0.920824468523636	0.995808793537507
0.684336319225007	0.936487252342191
0.211329151417706	0.140323222272937
-0.979388538050993	0.887040457017463
-0.968871900651059	0.884673940819348
-1.07435522041394	1.23549477145255
0.109567320917147	0.0738895229037583
-0.695581221468136	0.560413823408242
-0.881532174388051	0.606840024028892
-1.25824231060049	0.719858923311064
0.272687393353425	0.128543927851801
-0.78675472723924	0.622384119644706
0.357061477505155	0.340413119827391
-0.926885584035575	1.0537927548525
-0.110028195442632	0.0725812141879704
0.868968314691932	0.557036071489128
0.0616376228116313	0.0284538684698088
-1.30887491868101	0.950326817465121
0.0623964736094975	0.0261550583912723
-1.24202173282027	1.0345234633548
-0.869634757592832	0.806460245532338
-0.548552459792682	0.368622155025397
-0.889380299389507	0.59707937565247
-0.951270581153434	0.949148318729431
-0.593472988646937	0.446679924179229
0.207817045660307	0.140531741972296
0.207661690167533	0.130155338188127
0.518507310371517	0.359084666577342
-0.717805508093652	0.655012639019439
-0.499338345518403	0.280033385173104
-0.125136182892327	0.0601541839619644
-0.388682938084134	0.187990352619235
-1.17854261434143	0.795165523626043
0.43339085544217	0.147162453417412
0.0874811090590508	0.0251941963026879
0.0672821385326267	0.0254111436329903
0.870380467019571	0.528332211155392
0.0848555114773096	0.0256163091913079
-1.19254024105573	0.369452928588994
-1.18644403433955	0.376991864933128
-4.04171664181725	1.83601823277207
-0.186149905289873	0.0776256699217334
-2.36600732446562	1.2737158115927
0.763404900598801	0.521268528078242
0.730389901273859	0.302302293346586
-0.202692594383233	0.167609127684475
0.100305633915252	0.0646273660426294
-0.467571066392892	0.383444285435314
0.103215458337362	0.0633946952208736
0.194299487092781	0.135886599747004
-0.16284503117701	0.102376054192299
0.221487480771367	0.15391744461974
0.318986317894644	0.24098443612128
0.0296385917915294	0.0204775094238515
0.124032710276969	0.100170183363717
0.346440396179051	0.348617246949952
-0.356846286548869	0.350444206383797
-0.4151606196001	0.464061631919683
-0.335862917260767	0.282920172423411
0.765342439599669	0.994271591491303
0.34530907472111	0.59302099570467
0.0953030467220679	0.0857375322289784
0.245335647453166	0.269025087370725
-0.000182037053783526	0.0000911965101112038
-0.416115941020186	0.465407874514046
-0.324352546878345	0.371242661257007
0.17001030220487	0.188754750034367
-0.415650466786804	0.439365918199587
0.323420278994324	0.238081037234572
-0.731184042511695	0.832112004526229
-0.293428791630561	0.30335373609181
0.11523728260205	0.127355316835174
0.651254864379972	0.993058834065836
-0.103119810522884	0.0900158986978018
-0.218323197026223	0.175552369376098
0.105458097679829	0.0733450744642515
0.14222998713934	0.129074779952436
-0.0478106796369448	0.03991332292933
0.275981799620836	0.252749253720081
0.428757756039969	0.391594109192727
-0.0978849130582137	0.0653512919796736
-0.160015710310851	0.120008354672293
-0.347501457625987	0.336378534505575
-0.391415732299549	0.350425478999413
-0.373636979848703	0.493649964640266
-0.103415888950151	0.0903767032694578
-0.750828333559389	1.01512706858216
-0.324966372305646	0.430057427131903
-0.319058431984797	0.321564474579646
0.216384296242411	0.150815525214149
-0.614785037285807	0.514319653792437
0.0682195173865549	0.0336480324641255
0.382936287008113	0.235097585678466
-0.195676635897797	0.112973142800169
-0.0530910188427913	0.0301765215362355
-0.431746197171375	0.318151267532295
-0.884873296442915	0.699708424410236
-0.303992316559791	0.102484866349445
-0.64327228149587	0.41230545621861
-0.476257430361268	0.2109789444204
-0.961028298087067	0.95940949660563
0.427084869767453	0.358219165400017
-0.124929515054491	0.0978042899061801
-0.436586702190226	0.308656739778026
-1.18479272281303	0.374888725715739
-0.66316670088369	0.170896697158849
-1.88852314386322	0.806282434102233
-0.608554753610459	0.241854685904346
-0.311252914909812	0.102701525438796
0.612131845898629	0.184670438488535
0.062495305352242	0.0237571373538393
2.7467554008779	0.836088103871215
0.112658604632321	0.0287479409957195
0.746015030243603	0.302235888956735
0.106515133433568	0.0267328578181176
0.524820841676662	0.25095440669021
-1.88531184977426	0.803168095638474
0.0661792127600433	0.0268362050799575
0.449133665665573	0.159845968273198
1.48663750605301	0.758598303689936
0.865705434083691	0.552303014239686
-0.393574060432363	0.18977696608378
-0.572676672760035	0.311832330079292
-0.605018653446507	0.247296557897613
0.359352339812026	0.141277642704357
-0.3252884265666	0.168816278774556
-0.688965894028246	0.345637293575241
-2.54874316814385	1.49405541721122
-0.245548517692819	0.140719481535481
-0.733207208736218	0.444728567752665
-0.385601617020746	0.17691901482857
1.68354519589936	1.17733436062019
0.233238073276778	0.130941252398175
0.0865201572594459	0.0250247138143358
-1.92404472281363	1.1961216701521
0.0659661379964311	0.0226552702120729
0.0833085924114522	0.0246185402556999
0.0831912650560584	0.0251825611572787
0.597296057013888	0.185511797708221
0.0839639145488446	0.0254365526375156
0.60367210198169	0.19256980157576
-3.10492169436991	0.995708432405488
-1.92412405254743	1.23860541051117
-1.79654774535228	0.450347580766032
-0.664802490637611	0.168136000223553
0.136365592898716	0.0275626354515824
-1.18544536761663	0.374513004052977
3.89748006657388	1.71426718004543
-0.664212702591029	0.172057081317188
0.610382885599145	0.189869757277567
-2.58577484787462	0.731703006055992
-0.66316670088369	0.170896697158849
1.25215754070218	0.563676977699684
-0.41380958751725	0.120649422834591
-0.303204649648556	0.102331733629649
0.740295068970629	0.317500836457744
-2.58629113950768	0.75115680939482
-1.79696275354321	0.449497566570133
-1.5740129761501	0.585738640708557
-2.58680757847581	0.729745247139394
0.966838633891883	0.374912881186244
0.361974375770227	0.142608404447343
-0.855805932391559	0.401078180427981
0.136883103816544	0.0276946864016619
-0.404964512109581	0.118365729060095
0.0856976418213673	0.0247835740091032
-0.117078575377293	0.0566301290360328
0.355398906112574	0.140999549586433
0.998117516649791	0.592375554045607
0.737282920823791	0.312350436920331
0.602951892153332	0.187666021664002
1.76172333364519	0.697544247206556
0.359556041706404	0.14561082993579
0.604218517365508	0.279468185385514
-1.18544536761663	0.374513004052977
0.598952681887659	0.190014654245685
0.136883103816544	0.0276946864016619
0.904204263936653	0.671751231460551
0.976495354115997	0.472902530483469
0.112658604632321	0.0287479409957195
3.60388184944415	1.3888673992779
-1.55782213809319	1.11076896302645
0.36740093227994	0.14397068393483
0.909945905714262	0.241501771309128
-0.306105282180039	0.103953041387721
0.0571941476651043	0.0239988521805149
-1.31026336709023	0.983108428170498
0.317917294828333	0.137505877402945
-1.18579202880628	0.377375738923198
-1.58126614149098	0.58929855705597
-0.296907183731667	0.100351895201639
-0.413296082833356	0.123702559230249
-0.471312828952037	0.200942976412888
-0.796754646570268	0.293511983266787
0.60778529414349	0.193560761266531
0.441148014753411	0.157000954192857
0.605540363795595	0.196883836529778
-0.605107464173874	0.248281748462392
-0.404243714813124	0.120782017445107
-0.795855200142307	0.284875383722602
3.24075328636541	1.15115085460991
-1.79696275354321	0.449497566570133
0.135260382067815	0.027537361279051
-1.80133209085414	0.443400290252019
-1.19188226610419	0.375962561582381
0.135777281310589	0.0276700835720092
0.135777281310589	0.0276700835720092
0.912296066932838	0.251719656905073
2.7437914163344	0.858143402013944
1.40767466870752	0.473822721549798
-2.59095080885704	0.73100422312804
0.136365592898716	0.0275626354515824
0.130144786582309	0.0263729403450103
0.135260382067815	0.027537361279051
-0.66316670088369	0.170896697158849
-1.79696275354321	0.449497566570133
0.135777281310589	0.0276700835720092
0.139103019799911	0.027659650015314
-0.402803060815048	0.118153833341878
-2.58629113950768	0.75115680939482
-1.79654774535228	0.450347580766032
0.136365592898716	0.0275626354515824
-1.79696275354321	0.449497566570133
0.136365592898716	0.0275626354515824
0.136883103816544	0.0276946864016619
-1.79696275354321	0.449497566570133
0.135260382067815	0.027537361279051
0.135260382067815	0.027537361279051
-0.6596092627119	0.164566515651367
-2.58680757847581	0.729745247139394
-1.79654774535228	0.450347580766032
0.135260382067815	0.027537361279051
-1.79696275354321	0.449497566570133
-1.79654774535228	0.450347580766032
1.96248231811148	0.513645335191982
-0.808773279590366	0.282452578066419
0.604606269196918	0.197131496894388
0.139622796258569	0.0277906069185664
-0.664212702591029	0.172057081317188
0.913335617383717	0.245257029296354
-1.79696275354321	0.449497566570133
3.23964852842416	1.12033667058929
-1.79696275354321	0.449497566570133
-1.79654774535228	0.450347580766032
0.136365592898716	0.0275626354515824
0.912296066932838	0.251719656905073
-2.58577484787462	0.731703006055992
0.135260382067815	0.027537361279051
0.131244754681026	0.0264041860353196
-1.79696275354321	0.449497566570133
-2.58577484787462	0.731703006055992
-1.79696275354321	0.449497566570133
-1.79696275354321	0.449497566570133
1.4045502103863	0.47447828268478
-1.79654774535228	0.450347580766032
-1.18644403433955	0.376991864933128
-1.79654774535228	0.450347580766032
-1.79696275354321	0.449497566570133
0.135260382067815	0.027537361279051
0.136883103816544	0.0276946864016619
0.135260382067815	0.027537361279051
1.95985299790711	0.5196076110699
0.912296066932838	0.251719656905073
-2.58629113950768	0.75115680939482
-3.48334063090817	1.28399851759288
1.95985299790711	0.5196076110699
-1.79696275354321	0.449497566570133
1.95985299790711	0.5196076110699
0.911256447744471	0.246298941668419
-1.79654774535228	0.450347580766032
-1.79654774535228	0.450347580766032
-1.79696275354321	0.449497566570133
-1.79696275354321	0.449497566570133
1.95861796438167	0.522920116684771
1.95861796438167	0.522920116684771
-1.79654774535228	0.450347580766032
1.95985299790711	0.5196076110699
-2.59147226472825	0.730846721008793
-1.79696275354321	0.449497566570133
-1.79696275354321	0.449497566570133
-0.695873636691218	0.354756390165911
-0.301607804620283	0.105224348398864
-0.860792398387076	0.403513693056219
-0.221640258785756	0.0774560594335774
-0.803125020590228	0.285695500061086
0.239757264884559	0.134603945544298
-0.119428325245299	0.0592760758841325
-0.481932666967238	0.214500333823115
0.0836222182651055	0.0471600267137572
0.215259008519606	0.125681707506684
0.05762494290306	0.0258980181004998
-0.774108869688932	0.612958187213654
-0.887283099984479	0.699164256713685
-1.18555617198994	0.825944398355244
-0.695297424728428	0.34909335633396
-2.15114223617649	1.03226674199683
-1.35716634243187	0.643681304774792
-1.57065341791043	0.847143852208117
-0.690926580634483	0.336326637024339
-1.11736347610777	0.460002229753649
-0.87124886507689	0.374122592253224
0.740295068970629	0.317500836457744
-0.406707888988247	0.121566231332134
-0.485785635128167	0.279402923635104
-1.56672282712715	0.816894970321443
1.25306847819444	0.566289241267133
0.077453458355048	0.0233756652429529
1.69645801207641	0.965605680869598
-1.36564825427554	0.618445257393334
0.308938924819394	0.136521227218019
0.0848555114773096	0.0256163091913079
-0.407647544276453	0.125048986852886
0.0659661379964311	0.0226552702120729
-0.481047503456984	0.214889758599387
0.065885684757479	0.0224844838123869
0.307899805896187	0.135523081469168
-2.1495766071219	1.04325653836346
-0.865775628536793	0.391241106190994
-0.853452944574757	0.399788417138826
-0.235495162520006	0.0893290155343456
-0.185913585001493	0.0766353062544974
0.609004155777126	0.286758401658841
-0.757656993895204	0.524240280456524
-0.0975273261619772	0.0504457147051742
-1.3604353685985	0.647708890305016
-0.180945512075202	0.147460633432975
0.461318236098756	0.355852857932858
-0.548484609377653	0.473463355463269
-0.670391073791256	0.485824132378279
0.438670567743103	0.355919547776392
-0.142819254832422	0.108444805010376
-3.10068477185477	1.02132911380557
0.962769260779224	0.364874637361253
2.2759283537522	1.12324614149493
-3.10068477185477	1.02132911380557
-1.89374237442225	0.750304659504686
-0.184865073953683	0.0778119169890729
-3.48203861008719	1.28728532646872
0.136365592898716	0.0275626354515824
0.11331362995568	0.0283571465180488
-1.57568164587072	0.592566077238466
0.0856284114710317	0.025333367903842
0.0716140147203518	0.0357760546582817
0.223641262756935	0.133679168194443
0.521237259107551	0.26768672086228
0.451906878169094	0.164630247528037
1.4923415776981	0.76659873354307
0.741071147944718	0.318502007835874
0.964434917581491	0.373013262440528
1.75612035288613	0.682142348903932
-0.304054465212331	0.101041949185631
-0.735130565961032	0.752294479069661
-1.12819007881873	1.35726761308182
-0.410020248827572	0.12031277846722
-2.14345456987319	1.0407699673523
-1.5930720290049	0.739448523638595
-1.09785500343606	0.993051464891471
-0.43344074119176	0.316394747019449
-0.476992926075368	0.211714784764112
-0.692231324319801	0.349935498232864
0.308640024485916	0.133010935507961
-0.484856716137904	0.214463511945117
-0.274113507044257	0.185475493976058
0.0586825666031299	0.0251028092460101
-1.06501252545001	0.561916655130423
0.112658604632321	0.0287479409957195
0.705967928846272	0.412201562784315
2.03916103369709	1.36725829336739
0.60778529414349	0.193560761266531
0.450077680815372	0.161280171398461
-0.0232856896024803	0.0140002531760145
-0.135411214869724	0.0883757041317656
1.08940181333009	1.3279598782675
-0.88241065240431	0.702601583040786
-0.312730449407202	0.207297088485943
-0.462867631806316	0.416666899480472
-0.739554632893498	0.796716054353289
-1.11524331312842	1.19087829331107
-0.350973977398013	0.296251989423803
-0.770154416298392	0.526717410956436
-0.66316670088369	0.170896697158849
-0.408364610250408	0.125062886124958
-1.57639475513477	0.588553041329138
-0.664802490637611	0.168136000223553
0.912296066932838	0.251719656905073
-0.312950113627421	0.104705539485387
-1.18710139294272	0.361111602192087
0.911256447744471	0.246298941668419
0.60367210198169	0.19256980157576
-0.419706427876536	0.122271201011872
-0.284393233238772	0.195293628092964
-1.75848683750291	1.0296614366428
-1.10688994281584	0.465106828093368
3.24075328636541	1.15115085460991
0.609658093055625	0.193682993386016
0.915256640528192	0.246546453799677
0.135260382067815	0.027537361279051
-0.798422643818896	0.288663490857028
0.136883103816544	0.0276946864016619
-1.15796945106231	1.57091341752858
-0.392684161491728	0.420773677891938
-0.360542523610869	0.228740444615178
-0.859414113553394	0.382383047862396
-2.32162089457944	1.98993043830822
-0.74311529522538	0.449675309890447
-1.34815684001827	1.15375809354371
-0.570222081339919	0.353538456696734
0.562113885031746	0.470695988619103
1.16260945288794	0.760078810207454
-0.552030240059213	0.369019759579846
-0.864281515113938	0.381803591356038
-0.695873636691218	0.354756390165911
-1.10239063636916	0.460341013088596
-1.18663114289361	0.836314424647243
-0.0826140080589425	0.042352027776652
1.88582474022732	1.1645956776782
0.062495305352242	0.0237571373538393
-0.601978735090025	0.241994454171677
-1.58103548518568	0.585023691463164
3.60705037972684	1.41981139395826
0.107495951455752	0.0274203138654146
-0.233999422252501	0.0889389637459555
0.603949930977753	0.280985884086667
0.306195662446327	0.132335637747279
0.30686171164634	0.227775352136214
-0.987471429975688	0.774851145941945
-0.217004379907138	0.171725357216787
-0.118494453336952	0.0585548570368156
-0.427551874614779	0.313382409520587
-0.855700441665798	1.06268580727646
-0.171863489794161	0.127162459566796
-0.504319516596826	0.603289975287673
-0.312200469680475	0.26884511352049
-0.181142798237696	0.167692251698922
-1.79654774535228	0.450347580766032
-0.855060327780243	0.402472756021541
-0.664212702591029	0.172057081317188
-1.57710816820336	0.573991879900061
-1.57472650403645	0.588607364274046
0.136365592898716	0.0275626354515824
0.112988531215602	0.0287108076421722
0.603885329091052	0.191922454954812
0.117729204636382	0.0297079654403452
0.461513851509289	0.257198126986689
0.363370011085244	0.146426304196319
-0.415071244097797	0.251402724036379
0.135777281310589	0.0276700835720092
0.0824182429315061	0.0244400238137061
-0.66316670088369	0.170896697158849
-0.764034467019046	1.17712336117778
-0.239500660177236	0.192982996732891
-0.900876550020416	1.13234170015367
-0.277094269148869	0.18564634708637
-0.0936339962366717	0.0496862760343269
-0.714928888405343	0.709988967145764
-0.0462640512231354	0.0267358838410594
-1.93247113913139	1.14735828992395
-0.58170905702939	0.319382700792454
0.0625468928268743	0.0260144658517515
0.0578449506697489	0.0265216097384726
0.0787243740793519	0.0370164455067124
0.337099705760658	0.22543693986525
0.480798535363739	0.419096205729152
-0.045145595398938	0.0258085920586338
-0.237731312938028	0.141006827000513
-0.231797711189905	0.136173830512047
1.03169020562124	0.83141788877413
-0.188321133692867	0.0786796869632865
-1.24336932074349	1.07668754119588
1.48575998787305	0.750711929463578
0.604606269196918	0.197131496894388
-3.10009581190073	1.02285714033744
-3.48203861008719	1.28728532646872
2.74495543716413	0.830653872698654
-0.404243714813124	0.120782017445107
0.106515133433568	0.0267328578181176
2.7467554008779	0.836088103871215
0.139103019799911	0.027659650015314
0.0872480038957441	0.0257575769720435
-1.32460682431863	0.939450738290471
-0.58170905702939	0.319382700792454
-0.264265624075744	0.210584725498919
-0.359446804722409	0.433377044389083
-0.62436601194138	0.674404537004739
0.60367210198169	0.19256980157576
0.112988531215602	0.0287108076421722
-1.18776214927597	0.367190764381714
-1.79696275354321	0.449497566570133
-1.79654774535228	0.450347580766032
-1.79654774535228	0.450347580766032
-1.79696275354321	0.449497566570133
0.912889390104767	0.252558480562074
1.01036426516789	0.580527015767589
0.231300046458809	0.137721821092837
-0.229802919984198	0.088058856117005
0.112988531215602	0.0287108076421722
-0.663757067340134	0.167041246972049
-0.663757067340134	0.167041246972049
0.136365592898716	0.0275626354515824
0.136365592898716	0.0275626354515824
-0.75052698941569	0.945067057164527
-0.75461272859237	0.946544378159812
-0.458397691458718	0.620627620672191
-0.06868764053433	0.0620283728418877
-0.173530618567585	0.1271451345152
0.371036549021874	0.42225225194268
-0.00343115515690056	0.00269242517642796
-0.258806220522777	0.197842937606425
0.349021872468769	0.245288504136073
0.0114206576589789	0.00745962227126505
-0.426731035521256	0.302986718127381
0.0721510242687525	0.0294558869180122
1.43890851357043	1.15271664903842
-2.70821081377672	1.66763399611922
0.305381369142189	0.131292050313134
2.04447921973868	1.38237427799112
-0.624618821334993	0.392658604117372
0.0746749310265197	0.0397744327402415
-0.495904075478594	0.203629898439895
1.44049183356283	1.0782785824321
-0.147185010131333	0.0668530039379211
-0.184362657482743	0.0772290444159835
0.0546294789572523	0.0197899554368172
-0.234689719909187	0.0903744426415742
-0.234689719909187	0.0903744426415742
-0.299943484909118	0.10402142414042
-0.798422643818896	0.288663490857028
0.735425303160233	0.313657849579674
-1.35956752283097	0.664528888398318
-0.660201570064858	0.168097646736901
0.0880226229197132	0.025486383099034
-1.3654995816303	0.661177379683433
0.444833832343886	0.155268489318707
0.964323663454472	0.367034919041761
-0.603478487420466	0.245263850016126
-1.07108009896818	0.528412097469285
-0.567857409377857	0.298755523909798
-0.79238966108114	0.616971228896111
-0.481754789225323	0.33185027950369
-0.554473525522524	0.375347979063861
-0.848579351061955	0.99179878643671
-0.26348682041838	0.176533598410447
-3.10009581190073	1.02285714033744
-1.10522473116348	0.476697883437059
0.912889390104767	0.252558480562074
-0.66316670088369	0.170896697158849
3.61043776578419	1.42851918697584
0.135777281310589	0.0276700835720092
0.114630299169053	0.0290142369505111
2.7437914163344	0.858143402013944
0.114300126183082	0.0290815784858705
0.135777281310589	0.0276700835720092
-0.664212702591029	0.172057081317188
0.135777281310589	0.0276700835720092
0.108157639186469	0.0275749350777906
-1.79696275354321	0.449497566570133
-0.413084994526966	0.122358046121638
0.637851160466929	0.479182686622711
0.822153733854391	0.657692049768488
0.0623964736094975	0.0261550583912723
0.107495951455752	0.0274203138654146
0.605751979905555	0.18742080585834
0.136365592898716	0.0275626354515824
-2.59095080885704	0.73100422312804
2.74262749706831	0.836921336896799
-0.2127269336952	0.221954332280306
-0.255298201675815	0.24351593258709
-0.380602599193738	0.41279389435621
0.467441050931191	0.522773820050515
-0.755443371344907	1.14112540789353
-0.608027895566789	0.750611265143095
-0.310089712235911	0.349328249703284
0.00604471524858547	0.00478229411572568
-0.395155833973885	0.470492278384757
-0.470509858994633	0.315104846793732
-0.391075345899078	0.18717201349137
0.0781584084619255	0.0436424148531921
-2.36754272524138	1.27133780220059
-0.477488814829104	0.203365519724166
0.857994115516243	0.756525597315965
-0.230092954797174	0.161954951445332
-0.887073311281052	0.606660311762654
0.727723500331179	0.708077451963559
0.053699810920257	0.0217029147095031
0.706105465575005	0.410996983198176
-0.0595751726621958	0.0318056124700192
0.057711047503139	0.0261813815396148
0.354214569584256	0.233484460367457
-0.855923933980035	0.39287441988395
2.03626161203659	0.893831166472274
-0.232976207515386	0.0894135019696091
0.0660453082905511	0.0223992938884626
0.0839639145488446	0.0254365526375156
-0.6596092627119	0.164566515651367
-0.239576221220628	0.0920266355600454
0.114300126183082	0.0290815784858705
0.0881412318493209	0.0263614188927434
0.0793092589706862	0.023302316802261
-3.48203861008719	1.28728532646872
-0.663757067340134	0.167041246972049
-1.88684234986471	0.808902397025051
1.48575998787305	0.750711929463578
-1.35956752283097	0.664528888398318
0.913335617383717	0.245257029296354
-0.66316670088369	0.170896697158849
1.40257383430154	0.464189106659952
0.0641142941781477	0.0240021653950008
0.693198546346312	0.491606983507779
0.0660032521065185	0.0352142581613722
-0.312556018293174	0.315242156232864
-0.0327926304196389	0.0305315735860307
-0.507082221754494	0.565786841474182
-0.350548848087324	0.371806337905029
0.256114445845974	0.13388059093811
-0.660794085981174	0.164395035335492
-1.19088794599095	0.373522050063033
0.605751979905555	0.18742080585834
-0.66316670088369	0.170896697158849
-0.663623121117757	0.16832657241939
0.605540363795595	0.196883836529778
-0.407871228705541	0.120108530289818
0.912889390104767	0.252558480562074
0.136883103816544	0.0276946864016619
-0.410113479891423	0.11993937786539
0.605326892600321	0.193060090298176
-1.79654774535228	0.450347580766032
0.96532269672064	0.363898234486385
0.135260382067815	0.027537361279051
1.95861796438167	0.522920116684771
-2.58577484787462	0.731703006055992
-2.59095080885704	0.73100422312804
0.06149893808944	0.0257550980431058
-0.109131843867117	0.0529097692098332
0.363574509120042	0.145720495447757
-3.10009581190073	1.02285714033744
-1.79696275354321	0.449497566570133
0.135777281310589	0.0276700835720092
-0.664212702591029	0.172057081317188
0.912296066932838	0.251719656905073
0.139622796258569	0.0277906069185664
-0.0873032204966353	0.069350931715092
-0.843587461649004	1.30714664430215
-0.499194571439638	0.523804006253406
-0.180428884354251	0.165754608526721
-0.331677470125771	0.169011966198446
-0.15267862918154	0.065193560920159
-2.32162089457944	1.98993043830822
0.0708400799158627	0.0352752840425972
-0.357065354577197	0.22666151228633
-0.274967606075548	0.179222873828002
-0.357858921031935	0.228056539450941
0.982995716262758	0.454748913701127
0.601589308149063	0.276517439692724
1.56996530498069	1.37699566317856
-0.171341187518088	0.107394849679883
0.30112468256214	0.131758647844479
1.69814550869998	0.978554519450623
0.605326892600321	0.193060090298176
0.307159230524682	0.13607121958506
-0.402803060815048	0.118153833341878
0.73638350350481	0.315060797022341
0.0791585347726345	0.0234529604649985
-1.11210669916936	0.473905596439928
-0.412360718664773	0.120398139160621
0.913335617383717	0.245257029296354
0.446516452113573	0.163543065590241
-1.79654774535228	0.450347580766032
1.76172333364519	0.697544247206556
3.24185806196734	1.14721545180589
-0.797523359661614	0.295014290825509
1.49144620557346	0.767331846637993
-1.79654774535228	0.450347580766032
0.0848555114773096	0.0256163091913079
0.117729204636382	0.0297079654403452
-0.406930788559042	0.12223423135792
-0.212236693252301	0.166054090830465
0.00118399010102196	0.00073535302487354
-0.997074310032792	0.820711484529299
-0.241475768505384	0.168922521619679
-0.431468568585985	0.313620310513127
-0.557326263868596	0.566361217913506
1.11496260891602	1.77408198040987
0.190849635308315	0.186433596478905
0.0460522584606359	0.0349872795662911
0.846242609483596	0.887606405681374
0.136365592898716	0.0275626354515824
-0.409175766977716	0.119598427580517
-3.10009581190073	1.02285714033744
-0.66316670088369	0.170896697158849
1.40553837052345	0.462042824189368
0.911256447744471	0.246298941668419
1.76244888962048	0.700577659923282
0.112988531215602	0.0287108076421722
2.74262749706831	0.836921336896799
0.606474383247089	0.192269360452443
3.24185806196734	1.14721545180589
1.96248231811148	0.513645335191982
-1.80133209085414	0.443400290252019
-1.19735263282765	0.360573600440393
1.40668399072832	0.465456967502554
0.136883103816544	0.0276946864016619
0.913335617383717	0.245257029296354
0.135777281310589	0.0276700835720092
-0.663757067340134	0.167041246972049
-0.662576541438912	0.167226093944783
-0.0383105898519889	0.0222961974066932
-0.0524766767035973	0.0287879478757598
-0.403216793727735	0.188933167584185
-3.10009581190073	1.02285714033744
1.40356203077698	0.475605300361172
0.0824182429315061	0.0244400238137061
1.40389015544422	0.472685258600458
-2.58629113950768	0.75115680939482
-1.79654774535228	0.450347580766032
0.912889390104767	0.252558480562074
-0.189955839467897	0.079358344056181
-0.296389466750986	0.0987004948217709
-0.0959999681640856	0.0498817247651447
0.821405318329066	0.400116676871198
-0.80970704963359	0.276985299432773
-0.604248366603648	0.247280677660954
-0.233832442393398	0.090355785093056
-0.856669944765314	0.391585439651193
-0.389427862673458	0.188160594783897
-0.413296082833356	0.123702559230249
-0.855805932391559	0.401078180427981
-0.697117080811644	0.340629965334289
1.1836444041997	0.63027319807787
0.266986030556665	0.125247207708325
0.278727246096612	0.135052756515797
0.524817256821965	0.25931837821534
-0.388841342784707	0.186654528546029
-1.25006466090936	0.735508176187449
-0.118462877381953	0.0573894167786681
-0.183780968744792	0.0772663682137425
0.307159230524682	0.13607121958506
-1.5721376730978	0.862431872159282
-0.229056995669054	0.0878748438475279
0.0609294623022276	0.0208216330384323
0.275109522808946	0.130082540355445
-1.40726365713648	0.862181982132774
-1.18021326599686	0.834056134239336
0.315356217042381	0.13591432896706
0.516250358416709	0.254288388399531
0.352204771762561	0.138299484449663
0.269659348654772	0.127380709457116
-0.890381219561904	0.691339702006106
-0.492854609804532	0.281551979499946
-0.140147378638249	0.0616122931300185
-0.429541408858057	0.317737850784464
-1.74187332938288	1.76473048660648
0.820844385809211	0.670903547594631
-0.371576045430643	0.235282903966408
-0.951759749974844	0.976951335467627
1.15076083673095	0.908130316897375
-0.338863281900481	0.167011006717614
-0.634728309053079	0.403880998876342
-3.48268949602576	1.29408871497323
-1.57872210813906	0.843581263692127
-0.26763653435736	0.213127498427053
-0.277260535349278	0.192639473000676
0.249433996959272	0.129264472371347
-0.238080999720888	0.0894988166953542
-0.18921534365089	0.0785786776211532
0.0689230804150253	0.0287320013456808
-0.883266421438074	0.673873807968016
-1.35889985269299	0.648542493863427
-1.02724309275622	0.617432544591959
1.5324970843315	1.0328944304712
-1.13261454882766	0.899768438675531
-1.91976740491853	1.26995200377574
0.0714960912234719	0.0241770509791243
0.300979414875155	0.131388845930316
0.065889953486032	0.024063751078855
0.0831912650560584	0.0251825611572787
-0.487216457179416	0.215101163177545
0.5197331110112	0.257507047895228
0.0599034767302443	0.0197488214376822
0.240158860825047	0.122966496750873
0.738836694469817	0.306401520537475
-0.235437883533181	0.0905573655701408
1.39745310505173	0.463699931934308
1.40290262296238	0.473801590956212
-1.35879978508339	0.6672787691126
-0.854942952058868	0.399589936707647
0.0560510974439973	0.0185823193164519
0.97319136478147	0.470882788291644
1.40487766764285	0.460362733574431
-0.234689719909187	0.0903744426415742
0.084082238578113	0.0253624151726793
-2.06493372851245	1.48645510791459
0.978192530810717	0.479076194269659
-1.57007358452826	0.561694345593119
0.966058881733283	0.364254263195104
-1.03579962641243	0.644011568462837
1.76150924327536	0.69761163642514
-0.876055126614684	0.491330270003288
-0.404465254254829	0.121110502077163
1.48965238943097	0.742353644937363
0.962657904739437	0.373934734747675
-0.406930788559042	0.12223423135792
-0.664802490637611	0.168136000223553
-1.57065341791043	0.847143852208117
0.118387894985207	0.0293038439330355
-0.686377256931377	0.345653996338961
-0.803125020590228	0.285695500061086
-0.481047503456984	0.214889758599387
-0.239576221220628	0.0920266355600454
-1.10317417881626	0.45631539184403
-1.35956752283097	0.664528888398318
1.18760392214693	0.652670606175879
-0.307555760576201	0.103942117734034
-1.89172531160592	0.804793992516807
0.0609011374140593	0.025207331876131
0.872246483039307	0.549875106882455
0.624596163188281	0.391964324323106
0.304393831973766	0.133194142338584
0.563827286001805	0.464141278802654
-0.329621952440199	0.21402421704462
0.520485365455526	0.264579810621584
0.0630275615755957	0.0312539648599613
0.23417513234465	0.132248200840286
0.694163471427289	0.515414931338954
-2.32510562131518	1.94392679612681
-0.070611682863219	0.0395021386910619
-0.633278812064424	0.40411661106445
-0.694372039969493	0.558634273845814
0.43558476909514	0.339976042748164
0.449849322676708	0.241615394815024
0.423184789365301	0.247290410334981
-0.693016017327451	0.565185868051135
-0.382709353595086	0.306101826577384
-0.167675389527376	0.102318530873999
0.494084868494836	0.365351389135216
-0.291319909707524	0.22861841970401
-0.626155633299193	0.534974846183058
0.382401056122464	0.239491137917956
-0.782320407809696	0.736418185763356
0.228586290989191	0.125342325390776
-0.475522298097666	0.208830771574455
-1.07660375978079	0.549543784457508
-0.66316670088369	0.170896697158849
-0.408587259070592	0.122778214287602
0.0724196672931959	0.0327579881620279
0.0864730103177711	0.0255083044195853
2.74262749706831	0.836921336896799
-0.796886820301425	0.280814873586778
0.274633924953083	0.13244792465879
-0.490045338304774	0.28131798928056
-0.57806617992131	0.310779020522935
1.37520405910199	0.856597486177406
0.518910791265944	0.263130349569801
0.525203568718646	0.262106654860319
0.40821815631297	0.231226619892098
2.28386583140554	1.14545691025439
0.554866603113579	0.36369662398572
0.986822057496227	0.468967118642155
1.38232229478505	1.23335061864854
-0.48252059537105	0.212399828881235
0.274208058029915	0.131224231429927
0.517465620365772	0.357975132071447
0.607115604168585	0.277016214161933
1.37042745732024	0.809945889809785
0.0607517044802073	0.0253572712884079
0.0617563244060323	0.0234622246668949
-0.244620371608386	0.0892027280190274
0.521095080789657	0.265624108150651
0.448344321900493	0.159279307936694
1.41181052151974	0.451888655976182
-0.604248366603648	0.247280677660954
2.48655989082201	1.40517144122441
-0.611777649370352	0.248129602538127
0.0571959744801997	0.0214250418175456
0.98295481169634	0.483848276456898
-0.690598796997403	0.350841394669898
-0.39447555697847	0.188979035961125
-0.49191852566107	0.283547241861836
0.466968142129004	0.255332400495227
-0.00604636802672387	0.00453262014419259
-0.0907868705508336	0.0691194279093143
-0.310911713054142	0.266941525986465
-0.207098291007384	0.166089791433916
-0.738548038821522	0.447490024892578
-1.58892500049658	0.751469937388287
-0.605877973349914	0.248295887545134
0.605540363795595	0.196883836529778
3.60388184944415	1.3888673992779
-3.10551575874806	1.01542894472056
-1.18232049113444	0.36811363919768
-0.789954458250128	0.271764042000058
-0.414019623574498	0.12580488589805
-0.67544516182462	0.164217032271281
0.0831912650560584	0.0251825611572787
0.363426957877473	0.138556675633414
0.742092291360176	0.309202841698513
-0.851134480279266	0.389128837006033
0.0839639145488446	0.0254365526375156
0.0614669434051043	0.0277109927149761
1.24782136433289	0.545550320012739
-0.494814336299313	0.288248610893715
0.644873239165799	0.473745559170937
-0.423419499450706	0.266973487198937
0.30819774686535	0.136004671882289
0.979117743207616	0.998076725482056
0.4023416856288	0.332437702272514
0.70214000244347	0.51382017834803
-0.20185829003669	0.11908860603491
0.446844808644058	0.33501523716498
-0.243918071730125	0.174874856846343
0.214547542345819	0.137867853877731
0.246954365203606	0.127374146818904
0.0724311926119396	0.0407833723323439
1.15783603676603	0.764872396517639
0.703871153624412	0.397940187471707
-0.652150306039613	0.653954592809595
-0.341993631000185	0.259205635446205
-0.968662948853769	1.19616713798944
-0.139777982929323	0.107311725204678
0.492327336189657	0.361287341732709
-0.242626549950015	0.170434974269191
0.656041279739578	0.493398512854714
0.127369654574107	0.0964222967968551
-0.729434818658957	0.80851005474565
-1.53620531532601	1.35661176853206
0.508662299206035	0.348622296994588
-1.06590213741494	0.547701509615707
-0.697574713813986	0.576706337518281
-0.486478198662681	0.216603883174242
0.455607252321872	0.160472883725614
1.76660878422322	0.698143753370032
-0.669066397096876	0.168170801532776
-1.79696275354321	0.449497566570133
0.0731987289633794	0.0390113267123088
-0.477488814829104	0.203365519724166
0.0856284114710317	0.025333367903842
-0.404243714813124	0.120782017445107
-0.491184924784798	0.211384711951638
-0.884122811712733	0.757584118892103
-1.58445874659154	0.812611960342375
0.0623534896099734	0.0235982996171794
-1.10194770636525	0.974674688109821
1.0266929036444	0.868845881006311
0.408918468479519	0.24094292413145
1.69350864564448	0.935510901810516
-0.399669839877112	0.192337287990876
-0.885362426015308	0.601871604177111
0.0680474283119002	0.0330038695141808
0.0638903973546065	0.0265164321040001
-0.0166520232818219	0.00963545334074735
-0.0466232207026219	0.0266657055625321
-0.609326587594943	0.247010331489444
0.0697676746915541	0.0347817816622959
-0.144354995718498	0.0624052296749583
0.0675890863667734	0.0311886149548806
-0.479426517431911	0.212131776935875
0.518016970730962	0.26300254652303
-0.804911469852063	0.28803751190422
-0.663623121117757	0.16832657241939
-1.10434247161086	0.461741074688302
0.456052380122786	0.248287769938849
0.113644458616893	0.0295034454276805
0.614015383809854	0.373613833615693
0.553966230546548	0.357607983524833
0.230296438748472	0.127652716231344
0.308640024485916	0.133010935507961
-0.141996353251022	0.133134330963301
-0.619431726110561	0.656863096718007
-0.215936334572064	0.188206652047056
-1.19088794599095	0.373522050063033
-1.19188226610419	0.375962561582381
-1.19702712076976	0.35865742730132
-0.233832442393398	0.090355785093056
-0.404465254254829	0.121110502077163
-0.861538440370534	0.400200425068191
-0.796754646570268	0.293511983266787
-0.114032983446154	0.0561952573279804
-0.232976207515386	0.0894135019696091
-1.75686134262761	1.06281129255551
-0.148096625547533	0.0659578504792772
-2.07288723762322	1.41777514742697
-1.82193012790052	1.89516187282587
-0.319543391859541	0.216163863600533
0.942379777214702	0.813660979043129
-0.49437288576501	0.286919989580744
0.347852154042325	0.241980789988578
0.32816492770032	0.235213335898763
0.00189657417256755	0.00117555353176441
0.534895725418917	0.448873069364214
0.0172293592936974	0.0110987039169317
0.41597619557774	0.347980454586547
0.0723875643535822	0.0361298212396286
-0.97428603026411	0.881957537001461
0.591547608928838	0.556736360755833
0.634839484775355	0.590216982049061
0.124369214171429	0.087711881152975
-0.0952318501389742	0.0657531564158748
0.338992298271569	0.238556559994745
-0.247227338454457	0.197285797854098
-0.172356272401552	0.141657858186525
-1.00988824279562	1.13863434415045
-0.617947946214709	0.533811919146024
0.191697498434115	0.143914801361956
-1.13611829524435	1.43447357202728
1.2404233693981	1.36677509478076
0.604084301793186	0.282699508965466
-2.5496072736645	1.45652160088493
-0.200921407546782	0.121539480868297
0.456823375726086	0.24991402080134
0.0728745010710883	0.0212102256299092
-0.233194575532605	0.0874629838293688
0.965948265060238	0.367258388182943
1.95861796438167	0.522920116684771
0.0835399310305724	0.0241113090687492
-1.10067997671075	0.459807014536259
0.0746749310265197	0.0397744327402415
0.278727246096612	0.135052756515797
-2.58629113950768	0.75115680939482
-0.685477669671907	0.337379659970336
-1.7546713585116	1.03792399401401
-0.420227802962384	0.253518167774871
-0.692364912007093	0.547055298901721
1.24858417041707	0.545971610273803
-0.137502191162085	0.0904410598452738
-3.4158564421588	3.12520072505847
-0.761888822866893	0.526728464964734
0.0570739207669438	0.0260795344124805
-0.481047503456984	0.214889758599387
-1.00030033485951	0.822444390184234
1.0133020043364	0.715460095873838
1.44007013207253	1.1427786013555
1.01684656116528	0.727107443873802
0.341116559917038	0.236095056347282
0.31224106097321	0.139321413343348
-0.183937477990114	0.0762583353090196
0.0684878041269584	0.0227494070636304
-1.91949096477741	1.67904982308902
-1.10600663647145	0.476394599826471
-0.0702230767874256	0.0378716637927227
0.965212555994517	0.364579668825317
-2.58629113950768	0.75115680939482
0.113644458616893	0.0295034454276805
-0.69750997072986	0.352732992269332
-1.91886061457094	1.22372726918562
-0.56602627143653	0.29152521821289
-0.425186482200115	0.255034733023074
-0.32909737909566	0.168377920604097
0.516515355847274	0.259212563661378
-0.420237698664591	0.383755368591764
-0.149214611075132	0.126733114903653
0.339031898809052	0.341962965103437
-0.262196215449961	0.25356689639406
-0.234757790405239	0.134050189830499
-0.865775628536793	0.391241106190994
-0.803362778373862	0.282587365255919
-0.794229979096842	0.28561468782725
-2.0647532872431	1.4260057414692
-0.409303599020149	0.122798470587256
0.0621756514012017	0.0276407063960659
0.0857466337829157	0.025285336022781
-1.88350686248943	0.793166353033199
-3.48268949602576	1.29408871497323
-0.79739423199285	0.284668676734627
-0.66316670088369	0.170896697158849
0.306566380595581	0.134614671355967
-0.115005878795666	0.0561631113917656
-0.230769757473346	0.087115021582101
-0.409081986755167	0.122428835263424
0.112658604632321	0.0287479409957195
-2.55866139507932	1.45430725019071
-1.10757165289359	0.460401473567492
0.455557908092773	0.254061707010447
1.49128049228177	0.714881057322829
-0.971051064726763	0.87512196591407
0.486837698425391	0.367197087584359
0.700420606672326	0.399758982143648
-0.482498812564869	0.333693024624123
1.05208512026573	1.01133882034382
0.913918317695497	0.670291547417174
0.705261568941948	0.58878133861542
0.214986960955067	0.148376642792708
-0.468555126670943	0.36674595216502
0.348465287009167	0.243081324027898
0.0875283112148592	0.0526690049337927
-0.28397969777604	0.15594387544773
0.064352572734438	0.0298394774206727
-0.668286293410655	0.506626214069102
0.208874060642453	0.136804062708556
0.205181899364786	0.134954762018856
0.934179312932664	1.02031022022343
0.366361727130712	0.343477036671846
-0.0533116269475421	0.0304895731886072
0.0106476828613475	0.00703515406947736
0.00370798644896176	0.00224087217594457
0.596315068369612	0.564735022143234
0.192633542454032	0.171144673049637
-0.662218160964045	0.652868842141655
-0.366196062681376	0.231701663285721
0.458171939119455	0.250192331462889
0.0675393700886733	0.0359377077667974
-0.390330330501979	0.187949854344194
-0.634712317967451	0.405099644716645
-1.24843067991426	0.73504503077714
-0.396285397577211	0.189200632320942
-1.80133209085414	0.443400290252019
-1.18579202880628	0.377375738923198
0.598952681887659	0.190014654245685
-1.79654774535228	0.450347580766032
-1.33998253224004	1.22049806645178
0.216635296026014	0.12884084237027
0.063233916534657	0.0238838361123592
-2.59095080885704	0.73100422312804
-0.148985863119547	0.067185991923787
-1.02074928393377	0.705095029866113
-0.143583656861126	0.0928583909869539
0.262810339370124	0.121367054727244
-0.230549237064323	0.0876091362242137
-1.35879978508339	0.6672787691126
-1.43942837741101	1.18251874504172
-0.605789348353789	0.245350537511065
0.072285109493433	0.0327728488256795
0.412672355769567	0.237839453621471
0.0660498034967168	0.0324738710636728
-1.57375014638626	0.838661299896437
-0.387779573618738	0.186296723764712
-0.743425834744788	0.451688794213143
0.0561480980592474	0.0233918187709064
1.15819683145621	0.756041158288951
-0.487361973164074	0.216209387057835
1.76172333364519	0.697544247206556
0.108157639186469	0.0275749350777906
0.114300126183082	0.0290815784858705
0.0672224460286184	0.0327983066686204
0.604352576822157	0.269757926364296
-2.20767403227622	1.65599817811289
-1.13523490584644	0.929696604038944
1.01214830854326	0.575684243581541
-0.576872567989941	0.318440119968235
0.516910638352521	0.262955097225191
-0.46178664211741	0.366526844420619
-0.135709311830712	0.10421762440284
-0.075759582250473	0.0610558817592696
-0.492067164172378	0.211041628115621
-0.408364610250408	0.125062886124958
0.0698187032706045	0.0237552160456252
1.69747266753327	0.913113332753927
0.818377761739654	0.438459087939051
1.40290262296238	0.473801590956212
0.0667392597732058	0.0228256121926022
-0.598757578297085	0.2369907750536
-0.478614574180064	0.207624470029599
0.604818692519225	0.191704651936722
0.0552756397069275	0.0181294851204331
-0.601347289716107	0.24016620508867
-1.89404079889136	0.785052327655918
1.00716664837579	0.596686024845868
2.04453355219994	0.910161020437427
-0.404964512109581	0.118365729060095
-1.19088794599095	0.373522050063033
0.979034509224298	0.471639832132433
0.305304738493974	0.13209210172838
0.0754194735133548	0.0246585309400571
-0.685642086354591	0.345642582280234
0.0641854210844265	0.0241334911358088
0.459394330453644	0.247992086942199
0.218925359329774	0.130364006417297
-0.127230722998701	0.0608648867180265
1.01603233485881	0.735817098781656
0.0619889676325411	0.0306228185101307
0.967804641116299	0.969448799871624
-1.52402539510995	1.55227113994205
0.0746675251650879	0.0403013563676242
-1.0018137990604	0.826924051496578
0.903131701104813	0.692764555158626
0.336123934807042	0.230264157834752
-0.984988178294014	0.888970922754997
0.693321943809453	0.494336993092882
1.18989748247598	0.655770720967656
0.338907309997388	0.226044629432552
-0.478643863943763	0.337432947959964
-0.168465208786959	0.10731242695185
0.665939852816664	0.598872900346867
0.0282382457429432	0.0187994622045001
-0.206567282950911	0.161891826976908
0.792982344176842	0.933416465243941
-0.11940781452476	0.0792424845896602
-0.208015946438655	0.151969130352163
-0.278368881203143	0.15000245377982
-0.368552239134405	0.238333343498258
1.68900412642071	1.59541873045791
1.68695730841812	1.25326860258094
0.873259934303114	0.564218063694464
-0.152896096193703	0.068348747051097
0.741194193498249	0.315834023375974
-1.35339004713052	0.641051646808914
-1.79654774535228	0.450347580766032
0.606261717682182	0.192838259478629
-0.669511973462212	0.169187072363845
0.976876548718409	0.953712324910154
0.859094592367476	0.527727476398697
0.0653284527822989	0.0268574817176094
0.605326892600321	0.193060090298176
-0.797523359661614	0.295014290825509
-0.581812198100877	0.305302377905088
-0.603478487420466	0.245263850016126
0.30819774686535	0.136004671882289
-0.734879969344895	0.436832926453881
-0.144209914844527	0.0657375487247991
0.0617563244060323	0.0234622246668949
0.520626661850933	0.258422669935874
-1.10356084150438	0.458143045041288
0.307307793343166	0.136173831072171
0.0637879854111927	0.0290991371289615
-0.298747353955486	0.101166428047872
0.0626369780428912	0.02358360214488
0.0665440340296314	0.0252931560636775
-0.296254738715931	0.102136771994014
-0.278710895387488	0.157676795938924
-1.36395909158641	0.667711428174264
0.311942593809236	0.137760466167526
0.307159230524682	0.13607121958506
-0.848668090567121	0.386256445968112
0.442173859068744	0.159256179767351
-1.10434247161086	0.461741074688302
0.451906878169094	0.164630247528037
-0.181254806113107	0.0748222680435753
1.02950653610864	0.855940096930593
0.598083915517063	0.461898190759499
-0.235189520762522	0.162064120956127
-0.330005564654677	0.169673991562605
-0.227471594818194	0.0827109860403419
-0.297040475397117	0.102773782473165
-1.10532678603979	0.461717089571125
0.0651123398218542	0.0223133285015938
-0.332149522038838	0.172966423775071
0.0629657939369563	0.0263084300771799
-0.182886866740271	0.0767727710543764
-0.299943484909118	0.10402142414042
-0.479350935781083	0.205830568369532
-0.576560315436562	0.313562152213764
-0.873124900146793	0.450628466545743
-0.181207189231104	0.0759423921260859
0.066818620722573	0.0227796367301818
0.0658055601992122	0.0249949868468375
-3.48203861008719	1.28728532646872
0.354553377667267	0.141925254956489
-0.41495432610161	0.123556715541549
-0.152279543426566	0.0673626843165771
0.360305973628205	0.145365632066036
0.066818620722573	0.0227796367301818
-1.0717491308406	0.558747991980582
0.276629851539746	0.129570165419669
0.696958850269508	0.396676473540463
-0.768801394530509	0.552653821494245
2.03707468380459	1.39072464289375
0.0704339629808652	0.0226265844299487
0.0656630156888899	0.0248931430790684
0.358601987507067	0.143969516415266
-0.301607804620283	0.105224348398864
-1.75848683750291	1.0296614366428
1.50186906334991	0.688518717433929
-0.796886820301425	0.280814873586778
0.438654223521971	0.152743097998327
-0.66316670088369	0.170896697158849
0.117729204636382	0.0297079654403452
0.599251963437076	0.271164368497617
-0.238080999720888	0.0894988166953542
0.0734770433274317	0.0360167336458214
0.455153360424579	0.247537252279387
-1.18419190043861	0.836566759552984
1.87688399578918	1.1705402934535
0.27630011790542	0.134988590229373
0.0575749196312236	0.0189934937273074
-1.24221974959253	1.06697452062845
-0.68817500779317	0.340133948729187
-0.883389348241533	0.763656471974399
-1.23930036625648	1.09519134144184
-0.545724116136394	0.458296213048066
-0.0905524920028627	0.0471961913825598
0.117729204636382	0.0297079654403452
0.284136444991085	0.128241562976996
1.76676411498507	0.618969995256152
0.607196468509895	0.188500305764353
-0.763347047819074	0.556934775693846
0.58874895208968	0.63909840396868
-0.135983143946992	0.104710708580989
0.342676947616379	0.243764393665962
0.0681629638005156	0.0255908875397166
-0.854394643722564	0.388529374224704
-0.486478198662681	0.216603883174242
-0.577630832918672	0.316763085745978
0.35870416173247	0.145477496238099
0.817633286811483	0.440000422425588
-1.18479272281303	0.374888725715739
-1.18544536761663	0.374513004052977
0.117729204636382	0.0297079654403452
0.0839639145488446	0.0254365526375156
0.113973728175497	0.0282638388282525
-2.59616958186219	0.698349774917917
0.911849189459234	0.247094342382604
-1.3654995816303	0.661177379683433
0.446516452113573	0.163543065590241
0.606261717682182	0.192838259478629
-1.35956752283097	0.664528888398318
-1.10590693690656	0.457445046305864
1.76172333364519	0.697544247206556
0.733871576411461	0.304267228775723
0.956186845718807	0.360029069748652
0.112658604632321	0.0287479409957195
-0.240324423768776	0.0918113479407648
0.0616489822284324	0.0257546741923028
0.0944450747902728	0.0607442128270149
-0.797540795715722	0.767386643581522
-0.75442022239593	0.519851328954244
0.907246174256314	0.672357817397089
0.518016970730962	0.26300254652303
-1.3648717084332	0.650808619659502
0.701183431027228	0.400903912739628
-0.685806617546024	0.344850261588657
0.60367210198169	0.19256980157576
-0.142694907195141	0.0655011636353027
-1.03461708781514	0.643318164474135
-1.03115743900441	0.647311198885507
-0.301607804620283	0.105224348398864
0.0693244363334334	0.0370036960642581
-0.306642363795185	0.101294159883378
-3.79383275359707	1.54890918567307
-0.582466246084995	0.317720525677423
0.308938924819394	0.136521227218019
-1.35889985269299	0.648542493863427
-1.25824231060049	0.719858923311064
-0.388841342784707	0.186654528546029
0.0554440003418671	0.0261754952132973
-0.849528858044896	0.394660390413121
-0.181835222579132	0.0741038852068873
0.0839639145488446	0.0254365526375156
-0.605789348353789	0.245350537511065
1.40257383430154	0.464189106659952
-1.10688994281584	0.465106828093368
2.04352678313402	0.92592198017134
-1.18776214927597	0.367190764381714
-0.689864503136859	0.348932711497458
-0.690598796997403	0.350841394669898
-0.877947343192662	0.500066169049644
0.730507545902208	0.309569888581179
0.808782471751054	0.404721274063378
0.0637185412324967	0.0266412421936467
-1.10688994281584	0.465106828093368
0.0669394238325859	0.0222119566428443
-0.196654306618983	0.114295534347748
-0.476717929013868	0.255076539319142
1.6793228868006	1.23730240748028
-1.09215031848108	0.963613475857089
-0.62311743979474	0.511863255650076
0.518159904579824	0.262328204106373
-0.0926907631516478	0.0493635203634619
1.36988845802773	0.823196339098923
0.612859682677412	0.189242933859174
-0.6596092627119	0.164566515651367
-1.31255089295981	0.99315643866062
-1.24070449573805	1.53846438416849
-0.00550013137368737	0.00348700839355179
-0.279297178870086	0.151564640165545
-0.860680342946122	0.398741275988853
-0.854315111921589	0.401282435989275
-0.664212702591029	0.172057081317188
-0.297040475397117	0.102773782473165
-0.664212702591029	0.172057081317188
1.25016974445912	0.549227380672825
0.139622796258569	0.0277906069185664
-0.407425681873312	0.121589010675069
-0.664802490637611	0.168136000223553
-0.660201570064858	0.168097646736901
0.0728745010710883	0.0212102256299092
-3.48334063090817	1.28399851759288
0.135260382067815	0.027537361279051
0.112238727708552	0.0278262736170272
-0.664212702591029	0.172057081317188
1.40257383430154	0.464189106659952
0.0690449027609583	0.0233678808929433
-1.57568164587072	0.592566077238466
1.24858417041707	0.545971610273803
0.964544048723214	0.354010786826226
0.525956009211666	0.262895278311102
-0.307681613152822	0.106172256855123
0.0402118598273677	0.0295710426322663
0.0401720620352046	0.0339064259653017
0.101172878241901	0.0688083338837146
-0.593170278874744	0.688297823541792
-1.28235770390231	1.85668782427585
-0.495158681884855	0.543631360229832
0.265007088843311	0.247054226640893
0.144141918389205	0.139948145162362
-0.0517391030636443	0.0361286992767014
-0.679473617795849	0.499013012701659
-1.18479272281303	0.374888725715739
-0.855884796201031	0.385473925114061
-0.432434716699059	0.259764004298306
-0.675051316559794	0.497180293270361
-0.492868935107531	0.290674468440961
0.0640431934771305	0.0238560991992659
-0.406930788559042	0.12223423135792
0.0714960912234719	0.0241770509791243
0.115286609781096	0.0286234996120476
-0.412360718664773	0.120398139160621
-1.80133209085414	0.443400290252019
-0.302393261349572	0.104825163216502
-2.14177850594405	1.02320716797838
-0.40352323114107	0.120758066909653
2.7437914163344	0.858143402013944
0.112988531215602	0.0287108076421722
2.27912769077813	1.15518449131246
-0.795417057592797	0.271324986999171
2.28466081285875	1.15118277032644
1.76244888962048	0.700577659923282
-0.803362778373862	0.282587365255919
-0.663623121117757	0.16832657241939
3.89998335171768	1.60934371380361
-0.300596991802432	0.101515964990096
-0.921111502295601	1.0296466137394
-1.14529191453143	0.897185260519174
-1.31763720006457	0.980468673618925
0.0696026689478275	0.0283926878164546
0.359951799176388	0.238043333309867
0.509824759931151	0.686569969265123
-0.311838759976261	0.36948333113523
0.0689878423226474	0.0541513884103025
-0.448417385066488	0.495478137580579
0.301655616274118	0.338332007857878
-0.120372932980945	0.1261843517368
-0.245168662172925	0.174932518453238
0.479443329484017	0.449333865027862
-0.777245825501548	0.733322314598705
-1.79696275354321	0.449497566570133
-1.79696275354321	0.449497566570133
2.74792250819921	0.835344773846958
1.95985299790711	0.5196076110699
-1.18479272281303	0.374888725715739
-0.66316670088369	0.170896697158849
-3.10068477185477	1.02132911380557
-1.79654774535228	0.450347580766032
-0.872125002460915	0.841612509818304
0.226112623118179	0.136004170987447
2.04352678313402	0.92592198017134
-1.18579202880628	0.377375738923198
0.912889390104767	0.252558480562074
-3.10068477185477	1.02132911380557
-1.79654774535228	0.450347580766032
1.40290262296238	0.473801590956212
0.136365592898716	0.0275626354515824
0.135260382067815	0.027537361279051
-2.13972558701318	1.01510922091505
-1.58126614149098	0.58929855705597
-1.79696275354321	0.449497566570133
0.912889390104767	0.252558480562074
0.0651926018913605	0.0222724605734126
-0.509148737124038	0.50770583423432
-0.121811072736472	0.116369934915031
-0.304484738222404	0.228748939917899
0.25356851757306	0.280321695897052
0.634080883113271	0.917913376344415
0.299540977891865	0.391756569942305
0.207599666524666	0.191533536976067
-0.482667567674041	0.338740704653018
-1.12930129557284	0.912730590868698
-0.132456358343321	0.0604365442148873
-0.279191228088646	0.150241392465598
-1.12632435261248	0.886614416523074
-0.0800600817012008	0.0427834856038569
-0.804136938778594	0.288077643282142
0.135777281310589	0.0276700835720092
-1.11224388764376	0.465439266753859
-1.18479272281303	0.374888725715739
-2.58629113950768	0.75115680939482
-2.58629113950768	0.75115680939482
-1.18644403433955	0.376991864933128
0.605326892600321	0.193060090298176
-0.298747353955486	0.101166428047872
0.741071147944718	0.318502007835874
0.111254822074604	0.0276407925439844
0.136365592898716	0.0275626354515824
0.063580045588744	0.0293737947239033
-0.127546429836414	0.061022946241806
0.217547697156527	0.149759468478725
-0.610231891392282	0.248016860367681
0.246026710992384	0.126772565480999
-0.380243720785925	0.347010990720172
0.0403454168382959	0.0360062664624336
-0.523750333028706	0.768604098147472
-0.0713784824612266	0.0768591149442743
-0.0885169041750603	0.0872618443654193
-0.0920811931608888	0.0949738067455402
-0.166170466988057	0.101968752115847
1.07020165817475	1.07907405720266
-0.857155971283279	0.93870643049944
-0.294369160390913	0.30670665614702
-0.481656298151172	0.556246010965978
-3.09950705418866	0.995493427876299
-1.79696275354321	0.449497566570133
0.139622796258569	0.0277906069185664
0.912296066932838	0.251719656905073
-0.664212702591029	0.172057081317188
1.95861796438167	0.522920116684771
0.646396604906085	0.507556332505387
-0.097182764860626	0.0508814440922875
-0.292551875517423	0.0965228553894071
0.108476741477317	0.0270035139224236
-0.66316670088369	0.170896697158849
0.135260382067815	0.027537361279051
0.913335617383717	0.245257029296354
-1.57639475513477	0.588553041329138
1.49805201565077	0.720989511989471
0.738958008304311	0.306042792393098
-0.60631665166937	0.239958037876724
-0.668470895945976	0.168089776840781
-0.687112773570692	0.343828297050183
-0.515584807642938	0.405598596775485
-0.330661447517546	0.313062349897006
0.0554793563533534	0.0438670640976924
0.211112582023886	0.209385607050621
-0.570226555264441	0.698063455933592
-0.0163090768228303	0.0142668127131077
-0.0732779737008542	0.0584708359386337
-0.701695092170464	0.872227830515072
-0.549294638531512	0.378706729354073
-0.579118953866622	0.3141429907042
-2.71596268128322	1.74660717467523
-0.617668167620982	0.237466213083892
-0.888423819268067	0.698458248575123
-0.891997903493128	0.59245507347561
0.0680234797363194	0.0285962885913673
-0.0981264088688725	0.0513475372064193
-0.669511973462212	0.169187072363845
-0.663757067340134	0.167041246972049
0.0865896165037235	0.0253521277629835
0.35767457081714	0.143010636439102
0.0677138263442153	0.0225810550729564
-4.04171664181725	1.83601823277207
-2.58577484787462	0.731703006055992
0.44296472407203	0.157085368414133
2.7437914163344	0.858143402013944
-1.57150568074338	0.57781700624032
1.40389015544422	0.472685258600458
-0.407425681873312	0.121589010675069
1.95985299790711	0.5196076110699
-0.410020248827572	0.12031277846722
-0.232976207515386	0.0894135019696091
-1.18544536761663	0.374513004052977
0.522131329782766	0.268668256898077
0.233892231542322	0.133136041377116
-0.0383988787702556	0.0217269825301871
-0.638450339108284	0.417178085475134
-0.100666382822098	0.0516236501229243
0.375043487590281	0.350168159145259
-0.127258664144866	0.0982926307805744
0.0135823953651914	0.0112769156289113
0.106579006050943	0.101684935691896
-0.331961789241648	0.367331723905394
0.403245940681253	0.488585208126023
-0.538092710744953	0.634664995000108
-0.95576302845733	1.40115958492865
-0.378120136636868	0.282144953613918
-0.383544749260489	0.39836282742004
-0.277812680376201	0.301493977417378
-0.662576541438912	0.167226093944783
0.913929522753106	0.246043148688257
0.117729204636382	0.0297079654403452
1.95861796438167	0.522920116684771
0.115286609781096	0.0286234996120476
0.912889390104767	0.252558480562074
-0.405185007506014	0.121133837036836
1.24846586239474	0.563713494153359
2.04263134224405	0.918778569460138
1.59802148065114	1.70831710927392
-0.128166406722181	0.0614010891604438
0.913929522753106	0.246043148688257
-1.79696275354321	0.449497566570133
0.913335617383717	0.245257029296354
0.139622796258569	0.0277906069185664
-1.10434247161086	0.461741074688302
-1.79696275354321	0.449497566570133
0.0830718469071978	0.0247108029611219
0.113644458616893	0.0295034454276805
-1.58031521895221	0.585418550538611
-0.234243993666165	0.188539534876272
1.12112550737076	2.26044735593542
0.460764991275901	0.350371313971609
0.147075220828844	0.149931496065637
-0.0465041530041386	0.041538691534127
-0.0167954497982958	0.0146089964330111
-0.351130035999559	0.341540186666474
-1.02791861060427	0.729555270644893
0.0828068761641094	0.0437075793368526
-0.143598341448103	0.0655228197057008
1.0187744991255	0.714552161661266
-0.5714422046171	0.302614840868974
-0.126769349658392	0.0601838491354798
0.450866557695149	0.158198954336204
0.605540363795595	0.196883836529778
-1.18514027726873	0.368523240093563
0.135260382067815	0.027537361279051
0.446391956196619	0.163248539578346
-1.19088794599095	0.373522050063033
2.7467554008779	0.836088103871215
-1.18709629407174	0.367866366203715
0.139103019799911	0.027659650015314
-0.405185007506014	0.121133837036836
1.95985299790711	0.5196076110699
-1.79696275354321	0.449497566570133
0.964323663454472	0.367034919041761
-0.669037945141223	0.50653161602722
-0.151858037867632	0.0691673933768456
-0.235264203791168	0.14017424524187
0.450203827106646	0.163954801888234
-1.36395909158641	0.667711428174264
0.492258213341713	0.495773581143376
0.418540831105453	0.501029316512515
-0.190299453092264	0.185947070318969
-0.00574176333378592	0.00587752781236086
-0.467173031928439	0.768190400665829
-0.0547411644860646	0.0553249580866818
-0.206648669797511	0.147231975017361
-0.94653981177676	0.934182094068308
-0.195773436767844	0.186815763827505
0.136365592898716	0.0275626354515824
-1.79696275354321	0.449497566570133
0.115286609781096	0.0286234996120476
0.112658604632321	0.0287479409957195
-2.58629113950768	0.75115680939482
-0.849647256586608	0.384205330933464
0.0703519650808211	0.0287955819390208
-2.14411422471246	1.03195868706273
0.135777281310589	0.0276700835720092
-0.664212702591029	0.172057081317188
-1.57544033612542	0.5846622561655
-0.664802490637611	0.168136000223553
0.135777281310589	0.0276700835720092
1.40389015544422	0.472685258600458
0.120078229904705	0.0862232103446353
0.612575786207452	0.904733669413508
-0.060565329877793	0.0424645195179798
0.103203656112043	0.104611046434196
-0.26922724877826	0.145142142398568
-2.06789489170638	1.49568752422596
0.462225528170034	0.361838781010457
-0.571618240142552	0.309090157294165
-1.36816929862307	0.627944651712495
-0.154721496371741	0.0674823529177741
-0.425373779738605	0.314597725943323
0.0659661379964311	0.0226552702120729
0.915852124021189	0.247342353182957
-1.18579202880628	0.377375738923198
1.24834631085338	0.545591043669566
-3.78732129170919	1.56313788226164
0.0782322272528534	0.0232612020511044
-0.404465254254829	0.121110502077163
-0.404465254254829	0.121110502077163
0.130144786582309	0.0263729403450103
0.600812221308309	0.185578165967526
0.985399336712521	0.469533872505294
0.915852124021189	0.247342353182957
0.913335617383717	0.245257029296354
1.95985299790711	0.5196076110699
0.113644458616893	0.0295034454276805
0.0913521080865007	0.0556155017162612
2.0468782399934	0.925370438138337
0.662457256608316	0.603501878228873
0.0631436118780943	0.0264170867989035
0.637119397748345	0.470900459492662
0.621288673387439	0.755104022324642
-0.314531671002784	0.370589289667021
-0.311874278398554	0.365780471065713
-0.296972848297806	0.369251132624949
-0.299834154516671	0.372925998997995
0.0737285295704982	0.0763649913245536
-0.425695737523704	0.377672698715617
-0.537184063006449	0.504592311819981
-0.725768511306839	0.987190665084971
-3.48764565699172	1.28465982253318
-0.663623121117757	0.16832657241939
-2.58577484787462	0.731703006055992
2.74495543716413	0.830653872698654
0.136883103816544	0.0276946864016619
1.49882810965258	0.703889000800519
0.604296494897888	0.280973587651893
-0.298462834387348	0.097826687932373
0.607250832690915	0.284325648817411
0.0822998201095202	0.0244639580863817
0.0657396741295235	0.0221923893525859
-1.06637653186507	0.548475121490283
0.120337578801603	0.0930753701339079
0.485029874064684	0.537988460928621
0.131325612111192	0.107557035796898
0.0549629466592019	0.0421323055923185
-0.360296240618848	0.380052219692685
-0.49730254952413	0.613721529249801
-0.544912845962722	0.535518137847114
0.206942010337381	0.175847817950674
-0.227241199010348	0.201563897293298
-0.582927905096454	0.609545205862798
-0.199615024393145	0.119293719874811
0.0608756218213699	0.0231750801902003
0.0614730147705426	0.0231476064358316
-0.278710895387488	0.157676795938924
-1.18579202880628	0.377375738923198
-0.575507615172152	0.307950632756115
-1.13476196075819	0.915915676689962
-0.335867134699738	0.259165753179875
-1.76300785774066	1.06442938915852
-0.244620371608386	0.0892027280190274
-0.297040475397117	0.102773782473165
-0.33106072932948	0.169414919483622
-0.319536503070661	0.156761387084305
-0.183780968744792	0.0772663682137425
0.605540363795595	0.196883836529778
0.912296066932838	0.251719656905073
0.0831912650560584	0.0251825611572787
-0.60433736284281	0.24624931470742
-1.57959526269144	0.573558192892796
-0.230659184505107	0.0885083408720353
0.136883103816544	0.0276946864016619
-0.407647544276453	0.125048986852886
0.061053878060358	0.0207070479452472
0.135777281310589	0.0276700835720092
0.135777281310589	0.0276700835720092
0.136365592898716	0.0275626354515824
1.49459219520966	0.715904610579266
-3.49263048843839	1.21361718371923
0.362005751912161	0.141483494790907
0.0745505720117773	0.0296239347710049
0.0612411355983199	0.0229852317750437
0.701569469381049	0.615498209129042
-0.609326587594943	0.247010331489444
-0.388644820854719	0.284840416985282
0.528707553044964	0.541117679032729
-0.651832977797577	0.733774249598617
0.0351215408213447	0.0296157243143732
-1.14041098052003	1.82423112645766
0.678504672086002	0.85525642982262
-0.47760737182951	0.599465502109024
0.360542778747096	0.315041085994614
-0.32349941415532	0.27952174063687
-0.47758428232664	0.483243568609824
-0.491877002954145	0.465274349375955
-1.19188226610419	0.375962561582381
-0.664802490637611	0.168136000223553
1.40553837052345	0.462042824189368
0.966838633891883	0.374912881186244
0.0604261268370008	0.0276886892695996
-0.873094100338616	0.491775567953273
-0.486623942007421	0.216089748639388
-0.66550420208219	0.165424444020366
0.600083277523817	0.185277932705371
0.0586771147215266	0.0219935412118981
-0.564419288745827	0.478400807812241
-1.36992577375412	1.43892236617138
-0.730325936119773	0.762838318430457
-0.873247345015954	0.727933084096966
-1.3580324490257	0.665459036479094
2.28577171060826	1.11322476576762
0.0619176048143792	0.0261522525743998
0.306208461031487	0.225543486788651
0.269260594127446	0.259643614564789
-0.791353489708472	0.751177452603942
-0.245519125706801	0.235967071771737
-0.196269250126759	0.142786944100601
-0.033356636233392	0.0278013340237397
1.08781508077679	1.21818048784639
-0.0229106887400663	0.0171197151169959
0.123604065583286	0.0972325970357116
0.0379359170447129	0.027814252845137
-0.0330117650336577	0.0193574062623012
-0.774849316253984	0.621289807449447
-0.120486066525932	0.0579062468981034
-0.0348009025066726	0.0205178453428063
-0.420847600796517	0.307346314780881
-0.30169847602354	0.102676603964709
0.597296057013888	0.185511797708221
-1.3654995816303	0.661177379683433
-1.36880250175897	0.624215741489677
0.108157639186469	0.0275749350777906
-0.305979022732257	0.105460986755316
-0.797523359661614	0.295014290825509
0.609745262879566	0.285932577104552
0.965948265060238	0.367258388182943
0.735425303160233	0.313657849579674
0.113644458616893	0.0295034454276805
-0.794101526573721	0.283460810017008
2.28015360412662	1.12923325696176
0.060266112518524	0.0253040317183059
-0.66316670088369	0.170896697158849
0.440474383462789	0.1570054716999
1.76566684103307	0.699146616486675
0.113644458616893	0.0295034454276805
-0.194173653567066	0.115705446746275
0.557464715095828	0.357256256519238
-0.792139600355597	0.877196200151839
0.277060585292361	0.135147768323534
-0.210284764035352	0.15276644283023
-0.069561928722697	0.0480312601539008
-0.696936595342573	0.936511387331008
-1.01218587264213	1.37381655318973
-0.0699732661244539	0.0490676401150511
-0.262988099320442	0.27453283979354
-0.0116936021058463	0.00893212926375052
-0.785386811490564	0.939769370484219
-0.664802490637611	0.168136000223553
0.112003320018995	0.0279968924911906
-0.797654549863588	0.287240119533882
-2.58629113950768	0.75115680939482
1.24846586239474	0.563713494153359
0.604606269196918	0.197131496894388
-0.741430491844678	0.445721298454514
-0.874985439535008	0.481326208601651
0.283479378942022	0.129317267660944
0.0907696743483798	0.0259310915486844
0.0856284114710317	0.025333367903842
0.115286609781096	0.0286234996120476
2.48084911060231	1.37902145165649
0.0602222391933005	0.0227911437795578
-1.61018975108702	1.82030527297959
-2.54069199648399	4.07792556996376
0.231441962304007	0.122044702351507
-0.993038235590767	0.819676652640985
0.0884333026851586	0.0535180273661959
-1.06485585576029	0.562827830998315
-0.483030382076982	0.331770277354693
0.0536786275202	0.0198793079369491
0.0622531863346874	0.0282192645978682
-0.502190004367851	0.447376815257026
0.0834211672578373	0.0474357804565801
-1.18634745548897	1.10896634886427
-0.695475426478002	0.339565064212773
-0.880543689298642	0.679091127223836
-0.765063660022191	0.55999734798561
0.083520486657468	0.0474640668407247
-0.615092866829501	0.241262756193267
-0.0277171925998489	0.016400333419616
-2.07176000094253	1.45987521063725
-0.113914387106497	0.0558249974961325
0.963546652280915	0.375646131299436
0.0555439841885889	0.0231223697779651
-0.186133173438389	0.0732206160005768
-0.602118424243639	0.240196375235319
-0.33259549712494	0.172692066592761
0.0660303995646527	0.0241635786378821
0.0822998201095202	0.0244639580863817
-3.48334063090817	1.28399851759288
0.0839639145488446	0.0254365526375156
-0.404243714813124	0.120782017445107
-0.633013388929944	0.402584215255755
0.700406645393401	0.522594246456922
-0.228421357287718	0.0854836139787672
1.18673187848704	0.653103991580545
-0.606648890775968	0.246331229661046
0.515259272982583	0.255621840833421
0.252066354811786	0.127440039369714
0.276445121586378	0.134697067371666
0.0677245312453651	0.0312593255377548
0.699533823401218	0.391805590216346
1.24937717840383	0.563071247913996
-0.29717500156047	0.100901849332538
-1.57078947948464	0.575067668676249
0.0657396741295235	0.0221923893525859
0.730624575501279	0.30332921397224
-0.39447555697847	0.188979035961125
-1.0710136280418	0.564946436939678
0.06149893808944	0.0257550980431058
-0.475371962513009	0.210240612003072
-1.92339232109838	1.24288371008076
1.31645372370624	0.949493415400459
0.427157638125346	0.245244124487435
0.76828179879428	0.518320137882739
-1.89340726539371	0.813936972528348
0.224148749448144	0.130514313914654
-0.625580092769104	0.530037228098895
0.902117136060253	0.927803208196187
-0.199008540861001	0.117194951225391
0.0699497466286661	0.0236232327876932
-0.240428625334976	0.0920392932916859
0.0699497466286661	0.0236232327876932
0.820378640621149	0.399216780586625
0.0551649157960145	0.0409500477433469
-0.202403979937999	0.165702820476093
-0.518771929272724	0.402363450316312
-0.852708523060132	0.395708434495422
-0.247586667502517	0.141033522145766
-0.179574136272203	0.0757959503039464
-4.44476740174751	2.37031991715913
-0.409303599020149	0.122798470587256
-1.58175606166161	0.572906540166513
-0.663757067340134	0.167041246972049
0.967618003388061	0.366400884871091
-1.89973759944083	0.782529235596624
-0.410020248827572	0.12031277846722
-0.300038116309272	0.102198867611656
0.136883103816544	0.0276946864016619
0.063233916534657	0.0238838361123592
1.76078442243247	0.694609309137267
0.996709089816745	0.593165605228447
-1.57496884014978	0.589652275200931
2.27912769077813	1.15518449131246
0.0848555114773096	0.0256163091913079
0.112658604632321	0.0287479409957195
0.599154292262728	0.189491588058777
0.599514366829085	0.275463831623095
0.359656949859158	0.143380106480036
-0.575657652527701	0.312420285575349
0.363472578027489	0.147534818353292
0.360305973628205	0.145365632066036
-0.611138202722565	0.24274818901528
0.136365592898716	0.0275626354515824
0.0628177581018066	0.0264886280634176
-0.103626148196612	0.0486202688561995
-0.281887472353899	0.211360959872056
1.10070084859806	1.30907706634066
-0.718166149935816	0.693676447334688
-0.578755642132423	0.632913090014926
0.630276263969489	0.599912621567997
-0.530045454517373	0.489726248410224
0.128510438382336	0.108028413021453
-0.33742873443545	0.260179015131832
0.195763683439584	0.156257440145786
-0.0708126906295138	0.0396386508568011
1.00565402517613	0.59347412156109
-0.487361973164074	0.216209387057835
-1.68831583238988	1.32447382902553
-0.484412130955244	0.33295034923688
-0.873502540797553	0.491808430569954
-0.114116961718319	0.0533266835628252
0.0211759820213304	0.0137212833584894
0.0596550115030573	0.0273871382562354
0.524673640536899	0.266222754204137
-0.148088072333474	0.0668693750377386
0.0672821385326267	0.0254111436329903
-0.298238335029553	0.0990528578735156
0.734721532723722	0.306620397421394
1.18909312831908	0.637671917930329
0.3659200261382	0.144078301393895
-0.408364610250408	0.125062886124958
0.0856284114710317	0.025333367903842
-0.582123282867893	0.311021446905296
0.998216292564405	0.576114567011185
-0.177683140749254	0.109009645007386
2.04703166690979	0.924881425572842
0.0737438035660197	0.0239472389078835
-0.121690253285117	0.0598210644634879
-0.112329133941203	0.0551359860502703
0.814625070470834	0.42612507746471
-0.796754646570268	0.293511983266787
-0.482817868845187	0.210120401667664
-1.41274061119007	0.911070965208043
-1.10146287304784	0.459550051315211
0.0566858076147389	0.0275924833750742
0.516373404257088	0.260679505826432
-0.199943653415658	0.12428163113837
-0.764876695865399	0.556581211661786
-0.136181305076651	0.0864146322887293
0.901890000207682	0.646053105931267
-0.380089063375764	0.275720719862699
-0.186984793908121	0.13446761801737
-0.112756517742019	0.0951286606346347
-0.501080517407983	0.481098196762037
0.217775621934701	0.147678091019786
-0.4626086662699	0.364937462012839
-0.850289002840835	1.08253357649457
-0.298728281130367	0.328908697638671
0.024023588493302	0.0167619714915354
0.0322551914929294	0.0234752125547628
-0.134104491739159	0.0847070921378695
-0.879248376238027	0.754094528352636
-0.421437491864106	0.306216279811357
-1.5531864111739	1.36821623734303
-0.110677755048309	0.0530998215364764
0.511159172120576	0.255130444260639
-0.657627120734383	0.609218030808071
-1.88760813759398	0.800975594780284
0.139622796258569	0.0277906069185664
0.915256640528192	0.246546453799677
1.40800222452611	0.463189548751009
-2.58680757847581	0.729745247139394
-0.309262066423591	0.101219636540973
0.0847361917709397	0.0251551661851849
-1.19088794599095	0.373522050063033
0.912296066932838	0.251719656905073
0.136883103816544	0.0276946864016619
0.63917511116286	0.486159916546696
1.69162468393083	1.58333210384776
0.448344321900493	0.159279307936694
0.107495951455752	0.0274203138654146
1.24767262761603	0.546542073146205
-0.664212702591029	0.172057081317188
0.913929522753106	0.246043148688257
0.113644458616893	0.0295034454276805
-0.576710197514131	0.311079717454564
0.737161022464199	0.316055292646527
-1.75848683750291	1.0296614366428
0.0616489822284324	0.0257546741923028
-0.578967720952501	0.309148146425508
0.309338580719865	0.129909087785104
-0.154357199299534	0.067745071713591
-0.404465254254829	0.121110502077163
-1.24782492724878	1.52334771367528
-0.279140162311755	0.14906084333494
0.231937135003338	0.136930367777705
0.765652006158085	0.729170713653351
-0.787760888120274	0.768553149203527
0.302905021171532	0.132219260579084
0.0546461328126206	0.0225963863946408
-1.13764717633865	0.886399157183934
-0.22894771393739	0.0860654985459468
-0.284250786314354	0.273066850252519
-0.999390438412951	1.44152665967967
-1.20123965938184	1.75822897908765
0.348367174606595	0.33083557093048
0.547831307810916	0.556396897906421
0.341860601760726	0.241227228399183
-0.205799088453582	0.124875369154016
-0.0680938793059764	0.0464309719135985
0.0246329748234495	0.016489606697147
0.090321832668695	0.0508079393050987
-0.277755804218677	0.151623840690271
-0.896949565623729	0.671041479007081
-0.691905628284125	0.341696582187546
0.0656630156888899	0.0248931430790684
-0.0723324382223887	0.0387148942454806
-0.142694907195141	0.0655011636353027
-0.881156480301843	0.674686019516703
-0.582885035453569	0.310189033090512
0.972158382152001	0.357406169252863
0.300737493332351	0.126447582277982
0.063233916534657	0.0238838361123592
0.0572068514313876	0.025971786694255
0.111254822074604	0.0276407925439844
1.49156274583157	0.742055793211265
0.983705913085556	0.485284473849998
-0.40352323114107	0.120758066909653
0.0667392597732058	0.0228256121926022
-0.299810344825377	0.101869266952859
0.450328728044094	0.159866625787245
-1.36458713645513	0.639937100855689
-0.393574060432363	0.18977696608378
-0.605877973349914	0.248295887545134
-1.58198567674821	0.588894568551833
0.996333970805467	0.59636846134852
0.599154292262728	0.189491588058777
0.0643385803691263	0.0219342618152855
1.00206752971233	0.585363276756539
0.135260382067815	0.027537361279051
0.362723676345574	0.146241648109629
-1.3656421600018	0.650438160474704
-0.143299555190581	0.0652321498598093
0.390472049326381	0.246356375813936
0.0699996429045156	0.0343074899898216
-0.486858667230375	0.32974329958588
1.25895108922893	1.19217165988677
-0.377209847726194	0.343127308935584
0.0210027301836323	0.0144051500152467
-0.16548671666634	0.103158193458254
-0.479181600484191	0.363150208813699
-0.575464631416885	0.618177336757235
-0.102152936913305	0.0790056332324028
-0.703852828376107	0.866545584343883
-0.0571131407273355	0.0409043721660236
-0.353978582053784	0.329842649960222
0.0386703042294236	0.0286352734016185
-0.628662049954486	0.677131170431984
-1.18709629407174	0.367866366203715
-1.13158488749377	0.93631614955753
0.621909618906646	0.564112098327145
0.812326629155958	0.430771485978296
-0.184674602816841	0.0771712368254169
-0.414019623574498	0.12580488589805
-0.319671098598421	0.157483402968149
-3.10127393419528	0.992376013889665
0.603885329091052	0.191922454954812
0.058292793525837	0.0190493120116439
0.606261717682182	0.192838259478629
0.051604003435487	0.0190568512539658
-2.58629113950768	0.75115680939482
0.112003320018995	0.0279968924911906
-0.295335734702111	0.100085904249089
1.69272847887773	1.23250013202269
-0.769857493589798	0.53046014927412
-0.302304101270436	0.102286932640459
2.7437914163344	0.858143402013944
1.4045502103863	0.47447828268478
-0.66316670088369	0.170896697158849
0.136883103816544	0.0276946864016619
0.964544048723214	0.354010786826226
-0.120361871291549	0.0596549910445755
0.45478201977173	0.25110060928267
0.86430736579056	0.559580271258146
-0.795001390996917	0.284010053207826
0.0822998201095202	0.0244639580863817
0.963546652280915	0.375646131299436
-3.48334063090817	1.28399851759288
-0.885956435636891	0.596015936674609
-0.778390635610631	0.533126065448131
-1.24543690260089	1.08717924077619
-1.0364963257628	1.10056820983234
-0.561935440180267	0.484927862805431
-0.319537150502448	0.211133325268193
-0.374594489200209	0.284186548975954
-0.635479426295281	0.405927259941613
0.406632725027263	0.237270886887584
-0.303268726846135	0.102936778939399
-0.510617814482421	0.519077864710885
-0.0774769688546814	0.0691512500052136
-1.65052886225071	2.10761426116287
-0.18732813556108	0.149135758464074
0.205262447960798	0.144034180985485
-0.341324030479436	0.289853397113227
-0.432614672177815	0.254028557658335
-0.237807534126499	0.135252497543708
-0.590510142306446	0.439816281576397
1.27104383511061	1.09291851742607
0.246954365203606	0.127374146818904
-0.0374373958320343	0.0211619341815933
-0.119554471229583	0.0579923002568581
-0.895792306905519	0.580661776074012
-1.04050962346528	0.663722875864451
-0.481932666967238	0.214500333823115
0.230031876680923	0.13381251148232
0.312091901785669	0.139613382892612
0.0552992181632537	0.0209404688823635
0.697726037303958	0.395551359038016
-0.408364610250408	0.125062886124958
-2.36079926542025	1.27166417021537
-0.299810344825377	0.101869266952859
-2.14333525710161	1.03655111289792
-1.11736347610777	0.460002229753649
-1.06647898096307	0.564657521717205
-1.11118502297239	0.459316518641114
-2.14864214613159	1.03642891911596
-0.230549237064323	0.0876091362242137
-0.297826639770653	0.102398685741616
0.0705920796761428	0.0239218771072657
0.606261717682182	0.192838259478629
-0.796754646570268	0.293511983266787
-0.798422643818896	0.288663490857028
-0.300729928489825	0.104672402463958
2.7437914163344	0.858143402013944
0.962657904739437	0.373934734747675
0.717651562026657	0.634488057855464
-1.13867784307647	0.899946399371806
-0.246657868201777	0.168944142524344
-0.138915325851817	0.0905986572759239
-0.701614814046047	0.642725383683998
-0.379341574718286	0.346753026697471
-0.261773156257821	0.24866438667964
-0.57468779976818	0.626543738255264
-0.143975293217772	0.124265516385654
0.353809991528155	0.42839521743878
-0.46571914579652	0.578126848732699
-0.716879328039203	0.655830808250674
-1.11852644377131	1.47755873146012
-0.0553167637436058	0.0391858800717234
-0.632585836692454	0.807350575172989
-0.721441387437019	0.760623734240374
-0.0852179465350763	0.0687198824073171
0.338261822649455	0.230546358378736
-0.801216127081225	0.878483385900673
-1.43393297522282	1.15695142776656
-0.583223792690665	0.31401967699862
-0.60135001632614	0.231245031910961
-1.19022958329083	0.36718955542521
0.446649728500762	0.158369716511849
-0.662576541438912	0.167226093944783
0.730624575501279	0.30332921397224
0.135777281310589	0.0276700835720092
-0.407647544276453	0.125048986852886
1.95985299790711	0.5196076110699
1.76755064851629	0.682594045040735
0.114300126183082	0.0290815784858705
1.76027321012721	0.679821023976973
-0.476407673474922	0.205342620178294
-0.691333436073429	0.350845916080234
0.247527907423249	0.132201536746639
0.912296066932838	0.251719656905073
-2.58680757847581	0.729745247139394
3.60599413411739	1.43298211449957
0.598225217898773	0.189702995214788
0.139103019799911	0.027659650015314
2.74262749706831	0.836921336896799
0.959641068204349	0.354044854335606
0.862247314631622	0.543578440668961
0.381457069175091	0.244111673308143
0.0602785203567671	0.0201138414021014
-3.09950705418866	0.995493427876299
0.0699497466286661	0.0236232327876932
-1.57568164587072	0.592566077238466
-0.491316734611163	0.280108091853349
-0.555113005986274	0.46946220754522
-0.0955596926432959	0.0484593563331315
-0.575372513545502	0.609688243811138
0.0465206859131296	0.0340802048838138
1.06183801437232	1.09433753856035
-0.621582420549519	0.536987658519116
-1.5489955644252	1.38105002897474
0.065900012200119	0.0322131346709764
-0.696034592089686	0.352694427414485
-0.570795195451548	1.06792463486315
-0.4311333321238	0.586078441729523
-0.232920312793857	0.258171362261394
-0.272299345570572	0.370604940956714
-0.458904838758511	0.578331473175739
-0.22220664133507	0.21110538118927
-0.838649331838427	1.05878492440079
0.222316278403809	0.260081153906111
-0.099412740396091	0.0497237691740407
-0.377135588028438	0.316089147493101
0.375655671785566	0.400997414668161
0.350668586824922	0.331528221412537
0.878694898837356	0.549840389108296
1.43421873180472	1.11527538053578
-0.231797711189905	0.136173830512047
-0.481326461739084	0.345279316503538
0.348071078871279	0.24442427822605
-0.124672088521424	0.0589562813905008
-0.183937477990114	0.0762583353090196
-0.798422643818896	0.288663490857028
-2.14255668430534	1.03395285909917
0.302759085678151	0.133478881365727
-1.18479272281303	0.374888725715739
-0.408364610250408	0.125062886124958
-0.804018007715216	0.294249733288003
0.978850792691337	0.467535095912779
-0.804136938778594	0.288077643282142
-1.10522473116348	0.476697883437059
-0.853570284443832	0.39717115846829
-1.35926709103728	0.639210660216047
0.966838633891883	0.374912881186244
0.114689333546641	0.027345966145719
-0.60708788454615	0.241144960334835
-0.794229979096842	0.28561468782725
0.116740881199792	0.0295184450787547
0.11331362995568	0.0283571465180488
2.04703166690979	0.924881425572842
-0.383897167586505	0.457093169191996
-0.957472222185189	1.35716388508322
-0.886835080438618	0.694257548631926
-1.58021676723919	1.96021237562767
-0.28482465464044	0.329154293538894
0.158724907332671	0.190611903793845
-0.0108133338696269	0.00923059682414034
0.133490341199582	0.163000870166652
-0.317039190187279	0.488475918913543
0.0375472945689903	0.0411812543448904
-0.730857676099464	0.777110323003077
-0.646300078672884	0.772184754072803
-0.24878548466364	0.23919853343612
-0.400893667732791	0.577694363301463
1.07754395997902	1.85259997542274
-0.21720335803368	0.261995079941034
-0.656661220304183	0.779317476870156
-1.75262860330388	1.01833503335398
-0.41474348075527	0.123952726570493
0.14458724448379	0.136825444613168
-0.770372424507756	1.10712360442111
-1.03686321015152	0.651569548170864
-0.66550420208219	0.165424444020366
0.11331362995568	0.0283571465180488
-0.797523359661614	0.295014290825509
-3.48203861008719	1.28728532646872
2.7437914163344	0.858143402013944
0.916298674668646	0.246583724561861
0.135777281310589	0.0276700835720092
0.117398925333755	0.0291170272605346
0.135260382067815	0.027537361279051
1.96248231811148	0.513645335191982
-0.270826619733267	0.209244440601049
-0.241383130141527	0.140504169083419
-1.79696275354321	0.449497566570133
0.117729204636382	0.0297079654403452
-3.10551575874806	1.01542894472056
1.95985299790711	0.5196076110699
0.450992911847789	0.164550979721028
0.361871781065145	0.145394886985085
-3.09950705418866	0.995493427876299
-1.34731122468663	1.25296761769336
-0.77815710800417	0.667936017524419
-0.177868930926902	0.164115347334021
-0.334017298843512	0.256341687117494
-0.382691871611109	0.428013390972467
0.260723767414384	0.256921340605781
-0.398257649386289	0.411904195730296
-0.0545562223558232	0.0386794316859188
0.209746259695737	0.152431416663285
-0.157600651331295	0.118695244837023
-0.513763595712223	0.395343079661879
-1.55510693042851	1.04716036842729
-0.398767125155797	0.193169112263054
0.28277769724262	0.135232984467403
-0.398767125155797	0.193169112263054
0.0763235771517819	0.0219874230407631
-1.04559901765313	0.648575889409067
0.360204446824642	0.142480722564538
-0.873833846313092	0.495382448781421
0.730624575501279	0.30332921397224
-1.35870097348981	0.642871224049753
-0.679948795239801	0.323034921651679
-1.10522473116348	0.476697883437059
-0.579876263581949	0.31423159589641
-0.800609206593065	0.284969027461076
0.0716265412894518	0.0238653547584123
-0.115781036877647	0.0564794980900166
-0.877662466841186	0.484350652236257
0.966838633891883	0.374912881186244
-1.36641302588233	0.644734203921403
0.60320803681388	0.281778725345855
-0.390330330501979	0.187949854344194
0.733073948758668	0.302093223186916
-0.121690253285117	0.0598210644634879
-1.02310360720657	0.740270343030323
-0.231692351216046	0.135182948444576
0.300979414875155	0.131388845930316
0.0739335095297541	0.0363088353363106
-0.729856667451108	0.425521071076925
0.0555439841885889	0.0231223697779651
-2.06444827962047	1.45495393179299
-2.02581541892369	1.95770752176618
-0.614060523964527	0.512766549909186
-0.421939723975385	0.25627648245035
-0.144777021437094	0.0648487233471138
2.34242154109963	2.45099632420518
0.231233693235061	0.128529679327755
-0.0268465696051993	0.0156845336854427
-0.0884174243767739	0.0457727525173986
-0.426237506600241	0.300140149042172
-3.10909390456881	2.43127822717135
0.248154752999172	0.130655948101822
-0.318518750714247	0.208199763363666
-0.693695589409413	0.576777232861745
0.0703915298181935	0.034551388470884
-1.10522473116348	0.476697883437059
-0.300822756410362	0.104569228367995
0.0830718469071978	0.0247108029611219
-0.152316192152667	0.0683557994210511
0.308789546480663	0.136139159582372
-0.598757578297085	0.2369907750536
-0.414019623574498	0.12580488589805
1.00169614246488	0.602541977323686
0.999648339032655	0.578809095052612
-0.882977624624411	0.702395944295073
-0.299810344825377	0.101869266952859
-1.80641583332641	1.40344620912738
-0.281817333661497	0.155683275814243
-0.238932579749806	0.0895245297477474
0.516373404257088	0.260679505826432
-1.88607692070189	0.809688729884456
-0.66316670088369	0.170896697158849
-0.798292438113117	0.293257647460578
-1.57544033612542	0.5846622561655
0.139622796258569	0.0277906069185664
-0.235437883533181	0.0905573655701408
-1.5740129761501	0.585738640708557
-1.58126614149098	0.58929855705597
-1.57472650403645	0.588607364274046
-0.409303599020149	0.122798470587256
0.064924403284606	0.0245965994263762
1.76244888962048	0.700577659923282
0.735425303160233	0.313657849579674
0.0635644059786981	0.0212472185212218
-0.408364610250408	0.125062886124958
0.911849189459234	0.247094342382604
0.113644458616893	0.0295034454276805
0.0596801269755059	0.0264628025327454
-0.228202200831374	0.0858815719674045
0.0705972678824599	0.0259277620418717
-0.394160323774241	0.18837377358498
-0.738406381482876	0.429798169626612
-0.324811093679475	0.167162136163284
0.598225217898773	0.189702995214788
0.0700281602861521	0.0319285711082108
1.76244888962048	0.700577659923282
0.604818692519225	0.191704651936722
0.451118020366583	0.164035286059591
-1.79696275354321	0.449497566570133
0.915256640528192	0.246546453799677
-4.04248030059663	1.82678771591161
-1.44019384932117	1.19000672695655
-1.25369969520016	0.743116554546987
0.377072135393446	0.227297858270714
0.73951855962408	0.308865429873861
0.982859742263859	0.485532019098748
-0.602620922665704	0.23856234219221
-1.11670614463239	0.442291579006313
-0.859934711839812	0.402025957303598
-0.407647544276453	0.125048986852886
0.0651123398218542	0.0223133285015938
-0.796624533075872	0.286275403845535
-0.323139141060347	0.165385304258254
0.0818277356190716	0.0243640286944069
0.449974969716652	0.244245400902474
0.110590727914953	0.0274889069309143
0.136365592898716	0.0275626354515824
0.911849189459234	0.247094342382604
0.0848555114773096	0.0256163091913079
-0.854197754117244	0.400971085265102
0.35210790206721	0.140095223020606
0.966971498316533	0.363982906321637
-1.06574557399248	0.564904946258386
0.06260331636697	0.0208843309685136
1.31180189209088	0.960586005949943
0.52670808864771	0.261498085493582
-0.120755955636138	0.0589793095356652
0.0640606188610555	0.0288140344448427
-1.01970763000665	0.739197219104708
0.0537331204593763	0.0254375557334551
-0.179574136272203	0.0757959503039464
-0.203165506694354	0.121833946852098
0.600090984342607	0.474515780427632
0.453578154415999	0.245066535374617
-0.42408456302782	0.301492685303026
0.641858752742148	0.486221897170831
-0.522830307759595	0.399777794881678
-0.416460432406715	0.30104296132519
-0.420221792121018	0.338846321469122
-0.309386348031079	0.10269911960662
-0.305979022732257	0.105460986755316
-2.59095080885704	0.73100422312804
-0.480898606005228	0.212350476617034
-0.605018653446507	0.247296557897613
0.915256640528192	0.246546453799677
-1.89374237442225	0.750304659504686
0.0614730147705426	0.0231476064358316
0.278727246096612	0.135052756515797
0.70054686760741	0.395977417753327
0.768797557864731	0.538618845824405
-1.06501252545001	0.561916655130423
-0.575657652527701	0.312420285575349
-0.689864503136859	0.348932711497458
-0.397272332868138	0.190400518707707
1.4923415776981	0.76659873354307
0.0830718469071978	0.0247108029611219
-0.0964115789817518	0.0504271228659373
-0.198449535346046	0.122652092605092
-0.431216278317222	0.254732916660318
0.310608604996085	0.137475665423926
-1.41582348005076	0.889325366709005
-1.06695676048145	0.558204554366281
0.358601987507067	0.143969516415266
1.25306847819444	0.566289241267133
-0.664212702591029	0.172057081317188
0.313723887927428	0.139268562930053
0.0636511233724916	0.028840441362575
0.972158382152001	0.357406169252863
-0.480311503991658	0.214140651371127
1.87601609612752	1.17486953147453
-0.414019623574498	0.12580488589805
0.451906878169094	0.164630247528037
-1.18644403433955	0.376991864933128
0.0635644059786981	0.0212472185212218
-0.300822756410362	0.104569228367995
0.439564936730751	0.156174210742552
-0.302483397253497	0.10330406160642
-0.233832442393398	0.090355785093056
0.0848555114773096	0.0256163091913079
-0.480311503991658	0.214140651371127
-0.233085081179843	0.0895027925211407
-4.04324431061234	1.80244421608113
-1.3580324490257	0.665459036479094
-0.851878673130232	0.387863646627964
2.04511227601041	0.869867892984842
0.114300126183082	0.0290815784858705
-1.18644403433955	0.376991864933128
-0.408364610250408	0.125062886124958
-0.66316670088369	0.170896697158849
-0.414721690705706	0.406271923418773
0.298406837877142	0.242930911998621
0.129468687656108	0.110397597729296
-0.235437883533181	0.0905573655701408
-0.302483397253497	0.10330406160642
1.76150924327536	0.69761163642514
1.49132904345391	0.741331647625426
0.112658604632321	0.0287479409957195
-0.404465254254829	0.121110502077163
-0.663623121117757	0.16832657241939
-3.10068477185477	1.02132911380557
-1.88699316060402	0.815143785732617
-0.408364610250408	0.125062886124958
-1.10670156578032	0.459837242464386
0.055393086049665	0.0247674525926823
-0.414019623574498	0.12580488589805
-1.57472650403645	0.588607364274046
0.117398925333755	0.0291170272605346
0.0848555114773096	0.0256163091913079
-1.18544536761663	0.374513004052977
0.0609011374140593	0.025207331876131
1.49626504442538	0.741462809697449
-1.40754680890761	0.900687101826155
1.25045258766834	0.534761842541166
0.272553258115704	0.130667311171288
1.48490308162522	1.37631036116746
0.450875078019399	0.246200346866513
-0.233996290852269	0.132472512346679
-0.443055990770482	0.24338682782664
-0.0265795549487203	0.0157857901346727
-0.559454867700123	0.492994985658195
-0.794860965219574	0.893988783653682
-0.778503641290088	0.641817937008442
-0.27445558350367	0.190441469760714
-0.527230698976249	0.501237134528819
-1.42780447019278	1.56028334961911
-1.4423277077626	1.44301880086412
-0.879253853544842	0.75569173595939
-0.788536577263093	0.82703296093265
0.386569437691149	0.243590878449249
0.585174688238207	0.441743508084706
-0.328066977571943	0.248031413909666
-0.884180809337221	0.675132184871903
-0.692966187355544	0.34807264933404
-0.296254738715931	0.102136771994014
-0.869596965744491	0.372825294592071
-2.59147226472825	0.730846721008793
-0.795001390996917	0.284010053207826
0.11331362995568	0.0283571465180488
-0.798114652045396	0.279069598820766
-0.624618821334993	0.392658604117372
-0.355185923390455	0.224905349778199
0.270899198810275	0.128617769693125
0.205767962683842	0.135466179749397
-0.783863005895693	0.627521009605286
-0.553896611518714	0.375849080975965
0.211874317151121	0.132366827395949
-0.0946298786172211	0.0488686527040807
0.0882053385734824	0.0538710115660312
0.0595963300417137	0.024754859777838
-0.482281486912878	0.211272047994888
0.080114256369052	0.0232316298732756
0.0613215575322529	0.0303401547003717
0.238802288775155	0.121118148800623
-0.494814336299313	0.288248610893715
-1.30086326716404	0.876181905108629
-0.147331579973801	0.0669111607879083
0.268195024338554	0.128869518492511
0.0617563244060323	0.0234622246668949
-0.855060327780243	0.402472756021541
-0.691823308812824	0.350689046183924
0.0623964736094975	0.0261550583912723
-0.688747505463857	0.340898003171132
1.26733930222084	1.08685038133492
1.18660484371103	0.651615237401381
1.44075077816963	1.58276477982086
0.267430660003682	0.127382247880001
0.517266343051346	0.262199548559052
0.603342170174344	0.280281513622501
0.35870416173247	0.145477496238099
0.359656949859158	0.143380106480036
0.107495951455752	0.0274203138654146
-2.14345456987319	1.0407699673523
1.69178466847356	0.927476270819431
-1.26062191532578	0.711804846237902
-0.301607804620283	0.105224348398864
1.44476247620529	1.1775371205981
1.49715905372592	0.737134837756461
0.361871781065145	0.145394886985085
0.607992218193391	0.283519262852047
-1.79696275354321	0.449497566570133
-0.485518402625961	0.206698820923482
-1.35946889167077	0.635752979508566
0.0600041176835795	0.0248152331215068
0.562589379168608	0.360950446737923
-0.611138202722565	0.24274818901528
-1.36410167076691	0.645761329462389
0.916298674668646	0.246583724561861
0.136365592898716	0.0275626354515824
-0.89568332678092	1.32162179524326
-0.420067872196359	0.445413721727079
0.0826844602390061	0.071549783936375
-0.0387278828337985	0.032800277168757
-0.300913962745936	0.100428305409286
0.705203682528485	0.411001158155085
0.978097833124983	0.479191878406887
-0.798292438113117	0.293257647460578
0.450992911847789	0.164550979721028
-1.10146287304784	0.459550051315211
-0.405905073701272	0.118706078687127
0.602810046974828	0.273967226038774
-1.57293900322849	0.560345456168646
-0.182331692530797	0.0748352354638613
-1.56040886965894	1.12764695798858
0.817774573719918	0.437416300979151
-0.882728615227683	0.576377133430634
0.439675415719603	0.151849516434672
-1.57126933210952	0.833092775297699
-0.304278583182153	0.100765531532762
0.445603251652905	0.162653299830411
0.613587196412995	0.185709404618777
0.867697679668593	0.56271240244714
0.272861841721836	0.133485999674274
0.120846194928864	0.0292799355082685
0.094775875434613	0.056891269241497
0.422821786981164	0.343341781237288
-0.371590053373703	0.239802166442275
-0.425949279899888	0.295567796292465
0.0923084649846813	0.0563626254396223
-0.336732644877971	0.296707912185889
-0.141000364711973	0.0907580771670202
0.193487717168814	0.153608262633122
1.58252778667028	1.56000251531735
0.288086247185127	0.251870390938778
0.930988799674544	1.04892605183671
-0.210975274689814	0.154701703608667
0.221101261776661	0.16093259986645
-0.415533914445034	0.425934798227347
-0.355458798922885	0.349208582087857
0.0105164804122458	0.00688948571122993
-0.571186008232437	0.606255970554494
-0.662576541438912	0.167226093944783
-1.13166044554912	0.896611579889726
-0.727687417786508	0.747000915899493
0.3339579835191	0.244742142575058
-0.207096134414965	0.150416257663136
0.475673481123411	0.340773741391684
0.803216186656789	0.761517379715599
0.0116299212977379	0.00769791591383372
0.518136272082418	0.361939265153603
0.41943748646083	0.337317470530491
1.37520405910199	0.856597486177406
-1.18709629407174	0.367866366203715
-1.03222190302467	0.63515624071261
-0.874243819386277	0.488054674553345
-0.370207469060729	0.238111394799298
-0.398175562278321	0.189606016916962
1.00700601821362	0.6790166794257
0.0650753622663017	0.0328539789288074
-0.417083749605345	0.25656859554616
-0.116943756639762	0.0582056658877358
0.0572635739975241	0.0209825745599542
0.0665440340296314	0.0252931560636775
-0.309698271767324	0.207710879105039
0.0637879854111927	0.0290991371289615
0.0623534896099734	0.0235982996171794
-0.27495696966308	0.152567597870189
0.412319066112579	0.249142837322621
-0.585036636530725	0.30556898587741
-0.375079074917484	0.239388806168154
0.055266192860998	0.0245337408870756
0.0864730103177711	0.0255083044195853
0.067591519015291	0.022948956655519
-0.873668095045533	0.49799222790755
3.89195033816806	1.6921913620674
-0.0982983547268391	0.0511237476663465
-2.5471245166084	1.49012905505889
0.0764719448294808	0.0435252439870563
0.454226143191513	0.246191636687776
0.357953419078407	0.1441993575867
-0.417259494830552	0.118914374423549
-0.18046882824808	0.0759219710126507
-1.41245993900195	0.913261441624802
-0.410839738933292	0.121896646860028
-0.2991574692797	0.101672016179551
0.06149893808944	0.0257550980431058
0.0542613019143992	0.018093552029988
0.912889390104767	0.252558480562074
1.95985299790711	0.5196076110699
2.7437914163344	0.858143402013944
-0.302855193377768	0.278598186815258
0.478744035210981	0.605543269601142
0.681929098524094	0.765178363024939
-0.249085203196625	0.241535497124553
-0.0173514581582991	0.0104700270789389
0.31224106097321	0.139321413343348
1.75425082843012	0.663253737444028
0.604606269196918	0.197131496894388
-3.10009581190073	1.02285714033744
-2.36309525585261	1.24359813570039
-0.309386348031079	0.10269911960662
-0.851134480279266	0.389128837006033
-0.218661216602379	0.0752629564280357
2.19830974670412	1.53854496429178
-0.699519666714977	0.341236063616774
0.0826371652373186	0.0435965549282596
0.44481413133503	0.158492564541135
-0.497628626620254	0.288410123485029
-0.690598796997403	0.350841394669898
0.701310316049518	0.400710670814
0.511544904965804	0.250466494150636
-0.069854258202063	0.0391266772280692
-0.996697823061931	0.840939564100959
0.0613619450208975	0.0305478246234042
0.848317342392962	0.859281557268942
-0.996697823061931	0.840939564100959
-0.107080646889895	0.0709562242051881
-0.107640863645035	0.0850229052771362
-0.292942006187722	0.225571055095248
0.724551724009932	0.718329466245608
-0.385741072493714	0.324049957635964
-0.288942013759798	0.254332802535757
-0.021652027014404	0.0130713072233729
-0.00873896839078272	0.00652329079402
-0.53249189123928	0.647517813477126
0.86433543933379	0.801989528344235
-0.397178502377634	0.354605978033793
-0.339704189398446	0.259242484803356
-0.580952225206946	0.319302162561081
-0.498633111316328	0.279618850221292
-0.485282834277779	0.280278428971783
-0.576560315436562	0.313562152213764
0.00944768699202093	0.00628282476957281
0.577333485392551	0.564296587484601
0.639943667375597	0.478807518226864
1.04658005646552	1.01088913306772
-1.44013665330842	1.45121492036896
0.0641854210844265	0.0241334911358088
-1.18579202880628	0.377375738923198
1.67395406279653	1.18472470073466
1.00310291565238	1.05534625433067
-0.435848304116033	0.309700406673259
-0.047528487984258	0.0271694902959187
-3.10551575874806	1.01542894472056
-0.408587259070592	0.122778214287602
-0.794229979096842	0.28561468782725
-1.55988708805506	1.08232144641805
-0.696772107320233	0.353815474784483
-0.164761635298396	0.100923761889264
-0.685806617546024	0.344850261588657
0.0498484002584259	0.0183747905378691
0.626685059419723	0.385754494453325
0.767325424015344	0.519106605236359
0.609004155777126	0.286758401658841
-0.109692619073349	0.0524900700479263
0.360860425943171	0.241021284282654
-1.05051359104988	0.624068309144514
-0.397863766666378	0.192370991419772
-1.01241908211193	0.739296656418697
-0.660662991928537	0.649591775048997
0.271390868051742	0.128863140614012
-0.152769446649939	0.0690353412124953
-0.306767176515893	0.10561250360376
1.00805824799292	0.594502945964835
-0.601207596303476	0.243882027133499
-0.786774579142167	0.695777804832015
0.455557908092773	0.254061707010447
0.067296854250374	0.0328905617819444
0.218059851313911	0.126933691454555
2.03795151087341	1.39603483364711
-0.0619027957132024	0.0338197583756709
1.24937717840383	0.563071247913996
1.40389015544422	0.472685258600458
-0.870413326918953	0.492026765234024
-0.568612442991437	0.298208753034117
0.0572068514313876	0.025971786694255
0.0674030002808108	0.0336020402677194
-0.23458019766616	0.0905388512161624
-0.691333436073429	0.350845916080234
1.95861796438167	0.522920116684771
-0.347871993544467	0.320002843355815
-0.360747970941297	0.420472599145291
-0.0601781739780859	0.0427622963142013
-0.0989317377467445	0.0790768786087597
1.69814550869998	0.978554519450623
-0.482428063892819	0.213459013662829
-0.690598796997403	0.350841394669898
-0.228986403373726	0.0831766115215704
-0.804136938778594	0.288077643282142
-1.58198567674821	0.588894568551833
-1.76681297890381	0.995930034732917
-0.329907001810844	0.163745651996413
0.0579454697279005	0.0243273970196549
0.0857466337829157	0.025285336022781
-0.574905002097356	0.311621120813916
-0.854942952058868	0.399589936707647
-1.25330268257736	0.713387717938559
1.68874259046253	1.26557955257398
0.993895993989644	0.571748396350131
0.0683059059655909	0.0253055720935653
-0.182886866740271	0.0767727710543764
0.231309053796057	0.128676180319698
0.0769495061304645	0.0402409260746954
0.204873356272117	0.160516553900569
1.14705526430195	1.27507845222846
-0.745392725328159	0.825997031072875
-0.649155547952059	0.64487883138458
-0.868611849484064	0.822698382531218
1.14482111205568	1.32705072070338
0.0887419811485804	0.0502519721415671
0.297459974191814	0.243448790021117
-0.161267888253062	0.122208598765236
-0.0867657975918533	0.0684905964390722
-1.24510702094789	1.52664572658699
-0.234405651862754	0.132819752018651
-3.78803306281835	1.56114299435305
-1.54707181958287	1.37083848523195
-1.18544536761663	0.374513004052977
-0.276406803225863	0.187978492185744
-0.716151382588699	0.630672690845466
0.410981107656659	0.33662425285544
-0.66351148978671	0.696783733648752
0.908289068232756	0.912645278264311
0.625606421951504	0.560909835342389
-0.308215026346785	0.267160789417262
0.21244495424687	0.145551618394002
0.531563353313539	0.459355089609213
-0.324523335380926	0.168964558236364
0.0839639145488446	0.0254365526375156
0.761705184590438	0.513951025452564
-0.492426240649422	0.417149683710151
0.342066497559774	0.238264797911451
-0.280225156596444	0.152349640637306
0.112988531215602	0.0287108076421722
-0.66316670088369	0.170896697158849
0.911849189459234	0.247094342382604
-0.406707888988247	0.121566231332134
-1.18479272281303	0.374888725715739
-0.677750449026773	0.500559717214477
-0.377513235200457	0.28499441436695
0.0736631846667788	0.0386098749750256
0.0631293205687779	0.0332375393277117
-0.644371145656632	0.396012564666543
0.060602035146106	0.025201175429657
1.16399069856891	0.779514995757285
-0.668715969011646	0.504232423831948
-0.415071244097797	0.251402724036379
-0.23458019766616	0.0905388512161624
0.524385627206706	0.262097086060961
0.767065469223554	0.65176744728184
1.81816632481476	1.45130800013579
0.0579454697279005	0.0243273970196549
0.559277926839297	0.464470881298833
1.02791139310089	0.842028936085294
1.53338194722232	1.03693258240974
0.136883103816544	0.0276946864016619
0.978097833124983	0.479191878406887
1.15431294160614	0.913952800295057
0.449312101873402	0.234215194879472
0.961768678861857	0.365024879458195
-0.237319059138814	0.139229987016635
-0.399669839877112	0.192337287990876
0.991621096071823	0.568213445877799
0.223117129894063	0.122873010409633
-0.326805604412727	0.1665785307467
0.0631436118780943	0.0264170867989035
0.112988531215602	0.0287108076421722
-0.66316670088369	0.170896697158849
-0.576872567989941	0.318440119968235
-1.0717491308406	0.558747991980582
0.0707231307870655	0.0240114086057068
-0.1488449245881	0.0664553353412403
-0.305979022732257	0.105460986755316
1.69730229486213	0.97603788221596
-1.79654774535228	0.450347580766032
1.95985299790711	0.5196076110699
0.18977695438798	0.157078645025574
-0.0746067276299889	0.0610475562317199
0.318860688578699	0.225312809396142
-0.388682938084134	0.187990352619235
0.112988531215602	0.0287108076421722
1.24322655164328	0.543087524317864
0.067591519015291	0.022948956655519
-0.406707888988247	0.121566231332134
-1.03611415631054	0.651858896311553
-1.10512450327986	0.461480511131395
-0.480898606005228	0.212350476617034
0.113644458616893	0.0295034454276805
-0.18046882824808	0.0759219710126507
0.957899559015083	0.362137919940368
0.823441666134468	0.431488040337695
0.981260573845083	0.48022701043992
0.451125669170125	0.237581655219603
-0.873668095045533	0.49799222790755
0.70207339189021	0.401859322564571
0.24113449065619	0.135213629301076
-0.690270926201759	0.584292294465333
-0.415785904263874	0.334553757339532
-0.0963684439300454	0.0664713509377253
0.419391054537997	0.35417754853246
0.0907551890607584	0.0592453491180855
-0.113063502726357	0.0750196099229084
0.0243762054609029	0.0162018081235695
-0.953626619355471	1.37074062607565
-0.484291509376479	0.207824647843278
-1.0907398424823	1.00908433102299
-1.79696275354321	0.449497566570133
-2.58629113950768	0.75115680939482
-0.524016063226658	0.398411548341997
0.746172203407377	0.602405441571486
-0.0267650732530444	0.0158480918103049
0.353695707006592	0.237233585779115
0.546894560630442	0.544235529592172
-0.333775287214068	0.25820276016817
-0.178358139292685	0.129114926759125
0.200714722296555	0.143062394240616
-0.00837767526131668	0.00505642516178573
1.15639224371812	0.736812436137317
-0.800609206593065	0.284969027461076
0.906342155612737	0.678583847578629
1.0088419389717	0.698217217334884
0.771938009527429	0.534450420669703
-0.0599780999416818	0.0336857285969081
0.444952049432455	0.160476366144499
0.605540363795595	0.196883836529778
-3.10009581190073	1.02285714033744
-1.19254024105573	0.369452928588994
0.915256640528192	0.246546453799677
-1.18644403433955	0.376991864933128
-0.550905498814061	0.364080031990627
0.853501332237891	0.870607099064894
0.0607517044802073	0.0253572712884079
-0.18331220570104	0.0737444976524308
-0.765315024714514	0.536457962574531
-0.638450339108284	0.417178085475134
0.518016970730962	0.26300254652303
0.232336304653751	0.127868118416793
-1.24379655009445	1.10208217638585
0.902496193835144	0.670161119147234
0.0622458188317791	0.0260171081371344
0.866922903455323	0.561102100312294
-0.495147273757886	0.290261959343017
0.0659661379964311	0.0226552702120729
0.248505954907694	0.12921122365912
0.563035621568735	0.373866963109177
3.61043776578419	1.42851918697584
-0.58110883370959	0.315729685393722
0.518562780582713	0.264445159356791
-0.092391210149515	0.0467941508164219
-0.497022565604632	0.281549281848902
0.0660453082905511	0.0223992938884626
0.231069102034208	0.12799659521434
0.0622126881511915	0.0258033205704909
-0.770332972990742	0.547504752801197
0.0571959744801997	0.0214250418175456
-0.877366497138915	0.502403768984357
-0.299943484909118	0.10402142414042
-0.606560451731061	0.239949669603231
-1.55585466927866	1.10322684225992
-0.856669944765314	0.391585439651193
0.242795060575024	0.127021894160057
-0.480013385788721	0.206780171941134
-2.14786018116768	1.02821981018061
0.11331362995568	0.0283571465180488
3.23964852842416	1.12033667058929
-0.252624852903366	0.240684826430164
-0.267004576958767	0.212172686159364
0.0605607436597638	0.0276274361848346
0.109139080240022	0.0271544233732829
0.0848555114773096	0.0256163091913079
0.066818620722573	0.0227796367301818
0.0839639145488446	0.0254365526375156
-0.404465254254829	0.121110502077163
-0.410113479891423	0.11993937786539
-0.599527467641598	0.238866436666662
-0.275770942762269	0.152674028823105
0.0628177581018066	0.0264886280634176
-0.275727486697897	0.152835007859781
-1.24933308249279	0.737792052642124
0.066258337559764	0.0240837150266582
-0.411648468345503	0.246876435772108
0.510978300989506	0.449637624604412
-0.737333996017333	0.422380897121099
-0.10017350726365	0.0657280687705555
-0.326702596331543	0.24996260829016
0.0279845047447751	0.0194257569645037
0.0149130861555814	0.0101059147078685
1.2263736725941	1.68129938602482
-0.140806608552767	0.108634466798197
1.40356203077698	0.475605300361172
0.44676582258661	0.157776185080692
-0.182101294576412	0.0749182605257793
0.641641258354566	0.480765091039758
0.821453394528779	0.641885728788724
-0.275486342101515	0.193062409516194
0.710132260662366	0.612003282294546
0.989129453927551	1.28789964385152
-0.132229852935303	0.0851642625814016
-0.192350658814722	0.115891117098268
-0.78681205352811	0.683486991097216
-0.185713034585463	0.134808718586966
-1.92957180732848	1.24686720708084
0.0847361917709397	0.0251551661851849
0.451906878169094	0.164630247528037
-0.0920901744677314	0.0628359557387201
-0.178730521079401	0.129146683887893
0.5197331110112	0.257507047895228
0.139103019799911	0.027659650015314
-0.301607804620283	0.105224348398864
0.919878890758331	0.238027791949177
0.107495951455752	0.0274203138654146
0.0839639145488446	0.0254365526375156
0.135260382067815	0.027537361279051
0.117729204636382	0.0297079654403452
-0.403816300279112	0.187239862655589
0.0671487188302995	0.0323570675033319
-0.550998365564616	0.384206007078694
2.04787516149466	1.34458435511069
0.359885060961695	0.231977953509907
-0.873668095045533	0.49799222790755
0.314007458522808	0.23125461796304
-0.530243579622464	0.424749552475491
0.0865181172411632	0.0528269549332444
-0.327572142453564	0.213724488261721
0.0783028548898914	0.0453129545264549
0.821025178524721	0.67138615284578
1.14986284796448	1.15238454381236
-0.693893237973272	0.561434418351155
-1.42771725231814	1.17287900468521
0.872365390269405	0.560970693567055
0.228942561280025	0.128781886005786
0.067567709787492	0.0250151984579289
0.0594470439627224	0.0243397882944835
0.465422370233255	0.253658174172123
0.904982641760635	0.671083854027333
0.237474591599844	0.113077727413424
-0.148207434172511	0.0650835238641873
0.249466874461948	0.127424042692322
-0.484119328123903	0.212738774248593
-1.03702018724628	0.634932905303822
-1.03960151018019	0.666107334667113
0.619658850220857	0.389725573001474
0.0849727367648129	0.025038189618109
-1.18232049113444	0.36811363919768
-1.79696275354321	0.449497566570133
-0.664802490637611	0.168136000223553
0.0607517044802073	0.0253572712884079
-1.13261454882766	0.899768438675531
0.519269982532723	0.363224867782684
-0.234504345724599	0.135215077405908
-0.602709015492645	0.239592499387889
1.253860328931	0.552310016907772
-0.692231324319801	0.349935498232864
-0.177940726049411	0.0745383849380765
0.065885684757479	0.0224844838123869
-1.10532678603979	0.461717089571125
-0.605278008811951	0.239857666429943
0.357851235029917	0.144205606073988
-0.609326587594943	0.247010331489444
-0.185606937577316	0.0775043742062207
1.31013158680229	0.93447371573479
-0.242671949220367	0.0876359978918452
-0.550630894757163	0.37535891855792
-0.854197754117244	0.400971085265102
-0.192374277939196	0.115223482891059
0.0719645735222767	0.0378634508676052
-0.267093706107152	0.180867919857954
-0.256632698420405	0.228036098173831
0.11972907276597	0.0809587379497118
0.764652180860572	0.847397658769247
-0.0755598446149787	0.0529587212508307
0.809551954312568	0.725120671234829
-0.439209639075286	0.364402985123879
-0.0417358425320122	0.0307815261007065
0.0907696743483798	0.0259310915486844
0.353650543505252	0.227541404618033
-0.420559473899601	0.311343839098881
0.375102110813287	0.23579154393552
0.205402822415566	0.155702524059983
0.015459910645349	0.0120604095362845
0.196040312178795	0.151286925652751
0.113072057272495	0.0811249137971781
0.721186211597606	0.716072300843526
-0.672952899097808	0.501445912990559
1.30835170930196	0.931465237305333
0.908018362853185	0.240274060282625
0.945556121632197	0.812360460905689
0.394217317427037	0.337429966996775
-0.275901727599832	0.182834808959619
0.564743690699698	0.376933765343394
0.0698187032706045	0.0237552160456252
-0.301503812063954	0.10158178935009
-0.413296082833356	0.123702559230249
0.087365611956047	0.0261067336815929
2.75091102633772	0.795167326839973
-2.58629113950768	0.75115680939482
-0.390330330501979	0.187949854344194
-0.280225156596444	0.152349640637306
0.0731356721825694	0.0397306314002386
-0.560137411347241	0.37245149452135
0.074905955898796	0.0423754921784409
0.272149285445751	0.128184024916074
-0.696451252726508	0.346850803681659
-0.0725286584041765	0.0403321104105453
-0.0521710782621821	0.0291629156211432
-1.3415747964501	1.2619367481583
-0.479575868404702	0.211942207610384
0.455134117015894	0.339878211628678
0.217298504432973	0.137287970248014
0.0638393817113665	0.0317078893729667
0.564283714423459	0.36474267484562
-0.668286293410655	0.506626214069102
-3.48830247948482	1.28334305400328
0.419486415673403	0.2463075988535
0.0652906750465636	0.0237869699346675
0.0586156058522769	0.0268231892509398
-0.302393261349572	0.104825163216502
0.515481087799036	0.257506042614489
0.0571941476651043	0.0239988521805149
-0.126452808141966	0.0607150586200727
1.94002650120312	1.67329874865584
-0.60631665166937	0.239958037876724
-0.278526302100521	0.151891041493453
-1.18479272281303	0.374888725715739
-3.48268949602576	1.29408871497323
-1.79654774535228	0.450347580766032
1.27565908710037	1.07983174239787
0.825292600024981	0.658190987547213
-0.391769137253118	0.186666235281736
-0.876796235157803	0.484504531836827
0.322852483834179	0.132491822031873
-1.10767212348075	0.460994604779672
-0.455415116682087	0.436263947987214
0.010974367025561	0.00831777279239729
-0.883416516123657	0.590205000052992
0.463185608441063	0.255979875256135
-0.664212702591029	0.172057081317188
-2.15556887531264	1.00372863637735
-0.307681613152822	0.106172256855123
0.604084301793186	0.282699508965466
0.11331362995568	0.0283571465180488
-1.89417847037021	0.80885455585959
-0.426126627568241	0.265725142072936
-0.303179127009356	0.102810560101526
0.27630011790542	0.134988590229373
0.0616489822284324	0.0257546741923028
-0.362299654445952	0.233590489188671
-0.504651229928309	0.279966153237542
-1.01026706647945	1.12929796042301
-0.111697225880285	0.0742577169211318
-0.515584807642938	0.405598596775485
0.206948898504557	0.168995911698574
0.0624705793907135	0.0496544874814824
0.513562642544724	0.258100856768668
1.02484801577683	0.858445068446079
0.285077051184681	0.234598174897594
-0.018760966120067	0.0111138625249539
0.725028911926647	0.801793190538094
-0.094515228468061	0.0625131080080036
0.350728213176935	0.227424806444452
0.414400368774918	0.245630752587527
0.0760040583122251	0.041012710187666
0.416724604383857	0.349767446744776
0.442173859068744	0.159256179767351
0.603064184011693	0.189897014067851
0.977344467503964	0.477777845698921
-0.0513774322899185	0.0297949309784548
-0.266593078005618	0.202937208572404
-0.0110732351293823	0.00674358860806059
1.75984543888465	0.677695493990728
1.95985299790711	0.5196076110699
0.111573979286908	0.027674233571138
-0.802349235443775	0.28573150884445
-0.410839738933292	0.121896646860028
-0.604248366603648	0.247280677660954
0.213332141147557	0.144211650502801
0.738060023120232	0.313324556273144
-0.185567769040697	0.075977670828208
-0.781672834707683	0.658907228487553
-0.115577863755645	0.0568278775689057
1.30990935071705	0.973079904169614
1.675241546085	1.53886435406524
-0.196310401115535	0.120847066896729
-0.891331298668987	0.690951480002739
-0.611911286966867	0.243952463278285
-0.144295059255071	0.0643795394290537
0.77575994260376	0.525538416426205
0.217210644045209	0.129985030172894
-0.329862034345214	0.167480816627674
0.218059851313911	0.126933691454555
0.0641623746742218	0.0322765781788244
-0.367501402873539	0.229448830456218
0.829284494225557	0.674006092615306
-0.399845668574349	0.186351409305816
0.0683690200098767	0.0330558668663107
0.513562642544724	0.258100856768668
0.965212555994517	0.364579668825317
1.40290262296238	0.473801590956212
0.112003320018995	0.0279968924911906
-0.185412078477311	0.0776099180150759
0.0658055601992122	0.0249949868468375
-1.35956752283097	0.664528888398318
-0.426306988953366	0.265095156540735
-0.577031039461208	0.317662757779911
-0.602620922665704	0.23856234219221
-0.136586981463504	0.0896456761905411
0.107176170950623	0.0268840977586865
0.136883103816544	0.0276946864016619
1.7633884620078	0.695054699316629
-0.796754646570268	0.293511983266787
1.95861796438167	0.522920116684771
-1.19022958329083	0.36718955542521
-1.57568164587072	0.592566077238466
-0.148229620041426	0.0672290359096593
-0.477051762396105	0.259818575752352
-0.152316192152667	0.0683557994210511
0.0621175262117619	0.028226365346947
-0.48016237966927	0.212868881619307
0.44296472407203	0.157085368414133
-2.58577484787462	0.731703006055992
0.201625948251895	0.177190843671652
-0.197261200250948	0.17749570804521
-0.487950001608371	0.343730493363652
-0.797523359661614	0.295014290825509
0.622750422278565	0.387765589625873
-0.405185007506014	0.121133837036836
0.735312101499512	0.311861779805106
0.117398925333755	0.0291170272605346
0.112003320018995	0.0279968924911906
0.107495951455752	0.0274203138654146
-0.236396899989808	0.0897925451510418
-0.391075345899078	0.18717201349137
-0.162282343947559	0.122003551915638
-0.0701781883783072	0.0489118752214062
0.958983430489844	1.16586381821847
-0.358904912433295	0.256048339613583
0.604218517365508	0.279468185385514
0.494072121464612	0.363032529828554
-1.36349989589499	1.63386546950729
0.0871361250705288	0.0512457487477746
-0.0934565459221354	0.0634528635316094
0.346607512827784	0.242536352260647
0.109065507286753	0.0783782017483217
0.763959846117464	0.739751385521019
0.102997093817131	0.0675882078981469
-0.110735122883514	0.0740953906659453
-1.31178801987094	0.993911627630269
-1.57472650403645	0.588607364274046
0.644498043460721	0.493931778475346
0.112473926417577	0.0781657888445236
-0.214348428419399	0.15126104890963
1.68428948125371	1.58101199300206
0.605326892600321	0.193060090298176
-0.79739423199285	0.284668676734627
-0.66316670088369	0.170896697158849
0.0881290968210295	0.0452575204299828
-0.331485274843346	0.256044817016539
-0.575807912796508	0.312759471781369
3.44195878333677	3.09332427766998
0.239702528172181	0.118585357499751
-0.617246036624149	0.534807448602801
1.37595217763627	0.859197653117999
0.0751730555448582	0.037103795478396
0.467315319740156	0.442408113473111
-0.694974689107613	0.351382680303874
-0.14931785947236	0.0679478317024352
0.452423626113937	0.245785035547106
-1.92122505359091	1.24885379242568
0.384872509006954	0.244067793191485
-0.0684513535910796	0.0374203585458575
0.995954940035	0.587730660243216
-0.482285852767383	0.332172472011453
0.251323699260089	0.132414137935911
0.518016970730962	0.26300254652303
-0.39801955394838	0.192424234926112
-0.300822756410362	0.104569228367995
0.112658604632321	0.0287479409957195
-2.3615641996318	1.27040943082848
-0.267217350958003	0.140683839868029
-1.06632275531472	0.559164511592427
-2.14501185882835	1.03873578248208
-0.278683832365231	0.152414702792924
0.0783782556206494	0.0235686444440378
-0.296121245467432	0.100698682681851
-1.79654774535228	0.450347580766032
-3.10009581190073	1.02285714033744
-0.0907242741040472	0.0473547169585252
-0.392671920674084	0.188985628995604
-0.151706349124454	0.0693118143200076
-0.281659962880977	0.156247221529316
1.48920972049717	0.737417054908343
0.0865896165037235	0.0253521277629835
1.95861796438167	0.522920116684771
-1.18579202880628	0.377375738923198
0.104998780771231	0.0747172366473337
-2.36677482088906	1.27701712275614
-0.606648890775968	0.246331229661046
-2.58680757847581	0.729745247139394
-1.03550597763415	0.661055370611378
-0.225981386998051	0.0828924233844352
-0.683499675721953	0.490287318699902
-0.882656227936522	0.766883890407122
0.444581288473814	0.341710181418946
-0.31904784525208	0.160787280856877
-0.388524755344079	0.186468662315368
0.965212555994517	0.364579668825317
0.0809723333089347	0.0456516897367752
-1.24981070875738	0.72093945487594
0.0622872625820624	0.0310239481417527
-0.689700309290532	0.347507718210125
-0.272489484581504	0.149812932224416
-0.203016588810032	0.119657812602867
1.44931795103691	1.16988872658364
1.44724683452481	1.13274961616593
-0.249053481844802	0.0881437393853788
3.24075328636541	1.15115085460991
-0.611911286966867	0.243952463278285
0.385478238863413	0.243121493181331
1.21769656562613	1.46245428964216
-0.493476470634805	0.286153476408453
0.106045064763997	0.0255813210713842
-0.793329491313116	0.285059436298403
-0.277269658083849	0.151470727828483
-0.236869309430142	0.134174728696753
0.736274810985093	0.316186421786018
0.612452045910159	0.368226460368812
-0.123579904319149	0.0602274278216531
-1.07205517840228	0.554561959477932
0.602599662308661	0.273002355761535
0.617844701643656	0.268518103483956
0.0625468928268743	0.0260144658517515
0.512192597658556	0.25064484439561
0.284099455191622	0.1292455887635
-0.30169847602354	0.102676603964709
-1.91740406101631	1.22007492744086
0.307539374285487	0.136222807585778
0.0667392597732058	0.0228256121926022
0.0625468928268743	0.0260144658517515
-0.482817868845187	0.210120401667664
0.978945483858424	0.480495921766963
-0.328477807786092	0.169226886903934
-0.604248366603648	0.247280677660954
-0.301516800462994	0.104279570600627
0.136365592898716	0.0275626354515824
3.2429628521661	1.11221557490512
0.361905512937272	0.141714810542891
-0.870578216447127	0.483119204542189
-0.873668095045533	0.49799222790755
-0.856122937352436	0.390288272934811
-1.11224388764376	0.465439266753859
-0.669511973462212	0.169187072363845
-3.10068477185477	1.02132911380557
-0.410020248827572	0.12031277846722
-0.41495432610161	0.123556715541549
3.61043776578419	1.42851918697584
-0.879243124563087	0.591900575473751
-0.476843041792248	0.210462038873037
1.40356203077698	0.475605300361172
0.117398925333755	0.0291170272605346
-0.670106889366981	0.169267896660306
0.0857466337829157	0.025285336022781
-0.664212702591029	0.172057081317188
-2.14879441807675	1.03492400831635
-0.0817384715116686	0.0648238228780341
-0.41423151958002	0.121559855808552
0.815085832548796	0.420873157870538
0.61231124831146	0.277687092498273
-0.85758880520854	0.387497798618016
-1.140722749704	1.17576169028667
-0.878511927054833	0.770443023043894
-0.378912433971653	0.282463387483358
-0.611004560375104	0.24928574573673
0.113973728175497	0.0282638388282525
0.457234348878255	0.255103889289855
0.22279688884491	0.136300186073614
-0.18192824718942	0.133251514835744
-0.669789960105033	0.504360512350739
-1.28100497685281	1.30055506420229
0.0680474283119002	0.0330038695141808
-0.116371997090657	0.0898961127008532
1.93844937745109	1.72482138958328
0.0660453082905511	0.0223992938884626
-2.58629113950768	0.75115680939482
0.0916837227445162	0.055017802803397
-1.07954703922566	0.509491137525154
-0.257401510778472	0.195916862004334
-0.600297774182362	0.238898377739395
0.916298674668646	0.246583724561861
-3.48203861008719	1.28728532646872
-0.317070888967164	0.15209258631173
-0.691905628284125	0.341696582187546
-0.479918174987885	0.342796295678688
-0.740368360470478	0.451870043583244
-0.184674602816841	0.0771712368254169
-2.36068481602324	1.26231878634074
1.18822136303874	0.638058524390985
-0.484856716137904	0.214463511945117
-0.885362426015308	0.601871604177111
0.280347540503054	0.133825921510504
-0.552702422350475	0.385159622744444
0.0630207715666357	0.0287236192685718
0.212780161771303	0.135407682627432
0.270733053672632	0.124622146026123
-0.485740306196926	0.216485010321711
0.361974375770227	0.142608404447343
-0.860792398387076	0.403513693056219
-3.78732129170919	1.56313788226164
0.447180245393312	0.160006763411687
-1.89263642417276	0.810136815014746
-0.189061751909402	0.0794672023177815
0.521485614185658	0.258239817591706
-2.8553531400289	1.93653867572517
-1.06632275531472	0.559164511592427
-1.80133209085414	0.443400290252019
-0.425073126501467	0.255761205218336
0.631390246184374	0.381534191831636
0.0688903285406033	0.0224709725933052
1.69414142833739	0.937410360187823
1.36812366395256	0.819485449630349
-0.299810344825377	0.101869266952859
-1.79654774535228	0.450347580766032
-1.11210669916936	0.473905596439928
-0.481932666967238	0.214500333823115
0.301869021696388	0.132866109455706
-1.89249677620994	0.808536958265943
-0.296890279616279	0.0959173067857767
0.136883103816544	0.0276946864016619
-0.601347289716107	0.24016620508867
0.0898098502048034	0.0258985905142357
-0.650621401774467	0.634559035310564
-0.31919284382926	0.272162566715292
-0.541892685303275	0.358141068695588
0.632149056381021	0.581122969810786
-0.15419276055053	0.0940681758800907
-0.239387399109583	0.171975638615326
-0.297040475397117	0.102773782473165
0.971224620787841	0.362442423501303
-0.476992926075368	0.211714784764112
0.439564936730751	0.156174210742552
-0.407647544276453	0.125048986852886
-0.238724876223477	0.0910827623635248
0.358938967978752	0.233296271100646
-2.07620470510722	1.42606172026549
-0.403816300279112	0.187239862655589
-2.0282965874821	1.97876568072574
1.3658731941201	1.4090883457679
0.0882577321865451	0.0259257746814115
0.087365611956047	0.0261067336815929
-0.488338980443071	0.277070124107057
0.259131396556728	0.131520159796466
1.53304867051134	1.74136552460168
1.37533808573344	0.823690870239312
0.449414307648397	0.159777271310314
-3.48830247948482	1.28334305400328
-0.66316670088369	0.170896697158849
-0.302393261349572	0.104825163216502
0.0616147406569823	0.0234699883626808
-1.04559901765313	0.648575889409067
-1.07027848566187	0.567029970038993
-0.481783867137693	0.214354093334262
0.626075321928038	0.387397962027264
-2.2022200642964	1.66037566747992
0.38492007719263	0.247932814637889
-0.879017931388976	0.503585682417491
0.0713817210984927	0.0321851848430922
0.372240255010486	0.228846880494806
-0.351293830383278	0.216601629734745
-0.0897828861327137	0.0470275451511395
-1.40951251821777	0.906730848576116
0.0748376563393148	0.0402864220116365
0.522883122518383	0.269500005090112
-0.332453214592386	0.170392085246238
0.242601840044862	0.125004242056603
0.361156391118219	0.14439503223272
-0.235328347382778	0.090060548562474
-0.234689719909187	0.0903744426415742
0.808160522269658	0.422185832718437
-0.143299555190581	0.0652321498598093
0.446391956196619	0.163248539578346
0.270899198810275	0.128617769693125
-0.230023405350628	0.0863140648512946
-0.390173135300492	0.187375349525914
-0.481047503456984	0.214889758599387
-1.79654774535228	0.450347580766032
-0.606738597158114	0.242917777601873
-0.544970107243402	0.365760731849651
1.48653959819663	0.731467854949781
-0.604248366603648	0.247280677660954
-0.479426517431911	0.212131776935875
1.40767466870752	0.473822721549798
1.95985299790711	0.5196076110699
0.136365592898716	0.0275626354515824
0.135260382067815	0.027537361279051
0.0666586155958417	0.0223039586170953
0.087365611956047	0.0261067336815929
-0.406707888988247	0.121566231332134
0.0848555114773096	0.0256163091913079
0.248658364702876	0.12867121833654
-1.03416256942219	0.609154666571453
-1.50112365723881	1.82630145932568
0.107708057080293	0.0748386407498715
-0.883008090376084	0.776147835389955
-0.696342207159911	0.601482466842154
-0.157712506841839	0.069738941331905
-0.229802919984198	0.088058856117005
-0.797654549863588	0.287240119533882
-0.664212702591029	0.172057081317188
1.40767466870752	0.473822721549798
0.136365592898716	0.0275626354515824
-0.408364610250408	0.125062886124958
0.0564424685384722	0.0235134382606541
-0.481783867137693	0.214354093334262
-0.206983623906129	0.124958932052234
-0.794101526573721	0.283460810017008
0.912296066932838	0.251719656905073
0.61664583977958	0.376710640351026
0.248932091873222	0.12815528109027
-0.707906225697217	0.638897538706971
-0.485478225141337	0.345630822812113
2.27912769077813	1.15518449131246
-1.79654774535228	0.450347580766032
-0.664212702591029	0.172057081317188
0.60367210198169	0.19256980157576
0.960425536977266	0.354530059893802
-0.365967777208152	0.236772570236202
-2.06493372851245	1.48645510791459
-0.989987005656802	0.806943280331657
-0.701002268607769	0.338840636994852
-2.06511432648182	1.43981256223231
-1.18479272281303	0.374888725715739
-0.872761603472971	0.493100935139209
0.0640388862213872	0.0330564678986067
0.413098404024758	0.249197322395446
-0.417083749605345	0.25656859554616
0.0630635158160797	0.031442187505981
0.741071147944718	0.318502007835874
-0.297960963815175	0.101519933617485
-0.869801260909324	0.46888364605302
0.054617906185096	0.0244071732504251
0.906983740828699	0.246420429514861
-1.10688994281584	0.465106828093368
0.11331362995568	0.0283571465180488
-1.17427580194349	0.79011185361326
1.76399728356781	0.681609868872928
-0.79739423199285	0.284668676734627
-0.235648699108285	0.0899930989093855
0.062495305352242	0.0237571373538393
-1.88837428422131	0.780521867815129
-1.79696275354321	0.449497566570133
-1.18166548041718	0.368469140792702
-2.58577484787462	0.731703006055992
0.0656280767898127	0.0275868042871696
-0.575657652527701	0.312420285575349
-0.489616041427844	0.28953598518632
-0.861538440370534	0.400200425068191
1.37344008804323	0.852611792991078
0.135777281310589	0.0276700835720092
0.135777281310589	0.0276700835720092
0.604818692519225	0.191704651936722
0.139622796258569	0.0277906069185664
-1.79654774535228	0.450347580766032
0.913929522753106	0.246043148688257
-0.408364610250408	0.125062886124958
-0.233832442393398	0.090355785093056
-1.35879978508339	0.6672787691126
-0.409957426816742	0.288811260688114
-0.659507550782312	0.657465900887331
-0.886484033174844	0.661588319815147
-0.493312732798999	0.467846391705932
-1.06574557399248	0.564904946258386
-0.851878673130232	0.387863646627964
-0.408364610250408	0.125062886124958
0.065885684757479	0.0224844838123869
-0.301607804620283	0.105224348398864
0.0561678871318762	0.0249666538242143
0.603885329091052	0.191922454954812
-0.491751669819875	0.282344636307427
-0.240696566277364	0.14140888405465
-0.420993895206142	0.255177842255174
-0.152769446649939	0.0690353412124953
-0.414019623574498	0.12580488589805
0.131244754681026	0.0264041860353196
-1.11053609395164	0.474325461289262
-1.79654774535228	0.450347580766032
2.74495543716413	0.830653872698654
-0.799191102512402	0.287022737842076
0.443080525270779	0.155963322772062
-0.237982370092234	0.136172816708018
-0.0696648029069804	0.0374609249991966
-0.611911286966867	0.243952463278285
0.077325433955541	0.0371198254650372
-0.759101106730995	0.536968562390125
-1.24658538443235	1.08506529454005
0.344700183753574	0.241304537933822
0.857845761583207	0.529578865152088
-1.41051385509014	0.920545435531371
-0.690598796997403	0.350841394669898
-1.07132012025211	0.553000148515337
-0.69149680669124	0.349928620978064
-0.233832442393398	0.090355785093056
0.354553377667267	0.141925254956489
1.76566684103307	0.699146616486675
0.35706941005484	0.14032836916173
-1.35946889167077	0.635752979508566
0.297314248523643	0.126095661657785
0.448220585415996	0.163302427940867
0.310420209008136	0.13346463692623
-0.406707888988247	0.121566231332134
0.0609011374140593	0.025207331876131
-2.58629113950768	0.75115680939482
0.135777281310589	0.0276700835720092
0.135777281310589	0.0276700835720092
2.74495543716413	0.830653872698654
-0.696451252726508	0.346850803681659
-0.481932666967238	0.214500333823115
0.084082238578113	0.0253624151726793
-1.0421696168476	0.647439092248447
1.40602219165467	0.463746187788158
-0.662576541438912	0.167226093944783
-1.79696275354321	0.449497566570133
-0.668470895945976	0.168089776840781
0.606261717682182	0.192838259478629
1.53363687879383	0.993794826742064
-0.481047503456984	0.214889758599387
-2.19185850115907	1.63518189781248
-0.297960963815175	0.101519933617485
-0.793477785898763	0.840250316578213
-2.54638462367363	1.48767375101027
0.118387894985207	0.0293038439330355
0.0845727388497954	0.0472522447424382
1.02965299674531	0.841507497397018
-0.429917831947794	0.346426133877336
-0.16020150450688	0.0997322689459032
-0.406930788559042	0.12223423135792
-1.79654774535228	0.450347580766032
-2.59095080885704	0.73100422312804
-0.30780870361861	0.104134488772848
0.225919403833138	0.135702568704455
-0.580826166906315	0.432255089040348
-0.377999335099336	0.283731235476869
-0.0762149981046179	0.0417669378874437
0.0951905600077096	0.0258916657762067
-0.296389466750986	0.0987004948217709
0.736274810985093	0.316186421786018
-0.300729928489825	0.104672402463958
1.37016022948464	0.839733472936166
-0.605107464173874	0.248281748462392
0.0625421455369854	0.0290904246869161
-1.01096718454844	0.740742112129425
-0.188908292394891	0.0792026888870073
-2.58577484787462	0.731703006055992
0.135777281310589	0.0276700835720092
-0.660201570064858	0.168097646736901
0.310608604996085	0.137475665423926
-0.48317089897671	0.273565889846902
-0.183780968744792	0.0772663682137425
0.360268701721546	0.138914585156297
0.0572635739975241	0.0209825745599542
-0.66316670088369	0.170896697158849
1.40356203077698	0.475605300361172
-2.58629113950768	0.75115680939482
0.136883103816544	0.0276946864016619
0.912296066932838	0.251719656905073
-0.407425681873312	0.121589010675069
0.0839639145488446	0.0254365526375156
-0.66316670088369	0.170896697158849
-0.239576221220628	0.0920266355600454
-1.10444322726406	0.472808117329462
0.0816761444070504	0.0236751332815004
-0.312160447642893	0.1032187882209
-0.692231324319801	0.349935498232864
-0.408364610250408	0.125062886124958
-0.233085081179843	0.0895027925211407
0.21244495424687	0.145551618394002
-0.654182572224504	0.63375634788715
-0.358872262194645	0.228768345283834
-0.6596092627119	0.164566515651367
-0.664802490637611	0.168136000223553
-1.18479272281303	0.374888725715739
0.0605607436597638	0.0276274361848346
-0.881684578376815	0.764116974168496
-0.403216793727735	0.188933167584185
-0.121137739241787	0.0593236193050714
-0.233915571560637	0.136177220531511
-1.30547537129535	0.977805445537909
-0.760626580760518	0.543195666506024
0.0610169733463136	0.0230085473637661
-1.18166548041718	0.368469140792702
1.75705498491494	0.676966082290169
0.348102759040407	0.134864554017055
-1.03670643691742	0.650565396807527
0.44730624786212	0.164143493470563
0.0608756218213699	0.0231750801902003
-0.335182439927553	0.174502224315209
-0.738234421079762	0.456321422035079
-0.874121975412346	0.500622741098262
0.135777281310589	0.0276700835720092
-0.875314359156313	0.495140998989426
-0.494228265203485	0.27635997490858
0.274967840867723	0.131388878989102
-0.481497598734413	0.261312841515918
-1.06736886550856	0.55029636843608
-0.393574060432363	0.18977696608378
-0.663623121117757	0.16832657241939
0.135777281310589	0.0276700835720092
0.135260382067815	0.027537361279051
-0.407647544276453	0.125048986852886
0.0651926018913605	0.0222724605734126
0.0847361917709397	0.0251551661851849
-1.7622753047364	1.07191400904824
-1.88775797325571	0.814341225607366
0.0848555114773096	0.0256163091913079
-0.797654549863588	0.287240119533882
-0.48715607686635	0.284905739578718
-1.89451986678258	0.763721892334291
-0.669511973462212	0.169187072363845
-0.20412210240614	0.12314444098121
-1.03505234659467	1.09174260641822
-0.191188883056591	0.115260580728004
-0.303078261074257	0.103728466623516
0.381132453093183	0.245039094484477
-0.0434484657099524	0.0246798475286794
-0.872593485691632	0.553518378437319
-0.128166406722181	0.0614010891604438
1.53045309624848	1.00920550677047
0.0586771147215266	0.0219935412118981
0.0564424685384722	0.0235134382606541
0.274633924953083	0.13244792465879
0.905891761480614	0.689629670845384
0.303649606870022	0.133325473589715
-0.60433736284281	0.24624931470742
0.31224106097321	0.139321413343348
-0.118303327858126	0.0565405021798192
-0.364563267742396	0.229057523013229
-0.330823337963592	0.246955145362543
-1.430708798747	1.17160179828558
0.0700657595836504	0.0346264704485145
0.308346500071238	0.133453003395443
1.00013314994284	0.585597461837277
0.136883103816544	0.0276946864016619
-2.58629113950768	0.75115680939482
-0.66316670088369	0.170896697158849
0.136365592898716	0.0275626354515824
0.135777281310589	0.0276700835720092
-1.80133209085414	0.443400290252019
0.135260382067815	0.027537361279051
0.821808982724743	0.427779730827131
0.912889390104767	0.252558480562074
0.0604968592754438	0.0248711201248779
-0.865996169143662	0.442968191265256
2.66183966197528	1.6183780313051
-0.23458019766616	0.0905388512161624
-0.421366473100917	0.120476482660769
0.308938924819394	0.136521227218019
-0.32071632163631	0.267344765064351
-0.659840200020115	0.458761066175869
-0.695873636691218	0.354756390165911
0.0621381748392739	0.0309647818857112
0.0561784429332502	0.0213766606614442
-0.386529154836696	0.327435424440254
-0.092435219844579	0.047558494202121
-0.854315111921589	0.401282435989275
-2.71257584758126	1.68614300918214
0.445726220934443	0.159335456313377
1.3702939323876	0.838753065873519
0.963546652280915	0.375646131299436
0.738060023120232	0.313324556273144
0.736274810985093	0.316186421786018
0.44900972056665	0.160081878287683
-0.0536820956670886	0.0301484798313799
0.308048848527647	0.136693246395652
1.01708771697656	0.729210184057607
0.112988531215602	0.0287108076421722
-0.185256515283396	0.0777223555554456
-0.138629489107716	0.061964420739917
-1.03370992776587	0.645494897014667
-0.480311503991658	0.214140651371127
0.445603251652905	0.162653299830411
0.0639244843479834	0.0290886324887303
-0.20412210240614	0.12314444098121
-0.482669167826714	0.213970944144032
-0.630811699825309	0.409727854591683
-1.36318946706586	0.662331111128015
0.808298749280099	0.423405414334592
0.74094748651095	0.309814622997046
-0.301607804620283	0.105224348398864
0.445742424162329	0.158280220973852
0.0570576141296057	0.0216636289494795
0.0537331204593763	0.0254375557334551
-0.301607804620283	0.105224348398864
0.461659065351256	0.246546369878763
0.814200428948343	0.418688629654311
-0.118010567371949	0.0568919760688377
0.697862262410616	0.395762471219538
-0.733517179764851	0.437644128390786
0.109139080240022	0.0271544233732829
0.113973728175497	0.0282638388282525
1.48753419821393	0.760460836454544
0.0649410978409252	0.0267716768731556
-0.855060327780243	0.402472756021541
-0.331380872729642	0.173648008932972
0.736274810985093	0.316186421786018
-0.123716565334386	0.0599070418809662
0.0849727367648129	0.025038189618109
-0.574184274928111	0.309057541999811
0.455924124989745	0.249157107204173
-0.406930788559042	0.12223423135792
1.24585435417695	0.52947354119045
-3.79239611960979	1.55226650837426
0.740047158241073	0.30332720138209
-2.72283899833998	1.67489733659711
0.0630635158160797	0.031442187505981
-1.18069663769538	0.820191681461844
-0.101612484517723	0.0522958958440194
-0.552030240059213	0.369019759579846
-0.606182434761098	0.244816776765651
0.139622796258569	0.0277906069185664
-0.302483397253497	0.10330406160642
1.95861796438167	0.522920116684771
0.136883103816544	0.0276946864016619
-0.799191102512402	0.287022737842076
0.0677245312453651	0.0312593255377548
1.76587976800276	0.6951342426749
0.0662261663166416	0.0277335873466928
0.70207339189021	0.401859322564571
0.109139080240022	0.0271544233732829
0.447431015488705	0.162709811063589
0.135777281310589	0.0276700835720092
-0.302393261349572	0.104825163216502
-1.79654774535228	0.450347580766032
-0.234153433751552	0.0875356268241431
0.0822998201095202	0.0244639580863817
-3.10068477185477	1.02132911380557
-0.680583710243607	0.475759618322762
-0.189802724233369	0.0796996230519826
0.0649151404130393	0.0319964223155828
-1.57078947948464	0.575067668676249
0.521988792302724	0.268514362548403
-1.13680680405444	0.852075435722408
-1.2497242699873	0.693894147803664
-0.117530320429905	0.0565806478840378
1.87458905875201	1.14985235734572
0.252465893228879	0.133441629359809
0.738617994953992	0.307388176077703
-0.737483893139976	0.438327347488487
-0.584200278405132	0.307700020529407
0.911256447744471	0.246298941668419
0.961881140408062	0.363274664134518
-0.240220849816985	0.0894209244468529
-0.296121245467432	0.100698682681851
-1.00680191820971	0.737243788669776
-0.392087556844645	0.186366517957068
0.360305973628205	0.145365632066036
0.066818620722573	0.0227796367301818
0.978097833124983	0.479191878406887
-0.737635631492588	0.445929466337232
1.40290262296238	0.473801590956212
-0.41423151958002	0.121559855808552
0.605326892600321	0.193060090298176
-1.79654774535228	0.450347580766032
0.440474383462789	0.1570054716999
0.0586156058522769	0.0268231892509398
0.964323663454472	0.367034919041761
-0.397708201478015	0.189635918531919
0.0770188864782427	0.0379192063022919
0.604606269196918	0.197131496894388
-0.414019623574498	0.12580488589805
2.7467554008779	0.836088103871215
-1.18579202880628	0.377375738923198
-0.404243714813124	0.120782017445107
-1.80133209085414	0.443400290252019
0.113644458616893	0.0295034454276805
-0.881532174388051	0.606840024028892
-0.0908034680425968	0.0479580561954368
-0.393883484124643	0.19145585023457
-0.331056901857869	0.169117315952751
0.362621095507343	0.146675067583003
-0.235328347382778	0.090060548562474
-0.877202630977594	0.500185552321447
-0.423717191938358	0.259554507325238
-0.678933471215218	0.502168972167724
-0.332009975666756	0.171831058711859
-0.889542011152482	0.592120288914647
1.40553837052345	0.462042824189368
0.570148480883378	0.377485061930796
-1.10146287304784	0.459550051315211
-1.92096726618318	1.23667670648017
-0.419706427876536	0.122271201011872
-1.18544536761663	0.374513004052977
-1.10600663647145	0.476394599826471
-0.692966187355544	0.34807264933404
-0.149127044869733	0.067109732475731
0.702658909627384	0.404650034537384
-2.35762832906118	1.20759268813294
0.0623964736094975	0.0261550583912723
-3.78803306281835	1.56114299435305
1.68764091446414	0.92555754443029
-1.57472650403645	0.588607364274046
-2.55866139507932	1.45430725019071
-0.431755145655033	0.263426048530772
0.606261717682182	0.192838259478629
-2.59147226472825	0.730846721008793
-0.664212702591029	0.172057081317188
1.39646987242209	0.452928906603584
-1.11067367860901	0.453467888106335
-0.611138202722565	0.24274818901528
-0.143876884095324	0.0629956259555142
-0.229395895115693	0.129341213695629
-0.174785952029441	0.0712373434833934
1.07408783611586	1.19390487591252
-0.118462877381953	0.0573894167786681
1.16552643873387	0.783930449110356
-0.48715607686635	0.284905739578718
0.814342136965321	0.430975463849959
-0.690598796997403	0.350841394669898
0.70324559922156	0.38703734351708
1.69082418800607	1.21428928940219
-1.57568164587072	0.592566077238466
-0.604248366603648	0.247280677660954
-0.591155475811413	0.465529931739892
1.01981324976735	0.732478345858232
-0.768312188719651	0.544290470184725
0.0839639145488446	0.0254365526375156
-0.406930788559042	0.12223423135792
0.911849189459234	0.247094342382604
-0.663623121117757	0.16832657241939
0.912889390104767	0.252558480562074
0.911256447744471	0.246298941668419
-0.744487916197706	0.453966788385132
-1.10277961256567	0.447480954013491
-0.39447555697847	0.188979035961125
-0.235648699108285	0.0899930989093855
0.113644458616893	0.0295034454276805
-0.803242849964794	0.294303878876669
1.40356203077698	0.475605300361172
-0.23458019766616	0.0905388512161624
-0.401319317648285	0.188145850372027
-0.794229979096842	0.28561468782725
-0.405990407033348	0.118947703582815
-0.178255854231605	0.0727666825367328
0.31298265334592	0.139851142442603
0.384595657926322	0.2420106349743
-0.141181341914309	0.0639551581269365
0.0617700792585164	0.0286270863041869
-0.423695589788492	0.307790113460551
0.0628845102003778	0.0285995225345461
-0.315499859579115	0.213627011931513
0.775493223710978	0.537293716394969
-0.231868189912187	0.135438435632586
-0.646687551920732	0.399092323521099
-0.576410656157943	0.311789047101088
0.210335666938555	0.134100283468656
1.5374637235093	1.06085446105963
-2.14177850594405	1.02320716797838
2.0427453712429	0.921467636452622
-0.859078079203507	0.390412988128343
0.0826086080621518	0.0242398774592065
-1.92503132753366	1.28596175087767
-1.41199801973121	0.919258837299128
-0.118195601604421	0.0577365536494632
-0.410020248827572	0.12031277846722
-0.737027714927652	0.445615541799511
-0.877947343192662	0.500066169049644
-1.03147233321104	0.632630985336164
-0.576410656157943	0.311789047101088
-1.19188226610419	0.375962561582381
-1.79654774535228	0.450347580766032
0.358805709946303	0.14433499761999
-1.57472650403645	0.588607364274046
-0.110836424013283	0.0536375168402434
0.440356694300325	0.159185418917069
0.108157639186469	0.0275749350777906
-0.329241503799561	0.169818156626589
-1.26443507690726	0.68861196109487
-1.57425633771081	0.575460555460466
-0.122804698875258	0.0577046644590577
-0.305979022732257	0.105460986755316
0.0681629638005156	0.0255908875397166
-0.237807534126499	0.135252497543708
-0.475371962513009	0.210240612003072
0.0703015462692672	0.0320108765680669
0.274208058029915	0.131224231429927
-0.18653131290431	0.0771287512011569
-0.144920519872674	0.065365197237244
-0.884780583917277	0.604167692643311
0.0639721583025919	0.0236932129562331
-0.479333245468571	0.206282008281712
0.915852124021189	0.247342353182957
0.516515355847274	0.259212563661378
-0.142541630965456	0.065267769979972
-0.869671752833252	0.49333249059756
-0.12246531334944	0.0601371262254678
-1.93428793858939	1.15514888424458
-1.17898652331428	0.782061192686389
-0.629879692253177	0.408257873960929
-0.879073337219854	0.57838875853958
0.0693244363334334	0.0370036960642581
-0.393415948655332	0.189155446218329
0.130144786582309	0.0263729403450103
0.107176170950623	0.0268840977586865
-3.11037713660933	0.962847839225887
-0.6661018782948	0.165506120532102
0.136365592898716	0.0275626354515824
-0.580792913694345	0.318215930880315
0.740295068970629	0.317500836457744
-1.55435941471029	1.05970745377697
0.062495305352242	0.0237571373538393
0.084082238578113	0.0253624151726793
-1.79696275354321	0.449497566570133
-0.230769757473346	0.087115021582101
0.0656280767898127	0.0275868042871696
-0.299024126048041	0.101252025493969
-0.483903925724335	0.207723172926354
1.15920301743865	0.758783360143577
0.0640431934771305	0.0238560991992659
-0.185256515283396	0.0777223555554456
0.0690437330550083	0.0254240840095495
0.0700801829527099	0.022791431680754
-0.239680405223186	0.0914386274621855
0.0595506408762392	0.0209709561924038
-0.300729928489825	0.104672402463958
0.0689132637290109	0.0230863993335135
-0.582466246084995	0.317720525677423
-0.602620922665704	0.23856234219221
-0.392989565285353	0.18561552860019
-0.141784067894643	0.0649922035134489
-0.29176727574995	0.0945133691322174
-0.874649448464218	0.556758179837337
-0.585275712502405	0.311471430195799
-0.853452944574757	0.399788417138826
-0.237044535703456	0.135685790205953
-1.07482993701966	0.531878416986671
-0.407647544276453	0.125048986852886
0.135777281310589	0.0276700835720092
2.74262749706831	0.836921336896799
-0.408364610250408	0.125062886124958
-0.579118953866622	0.3141429907042
-0.483165811831074	0.211999733631731
-0.186133173438389	0.0732206160005768
-0.32239558255365	0.162638727401727
-0.233723553938747	0.0895967231323844
-0.797523359661614	0.295014290825509
1.6958274115334	0.90525626541271
1.18747681163664	0.655012907208117
0.0775975698664464	0.0230016197600306
0.450077680815372	0.161280171398461
-0.302483397253497	0.10330406160642
0.741969853883582	0.316821733039894
0.051468814731817	0.019050062059672
-0.605018653446507	0.247296557897613
-0.184674602816841	0.0771712368254169
-0.391928239522674	0.18785847840567
0.0839639145488446	0.0254365526375156
-0.312042352087598	0.104176011794717
0.961354570132191	0.361591412302932
0.0689132637290109	0.0230863993335135
-0.690923639654303	0.349602890943051
0.108476741477317	0.0270035139224236
0.135777281310589	0.0276700835720092
3.23964852842416	1.12033667058929
0.0563856084027093	0.0207838209542614
-4.44894136513032	2.37505582112564
0.358805709946303	0.14433499761999
-0.481783867137693	0.214354093334262
-0.855923933980035	0.39287441988395
-0.480013385788721	0.206780171941134
-0.663757067340134	0.167041246972049
-0.796754646570268	0.293511983266787
-1.10600663647145	0.476394599826471
-0.605018653446507	0.247296557897613
0.368293395242939	0.144181041455296
0.962657904739437	0.373934734747675
-0.395219072193325	0.189149018408881
0.0728745010710883	0.0212102256299092
0.0617563244060323	0.0234622246668949
-4.05431119015001	1.70595143576862
-0.177940726049411	0.0745383849380765
-0.273872147827822	0.151249030540134
-0.855060327780243	0.402472756021541
0.0656630156888899	0.0248931430790684
-0.392830635497703	0.188643387252491
-1.18357291689743	0.811470601351178
-1.10356084150438	0.458143045041288
-1.18579202880628	0.377375738923198
-1.18609826715397	0.365536330718386
-1.79654774535228	0.450347580766032
-1.19323605176676	0.352718135133033
-0.156799490676343	0.0694253044130086
0.741194193498249	0.315834023375974
0.359454504181821	0.145231959410382
-0.183937477990114	0.0762583353090196
-0.300729928489825	0.104672402463958
0.112658604632321	0.0287479409957195
-0.799061882270823	0.286540728227666
-0.408364610250408	0.125062886124958
-0.405905073701272	0.118706078687127
-0.797523359661614	0.295014290825509
-0.41495432610161	0.123556715541549
2.7437914163344	0.858143402013944
-1.57637118538616	0.563432595106443
0.0831912650560584	0.0251825611572787
0.135260382067815	0.027537361279051
-0.405990407033348	0.118947703582815
-0.41495432610161	0.123556715541549
-0.664212702591029	0.172057081317188
-0.66316670088369	0.170896697158849
-0.408587259070592	0.122778214287602
-1.10767212348075	0.460994604779672
-1.07190209462412	0.567011264349773
-0.406707888988247	0.121566231332134
-0.856009861142112	0.396896030639877
-1.36033566265907	0.656762889661432
-0.411566316878951	0.120191920739589
-0.41495432610161	0.123556715541549
0.965212555994517	0.364579668825317
-1.10610816380043	0.465376189105069
0.0924862063208258	0.026422932317626
0.913335617383717	0.245257029296354
0.517123773080375	0.261475350286528
0.223022948189341	0.119530160306423
-0.306767176515893	0.10561250360376
0.599969872674036	0.263221815669966
-1.19088794599095	0.373522050063033
-0.392671920674084	0.188985628995604
-0.605278008811951	0.239857666429943
0.113644458616893	0.0295034454276805
0.109139080240022	0.0271544233732829
1.95861796438167	0.522920116684771
-0.312042352087598	0.104176011794717
0.599154292262728	0.189491588058777
-1.57544033612542	0.5846622561655
1.76078442243247	0.694609309137267
-0.793458934798463	0.284215957331135
-1.10277961256567	0.447480954013491
-0.668470895945976	0.168089776840781
-3.10009581190073	1.02285714033744
-1.58103548518568	0.585023691463164
0.0586964350520086	0.0244900142054178
-1.18479272281303	0.374888725715739
-1.88350686248943	0.793166353033199
-0.413296082833356	0.123702559230249
-1.40385766673224	0.880373092724364
-0.458582807413601	0.356390900121676
-1.42816439936578	1.3586172490601
0.982102773136023	0.452702556727574
0.388745108730501	0.246547884829709
0.281552712196913	0.130764695667089
-0.579525501641723	0.307963652159975
0.353609938109381	0.138408471985531
0.219810650830899	0.132602715395151
0.325286461325856	0.240550372881913
0.273937060185024	0.130772290134535
-0.746917696094943	0.447452527889433
-0.849528858044896	0.394660390413121
-1.18544536761663	0.374513004052977
0.358571550163072	0.143866418973686
0.139622796258569	0.0277906069185664
0.0865896165037235	0.0253521277629835
0.0666586155958417	0.0223039586170953
-1.8862287055777	0.808520291897279
-2.14267651701142	1.02986063118191
0.446516452113573	0.163543065590241
-3.48334063090817	1.28399851759288
-0.663757067340134	0.167041246972049
-1.57568164587072	0.592566077238466
-1.03217401905835	0.611783861574646
-0.317662084662213	0.154730013073284
-0.425904261899353	0.261795869838451
-0.663757067340134	0.167041246972049
-0.29676816085959	0.235058933495959
-0.61103875794374	0.609259150950671
1.0076232152854	1.1814888092362
0.474284378331657	0.338504219797437
0.763465189674805	0.650141161050406
-1.09244627048028	1.01176361199046
-1.2715435949274	1.32034327567264
0.382546966320897	0.346698066315663
0.257118809159832	0.130808922601575
-0.855884796201031	0.385473925114061
-0.773801068799106	0.5366055999753
-0.794101526573721	0.283460810017008
-1.11287937561276	0.445535105015318
0.135260382067815	0.027537361279051
-0.802349235443775	0.28573150884445
-1.79696275354321	0.449497566570133
-0.307681613152822	0.106172256855123
0.136883103816544	0.0276946864016619
-1.79696275354321	0.449497566570133
0.117398925333755	0.0291170272605346
-3.10009581190073	1.02285714033744
0.962769260779224	0.364874637361253
-0.275711740056438	0.193296950619981
-0.267844147547582	0.14442658109302
-0.741132185979727	0.455371929982851
-1.56824991913631	1.90592988560077
-0.310788505793316	0.261751098057962
-0.24949276066018	0.172710369440291
-0.718988509532853	0.756033127813581
-1.01488324148382	0.736075410818172
-0.203448434986628	0.146591039885533
-0.0231132430692737	0.0137200680262984
-0.955070879895697	0.969845681310082
-0.545911679746172	0.368479979957065
-1.57454470477303	0.821419527907905
-0.664212702591029	0.172057081317188
-0.232229254791487	0.0885760135001985
-0.419507303216992	0.119369418546427
1.96248231811148	0.513645335191982
-0.300729928489825	0.104672402463958
-2.58577484787462	0.731703006055992
0.131244754681026	0.0264041860353196
-0.408364610250408	0.125062886124958
2.74792250819921	0.835344773846958
1.95861796438167	0.522920116684771
-0.662576541438912	0.167226093944783
0.913335617383717	0.245257029296354
0.598225217898773	0.189702995214788
0.557777426809213	0.354556256213577
0.904479906776069	0.686980671911212
-0.733967987738717	0.446651138970942
-2.58629113950768	0.75115680939482
-0.787446266889673	0.674880952605197
-0.300024607256813	0.232459863371106
-0.742789157544639	0.822812102501902
-1.58452328766639	1.96442042656395
-0.367688148103205	0.234435824002845
-0.558249341265568	0.37599246040567
-0.386347182465583	0.177099115172908
0.411610716146418	0.240481552735814
1.40257383430154	0.464189106659952
-2.58577484787462	0.731703006055992
-0.485594469744492	0.21458474823811
-1.3580324490257	0.665459036479094
-1.19088794599095	0.373522050063033
0.360305973628205	0.145365632066036
-1.10356084150438	0.458143045041288
0.603885329091052	0.191922454954812
0.442173859068744	0.159256179767351
1.40356203077698	0.475605300361172
-1.18609826715397	0.365536330718386
0.135260382067815	0.027537361279051
1.18822136303874	0.638058524390985
-0.856669944765314	0.391585439651193
-2.59095080885704	0.73100422312804
-1.57859603131731	0.803714145338968
-0.664212702591029	0.172057081317188
-0.147473736293451	0.0669569515025906
-0.644044460699124	0.413359667210352
-0.798422643818896	0.288663490857028
-0.187118028042078	0.0760442106154769
-0.174628661173761	0.0712113480566359
-0.695297424728428	0.34909335633396
0.700294065872899	0.397910918191799
-0.479426517431911	0.212131776935875
-1.88607692070189	0.809688729884456
-0.664212702591029	0.172057081317188
-1.79654774535228	0.450347580766032
-0.300729928489825	0.104672402463958
-0.410020248827572	0.12031277846722
-0.407647544276453	0.125048986852886
-0.662576541438912	0.167226093944783
0.961768678861857	0.365024879458195
0.067591519015291	0.022948956655519
0.979934443988505	0.262595233853273
0.98295481169634	0.483848276456898
-0.305066080267392	0.102686516064212
-0.188908292394891	0.0792026888870073
-0.407425681873312	0.121589010675069
-1.18232049113444	0.36811363919768
-0.482574778382692	0.209709733648397
-0.855805932391559	0.401078180427981
-0.892596359819736	0.596107297175494
0.530424003517619	0.245120955074806
-1.2541913728419	0.712349896474246
-1.75425448256692	1.01116302857089
-1.79696275354321	0.449497566570133
-0.408364610250408	0.125062886124958
0.0618288099180791	0.0209734162796746
-0.408364610250408	0.125062886124958
-0.802349235443775	0.28573150884445
-1.57472650403645	0.588607364274046
-0.804018007715216	0.294249733288003
-0.480806635874223	0.212598286307675
-0.069652726026149	0.0388167177044067
-0.797183150257861	0.923040458382859
-1.55965989971018	1.11666666503063
0.0775525695178405	0.0448159184353086
-0.100028764843816	0.0656224048907037
-0.877202630977594	0.500185552321447
-1.41142640998122	0.901426155672495
-1.79654774535228	0.450347580766032
2.74495543716413	0.830653872698654
-2.58629113950768	0.75115680939482
0.916894743295849	0.247379407168913
-2.58680757847581	0.729745247139394
1.95861796438167	0.522920116684771
-0.664212702591029	0.172057081317188
-0.66316670088369	0.170896697158849
-0.416498080603776	0.256137201018985
-0.369856661895056	0.235878768216479
-1.3656421600018	0.650438160474704
-0.748144679531616	0.43409551532139
-0.887227547547348	0.597597280593059
0.135777281310589	0.0276700835720092
-0.799191102512402	0.287022737842076
-1.57568164587072	0.592566077238466
-0.239576221220628	0.0920266355600454
-0.408587259070592	0.122778214287602
-1.57232082055941	0.831817326645398
-2.36754272524138	1.27133780220059
-0.408364610250408	0.125062886124958
-0.66316670088369	0.170896697158849
-0.234471294445704	0.0891339314689818
-1.24964203710104	0.734918030441287
-1.89172531160592	0.804793992516807
0.843346871261554	0.62984324324746
-0.58170905702939	0.319382700792454
-0.555251992244188	0.364447688532177
-1.43627153372621	1.19818019725276
1.36812366395256	0.819485449630349
-0.856551926127618	0.396839034552724
-0.0928635627179495	0.0489991363701548
-1.10522473116348	0.476697883437059
-1.36472912963821	0.667296068487725
0.446516452113573	0.163543065590241
-0.0737005095859894	0.0405697448380731
0.445069001106705	0.157544484829936
-0.5550511658354	0.3660529197439
-0.275414417030172	0.149917821271295
-0.575657652527701	0.312420285575349
-0.239576221220628	0.0920266355600454
-0.804793537122964	0.288585852088339
-1.10522473116348	0.476697883437059
-4.04763069885123	1.83346170806681
-0.769753322649429	0.552495096885335
0.73951855962408	0.308865429873861
0.44730624786212	0.164143493470563
-0.797523359661614	0.295014290825509
0.135260382067815	0.027537361279051
-0.301607804620283	0.105224348398864
-0.305979022732257	0.105460986755316
0.629165589715007	0.39046776638375
0.359656949859158	0.143380106480036
-1.06647898096307	0.564657521717205
0.307307793343166	0.136173831072171
-0.301516800462994	0.104279570600627
-0.859934711839812	0.402025957303598
0.0641142941781477	0.0240021653950008
0.630109170528034	0.461954347672395
0.307307793343166	0.136173831072171
1.24937717840383	0.563071247913996
-0.481047503456984	0.214889758599387
0.0534849989904318	0.017644652998036
0.0660526773697119	0.0302768403445161
0.709998715082007	0.406650564037102
-0.232976207515386	0.0894135019696091
0.977249362534694	0.475897130889926
-0.327883421015598	0.171112943430315
-0.393258053809261	0.186087384666236
-0.140298543154938	0.0621694402430733
-1.35956752283097	0.664528888398318
-0.386130478284709	0.180656476519046
-0.874408776967719	0.496660676620739
0.0838435020676426	0.0244567278390479
-0.605107464173874	0.248281748462392
-2.58629113950768	0.75115680939482
-0.184362657482743	0.0772290444159835
0.112988531215602	0.0287108076421722
0.608127525175118	0.286693576818328
0.0652715812992177	0.0217060364988799
-0.795986298493158	0.286698052875647
-1.25403643121108	0.722131899091436
1.40257383430154	0.464189106659952
-0.412732197345169	0.244741774859893
1.88004969161823	1.19897038912588
-0.481783867137693	0.214354093334262
-2.13972558701318	1.01510922091505
-0.477728785576376	0.211198824414354
-0.605018653446507	0.247296557897613
-2.58680757847581	0.729745247139394
-2.14942452775819	1.03550999310567
-0.1670426823611	0.106586957097247
-0.496690871633587	0.290533299731943
-0.669066397096876	0.168170801532776
-2.54860543480815	1.47134469258817
-0.810487194456873	0.280764154710813
-1.24696829964638	0.728250908334178
-1.57472650403645	0.588607364274046
