x	y
-0.184356012756359	0.136798276154613
-0.166965206215562	0.151310398140265
0.638624617896975	0.594818597117474
-0.035895401440765	0.025377184641446
-0.0167679784228972	0.0144560856409912
-0.0230946137698712	0.0193103457260331
-0.0271959222846063	0.0278556219999444
-0.088113818163318	0.0922375256431668
0.14887856780576	0.1826080643666
0.258803175343879	0.286790047753531
0.14827583075393	0.155251424701289
-0.0840855577847719	0.110805248949669
0.0509469897265637	0.071420639060783
0.0962407942639649	0.0914240647024058
0.302730455757835	0.309338228919882
0.717140743665792	0.632059465368775
0.52685080837494	0.265098898670484
0.322930120026957	0.238949252203824
0.905593388374867	0.926246892943555
0.704551072444082	0.615987131372065
1.02668259129999	0.806137319476752
1.14525242872441	0.883888126285653
0.704302369547763	0.408626708053185
0.573422799871461	0.646798002665892
0.861973061963893	1.04985912337139
0.586968252470194	0.731853490647864
0.30577194639314	0.324633301146965
-0.428659526971281	0.540466630054111
0.00600797604576302	0.00608461003219477
0.0475319183627661	0.052316976421049
0.263326616024702	0.272950786970962
0.0733958633301148	0.0619254894913898
-0.0236662382372079	0.0176334895557204
0.448382539052561	0.352585077374025
-0.862498349065634	1.05161307727743
0.912407087575236	1.2594412717222
0.575942673445674	0.704104313164594
0.381965763527265	0.334922051294931
0.562025950012273	0.457065658683443
0.430326320609928	0.439565896472571
1.00867924264888	1.73765117108115
-0.394580045617257	0.447451820282562
-0.913753166725993	1.20711533727715
0.670634475252999	0.935019867067127
-0.794136218308467	1.01810123905123
0.277272332345037	0.264304405291017
0.846794850890466	1.22689589238542
0.245907088993335	0.277032684520619
-0.0462553592221406	0.0476112689270529
-0.245920128258853	0.312943310812875
0.0178965287325767	0.0171550113455108
0.27602281292336	0.350523178188915
0.136263536704692	0.117918835156404
-0.110842855893283	0.0972850972405416
-0.164612963139703	0.188302251865165
-0.0779400153806668	0.0701249209049861
0.00128618993263281	0.00115982572412807
0.205094483919286	0.212981320549172
0.356465683565589	0.413890322368619
0.390825426886419	0.400362778138925
0.673965031688189	0.833374080597173
0.545527353141386	0.955888417780432
0.634202551915458	1.00007573495037
-0.528924641683979	0.684912526826177
-0.719504974268712	0.981649414865642
-0.344345507666306	0.356687940864583
-0.529589584905605	0.664978735794229
0.136691958962826	0.128920742341992
0.157195300938505	0.175360156255756
0.327715455522677	0.418247749411553
0.336991014705855	0.417807962150139
-0.110790135515056	0.106931194231844
-0.133364714471012	0.115831362337578
0.492958106918689	0.610443426954387
-0.02419758352742	0.0205253075838225
0.617979642715018	0.895490373610911
0.0910365744482666	0.0894757862759262
0.456426660741762	0.498864501227155
0.583415248395927	0.879028911002806
0.419706348388976	0.434393289283758
0.0667649470939787	0.0546472361054279
0.221628236187243	0.240325479583122
-0.197836160541653	0.19473215041234
-0.262048543943516	0.252888706225253
-0.211302616797486	0.204830911603197
0.455881216732829	0.501950193956732
0.420917738064466	0.50700394764897
0.60524022544197	0.730466547475212
0.846010374761067	1.13969458663728
0.765003721157573	0.822978570204921
0.970384762359917	0.967255535817402
0.137520295646369	0.188684073753803
0.0633463198844356	0.104182283392088
0.293121048823023	0.616597033963528
0.365355861332457	0.321667189235233
1.30838968463521	1.6276107061087
-0.108921368186451	0.073017370004105
0.287207290934318	0.250202212488479
-0.263260023806065	0.318830633743111
-0.11952690659788	0.122126932738452
0.207065918978168	0.336768599956237
0.257482607646151	0.471191908864695
0.0381031932712144	0.0311434395079335
0.595135645496512	0.650113409157216
-0.0481038879038517	0.0278199709740123
0.112875685504268	0.0770379320044904
-0.0504726290368178	0.0283513055670631
-0.5464866945302	0.370149345979157
0.0871361250705288	0.0512457487477746
0.0731135915150934	0.0404205664895027
-0.246230006287745	0.140066374928634
0.21997771538804	0.153197349729756
0.0806319204263338	0.0484267745775035
0.483229070925923	0.356737443560941
-0.00560694822284841	0.00343445151862372
-0.488696141745324	0.341163577768318
-0.792274506421813	0.695245569761458
0.386315090252309	0.238523847683488
1.57158555075464	2.0697900813999
0.753258340163765	0.612368368350688
0.433511813033959	0.585224992472328
0.987732779203625	1.60462892904253
-0.0933160934182073	0.0831548427984224
0.268076966083441	0.2991858195567
-0.081795933289329	0.0922779546797069
0.273574033157319	0.256480620722402
0.340909839833343	0.421211378464134
-0.528500795046461	0.809294200122236
-0.235106802998942	0.289720726738927
0.504991285173858	0.606233051323309
-0.539271482933038	0.593964039272053
0.207780856925804	0.173120422577934
0.416370935254063	0.52387111585336
-0.134788230226608	0.112776719423125
-0.148890071007967	0.128111222001451
-0.613088671833564	0.821399773630598
0.248861091367431	0.263688582923477
0.0518901908943707	0.04053695809625
0.370092337003664	0.392258472868129
0.281284028619579	0.32617212878102
-0.86027975506907	1.09418220766851
-0.322957599212194	0.363461973872035
0.40147893685219	0.542790762084799
0.47736476452016	0.516717093932359
0.0602360579439181	0.0558050928604793
0.541022131529734	0.694485620543731
0.406277291651059	0.514469198932535
0.464112244883723	0.589942351879147
-0.506364613719545	0.554741366738166
-0.252444403184913	0.255693330599513
0.581427253986699	0.65935940180554
-0.962405245164272	1.32615278898181
0.372080029716206	0.413155741685524
0.384157140863263	0.340795018546479
0.856103294730341	1.03574784547251
0.617927673973525	0.622196906714784
-0.0461280099724289	0.0380846329976983
0.0738291006478038	0.0592959174476994
0.368245377542294	0.535701670235302
0.367308868151403	0.609097535496642
-0.0814708034890737	0.104176665610102
-0.0639666504168362	0.0458141432132298
-0.235495514139655	0.16592520281592
0.497147656379925	0.458864699986463
-0.0171066062669771	0.012764108886471
0.111354085785576	0.104008134330878
-0.368262416259985	0.489688542431455
0.0693443330731245	0.0762626225587559
0.0199988366657276	0.0213176207508467
-0.966890533763115	1.51036805817359
-0.216816238269603	0.210067639810299
0.729921583960965	0.800419196960318
-0.112680981626515	0.0877575776359256
-0.140671429139385	0.107778907675237
0.0243701041445928	0.0163811894890123
0.758068819324629	0.821000243106709
-0.701952532911911	0.630578095876202
1.00534591516721	1.05603692739072
0.0935850323004539	0.0877641201638273
0.493485484859018	0.455101491924459
0.533419392509866	0.457665195285761
0.111821569461439	0.0823849658838381
-0.112635293782562	0.0861589333904404
-0.854678603555906	0.942136535215333
-0.538062690854569	0.516272018988908
0.497129102624857	0.454958437488958
0.142084178639836	0.12292235634408
0.0405757578028112	0.0342458061294566
-0.159772458671265	0.164063006565752
0.0401796998483591	0.0349070846373136
0.0967548600104362	0.0922688005886932
0.119385297191285	0.131523631106381
0.107995907115751	0.112998224631182
0.123061263146055	0.10484063933642
0.398974929812271	0.439663932018815
-0.83671950276701	1.18463280039427
-0.887071182623724	1.42137657488202
-0.0284230938976082	0.0206330465358692
0.200064617949789	0.133517255109208
0.518541912339787	0.624945288891749
0.471956485488888	0.447152416260345
0.568803304325619	0.635948568405859
0.0224614171591301	0.0155918853041136
-0.0949297540482602	0.0751156651526905
-0.446869694726982	0.516859667951769
0.0406565590148872	0.0358377212808372
-0.055053666345744	0.0459105251892818
0.140588420849273	0.126687603130757
0.450953180501135	0.585127182468483
-0.403704733173113	0.534554181987301
-0.624596410927387	0.829835474484672
-0.0872482605681605	0.0829908721374659
0.254145467711667	0.313576160872457
0.116840959563722	0.123850297980979
0.128379514468357	0.144232083712708
0.515376724760064	0.536660534722074
0.215688208581967	0.184015128478252
-0.463179225899043	0.55006995520385
0.685547592830688	0.864590606753792
-0.0299066878906066	0.0223457114061181
0.291958849123242	0.343415865846256
-0.0519732010172782	0.0427997611733108
0.490414185045096	0.610454391047247
0.35428935161998	0.346576604209763
0.209074054829062	0.166064511966339
0.787399401855415	1.08497700504518
0.152463405433555	0.15080008850396
-0.0642138452661693	0.0687196386905877
0.32573926146726	0.457419349157322
-0.165093519933527	0.17464714978751
-0.128899893859893	0.149061566824054
-0.746745579037755	1.53440848001293
0.133910220800851	0.145326072668872
0.204672126445607	0.134809865146444
0.360291255799333	0.397480927671041
-0.443984278879259	0.695103989742213
-0.185199050074946	0.217131393504922
0.00974146992804851	0.0101648377597194
-0.597149432951714	0.947803007748701
-0.0572409598088563	0.0525471867151371
-0.549003774728021	0.688880432096899
-0.120271213771029	0.091730401851513
0.205561541842714	0.17011134962377
-0.527456149945085	0.748927951174208
-0.3575993395779	0.51633714773078
-0.52428395157398	0.810278919628849
0.0713387420460277	0.0793300302156983
-0.348846760370142	0.51425853225508
-0.251118485510869	0.351544113265746
-0.675461058909445	1.38562363908224
-0.661183939592342	1.45496818537523
0.167103847238272	0.211728709735443
0.0122447065609105	0.0136141793292604
-0.0299377173854813	0.0342287065417399
0.177776686741309	0.248029434130874
0.203056179027922	0.340328164670196
0.227167740149752	0.331317269588699
0.685805781572965	1.37814152414145
-0.0865085257085572	0.0988376858602587
0.0626555086562042	0.067897247941805
-0.107738537852272	0.131496425887369
0.166283409386427	0.198755197531459
-0.0859517282100519	0.0972084304995614
0.05247517773686	0.0543211710492135
0.0825742388596316	0.0878734082433634
0.418469684721345	0.700499893040443
0.175052674193075	0.205039129953257
-0.0165586350728049	0.0173525912251468
-0.223840061208946	0.242971057753323
0.398851714159629	0.557454885285403
0.347516210172109	0.427552249133589
0.323930112062177	0.326299137187297
0.262585093433734	0.255375001119318
-0.258264681873492	0.315238108278984
-0.172204582419599	0.206623628015908
0.499034518219891	0.80864890563599
-0.120491147183439	0.127591487493522
0.287834726239777	0.347415040459159
0.234986026108911	0.259982669369737
0.495553245937574	0.7814336849784
0.348891850285672	0.418305689324711
0.115338314679574	0.0775170225088957
-0.314970758315998	0.274993709667586
-0.0835686485310185	0.0880046032433813
0.102692896769693	0.103186314092354
-0.356593190908486	0.433203486742563
-0.0299744317025592	0.0287958728601217
0.0245843710369284	0.0168044717095692
0.586360459250071	0.605154404338988
-0.791385770673483	0.762087570287493
0.313876618331232	0.240671023434985
0.536566189253734	0.759023116183147
0.0610310285228848	0.0631542804450396
-0.106115351755738	0.102769327448205
-0.680861720753507	1.11313518409076
0.268428304916099	0.352140176809933
0.465445047536955	0.802319309145585
-0.419356966439886	0.704404592951337
0.0946690584183869	0.11625602598969
-0.261908548889198	0.341371774476067
0.116233761313449	0.143144785612548
-0.388655255369079	0.632151505060431
0.115585723443053	0.140686984883142
0.473884051333532	0.678342477336132
0.202038049218911	0.280537911082534
0.561788654957345	0.922362114889783
0.0480321808805693	0.0539529186927183
0.105053182522817	0.114059298867169
0.0964117374624289	0.108846913797628
-0.700709682335235	1.28666155278244
0.0749647171459179	0.0750830505802212
-0.0841075518086203	0.0832164153401244
0.624664711831056	1.04765615405018
0.295715311192206	0.419756428728087
-0.0788741715242734	0.0769220031360873
0.068892647908843	0.064131497463091
0.480617006638189	0.613507431494688
-0.0381569738234352	0.0362949129162789
0.250216879979925	0.283797289521483
0.360175724702976	0.413641169717894
0.349660021968554	0.418099387956529
0.423353618765905	0.506861374771582
-0.124133267659977	0.1067538230913
-0.391769984014602	0.539172020544677
-0.280309101096806	0.347988160894476
0.354833077789121	0.528960494513051
0.30790414769087	0.347171077804588
0.0961019668884042	0.110868696821386
0.176748381936058	0.187084399508099
-0.652829820485086	0.627206988671865
-0.710704110958393	0.957772920715074
0.582170718111615	1.02932021696832
0.146839539720213	0.144051803917308
0.455723463847045	0.62280733889701
-0.541262986654892	0.807839381582359
0.480471253999519	0.529782727269773
0.375992715027799	0.402119711756626
0.578432252155446	0.562817604931379
-0.0966108066550651	0.0665420470266038
0.110317457065342	0.104807197040756
0.0789061153636469	0.0882859404345894
-0.51268032038488	0.795310304023225
0.0806569340571384	0.0877350598278717
0.30807157072914	0.356358728614067
-0.138100309605133	0.156105087044219
0.0276330298257316	0.0335209686823645
-0.136762797414369	0.177816044197169
-0.149258788339497	0.186334878849815
0.201110844901825	0.312656825268494
0.691332323020408	1.30439250272166
0.460783662080181	0.769212963118406
0.0815383141459506	0.0749044565984991
0.753112263498523	1.31434408225441
0.0624307195828171	0.0698788279169425
0.19687757719632	0.226668004298834
-0.148651798094521	0.151272792684281
-0.324073867946445	0.434558072531352
0.198101713379894	0.244787595022841
0.528856063232895	0.919094574839588
-0.409287390458666	0.632191700427346
-0.30242693611187	0.374158502140852
0.339484903827494	0.445220357223482
0.424567938598812	0.432168087332666
0.103734698743144	0.101746229792205
-0.133221911463407	0.166291766611886
0.37455559685339	0.464061884489234
0.577640781173418	0.941885907845514
0.50784865652377	0.730353572072185
0.682983334777806	1.35572604034081
0.0642202471545885	0.0668820398928831
0.196909292440516	0.178950751022581
-0.0166161708476494	0.0121398066321154
-0.300346254487631	0.344208783207629
0.251353528352351	0.246311815413644
0.348808388376792	0.427491899215319
0.0734259310357069	0.0714819302932656
0.76375622163695	1.20990396657286
0.131988085462219	0.120834007894871
-0.72238878729254	0.722841599308744
-0.533326143481981	0.50866054744614
0.255609047969039	0.301523781972505
-0.170121514633532	0.195036139365767
0.274855874313506	0.322717916476128
-0.547509584030726	0.748439503356354
-0.277603697391462	0.299956353224418
0.0766335634644599	0.0653287481274868
-0.414700703919108	0.342013190937335
-0.537821254238096	0.498522638302412
0.808943174122816	1.43754325253545
0.190445954887328	0.188483585993159
-0.0305373543732047	0.0334400823567799
0.458270857504003	0.6485956808922
-0.295869369547154	0.418951455434981
0.331499257920154	0.450974045171378
-0.178561281564925	0.209439733746623
-0.0466450626560238	0.0555057418241469
-0.0479847464535002	0.0479576126231778
-0.286794614353412	0.383489676802825
0.294107827645227	0.332527826513718
0.301217738982238	0.445068168156069
0.0731581183043217	0.0702346078724851
0.093523432434125	0.0882283188878627
0.265056519688616	0.312594626413742
0.0960929686766596	0.104174597016647
-0.193227421128532	0.205262956765935
-0.381740812572781	0.553978543205731
0.155464366927064	0.186249233766905
0.564091569146232	1.09520846641967
-0.388507337236383	0.563685456346834
0.411725918223648	0.565584104818086
-0.215642428933097	0.259265896278977
0.207878778935457	0.217232932989802
-0.737300852084731	1.03865624812231
0.195841456476242	0.202032515931228
0.38520368343014	0.517369462473876
0.0738548543123801	0.0599224822584536
0.244351751252211	0.248629510449453
0.217707367972013	0.239411751500072
0.168468855840771	0.183188030215069
0.517268818288856	0.845194063455855
0.815927437263803	1.10883113584968
0.145424689124608	0.137901786609223
0.347339472326438	0.24396909936933
-1.11247599348457	1.48531775024092
-0.340626887404873	0.425842050624731
0.0912615828350106	0.0874570729177229
0.271006509950111	0.329944600717661
0.0127743453593329	0.010199235586253
0.0082345556851178	0.00646198752659543
0.43088280267293	0.407770376888105
0.212286183242062	0.154722988578448
-0.513273888331651	0.4443636288295
0.0259941489151568	0.022074404465113
-0.456373441413729	0.589621132332808
0.0529259541409328	0.0539035341420289
0.231560451842654	0.289292072266071
0.186912539154818	0.202136877641909
-0.304547717589944	0.402712333173017
-0.197982322963612	0.265401504641529
-0.14726850755313	0.182478660793964
0.0892172673015623	0.103640580740175
-0.40081734711555	0.646428328781888
0.309351596913845	0.478950989295278
0.369366448116157	0.574591764265024
0.611145001159602	0.496338156314184
0.347669393761352	0.223842023241172
0.430515950332637	0.605840867407646
0.510175579811844	0.837421663531942
0.249915698275255	0.341153108152802
0.472463084118523	0.749726109024482
0.231221886144787	0.320855683113101
0.586605036991143	0.812427401371078
0.0630459764004067	0.063589029486265
0.171281135676111	0.198797468576156
-0.304557313313519	0.380845410024761
0.461552217845516	0.694178674879992
-0.22997686277343	0.268658300203297
-0.0852793137332246	0.0973544145231204
0.0861300257090632	0.091214315335775
0.169649448637523	0.193658271518481
0.310431943574437	0.352533438845452
0.211269884022889	0.205561883421953
0.796936355442907	1.1893694617474
-0.13416058533817	0.137225081621545
-0.0286032802322329	0.0239903962884936
0.662749294564125	1.12939839146417
-0.285527126479543	0.380768126020708
-0.00645937638614409	0.00480274290156747
0.323805961579052	0.400299414515457
0.0526983471002937	0.0494593035270817
-0.305006215715075	0.302132582763166
0.638419189682038	0.487794379942026
0.504802166695969	0.54782696555969
0.223646711015396	0.296901791536069
-0.0388451905905572	0.0385305392960912
0.170555700256267	0.194030327694469
-0.658614009845258	1.02817004125347
0.138866495012778	0.110408972046082
-0.125022426022145	0.104744032900559
-0.294259033326086	0.231875698679375
0.190006046869293	0.180555110787557
0.244567884385514	0.265261367065562
-0.0851895735149148	0.0952157750944843
-0.0856321584189535	0.0954400865816984
-0.241870276173717	0.317623505348648
0.455842639638851	0.675696576140731
0.375291826975893	0.591906285489201
0.430901841505988	0.754638403496331
-0.566673782625143	1.05633636454896
-0.421770944785192	0.632579682408235
0.20628394845032	0.263167477191383
0.138909601197973	0.17664577734761
0.306708157088771	0.508955804921311
0.66909276505765	1.29621163512185
1.16748587869727	0.995271793256307
0.220321691142341	0.134494210140432
0.600772673639006	0.801674938627323
-0.0213729941425144	0.0244140629856346
0.184194885318872	0.200439995521779
0.0644853363954141	0.0598862353887734
0.252844218829352	0.3404230818021
0.964896427617254	2.17211389738742
0.600679056215779	1.1434493307154
-0.259731890326792	0.387797352907556
-0.777943480200542	1.28296747039134
-0.167365913491012	0.181288672131171
0.34640239441196	0.482710257371338
0.388117770742615	0.544616290773738
-0.171863083290414	0.207261922468403
0.139231559651734	0.139473156722553
-0.0725678935078546	0.0810811944058253
-0.220760385120933	0.300273776874646
0.00642538205464407	0.00561231225566698
0.0716706971003972	0.0721778671340216
0.0653193276735277	0.0656103636420846
-0.000292340884545909	0.000466069121473196
0.152229474501776	0.165047072894387
0.00427074834011025	0.00365712167808724
0.398266288808279	0.498426319896617
0.454705475107839	0.69357299924004
0.69644234795801	1.38197641047627
0.303003360461038	0.349358693327678
-0.769825202077449	1.40070464721073
0.674557763774592	1.21005042624079
-0.204465426987074	0.216729579984953
-0.0661537647601683	0.0455687448119775
-0.651764769346203	0.779429170709269
0.106575673347995	0.114763023305661
0.39760187537972	0.603769994934691
-0.146185209105585	0.175970266802851
0.397177049671663	0.510344190850437
0.0819672507698414	0.0715842502227929
0.075186699097315	0.0633904898100183
-0.22824899835959	0.182442740896186
-1.28578729568213	1.48408909800773
-0.220285384704244	0.229569033316001
0.226126615353168	0.313501546234164
0.0699250040222847	0.0691891901312887
-0.0822942570752345	0.100736432253182
-0.0111692322530718	0.0116684002609249
0.0224954890702266	0.0231941169511657
-0.210321154767794	0.31110312472496
0.0589084890595776	0.067491165424484
0.083403772938249	0.0913738139654502
0.0439519452440147	0.0556092824768891
-0.201974714331803	0.2902837959197
0.352011389990186	0.561757330394244
0.0520475350062775	0.0685584369801933
-0.312204923900434	0.47823812883034
0.831868584908722	1.02531068872923
1.54890036411167	1.78469005596967
-0.0270915271888198	0.0160832206570082
0.814637460133276	1.1035174972155
-0.338121560440924	0.437458198210251
-0.764019893353713	1.52070973927431
-0.136046103924527	0.144666952314251
0.209776953111823	0.273138189357432
-0.388420913124895	0.57382661480674
0.202768796861598	0.262930545818234
-0.903563813266284	1.98625313956633
0.172299045160785	0.220559482090955
0.479162445103345	0.817275063299649
-0.00468874617925986	0.00509751287343932
-0.0596330463044504	0.0701928451990272
0.177991532515325	0.228392087315384
-0.0374107967178127	0.0405863062660623
0.342660129709452	0.520656111173148
0.189723012966641	0.220284275235618
0.127394950599607	0.143321561013775
0.333944019008837	0.492499872301161
0.43751577826013	0.608274440422613
0.192128764182791	0.223993545611685
0.466027987330252	0.628337101788831
0.910040322408786	1.95471216924967
0.120816829325875	0.0949533710820985
0.389878825010317	0.501339527673304
0.690363427924497	1.3373829142202
0.196646476125321	0.21817664785993
-0.275194073129911	0.337531530264295
-0.210941431687249	0.255173072116885
-0.182406277529788	0.226970548296354
0.301453859096003	0.330861468369015
0.849334810415036	0.864410708757702
0.341395128117316	0.394027695683258
0.0994658203688173	0.105755452774304
-0.206199906788338	0.245253914956247
0.248566930096472	0.285398682527642
0.523246718119844	0.696351355569304
-0.0753143356257386	0.0660455013883186
-0.203460997240592	0.196003399818192
-0.143939973749948	0.092696580623845
-0.599071960438743	0.686545447835039
-0.148583714049312	0.149440685441273
-0.0760263342453402	0.083463495073341
-0.370149820804825	0.55855150822362
0.468537242461603	0.760132221666361
0.207161644991129	0.290264073576232
0.00702099293562304	0.0072626310324016
-0.180208488612572	0.243477156660779
0.126712578093656	0.181504586956436
-1.10964245032294	3.05787898913346
0.302951714278825	0.493265288123563
-0.248073997136399	0.385530669200429
0.561371917966614	1.18317575937095
0.0520871593861799	0.0651038667929158
-0.0534689999203152	0.0616855066039313
0.152897616923761	0.148678919718921
1.07966836123252	1.25788770137857
-0.0487143486928328	0.0283641493193094
-0.802616886759593	0.930661863567106
-0.440862846063326	0.574431880803161
-0.250790532352918	0.333867260891021
0.00940862366477246	0.00935898569000235
0.0531429430832369	0.0536459129301813
-0.0200776433308813	0.0223196720788848
0.123553689433311	0.145068486452435
0.24429080828341	0.338135102345585
-0.0290420981800682	0.0321519096158862
-0.0535790029423607	0.0598010331967755
0.123331537569512	0.133926924427734
0.161780004997112	0.208127556264103
0.233979078788933	0.318435079515594
-0.322095784039291	0.4574490626268
0.0827092748520648	0.0886051208367223
-0.02446883929093	0.0260172886696915
-0.115088141996494	0.133711718549329
-0.319461761696055	0.432713685146783
0.457404080461893	0.737814095208474
-0.732984648738799	1.24438134855001
0.162706691874799	0.178985071542614
-0.0131784906734603	0.0122830943592629
0.081696151270263	0.0769154320773748
0.253515569157302	0.286979856455437
0.00438597927610027	0.00407128836078174
0.403815350561666	0.612452769223599
0.205944179705773	0.241961789999167
0.62152497117669	1.20059963391564
0.043557058656948	0.0463545013226544
0.20553865962549	0.198821378126949
-0.443240036269969	0.558177523287813
-0.235003474246242	0.330583604489675
0.499851305368851	0.693215436035385
0.124479180415347	0.147618262655344
-0.0875721080400563	0.103028702680626
0.151973811757698	0.180793250623115
0.059899833113224	0.062917732312778
-0.580035575260495	1.12916511970216
0.698328467189405	1.05627318901252
-0.142319113373536	0.0940398912925957
0.00687338788351788	0.00515423411685949
-0.212970644308309	0.27968962251179
-0.170488316652867	0.214558994204845
0.379032867701601	0.522700528472277
0.101657508710029	0.104377828025265
0.369038624759079	0.43630979510613
0.489549352783173	0.527806311251254
-0.284362409932585	0.248511552943292
0.618419426487502	0.648012159437756
-0.107932673007817	0.110054974555459
0.2564183089681	0.30082338564278
-0.0396243179358968	0.0436573884255109
-0.561493668869434	0.884744585094613
-0.5050610560465	0.8360738499546
-0.616501952414454	1.14501033058239
-0.0538604732633512	0.0645380633526788
0.478255744404107	0.830039376626761
-0.483198381462009	0.878171164441348
0.0575270974386943	0.0718864107242778
-0.211646162575768	0.293817793631505
0.234016537256106	0.390780065663381
-0.26016341321437	0.417249240333217
0.552079641437963	1.04611405634272
-0.0322276069562461	0.0237914388544504
0.0890538445425057	0.0528263327747488
-0.178980234099124	0.127089646978422
0.41665958208271	0.345747694228593
-0.825450910615508	1.3778789338521
-0.272144401946787	0.384994382067194
-0.451266936787385	0.637614187200541
0.331326649911832	0.440615411086176
0.0191861758557337	0.0204305178521385
-0.176382886593853	0.184819032336106
0.452449232057866	0.748423777931562
0.325225210763916	0.438828810965318
0.667777618239313	1.13745285317647
0.154046736190687	0.188389855844234
0.133358919048302	0.154724833722177
0.0797181021110089	0.0894107026717448
-0.015911753019293	0.0168599137880599
-0.263904948647337	0.352130210757389
0.20821441067066	0.275769435429308
0.359176596782597	0.578937874057278
0.393633648803765	0.59626977067152
-0.0234022166268895	0.0243804673654933
0.0814796002439194	0.0922984151785537
-0.100029347012148	0.105178009905104
-0.098204150963345	0.0981528816712679
0.0841899829943564	0.086341288350759
-0.295781385743178	0.347669489703749
0.185550068693928	0.223009773342388
-0.142017548176154	0.146129890290595
0.204464733181276	0.248022822748238
-0.0495196800820066	0.0473327824785333
0.375301703548239	0.441112333126883
-0.0130445180039506	0.0134366727651505
0.149229849785065	0.15794394591237
0.335807485184993	0.414053965645186
-0.0249119486665037	0.0213711190411946
0.264253571441625	0.266594520053243
-0.0268702716364091	0.0258343513945305
0.0383144218973213	0.038911024521159
-0.124123276798116	0.145436900312028
0.0154546478731653	0.0160753730294964
-0.0999977701281071	0.106551447581631
-0.139532279778309	0.11940609564121
0.0986183164842892	0.102956032490232
-0.182780448367198	0.220813054926512
-0.663909506003201	1.01286042648596
-0.319037415174	0.217327671126792
-0.0409845766687929	0.0295087907132177
-0.0390534271660977	0.0402797887882551
-0.0175463521319319	0.0191761286003548
0.551094022356184	0.792898980475314
0.323528948020195	0.353731434381946
0.0258364941873403	0.0212945933145383
-0.845840786939087	1.15161347968842
0.221899836627129	0.146840352097733
0.018544347388456	0.0119978750923243
-0.413137177115374	0.551805014761562
0.0393634271361413	0.041026898449801
0.197460293836716	0.235035985806499
-0.126956555038031	0.129155263282943
0.0889849489913666	0.102450613352419
-0.36259029490223	0.595964169805856
0.308452193801456	0.490448464516674
0.148382359462458	0.195845276184805
0.48182413156597	0.839678773907627
0.0776334103050014	0.0977305227231529
0.157646265692647	0.221731420714706
-0.646106248541278	1.2690550007775
-0.0198579566516164	0.0247528946681074
0.209861292225046	0.270825557260402
-0.271758369151526	0.269386289237004
1.29695346899242	1.87355946003383
-0.485040064401812	0.348857985813882
0.383989236219841	0.247013750190239
0.202150047888763	0.163671854079698
-0.194299021368269	0.208203299883371
0.65791486463097	1.18681959355634
-0.189582631130814	0.21636227298329
0.197341943490914	0.214467735185383
0.0838520656007966	0.0962560389935905
-0.200483642534114	0.243804462573324
-0.0176923672952372	0.0180539648990522
0.347482024846383	0.597749064051067
0.180901416498177	0.225286698001046
0.140523792513672	0.17385509639415
-0.605466805003822	1.05712590650418
-0.326882888024718	0.502852836142123
-0.379833587468976	0.56969412463123
0.363665264066203	0.594672559357074
0.0670642849649663	0.0800084931272735
-0.348050872973685	0.481381521172171
-0.0770075640200498	0.0941370941720785
0.467794074933221	0.842705465218938
-0.184810391620446	0.229134539933069
0.132428545962466	0.164707401299268
-0.0734220734893543	0.084761161942182
0.283845140364333	0.407493031433764
-0.189256368168358	0.228745352767187
0.067762728744204	0.0732319110270335
0.401680659683669	0.593355096148465
0.198822163133063	0.220977437117733
-0.118093316671325	0.128137568697817
0.252058767255729	0.300903095474579
-0.449327229690704	0.594718105077363
0.149667201429301	0.141500634906649
0.247361487426351	0.314753803463531
-0.499762634824714	0.710677862453936
0.484702665637417	0.672979536189088
0.322021531742078	0.345375017420115
0.194325419425046	0.227175297210383
-0.104958774268092	0.105283396334832
-0.198361659630273	0.23549942884112
0.237400144372842	0.310476620624152
0.342525109691246	0.435698986804732
0.248812776411034	0.335712509553553
0.0880072872117895	0.0947701794709378
0.0481611199918774	0.0429747053052757
-0.941486052910039	1.00722994504043
-0.107827764920246	0.0947648568423222
-0.51262854145079	0.963710508815165
-0.0806506573615203	0.0866802684032165
-0.437541880131981	0.606971667983908
0.240151094870583	0.24983696310499
-0.653638217445536	0.790643870690029
-0.1587645736477	0.161280143440585
0.811650558079312	0.76890328381634
-0.724086596091258	0.631019357336746
-0.985663663279819	1.51744182680616
-0.350066675365071	0.446450525545539
-0.149107021120944	0.163107911511327
-0.455909573302017	0.734611129207669
0.278803316908709	0.351435141483916
0.448386211281618	0.877091596745943
-0.31101037703724	0.536120642650022
-0.0759020970255858	0.0884679873534403
0.243266544070508	0.33527759393491
0.130931014066322	0.178796974199882
-0.0390504174777495	0.0428759801982098
-0.000198125462534622	0.000184061004946425
0.111498187018488	0.152164359664911
-0.0608650427427047	0.0649622756970503
0.464568813653809	0.52695934984754
-0.702528315700787	0.645539677869022
-0.73260297648323	0.436393116854381
0.221308587758026	0.138707350865751
0.0838321126018193	0.048559972222694
0.72063324638857	1.22062122321039
-0.268357435829886	0.379796342440883
-0.113953218559197	0.11792092318672
-0.541079380210525	0.787674971865489
0.0942077364481569	0.108807812630946
-0.41217124689343	0.604966091441041
0.0155173305059864	0.0166758363289993
0.219710019592867	0.285641164177017
-0.0993157600834892	0.1208830090727
-0.190151091426773	0.285341407767204
-0.548437119681242	0.900141237415189
0.103571654294857	0.123440922384922
-0.122828793757188	0.150810084370423
0.0548871319864557	0.064306348007919
-0.208528266319576	0.271421624410969
0.108896914590129	0.115273669656271
-0.228478632201814	0.290198858403126
-0.0604120964765726	0.065082518150869
-0.488753693133754	0.865166666663192
0.152276021805479	0.193550120142781
0.222958364708259	0.315711785656756
0.408210264412774	0.658210181637501
-0.223287574270113	0.286418504943718
-0.382579414104292	0.607265236205525
0.270867234214435	0.31972818665804
0.200521745769419	0.257509289502493
0.124255262192989	0.112646617297276
0.18050784608629	0.183335503496103
0.14506487148107	0.169238154060062
-0.192969487016315	0.206344156139127
0.266457715901656	0.381618530759086
0.324979810940521	0.34769892284273
0.48866011126494	0.746966768668575
0.316182101850074	0.323032734137807
0.738906622005481	1.09825660438231
0.953996414175173	1.5706828245105
0.553874624998613	0.833747090999733
0.300679746442269	0.353301176330973
-0.053299075699475	0.0583063236087556
0.623366518130108	0.836430466153139
-0.26610780503109	0.288791040021622
0.488368387912999	0.752237049753373
-0.461354336062182	0.622827991180717
0.104511653440499	0.069938539609483
0.506104439726561	0.627292008162706
0.0731182804346611	0.0778658208181418
-0.118359770391673	0.137362616218507
-0.115751693212699	0.137348508263852
-0.167469238137988	0.157274739184193
0.203301305026904	0.183628401967887
0.272353800607672	0.2398249042297
-0.135710882409472	0.098133006493188
-0.338778338076396	0.288871973160336
-0.11296370953253	0.124832331283575
0.142222496823064	0.152767292066238
0.155774587412664	0.163631057980106
0.0846334928282041	0.0850807293027511
0.840219611105612	1.78438678210805
-0.0418415276327931	0.0455258233878927
0.136891189015342	0.171024536942772
0.164854848031423	0.231840827113042
0.371174313490095	0.598439490080567
-0.218589146355446	0.287329935287461
-0.0167420041632858	0.0183644648272152
0.42439268037882	0.679554561891493
-0.374690618833285	0.631305411616374
-0.414681801663183	0.667981022414519
-0.417481375450949	0.382653361157364
-0.418992557778216	0.346190671820986
0.207215429015292	0.136873207735601
0.335599939009987	0.246075142794944
0.105500305154823	0.0767991330142129
0.554790832098139	0.755366611606359
-0.0369475322069596	0.0374742407362442
0.252930431362913	0.329651329991591
-0.698155458792993	0.8652020970027
-0.0460234456059637	0.0455876481831038
-0.280694351871645	0.354385804757996
-0.270069840769452	0.34353458739375
-0.362594749187575	0.494544881271364
-0.0231287433103004	0.0237538430627039
0.131599595674226	0.157107586252815
-0.304271241331449	0.421579953391104
0.399699558052832	0.582621438820668
-0.333132542832764	0.493204618036182
0.440766146692587	0.647097376476734
-0.286328477956723	0.388731654820782
0.251922765204707	0.297356902816317
0.197020219334827	0.226559760465294
0.0651577841952065	0.0717252554300954
0.114876537698708	0.141518792172952
0.316053570229504	0.419436260980028
-0.546200738049052	0.867844162907713
0.952394774291733	1.75646139289864
-0.608761411260868	0.798352562582402
0.804925589279109	1.38509986510207
-0.308237516624633	0.4102285097966
0.240629260603308	0.2798015355384
0.538327077663925	0.784326369122885
-0.349315735207745	0.467325134349991
-0.150101944328862	0.162798202173388
0.2402604235628	0.259781398093702
0.281902707193108	0.359237276869287
0.415227466291358	0.424709930141586
0.0736580464841756	0.0767027658161267
0.196129063448211	0.263110421772923
-0.142221923964858	0.152995196666654
-0.388299132152145	0.56553415069004
-0.236730914434342	0.326451317322149
0.602892204965343	1.02417736840453
-0.671619915944177	0.653421124985244
0.146936308066542	0.133177930938902
-0.0446803552980258	0.0492961541599832
0.0479814764417237	0.0517916981980284
0.551186694221509	0.796198115213922
0.844811222860688	1.50386127311913
-0.509968882057413	0.556843860954277
0.478530075016482	0.608076265709427
-0.0522595887237698	0.0298898876826411
-0.355221529133835	0.309491859929697
0.399940204920735	0.573658069004592
-0.191907150819349	0.202637090330786
0.506685783188964	0.804556211441794
0.598252582275275	1.22700309615181
0.260480138415244	0.393188003413659
0.684212677900405	1.37700074111412
0.122102221990753	0.161673104915746
0.30888262362241	0.503587985804514
0.12964480349553	0.154975738959135
0.567127509130461	1.12146690608104
-0.258101955997684	0.341844767805619
0.282004818592734	0.415246415137624
-0.325094237678937	0.590311393716419
-0.40142442659048	0.612880625576542
0.345228463815879	0.347106970764679
-0.600473000335063	0.613449764933703
0.825472698420643	0.646238539253514
-0.257981401899785	0.224888666331476
0.911317472740827	1.0877487040128
-0.131843765301758	0.139139654284748
-0.00864834560600868	0.00975942595107728
-0.242037561845204	0.265068613281845
0.136321143315651	0.128578843079435
-0.167222172081703	0.209926080114656
-0.0575875525145224	0.0619310553444023
0.239866360419653	0.313026778156658
-0.480117254713519	0.83231129826793
-0.157418804932264	0.212390944293136
-0.146464146463949	0.179544552391524
-0.138504473313512	0.160766605852609
-0.146083909671758	0.187879699074904
-0.0625265896524352	0.0712446162468751
-0.368203017616766	0.513275815729984
-0.423251799072706	0.654141503249302
-0.100992916135904	0.108830576462089
0.608589497539609	0.994430930326253
-0.231631949506174	0.304580280841676
0.0170194502047996	0.0192488113218905
-0.22298702299994	0.290790577243373
0.104424124646088	0.105510541039362
-0.246709921293939	0.315330067585481
-0.38593093861667	0.535455227297958
0.154748435773844	0.15488911346227
-0.376726967171138	0.482153104943798
0.277107604396255	0.397370930142343
0.504154952646303	0.690592882116003
-0.0315116632992965	0.0327055732779188
0.24102840803817	0.288511693612971
0.13002474474214	0.115793360759792
-0.123665915948231	0.145392925873303
0.0453485771090613	0.0430429731707024
-0.35868119934592	0.514437803848728
0.326048358654512	0.417018822896186
-0.441656771560249	0.573326409122696
0.0947601098919974	0.107492679106138
-0.639554496221409	1.14452652944345
0.281889768722416	0.34901700903982
0.316939137940997	0.252310882615331
0.205594569969448	0.167126331258765
-0.298021739209615	0.386753358019388
0.102864649573512	0.113431795209699
-0.305115791345631	0.369255105990432
0.098223742687349	0.0872986446986161
0.402858638565748	0.429063837300469
0.579176028244671	0.648776200374078
0.765476543548398	0.8233584595193
-0.557844900963014	0.486859257399159
0.0641945932169872	0.0635718944862826
0.358180332771746	0.507484378915584
0.116029484258384	0.124961459456451
-0.506979371773751	0.900630374408202
-0.372836498340011	0.535251512488822
-0.0786105058943588	0.0895282879769377
0.0204207268293603	0.0227501175319148
-0.431169206058839	0.833120029392853
-0.0476590900309832	0.0526204487818264
0.0296887997323647	0.0340078254326061
-0.123667648842332	0.164277285496193
0.343446352316805	0.488419794921315
-0.329546464757	0.636363527623002
-0.0320146614226672	0.0349887953099274
0.475846477761413	0.427190297394538
1.72867653442817	2.07204236678108
-0.418871159032909	0.309201008791438
-0.702687299173249	0.574225849093823
-0.0698748900503909	0.0480132845227916
-0.103878793543596	0.105372893981378
-0.26653278360728	0.395484516794572
0.296200327856984	0.383626591022612
-0.457071135168795	0.605157668855765
0.363748380753822	0.526489413904068
-0.039068639192784	0.0352880931720039
0.101527163194039	0.125711263912448
0.063874587210284	0.072100787312386
-0.136608673338158	0.154839796845837
-0.106121189942224	0.132995613774173
-0.533154507640337	0.910517518524964
0.397416358796571	0.671529948227829
-0.0286700105193984	0.0273865636708948
-0.159096549290507	0.170598353166481
0.335302395152074	0.48463556011698
-0.147396731387349	0.147554691128387
0.250333456965461	0.30093435203865
-0.372404210432672	0.534216485872997
-0.962074378526114	1.88020085358426
0.829685882119869	1.96796944815905
0.145549418762883	0.164047148290165
-0.165419557708209	0.189522467418828
-0.186562292005096	0.200542536390607
-0.30982886919907	0.418729933839559
0.550201434103726	0.842446593368242
0.303622357363733	0.375760581810668
0.204312874382989	0.218248196526902
1.04539029680557	2.17919257142926
0.379174290997314	0.517323663258106
0.329139324943277	0.400162726833417
0.434610418958578	0.665442186139725
-0.175742264819511	0.148579563711252
0.0522376508608778	0.0487999783905716
0.0507268410965314	0.0530573662221557
-0.298245974536146	0.385292828349108
-0.217033194867489	0.274329464959074
-0.133894051141498	0.158153834149953
0.154286660128145	0.166988641820771
-0.209377484325228	0.300491553414667
0.305449538516967	0.431417761549811
0.653458769294734	0.998642310879846
0.416173904264176	0.409821938262208
-0.325077191246585	0.326701928798501
0.472636560080933	0.73722735110832
-0.169898495605216	0.200294730889584
0.0793730987371359	0.0852194068201609
-0.466066098864636	0.598494906618739
0.704715631129389	0.845563123793498
0.307438763579355	0.251180613508663
1.3585362523702	1.96480946239862
0.19225315387803	0.195589229349579
0.143452607482504	0.140832420568564
0.203762764108996	0.194776858452529
0.272831616816963	0.346407860851925
0.0541538418464064	0.0567618834091521
-0.0927272772452614	0.111959848324198
0.476302996784783	0.904298513503187
0.394821881698145	0.640618419501973
0.977394002096667	1.86597117114146
-0.184768773310501	0.247199825349489
-0.118616961488033	0.12013084538151
0.0285629246679246	0.0308787673529068
-0.165589971468709	0.230027228127401
-0.439280109336555	0.741646536208121
-0.0526805208153966	0.0437423380509222
-0.194444334234946	0.191801549012146
-0.0530910188427913	0.0301765215362355
-0.657595890427816	0.643839823668866
0.276513831527144	0.249362303704234
0.159416057268528	0.191140527944563
-0.807896504575915	1.72822198487292
0.0453346053881548	0.0486583494161678
0.384286618213531	0.563607961934234
-0.726866833757653	1.41577874503795
0.206442188739433	0.231240383887262
-0.0354808714594934	0.0369902465241349
0.0263377957482442	0.0279942275618699
-0.136744400517552	0.157437827384604
0.196215636956361	0.225132677374209
0.0550759917806683	0.0518399091544628
-0.152561115087124	0.175620001527197
-0.122531164034244	0.135564267366444
-0.44579760662865	0.584415534117363
0.151345281593311	0.163963834794403
0.475793552544094	0.599686437999215
0.192665325786066	0.249602023033883
-0.0210857609630617	0.019516711907332
-0.0700612299153607	0.0632697609974513
0.0691050895236665	0.0670475938590972
0.235906453493778	0.30808545898939
0.0220741601773575	0.0227975261167474
0.158199890318098	0.161463831857778
0.00294350726346227	0.00249576139154892
-0.0619778236486018	0.0514451004637133
0.478760618588659	0.658961185717216
0.30919815411081	0.345176342829062
0.337835625390476	0.453266443323662
0.296983584522042	0.364791901994975
0.149871372797278	0.142507297360863
-0.0385223278129945	0.0393372831313687
-0.45504140171209	0.734914157851933
-0.0513451586941698	0.0515126176298033
-0.288887474641898	0.44686224342404
-0.267786196769552	0.367315660666597
0.0261181893631439	0.0251800535491579
-0.458181012959638	0.443543364019326
0.231897970015022	0.27961694455798
0.158298683668306	0.169830836930127
0.54935594593027	0.854238482953249
0.256679113733889	0.298633940876603
0.203927453950221	0.235441906825871
0.308350864431634	0.246468971472067
0.426846895787343	0.356268448335547
-0.106130774622613	0.0913224124042608
0.23854009476736	0.260261182285337
0.407501731946192	0.524554444717773
0.0406560898741957	0.0366492889078424
0.140624960987992	0.149662130166559
0.440859373316166	0.560750678601357
0.30193767495215	0.364331580198807
0.0824662232805077	0.0795539397424279
-0.0722151568048998	0.0819399892640295
0.603232005203027	0.806766746694592
-0.192756409254306	0.220915465214232
0.433876972623222	0.745612844923023
-0.352588217363119	0.599908953858895
-0.681402468039871	0.885579273584507
-0.2827230159721	0.247411252121268
0.496968021703824	0.358517529131702
-0.118732458061338	0.0785639421857179
-0.367729703887733	0.411156276696307
0.0219785010082243	0.0212273955570419
0.128183806853848	0.16518180783116
-0.102742973421337	0.111245049859291
0.109342871928249	0.111421516514657
-0.294388808962498	0.320358993896874
0.669711137048031	1.02231760944537
0.121094087809348	0.12449336631945
-0.354675947613909	0.400749704919471
0.366827168019781	0.415355518472425
0.0249400258852321	0.023537770464099
0.0731021985616689	0.0610643409247805
0.503876467395066	0.66444057101788
-0.0414363848087789	0.0382232883376747
-0.0617672230892681	0.0561624427095974
0.0647758240971099	0.0528503463168622
0.371712736739113	0.404682432992516
-0.492155354047225	0.648403061365223
0.0843734060198683	0.0764654747558152
-0.546260422140439	0.534658057421024
-0.907600077530725	1.20150807434647
0.359525561778948	0.323359418841808
-0.598346494281232	0.808582231809921
-0.0628636130676442	0.0515499754871953
0.406836431211828	0.549691517502903
-0.124331554306917	0.119191317562071
0.0799110355220767	0.0725181023046612
0.352663383226795	0.510315334824164
0.113763884305969	0.135155638567208
-0.149519442362257	0.180077895487575
0.328011381155507	0.432750213527727
-0.352159844502091	0.561485102966995
0.58441119103307	0.804548544826309
0.556215447738021	0.899215732801654
0.656572954522303	0.840216140055453
0.571951514842691	0.861567640830093
0.987045523686629	1.22398367842071
0.346970998810696	0.419922355145833
0.218355160064496	0.158412833548792
0.0882586740946196	0.0769455988545162
0.249780326519683	0.269612653487417
0.209438504332511	0.17902059069279
-0.332446999098262	0.306999108869099
0.126595163944771	0.106415933137486
0.246913805596316	0.2764942484339
0.136773108965904	0.120755818586083
0.324012758706735	0.325835554236259
-0.379910268814471	0.350093411906636
-0.31493666749907	0.386124416180379
-0.179472032148471	0.175910277798103
-0.103711273007673	0.12274612190632
-0.042922970605198	0.0474918737316863
-0.50507623791207	0.671980861391397
0.0134867429558032	0.0117671223291916
-0.785090134702442	1.3962933907344
0.157441150253962	0.175701779074035
-0.0464268310009698	0.0506653405673664
-0.0558139810187117	0.055686015425233
-0.390757372863493	0.524235948016424
-0.0767494521102481	0.0889655364834244
0.0644699110902574	0.0545058469229884
0.191115920894104	0.182185182701072
0.0856867254086393	0.0808863248296221
0.00324691302048269	0.0020222595621617
0.271330652546069	0.27824644829999
-0.0410765761307993	0.0339456109257426
-0.150196024291019	0.113060456533588
-0.105548132224041	0.0826688213462594
0.510492480865012	0.542819664864909
0.63477100261878	0.735779819146524
0.385470765911141	0.415653620023412
-0.543786705968245	0.5416877734215
-0.627648508533987	0.662036860215346
0.0626095589528	0.05228901369427
0.464237665606481	0.4420726405095
-0.399171076334449	0.389834788624062
-0.207483567449422	0.169074855934118
0.868485803346578	1.09268061654383
0.0255334650756077	0.0171320362327617
0.357024857333353	0.326978223582306
0.6281158701439	0.652101466910114
0.467648381222387	0.501196938849502
0.212231098277854	0.178075292857997
0.987216138964007	1.32662442236382
0.430374965593234	0.582777418556852
-0.0432775095142593	0.0362795112078474
0.0970757163006656	0.128366262768523
0.307615940784986	0.467670670595557
0.0137895693511546	0.0115028381991259
-0.0541755932364244	0.0613015809912986
-0.071956281491856	0.10588248846315
0.267861204983412	0.243228690746282
0.296409172822158	0.25137924639005
-0.0861026662753689	0.0590443568522825
-0.0184884220031878	0.0112000294268587
-0.467041657302979	0.382136489573434
-0.0531224829983199	0.0294334988419883
-0.614544327756273	0.518403848527233
-0.278330957653717	0.235947367376808
0.249291772922841	0.261151842586366
-0.517012210511998	0.849208000055566
-0.322841748940688	0.613457457087179
-0.0952292609654329	0.146883511164656
-0.0335472000525995	0.0420156600507232
0.243144687213064	0.473126148103155
-0.411280377494453	1.09391740175573
-0.148819138293301	0.189586927265142
0.128293112670994	0.109971745715037
-0.137350717497924	0.148853705071317
-0.394010019651058	0.71786626233007
-0.123702671124776	0.0970084444080476
-0.197260440916375	0.180859190111715
0.257170980338729	0.274164388546132
0.216852068796175	0.139088539176526
0.506197825450452	0.441196603689719
0.221738876499467	0.13936064830114
-0.300588350100449	0.190461300929116
-0.677484032671238	0.724340860609133
0.0109161046106582	0.0066402357868818
0.939142210209296	0.818323636905685
0.0912761951532338	0.0581144801178918
-0.0845491675877475	0.0583297547519762
-0.139612760064229	0.0906551597073051
0.205708281192345	0.143892640943872
-0.195234576629326	0.118465394185568
0.399817096724326	0.332086145972889
0.00347370589037865	0.00238688767609731
-0.0846035773842134	0.0584270216636873
-0.118036585127358	0.0586978952541174
1.24905544383342	1.36051863061365
0.188286788702142	0.161549860559164
0.244502542992058	0.127853380607343
0.209325185344362	0.152593173260119
0.701996755143043	0.60838025991912
0.40103174808658	0.344640307536062
-0.119103847736487	0.162153303351281
0.136980270180606	0.167239985248878
-0.140171330865797	0.142813103223201
0.333974930562254	0.537006365612048
0.000475599769656425	0.000620634275522011
0.13330382686151	0.194245743985169
0.0939998519162217	0.0873311838666786
0.721142820635286	0.933674498069328
0.650415252879488	1.12169473747131
0.190127581798329	0.190814499677817
0.0921944191022936	0.0838854026068864
-0.0377270577733641	0.0278694076153369
0.382235634084968	0.436321590273968
0.49266617995781	0.446960402521006
0.132561182488127	0.1232797470977
0.279622303392693	0.247969891029839
0.193614173164303	0.178069793150967
-0.135212742040889	0.128263370501056
-0.468644925401678	0.855173358859041
0.212149064189523	0.353405663329933
-0.182268963857305	0.271741356648737
0.0401187430826839	0.0516518442032098
-0.646841624494176	1.78740004356631
-0.0739624534790333	0.115945821174841
-0.0497441241979652	0.0594278526112341
0.346749230822608	0.421913175585341
-0.124844728994833	0.134839112893036
-0.269286512579796	0.440293452285282
0.358578109004173	0.427831308361529
0.193527391338749	0.174909588560035
0.78717513967054	1.26467885806843
0.636945843760702	0.488313332306479
-0.0959548748231271	0.0730082872827324
-0.323180479785844	0.249340196287244
0.602295892131212	0.580920663870496
-0.243089369348463	0.218484610471424
-0.734147837829897	0.899812838408064
0.295266349769763	0.251047507591885
-0.0662361631338372	0.0456286896542043
-0.0172695637953419	0.0128583033319787
0.627922115198609	0.754858234194364
0.200785214773386	0.136874058661458
-0.0576134017387542	0.0411956666185873
0.582051224982383	0.649450469858732
-0.164678852642025	0.122043170699585
0.82107328718242	1.00670104529317
-0.0172760147216629	0.0102930774045416
-0.0310542887602736	0.0179563433886092
0.765480922019849	0.759527307252815
0.121224860902334	0.0937626412732126
0.0729705155461144	0.0412494185079343
0.217219886826404	0.139335570491953
0.574444093860897	0.628580405272004
0.215201146252547	0.158624022345595
0.105936448610039	0.0712267609863921
0.0113334380157201	0.0105248078493759
0.468699456624015	0.912018919282366
0.00929032154559338	0.00967309868706145
-0.152124565001899	0.199486295899583
-0.253594406142388	0.375386137109493
0.470044046314446	0.53110420971518
0.268334140789318	0.385873245879018
0.988584402985004	2.08750780367204
0.60386416469196	0.744410829731394
0.164978835568576	0.173075357430416
-0.0868660125447751	0.0772593126349248
0.0869114236350514	0.0831834165945119
-0.340442923937748	0.421724639215485
0.239449067398787	0.280298343694826
0.0830295561680971	0.0979904297987773
-0.525414478111385	1.0571150112741
0.113811783206273	0.153005460304273
-0.759337864405876	1.24677482794635
-0.417930597335969	0.496912273972014
0.121023205460716	0.0920184687779047
-0.307105811975092	0.262545995951068
0.353142748067287	0.429395105997112
-0.432873812034602	0.82608914067367
-0.1633302509153	0.219266692037364
-0.519892500977956	0.968359426163964
-0.33024698160092	0.491853654278367
-0.359190574962475	0.477642829389673
0.0582790194965603	0.0549610556188759
0.168043254088339	0.198590880030561
-0.598658601997839	0.826525634879264
0.295078317862325	0.350987203050909
-0.200882171877119	0.213666496005487
-0.347678701029227	0.345080589031048
-0.344964033617852	0.414015038644766
-0.539588658612958	0.653990933111879
-0.126348221138324	0.129462527067033
-0.187391070755978	0.182954578424451
0.544706042598021	0.614343799165139
-0.665099774625697	0.997129429830826
0.153985430732847	0.155459017760217
0.0651293187667155	0.0596103605802183
-0.655263328627136	0.952811994558887
0.0649367593383858	0.0632178099884909
-0.0395853808791154	0.0331908932285231
0.193956485721464	0.173249172381288
-0.761907163859706	0.945775269693006
-0.336451166470484	0.383444178929807
-0.360139225861973	0.381039420694799
0.305989273869513	0.250647069200684
-0.132047652878045	0.124421515642817
0.184277236895782	0.19067316604453
1.02167395701881	1.58038674834644
0.3285635579658	0.380117898775113
0.141453137034931	0.13422198871432
-0.0360266463542859	0.0293043133913025
-0.0618116204584973	0.0713086693893284
-0.112560574417718	0.150643065428561
-0.0157686753359325	0.0173518750958815
0.495886248113281	0.541839792996875
0.196353197144522	0.194133519033418
0.00928603446693183	0.00955394796179788
0.400688577356885	0.626526385701212
-0.0565063858444576	0.0600431222765488
-0.525866172764377	0.824128392768898
-0.00884176819820947	0.00854058468594848
0.214501287622084	0.242353276143402
-0.575533120167127	1.33870899937852
0.18563841496093	0.296700554589402
-0.223471453860769	0.259508869213918
-0.250750254125109	0.246795775794228
0.107168459734861	0.0742966753825541
-0.436610439468832	0.449345762929523
0.460004311071831	0.586856904547628
0.0664789730246295	0.0903974120009041
0.101499790010813	0.146365530737105
-0.335627738106665	0.545319007454919
-0.0903645504009843	0.109592907995432
0.0940046003747462	0.115370582592889
-0.345516844930037	0.458819008676597
-0.609000853135209	1.19535600139798
-1.04081465039092	1.76721268912803
0.283328224090001	0.337191319490963
-0.313961163551094	0.428069983824736
-0.460154662533542	0.710082656538759
-0.163121297238296	0.179385374058165
0.0482061235098715	0.0527021557254686
-0.0704784609465947	0.0665874177196294
0.0432336462266986	0.040138384098064
-0.80705788472644	1.18310244192816
0.0939292262522612	0.0862599017736295
-0.895353852207167	1.61832051412011
-0.308310851491525	0.393786814216494
0.254754504886383	0.266957837611717
-0.822636106728802	1.31305471508312
-0.523648907101588	0.792442549613946
0.265886452694777	0.304653759694602
-0.620101060843739	0.738643639887467
0.608586819720616	0.820463643877284
0.07916952176825	0.0678886729767655
0.611228311043795	0.753665937493369
0.345237678095428	0.409474600625074
0.0912257163660371	0.0812452329536015
-0.282406197181763	0.365039218625415
0.252441778851925	0.243093706573867
0.466144433398859	0.752718854320991
-0.305833152758166	0.355938716395815
0.524620424210764	0.845257056970721
0.529715364588563	0.727814782845612
0.333344560913669	0.423642845711108
0.75010677361176	1.30973092149318
-0.106714614309358	0.136887984466546
0.146360146512795	0.190458290484317
0.170554971421282	0.225132066848094
0.261294281044356	0.343392755622051
0.539356212015938	0.631157266356508
0.586074521506815	0.959675772281714
0.0389042037167854	0.0295222840930665
0.200022724616141	0.210156474097483
0.378402723089619	0.5010174028236
-0.26575491767847	0.270475078102361
0.294987607245852	0.348327933651594
0.396492889390986	0.58451096357438
-0.784335519047911	1.89979405699015
-0.180781104567436	0.220199098462965
-0.121753408497141	0.117380789136141
-0.39481343822907	0.475989306211894
-0.353020376701096	0.398077777372059
-0.303955267354236	0.390282279843883
0.170380326329355	0.242523945578939
-0.162567235880289	0.218407189476104
0.0108935289115826	0.0113911811848315
0.103486439775566	0.123058171973195
-0.516883903637761	0.838302614261053
-0.209769334794256	0.231486301849062
-0.21261809298924	0.226390982741554
0.556829436167039	0.722188620429351
0.215972944175567	0.196003128266682
-0.138460853088334	0.127836112043044
0.0355837346637481	0.0259459447815926
-0.487756163806933	0.67988849717806
0.0652659738702817	0.0596159076599194
0.705985250613483	0.936441336020388
0.310429710777815	0.339439986291703
0.328349645956492	0.354540958647282
0.314762032990798	0.353717061355945
-0.0694433692158199	0.0549641195641628
-0.55546731192451	0.711711290346778
-0.560332268018323	0.747588671703119
0.275985012053963	0.265684856179097
0.00183789890343201	0.00154632030913598
0.263810630354974	0.244743058995722
-0.125815595278339	0.0971162364437024
0.129365258268269	0.100079430360858
0.479170973752135	0.489860614136179
0.490392994918535	0.530491705765754
0.903310353428865	1.41204300359097
0.736542873014008	0.989608298029191
-0.526885943211228	0.612584210707809
0.0114961835808979	0.0093145901597082
0.342428397281946	0.333393418842862
0.148969859904194	0.145122852714982
0.109575123968409	0.100268884871309
0.378605805782348	0.499902581846388
-0.643369605701833	0.727256023310266
0.263458568991176	0.257510678224362
0.568750448925176	0.723906519035202
-0.150819632937007	0.149832963650673
0.378545283575686	0.582962705490182
-0.0360762619871884	0.0452594749491009
-0.498479768572538	0.96841548904072
0.121073159890553	0.136768056117944
0.311605342032048	0.349978510490378
0.37038699083337	0.426073082100433
0.139771266430513	0.148894629868985
0.138719825592395	0.133471890972176
0.286934933656052	0.248771345011542
0.758613417370192	1.07274850709083
-0.143268411726533	0.121505366208499
-0.0352506168242035	0.0251078615580581
-0.42544515908175	0.583562234252605
0.22211882578173	0.272362673644639
0.263128855876428	0.380522298287878
0.0903869765340522	0.127342173073933
0.161791712652125	0.265900783843795
-0.201829958771355	0.298602961718012
-0.225043086703278	0.375337202626759
-0.149243628780239	0.254448744408373
-0.316607786963498	0.4837515594527
0.242921269277042	0.315921878609372
-0.332199772057757	0.478277102256069
-0.178811093299187	0.264416197962773
0.0175806896689295	0.0167758916313354
0.196390003839897	0.188323985666575
-0.0965678469543305	0.10321125880124
0.0435044876744241	0.0325520266543782
0.10857446597242	0.101063100692965
0.212623072905025	0.174012952754447
-0.156197373750666	0.113409373703245
0.255560391367234	0.252151667244952
0.0394535448796203	0.0296705067068028
0.262711208518163	0.238856998441445
1.52262224315822	2.13224352965053
-0.0105346332094416	0.00767366818117927
-0.166244436759569	0.134565697140881
-0.129046182793376	0.119510057636274
-0.385630170807571	0.459753503206523
0.0769225012399631	0.0623400144425221
-0.301735186163394	0.301840063643282
-0.333032252935166	0.298131142373639
-0.171430958981875	0.144901396026511
-0.223953851146054	0.197529943374215
0.272774622256506	0.235200487546678
-0.411299544746676	0.43764974951494
0.113446179824989	0.0855026382199967
0.210621853623524	0.181031683244143
0.681220691076457	0.93295649235174
0.88511571281098	1.01634181635715
0.655728711186875	0.992653347243991
0.104563640741946	0.0693745196125794
0.902726210733346	1.10304511936623
-0.359820152077349	0.541076331537703
0.028580774833536	0.0233008201135001
0.609756181048925	0.67488472153873
0.423871386379938	0.410121022424639
0.268654992266989	0.340426968301151
-0.107094363954535	0.12557866800036
0.0791186250679721	0.0697884464592434
0.193398698961637	0.165849320507568
0.971765007097599	0.449552177383137
0.148240067745115	0.160134919774786
0.0917688163117149	0.090546644047534
0.53922492608311	0.961797450501538
0.160930971706778	0.221402560807324
-0.120686085925985	0.164073166605542
-0.34866872949838	0.644915382887852
0.0464142663222885	0.0532933334490494
0.234415709431483	0.257526961205107
0.318091862719404	0.346908020082347
-0.030163750740959	0.0297674906736015
-0.00194573090346776	0.00187387010865036
-0.154644348435232	0.190143504659691
-0.223653005124771	0.333563908051441
-0.381337003071604	0.681654474781447
-0.367426662913912	0.512567800075521
-0.922512833756874	1.57843045492094
-0.0888975077986874	0.0605492679734821
0.0632276150059844	0.0460943559948737
-0.373915875496575	0.462854564228351
-0.0741735438610541	0.0939453024619404
-0.090641438437743	0.11926218475568
0.109309371394875	0.142104329186968
-0.12433916126876	0.136678487596143
-0.278970483017661	0.320056741538704
0.153833929416657	0.168524788043613
-0.167436467611577	0.182695322942817
-0.212300623321476	0.244243001746266
-0.0698180368245215	0.0629981199762118
0.295848826928211	0.336022720852613
0.356959544442577	0.433066012194029
0.112771524001594	0.125430906719578
-0.0410861293318854	0.0419493523913478
0.206043498675409	0.221820050855179
-0.116725289208096	0.120798553897245
0.403954315252493	0.506107263745424
0.0756302901836747	0.0661154847831942
-0.127836806344841	0.109668606967405
-0.376678082376646	0.479080201868737
-0.545155072243515	0.711647741201949
0.414325469765429	0.50395311700144
0.191180167959442	0.186832975270302
-0.382074580918622	0.402715680803142
-0.793463722138667	1.15034728629232
-0.134191437236171	0.127678576832515
-0.130934221442866	0.14025112701824
0.0439763758078597	0.0359689572557913
0.120798613814943	0.0952822970170228
0.207566327121139	0.191800528900867
0.197468206472712	0.170312288715222
0.141408441526411	0.129638406871311
0.201430264720501	0.184408549512974
-0.071659359790996	0.0663244755492674
-0.133661109089964	0.145930964814807
0.259124792244693	0.294801207276264
-0.659157921747142	1.00055718371933
-0.431573596509272	0.50885352058072
-0.111564106865193	0.107369400378612
0.403691917289595	0.492923388005997
0.483401054784765	0.604876251665781
-0.123890100890366	0.117759987612546
0.140458587829779	0.1853692176606
0.162368020571805	0.210686573629818
0.247192493093463	0.316221621229101
0.304895426875812	0.461341583403577
0.470503753282814	0.691177997336424
0.228941098773522	0.26359852954295
-0.112455104044109	0.0948374959086079
0.121009295487585	0.128002660587232
-0.0271039543594907	0.0259533814656447
0.0806264169994787	0.0894913527769828
0.00890397502474148	0.00955024099688286
-0.0225908967552873	0.0230669808925672
0.052130690813875	0.0602954042016584
0.815271638210262	1.27459515253188
0.805892782560048	1.5881792050409
0.227152020387632	0.304602247309792
-0.223762524866485	0.332656916796955
-0.202411148617812	0.276601259971189
-0.0246515583652308	0.027691158050331
0.4267991862845	0.791052013956431
-0.131054654423925	0.147575941470706
0.137330389828107	0.118679453303638
0.0612268563757341	0.0568227686703829
-0.625856179638791	0.784594138270618
-0.450189973310138	0.419375177563308
-0.847139532200319	1.09109543683513
0.382916243159427	0.415169373910316
0.40801684085093	0.425044083315455
0.352251480550988	0.349643824264373
-0.936799012181117	1.35737523623805
0.437319951493266	0.500680713178736
0.0672924701228251	0.0562354125930046
-0.429039979507573	0.472040817126903
-0.441184025620563	0.445249240216441
-0.040116155905254	0.0370220698587167
0.148488283132777	0.140590911076673
0.00855845549045186	0.00671568293169593
-0.52289398618182	0.482371791872566
-0.0974569990482153	0.0781366285626338
0.212198599418899	0.167353826692199
1.08886767314452	1.44134578567753
0.0945613759333986	0.061889671929811
0.446388967291797	0.436884873043435
-0.01583038532965	0.0135175422121874
-0.634074416668627	0.748240081003641
0.562636103718471	0.528186435600935
0.573599640343003	0.713860646198534
0.125272815025403	0.100092920743339
-0.329343934321052	0.3324557510951
0.0028008051526722	0.00274682561735544
-0.794758653894297	1.17487206852727
-0.522732128255834	0.580152880401407
-0.797738012236811	1.00539733689614
0.0046551110403188	0.00357203436108292
0.252452160730705	0.283216669496418
0.0654345523211198	0.0544869491360186
0.114342064217441	0.0850566954395824
0.503213605777363	0.443547279704377
0.0933415703274048	0.108975961790619
-0.365959536475376	0.55983669832032
0.170297576874488	0.21404618736301
0.0727135541024729	0.0616931034902275
0.0597588149937608	0.0549237005263987
-0.135706326274949	0.116170167215365
0.54521992991807	0.708565515323341
0.370715449680631	0.431164903199415
-0.114845067749326	0.125885724747542
0.316581539957286	0.54729555804059
-0.18954129602555	0.226656024817615
-0.795966222523377	1.41886391969931
0.276888253396929	0.260831880266984
-0.21451077613756	0.195034989719715
0.14691913914259	0.162964352535159
-0.127072291587299	0.174032189298024
-1.06315641216968	2.25616427990064
-0.708003239146516	1.36445380789944
-0.141610391778965	0.162611483716326
0.246621509072856	0.281253603731543
0.19889753190019	0.200517416054543
0.0600911481121516	0.0563154228765105
0.38114213768468	0.341079924048951
-0.397125280747086	0.460984805494478
0.197966878613582	0.207776552110682
0.298556347347942	0.25408740002799
-0.0789761591528554	0.063854678206849
0.310666691206515	0.353205482791085
-0.971668171834296	1.30088564821609
-1.16777435990573	1.52670609602666
0.204242174327296	0.186844599690918
-0.151396790610096	0.151007648218307
0.0691954794315554	0.0580548375987952
-0.346133027229291	0.391508469913732
0.416410632401033	0.510332925222271
-0.102941689382079	0.0822402399731516
0.461916420072153	0.520475531942057
0.0427754996935408	0.0374150558584898
-0.15145356218006	0.127377025769105
-0.545107865630636	0.671030327047608
-0.164976147685217	0.138469939254297
-1.03762435029084	1.1035175520845
0.150605730332355	0.142400598846206
0.554157696966836	0.631901130918022
-0.654611639669316	0.778859515644666
0.433598526465106	0.424838791291885
-0.848259424476126	1.25837809935833
0.144541532643887	0.130518457012416
-0.458826393867232	0.652693640051464
0.176829871844025	0.178060551939167
-0.544171042109931	0.668799350530513
0.027263975368357	0.0185486557886835
0.248853979035744	0.261120972472119
-0.285858373941346	0.31480790162287
0.279495564816033	0.237775443018191
-0.00887242845194008	0.00677789513902723
2.74262749706831	0.836921336896799
0.287528011906725	0.226878197084367
0.349417866749051	0.522614486972031
0.141706060707681	0.139294831542395
0.459257703041696	0.438046281832585
0.568452357992363	0.7145562062615
-0.241726608504867	0.285767875745544
-0.10738691293443	0.139790815860475
-0.678876882690352	1.11416017137024
-0.474670475466945	0.589316215631302
-0.0790683960003032	0.0667659541653652
-0.460094189922101	0.450551430395428
-0.108316524408329	0.0856009469049882
-0.141234252073589	0.173719437644014
-0.69969326190867	1.42584315504797
0.277290252791937	0.346272723365936
-0.792049080150654	1.54141998916436
-0.0617121705730233	0.0526549396646768
0.260930748917464	0.267324192311491
0.60453269173004	0.821037243988006
-0.862213757433742	0.95169519515089
0.906665086902664	1.26797976100663
0.0112214681410688	0.00745963361255487
-0.532674446045021	0.509680919957468
-0.0605771575865084	0.0417189423305093
-0.217973341691764	0.192339288998083
0.106788970044624	0.0776564378667654
-1.04960894393252	1.62233218664573
-0.800400202017086	0.840154405843902
-0.245995708154944	0.196860358647984
0.208285758790122	0.164292937933897
0.107833601549402	0.0746140507997216
-0.719909526661302	0.69674659322269
0.20408592457073	0.196135770095065
0.398132606631732	0.342896928804267
-0.921858183536853	1.02642297270426
-0.418029707662669	0.258549733090362
1.15591710217727	1.17660968445819
-0.372621947607265	0.307151551898033
0.0964597944005122	0.0576888361967928
-0.976743367778112	0.915010939486718
0.349840049743313	0.34409072856497
0.369201167427889	0.347242464037684
-0.803374065484537	0.881837069610071
-0.209199631769034	0.186535379303879
0.0655982528969144	0.0544086900315963
-0.306517946326707	0.34624515495463
-0.482468671683946	0.501787448415758
1.15934705407176	1.47706929396842
0.535741992640607	0.514698396563384
0.251198897511592	0.25141060541656
0.128945483232107	0.105576213600918
-0.644301600749359	0.711639981572169
0.311576487594163	0.250884613518538
0.20028673891747	0.147526658295268
0.0619176048143792	0.0261522525743998
0.237883067928975	0.133149159360872
0.294667088532493	0.240892702421676
0.244999850053935	0.135956481488129
0.709946185147347	0.616062036199201
0.105393021484317	0.0728281572590224
0.519279465284607	0.424037401275003
0.278727064807482	0.263630237312789
-0.342385621008555	0.468554875225962
0.12624372148805	0.154555022258662
-0.238358439598907	0.288431107228458
0.241464720270305	0.289972857043587
-0.00515081007097931	0.00488693678104943
0.277459771537674	0.424873574903749
-1.09108656868309	2.85610919538895
-0.391920835413714	0.440254502811044
-0.474766068240879	0.523034342976905
-0.0422394801211675	0.0463847991840938
-0.029835621803976	0.0220195001706227
-0.506347867621313	0.430188071290841
-0.572354683207625	0.771292643883786
-0.873986770902142	0.827345070057878
0.0852063698639707	0.0511764601283617
0.207168940489999	0.157257163528846
-0.0956702251255008	0.065783317155594
-0.53175007643927	0.41991199305376
-0.430215469156857	0.260472201851018
0.0716466305715388	0.0309159563107631
-0.163342931524926	0.122898147618648
-1.55764906475353	1.07038279926341
0.224638923192492	0.140244916827245
-0.278867314560309	0.15735097911974
-0.423239983250858	0.265722464869181
-0.706429329776503	0.648553794126275
-0.952539629094293	0.952053905153874
-2.03192952657773	1.94752718301618
0.0660498034967168	0.0324738710636728
0.0554440003418671	0.0261754952132973
-1.4163343842303	0.906375541087322
-0.345614189999027	0.28124498514271
0.354404252064683	0.229376378365982
-0.579525501641723	0.307963652159975
0.205457065205302	0.150100305954857
0.375568591786562	0.35352237972972
-0.273423874555584	0.187371004610945
0.511615597261146	0.452204748230297
0.203610901703195	0.14835587354401
-0.578334885510564	0.741200687685966
-0.131284602921444	0.0984882642138276
0.75898379356053	0.728633622389613
-0.482285852767383	0.332172472011453
0.289893509544534	0.257994157264564
0.630436994114997	0.76502430602013
-0.610672200490565	0.511572325898276
0.0651832386266726	0.0286569732638571
0.0386984233730502	0.0513990617280747
0.0423828135489631	0.0449428566878473
0.0977261207537105	0.0670728957047794
0.298881608721855	0.327630009028736
0.425809299029737	1.01022626894583
0.183869120043546	0.212968743484409
0.0411502108632732	0.0510043918867583
0.423699463426276	0.317116763506135
0.906190092176818	0.699259191484621
0.237871442483646	0.119992818001986
0.706731801548023	0.409487017373687
0.0802272046127221	0.042745026200625
0.726924071219332	1.74733346184822
-0.088072116593156	0.0461156418175969
0.439422184187449	0.347370617648008
0.234363270658179	0.133023683566328
0.390262090637403	0.240296745498039
0.251538257346751	0.133108330149832
-0.360792420458584	0.232290493363148
0.822412392212858	0.426651293880761
0.416792608156154	0.249630193831506
0.0668210679959833	0.0308036986922545
1.14918252716435	1.1572587722548
-0.101491432187796	0.0757835148903277
0.058910521000833	0.0836853988747077
-0.39715647612762	0.978077654074076
-0.115669169008056	0.175263416954506
-0.279307311955209	0.619651669643885
-0.116382897598623	0.111274860610171
0.205186421414817	0.147320327907507
-0.378357834469539	0.27481176243951
-0.409942107914314	0.576046130278193
0.377499605528481	0.237035051957515
0.0797951572232844	0.0386112048810459
-0.183132030305377	0.13423010108399
-0.476992926075368	0.211714784764112
-0.885722492927505	0.589604397583778
0.622894044494142	0.388313864335584
0.740901043689776	0.297671649348157
-0.037372779659934	0.0218577581495001
-0.476992926075368	0.211714784764112
-0.64108769723109	0.41367698931358
-1.03056496482294	0.646871210693805
0.281109458795017	0.134772115160298
-1.41007514198487	0.915328553623826
-0.323521111521811	0.217569120014637
0.234025436173559	0.12169584478249
-0.488681460264621	0.203333137949218
0.570799114065527	0.352933105617049
-0.283519301244198	0.157014092154608
-0.479333245468571	0.206282008281712
-0.867945761494522	0.35760222793479
0.0569191062805418	0.0215737141361725
-0.329271185100536	0.164698858077837
-1.58759381181129	0.789787889597388
0.74589146285672	0.308303730784552
-0.233392086508717	0.136043461662544
0.512948070075397	0.256751409647896
0.618877253545003	0.388543902033477
0.999648339032655	0.578809095052612
-0.427296646455466	0.31023937647886
-0.157500775499927	0.144455184775631
-0.291127768519866	0.154024502884359
0.450203827106646	0.163954801888234
0.382226302003458	0.24503840479061
-0.451547186739187	0.434418828462847
0.712217169352418	1.03742960733314
1.37418795806347	0.855189681134464
0.0676868841035053	0.0276637838076241
0.140885715412679	0.183970925404666
-0.0110980158474901	0.00673233395718891
0.00458023259512368	0.00376032545537277
0.68424258215689	0.702366690294003
0.139494042908059	0.222212116060329
0.157460248282032	0.199968830988889
-0.130931529830575	0.194462254816171
0.211998430334542	0.205530733932605
0.0613071872577068	0.045761774337407
0.21273765660697	0.139043288688347
0.052593570511984	0.0213914592390752
1.38296124912011	1.25134575856977
1.13938603322255	1.00636415113181
0.211026911602458	0.238617271882134
0.415635245070688	0.914190060545127
0.102468060231717	0.0601793849198622
0.978850792691337	0.467535095912779
0.629453571465588	0.386041246218127
-1.41485437502583	0.886975857101889
0.0664012586465005	0.0250134813607244
0.868831115696337	0.557933621090343
-0.328793614995706	0.173293585796631
1.53468246587558	1.00669406936043
-0.77678091094592	0.619336523658917
-0.0893736997106594	0.0614414253017789
-0.076715366009369	0.109009911539543
-0.124797717881455	0.213370217114071
-0.235574873166461	0.494818194348348
-0.111168405281727	0.194462036339504
0.071739552431043	0.0628261678425658
0.200183186598766	0.14198584985356
-0.0587773005060251	0.0412833923814486
0.0105707089200402	0.010424214047392
-0.280741434046046	0.153289045595122
0.235517903853402	0.139278201177642
-0.206698477249407	0.144726356773311
0.0739578606269128	0.0333688242656791
1.48585638727584	0.734512799838801
-0.475957344210156	0.205691064929218
-0.882300520253497	0.609557552019203
-0.871280751434147	0.488477313904209
0.700986495251837	0.403545737929614
-0.761818894463303	0.546827111385351
1.30791894781916	0.946828928055958
0.0697676746915541	0.0347817816622959
0.739352012689795	0.296501818426419
-1.00230296410398	0.706211003281382
0.227438646193607	0.125752132854026
1.68639822840391	1.57851167383598
1.56984757868887	1.35366043347516
0.302613000475605	0.132734668867443
0.0572635739975241	0.0209825745599542
0.533859167483017	0.36284927127714
0.250694910781702	0.130268238351816
-0.621713429436336	0.365769588164815
0.0558014912966946	0.0227923508960826
0.320324699802701	0.13338430487649
-0.113713762043208	0.0557475209860662
-0.33231128280643	0.165079837105739
0.450077680815372	0.161280171398461
0.605540363795595	0.196883836529778
0.0880097084693249	0.0551969059170121
-0.0508176326235879	0.0414033594112684
0.225064361444678	0.12542263830519
1.68289765149943	1.18523949054295
-0.575357112832879	0.316514678952105
0.0367975317922838	0.0260307091452061
1.03545132950205	1.65283882116791
0.710900815076749	0.40538588377002
0.982764030736265	0.46991349241676
0.0251351398141449	0.0271769888126915
-0.00844132403632098	0.00718244386976116
0.496163850150254	0.664665465429065
0.249496139833192	0.292528501728807
0.12106498637004	0.191923913944062
0.702543990841456	1.42317840781542
-0.0772449596075613	0.0973433643771772
0.356956864463716	0.516306954929089
-0.34951765746392	0.367132215719855
0.101233181994757	0.0712207170327953
0.137106036475685	0.183055231005212
0.100692804171148	0.125116583145289
0.315563234536144	0.252552296288621
0.483469488677468	0.346127030372107
-1.64324889646805	1.48605417974342
-0.0851252687915382	0.0441285953613018
0.511814785103403	0.459753360507265
0.212255694996884	0.163468626450252
0.63219494477494	0.463134222387151
0.815291226651905	0.645481313766793
0.567191241469864	0.638513795481343
-0.00450320424880416	0.00501852361293599
0.0674587324720266	0.0939538134309725
0.59549111742446	0.889780384410145
0.467075589955607	0.43989609213425
-0.699810895091266	0.938608089804036
-0.451707877089939	0.593263205554523
-0.23121348389528	0.186476028523268
0.388862967494973	0.332774465378341
-0.723374459581915	0.701109090575036
-0.639384279102155	0.417178990833032
0.361043138904124	0.241919165378591
0.558711866486188	0.443494926016464
-0.481932666967238	0.214500333823115
0.702655249658537	0.581512818769235
0.643565450116546	0.496689933365179
-0.119902879570404	0.0578925644356929
-1.25479422926288	1.02959439991642
-0.419562848353984	0.256897243629127
-0.199404738386885	0.122564450086846
0.41224500292924	0.239613864181426
-1.1071132758889	1.19830732596529
-0.489631795747101	0.280135041799617
0.221301792053707	0.117905297627517
1.34692049557243	1.51085581168364
-1.31008018363593	0.97975465580637
-0.47441059049057	0.251665521556259
0.367769806800043	0.216260074230181
0.347778726029508	0.223044518133261
0.64469820275513	0.508230265065286
0.820808513605543	0.762547505329581
-0.10735337773284	0.0841504246596328
-0.782952921170865	0.621562534003588
-1.01767803796378	0.758484230740906
-0.485040064401812	0.348857985813882
0.59456403026092	0.460819805425104
0.0209746054608489	0.0174313740500623
-0.778867793616519	0.676798421705616
-0.630976233674897	0.406518029058901
0.565256734123458	0.467054828408262
0.512298162939932	0.465769498878644
1.14717511385215	1.27862668485289
0.159546450830813	0.18590347072103
0.0627267699348769	0.0634155223308747
0.00710517132844856	0.0067670580259376
-0.745662882280877	1.29086960880842
-0.643604313434396	1.16477562843134
-0.416009004653296	0.609621945710001
0.41269998225008	0.425207159984934
0.326060960497964	0.232282473813889
0.142788597097174	0.182057461133132
0.338260485702566	0.328353128654993
0.87195650396352	1.67596527681505
-0.00012672422919732	0.000117027107630077
0.412279743965135	0.346851653949934
0.724196455904834	0.803793355837817
0.350799533727199	0.32576626362837
0.0722235920302664	0.0605311635113083
-0.939442917209715	1.03227166831191
-0.272792848733654	0.181492880875319
0.00916528651930311	0.00557348765083024
0.193360680707606	0.155447052238081
-0.0415449696125233	0.0331757964456587
0.402969842220756	0.328703378534146
0.162218934365272	0.177931695976493
-0.0531215551008207	0.0532149244690515
-0.605904757324845	0.996965715387214
-0.237619110733219	0.212419356266612
-0.209833050985604	0.187130490432733
0.0504845262979398	0.0465231240027816
0.899032396469379	0.873837629894887
-0.857590126293521	0.993636637497913
0.429878212639108	0.338565649896255
-0.521164299081031	0.406007793468703
-1.3143739769861	1.73393547678034
0.203463363140875	0.123577528693018
0.202320229625738	0.154837994721043
-0.637748756184956	0.583048994450758
0.722090375023483	0.718154488190335
0.0132058333205103	0.00833760702428847
-0.670099478155976	0.710552831560957
-0.788774706730673	0.86765519260356
0.340038167956094	0.242988125207681
0.194326277933475	0.136699389423124
0.219300317293695	0.138326367620847
0.00382802684789815	0.00256895856105985
-0.888993087471712	0.696202048609686
0.410759207473482	0.243842034618959
-0.426475367050701	0.340470820656431
0.967786726376732	0.944859328611049
0.0772364329828062	0.0438814582654025
-0.26747884881582	0.237784263662067
0.198589861579519	0.158846244644755
0.358230043211757	0.33313133862351
0.107704655436926	0.0752844967004672
-0.692496458974879	0.587033114471024
-0.253850836309299	0.242541244537247
-0.624646254990339	0.679005585764958
0.199814538783704	0.140590575709813
0.647279658049931	0.810764731138442
0.558324359169568	0.827127289011887
-0.255243550687183	0.244862565477958
0.0282380476075825	0.0246726776636086
-0.0258803545100682	0.025787499572525
0.039716381640282	0.0604423084307297
-0.00916489019396187	0.0108520899418765
0.263269374117546	0.474527474295911
-0.0646112753324354	0.067037731722442
0.189046330472672	0.189744280168537
-0.429054386364314	0.317422157244942
0.267755022395833	0.126313966029562
0.702488541590477	0.487210533960571
0.906017777415015	0.891642690241943
0.204896214748614	0.2374305933542
0.0688303967735356	0.0749612009650114
0.0375088288094651	0.0407302917988745
0.259219907036101	0.49128759466294
0.258644990496997	0.429385260655167
0.2235564481398	0.135965136949964
0.304702416812397	0.238098272392269
0.208391526363549	0.237144490823789
0.446523801165573	0.640432896241045
0.325436535577112	0.239634312067579
0.651149922267524	0.498051821864686
0.238228105804897	0.131247459681622
0.415900332542723	0.237190568986793
0.0730537896250846	0.0330027164172438
0.618028585515322	0.374982113553647
0.350790764392956	0.22396733561214
1.486534083694	1.85496147183119
0.367527539355633	0.317616446782108
0.327791685183822	0.522595832527587
-0.238205577433996	0.194747411047253
0.0835702223781066	0.0438216290077884
-0.882399710583994	1.34824339659191
-0.333967563379001	0.171336958890415
0.0880226229197132	0.025486383099034
0.0599948716548067	0.0227243311441314
-0.239680405223186	0.0914386274621855
-1.73597273244804	1.64463464561362
-0.318531393904619	0.213610293743313
-0.693128734730413	0.342031865820043
-1.09729788470965	0.981785829234216
-0.246230006287745	0.140066374928634
-0.0954677669308794	0.0497487052775506
0.594299677057351	0.458315910243879
-0.642945151351767	0.409426732382176
-0.100066763970571	0.0513598498203006
-1.24679630801723	0.710148615077079
0.0607348208053785	0.0197818713505263
0.772614558029709	0.53626818664235
0.0716795749437932	0.0403958957018645
-2.70911044377406	1.67772685921208
0.41863339947461	0.248737643778327
0.703427428972947	0.40347076543657
0.838288004677926	0.657383952500779
-0.469899638625573	0.380199956453806
0.246650839813198	0.127406360893248
1.81526027036507	1.42822580314801
-0.472047679554154	0.201621212551385
0.20702077081443	0.114739272474958
0.198189596752681	0.184300352491753
-0.203134508231481	0.125559953741899
0.462156905480317	0.255077367392543
0.352548306888117	0.235508869065531
0.688659797429851	0.933567568097129
0.15574050026439	0.181155684339162
0.0994137483398968	0.149019511608418
0.0589501634050862	0.0647151088383581
-0.0416247947657713	0.0420061288143208
-0.176708334735468	0.125051525716068
1.87360445468816	1.13108184725231
0.0889875868849785	0.0514284241693522
0.709097077929215	0.405288798422532
0.483330332600554	0.342391363968249
0.509775597342959	0.459851159647892
0.34123578874167	0.583448665556913
0.544433193359978	0.61214138819116
0.616459971003001	0.583456873471518
0.394562321909593	0.414841333980805
0.191848793641654	0.196053567756366
0.0982242627101523	0.122317459260442
-0.00212920477189689	0.00177531059623376
0.275198159145126	0.244494600589943
0.0540274144733178	0.0628762009895735
0.669700573031336	1.75684463902954
0.107893344031648	0.162693967300959
0.213242836021697	0.15102501184517
0.767019458445562	0.830735491864207
0.414647749772605	0.341028197537496
0.182469429028229	0.236582491092556
0.373549809159901	0.337776084215957
1.02407225668588	0.856033348959802
0.45324780747389	0.333765384161024
0.3592197686689	0.239599061234027
0.413918168911324	0.345449621665623
0.325069376530181	0.246941999646279
0.97463992015349	0.900924189169574
0.634338815912413	0.602533137409193
0.248692250537718	0.134922761255892
0.363976451856	0.329837325614333
-0.141025524827273	0.0925348085829474
0.477040220272375	0.589812160845461
-0.763415004177666	0.532647129279888
0.251173316910259	0.130985044144073
0.255338704744931	0.133272778884749
-1.64941008998191	1.57187665125555
0.345828876568837	0.245423380760107
1.26458936610944	1.03726014161339
0.102090445716701	0.0668023803100537
0.0559457735023743	0.0228622225755468
-0.528580613575659	0.420029628796491
1.03491361327653	0.868967359847541
0.758349312257021	0.633191800736595
-0.788557054224747	0.832797488877135
-0.362768685742025	0.226669525001589
-0.63117697148304	0.377989971083895
0.775493223710978	0.537293716394969
0.570625505351001	0.487365141655185
-0.136959834537428	0.0609555908515547
-0.744614236930095	0.439525771639551
0.762498092586324	0.652790555883928
-0.0472367214502277	0.0273766776564247
0.0790527727644643	0.0456259332718557
0.340990129042825	0.320578763510877
0.45818328826214	0.349861837662514
-1.65187493753988	1.52960574754332
0.234524016300267	0.129900368278324
-0.372346509111046	0.238961581053492
-0.0642804325780005	0.0592953538420853
0.320300022573518	0.248449537001025
0.0204205689679953	0.0134102725111411
1.93456168539331	1.67805276669736
0.622004946836233	0.340772226152314
0.826880311228728	0.662341097982699
0.396752631610889	0.662396923565298
0.260214089492101	0.368091858511746
0.146173196457845	0.180338093887246
-0.359949678567121	0.435281390065419
0.554414124517655	0.565962679009927
0.484176077182838	0.448995783298578
0.425279993831871	0.345109998005536
0.493584614734732	0.440764736426559
0.575115863101533	0.635940734323576
0.765915426215259	0.930643361571462
-0.144716801812606	0.161883448476343
-0.269360296491183	0.256178185430503
0.205796263669	0.165342126834503
0.619185117331159	0.895749908432927
0.0448886142118563	0.0331675718254165
0.452360172644673	0.699806180215768
-0.635918797413795	1.21419753681214
-0.339905116216946	0.479307268111947
-0.149457579934824	0.153495567706719
0.416928647817266	0.689405090983634
-0.164769176023943	0.161287264333013
-0.30900263628648	0.424745099766138
0.196072801864889	0.16729352745925
0.188375512159811	0.180869356648456
0.618746434671362	0.752860565338435
0.450796949359637	0.447438284212459
0.530233980581218	0.612053865736422
0.272031474532314	0.248954605653872
0.280004539026411	0.263704136337435
1.10025758314879	2.23438412897347
0.911032712139929	1.12306771705219
0.131919742130962	0.111303912604139
0.209106463039776	0.138696675069248
0.207698933742531	0.173895552910045
0.129485553615994	0.100923354247134
0.200888884119106	0.169741287047276
0.195176188497706	0.187669363584402
-0.173791443538238	0.127731251823327
-0.302529209917662	0.287512661249633
-0.107009824365128	0.0836845547972931
-0.627562802133917	0.529586167506439
0.193081910460597	0.156352094754801
1.20746561155624	1.66466686997409
0.675881116864022	0.618945130091812
-0.277976661662937	0.194435203022893
0.214039218730871	0.16528486436567
0.30410091910109	0.243734489470671
0.655969234160887	0.845278403361288
0.0573184284605184	0.0432336782601324
0.287158866684914	0.238611027532504
0.00475685291385927	0.00319969419079627
-0.559328467904864	0.543220657571885
-0.669851110058013	0.487700983800465
0.646295036953487	0.495256234232832
-0.164315617114411	0.115459351430471
0.295477123916052	0.241217114262762
0.442845588573253	0.360777629522365
0.711767376243944	0.63120242912084
-0.41723978039398	0.339118060037966
-0.364036840530204	0.234586995111927
0.275878718632114	0.255393525528822
-0.0657294819899753	0.0460704682160946
0.789839211986221	1.14329333456016
-0.35231342049522	0.471715573813181
-0.98212272648462	1.26396790340773
0.462239426131374	0.349721040855061
0.569532568818159	0.376542442885573
0.304737786319916	0.242328941989527
-0.106880409931643	0.071622473324854
0.410844226106335	0.43959608190669
0.0935368816943053	0.0861474535370357
0.0784942890019163	0.0821991114471306
-0.0823334895649447	0.0975600619621446
0.247206951486248	0.314697023238136
0.465376127531688	0.535567353071906
-0.103149705525534	0.0906738520619628
0.41141138035379	0.403685243005533
0.277826717380136	0.267638875459957
0.35920074379116	0.33829667223584
-0.00753953051287471	0.00657260303741188
0.923034081471523	1.52213516226323
-0.057956179907249	0.0524595022688254
-0.323869217248359	0.421005951016637
0.753557524065935	1.18593174495285
0.241748816509351	0.259863928334146
0.0643095922021156	0.0645670090997015
0.295933578395878	0.400543448324894
-0.296197014415414	0.418596332406506
-0.0582964013218986	0.0679445051203055
0.0865134482410114	0.0995536924344859
-0.181739320799838	0.238616422775877
-0.347521194188707	0.367157466992798
0.809163687337171	1.45471073004744
0.395129263185911	0.578317590061603
0.0412233703506418	0.0370931358937953
-0.0108723509090276	0.00808357477223574
0.606283964889272	0.742820306904693
0.382098906268727	0.416378911578784
0.671648632193693	0.603804383673761
0.647320114098102	0.66876735689745
0.353862744013432	0.470541574712111
0.264090399399782	0.252502347526504
0.0385929892615432	0.03183835670034
0.451054634348734	0.49565797537001
0.316507322359643	0.335734780888313
0.376700228050085	0.466834353435836
0.0580463321410319	0.0574763737815778
-0.0417073093697433	0.038531223362627
0.233375153539484	0.326251094315637
0.157796471981542	0.158328394670068
-0.4097261444088	0.485206511394962
-0.0398607173901415	0.0340119097415561
0.423019005181922	0.407899573771705
-0.660964565705808	0.669066942259109
0.51376464784038	0.738213377545731
0.67300633584575	0.942051519883179
0.262274453897121	0.261858532040423
0.544080274291449	0.718529886848266
0.505749990310094	0.599898225788588
-0.393835329969772	0.389334506500263
0.269776491275384	0.272498680204176
0.202525064232702	0.176607147607379
-0.986250323258417	1.24221439014582
0.11163458539815	0.082305736759088
0.426294428091637	0.425463363178173
0.115297776147414	0.0778654456806901
-0.141805640843961	0.106325810432952
0.0616774227431221	0.047987120911095
-0.458952951732634	0.410457729601082
0.705676988294441	0.867356474293206
0.526688691636414	0.599847317249792
0.585393737255066	0.770904457787401
-0.750957962956939	0.918356372219767
0.426275868975267	0.429465024547015
-1.11087780397484	1.91702374013228
-0.0876279054265831	0.0785009143027488
-0.069212090948599	0.0647261391179553
0.200590887641186	0.190599618884515
0.43732499169941	0.509675082284533
0.373203890619689	0.425997226799839
2.04862738133762	1.39304652323847
0.406485249008242	0.420951846826702
0.114999691126333	0.0844737488485068
0.283607941824913	0.242830232285846
0.284895959806176	0.317017113846126
0.20495967369843	0.3147649172238
0.247098272577899	0.258122116391322
0.0666553147100428	0.0655821859161639
0.257461274955892	0.285933477803697
0.0121541598792198	0.0119999147382969
0.415292532710387	0.759793911197162
1.11954680089011	2.75245043785897
-0.0147873193963817	0.0141390317973483
0.774935228924441	1.0852940541593
0.792346923321461	1.10692103105428
0.0100323256347041	0.00900528176110968
0.327094632696359	0.352622586341809
0.63508492441075	0.70547674980997
-0.378802311288455	0.419373975023254
0.100303038382425	0.0958383961492427
0.138822054838162	0.126354801318532
0.190708445070627	0.178083206759557
0.612037723233454	0.826237549615118
-0.185822699864586	0.19738193724995
-0.0937543542071459	0.0911994223904168
-0.383790740758537	0.451079859119026
-0.109626861926118	0.121364593537136
-0.123274476792704	0.128170745802209
-0.170401643641133	0.205352125799161
-0.25266430966065	0.329213068822717
0.0319484783611187	0.0319956470497764
-0.140191191927692	0.11970784926933
-0.162636088947138	0.16333885154398
-0.0764272666322106	0.0804855688347922
-0.122365021961263	0.106573772657651
0.138267160282902	0.122967515398452
0.21224991288863	0.154938113643118
0.439891343412684	0.417297411319761
0.124398949811562	0.139515546782418
0.0678444158791715	0.0696163559998032
-0.0723384986955926	0.0583104555681779
-0.00161878693817674	0.00125714300491431
0.459388452936808	0.568553861101796
0.591522091196711	1.01264409144556
0.0445158428718709	0.0514184559003753
0.380998106928035	0.519049916254157
0.00932440518494424	0.00689101654888251
0.58186822717949	0.950999935444928
0.189936061427917	0.19735093837745
-0.0899824421898135	0.0811248361665962
-0.0582649356709669	0.0486611014130484
-0.012822291946923	0.0110798307072009
0.147254387271482	0.142592353778088
0.00424424611624486	0.00333478263410066
0.199583161305321	0.203454573826585
-0.8023290511117	1.31051310894228
0.249054251061038	0.219503163637965
-0.0264280884636348	0.0227549557747731
0.302786585931624	0.349053555560048
-0.231789016127057	0.269119576026655
-0.670914109511388	0.743044972308542
0.331443092493511	0.334523621973004
-0.485895700956308	0.564541197415278
0.466430832623409	0.522916428888783
-0.189612753489066	0.156226404619854
-0.187546309819196	0.154275591750214
0.552282374188155	0.616493254891319
-0.677978947601481	0.768414189494488
0.323313357987488	0.314299955501854
-0.512585528852358	0.593386341099085
-1.03357678865018	1.34324853097676
0.148482685319504	0.132112499566143
0.294534031833269	0.345456379553238
-0.0967605094612599	0.0951092677756142
-0.0783878523958858	0.0829234895393986
0.570118665778532	0.697232385050899
-0.650416891088176	0.857536971185195
0.4493715611875	0.517219570686731
0.359638064814519	0.333984322191565
0.211122991754368	0.168341532955029
0.916894743295849	0.247379407168913
-0.328477807786092	0.169226886903934
-0.0134766899580514	0.00961680832544134
0.109207835456032	0.156278580604487
-0.18937217008889	0.212208977713127
-0.234997534097684	0.314524903198548
-0.262587328815629	0.363204813584777
0.0242326542824485	0.0267081737255737
0.301695315322199	0.470763038875736
0.162269532567665	0.176475626705617
1.37388439750845	2.44524563381372
0.328404983268742	0.349072187897874
-0.318301553468909	0.295010389791461
0.119281740272651	0.0941395659384055
0.938825525571808	1.374149006291
0.723480975583111	0.869478279738919
-0.0738973993460937	0.0645404775280371
0.207058855857986	0.200653252746859
-0.089056169028842	0.0863851389416816
-0.23972409527948	0.211109820482611
0.252676608690296	0.260497645295277
0.779259983666926	1.2764555471972
-0.16900190354813	0.165218408995439
-0.0282311087595928	0.0237170419346642
-0.354435942972345	0.49521369268239
-0.269234066109545	0.360411670649716
0.295043642506387	0.457977306973919
0.848012238232947	1.65585274502649
-0.0790532873084652	0.0971073792325815
-0.128446674783842	0.132061700043497
0.560312821503869	0.865722776803581
-0.381878219898183	0.478900626417793
-0.0111668311651554	0.00947758787234383
-0.243490993090077	0.234533851805037
0.677753974210109	0.921868951301307
0.952631489217505	1.14798684818651
0.755503570071307	0.737846070871516
-0.17556726406127	0.146566094678254
0.488623112898071	0.517588074531064
0.638700596224081	0.911152925526478
-0.18283193753271	0.192514593689918
0.620433104509606	0.772819125419289
0.25295323925462	0.253046656743869
0.295287411872985	0.337673911156247
0.493299548139177	0.868116022855648
0.409463305632665	0.86018482265238
0.259609401119812	0.385183296812144
0.5610455185266	0.844452041645486
0.40566799392541	0.550497825183894
0.259411272470519	0.288331012106916
0.142007621367676	0.121871275944171
0.334137441274217	0.340711772489761
0.127910780667835	0.106919909637496
-0.0866083102071471	0.0696263248051096
0.0148424785570167	0.0120215188865575
-0.586781876862729	0.71965777919278
0.526529351263764	0.612150244166494
0.307832413603413	0.321439353936523
0.209877388818014	0.205534479437246
-0.98167443127734	1.23507411874449
-0.487938115266628	0.528789362013187
0.200816555792168	0.171134191188402
0.757700457813268	0.697634906476504
-0.220497645660733	0.177892863681733
0.0345678046160206	0.0242035004474714
0.203027574094228	0.169161147810506
-0.462036822457231	0.368047835428207
0.541629696471137	0.635311211171828
0.212330834494843	0.205482345817284
0.839636254546175	0.960941110891648
-0.0704485590664883	0.0555849351137653
0.0527216941170072	0.0409168424803487
-0.138631297522494	0.159388062853126
-0.203623336433812	0.195731402507046
0.577507146093297	0.640443367880117
0.131028631112491	0.114807398630103
0.322068668512984	0.342186956499869
0.695314120174469	0.799690886122879
-1.79654774535228	0.450347580766032
-0.585433230023287	0.30676280429757
0.281988627934635	0.253596286112658
0.133112779117818	0.105241538856182
0.183482246063382	0.267271685782686
0.384326850863821	0.660642010613726
0.476588198693412	0.833756581487941
-0.00304589655911713	0.00329033451669442
0.782864014786397	1.68482802590849
-0.0702657674318043	0.0781242444929106
0.125581510020504	0.115763271560589
0.550485660935184	0.562152420569012
-0.300022073166108	0.224223477870424
0.806356639152626	0.843418214472054
-0.0862427094158407	0.0583276628390242
0.818991730209877	0.969603266808562
0.641567844584967	0.654164116100604
0.378331737344941	0.3517664605181
0.847638546086424	1.22710390831718
0.53751737320411	0.887479633571095
0.147846139982447	0.143000147689079
0.285102135575815	0.250331169040911
0.13753936820896	0.121177234029301
0.934326333594967	1.43693642427184
-0.0577185011812827	0.0517985640165641
-0.346283156491488	0.476520673809385
0.711651514374289	1.66479834101294
0.0754781613673256	0.0931567712322815
-0.0816972082705939	0.0726707556889729
-0.313795907976991	0.51287242124608
-0.479160013077207	0.838975367493068
0.0159290395678231	0.0191117757795407
0.498150959865593	0.595237057571505
0.198290971267086	0.14887201078423
-0.0463218094149035	0.0337197028922758
0.0545700386670109	0.0401377181462332
0.803847517788632	1.18571522493271
0.138220062843021	0.133413355002562
0.127925227289617	0.11582150730178
0.433869464884683	0.481003775038666
-0.00180470558086678	0.0013875906224594
0.27661464085957	0.253114755219048
0.205204209585097	0.157183165988728
0.90383983676562	1.11398105172566
1.33340884619508	1.59687347991567
0.829856683770574	0.754216690654546
0.240787830753407	0.348275876203619
0.392694673012629	0.320497476841268
0.535018041020283	0.464204558934864
0.411044771282364	0.33529537674973
0.0770196161441656	0.0452911957918767
1.00439592567374	1.37683826954812
0.552916180965642	0.35321410890691
0.12417396800213	0.0953816260560851
0.197159441800906	0.163565732402846
0.51970955292586	0.470926482718721
-0.499902211243458	0.528725354865946
-0.0220022102312112	0.0129244785389155
0.50130512917209	0.323984827311811
-0.555784050470759	0.376448534221697
0.209771145143547	0.148146818872535
0.114531896447717	0.0777797307869292
1.38212375594869	1.24420357083954
0.381683015594466	0.232330834697314
0.381845916694209	0.327172991842756
-0.702062589815521	0.592094987580252
0.357614269714811	0.32746309226799
0.436956555989205	0.346847902044026
-0.0565709383797625	0.0320825211880946
0.976392453204467	1.24888393209456
0.662788940908465	1.14918894613633
-0.18822616923766	0.161536822606242
-0.358702313878522	0.230551433298633
0.14422050760618	0.119286349218278
0.0754942315122325	0.0621953503527652
0.32146964439201	0.428033482363042
0.190920075824229	0.160728100449099
-0.271936190060242	0.215806781314833
0.109139080240022	0.0271544233732829
-1.10961486921521	0.459667056444222
0.41779959930905	0.351435860754118
0.413164074404931	0.240853932500459
0.818842705774377	1.11030681287556
0.344517761845207	0.585158565112054
0.192532631482234	0.314440040886516
0.234056992386147	0.425134024346138
0.00906185870955106	0.00866468898655023
-0.62913956583376	1.13006371476615
-0.208293109531796	0.269711542721685
-0.682576585803782	1.41006175982878
0.288099915420746	0.438700676262063
0.236173553151042	0.257626042241512
0.475380363844888	0.525835902443735
0.858221277702694	1.03590688326413
0.506201555834788	0.44751088956952
-0.1210541270955	0.0800214511740719
0.555938967981366	0.637412377782834
0.631013753087928	0.717739073117101
0.514300589978511	0.541637705427945
0.857482755054521	1.13856178187407
0.526627384849513	0.761712330177663
0.463784648168658	0.449388066805041
0.201182580216548	0.1775345242903
-0.444536123657057	0.537267213057634
0.343458030571156	0.344513813439461
0.302792937200718	0.332132760855642
-0.207160656792173	0.25508322171588
0.350681702215017	0.585260370523895
0.037772769369495	0.0398846281112631
0.440173775157608	0.662189475181282
0.16475411777342	0.209836606753755
-1.45946398946277	2.59902797342373
0.550226787271864	0.803321297449076
0.799029662100479	1.27945456471301
0.080479238577701	0.0725420837917359
0.204670692542345	0.188741405244169
-0.0157213995651908	0.0118729848181101
-0.104933602616966	0.0816946220487968
0.0853079160272339	0.0764319786199388
-1.09383791791038	1.50708833656312
0.473307597931541	0.514012624969586
-0.0198086508951753	0.0170300719395112
0.687923890492849	0.994170877127879
0.767533337095604	0.912489248788491
0.897552895045942	1.16236775435307
-0.109100704745021	0.0862007582891378
0.151672006954909	0.131496396209294
0.445119783506724	0.510330998992503
0.281586961926989	0.316036319448926
0.519969795370771	0.462917443547609
0.629093459863664	0.811652160262972
0.600430689035349	0.564053385932159
0.214859514831929	0.142858661523031
0.591621534990428	0.620473312220543
1.39136061188326	1.27667711214487
0.0862958936597333	0.0488945268461005
0.190905512042871	0.151168144392985
-0.523528628208691	0.485966113171478
-0.381092023309022	0.319465591756432
0.905891761480614	0.689629670845384
0.346070389451027	0.31278812557302
0.327133998143345	0.243209161101187
1.06312416211788	1.62757291133852
0.00813183740527998	0.00642829957573435
-0.0693386929405431	0.0488020957492442
-0.266279741465478	0.271762121795239
0.514837272357313	0.533939818723664
-0.0030833545298439	0.00183120182676728
-0.135882373666782	0.136758751253855
0.906833698814137	1.39697936634005
0.559426477675528	0.553705354700419
-0.239143947774154	0.171589117927289
0.463132173883435	0.513186229543218
0.0956274805159199	0.0915463296879856
0.399408695030386	0.428118863542507
1.0611804208338	0.981042916696324
2.74495543716413	0.830653872698654
0.361871781065145	0.145394886985085
0.813471552695047	0.83197832117948
-0.0436693957290751	0.024616241064096
0.209981452068189	0.154304541425703
0.242223624582682	0.233728016299336
0.212592168175857	0.439340366910182
0.250294858540525	0.404277199267024
0.341670665024689	0.329822561990815
0.275750274411417	0.328038592307244
0.593172557357859	0.701537276767705
-0.191918884065733	0.231770056138025
0.047887745450638	0.0576983577839944
-0.113236258107489	0.209997958133898
0.564848686019748	1.30570368403831
-0.0101865049471726	0.0148378813121234
0.172253149991748	0.220519846670249
0.293720717813492	0.351945953632464
0.63408359753697	0.550664982859235
-0.887664692789192	0.697213376685127
0.563810968477409	0.375077357856611
0.566609913877878	0.37542493545805
-0.0943507992709347	0.0485244759710848
0.227769123544684	0.154434537761021
0.224900252617913	0.125266189181484
-0.376352666175856	0.285991890430576
-0.888614125679266	0.678492702746471
0.440773831604315	0.855027568455166
0.0179762258514126	0.0117454569633093
1.25614796858772	1.21889642646261
-0.0735728760820976	0.0563878728389356
0.252607878133986	0.233861032850022
0.208189985599648	0.152295068821228
0.083329032181963	0.0780002829901771
-0.0226536840149806	0.0254966336213183
0.224420277216561	0.267557267190146
0.0469425424207511	0.0358508591241263
0.00845173776361526	0.00949935522772376
0.32253333249544	0.694555115553505
0.251260918932352	0.416517852128871
0.76683593460306	0.743993565881191
-0.487493166368451	0.350548445539354
-0.879828277046499	0.828376828151835
-0.882448875797906	0.828221396500033
-0.172032776699151	0.142308104247326
0.662808792592441	0.741660269805462
-0.0908150227691776	0.107457875450878
0.460989585813787	0.348762687981854
0.262810339370124	0.121367054727244
0.564138138946648	0.377915744771313
0.67889716244577	0.672566594775565
0.198217508833061	0.17417810941496
0.0765771153782624	0.043405654018372
0.457593993382779	0.249936411795638
0.251173316910259	0.130985044144073
0.817633286811483	0.440000422425588
-0.152279543426566	0.0673626843165771
-0.765276897840245	0.539064544968451
0.0700281602861521	0.0319285711082108
0.603421425452491	0.280898371654418
-0.486721521392862	0.273627418923337
0.412319066112579	0.249142837322621
0.414083450367224	0.241100905619368
0.871161843341567	0.542436883987989
0.0605853275396833	0.0299882754992266
0.363309380402154	0.241649398280971
0.856641721552642	0.890005887050027
-0.492085483853054	0.281405252259401
0.0608756218213699	0.0231750801902003
0.0664012586465005	0.0250134813607244
0.319056217744125	0.344041446418725
0.340038167956094	0.242988125207681
0.246802668251258	0.128008191410801
-0.776056494719064	0.637384519438425
1.73195787898572	3.2060965233611
0.692352293732541	1.26079286563335
0.0650051889616139	0.0342553621582622
1.95861796438167	0.522920116684771
0.600812221308309	0.185578165967526
-1.09610937687735	0.984821234830396
-1.92736908461999	1.22549729584771
0.609745262879566	0.285932577104552
-0.153675545441874	0.0680026380222026
0.365818780377769	0.143991170673008
0.0230073997706065	0.0259903034086002
-0.0889197607222024	0.0770327311681215
0.000410817985705645	0.000249753570952018
0.361494227214001	0.555462164842092
-0.0199257355482598	0.0315131912133678
0.112160540204536	0.166750285635617
-0.0523184328431202	0.0858158366162712
0.0909068306150576	0.0994373189256456
-0.198407244647521	0.180761489515092
-0.100370670652063	0.0786466560697373
0.868351575315292	0.536738775899344
-0.99601917271151	0.803629569670539
0.77587817886488	0.5168625432304
-0.428989079743358	0.259468239362392
-1.13342877252188	1.17608359021439
-0.771367770657981	0.612478846298861
-1.52354422383174	1.62037908235661
0.0826053522607573	0.0502448143663659
0.144355130696055	0.233674624901808
0.362336957770997	0.35144554064936
1.54954229005625	0.976241939071669
-0.596629940657582	0.780226623155068
0.00722496118957129	0.00479275428873523
-0.783186343157948	0.706865008574289
-0.415754519494354	0.498302768991566
0.28813968256183	0.487465426145916
0.0750390687429508	0.0923405857777437
-0.162244383454033	0.312799406109066
-0.370122083842128	0.765520021251396
-0.120650701693452	0.0730685053839315
-0.16284503117701	0.102376054192299
-0.0446178580424683	0.0250832832994669
0.01475575010939	0.00964637062145551
-0.53788460202124	0.579274596446572
-0.456929685253158	0.597980361404243
0.0995539274891088	0.116093462162878
0.119715118672902	0.0926894798795381
1.1354665659317	0.802535240504763
0.363173816097629	0.242880902379289
0.0705871026486371	0.0316491434768912
0.268523639215494	0.126275148663425
-0.869671752833252	0.49333249059756
0.456849985771721	0.241328347281355
0.816114045175785	0.42842140131474
0.22101344429419	0.139578914905513
0.623673138853299	0.390913339634206
0.0827043348562412	0.0420582721845931
1.2371947454754	1.4263319425208
-0.191205384615654	0.115314579666164
0.765558490155177	0.737443316110518
0.143189240730639	0.119230691289139
0.630052934307621	0.988819823485074
0.48017875455499	0.355495016504489
0.117398925333755	0.0291170272605346
0.0701650390395331	0.0321617665029767
0.279634286001887	0.134947691223864
0.867408364115383	0.554092544294867
-0.328793614995706	0.173293585796631
0.566206617312945	0.484438020850395
0.298608129372565	0.52990734870763
-0.61795145874901	1.30763527471833
-0.095325548591186	0.129204463139264
-0.0351529853791481	0.0477008458432182
-0.00477827204036461	0.00596059141093849
0.134311623956226	0.163052996265201
0.107663407034686	0.122307937767986
0.314154983830229	0.455544303478911
-0.00588315326683961	0.00696683398264841
-0.466520652445014	0.829213623062627
-0.14473220123287	0.15440493328829
0.393440199065843	0.438851170520322
0.0864602441957684	0.0788929024254074
-0.26673204665861	0.22870088817517
0.637443429800948	0.823073701395934
0.0343152359230166	0.0292309265166695
0.336199358380368	0.337701658334732
0.102639768446279	0.104806806516924
-0.0414547967149071	0.040845147323983
0.114006793180621	0.12281285447985
0.058002746718066	0.0586390495712667
0.0387288189488119	0.0352763557218585
0.0482426908054364	0.0511073233598445
0.277043310831582	0.35521558256314
0.384747221559158	0.507471324137777
-0.133186464966364	0.169193688053593
0.0507865925140903	0.0638001761185294
-0.0473825253879259	0.0554392604988989
-0.187233613565033	0.181723997407366
0.17811548087778	0.214376507182822
0.144307774591003	0.156882712629874
0.371704886716991	0.483299216620669
-0.0719210917947777	0.0703840098573813
0.150430542180875	0.155864674974842
0.0891040265767029	0.0784652584827194
0.427294714965555	0.519928536480038
0.434448075337536	0.505114766046522
0.339351665677998	0.440329448199715
0.280064294171195	0.350190208099383
0.145461546093507	0.138395929566878
0.365971271392778	0.375446298049785
0.597955782456316	0.788774768785381
0.554870965755707	0.630551302689319
0.402705582266962	0.345545842889227
0.121725111767366	0.0966761420241141
0.829964048776634	0.952887933829943
0.4277273182772	0.485398826993929
-0.00367333344569511	0.0027608818742008
-0.0994831511203097	0.0774468779683374
0.27264700966205	0.241026160909433
-0.358060602555749	0.361804695490401
0.468155266982287	0.44120527448076
0.34791559397797	0.342643217688442
0.550926923452084	0.732753032271632
0.806655148935179	0.933323730120045
0.280505993318695	0.249961790500385
0.630513537414605	0.665363572349533
0.87651356394315	1.27312436848993
0.597850268690036	1.00534309135218
2.74495543716413	0.830653872698654
-0.546852978595863	0.368592090912282
0.491580917356592	0.569845953815821
0.348646661177927	0.342042294581626
0.333046766797747	0.325708847470972
0.235405811057928	0.246859865066869
0.134158773526148	0.162563347839547
0.0365586811523636	0.0475315241151542
-0.0352780347100319	0.0356403751546744
-0.828854078061138	1.91763858724011
-0.819391124324572	1.82069211765763
0.0462908648309896	0.059413011131111
-0.434852654585803	0.747081271978662
0.112061870873019	0.145904088523757
-0.0417004560014252	0.0484876729365887
0.298645269336526	0.481522188814406
-0.0261295033131719	0.0218651828661768
-0.171161356225169	0.143334985992011
0.194709189288888	0.18003360647597
-0.0810582747374823	0.0642850142465158
-0.0356711743467728	0.0210873639531998
0.91816920602899	1.29859255629039
0.121023869019297	0.0937634213800446
-0.0260265671831128	0.0188866122261119
0.394574501027322	0.43414678032192
-0.498684291095205	0.991540235372892
0.280159708016717	0.236866133531733
-0.120834804724141	0.105677374751447
0.596370325692028	0.817114927456461
-0.0014333405978859	0.00101850862522365
0.206327889228701	0.194884507119859
0.130899281565962	0.157373676665296
0.133110144038642	0.122833802852367
0.131224429712969	0.107978998086909
-0.156707277658431	0.12707944475409
0.0477894741162821	0.041971816881571
-0.100856105013779	0.0879575338661163
0.104342021026248	0.105222396660692
0.777297330467161	1.04935850284948
0.184970304898294	0.199945929798034
0.344762714127328	0.326116851006026
0.0613332934293013	0.0459129098020469
0.56738606871428	0.625562406450847
0.468880843958041	0.445240011222701
0.554832621903736	0.564185102453384
0.573214809000484	0.628627329041724
0.312480074585629	0.252630073915843
0.289807789457768	0.235098707520613
0.573706692249137	0.573670547656162
0.114739225503218	0.0837240498833436
0.210440460145609	0.241747068650566
0.208381332760588	0.282114884731786
1.19313061526282	0.649000078078441
0.368060537762993	0.31283393480234
0.0260152091472858	0.0272608476907317
-0.127028236543146	0.179045771880931
-0.542182409138659	0.941635004075396
0.134036140728576	0.1729391935043
0.115566611087246	0.169751410483671
-0.0650372566937611	0.0831686933668846
-0.502258866355815	0.973076857449001
-0.406631532132572	0.824007486591509
0.151163769691921	0.201950461725624
-0.457729536441334	0.7986733893262
-0.456854842568164	0.581479176243899
-0.115025338947514	0.0988212350946154
0.347500379167119	0.420306747547372
-0.621451440304016	0.789789620501095
-0.305070356309878	0.326818749231494
0.405825672968561	0.555839325744746
0.0573407000275784	0.055612465296841
-0.018385859255842	0.0176775143671271
-0.0382740215348615	0.0353618344416071
-0.13729883350538	0.220160447824844
-0.564661141104247	0.795677348647625
0.0122913728977657	0.010415026887153
-0.0561271208344546	0.0607932564093681
-0.429303291229555	0.597893922644781
-0.343920068187656	0.410974509398121
-0.0358318708144422	0.036538149093099
0.136083775227614	0.191476995507839
0.276364820964141	0.446490829950777
0.897314826095125	1.38992800293823
0.0107630291163965	0.0106139337480553
-0.097283230697265	0.107852033897762
-0.513391153589337	0.880800621940677
0.686889090188455	1.16549841519862
0.283135091893051	0.253960795767225
-0.0449489399665635	0.0378009049118782
0.0822477391542158	0.0677323265697156
0.266537148558808	0.256621368333411
0.269085521694418	0.265145821974506
0.68600740229964	1.12681365794857
0.969503548123976	1.61776800910119
0.280502846075531	0.248158669507143
0.336213848497019	0.338184322034648
0.530506517180358	0.605326283505642
0.149801323247215	0.13062932380072
0.413071757348766	0.415419943159771
0.356027946589179	0.511050392160366
0.487767342497958	0.946391647450829
-0.241780706551748	0.392764803929329
0.341407473320045	0.550103666645204
-0.375639769461142	0.600262297375421
0.182261384488597	0.256641382113411
0.00806547615785536	0.00926243263969277
-0.313019402072857	0.501590611765757
-0.252506795951117	0.366174594822203
0.339054179081846	0.545507826902118
-0.0292477091633877	0.0315893836681426
-0.239094924550867	0.296587365973946
0.207075719147795	0.27818987981607
0.145601542763995	0.192085510461672
-0.154299795774755	0.17027734231456
0.01297138198715	0.0134348589700379
0.11051046037299	0.114095993194087
-0.0147685783414427	0.015078393573441
0.685281477678437	1.24352489095919
0.397658506286916	0.587891907459659
-0.0618206152306972	0.0750969712339282
0.0419164911455403	0.051817400404805
-0.280064282797268	0.348166251603559
0.450877319272968	0.746755893902769
0.77826003819409	1.75020962026066
-0.0625309924456687	0.0717251212784714
-0.0816810249220837	0.0938801375267041
-0.193837567246542	0.309275019991422
0.00678310548103609	0.00842228595386964
0.293012988841504	0.506036943669554
0.474646178705286	0.828486083087783
0.165136851130682	0.186735421824055
-0.0968090435312307	0.111342359951534
-0.638162318594683	1.04670989281926
0.210113507767497	0.273659860888071
-0.0841390204388719	0.0996285865492356
0.142624784815496	0.175478270137894
0.247552044920964	0.323031015569752
0.165702176905135	0.203539167071503
0.391284458105915	0.598670930797424
0.247176295122564	0.340405498082709
0.450852686733	0.657140853073717
0.566919394138393	0.486005212529099
-0.104473144960222	0.1333182808405
0.134892735251066	0.203880796721434
-0.391083092958094	0.713689273956152
-0.619355935107062	1.42534654566316
0.606646536200941	1.17500103985948
0.156299724227265	0.179517948068948
0.297269961764682	0.251504070346295
-0.343402468416225	0.317363029322382
-0.312492480716812	0.304064334784539
0.447374859596731	0.590666445943703
-0.0137500488112577	0.0137475641331005
-0.0268909720919894	0.0337332279637281
-0.311615678105045	0.612486740407002
0.0537025141083887	0.0705018726714799
-0.0163292056225738	0.0173090044371147
0.384812449945944	0.660318560031628
0.243668651450874	0.380658038206024
0.419213162505197	0.78761539700173
-0.133630106865649	0.181830627389271
-0.205183866394748	0.319614959883111
-1.41663375244877	2.47461223690623
-0.726351608128293	1.27693810136906
-0.245157615723884	0.35911175081735
0.18824994233256	0.259614249722752
-0.342642190070798	0.539754843543139
0.0457748687521639	0.0584433517582146
0.00210329247698187	0.00234418507520966
0.32345656369767	0.415126060290846
0.594157363385579	0.896327280288696
-0.31350911013247	0.377864491590319
-0.164199061725098	0.118103563494241
0.119447224879624	0.0924918370122427
-0.0578745451901338	0.0626262273200303
0.0581928084703061	0.0680346736261848
0.866699149037544	2.33328658065535
0.185676311651191	0.297768313630332
0.38289444646752	0.774735116762783
0.386845659944045	0.349935583106505
-0.271293340054124	0.145690781666832
0.71309968672098	1.13625956043496
-0.198677905573916	0.305553758368876
-0.0239194692034833	0.0244668125151995
-0.0532569265728429	0.0635197665513577
0.753062703401332	1.56741944943508
-0.499965633806073	0.707784600114095
0.476524824971503	0.344712440088327
0.290416611917915	0.244598516219741
0.704362152874851	0.621918705333034
-0.388711625430965	0.494624080774331
-0.191082095408331	0.224206633049228
-0.0741104352440981	0.100171446495509
0.0267572758006667	0.0355467941968255
0.217972751840242	0.322659465924065
0.551458067396526	0.891204929074521
0.205633584517104	0.270052123917756
0.382049225557308	0.643260163920162
0.420878950943532	0.740430737165126
0.146513612193776	0.20955290112509
0.574388064797386	0.949748863945753
0.134742809981964	0.118800254239184
-0.223665464092997	0.22573546687314
0.0335580524874851	0.0369055564861105
-0.138789672667352	0.167462899950714
0.196503277404734	0.260288561095123
-0.402201257467995	0.658008304581992
0.0479607727426408	0.0519121119014284
0.481159501395358	0.531586990938874
0.328888777862733	0.539988345295407
0.297702124361215	0.451264122812087
0.349903022889607	0.476868663022487
-0.474447193016476	0.492956962525802
0.492567435276856	0.593618171453035
-0.426306988953366	0.265095156540735
0.212682080994236	0.17687175661868
0.692679821032616	1.09115722924768
0.295306021485548	0.453326235408725
0.199781860244025	0.298807182670264
0.197859046918095	0.30996171215522
0.349316509914442	0.669298670225318
0.372187464145113	0.792682163907398
0.352697665207482	0.702268063887416
0.0793072432030161	0.113830880830527
-0.352049264873731	0.672964962040106
-0.00220691528095818	0.00272205939088447
0.112948957922292	0.0767270091330925
-0.667390377249635	0.711876823948196
0.124098405631396	0.150014419714698
-0.150183833506361	0.219494947378454
-0.133770325452184	0.166685127051696
0.0283719267814043	0.0334393190757716
-0.0855001427787345	0.0996336806659144
0.181219768064592	0.198043659531607
-0.423983325253637	0.307470566864268
0.196182479156208	0.144659218056787
-0.503167145724102	0.469827508936052
0.194444924571067	0.215031833930244
-0.174797712380217	0.20183228823466
0.173722610342631	0.25928803254304
0.0861026999127183	0.121131820924356
-0.162474983659054	0.242136988636807
-0.0700793930690114	0.0941221108408097
-0.0497593970390691	0.0533505150368949
0.389506542599363	0.710571569329142
-0.178041199828282	0.260122030612652
0.122480669576767	0.164501269884077
0.255867169083651	0.380682591614258
-0.299734447859246	0.253333174838356
0.107228404296291	0.10448778845622
-0.46244344418228	0.661712412925104
-0.377655475654739	0.522113241693285
0.000118574572794372	0.000286647612528559
-0.560037238270351	1.03773224606549
0.00509818823658659	0.00550158426429853
-0.00306870662158813	0.00266190212024543
0.153960731262838	0.181270093371466
0.424238516255954	0.585387379564736
0.551709281058381	0.627644514858614
0.325097319936436	0.334105475116556
1.1460327896094	1.05497854527708
0.188446101822888	0.144526560860173
0.337810328810262	0.459543291624809
0.215689445054601	0.272210901543845
0.0569884584277774	0.0751264755351328
0.174893459132512	0.241786799202568
-0.291867597517728	0.481022699915571
0.411791692190523	0.887717175401166
0.243456340054704	0.421964522535747
0.455056131001321	1.02593168669906
0.145248152891938	0.23241005096018
0.407304418227047	0.495444884951019
0.0341496251550508	0.0243071271273589
0.756234782761393	1.87142888289111
-0.269565952924154	0.416310378502039
-0.0669071053535131	0.0710293786630677
0.504838270454645	1.10605167180271
0.316954439359718	0.532978934348831
-0.0764793698387384	0.0760645797892191
0.288432573609163	0.259094112130244
-0.0131350718115483	0.0113285076171262
-0.791885618699436	1.43599749006007
0.0794329539458186	0.0949513144245531
0.114746711695884	0.14301627298755
-0.266900089399273	0.415010121679027
0.305271105524529	0.414909533648124
0.179538054037437	0.216838153428321
-0.0221115376991608	0.0213374220084091
-0.438242371071412	0.760691361692061
0.497113462398085	0.919373516514329
-0.0513292235826288	0.0557520809897901
-0.495963493094506	0.759389090010735
-0.328773146406102	0.427132823107376
0.186982160469225	0.193921069456801
0.0280171992900229	0.0276255901581068
-0.0901579363476264	0.102290329788821
-0.0555658761205979	0.0638981015316491
-0.102292668296976	0.122547313416121
-0.302676521043738	0.47176126527363
-0.352079870136125	0.538016924018493
-0.0207458221380687	0.0247696859374313
0.348783656158964	0.527256871633816
0.211305537427099	0.283851439556066
0.653079110459672	1.22811168198241
0.423888284878769	0.566990356000506
0.3657196388097	0.417393938165974
0.701817767489991	1.09752934549129
-0.211012793285533	0.290167138340989
0.273618613395895	0.379517751031963
0.136858136168418	0.170253247641932
0.0288819099670177	0.0307573019325146
0.622079287194208	1.37334863456881
0.295270944337992	0.320991113550612
-0.213389956536354	0.335425831492257
0.342181678156881	0.497262364281506
0.224991685035256	0.148516275983795
0.389220811384514	0.346819191991412
-1.65131859619541	2.10668803282873
-0.505093436762278	0.610749033872435
-0.0197500325806591	0.0184741827955499
-0.231482753092006	0.334794455307776
-0.433069555068818	0.915320757016194
0.0116274693670094	0.0143493126648287
-0.306960441684025	0.500010959827176
-0.202697606807182	0.251336567618266
-0.32039710552349	0.477251226465697
0.185457860368249	0.275393345877343
-0.377482744524562	0.57912663213631
0.652281068362871	1.34052174510717
0.0613807235832813	0.049069716874573
0.349679382927105	0.444348594253527
0.00623275713364086	0.0066264097777104
0.0327552677912932	0.035060227849041
0.116675234624247	0.118301032743941
0.0254107933905469	0.0276823842175747
0.0434821422696876	0.0486373834527145
0.4250924992183	0.431726295302956
0.088942967070961	0.0993005686351338
-0.0454954687350143	0.0528101198293208
0.449671815824136	0.751355040256475
0.105708813081021	0.070698357599441
0.201083235645335	0.223720535104714
0.0816594128439127	0.0868219417392033
0.214539577070083	0.326718569802379
0.476721699308842	0.942927089035143
0.195797145732799	0.221134286097156
0.379253777776631	0.481614056237178
0.226306185342344	0.135177174104015
-0.0947886421449084	0.0638982688652957
-0.233001047428503	0.162922396095233
-0.157272210178731	0.13419700060908
-0.235909639922677	0.291888532551399
-0.291102683318155	0.441912230973119
-0.245354191637329	0.406935301115297
-0.140956405182972	0.204573512952048
-0.602363619673531	1.15645378557715
-0.223521022218159	0.30779840137584
0.3434871231397	0.546114951771077
0.154080356899263	0.218049260564295
0.447750137617136	0.850622846128898
0.0380013209032379	0.0440801412949649
-0.464967651942005	0.411142174913153
0.264824414490594	0.288376002424213
-0.361707323232571	0.559704878598745
-0.130924958637918	0.161556445721866
-0.339376180626673	0.475368315504565
0.212481551929336	0.29371740749522
0.820720069536889	1.83160495300999
0.023086114691824	0.0168714567263986
0.18072749158581	0.196456942205701
0.13902012728742	0.186692150168921
0.40546926815113	0.414685494921538
0.596792786045307	0.487685109886547
0.315704559824873	0.488667800765121
0.20713932166163	0.170501079236164
-0.0702230767874256	0.0378716637927227
0.212271939945792	0.152287529871006
-0.477471338475678	0.327746765089217
-0.480955692838513	0.496177752678928
0.434789501478222	0.436050140306298
-0.19952789232498	0.229821633846409
-0.512417072556181	0.873981038004269
0.428388972861495	0.50973109449632
-0.451700179536017	0.62845654532561
0.133103649134813	0.126585597928434
0.241186681204549	0.272249622625329
0.200777870773895	0.222589280271845
0.0603453595056781	0.049236121578773
-0.00357851733180983	0.00273178466631728
-0.275223300658024	0.190613484230633
-0.10487457583677	0.0776041397742179
-0.462519783990144	0.592724252962031
0.801484756862447	1.14902378702156
-0.349777724992713	0.40149076678225
-0.559362063370816	0.810524592170524
-0.0636988672188368	0.0507860619838677
0.567225719204021	0.372038709536704
-0.257989618225862	0.250425032705426
-0.328289345153381	0.429888150279804
0.300090231100587	0.250164826439256
0.439390583249496	0.678417967534951
0.169300074622081	0.197237157505481
-0.0234367175934764	0.0138758306240119
0.784536743478131	0.521044765604951
0.816416314670308	0.650658695544356
0.327287022781228	0.330979623764162
-0.292740778123988	0.274548975228104
-0.157884338141465	0.192023643230321
-0.0876775748443119	0.101323034598917
-0.21072700031756	0.26245285697339
-0.138645749655968	0.162574829699957
0.130621846874404	0.161056500563387
-0.565541936985421	0.839771632711954
0.584782208525329	1.02711818850409
-0.459400803111744	0.742111704077926
0.342622737010785	0.444864352321747
0.580851258391172	0.640887742224543
-0.156150383423977	0.145517667044113
-0.159864546129214	0.176415497090314
-0.285008600173551	0.331861152325768
-0.342832879761785	0.418862627557648
-0.101858912942875	0.0983185100298917
-0.20423991275488	0.218945769052433
0.142928770981011	0.115667187096146
-0.0117955721843537	0.0103127437838711
0.254588747863443	0.301070652272206
0.9266845622827	1.22131101893893
0.343354815235104	0.446632487912955
0.170994947237592	0.221600788342864
0.113538127820048	0.142982148315738
-0.210547937064637	0.153555230304136
-1.01221117039632	1.13594583633316
-0.239415102567878	0.21227012678145
-0.145787729568306	0.146461609264178
0.0867093594021524	0.0907994790530135
0.116739867644882	0.162427293840353
-0.423611355521578	0.795161982354386
-0.00856838941941348	0.00949956517972207
-0.0458215122914089	0.0531388352433853
0.235303852507133	0.326870632552973
0.237612890470884	0.363225829697207
0.0145035547756681	0.0163599979840974
0.286866335856805	0.482081092029653
-0.0791919566072778	0.0929891739009275
-0.204161407153369	0.186681398191179
-0.0413967772479471	0.0338399222668959
0.419037217463804	0.737772033198899
0.642028454989874	1.3524634754888
-0.452570294535556	0.579168186903848
-0.285355808838824	0.401341948650625
0.406491689197517	0.632135213009945
0.662434223249155	0.837845795569614
-0.0577912797180608	0.0605740720731129
0.631717095055906	1.1869250148062
0.511256468535844	0.664489842627762
0.313122646725336	0.523546968040636
0.402734298754082	0.773058206378946
-0.111779602809984	0.132085874830613
-0.0481007390149281	0.0402698637269494
0.2994532307313	0.249214015585576
0.124554052014153	0.0929818749496683
-0.584376398906797	0.557760783715812
-0.66481137804832	0.848119232105899
0.632991926021947	0.909055936130904
-0.132224997523786	0.189601474329584
0.0571765756451153	0.0716188558360431
-0.0112860845277372	0.0128878662866911
-0.105774206142789	0.133224804773947
0.318202719065199	0.437806089290744
0.240858310157017	0.34871731818116
-0.0914027240255277	0.095926605023253
0.0378945338781032	0.0383163990025969
0.353350762762744	0.517779512509757
0.206635901012943	0.143088703913536
-0.234134841328135	0.229474070510377
-0.064789596690885	0.0732861968767046
0.403989506525129	0.528229464942652
0.119770031219906	0.130730613635884
-0.150445662545476	0.179160004998925
-0.293580633822092	0.433028136921652
-0.319150997669345	0.360872638876649
0.381109565170788	0.475029753615152
0.136164759704896	0.169679383904713
0.0439652004294053	0.0459213898420528
0.228498196456554	0.315199564515385
-0.0328494701088042	0.0280458483105528
0.209219316585827	0.141934112287949
0.735004117101237	1.2976354683463
0.734596603219424	1.12715327368726
0.154160423566649	0.210382791088738
0.32118404964759	0.433095786229044
0.183463200021592	0.212069070439594
1.25140060033975	1.18151990083573
-0.0258049811008633	0.0187261117576926
0.579923535930044	0.795737854023455
0.238160653321359	0.300880645391913
0.537694814368722	1.06369882899747
0.253607549494212	0.365843008866612
0.467852587697661	0.815503274202712
0.318567912544036	0.473938290168731
0.286311133906918	0.450899653373698
0.633162260122672	1.35645666218359
0.229461807912113	0.300472578659597
0.886635387044109	0.97651468442857
0.0770204224681692	0.0667610096759439
0.0539048472310116	0.0580272696622077
0.0318908145074678	0.032844813043016
-0.0455860236556771	0.0449579788709492
0.163728025431326	0.208435758795234
0.792276100190485	1.4255681468882
-0.102115307938636	0.0864948376380526
0.377102672711046	0.511816992119551
0.234622523489083	0.308191512011856
0.211574920884843	0.191234218946512
0.188490385107252	0.228954431511877
0.16961155813638	0.214716642018595
0.143036898320549	0.147475461140862
-0.559885681837275	1.0413111088889
0.380662673688256	0.530491583012229
0.226896438923915	0.261994691165103
0.126685889994154	0.148280469198838
0.113548806072864	0.144664204671402
0.051957086420905	0.0574416063107623
0.517545305237021	0.888953015824723
0.406892776620016	0.578685480444724
0.103366962834573	0.117349351331293
-0.301007986165588	0.408994591129008
0.0954949964329566	0.0879172866318931
0.435216492223394	0.522279664927551
-0.350742806260023	0.524589094980946
-0.205172959454637	0.231106526337472
0.11213624057739	0.114731427820557
-0.211864121485308	0.247620743300136
0.138081046442398	0.16213553724707
0.110352292490378	0.112736779894198
0.0801457545651005	0.0731801167394025
0.379588969317171	0.311775942493217
-0.0393925188573709	0.0444825969120678
0.0191845631301881	0.0210574872994972
-0.0488640211013701	0.0457638741660311
0.0415637109777001	0.0431232499912058
0.172136400833457	0.26070124682424
0.306285825180903	0.538129820597261
0.00492267119117291	0.0059904794938315
0.0111123133306423	0.0122362503309011
0.10802591285852	0.138781808520519
0.145208147904537	0.132094057185266
0.0898256002670552	0.0837991767777088
-0.170726734660353	0.207924805547227
-0.328772381390355	0.514274331366119
-0.0692035950196533	0.067253598070955
0.131828511109929	0.154638306731178
0.0976295747757999	0.115811590059656
0.600755103830534	0.728831780803815
0.112304097701806	0.0744617029514851
1.02047858261966	0.716159127252466
0.23984290420252	0.299394374424221
0.448491076872789	0.88404864273358
0.114416212810692	0.118599144651595
0.554886227046965	0.698623203915394
-0.167144929629022	0.181697799397816
0.195220329553561	0.230422735899822
0.17959849386474	0.258738403672795
-0.0861126292631018	0.114185217171167
0.704405338835101	1.76147458781408
0.724162425538825	1.52210077372198
-0.100374735984632	0.0787144438751439
0.467141984406866	0.648427017779518
0.341841235480205	0.448492961715978
-0.653589285481252	1.10908895576403
0.0649889019842117	0.0609024265238083
0.393733199478155	0.57847201353448
0.158390014360615	0.181966774757348
0.505500213526366	1.03170820392919
0.0904925316552491	0.110992118266335
0.042080645623342	0.0395014365503195
0.249374277280084	0.324465866197207
0.733800253117767	1.66994515015836
0.270006145308055	0.389328854739414
-0.106204188644678	0.124528214650607
-0.243446278496679	0.356590287621436
0.0998111765022102	0.122157347246895
-0.227480065627899	0.234556747478234
0.143146379696989	0.133041052263117
0.170572348558806	0.206614074090892
-0.171286778702325	0.217310002608045
0.504971870134533	0.846098409430183
0.169963653201797	0.19815490305326
-0.00523493919979246	0.00615980311853261
0.0413153603345088	0.0442467207784546
-0.0436460350722433	0.0443327103025107
1.53143655379436	2.78783814256773
0.0560145651718686	0.0510868766159438
0.38701257157424	0.686868026952792
-0.175283120075457	0.257856480469099
0.0876967095098241	0.106944228221493
0.707797121286256	1.44677976851102
0.701899694450768	0.932663039007874
-0.153746066574414	0.156254497308226
0.243618510394198	0.339242330691051
0.0960652610074602	0.11574537374674
-0.373199427411941	0.516990918932481
0.142501642222262	0.207298137680431
0.374102508160453	0.61666461917283
0.292791254331396	0.348380757827857
0.310788670246026	0.433082444573529
0.183786212836299	0.156193462659588
0.70967734617324	1.19101591878637
0.694452346847568	1.24901542519256
0.190398170828603	0.257867590936016
0.369250222598186	0.658175777499887
0.163778618378377	0.234195479426869
0.109229324196847	0.130474213565748
0.595865455804698	0.854903995468801
0.0953301171337021	0.0951741480709937
0.183444944571593	0.258910116964923
-0.222015412548783	0.317614262169993
0.493754157344102	0.827060000903022
0.203465015905228	0.233246740421055
0.552031068532976	1.00833159702597
0.260981012919734	0.250192225067738
0.626318827165848	0.666533836592545
-0.0507997108234348	0.0504400476951046
0.352097185582857	0.558131594412826
0.152254383993199	0.226538316168298
0.182879931542558	0.255697402844048
0.251946653897662	0.309539567986499
0.284603344525234	0.378271608566105
0.00913775302846255	0.0103887188563127
0.0815334632614925	0.100195397614111
0.212257005821001	0.295964148612177
0.0756623963928593	0.0760360204660635
0.0738264650615611	0.08136195518561
0.277540108249575	0.417731609175355
0.517067575360746	0.731521373132969
0.195746917392797	0.194639583330708
0.6566867740643	1.15016526616935
-0.652140430798432	1.38479850498985
0.0642831617245197	0.0747519469140292
0.20346605896876	0.267578468218706
0.127849366139955	0.142196810776584
0.320805837904683	0.507809413807279
0.0786230153339786	0.098673515973297
0.310327309530424	0.489491892695033
0.334806949960904	0.531615378834849
0.673610564271294	1.07415893778651
1.1523820326314	2.369094531088
0.192495233753567	0.273266283669431
0.385104491920878	0.591029300113462
0.107005044728786	0.108683923155184
-0.00605744688463068	0.0065870083779907
0.148282600590124	0.201036559063727
0.24686269208467	0.371892800203749
0.387396669899416	0.577406043461735
0.383379121274374	0.594382092017669
0.621986577781762	1.07745570639498
0.229754180505786	0.29863725415205
0.698398908381085	1.005091991461
0.364794152205016	0.530035766754343
0.383599741192432	0.54799714948305
0.525668293236791	0.861039061000061
0.241360269397366	0.373346725292679
-0.048101465379051	0.0564132946859941
0.126595163944771	0.106415933137486
0.531108001395103	0.699638151444971
0.336592308662159	0.419809299096399
0.796731544094352	1.07670840310197
0.120841099713188	0.128158839557846
-0.146603278718087	0.16266722434176
0.260508215540655	0.315137096375461
0.224982207659855	0.332011168432701
0.12967755106142	0.179192531427596
0.144840278355901	0.214757161470855
0.149578458396446	0.197264956232232
-0.105007881309524	0.109497028661145
0.194342125756954	0.282255671594542
0.230008995677578	0.267022927371073
0.3235811411716	0.378033614545687
0.0582517110708161	0.0420226306472367
0.0899415017953846	0.110623390243359
0.0197094729885663	0.0134244750528099
0.0403918921312027	0.0549016134741465
0.0076365392095831	0.0121890357512654
0.815304348935571	0.779529149113994
0.723132833802475	0.871497039450737
0.736088289165142	0.306910846998919
2.04511295979046	1.37893529237095
1.444504616243	1.16007000376578
0.0651318649416034	0.0266732168424223
0.560514902571251	0.772556058838584
0.11208822491294	0.202793223501579
0.0758174975048304	0.0911175752382291
0.175176003531426	0.220073596421767
0.0504478321852059	0.0738351215505413
-0.414631957908872	0.705752316651644
0.0301191048594248	0.0439371970806351
0.00573139541416827	0.00847376947516201
0.156155032800722	0.176832391867962
0.464904245098186	0.776601884261548
-0.02657848240612	0.0246433332506147
0.172625623826643	0.215454500125958
0.242956757985208	0.293269521406445
0.232524498818793	0.293109722301103
0.0943386218559058	0.0870326819908603
-0.418632602298719	0.437302787216519
0.141814412429188	0.119329616808362
0.11719706021123	0.0813673531828642
0.158034921218418	0.145369399470886
0.186436031542711	0.265696568171324
0.00129787877832165	0.00126455584266424
0.402999501335963	0.567705432822216
0.539678175313608	0.863895221316169
0.275325121198704	0.360700146819551
0.218179413612274	0.251439430230648
0.249594451955704	0.312865470561824
0.188040444872618	0.196631747162325
0.446151499490193	0.85460030864573
-0.0627671035894676	0.0776487725308527
0.385650932595617	0.563869314962142
0.655668304219312	1.40430304908567
0.432535089494267	0.648701807916001
0.284896156037861	0.36803222693013
0.706868178869102	0.927994163435117
0.061432437039652	0.0608845302247157
0.315666920167622	0.426526066287987
0.0623857999912555	0.0588548643198444
0.233962190027742	0.267971560520949
0.250219561800467	0.278027324167151
0.347275133548701	0.53104294565856
0.109044590925659	0.109123856706302
0.318806052605066	0.330078509328027
0.168742205324529	0.151828286780998
0.211041241874134	0.199896787270537
0.726980781589178	0.887340030009259
0.139148346709293	0.118925080148626
-0.460206292545385	0.543099195714902
0.0886755909100972	0.0812933110715664
-0.0522693327040628	0.0470230752134279
-0.0493828911239995	0.0455238131908185
0.192780161767051	0.187605701579304
-0.32607897012628	0.368941593337005
0.699162478282807	0.842582551976032
0.604391118454534	0.48774221127005
1.04937825714294	1.49574552286882
0.236292767518915	0.254598946446555
0.674586005104194	0.985214687580075
0.328097636224958	0.337462102755567
0.210428418682865	0.198545954129226
0.19454262411606	0.190184529386281
0.0197476247889013	0.0163230887746943
-0.0102699049362269	0.00868263707796302
0.630699683611682	0.734685510865651
0.324798176850432	0.311274838766581
-0.051583579345813	0.0469994373188323
0.389286407809853	0.428919835370956
-0.796796345514341	0.919060730967664
0.287797149873928	0.329067035965666
0.120808685932799	0.100451048105958
0.332684437827671	0.381670315374005
0.32894477267714	0.438431067952034
0.507132938485454	0.825601399661092
-0.403011047980604	0.478554992851239
0.383856677027423	0.420589371067631
0.626561401451848	0.91087921161703
0.198868348486246	0.178288351644037
0.616952592408958	0.827989453501009
-0.365868832872749	0.390449171064417
0.255856958545807	0.280474042093048
0.440754082777386	0.593386492363748
0.199504708314706	0.217057169677115
0.42808407956887	0.530267232646648
0.946126647011122	1.48010687841883
0.570796275829155	0.729005165758271
0.804454656076435	1.58423580018407
0.0964049207364101	0.103355990684576
0.00621621966743229	0.00637402177910038
0.1649903366404	0.205144016854007
-0.0755910870523279	0.075485189867856
0.348886893662506	0.531788256964901
-0.223460509678666	0.334652588998143
0.562343767010234	0.951389957771398
0.014955746494792	0.01546830242007
0.128653773771697	0.171815975203455
0.294093542821696	0.452694852369153
0.186155225342926	0.258643805900963
0.281907334339742	0.422480551484241
0.108352325704018	0.108216681317405
0.246687846888149	0.263520896466134
0.159266616261534	0.200868123171471
-0.131226575408919	0.124289087710137
-0.130953855264661	0.135546723744902
0.493615105896161	0.948880907647137
0.346320045810257	0.578537236157116
0.127474587506172	0.166482184985872
0.283341386456088	0.436974148384533
0.340960513122518	0.642485843198075
0.204856247936505	0.281569754655352
0.0955115124801842	0.110442440673166
-0.0147405895219452	0.0164736733824002
0.0940823888336919	0.145792385182646
-0.10759717893289	0.179912566338951
0.00685328291139633	0.0094877935268556
-0.0667980457051379	0.105270053228361
0.156515656749686	0.291159790964467
0.183401220892673	0.384252917807273
0.497932549902303	1.29128443351985
0.279195999394754	0.570266245495608
-0.109106105635222	0.216912542366088
0.242138990759431	0.54586782706339
0.0724687030022076	0.115724405062272
-0.155636359813912	0.261540434194324
-0.110179765383752	0.168279038348472
0.101407844298569	0.157111813365454
-0.0175075226154058	0.0250426719156513
0.294126247754124	0.529416867664879
0.159177141061722	0.263253255337155
0.175349682941038	0.332569909742496
0.479332497806285	1.29379229176097
0.0175034463817099	0.0264155990433959
-0.442170652132823	1.40218869204553
-0.0748584857550513	0.11065524904723
0.0664306910823739	0.107342930003667
0.0469964814461863	0.0733775246464799
0.37570222417327	0.344119123307031
-0.297215189606964	0.234293316364205
0.218712670487504	0.147841599366014
0.629543727267345	0.58446319588529
0.20136253904578	0.16785943101764
-0.182337151779736	0.204846806187248
-0.0886749046175185	0.0597694665620305
0.417600713079429	0.348291409827933
-0.291319909707524	0.22861841970401
0.448250347609285	0.440000643292289
-1.21588530170308	1.36727170217468
0.474150987150269	0.442525854906306
0.203839007122979	0.144367102652239
0.207344135570199	0.178383114089544
0.551795558457964	0.564833959154584
0.97768606186094	1.26530321444888
0.418735166715027	0.716794710597443
0.0478747558192638	0.0360115032177486
0.284265960849216	0.243275409092571
-0.131811932536091	0.137532207729072
-0.329195301265553	0.247079425949892
-0.462629792641851	0.405830755624994
-0.415370999796521	0.342183955732839
0.761661632941269	0.746781791276405
0.507130163252355	0.429643542613091
0.680080015030893	0.695595415038941
0.895298983173713	1.18289218527108
-0.123170373446387	0.106770175834773
-0.0523280318021632	0.0429975037418637
0.19677324163089	0.176304592421515
-1.06794710032925	1.06391124061694
0.33379211132317	0.248147753763405
0.588123144102368	0.742704002511512
-0.0677323090400314	0.0530031643214988
0.438424844921815	0.398546844503449
-0.0166534416431855	0.00998954806445321
-0.327338966106256	0.324871056529306
0.542305974644567	0.476488738840802
0.428451440396125	0.498513898014624
0.0625817892086654	0.0528195317522865
0.343730868143233	0.344843867450696
-0.441121020683049	0.464048610572832
0.350847082742141	0.4309063006505
0.377932158520418	0.502293457283682
-0.242341201221876	0.255134123315228
-0.104092838785194	0.0976321774417009
0.14412904499025	0.125451543784968
2.82295954612267	1.85537541669261
-0.302290822006729	0.103575799725256
-0.599806274080228	0.232975057638589
-0.236396899989808	0.0897925451510418
0.0571941476651043	0.0239988521805149
0.0642190495506506	0.0298513522649813
-0.235437883533181	0.0905573655701408
1.01786995594595	0.731313718815742
2.31946291445483	1.79205453712359
-1.23602910992887	1.02227909368069
-0.303204649648556	0.102331733629649
0.85975550966473	0.546913349967797
-0.404243714813124	0.120782017445107
0.967618003388061	0.366400884871091
0.905949033746535	0.241250464654054
0.899110892880931	0.857194731094734
0.612796706216061	0.360715765368309
0.521932429416931	0.34932906000497
0.597455972477485	0.465760888523005
0.250610937190083	0.132080638404145
0.06149893808944	0.0257550980431058
0.257041686757659	0.134618084408763
-2.7181516211327	1.7265506855501
-0.767271313872724	0.548093340098414
0.819406231051187	0.439848166989518
0.273626308617566	0.133011949725757
0.715552663390982	0.397612350294455
0.515622676159426	0.257727383248193
0.601589308149063	0.276517439692724
-0.238828413333008	0.0914232815015563
-1.18544536761663	0.374513004052977
1.49311997327656	0.746458390852879
0.908018362853185	0.240274060282625
0.0818277356190716	0.0243640286944069
0.113644458616893	0.0295034454276805
-0.302417412057416	0.100408988414813
0.446516452113573	0.163543065590241
0.962657904739437	0.373934734747675
0.604818692519225	0.191704651936722
3.24185806196734	1.14721545180589
1.18834871604512	0.654574212156726
-0.687612422707026	0.333106617849627
-1.57472650403645	0.588607364274046
-3.11037713660933	0.962847839225887
-1.58688191627269	0.561744825560777
0.0839639145488446	0.0254365526375156
0.919280647392472	0.237304549431824
2.03175914016382	1.33388345479078
0.730507545902208	0.309569888581179
0.965895349053518	0.345146531474458
0.771803888102507	0.538222699697012
-0.857700150835958	0.389807648322987
1.19468363389223	0.628529178725842
1.16260945288794	0.760078810207454
2.74495543716413	0.830653872698654
2.74495543716413	0.830653872698654
0.963546652280915	0.375646131299436
1.48977013514904	0.736982928560562
-0.70280038724816	0.341065294811998
-0.300822756410362	0.104569228367995
0.0658055601992122	0.0249949868468375
-0.798422643818896	0.288663490857028
-1.1114585714939	0.46327110627455
0.956052656838449	0.352327229361492
0.364322997537264	0.146997282022343
2.82710493726202	1.88800968404404
0.269722642078341	0.128980643944132
1.87918134538007	1.19254928775383
0.44730624786212	0.164143493470563
0.963546652280915	0.375646131299436
1.53527898184763	0.999577618080642
-1.19188226610419	0.375962561582381
-0.610279589860999	0.233492696406874
0.73638350350481	0.315060797022341
0.271954251944349	0.13279759097446
1.40356203077698	0.475605300361172
-0.741282784972025	0.453450365706699
0.819264134732277	0.439827478899429
0.983610854289264	0.473565048661028
2.04352678313402	0.92592198017134
-0.176419870009529	0.0709450145932537
-0.660794085981174	0.164395035335492
0.724619926679185	0.290928590921138
0.913929522753106	0.246043148688257
3.24507098645307	1.14601372954565
-1.18232049113444	0.36811363919768
0.136883103816544	0.0276946864016619
-1.36984625164186	0.62597548396193
2.05053336168015	0.889026322937673
0.996202064987807	0.594555236275971
-0.153378355464329	0.0697183688064219
-0.474636968041707	0.208104604223834
1.0133020043364	0.715460095873838
-0.89214203377249	0.56571452548282
-0.878477231780665	0.590880916733193
0.937040579482117	0.819609233625923
1.40290262296238	0.473801590956212
-0.407647544276453	0.125048986852886
0.136365592898716	0.0275626354515824
-1.10683827869555	0.458491764208801
1.76056952549355	0.680523769128331
0.604606269196918	0.197131496894388
0.358601987507067	0.143969516415266
0.0594817169438458	0.0224078720180298
-0.780449540496064	0.623938312851081
0.730507545902208	0.309569888581179
-0.186501933331032	0.0776256239299677
-0.143740249806575	0.0640755806948192
-2.14942452775819	1.03550999310567
1.37520405910199	0.856597486177406
-2.71506414621576	1.73564482704256
0.114300126183082	0.0290815784858705
1.30637777938227	2.17780834082014
0.9779895817334	1.67767168507887
0.523054446143357	0.841442524210652
0.67015695657955	1.24665304241801
-0.00451491483611537	0.00344095430346941
-0.291167303115688	0.356793142879353
0.249360382198499	0.287820342528625
0.0477240982805992	0.0450318290094949
0.358536516771099	0.416383702537396
-0.00619019740811896	0.00642104448194612
-0.111268708144712	0.137628614043623
0.0994318319423958	0.0985628455590123
-0.218658688615368	0.246663952447913
0.0816142224267198	0.075369313221518
0.293978073167465	0.385354464406498
0.102141071993588	0.119853364211305
0.253607046065312	0.287892348905051
0.260794690867614	0.301697503522231
-0.0273197793411134	0.0230368745175765
-0.151411652919853	0.123806185427504
0.129558582152479	0.116227312249888
-0.00607736728375106	0.00516035467357081
-0.346005798412045	0.455951315997026
-0.163005839656593	0.167049713769937
-0.152356700521498	0.16529473640404
0.450850622481534	0.593622780416311
0.0249757229540213	0.0219393060157174
0.0679964640772589	0.0680169364199816
-0.0986283955355164	0.117088888832148
0.303228177517491	0.330338341624532
0.0710171886145415	0.0848060411491572
0.246215418030305	0.276704940883462
0.38718957600984	0.621205521161449
0.465725749976284	0.945475965633483
-0.123123791212122	0.149725841747124
0.0315759595980074	0.0291336011005397
0.634762435351279	0.840872538507632
-0.0142311502422072	0.0135011825904596
0.319320084289275	0.355757334597615
-0.327500722743685	0.561707208842852
0.107312605837484	0.133307374502448
0.104940420621292	0.135827914311034
0.0770837327739163	0.0922903337100361
-0.246517417753669	0.330856033492949
-0.635035850486198	1.05436434681026
-0.185887574249964	0.218752233408807
0.13443584461793	0.134267923971547
0.242115453210479	0.275591697499388
0.492201141674756	0.685240476026752
-0.0173423580516081	0.015100779667946
0.474549338244645	1.04849549989321
0.259799281057668	0.278137649962765
-0.482363822167138	0.613184158601772
0.341564036518152	0.407011301551845
-0.498943315158808	0.673932145637683
0.0184269292689952	0.0175401270955301
-0.370746577868783	0.624586213145039
-0.108756677205647	0.155738924541959
0.271602791194102	0.394729621196469
-0.0198944314862182	0.0187745523506769
0.167154528366616	0.249525527305958
-0.297349291955796	0.502419070946213
0.389721379951545	0.759705054477362
0.155219717923921	0.148039343311332
0.586239806876841	0.805047999476223
-0.00573246438745183	0.00500610250306767
-0.0374022420480426	0.0318312688172481
0.0204211243994122	0.0163873557044659
0.054132442593039	0.0522063593369388
0.566076580023929	0.959826042099512
0.335371781035053	0.415742890608136
0.324702843880928	0.423652707370962
-0.0546692323588219	0.0556557473533179
0.0631147588501396	0.050446879869098
0.449418221926539	0.474907556529297
0.541979219943731	0.704452896946918
0.0515009686036646	0.0389970031016239
0.11869242339497	0.118047744496884
-0.30009089653695	0.280092008566972
0.132083584654842	0.110072692286312
-0.0767327203219403	0.0663496056956844
0.127882057966775	0.10764438542101
0.406675366049342	0.414469106103793
0.0493432861735503	0.069621283874573
-0.0729783875587258	0.0883120780394598
0.121312335345648	0.179656521552914
0.0817502682437878	0.120813793917265
-0.348908537335609	0.587499879054682
-0.140863086821231	0.161713293686854
0.265735917647589	0.322829198001682
0.205803852145614	0.328515639518285
-0.334552756161454	0.355159267813948
0.633859681584821	1.01238452361993
0.139569054243753	0.171489716263411
-0.0810258616021305	0.0570688478990182
0.666963898888248	0.776867535980023
0.194291731523703	0.179949588143419
-0.326416034665107	0.324993587493277
0.487162751054695	0.59445093660187
1.17516261792259	1.61852394518295
0.749635672575633	0.782853720728585
0.658090052515105	0.701333639768734
0.126775283962903	0.180470258526161
-0.544323184956247	0.595829537184121
0.27748343997744	0.270838315613985
0.0305789863823235	0.0244412600018407
0.0870809554356911	0.0760631029689865
0.184636950713796	0.165026178240004
0.1495910808548	0.159196554755491
0.23005488636997	0.36707386830355
-0.256838405407188	0.315593555657887
-0.0901657344417811	0.0767667665586073
-0.206772268740521	0.259516053881547
-0.214686139368679	0.389588524873232
-0.134509859757396	0.178796080571106
0.569020354032221	0.615508071480739
-0.23820654892297	0.213233235825289
0.195178427846314	0.1732037688326
0.117164105158705	0.0895872419152922
-0.0643369832173769	0.0503201906118433
0.699991842196583	0.816385394012413
0.00168595826771123	0.00167117614168608
-0.0679948552905082	0.055719050150724
0.202693966035961	0.147112089489882
0.313272472062446	0.230366014122061
-0.0594866247448511	0.0424512865194709
-0.0871326814453088	0.0601595220631481
0.117054619566938	0.0924462665236954
0.103597417036025	0.0737015592443152
-0.470185761614937	0.379638072238201
-0.614143991922511	0.649419254748931
1.02257154103244	1.17662698143467
-0.665490007236157	0.646093430192721
-0.103396716052271	0.0862878732752445
-0.0257041999861196	0.0246415625689471
0.202368883243939	0.335991825144423
-0.337195829956622	0.624937485486076
-0.256610617148409	0.438319647239143
-0.12829087814895	0.206233318932302
-0.101641358537355	0.164641183249959
0.659228949169837	1.33300254491111
0.0673232991757156	0.0585154387589725
-0.158677599951872	0.173082229930697
-0.206063665104217	0.313258056423107
-0.575697902427701	0.690818265798912
0.0328864599687846	0.0259767314621792
-0.129922491629387	0.134087835904693
0.303236603887126	0.258148994044816
-0.0401940457608415	0.0227878100052283
1.13844521098725	0.984383761289333
0.0884011096709321	0.0532622100749857
1.14256782269378	1.12094270048623
0.113554361438195	0.0791063500905158
0.344876489467193	0.243495439241867
0.00558784322345671	0.00369480678413472
0.515726184740984	0.454618623624624
-0.0454057020644614	0.0568942068521029
0.192084000887856	0.157389903711904
-0.0506068408771588	0.0351268791088026
0.196440726593498	0.162905797940616
0.691565124055689	0.790095059114719
-0.282729392143404	0.193083560706394
0.147817245478558	0.154847404817588
0.728874868242002	1.8012295612562
0.236423092488288	0.295809730616442
-0.0585440137918222	0.0462422738796717
-0.246004275959995	0.338086032414734
-0.520349696971601	1.25775663372745
0.570564580681781	1.24219925017978
-0.134860859452653	0.0998358114837088
0.670094170786337	0.618360494837443
-0.249796991369737	0.223356746703567
0.11445545667272	0.077982818284232
0.0571855386697158	0.044575291655293
0.0514717791318922	0.0472556082202968
-0.387750779594548	0.61650305757189
-0.366657884126119	0.501100053661201
0.207490947254541	0.152657315182077
0.488393272207911	0.360609737342054
0.800583134718846	0.831116826834035
0.101461482786703	0.0644596038671829
0.0320240055579502	0.0229512273927525
-0.280947140384873	0.185863503735457
1.14662564761973	1.0118022503004
-0.250374576144505	0.176362683151457
-0.443987884257006	0.420417772219402
-0.314417268370737	0.278894699921708
-0.0869822679787643	0.0846218389799409
-0.0772514091445434	0.106011777302067
0.0997073094057154	0.138441794206527
0.0993335914834282	0.162523419506391
0.341183643302784	0.769001620125548
0.216069508292614	0.395272155481641
0.859297252957267	1.62745660039302
0.0374233453901967	0.0264031785473356
-0.394757002180604	0.441936506123572
-0.0186217778338727	0.0234463288635792
-0.0827622032305789	0.064539255196769
1.38361390120556	1.80785876646782
-0.375238920759888	0.392950754452553
-0.794292324521031	0.694021435909299
-0.0689081024697561	0.0371948043137453
0.210166833511866	0.139040656701638
0.0775237691889016	0.0453558607411908
1.82103388794163	1.44005622526325
1.16130363179113	0.771743076596609
0.366549861859648	0.141435584533053
0.319572924807772	0.240981348731783
0.614794580051564	1.30543086139123
-0.345204680356556	0.256332612632813
0.220923826101679	0.139442305743118
-0.0795828006964175	0.063804032814887
-0.0211228739137086	0.0153743580904629
0.812853655923619	0.428644645115247
0.204907210767359	0.184322208080821
0.379197425893768	0.531123405597962
0.249553643498132	0.255121696180479
1.06805875831281	1.19672677336616
0.144075212210743	0.187322141119196
0.422618413438677	1.02177591749549
0.18488386886828	0.285029471793226
0.391727868254714	0.242521440840952
0.100519664779756	0.0645087852360291
0.0735219364323683	0.0411764181328729
1.50048639155274	1.89583362756347
1.15327925024901	1.47234339541264
-0.145654488577068	0.121089817749021
-0.295512997365051	0.356363296995412
-0.128725848973016	0.147996807448795
0.492343325924026	0.45785199688719
0.700515078878507	0.382353608293097
1.53556657381753	1.03826100410822
0.084737471823749	0.0445146250103867
-0.482070326285629	0.348246695146352
1.14277431151453	0.841518686161834
1.02073141777519	0.734099075764325
1.00320693981206	0.605870813448117
-0.634113948884108	0.412882310218764
0.30222255580453	0.248990705944479
1.53178637784619	2.12601235514358
0.331466595361845	0.675628566898346
0.545803751376957	1.60036789631208
0.0945736940708381	0.150060239293829
0.275549611227052	0.535114367127574
-0.10847182946714	0.168035639041512
-0.0727958738191203	0.051049036797744
0.669166484225164	0.614661719091341
0.894620177961414	1.17703504285349
-0.102421643616729	0.130100924068509
-0.429711493472581	0.312724120599358
0.867115395465079	0.783530719635561
-0.295408287807367	0.259116754222038
-0.875879305574239	0.482966689388377
0.0639721583025919	0.0236932129562331
0.258897090912758	0.133620386362134
0.0746479519022873	0.0244972758979147
0.101667603676715	0.0651664898738626
0.680563864607467	0.697285171062252
0.344152847326418	0.615970924903458
-0.0330756895802968	0.0241171233141231
0.924048712827714	1.18198590310927
0.455849968122925	0.438471304117345
0.280224563560442	0.260935377059685
0.209237207671389	0.172902570135415
0.721444340913505	1.10658066815296
0.431245753491774	0.645212402548281
0.114219881285336	0.0792172983154379
0.290871462347464	0.234551570921065
-0.00860852469999836	0.00522158060138701
0.484675238960007	0.449929765602909
0.637062480353276	0.910323030616771
0.0511330941540497	0.0502291038133668
0.467935830453465	0.674848794456604
0.327279538500587	0.332093765023284
0.970894528253995	0.940980138424255
-0.32291192018581	0.214566357225626
0.206508869717356	0.156489975784981
0.362011670265397	0.247010545185453
0.111086893709445	0.077675113301386
-0.497044488999115	0.425976793286765
0.117452041647233	0.0908331570489856
0.345615241551972	0.395678417717569
-0.22948712014344	0.38018345913331
-0.272246086978938	0.519054150506231
0.295707273897066	0.601819648803418
0.469721352211558	1.10953708405045
0.0487354045207168	0.069235350616301
-0.44959588620134	0.642109915480142
0.204441643327164	0.179127994156244
0.358844560840706	0.418106087929139
-0.365188758227509	0.592137704743144
-0.428033150039124	0.382990520897911
-0.349181212013338	0.317460404493777
0.00705198621332909	0.0052475653315844
0.325631686432247	0.230355414774564
0.556618581746421	0.364107127819249
0.097172734139966	0.0611560402211907
0.705616114408006	0.597454754297793
-0.498990294883656	0.431460306352282
-0.611040721278091	0.510500084699054
0.278787681832309	0.475902551033661
0.696325652362276	0.496777813245102
0.226778666225163	0.127607838266576
-0.0234910106770109	0.0171099873395634
-0.619175950489252	0.672563970357643
0.515809843859047	0.343958840860815
0.378136366446726	0.318799127919533
0.557935667503136	0.942088196615135
0.274068822874764	0.260462430580607
-0.583372993882908	0.725479479986329
0.241329200461653	0.274166253327546
0.318148640378151	0.226163781316307
-0.118969895494247	0.0586844557619
-0.151366116930722	0.0673398268775096
-0.795986298493158	0.286698052875647
0.560599311844488	0.369111580157524
0.381986908157086	0.344329704031573
-0.538019976575227	0.59180046922674
-0.202210170871439	0.338189042515522
0.254269078638952	0.502834488735322
0.173295030763694	0.344701848686529
0.490409997945134	1.3780096727773
0.0675201228325656	0.108775916227135
-0.366498435385577	0.468406269728873
-0.241589123975858	0.173067278281543
0.922919816050982	1.17899312943144
-0.179812190055227	0.242946058812251
0.372345681613664	0.319849095433461
0.33444716726933	0.244434234733136
-0.745155589846899	0.963120160554442
0.247678657584842	0.131521101633263
-0.0917472536172619	0.0487834411272274
0.607030499134641	0.475574608216035
1.27628422188787	1.06544219977506
0.350263783839737	0.238969666059281
0.390029990586329	0.420337650554774
0.400494708159957	0.876818048817357
0.201643768651336	0.160139648987338
0.104761207598045	0.0701690801432726
-0.564946369222309	0.731811380747736
-0.374493012065118	0.366491405568979
0.277112026600529	0.232024573390851
0.256316099184983	0.507310102533407
0.138983830137599	0.0975892648960832
0.0124079470390509	0.0100351604783588
-0.0649887561678097	0.065831230677827
-0.0957551137231001	0.11401335144589
0.532846435383283	1.164028069515
0.47917534116728	0.348552842802234
0.331737519244047	0.241370575447773
-0.567674350143182	0.471284920643021
-0.706363619304284	0.65379901697873
0.491330247584391	0.448514161827389
-0.657054771154121	0.664271561754618
-0.190728700727385	0.216160921626141
0.0820255735357722	0.138105427798154
-0.26283631257229	0.523578749138453
0.273591644589518	0.615596539887656
0.0489564315280643	0.0788416952012175
-0.0629521368475904	0.108864714165783
-0.552351179776871	0.928819044598815
0.204503206742508	0.184680999876112
-0.071980000442683	0.0645832316994238
-0.256490883572579	0.48448518016964
0.212147324843691	0.176224419768213
0.286344662215829	0.245108381936385
-0.497036536842264	0.706782608579693
-1.98830041802904	2.32518882425399
0.251473940482599	0.132152432864625
0.382995147171259	0.244512913228593
0.306910927091986	0.330798402095378
0.505484317426199	0.82387858595662
-0.56206759206415	0.934794967790796
0.403616512381367	0.571029995952234
-0.0820466640492999	0.0892608165675115
0.248658374265552	0.282659802895389
0.189577220277729	0.228091887133608
-0.0832213894161318	0.0876222120250293
0.265460495046001	0.315618254953512
0.20584799612977	0.169495316108739
0.193955703577626	0.161504935887676
0.0670981828997811	0.0706694511718228
0.151967942854706	0.165250567987664
-0.0236296238955884	0.0242566169560572
-0.445231135972158	0.773616495650487
0.243931451109757	0.355912474100973
-0.252417593352263	0.353911930534028
-0.256987453473666	0.40896203184066
0.294572167313899	0.526338092968663
0.103885585131518	0.104343828756596
0.324036432031556	0.342257511416547
-0.0674000854451346	0.0477596939032135
1.63829211354678	3.1079929725523
-0.355311437756583	0.442647992675007
-0.51048877951748	0.977292128496342
-0.38326737543264	0.710741580465416
0.0162411246619296	0.018477433635566
0.0763112564332956	0.10103845206475
-0.0305324326996866	0.0348606469532453
-0.611589026701206	1.1343861462907
-0.1830184245997	0.220180758641198
0.349920900000474	0.583797241030759
0.6208274876583	1.06562868382236
0.0520408233516947	0.0496358548694628
0.428952079126085	0.655270669282148
0.205420222336361	0.259584147337433
0.20159470046061	0.209023739247531
0.317749948175051	0.411484622896259
0.410092417190077	0.674200771917146
0.195477137276851	0.25879934420562
0.598594295336515	0.944298713507032
0.292318418381145	0.435560757498724
-0.0383313572071748	0.0386241638999989
0.136922341945618	0.145931035102166
0.219526787473246	0.283089455876557
0.720476164590729	1.24115755828406
0.476536939335685	0.425992925804616
0.4945190772264	0.819025954999012
-0.561492552198903	0.827169762285234
0.494467672283287	0.608985196657982
0.0348948634024377	0.0409539068586771
0.271815980588657	0.457710069321071
0.124678681510515	0.179407616071651
0.23798064200546	0.430120077761458
0.300998973387109	0.553794493333493
-0.463858753324632	1.02317765260324
0.052388770042504	0.0754810089042084
-0.395820735438952	0.708610254364279
-0.166998419632911	0.138350059191948
-0.787023671163503	0.803362035566906
0.59699012413666	0.475331728462756
-0.558077873930517	0.465026881240965
0.542785847703175	0.548648342267879
-0.400934299165662	0.586821113923856
0.0530144159167651	0.0676063338171883
-0.117686404970148	0.176771216310971
0.55174930473277	1.01514494157209
-0.0777868989211202	0.107024769758376
0.274025568519905	0.416568634275112
0.204714525982026	0.317673608638153
0.299208688513947	0.351618950197466
0.198809896408735	0.263162338608077
0.628903726690087	1.31734704171643
0.216680130121508	0.292870577932523
0.033280001186352	0.0378791906414214
0.254519399795768	0.372070926407356
0.755634393894234	1.40296959810624
-0.486512780788894	0.890081382839349
-0.274238585377201	0.372844282314476
-0.927666497124761	1.83853090712558
-0.4846309836632	0.854768221934312
0.27261785723924	0.35664522351464
0.573811270797986	0.860809082272403
0.0348793701750314	0.0361196827757833
0.231493860448753	0.344313078824142
-0.108466377111761	0.0713808748616523
0.188342076953376	0.189571252144178
0.136163257637929	0.173748791267394
0.430468978824572	0.586962321362868
0.323677968526375	0.330124858339066
0.0879649464330782	0.125986150455789
0.543164556189039	1.25452536807514
-0.0719807553672113	0.0922422290979699
0.281060241274156	0.536887971778703
0.114399510907104	0.172416782829069
0.0316502267665718	0.0433630427005064
-0.10401456372905	0.169690684086345
-0.0267608935232091	0.0372286926697493
-0.177004811509197	0.28799183037909
-0.105027060898562	0.169794693904467
0.0338104940968129	0.0373460555218969
0.411145491456803	0.423481054918324
0.723843864219131	0.725271377913696
-0.0363895605399979	0.0215711656765793
0.0879806970168324	0.0526897381100231
0.514888977187033	0.458473981786015
0.198990515271541	0.271332041997123
0.419167364603484	0.756390744341041
0.844997828692137	1.56975637303575
-0.00515231687776727	0.00665177695438436
-0.029115725703387	0.0358882371854673
0.143378326934718	0.117536748895332
0.0612315568197466	0.0476048787600969
-0.0777932406259969	0.0753247945175611
0.0206228440570821	0.0218362278090922
-0.0211793578994949	0.0238380353387837
0.320114583708902	0.575799206903779
0.0747409995512552	0.0899629471410544
0.127875100755207	0.164906581360172
-0.0651131779974918	0.0797876160458496
0.409660382503671	0.675739201357171
0.204455410821971	0.311136618062116
0.353011040095177	0.627062546670982
0.00666484337330242	0.00677171351406324
-0.276155395098224	0.388153491048439
-0.382840174902006	0.499669345769293
-0.284302466539347	0.429814220647654
0.273593187332485	0.380792065098426
0.350124936775748	0.421385560074418
0.226261795195894	0.353270996856561
-0.0728567694104332	0.0812963999548921
0.101204707116901	0.0641590614491689
0.0156896666859962	0.0124812853531499
0.538382917064912	0.970987610332744
0.218986098539024	0.250609471251547
0.363464529758041	0.670315128591813
-0.177787490614878	0.278355059914851
-0.371137643012168	0.708054748311203
0.136226042104462	0.208161260125555
0.239038686981468	0.474347996517236
0.00944987367639789	0.0123466683627335
-0.0647113652437656	0.106127470407308
0.0706245624623361	0.11437021622644
-0.334308872030417	0.671296541240085
0.161796659381389	0.299044212570464
0.248248621406553	0.400436294861476
0.776585344449029	0.998868451955139
0.400534875710723	0.4187123512345
0.0826053522607573	0.0502448143663659
0.711369232318853	0.632154918673036
0.334647166170378	0.463171464981451
-0.137847638765468	0.213650263933155
0.523976171799089	1.13616998126985
0.579376667142498	1.01793568592855
0.0298277920945772	0.0202930506517089
0.0539077586309026	0.0421951697954
-0.355843577315823	0.321320389162414
0.331578709980001	0.412086782520757
0.232146957276351	0.281345129474175
0.171321101237622	0.265279318230991
0.0792100733105395	0.113812957456988
-0.18641023995313	0.259084316526102
0.16583174642603	0.212465892870077
-0.653298746124355	1.15610037301003
0.302690885835168	0.483176482465474
0.568293804599232	1.20612080199814
0.446715736905406	0.845581749477965
-0.20733256172543	0.28351818128439
0.312048004989516	0.324807188983487
0.104297298535732	0.109877989468681
-0.0223559933889195	0.0268775872290131
-0.287186063931577	0.448010817768798
0.267194958259567	0.393208057801374
-0.696458171608319	1.58136728262073
-0.0260301970634327	0.0301421668243857
0.435218466905635	0.52143435733824
0.319840480860383	0.491005163190509
0.205822043276521	0.299172840248361
-0.0253745203947231	0.0320173103332909
-0.753478250868607	1.96434401042222
-0.0703740180898614	0.100313008617807
-0.0244508611860969	0.0336726320402708
-0.308360650446613	0.628727572356946
0.300217879385662	0.626415305351147
0.115205951815331	0.206042913511577
-0.0318694369194864	0.0442906385178696
-0.262405242516928	0.500375100821182
-0.329890421460014	0.739760686171186
-0.344076456265377	0.658159855716889
0.433618039339158	0.56587156596482
0.065458836469276	0.0527230253419344
0.942560373041186	0.823966830441324
0.769514612346404	0.825166502027134
0.402938593254232	0.3392729704914
0.174167185996724	0.29832697744194
0.213087879365033	0.357082587104953
0.246147918429147	0.247175077931337
-0.117166718326621	0.121203820063459
0.0132449536692195	0.0147912306345692
-0.314843448296377	0.506956154196501
0.0240607400283217	0.0264395847124021
0.34776138763834	0.472101310372723
0.0964388167385747	0.0981721428327083
0.319194806665579	0.429406787320629
0.723113863403384	1.33280564696417
0.326484847114681	0.403174130141387
1.28777945218751	2.78224102461845
0.151809541074554	0.181641756979466
-0.437721574931284	0.488854545959289
-0.203021247049817	0.202046182982374
-0.147124446718978	0.189294180229598
-0.367909301561439	0.598264490304787
-0.157190785660874	0.202514808217218
-0.185772961572454	0.24542881026468
-0.222709587328351	0.317834330077366
-0.0681258590919597	0.0680791498716765
0.37624405861561	0.63657812339143
0.120296185704979	0.160575588411639
-0.214830508671771	0.285530249807769
-0.209551337580194	0.315585578434393
-0.565057728519714	1.18933881449514
-0.395543537612696	0.859473107235048
-0.191790580079149	0.284889416402942
-0.170080418936677	0.28215364890278
-0.359131953979581	0.721643638815049
0.0249455945293994	0.0308966041593076
0.0108045549615725	0.014958283508835
-0.0610159882429209	0.076988893468383
0.408705334379412	0.433911663778568
0.657741195968779	0.713500788210133
0.770257543990488	0.750909562652495
0.366635115667153	0.334120040630716
0.298398620414256	0.381651563250523
0.110037323301355	0.131825681558433
0.195591579157133	0.281119466297261
0.0653728104279759	0.0653207507212637
0.057792616928707	0.0560137010695408
0.389226874808655	0.421891970155773
-0.384532535983091	0.356979811218438
0.331549615694144	0.347125296458746
0.09686152038661	0.0959619473090137
-0.212503961003353	0.224286854618166
0.307854110700377	0.353463248316918
0.349677399801782	0.439668213495868
-0.0140505513706581	0.012132231377117
0.254799482218464	0.270519971351474
-0.371056606276795	0.458301895823192
0.000278151870081397	0.000356742098006994
0.293422486433179	0.353647950754627
0.697154603165557	1.17370190588095
0.602819408676954	1.18048197890291
0.0728120460745233	0.094673219614197
0.221481289163211	0.324538350853522
0.360215721146001	0.578300326639618
0.504691626765659	0.879476479877316
0.375432940129463	0.580669275928678
0.549442300130753	0.952658072254371
0.595436798594664	0.867743447172073
0.612151245784973	0.985448125036452
0.132863601964047	0.121242977295787
-0.28654151812141	0.309725298875929
0.536866837388183	0.784723450427669
0.0555851725291799	0.0540348248082508
0.0858957511749336	0.0728205596013064
0.282936918303021	0.379358344903593
0.147136734169508	0.138630322757827
0.00745739955326995	0.00739999563455487
0.305379854758049	0.441963875037478
0.508169473919056	0.814333610704841
0.0355239599569941	0.0356186565880643
0.0164688651519966	0.0133839444236849
0.37175906682462	0.420483088353365
-0.533651243857359	0.487662634343407
0.188071907949978	0.151127054161207
0.416939255958285	0.511836586463672
-0.143454982258269	0.134422596783719
-0.749677212943992	1.01720315480409
0.365274691410283	0.423155939812198
0.359999165318128	0.434931032099254
-0.837548463356295	1.35282171431307
-0.44496471383317	0.546239333698338
0.19475072588752	0.222888368891992
-0.238578779237949	0.249843003724964
0.193681513833525	0.200145398764749
-0.191808914123305	0.201008587200789
0.0199033713807929	0.021030773342
-0.360067495093832	0.520455073085792
-0.363344973819071	0.495467646916976
0.132117405411793	0.14758384155457
0.125155083751658	0.106687011945834
0.181882322117344	0.195512971610474
0.878221244121362	1.64765614573493
0.379564400050847	0.434818262183675
0.327808486584833	0.330726254080614
0.026640604852217	0.0258084761591771
0.224981011224022	0.288595536830174
0.368314061177598	0.488716292920367
0.270685643619197	0.258704896458029
0.206576370800654	0.184581830338788
-0.965839248362821	1.60855773456379
0.659669847581222	0.997936812155433
0.117634663583591	0.12130694628215
-0.0378504399959014	0.0331484470112401
0.207109238109963	0.232420483375446
0.649560229219289	0.76151479235644
0.565511177468064	0.784784660158019
0.219181762520108	0.129051230834733
0.704563162681652	0.626467997516537
-0.666033514527422	0.493809172192564
0.0669559103808223	0.0307282812388258
-0.422248285521415	0.310396028562363
0.296421260569847	0.258000965442513
0.55723802644477	0.352446593552765
-0.322828336580529	0.213301106935707
-0.613827716488713	0.610249994152866
-0.140102742548721	0.206566120321569
-0.364956756339118	0.364848324780155
-0.296806582703252	0.233431115908002
-0.156763879360493	0.133304634914965
0.406029550698669	0.468957863116976
-0.378585678589144	0.288355028075175
-0.832169511523205	1.41309177191425
-0.435688044640115	0.751408691118634
-0.661133724986771	1.12896123212609
-0.463993200213976	0.379587517095036
-0.308706591010157	0.507977568301562
0.226241660920354	0.426739411420972
0.0126384524881719	0.0156168105008451
0.672864154075745	0.610856919121844
1.25460654895153	1.3591699019342
0.379755607874106	0.242552665920454
0.0734770433274317	0.0360167336458214
-0.201460412072599	0.120340081092188
0.224756881411071	0.137378934984066
-0.520452817121507	0.40519846449218
-0.118195601604421	0.0577365536494632
0.500656153312524	0.534732311703572
0.282262409759438	0.252565841935874
0.604704189833977	0.493668918271805
0.508213617244567	0.344909105317167
0.631882888259762	0.367305676953013
0.52685080837494	0.265098898670484
-0.554729714828558	0.3783792841072
0.0626748322199302	0.0290810165601935
1.25306847819444	0.566289241267133
-1.88607692070189	0.809688729884456
-0.742199704736536	0.445694960341003
-0.279640191784114	0.1579859149879
-0.234689719909187	0.0903744426415742
-0.238327789478598	0.138097221503452
0.904462850484064	2.79485107030501
-1.92442589553826	1.74818694149262
-1.01925752968778	0.742243561365669
0.300108137078829	0.24437387415815
0.534507929786516	0.523425769905145
0.0615047911337354	0.0277741131187502
-0.209439087192993	0.149324871544852
-0.182183370596635	0.233955522264381
0.0267769658049911	0.0223328605216718
0.640900344707124	0.500721190123699
-0.682522921157052	1.02343956066482
-0.202981880198169	0.418344051449398
0.176366051098175	0.270780383437211
0.603949930977753	0.280985884086667
0.353706780871664	0.141788176187588
0.341288230139485	0.208666770926861
0.306530931822099	0.77900815124044
0.487369217715795	0.364519709870515
0.469272524913524	0.443534885456644
0.412387590876857	0.24133916994746
0.358499189788589	0.138118168885802
1.25306847819444	0.566289241267133
0.486094111038526	0.364924811376078
0.696018049183936	0.515321268034523
0.214858717330705	0.138007953387175
1.1677457132525	0.774186188788794
0.527746222222439	0.265274260150758
0.70491398646656	0.513674102815658
-0.0942325564999086	0.0500663862430666
-0.012750173078905	0.00772553778682794
-1.82749976372273	2.32252525735659
-0.0241389664154368	0.0232563532143285
0.00191003879942325	0.00116895620673723
0.344700183753574	0.241304537933822
0.453749647221935	0.449966938319628
-0.131941447669011	0.100209205787891
1.04944042281668	1.00104276330362
-0.333574603024503	0.244679678576987
0.156621763647357	0.170813259300256
0.149214810938652	0.152406830161686
1.92059439478562	2.88817945230375
-0.125181372789209	0.136016493473427
0.41064721434047	0.773223814178506
0.665333209521245	1.14725705641466
0.218333402200281	0.139111751637804
0.713120688576142	0.616455219027511
0.157133811846078	0.15676804510481
0.489795208092407	0.456808280608411
0.46281218729945	0.496941037364552
0.383533504200724	0.423440374611507
0.48286458390343	1.02929752186569
0.0898557286242925	0.130132167680161
0.426988288210968	0.867649979627663
1.03570852843463	1.3184851799399
-0.590458248385448	0.663970309797135
0.462117677110198	0.734118763046992
0.678110034167262	0.644394215502412
0.278430749631797	0.13253977700357
0.359914683604787	0.240209808138335
0.770496581190602	0.532242616982469
0.603352336108974	0.478942013323951
0.821790792482513	0.67065282068224
1.15742009375634	0.749286464297599
-1.0998975011754	0.456225192401684
0.247140125380122	0.126756542068757
1.15984374654368	0.879231921601484
0.311942593809236	0.137760466167526
0.272418860962565	0.131330411234372
2.32949985682732	1.79690711304346
-1.11053609395164	0.474325461289262
0.76489391408939	0.512055218766719
0.220798866559616	0.319913299497549
-0.538431868919753	0.348653270863328
-0.119001385442028	0.0567146344156355
-0.276408584637536	0.185772504707282
0.0128157621619133	0.00862830427646481
0.942379777214702	0.813660979043129
-1.09267405890111	1.00439497554525
-0.44569182219884	0.577851019844738
0.69486889093462	0.934101305913811
1.88433596826605	2.03319086909301
0.10773542291909	0.10491995321244
0.231032662015345	0.413043485429534
0.698828812938581	1.73840170973974
1.25073268454034	0.525777709292008
-0.418029707662669	0.258549733090362
0.622354844186821	0.377033504465347
0.407214222905294	0.22716920905852
0.737806127332756	1.35979436402855
0.328398358318423	0.447874505542786
0.547987690836569	0.473024115900846
0.329210973503695	0.24108125368856
0.407272869421516	0.21856339873877
0.709440011575407	0.402134005251756
2.28003913123405	1.14945297410369
0.301869021696388	0.132866109455706
0.601278257159621	0.25686958439075
0.0617700792585164	0.0286270863041869
0.0720003821005973	0.0294999920267295
0.228832230472032	0.137410906494924
1.02188556256288	1.18412976163255
0.432784647469057	0.897894869889755
0.360049420496296	0.826941453598961
0.169851741183896	0.347491955135488
0.140135965615665	0.254403357835719
0.00406813211923697	0.00575866885212116
0.124658965769432	0.0957104106373206
0.527318138647224	0.347030594785711
0.103270228444606	0.0742332190403464
0.192796398634344	0.239193564699604
0.978192530810717	0.479076194269659
1.36853206409706	0.83117213443497
1.00485322216178	0.586648924049091
1.59878353627136	1.69162842837551
-0.239576221220628	0.0920266355600454
0.572906642652361	0.372209249442344
-0.228985135214176	0.13216946200322
0.0768690269749797	0.0378007105526301
0.0698473932614666	0.0272471966657895
0.357446659366971	0.243449744100432
-0.0896991429296892	0.0453748048541403
0.556532340665642	0.351216080241073
0.350518616442857	0.611123108205483
-0.314535289259604	0.21305674667903
-0.682205040485415	0.496379806280753
-0.403777650376868	0.364966066531703
-0.0771086267128695	0.0655002243867441
1.24207622718142	1.37072327271579
0.790737907738474	0.929995497051938
0.515956444622074	0.837092202825137
-0.486054323151655	0.6351734354955
-0.293384855560154	0.228089490516079
0.589703906452989	0.846001705074104
0.336471076986787	0.723292512068458
0.172933931804026	0.248223317165546
1.3363064590757	1.50418887602702
0.112802998007825	0.069488875565571
-0.612335550391255	0.525168807523644
0.568158730930257	0.370500148267257
0.339923994811013	0.328413423020951
0.752343374907643	1.11822366726317
0.41776147805935	0.574011360860883
0.501411831318708	0.844842152098241
0.115781092054416	0.0859207284393469
0.359058969454086	0.323754049446748
0.346272496601305	0.247818617289318
1.16270563307837	0.723276093300842
0.527603147630472	0.263668747083728
0.344993578803797	0.219851479338902
0.0719417634311773	0.0403326939694163
-0.364313297781786	0.235929335275579
0.750379396621786	0.608199481872648
0.220880408510964	0.132176249418946
0.980015166712316	1.01365475057487
0.760414971742739	0.87477829490675
0.33073229251941	0.641473627653995
0.149123542830287	0.254864620399792
-0.0897918083733176	0.156900694324959
0.448485489610269	1.29520806983263
-0.0652270961147295	0.104359871608979
0.484372229239105	0.684352925286931
-0.529052574512566	0.41409767039359
-0.251437806381021	0.217870505263816
0.453345737780811	0.834062185403387
0.364676244229055	0.244753810816008
1.35638835644901	1.43216892624536
0.063580045588744	0.0293737947239033
0.958345695406111	2.26246615387928
0.767854408509457	1.24310627054148
0.593925011344302	0.568259399850654
0.575760374154443	0.488575436484524
0.111081013841932	0.077475589404278
0.448220585415996	0.163302427940867
0.621220847423394	0.378368445716102
0.207938648671366	0.136779016970209
1.54503494589091	1.81228661719692
0.106130346332706	0.0705555597210391
0.109334697082975	0.0725198593651054
0.099723215032947	0.137346332655229
-0.231330835284984	0.161404841842588
1.16565645208762	0.784635507423244
-0.0766170329575391	0.0520503325381258
0.313073901898757	0.243260677560123
-0.639218671573441	0.415105277826469
1.15659545416639	1.55547743055458
0.609126851033348	0.979933136463758
0.321928738608167	0.394644048914918
-0.879965720458844	0.736869466044443
0.544190858012174	0.82663031272274
0.300673514222632	0.497641087220406
-0.0782348726212023	0.0932163408425962
-0.53671757693554	0.48516239846415
0.348690390924547	0.247487611159864
0.211516533905408	0.149658420968618
0.942433868446468	1.30435545591139
-0.152547895325444	0.109946759721886
0.430153868156651	0.512493621126463
0.0955174637720149	0.0851353409109862
-0.128002435594422	0.140478487719911
0.897377506344515	1.11085186513592
0.756293048771525	0.914566894841335
1.38841644600138	1.29816933978528
0.562028467379016	0.364048120143448
0.82355560817662	0.669919077043153
2.05947537556644	1.94164074123807
0.0932260424759119	0.0582834319065553
-0.0907028753704243	0.0692261427277086
0.428493203377019	0.438726463885029
0.179113197084191	0.251252965101056
0.289117186818247	0.473480845155393
0.183071288867486	0.306575115339749
0.577155444313645	1.4593927720988
0.239987424415106	0.45402580407317
0.541832414322766	0.66968630970382
0.281246142213355	0.259348547631466
-0.631423648852747	0.791157594646596
0.193036815545918	0.229683812754486
0.38094560036188	0.338862970620408
0.600199694406281	0.556392396887914
0.806951035697325	1.1542034466483
-0.767184727731841	0.548091435783631
0.612746377250908	0.349239967746308
1.80278635751017	1.77019688038213
0.719780884890492	1.6174716130643
0.434171812072219	0.93081234371272
0.560572798477378	1.03820843413596
0.401641224996841	0.570004783633299
0.304037902406845	0.320729721961739
0.453142136584934	0.35198566378767
0.755718836630429	0.602656912921908
0.372829997809722	0.334625961787173
0.636118387518283	0.729097765092543
0.751184296429145	0.72200470995955
0.347489139107806	0.328889458716366
0.502889039401061	0.514888512024034
0.143323669358228	0.196133109983908
0.893843999449452	1.13283371454888
-0.214865350564015	0.177081311547198
0.410626824429802	0.406963537607756
0.459188232619582	0.541549799844155
-0.178406776721455	0.147476553210654
0.258375934913915	0.293022494166054
0.365261729807819	0.594623473223232
0.223783553222842	0.293082649964199
0.266163958685076	0.279145236018565
0.722580263021416	1.49081264757384
0.219293567049529	0.362515143183142
0.379723999014684	0.732769225095276
-0.355770149161607	0.356086724519347
0.585568016601366	0.810584404139961
-0.610930930787928	0.616118062266468
0.216208254877046	0.188163605099642
-0.277741429661344	0.236405743735676
0.424713215893368	0.519912394641454
-0.0933935857775244	0.0937609212275771
0.511107008283443	0.864101992931266
0.398364421312988	0.49909019344278
-0.0920470651436812	0.0797719410363552
1.02312273779928	1.20061566617925
0.543192186274029	0.63497083012621
0.27558664832198	0.252121771854447
-0.000498974809053147	0.000492417902713845
-0.0951966515646655	0.0651144674507219
0.291915916535753	0.255671997427892
-0.0942549967235684	0.0844630863933268
-0.280165477364614	0.384582214161479
0.406048396366995	0.829411588234568
0.249152732905025	0.45897370646303
-0.242240084997747	0.387944792674154
0.387925174673764	0.794309357807499
0.0881728598852685	0.13339481492206
0.329434013095885	0.456604038921584
0.263694989087301	0.266459304077475
-0.0564547646619083	0.0543724682567643
0.0141539681756868	0.0161379883207314
1.4887384119791	2.49402490134365
-0.682434465348929	0.778513673874104
0.141268963354505	0.13486342117435
0.300267059824112	0.247411872526039
0.0401472397161907	0.028401461927066
0.395777951096162	0.339600728804496
0.410928878080642	0.422401351682183
0.405750785127926	0.608201510894916
0.503107224791745	0.777756583415434
-0.287910648117784	0.37407870916816
0.591563495806363	0.704363245610438
0.726734708170007	0.772146642247022
0.0755890197230864	0.0597934015276602
-0.336100226730969	0.403795236333737
0.0514148183200329	0.0493563208265695
0.0592387228978868	0.047529743011609
0.263475244860919	0.285172509428744
0.0813496863942459	0.0836956995276109
0.586624114415583	0.839942759471167
0.382361283947546	0.469469743668476
-0.529922407417357	0.809072796727639
-0.359399271034735	0.467632363472206
0.123060670019977	0.148609999737932
0.18711745746278	0.20528333057529
0.056287823843913	0.0558464663068454
-0.110114186697621	0.0962161283448714
-0.177219325462732	0.179624731155898
0.347373010323905	0.437355271678661
-0.432948276008513	0.528659868758628
1.16400959239037	1.75009757250656
0.423704151663153	0.431138001279156
0.141633795241089	0.122283675632935
0.332716176675451	0.345396019007866
0.420204574442585	0.511038687692673
0.517134584568965	0.625631483481165
0.451743340059562	0.610886359074593
0.342305247887463	0.406118162338866
0.460036238476002	0.511651315766423
0.643275931738087	0.885439318558248
0.469242821907668	0.606862033945449
0.687948693491206	1.09731823667911
0.0725563676469503	0.0560676862445613
0.429279873075953	0.508277425703042
-0.183419145571164	0.166159915611373
0.0898077910664749	0.0883076452020331
0.296758702923126	0.405403577972307
-0.156564218576212	0.211842933084221
-0.321530318224898	0.414822750005438
0.059467602170118	0.0566949783422642
-0.346286465895565	0.310005416248474
0.116219061303281	0.115931935174879
0.298312526820305	0.437291068401147
0.408110468102062	0.713593247620516
0.677398975447128	1.31341236140331
-0.0381403675201015	0.0439354197624401
-0.455609118764947	0.672561738977178
0.246678762150607	0.262988719731194
-0.0859243155353553	0.0782845860963651
0.293384576897447	0.36127512621212
0.332766215513473	0.341822006106967
0.490482013268175	0.588263328397195
0.266007420431556	0.238111713387515
0.198097352441742	0.150382961185271
0.617360729317722	0.661491007288964
0.698605851987431	1.08613166031092
0.285515842328071	0.25148956385833
0.322359571465977	0.318787972496276
0.37729264946735	0.350105559178924
0.547902638635311	0.541428424509627
0.221316423077376	0.157868802469597
0.548067443209932	0.668220070555396
0.596872126642811	1.24309466170041
-0.424549850977879	0.410431708037659
0.49544579013948	0.537732049770018
-0.0882815646947849	0.0836343658435669
0.26400267960065	0.286911737733698
0.0820261872539828	0.069671980646669
-0.0204850945845255	0.0214349808041159
0.0413415784425258	0.0469499694068976
0.298210550990512	0.411874414073031
0.597388517799377	0.77460735086741
0.209821008493533	0.284695330627786
0.0501662833513892	0.0599360904137089
0.325299583369271	0.515884259560417
0.389042872255837	0.433842252922448
0.456890970080173	0.527654565518148
0.897207970040431	1.49387889191805
0.623284211872895	0.754122647660685
-0.0123006371298507	0.0106817650550752
0.194672742416634	0.159244804759846
0.462538199852148	0.517529485769077
0.267549574719899	0.250330437832112
0.800399144670685	1.02208687563368
-0.240266835608503	0.292872537932484
-0.132671070297841	0.147728218256184
0.0748705419329393	0.106248634101475
0.24916485298219	0.351489412971022
0.1493582331702	0.211419920814219
0.326449474380942	0.549063737133096
0.186011217160817	0.270836685831018
-0.0948972767635854	0.121206723936451
-0.460173004303696	0.645477337693533
-0.269516111818961	0.337822582426615
-0.283321761139347	0.401962521710526
-0.0960670139140834	0.100247053213734
-0.130596196335008	0.111388239461569
0.151975888384328	0.172582186839858
0.205916003670806	0.17159550803044
0.624491801282561	0.720751490242467
0.908039678511657	1.07815676664111
0.661962699555991	0.945937077098064
1.21345647909052	2.06519644850694
-0.0153871819943145	0.00944371672138232
0.757659645447181	0.836093053457737
0.0871615247775653	0.105986278549394
0.367325957282386	0.326958658692492
0.133696552124482	0.10961375273795
0.0100575892155577	0.0081126930999824
0.0146021025431869	0.0112060329705837
0.948981855114287	1.31593607112407
0.819375415568457	1.34299668128986
0.287274287486299	0.384011868494601
0.034827578210473	0.0376364854525535
0.775466431371582	0.806746803553656
-0.284774078918031	0.400197766806461
-0.157638301669228	0.219911978327354
-0.554883087739024	1.09107783356008
-0.295194131599088	0.277540011646282
0.125780371149723	0.109911455760399
0.37256606292721	0.335870579183473
0.129211181678361	0.108455528721829
0.323721538754864	0.334236639832304
0.515914493122342	0.810080092081493
0.968012759576338	1.15301514295842
1.15125326172685	1.47472747576523
0.337399384529956	0.237362720871091
0.653424666901056	0.688145108516198
1.01732601188046	1.27386558369338
-0.264503469363241	0.224922019344647
0.268073594770946	0.26923211334142
0.430366929836267	0.559373138552634
0.581779063132469	1.45303106308031
-0.053868198424736	0.0696969857670113
0.257687272048187	0.391073096241247
-0.409380588810906	0.722650427733863
-0.0229221623435305	0.030001795453009
0.526468640517128	0.727640871228717
-0.443994662429692	0.528471627324761
0.327306013333841	0.346020724452011
0.546151228994123	1.1176470221393
1.07108360196333	1.63347264891954
0.409529541566786	0.427477512861754
0.540238700420573	0.825994732874406
0.671901190173546	1.13905072010266
0.614133729635875	0.641390012252857
0.204673508783957	0.167065225457101
0.368650525106416	0.334520394661681
0.755382078419184	0.597676916777394
0.32410785044429	0.310708803210916
0.103578697944437	0.0717422040986307
0.660926911829179	0.860208020867628
-0.0850991235467537	0.0568007898838411
0.256231408647177	0.265580208606896
0.313486679061671	0.535624511944856
0.373346451247934	0.580351202894273
0.849274809660141	1.13134677071363
-0.436986723878361	0.784763424995982
0.0325868736588377	0.0499397295089893
0.0661217290523581	0.0861125205724789
0.795178543319535	0.848119740104603
0.114847585943596	0.0883944609199702
1.08941403349317	1.31810218877034
0.552302757093942	0.67674341988514
0.758310137174877	0.831975291826911
0.637724500730929	0.600546815760109
0.0795940662851075	0.0444102701371058
0.980213338552102	1.01975440340737
0.113595254964903	0.180261208741341
0.0390112609920752	0.0576908940764561
0.0934183299305278	0.155663566827144
0.0974131499034033	0.170906082774593
0.296352762771214	0.388224516703183
1.32509322697007	2.27178670715438
0.203120078502439	0.223227680864721
0.115160976681853	0.167207165446507
0.0520014816922178	0.0400391194624027
0.126880929313536	0.100586871243179
0.1894501985966	0.195233882689641
0.357446659366971	0.243449744100432
0.989867836397699	1.06853379440933
0.531088882317331	0.551526006202237
0.469244939708859	0.346063853288457
0.205366209320841	0.184726497535047
0.342579279099904	0.397363849902365
0.202812200783254	0.157774851373125
-0.353919083305376	0.501101133753835
-0.296044422749229	0.579834996503282
-0.256122537629625	0.392372722616248
0.327823245057586	0.228528411873933
-0.204060038594573	0.316214184385138
0.086425757212907	0.158585356139116
0.153972029038712	0.298780224833595
0.482243172222823	0.445334496009923
0.110665948597376	0.0803891826749404
0.739668904806418	1.36862535621363
0.0432881512783175	0.0816258069251834
0.240197866849422	0.134133202392533
0.481982666447233	0.343859118291662
0.00839186354914155	0.00923154105547675
0.0480531779114972	0.0550677643871944
-0.25363160307083	0.388453299496828
0.0203310780275991	0.0208478610456689
-0.285870891548169	0.436714185273434
0.203174858071469	0.205397108074403
1.21370117733125	1.7302165324348
0.0208697726903045	0.0248420068301449
-0.143414615172225	0.172812230714015
0.0651462197054248	0.085297595253865
0.144231516133763	0.202568890224469
0.0182081676267054	0.018589527646447
-0.101265720297703	0.0797899351424601
0.196065155510503	0.233142437763339
0.0393440966796153	0.0397054462000011
0.0133785769626196	0.0148994008193899
0.0965653728454064	0.0861883605723229
0.371447815241467	0.602109886659105
-0.139989413612841	0.140023346591179
-0.0246518581591124	0.0144976930103344
-0.0887032243317302	0.0807360708734076
0.0816133656409708	0.100390343621339
0.128183048178687	0.179425939098074
0.165640322957961	0.206500348571308
0.243276643880272	0.295748275270967
0.333952246707914	0.395867829373348
0.562562863885608	0.632415796168838
0.292968403858404	0.341467179516762
-0.16445642936279	0.214908315444059
0.647022690117357	0.983212950308733
0.137460416748806	0.128388371691771
1.44804206770095	1.59475644256382
-0.551399763704601	0.635156312599177
-0.151779583572528	0.193267507849221
-0.326360056762055	0.513643368913032
-0.367915649526785	0.591949401741474
-0.0251995543192118	0.024163174023163
-0.0595903027706006	0.0544102732091753
0.973306408150321	1.65772047665578
0.347100055673517	0.539498657764408
0.0205093310934037	0.0163486203505688
0.143260566378	0.138325628774817
0.0413753746778494	0.0457236881942139
0.635342736858225	1.10921148552428
0.484241158370757	0.663981015608295
0.500772766452106	0.688322905924783
0.230898436341855	0.138849358812527
0.322598130757345	0.321838943443319
-0.183624955002271	0.254466927564111
0.306408779122188	0.527756097227665
0.423575754892198	0.645077740074566
0.380004438585504	0.481877472518266
0.200616947164276	0.184491328568705
0.475385981502815	0.906029055489252
0.0838841250201417	0.11121665247007
0.0372452221731046	0.0459697417557661
0.0315100984669504	0.0353053924454856
-0.0711369512800725	0.0571308280493743
-0.589921844692012	0.784113957141578
0.0769956484705145	0.0799930594082303
0.0228486285478659	0.0236771983781791
0.120852003242621	0.148369200269155
0.149306233325449	0.189059647790215
0.193543323413618	0.262308080061658
-0.0995031852974667	0.0955493027575373
0.0775085284465772	0.0435016533752995
-0.98265006530655	1.27084672061561
0.726357729653473	1.4454507850322
0.381585989511562	0.594590116571567
0.792043908145428	1.58796704758933
-0.461426549416561	0.556136610826164
0.25212931244621	0.249500023353898
0.11037729491473	0.0958040510578743
0.666308942525823	0.652612481738168
0.179819834705769	0.250145656529743
0.206169592912584	0.308408160999125
-0.332079724748548	0.455856259983472
0.0309184161920505	0.0260550473814319
-0.725315006078243	1.20060522799604
-0.48126652745421	0.869986418872495
0.0924154324685284	0.118857527397014
-0.0277075829089453	0.0305749490413147
0.234878836252519	0.259349076952161
-0.591864525470336	0.443608651855777
0.129179902314925	0.0931839890634989
-0.726359807833051	1.56306509327834
0.0447863401300702	0.0569761661167119
0.507750406068244	0.977655219474127
0.711706946889033	1.33914841147394
0.545829607310232	0.741265216562865
0.135068342664375	0.118034019863585
0.0912816592815469	0.056440444172951
1.29500481604622	1.86719728153958
0.268041519943481	0.433098736093352
0.461943870918031	0.851846735901988
0.337297054398644	0.6187682231744
-0.0800339417036828	0.103535828604009
-0.0161315725849824	0.0166737218955493
0.141837763778392	0.144205910021958
-0.811725281974181	1.07781205718209
-0.433497774317101	0.725853978825813
0.213985282245269	0.308926905471559
0.342655465321594	0.351023734371992
-1.35653606158701	1.46673073555249
0.562319122230484	0.642165234378244
0.162405817117664	0.206404326586721
0.0306902997133162	0.0379052125118954
-0.0905043895657747	0.121321185357102
0.323608265413743	0.424184235905817
-0.645807785958729	0.759155173483254
0.627035097921841	0.884019607574959
0.611145001159602	0.496338156314184
0.182737151450308	0.268912947016458
0.288160771035726	0.464031192911209
0.175560465370624	0.28159271789874
-0.154934918684782	0.208101700928241
0.0375263081665676	0.0406625011490826
0.615160511128509	0.880294604784197
0.261051272963896	0.277691719115201
0.0954978408180058	0.124801376982937
0.241924870639661	0.329028948337195
0.0584638603950927	0.0667056824220886
0.523516799727904	0.741504573459799
0.0144773191904967	0.00949634283806458
0.0212793156429138	0.0180565875592929
0.185151571728797	0.260612427169116
0.305846913227216	0.458425564661191
0.747537873951411	1.61577140115392
0.183065765204444	0.197082005569433
1.2683101921193	2.3642912958447
0.303102313586025	0.350279548944384
0.208892106877661	0.158895329541398
0.277291048479558	0.355360525280712
0.259877865967047	0.427528484760446
0.237088414146012	0.395823394579521
0.46004775677376	0.897041720222379
0.073597089641595	0.0994507462450982
-0.303293852503487	0.467067978013856
0.129879987502571	0.176783162197565
-0.710858319718393	0.906566081786848
-0.0439900334462262	0.0405714413291898
0.314375543558965	0.467864268303039
0.14682112698545	0.178117657459009
0.13484675609726	0.188135463880247
0.260553902471619	0.285021377269728
-0.0402239914461498	0.0295938563552214
0.973741250044433	1.26021506625474
0.060884317120892	0.0704941673692868
-0.023545056125951	0.0288868403744404
0.0992087088562969	0.120254106728543
0.504526366765343	0.655547332600332
0.425632005491842	0.590766067357661
0.797232573201202	1.22906998075162
0.267869797926233	0.291277689625081
0.279122249255583	0.374574172101247
0.217199599678234	0.363360291098812
0.332161929818856	0.580233212469435
0.36271437744561	0.683017376064505
0.529207492238052	1.01123872847942
-0.0236748302624266	0.0279552971110275
0.646879877327254	1.39741576791974
0.656744233823376	1.38222365351999
0.410120913819353	0.671791735927861
-0.584616618409847	0.709566543850445
0.359751014546621	0.403689470093822
0.290191132695149	0.433102817235812
0.788117938555668	1.90519860515835
0.356228048111582	0.444747389303371
0.366586658006342	0.511119074028917
-0.114902794467391	0.142355064501581
-0.0786447591450842	0.0696092023410304
0.126737388205014	0.1489962496434
0.22516522427436	0.326388545211416
0.344800997497895	0.522089126150204
0.109940927659235	0.113432505298435
0.255384798275699	0.27410839562066
1.03540877329781	1.68914090946074
0.0706642470735403	0.0595631656014476
0.1483163940631	0.172658942632076
0.0329688182924722	0.0334641195170695
0.164926042879638	0.210219204625282
-0.00894870708831771	0.0100131794515143
0.19958621693792	0.259426489360615
-0.484525025743446	0.695866718345346
-0.626632847909989	0.556613580400698
0.487427236277488	0.5332679756408
0.155326800657175	0.167245055924728
0.342449303178926	0.33170483402377
-0.0608876282177307	0.056958264552139
0.123960506478544	0.132368593861932
-0.11555134442498	0.0779607976397139
-0.00184395670001674	0.00187728037043439
-0.215979874318458	0.26015615736831
1.16898669615381	1.60381784989877
0.296465927616992	0.257493516690627
0.336144684133582	0.251020273341742
0.207014838033871	0.151591088317034
0.156735463774543	0.155958580817259
0.36523301550806	0.477009530340113
0.227717976850043	0.345121879621584
0.365274020167863	0.532933258489411
0.165982205708352	0.215090171867528
0.0840549914496505	0.100354425187831
0.166890499373573	0.233546289111276
0.379666810705177	0.565063613888964
0.0661397557637016	0.0547375064788632
0.0154890721631479	0.0128374860637641
0.50268186255116	0.826044437327498
0.361951914906739	0.423517477346727
0.0225413857744974	0.0207868411424451
0.120745736839061	0.141854412345146
-0.0823327025246973	0.0558070039806241
0.324702019775206	0.458801443347246
0.502110003842289	0.885765641397131
0.141981241796113	0.160547191260205
0.466026423934108	0.439422995791397
0.716433120029156	0.686591396007442
1.0409484819321	1.39319061989855
0.501352261785243	0.732648798097429
0.332709878007613	0.448066459430798
0.142557278868994	0.18917834635892
0.143169225884959	0.183084082777163
-0.235995355871072	0.314700803611846
0.038571101260733	0.0441701743599755
-0.612118851652296	0.984946664260645
0.273945130787928	0.260930700343862
-0.103190260761564	0.0921553936167858
0.261309705192809	0.364929445259492
0.766544603816947	1.21994903943956
0.392281500278004	0.338320993237798
0.127599892597024	0.0986194766240417
0.0733332538393678	0.0728683630978133
0.48912768444484	0.901957796450781
0.53819577739627	0.883937062194845
0.265707470446295	0.382224363892524
0.179366598222548	0.254687482506061
0.246804793999818	0.356293597551916
0.887493738558352	1.28227835451644
0.327357406983912	0.349282683554232
0.432572436293288	0.661770487141349
1.24289104734121	1.30194468318046
0.20483456062872	0.140813374489405
1.31721727170859	1.6108736187847
1.23805031359452	1.82280991799897
0.116040555652922	0.091322628382217
0.470064252985362	0.652081645450075
0.307458352259546	0.454555164870286
0.27905752456427	0.533588026931513
0.394818253454466	0.753909299825869
0.39396085998504	0.661850709269072
0.00580100760801249	0.00673846041189632
0.399987520826021	0.81994951395928
-0.205179079746226	0.305694318142019
-0.190932690307128	0.243117171301703
-0.614864705623862	0.742889130266974
0.417059265889617	0.440784194413265
0.726322053527088	0.711969996966952
0.419023384719687	0.576867196378085
0.374567611543386	0.468702381495047
0.7958379911003	1.68246991442764
0.90687298493026	1.11587641895951
0.539099478038692	0.762641011151235
0.965874496844569	1.84791814158294
0.200921662305543	0.322553518380125
0.266307857510181	0.479586020938217
0.233022985580944	0.389471372915819
0.288528516752328	0.483703010396462
0.297979310222504	0.499930881523173
-0.107692710170843	0.127869942111906
0.139670352483501	0.190907487677543
-0.182067290220857	0.290736217313048
-0.0520862944508088	0.0557323556764764
-0.0756500959987252	0.062110785368423
0.248588867961689	0.297247162994445
0.386835532690249	0.321163010268944
0.24503666540298	0.261286580800712
-0.0558383272862591	0.0605109865094938
0.390817434037462	0.638173171265179
0.715315909804516	1.13118589822232
0.0145252165174111	0.0200439730533549
0.16629915946568	0.276924497936618
-0.294164462101067	0.484699975082869
-0.0898536162353847	0.112904612431694
0.566381835197844	1.28003527054741
0.328634447936534	0.540641247593363
0.320619505163449	0.552384243798678
0.212964599215056	0.320728128517272
-0.210615762905343	0.270030847372253
0.876790595981693	1.23735439831032
0.987738904835439	1.70621898485411
0.671936810234764	1.39346934548833
0.157041577054915	0.194197629874147
0.152455571502773	0.257474325114155
0.16786536774108	0.268101730802798
0.119614803147052	0.168288819923445
-0.120136205905957	0.166861077021172
0.162889251864029	0.231561673417294
0.430588273038848	0.885711470440736
0.0235500037846322	0.0296610532521799
0.147920592803624	0.244050516745454
0.498432853771685	0.731806626039131
0.395095502370528	0.724916799703694
0.29320449210921	0.504496035098084
0.421929632177316	0.847840420090679
0.440346739829252	0.967380982059427
0.687853317068715	1.36029139047506
0.479258932836116	0.821903507168009
0.429275090146924	0.746588427711219
0.0173640872714519	0.0156961289040032
0.475881916955862	0.936824115684395
-0.118904533882713	0.147283806274784
0.423816801121662	0.674505983227787
0.492236787391568	0.887773818935042
0.696836121357657	1.34539716392582
0.287401357406061	0.484721663006047
-0.0224116056467916	0.0286777214890499
-0.0467457000804618	0.0556494534846906
0.148801363078444	0.216023420420194
0.667767211164472	1.42853511177747
-0.0102272659198638	0.0128322916983969
0.487451019384267	0.981583688501991
0.166148025604939	0.283995045254804
0.141423263211977	0.210069801687071
0.26122338118417	0.500886840867619
-0.043139335278245	0.0502563428137705
0.174967473234186	0.27427134108202
0.316769309090777	0.517427598321599
0.509688689435692	1.17975275178432
0.401828034427735	0.724558790032226
0.614266689945811	1.65339569009232
0.135957477983045	0.204048313736339
0.116765433250204	0.146706533720093
0.128566129344445	0.162936883745672
0.347985381159883	0.612904574516506
0.381157728591493	0.723187559598878
0.203731397798573	0.315628413871586
0.127668567335871	0.233741000323749
0.114175184136518	0.179397648309788
0.554277758958951	1.21274040391927
0.518136138843332	1.10480054383648
0.578993431674079	1.29523369627497
0.098773321036554	0.141811616886046
0.288517281216768	0.512935958500305
0.372537565822082	0.695292770091292
0.758108207173029	1.14018396234425
0.211825756556461	0.384456282645877
0.0833352921281351	0.133231033734088
0.238665686275279	0.431689584993076
0.580062506860875	1.61364007183786
0.130460132710668	0.219646889227071
0.59256331397072	1.29987370587011
0.169046769552332	0.279978141350476
0.122199620014771	0.166626993910608
0.309010874502103	0.511097736673128
0.608319475553995	0.961317992654317
0.587377027235367	1.00696373490116
0.171598676830988	0.30285334221747
0.534081984160361	1.43398089425679
0.295770114933372	0.556259656215413
0.471746293893215	1.00331484567362
0.0806438283328291	0.104327142172032
0.0290000667433509	0.0377957193717816
0.246095306628511	0.432876105153196
0.43165163741594	0.941338668209121
-0.123917620202405	0.134586731588664
-0.0899900666560273	0.0925868707877481
0.281605554418029	0.455187440962657
0.460547899728446	0.915433741622553
0.559366288014659	1.17696933140991
0.66312503294168	1.39951378503594
0.549408675508292	1.30993357154276
0.383184751057769	0.892678245578286
0.21018781011654	0.39201685903209
0.505387162233188	1.1449057690419
0.13231217045296	0.192457634161455
0.270568044916803	0.451748879531839
0.0878395121290458	0.108154351480421
-0.30584732300458	0.564886539349066
0.115155105788355	0.165519475005416
0.180084808338038	0.295563478219283
-0.274044851153192	0.458090359761255
0.588574983138093	1.09020461260456
-0.0776599374445159	0.0923560735389421
0.301501352893464	0.482841963257336
-0.199209766067099	0.296327136230015
0.332089811232778	0.562552792712281
0.229577251059179	0.377700189504956
0.356863820527994	0.716582030441858
0.154821618947676	0.247588510869212
-0.169260714626491	0.240317920156047
0.509418986892174	0.919436651775063
0.208533416963552	0.278692627924198
0.272498627695647	0.365271308398109
0.0606833541699087	0.0716609460229322
-0.201752568293243	0.236695734969559
-0.164859822512643	0.194445119708027
0.251455033910167	0.358353098506281
0.203056711520127	0.232507885338496
0.165310074252165	0.2193242905025
0.3160719231911	0.483335539280107
0.14771821980923	0.174896704769595
0.609104206000142	1.61861755398679
0.184989829444989	0.343759917099363
0.420125275448663	0.879171923105627
0.562415416068947	1.08574210344347
0.300021519064828	0.433888157114669
0.200235304836374	0.25133908268685
0.15529618471235	0.231843793388602
-0.15117352592825	0.190023629460674
0.143250397258934	0.196015662307847
0.16573872599473	0.227935390530986
0.126426308371621	0.16984668832263
0.367214005616168	0.558568654603913
0.109523815448124	0.168080829139584
0.363445756780603	0.865712702546193
-0.113190703606625	0.117867975149531
0.603036506465197	0.965033019103396
0.300009808915715	0.348047821835581
0.552195559605733	0.779671850188931
0.581411898933434	0.724364832393258
0.517042551377648	0.628645416174682
0.802217012626519	1.20782591875153
0.50296478583132	0.626966507781712
0.536832341404129	0.594434267314793
0.281410279379443	0.351516701734883
0.14415599736427	0.127919190256224
0.276451720176843	0.267575002923292
0.356320821173509	0.342936038344979
0.141052183061753	0.146365730629937
0.379271781272363	0.344133846315812
0.392604792016603	0.349021136002396
0.846174006051067	0.871116736678324
0.606729920389973	0.478470839933016
0.538441997266655	0.457723507026101
