x	y	clickSelects
0.00126208161106001	0.71755320589642	31
0.11511548619756	1.80219903289152	212
0.00510071844275006	1.0418807782542	13
0.0287512206218801	1.35870584240959	13
-0.03365080403925	1.47040942250421	13
-0.04512750927234	1.5118078384985	11
-0.11437063660364	1.67119844893176	235
-0.10956752283097	0.664528888398318	235
0.11510115980356	0.882572411334711	235
0.06223785072403	0.367190764381714	235
-0.00296502011569011	0.743536503943463	36
0.05911205400905	0.373522050063033	88
0.0635559656604501	0.376991864933128	88
0.0635559656604501	0.376991864933128	401
0.06420797119372	0.377375738923198	401
0.0581177338958101	0.375962561582381	14
0.0652072771869701	0.374888725715739	14
-0.0528085689766	1.47201407021807	31
-0.11781013779205	1.92726727070992	13
-0.0290534593099001	1.29151288369762	11
0.07703542128528	1.31643236008407	235
-0.0763866514471301	0.946533232130243	235
0.0652218019270801	0.783007912912992	36
0.00963933716458998	1.05776045940739	36
0.0581177338958101	0.375962561582381	133
0.0636820605305399	0.81708273512127	72
0.0587754499537401	0.369529285196244	72
0.06420797119372	0.377375738923198	22
0.0652072771869701	0.374888725715739	172
0.06223785072403	0.367190764381714	401
0.05745975894427	0.369452928588994	14
-0.11003528765567	0.644164581238925	31
0.03045823703747	1.31555150429751	13
0.06336885710639	0.836314424647243	13
-0.00243038843593002	0.699933400467766	11
0.12235690625521	1.34995006164392	235
0.06420797119372	0.377375738923198	235
0.12250725343221	1.11476662484407	72
0.00348449017362995	1.06777249755156	72
0.0645546323833699	0.374513004052977	172
0.06754715020809	1.09172616526611	172
0.0581177338958101	0.375962561582381	172
0.0640012645014101	0.816016318247083	14
-0.0701622057148299	0.956499394243791	14
-0.00443471286302	0.73828697767791	31
-0.11472912963821	0.667296068487725	11
0.00109304736157001	0.735322201141117	90
-0.07147178366285	1.00285666198536	36
-0.0973344228956501	1.25547660114577	36
-0.1104353685985	0.647708890305016	36
0.11467015302452	0.923310858991119	198
0.0635559656604501	0.376991864933128	72
0.05911205400905	0.373522050063033	430
0.06585966746068	0.366177227219592	430
0.0581177338958101	0.375962561582381	72
0.0648597227312699	0.368523240093563	88
0.06420797119372	0.377375738923198	14
0.0652072771869701	0.374888725715739	14
0.0652072771869701	0.374888725715739	14
-0.12471047679858	0.612514940535192	163
0.12038524143497	2.25558660210301	212
0.0266752863661901	1.6851346370494	13
0.03426001940391	1.90075118614969	11
0.07637639634488	1.6070712207064	11
-0.02851390860762	1.25521500343297	235
0.11247389912803	0.920827324799657	11
0.10719848446395	0.891272613762797	11
-0.0652035236702699	0.956547183039728	11
-0.0212221065624001	1.26641485666717	36
-0.1080324490257	0.665459036479094	36
-0.0046025683669999	0.745892511340451	133
-0.11893901268695	0.641091513286	72
0.06833451958282	0.368469140792702	430
0.06585966746068	0.366177227219592	88
0.10960471209937	1.45214836920858	235
-0.10414056097637	1.38665925086646	36
0.0639017328460301	0.365536330718386	72
0.0597704167091699	0.36718955542521	72
-0.00750464349311009	0.717859099547978	72
0.0665682166371799	0.828459180683572	72
0.10597945941941	1.1908690121546	72
-0.00477052160096991	0.725929750750573	72
-0.11003528765567	0.644164581238925	88
0.0652072771869701	0.374888725715739	14
0.05911205400905	0.373522050063033	14
0.0645546323833699	0.374513004052977	715
0.0648597227312699	0.368523240093563	14
0.00563406202188999	0.726813650703039	14
0.06059876422738	1.14591810457149	170
0.0924649661880299	2.1585141241392	13
-0.0756466882906399	2.03292612037462	235
0.0581177338958101	0.375962561582381	235
-0.10889985269299	0.648542493863427	235
0.0543027984640301	1.14440046218719	11
-0.10793345720697	0.645374537831979	198
0.0581177338958101	0.375962561582381	72
0.00512151210510004	1.09303651718337	133
-0.0142724741096401	0.680895458315317	88
0.06420797119372	0.377375738923198	88
0.0607995158253001	0.822413531114853	14
-0.0160854355784501	1.674313823733	13
0.06733620341836	1.5429131801597	13
-0.0720599088884599	1.0003407882919	11
0.0252425452065199	1.32473742349559	635
0.0635256156717201	0.83491184544138	235
-0.11153953057504	1.45694865407772	11
0.11765317951771	0.935569751734404	235
-0.10912391677433	0.643157178038856	198
-0.11395909158641	0.667711428174264	72
-0.10659500267485	0.634149985148876	88
0.0670242415089699	0.359509480594978	14
0.0648597227312699	0.368523240093563	14
0.0648597227312699	0.368523240093563	14
-0.03692644086671	1.50845639932372	212
-0.0332438056805	1.48658598661021	13
0.0670367836310799	0.772294632875575	11
-0.00857427786738008	0.695040355121162	36
-0.06255089295981	0.99315643866062	88
0.06420797119372	0.377375738923198	14
0.0648597227312699	0.368523240093563	715
0.0635559656604501	0.376991864933128	715
0.0635559656604501	0.376991864933128	163
0.11352062528349	0.915995526146989	11
0.06420797119372	0.377375738923198	11
0.0635559656604501	0.376991864933128	36
0.06833451958282	0.368469140792702	36
0.06585966746068	0.366177227219592	36
-0.1104353685985	0.647708890305016	36
0.0645546323833699	0.374513004052977	198
0.0635559656604501	0.376991864933128	72
-0.10339004713052	0.641051646808914	72
0.06767950886556	0.36811363919768	88
0.0645546323833699	0.374513004052977	14
-0.1156421600018	0.650438160474704	715
0.0645546323833699	0.374513004052977	353
0.10910538992303	0.912593319595589	31
-0.12107642919803	1.81514471915345	635
0.00101702947233995	1.08693744015274	11
-0.10879978508339	0.6672787691126	36
0.0711553205668201	0.776882141366428	72
0.05911205400905	0.373522050063033	72
0.0658080995613901	0.836566759552984	72
0.000357962898960063	0.734918030441287	88
0.06833451958282	0.368469140792702	88
0.0635559656604501	0.376991864933128	14
0.06420797119372	0.377375738923198	353
0.07204752717041	1.40997777292758	31
-0.0680396083871999	0.982071669610774	13
0.00212905624449999	0.730947284546841	11
0.0652072771869701	0.374888725715739	11
0.05297287923024	0.35865742730132	72
0.0645546323833699	0.374513004052977	88
0.0584534318694701	0.367118450782497	88
0.06585966746068	0.366177227219592	88
0.06585966746068	0.366177227219592	14
0.0652072771869701	0.374888725715739	14
0.0639017328460301	0.365536330718386	14
0.0635559656604501	0.376991864933128	14
0.0635559656604501	0.376991864933128	14
0.0584534318694701	0.367118450782497	13
0.00156932008574007	0.73504503077714	59
0.0748065200831001	0.81271068173311	59
-0.0634718934974401	1.01642776523028	11
0.00607346777531004	1.08909062656232	72
-0.11458713645513	0.639937100855689	72
0.00156932008574007	0.73504503077714	72
-0.10339004713052	0.641051646808914	88
0.0587754499537401	0.369529285196244	672
0.06767950886556	0.36811363919768	11
0.1066874809811	1.21037256873768	11
-0.10956752283097	0.664528888398318	11
0.0587754499537401	0.369529285196244	11
0.0652072771869701	0.374888725715739	222
0.0597704167091699	0.36718955542521	72
0.0635559656604501	0.376991864933128	133
-0.10879978508339	0.6672787691126	88
0.0639017328460301	0.365536330718386	30
-0.10726551426757	0.658469453924844	30
0.0645546323833699	0.374513004052977	123
0.0648597227312699	0.368523240093563	353
0.0652072771869701	0.374888725715739	14
0.0648597227312699	0.368523240093563	53
-0.00988367928697009	0.71971926435893	31
0.00424036308767994	1.05917422769397	170
-0.11447916191638	1.45943942991178	59
0.0581177338958101	0.375962561582381	11
-0.00443471286302	0.73828697767791	11
0.05297287923024	0.35865742730132	36
0.0581177338958101	0.375962561582381	36
-0.06668910799843	1.00561776177919	133
0.0519836070258299	0.360833434241221	14
0.06420797119372	0.377375738923198	14
0.06290370592826	0.367866366203715	353
0.0652072771869701	0.374888725715739	353
0.0635559656604501	0.376991864933128	14
-0.000377464564079943	0.730201139612722	11
0.0581177338958101	0.375962561582381	11
0.06898927386687	0.360110468231792	11
0.06223785072403	0.367190764381714	222
0.0746466540372199	0.810354401580927	133
0.0519836070258299	0.360833434241221	14
0.0645546323833699	0.374513004052977	14
0.0648597227312699	0.368523240093563	123
0.06767950886556	0.36811363919768	123
0.0635559656604501	0.376991864933128	176
0.0284104370615801	1.33674437713074	31
-0.0357872956821299	1.48408909800773	26
0.0628986070572799	0.361111602192087	11
0.06767950886556	0.36811363919768	133
0.0635559656604501	0.376991864933128	30
0.0584534318694701	0.367118450782497	53
0.06420797119372	0.377375738923198	53
0.07146744162785	0.806844209278806	59
-0.10534695311921	1.47390570871275	59
0.0645546323833699	0.374513004052977	310
0.0648597227312699	0.368523240093563	175
-0.10726551426757	0.658469453924844	72
-0.11472912963821	0.667296068487725	30
0.06223785072403	0.367190764381714	30
-0.10966740970982	0.650260282593536	30
0.0635559656604501	0.376991864933128	14
0.06420797119372	0.377375738923198	14
0.06420797119372	0.377375738923198	123
0.05911205400905	0.373522050063033	123
-0.1152403752118	1.64974410982189	31
0.0726480449645801	1.09738356320078	11
0.0599759463868299	2.06944436717513	11
0.0639017328460301	0.365536330718386	11
-0.11641302588233	0.644734203921403	406
0.0696223288167599	0.778293624888904	11
-0.10776874127286	1.44691855752945	230
-0.10736594271319	0.626042155881024	93
0.0635559656604501	0.376991864933128	11
0.0639017328460301	0.365536330718386	36
0.0652072771869701	0.374888725715739	36
0.05745975894427	0.369452928588994	36
-0.1154995816303	0.661177379683433	99
0.06585966746068	0.366177227219592	214
0.06833451958282	0.368469140792702	30
0.0635559656604501	0.376991864933128	88
0.0652072771869701	0.374888725715739	14
0.0639017328460301	0.365536330718386	123
0.0652072771869701	0.374888725715739	123
0.0581177338958101	0.375962561582381	14
-0.10956752283097	0.664528888398318	59
0.06833451958282	0.368469140792702	59
0.10374271194624	1.20334713136126	11
0.06420797119372	0.377375738923198	294
-0.1080324490257	0.665459036479094	36
0.12151888019311	0.891169743475008	133
-0.11893901268695	0.641091513286	133
0.06223785072403	0.367190764381714	310
-0.1148717084332	0.650808619659502	14
0.0635559656604501	0.376991864933128	14
0.0645546323833699	0.374513004052977	123
0.0652072771869701	0.374888725715739	123
0.06420797119372	0.377375738923198	53
0.05911205400905	0.373522050063033	11
0.0635559656604501	0.376991864933128	406
0.05911205400905	0.373522050063033	36
0.0125615352099799	1.07321960408768	36
0.0635559656604501	0.376991864933128	214
0.05911205400905	0.373522050063033	214
0.0652072771869701	0.374888725715739	120
-0.07076733525698	1.81492247520646	11
0.06336885710639	0.836314424647243	93
0.0648597227312699	0.368523240093563	294
0.0536372940738901	0.358399350008671	294
0.0652072771869701	0.374888725715739	36
0.12113192605391	0.905018990965552	36
-0.02563513110666	1.30554591037406	36
0.0581177338958101	0.375962561582381	133
0.06833451958282	0.368469140792702	133
0.0635559656604501	0.376991864933128	214
0.06420797119372	0.377375738923198	72
0.0645546323833699	0.374513004052977	30
0.0652072771869701	0.374888725715739	88
0.0581177338958101	0.375962561582381	88
0.0648597227312699	0.368523240093563	123
0.0645546323833699	0.374513004052977	123
0.0639017328460301	0.365536330718386	123
0.06585966746068	0.366177227219592	123
0.0645546323833699	0.374513004052977	123
0.06585966746068	0.366177227219592	563
0.0639017328460301	0.365536330718386	53
0.05882680332489	0.7933212454988	59
0.06420797119372	0.377375738923198	294
0.0648597227312699	0.368523240093563	36
0.12234835153129	0.893528042013177	36
0.0636820605305399	0.81708273512127	99
0.0648597227312699	0.368523240093563	72
0.0635559656604501	0.376991864933128	215
0.0587754499537401	0.369529285196244	88
0.0648597227312699	0.368523240093563	14
0.06585966746068	0.366177227219592	123
0.10446371649336	0.879597947817402	31
0.11326140373224	1.10537472308348	170
0.0653597483817801	1.08920912943812	13
0.11890647585116	0.894182986183618	36
0.0670242415089699	0.359509480594978	30
0.0670242415089699	0.359509480594978	30
-0.00550495404433993	0.725556302981496	30
0.06767950886556	0.36811363919768	88
0.0652072771869701	0.374888725715739	14
0.0635559656604501	0.376991864933128	14
0.06767950886556	0.36811363919768	14
0.0581177338958101	0.375962561582381	521
0.0858112553169199	1.58236399574313	212
0.0706730576572501	1.697652736905	13
0.11314497131807	0.918005114963315	36
-0.1049258497177	0.640251968501953	99
0.0645546323833699	0.374513004052977	30
-0.10716634243187	0.643681304774792	30
0.0635559656604501	0.376991864933128	14
0.0645546323833699	0.374513004052977	521
0.0621625078475501	0.799336495392656	31
0.10616659490979	1.80811274489898	13
-0.00313380307398004	0.74226040411173	11
0.00793568209119999	1.0606407374743	230
-0.1218252941374	1.72673229760322	93
0.0623156899319901	0.811140148953863	99
0.0645546323833699	0.374513004052977	48
0.05264736717235	0.360573600440393	133
-0.11047851152155	1.49378161124167	66
-0.11395909158641	0.667711428174264	64
0.06833451958282	0.368469140792702	88
0.06420797119372	0.377375738923198	14
0.0635559656604501	0.376991864933128	14
0.0635559656604501	0.376991864933128	123
0.0645546323833699	0.374513004052977	13
0.0165215825217999	1.04175994616515	120
-0.00128097745117994	0.716109799063961	36
-0.1080324490257	0.665459036479094	36
-0.0051700734025899	0.728313874443053	36
-0.1104353685985	0.647708890305016	36
0.0597704167091699	0.36718955542521	72
0.0652072771869701	0.374888725715739	88
0.06420797119372	0.377375738923198	14
0.0597704167091699	0.36718955542521	27
-0.0912834397170901	1.27426776012761	13
0.10459856059249	1.22836905326359	13
-0.0596529028688699	0.966438788083915	230
-0.0955157674945599	1.25913821602217	36
0.06290370592826	0.367866366203715	36
0.06420797119372	0.377375738923198	88
0.0652072771869701	0.374888725715739	14
0.11218869924122	0.921291125320972	13
0.07006024405033	0.818956949037639	36
0.0645546323833699	0.374513004052977	30
0.0645546323833699	0.374513004052977	88
0.0635559656604501	0.376991864933128	88
-0.00239993338034994	0.732892816697163	428
-0.10506052549729	0.643744352212578	123
0.07006024405033	0.818956949037639	123
0.0635559656604501	0.376991864933128	13
-0.0020615379128901	0.719480791422479	36
0.10470808546857	0.897185260519174	36
-0.0651539715445599	0.991422388416527	36
0.11745928703645	0.932678179359463	36
0.0587754499537401	0.369529285196244	133
-0.10813269715744	0.641991550487167	72
-0.11816929862307	0.627944651712495	30
0.0652072771869701	0.374888725715739	434
0.0635559656604501	0.376991864933128	88
0.0639017328460301	0.365536330718386	14
0.06290370592826	0.367866366203715	14
0.06420797119372	0.377375738923198	123
0.07460171922713	1.37511290975299	31
0.0652072771869701	0.374888725715739	11
0.06898927386687	0.360110468231792	36
-0.11880250175897	0.624215741489677	36
0.00698596578995003	1.05211344673645	36
0.06767950886556	0.36811363919768	158
0.0635559656604501	0.376991864933128	14
0.10356363620913	2.26513609757582	13
0.00662030852129991	0.678382347985193	11
-0.0703427756838699	0.995139545869282	230
0.07329036372993	0.811720864393816	36
-0.0697557203746699	1.00267981244171	272
-0.1104353685985	0.647708890305016	30
0.05745975894427	0.369452928588994	14
0.0652072771869701	0.374888725715739	53
0.06420797119372	0.377375738923198	123
0.11469862984714	1.14370014765523	11
0.03848141802018	1.59969829699655	11
-0.11127441201502	1.42832173461223	11
-0.0556359042442201	0.921451778644285	30
0.1122799286121	0.924695212037429	30
0.0652072771869701	0.374888725715739	88
0.0635559656604501	0.376991864933128	27
0.0581177338958101	0.375962561582381	27
-0.12061679698221	0.628704388400546	53
-0.03813024268454	2.05467244850595	13
-0.01475315139792	1.21089156907592	11
0.0473337188894101	1.53768442655553	11
0.11583307552036	0.871673359987756	230
0.06336885710639	0.836314424647243	36
-0.0931728392903399	1.22372126949443	36
0.0581177338958101	0.375962561582381	158
-0.0763866514471301	0.946533232130243	34
-0.10956752283097	0.664528888398318	66
0.0652072771869701	0.374888725715739	123
0.06420797119372	0.377375738923198	414
0.06420797119372	0.377375738923198	702
0.000189291242620016	0.72093945487594	13
0.0683867601377901	0.817121835924766	230
0.05911552558949	0.820972789840709	36
0.05745975894427	0.369452928588994	488
0.00139815646047992	0.736347751842904	72
0.06886823670474	0.836603071203461	72
0.06767950886556	0.36811363919768	66
0.0645546323833699	0.374513004052977	30
0.0597704167091699	0.36718955542521	88
-0.11816929862307	0.627944651712495	123
0.06420797119372	0.377375738923198	53
0.0261353647428899	2.0827826697656	212
0.08222564009427	1.52670609602666	26
0.0832386653511199	1.76442570511782	13
0.00341461556764999	1.08506529454005	11
0.11791117485766	0.887678393541028	36
0.04575407217393	1.54829936297247	36
0.0648597227312699	0.368523240093563	36
0.06336885710639	0.836314424647243	36
0.06767950886556	0.36811363919768	158
0.0635559656604501	0.376991864933128	158
0.0597704167091699	0.36718955542521	118
-0.11033566265907	0.656762889661432	34
0.0652072771869701	0.374888725715739	34
0.00361090966336008	1.09110314688416	72
-0.10793345720697	0.645374537831979	66
0.06290370592826	0.367866366203715	396
0.06420797119372	0.377375738923198	123
-0.00824231060049008	0.719858923311064	31
-0.00355731821763006	2.0430205705734	2
-0.10793345720697	0.645374537831979	439
-0.00386801463704001	0.746318560036076	230
-0.12326126527118	1.94394733352046	102
0.00424726251252006	1.52946070698678	11
-0.07223981722236	1.00207885116729	11
-0.00419137284190008	0.712349896474246	158
0.06833451958282	0.368469140792702	110
0.0635559656604501	0.376991864933128	30
0.06585966746068	0.366177227219592	246
0.0639017328460301	0.365536330718386	14
0.0635256156717201	0.83491184544138	13
-0.10793345720697	0.645374537831979	11
0.00230067986053006	0.733609971901024	230
0.0731316574043499	0.816390913378528	11
-0.07410963081966	1.96000169201367	36
0.05911205400905	0.373522050063033	80
0.0632480444275601	0.795962304386139	231
0.06420797119372	0.377375738923198	53
0.06420797119372	0.377375738923198	123
0.0113792503146299	1.03521024796681	212
-0.0859619670883101	1.15534527698924	212
0.0479369692743601	2.43892864835479	11
0.11880869010932	1.13530060003396	11
0.00109304736157001	0.735322201141117	34
0.02472567955964	1.76057398411738	110
0.00303170035361999	0.728250908334178	363
0.0587754499537401	0.369529285196244	231
0.10081788525303	1.20064572474901	31
0.00156932008574007	0.73504503077714	11
0.06420797119372	0.377375738923198	644
0.0635559656604501	0.376991864933128	36
0.0645546323833699	0.374513004052977	316
0.11006315496098	0.919883460545281	34
0.06767950886556	0.36811363919768	34
-0.01841984844195	1.29164320959307	72
0.0433569865805601	1.52902599571913	72
0.05911205400905	0.373522050063033	30
0.0119065385731501	1.05953670153161	246
0.08053616136696	1.35865539437106	231
0.0597704167091699	0.36718955542521	53
0.0264806178688199	1.3232842195634	212
-0.00479422926287998	1.02959439991642	26
-0.0600801836359299	0.97975465580637	26
0.0584534318694701	0.367118450782497	13
-0.0932752277039199	1.24811892957294	13
0.0118080111427701	1.06838862813314	397
0.0635559656604501	0.376991864933128	34
-0.0619704832757899	0.986711050971494	72
0.0648597227312699	0.368523240093563	4
0.06420797119372	0.377375738923198	363
0.000526532407540081	0.713128870038398	123
0.0587754499537401	0.369529285196244	123
-0.11395909158641	0.667711428174264	123
-0.0643739769861	1.73393547678034	26
0.11007044958404	1.40757351686889	11
0.0659662941423	0.831032824401967	43
0.11323366121701	1.20507106101423	644
0.00101702947233995	1.08693744015274	36
-0.00898032301955998	0.71718461029459	11
-0.00586311307214005	0.689222540712429	36
-0.00767104295682008	0.713093016490935	36
-0.11472912963821	0.667296068487725	34
-0.10726551426757	0.658469453924844	34
0.06420797119372	0.377375738923198	76
0.0581177338958101	0.375962561582381	14
0.0635559656604501	0.376991864933128	14
0.0670242415089699	0.359509480594978	123
0.05674224664532	1.12787015347051	31
0.0711509667121799	0.81130611820045	212
0.00320369198277004	0.710148615077079	26
0.0519836070258299	0.360833434241221	439
-0.0497435338807699	1.99017318097381	13
-0.10946889167077	0.635752979508566	11
-0.10429388864077	0.642054326102691	36
0.06585966746068	0.366177227219592	36
0.0652072771869701	0.374888725715739	36
0.0694630005810399	0.809330173042035	34
0.06420797119372	0.377375738923198	80
-0.10956752283097	0.664528888398318	30
0.10759184554054	1.16395300905292	246
0.06833451958282	0.368469140792702	4
-0.10870097348981	0.642871224049753	544
0.06420797119372	0.377375738923198	53
0.0334141541231501	1.8317321552904	212
0.04670167124798	1.57817984143833	397
-0.03727930861948	1.45128850031301	36
0.1122799286121	0.924695212037429	11
0.0635559656604501	0.376991864933128	312
0.06833451958282	0.368469140792702	312
0.06420797119372	0.377375738923198	80
0.0635559656604501	0.376991864933128	30
0.0645546323833699	0.374513004052977	4
0.06290370592826	0.367866366203715	14
0.0652072771869701	0.374888725715739	14
0.0652072771869701	0.374888725715739	53
0.07294858354931	1.40747731199424	11
-0.12281935418301	2.15775504115799	43
0.000666917507210041	0.737792052642124	11
-0.0673102415697999	1.01834963217156	36
-0.11227826401071	0.6409327270838	34
0.0635559656604501	0.376991864933128	34
-0.10726551426757	0.658469453924844	34
0.0635559656604501	0.376991864933128	312
-0.00550495404433993	0.725556302981496	372
-0.1080324490257	0.665459036479094	110
0.0639017328460301	0.365536330718386	30
0.0652072771869701	0.374888725715739	4
0.0584534318694701	0.367118450782497	4
0.0652072771869701	0.374888725715739	513
-0.10879978508339	0.6672787691126	123
0.10970562201192	0.892502902692253	43
-0.08859084682211	1.25690406552378	43
0.0754338861175301	0.75687046900586	43
0.0059420989913801	1.53002718886936	36
0.06143946807373	0.770937118022015	36
0.0581177338958101	0.375962561582381	34
0.0615768330056701	0.361053907923462	372
0.0581177338958101	0.375962561582381	4
0.06420797119372	0.377375738923198	4
0.06420797119372	0.377375738923198	4
0.0645546323833699	0.374513004052977	9
0.0587754499537401	0.369529285196244	605
0.0648597227312699	0.368523240093563	14
0.0635559656604501	0.376991864933128	14
-0.1156421600018	0.650438160474704	53
-0.0982867194670101	1.25749333080717	36
-0.11304747486272	0.645899342482295	36
0.0699407245777799	0.780740198593817	36
0.06767950886556	0.36811363919768	34
-0.10889985269299	0.648542493863427	34
-0.1104353685985	0.647708890305016	30
0.0652072771869701	0.374888725715739	30
0.06833451958282	0.368469140792702	4
0.0652072771869701	0.374888725715739	4
0.06420797119372	0.377375738923198	513
0.06420797119372	0.377375738923198	14
0.05745975894427	0.369452928588994	14
0.0645546323833699	0.374513004052977	123
0.0597704167091699	0.36718955542521	123
-0.08810122731465	1.96779412208314	212
-0.10958488064777	1.77912460071812	13
0.11142544222559	0.912558852777581	43
0.11171885503425	1.14929882011133	43
-0.05852655329901	0.983065358669033	36
0.11037186530332	0.913813727024823	36
0.0615741440547	1.1367747860997	11
0.11898227624037	0.921728728403086	11
-0.1104353685985	0.647708890305016	76
0.06290370592826	0.367866366203715	4
0.06420797119372	0.377375738923198	4
-0.10889985269299	0.648542493863427	31
0.0736392215586801	1.09350982380067	11
-0.00296502011569011	0.743536503943463	36
-0.0682568145573501	1.01413105008452	11
-0.0373387160368801	1.51156798613858	110
-0.0604112238149299	0.999967139433236	30
0.0628986070572799	0.361111602192087	4
0.11554759692151	1.82869138000188	2
0.03196473628889	1.72923612553114	11
-0.0508360383627999	1.49915885921152	11
-0.04366935082818	1.50084077592226	11
-0.00169825130007006	0.710048040680631	36
0.0101123674208901	0.643109382164946	36
-0.10415774264159	0.642738783935212	36
-0.0000646609093599704	0.735508176187449	133
0.06290370592826	0.367866366203715	34
0.0676297530907799	0.814909588891929	372
0.0645546323833699	0.374513004052977	30
0.0581177338958101	0.375962561582381	30
0.0635559656604501	0.376991864933128	260
0.0635559656604501	0.376991864933128	123
0.05911205400905	0.373522050063033	123
0.10738373930404	0.887510911967711	13
-0.0863729214921401	1.22788180605349	13
0.0645546323833699	0.374513004052977	11
0.07329036372993	0.811720864393816	36
-0.10870097348981	0.642871224049753	36
0.0652072771869701	0.374888725715739	36
0.06767950886556	0.36811363919768	36
0.10875230914358	1.55929341964247	34
0.1096067176285	0.913149202588084	30
0.06290370592826	0.367866366203715	246
0.01636868655211	1.32947282370504	123
0.0630337504431899	1.13877755888535	2
0.1081479314014	0.88614796793016	2
0.10982475736573	1.13024956619839	2
0.11657122747812	1.17608359021439	26
-0.04164699083215	1.52602683643316	13
-0.10835613574269	0.638216211003583	13
0.06585966746068	0.366177227219592	106
0.0714944914986799	1.74820308962114	36
0.06585966746068	0.366177227219592	36
0.05911205400905	0.373522050063033	34
0.0652072771869701	0.374888725715739	34
0.0652072771869701	0.374888725715739	76
0.05911205400905	0.373522050063033	30
0.11006315496098	0.919883460545281	14
0.11833955445088	0.896611579889726	123
0.0652072771869701	0.374888725715739	94
0.0635559656604501	0.376991864933128	94
0.000211886135029982	1.0862266421414	11
-0.0656705529167101	1.86864142599797	43
0.0620588917553699	1.1479787848319	11
0.00551558176733002	1.07071472617888	36
-0.1108038964538	0.643807646370522	34
0.00156932008574007	0.73504503077714	30
-0.12380927552824	0.595206020662223	30
0.0587754499537401	0.369529285196244	260
-0.10659500267485	0.634149985148876	123
0.06420797119372	0.377375738923198	123
0.00271935595707995	1.62697090446205	13
0.00083762073507998	0.732782372254615	106
0.10073351816215	1.21761937477362	11
0.06900960996221	1.13141499734079	36
0.0543250890513101	1.55679448478282	36
0.11088929568562	1.21791090409008	34
0.0639017328460301	0.365536330718386	30
0.06420797119372	0.377375738923198	30
0.0648597227312699	0.368523240093563	4
-0.0046025683669999	0.745892511340451	123
0.0652072771869701	0.374888725715739	275
0.0645546323833699	0.374513004052977	275
-0.0653752207924401	1.87887101611738	43
-0.00152883731030995	0.718468188212996	106
0.00896570987699996	0.68018935845999	36
-0.06650881410484	1.00179102056821	133
-0.00988367928697009	0.71971926435893	133
0.0131593276505	1.04343575366996	34
0.12113192605391	0.905018990965552	34
0.0607995158253001	0.822413531114853	30
0.06833451958282	0.368469140792702	4
0.0639017328460301	0.365536330718386	4
0.06585966746068	0.366177227219592	123
0.0635559656604501	0.376991864933128	123
0.00010558151392992	0.726660773384536	123
0.0581177338958101	0.375962561582381	123
0.0735410321760099	1.37614206898966	106
0.0725294416020901	1.11001647901618	106
0.00416950711709996	0.718629584013738	36
0.07009976296167	1.12936354651028	36
-0.00607270351926004	0.730964333178815	110
-0.06160562975874	0.982235348207653	30
-0.1104353685985	0.647708890305016	4
0.0635559656604501	0.376991864933128	4
-0.10813269715744	0.641991550487167	123
0.0645546323833699	0.374513004052977	123
-0.10879978508339	0.6672787691126	136
0.0652072771869701	0.374888725715739	42
-0.0130716542423801	1.74841060392502	13
0.0177355065206599	1.0280489276122	11
0.00212905624449999	0.730947284546841	11
0.0652072771869701	0.374888725715739	36
0.00443155091940994	1.4380220944814	36
0.0105018743887899	1.10106994965611	30
0.06420797119372	0.377375738923198	30
0.0716152485906001	0.808405266928526	4
0.06671387494388	0.792705551144696	4
0.06420797119372	0.377375738923198	123
0.0581177338958101	0.375962561582381	42
-0.0186336539919401	1.25836321752147	212
0.0652072771869701	0.374888725715739	43
0.04588843899316	1.10070961791887	36
-0.10716634243187	0.643681304774792	133
0.000189291242620016	0.72093945487594	431
0.06420797119372	0.377375738923198	123
0.06420797119372	0.377375738923198	123
0.0652072771869701	0.374888725715739	42
0.0607827058263299	0.774288027110213	212
0.10061137357607	1.43816107909252	13
0.10946986678664	1.16677676951012	43
-0.1197091405303	0.643982340023495	11
0.0652072771869701	0.374888725715739	36
0.12303635758348	1.83111796845019	70
0.12434179130393	1.78241346802307	70
0.000496121647820091	0.716515372754278	36
0.0584534318694701	0.367118450782497	34
0.06420797119372	0.377375738923198	4
0.06420797119372	0.377375738923198	4
-0.1108038964538	0.643807646370522	30
-0.10889985269299	0.648542493863427	30
-0.00154874416508011	1.05713361404385	246
-0.10879978508339	0.6672787691126	4
-0.00079657908364994	0.729334047181087	4
-0.1148717084332	0.650808619659502	4
-0.10429388864077	0.642054326102691	123
0.0635559656604501	0.376991864933128	123
0.06585966746068	0.366177227219592	123
0.0597704167091699	0.36718955542521	127
-0.00607270351926004	0.730964333178815	133
0.0639017328460301	0.365536330718386	34
0.00726962460853997	0.708427040700401	34
-0.06142331335244	0.94517569550452	34
0.0581177338958101	0.375962561582381	123
-0.0463960832661301	2.22201297640437	13
-0.00369969520016	0.743116554546987	43
-0.0388292403787001	1.19265930129573	43
-0.1108038964538	0.643807646370522	202
0.0648597227312699	0.368523240093563	36
-0.1156421600018	0.650438160474704	70
0.00139815646047992	0.736347751842904	34
0.0645546323833699	0.374513004052977	34
0.0635559656604501	0.376991864933128	87
0.0648597227312699	0.368523240093563	34
0.0581177338958101	0.375962561582381	34
0.0652072771869701	0.374888725715739	34
0.06420797119372	0.377375738923198	4
0.069024884394	0.833501928342084	30
-0.10339004713052	0.641051646808914	4
0.00100823062769995	0.703818315428364	4
0.06260790074586	0.831690212121703	123
-0.0609940970034599	1.01491854271443	123
0.0635559656604501	0.376991864933128	123
0.0607995158253001	0.822413531114853	212
0.10977951512182	1.20070508699125	13
0.11229222523741	1.3983308613842	13
0.07006024405033	0.818956949037639	40
0.0652072771869701	0.374888725715739	11
-0.10339004713052	0.641051646808914	202
-0.10506052549729	0.643744352212578	11
0.05911205400905	0.373522050063033	127
-0.1154995816303	0.661177379683433	36
0.06978673400314	0.834056134239336	34
-0.00386801463704001	0.746318560036076	30
0.12247358292923	0.863938596973319	123
0.0652072771869701	0.374888725715739	123
-0.07602791271629	0.975941907114032	40
0.0611582260094601	1.13109756852226	40
0.0584534318694701	0.367118450782497	106
-0.05661221814213	1.68199134345929	106
0.06420797119372	0.377375738923198	25
0.0645546323833699	0.374513004052977	36
0.0587754499537401	0.369529285196244	36
0.05745975894427	0.369452928588994	591
0.10853486053895	0.918526614348533	34
0.06748733721058	0.819616029672938	34
0.0635559656604501	0.376991864933128	4
-0.11472912963821	0.667296068487725	68
0.0645546323833699	0.374513004052977	123
0.0635559656604501	0.376991864933128	123
0.0420732537394799	1.29231109367312	2
0.11463044164023	2.00266028450769	40
0.06585966746068	0.366177227219592	11
0.0597704167091699	0.36718955542521	11
0.11180292201307	0.892170437108348	11
0.0691434151828601	0.815896040955286	202
0.06833451958282	0.368469140792702	591
0.0648597227312699	0.368523240093563	87
0.0652072771869701	0.374888725715739	4
0.0581177338958101	0.375962561582381	123
-0.0195045358936801	1.72129686275684	13
-0.11880250175897	0.624215741489677	11
0.09967723537468	1.18675414726244	202
-0.10639962877447	0.637236509125398	202
0.0645546323833699	0.374513004052977	36
0.0645546323833699	0.374513004052977	11
-0.00443471286302	0.73828697767791	36
0.06420797119372	0.377375738923198	87
0.05911205400905	0.373522050063033	34
-0.1080324490257	0.665459036479094	34
0.0597704167091699	0.36718955542521	34
0.0652072771869701	0.374888725715739	4
0.06585966746068	0.366177227219592	4
0.05264736717235	0.360573600440393	123
0.06420797119372	0.377375738923198	123
0.10810232232675	1.40659624444464	2
0.0565111342055	1.11790509234834	212
-0.0357282200742	2.32653207580911	212
-0.06654459007158	1.02154131148811	40
-0.00490242367295002	1.53855059753944	40
-0.1104353685985	0.647708890305016	40
-0.0405454012909601	2.06278182825025	202
-0.11333204659528	0.630839437731419	36
0.0587754499537401	0.369529285196244	36
0.06223785072403	0.367190764381714	11
-0.116172763899	1.86328123512092	70
0.06833451958282	0.368469140792702	34
0.0652072771869701	0.374888725715739	34
-0.11410167076691	0.645761329462389	519
-0.00767104295682008	0.713093016490935	246
0.0645546323833699	0.374513004052977	4
-0.1080324490257	0.665459036479094	4
-0.0346580699525201	1.28728014948487	212
0.07522496230899	1.41409198581288	13
0.0567639482332401	0.352718135133033	11
0.0645546323833699	0.374513004052977	123
0.0581177338958101	0.375962561582381	123
0.06833451958282	0.368469140792702	123
-0.000966454103779935	0.715778051628812	68
0.0645546323833699	0.374513004052977	131
-0.00995603846779991	2.22665355630977	212
-0.10879978508339	0.6672787691126	11
0.10712411474978	1.3848197928806	202
0.00230067986053006	0.733609971901024	34
-0.07147178366285	1.00285666198536	34
0.0645546323833699	0.374513004052977	4
0.10317595169392	0.891536364535553	246
0.0635559656604501	0.376991864933128	4
0.06585966746068	0.366177227219592	123
0.06420797119372	0.377375738923198	13
0.0597704167091699	0.36718955542521	36
0.0652072771869701	0.374888725715739	36
0.0587754499537401	0.369529285196244	87
-0.10415774264159	0.642738783935212	110
-0.0673102415697999	1.01834963217156	4
0.0652072771869701	0.374888725715739	4
0.0635559656604501	0.376991864933128	123
0.00139815646047992	0.736347751842904	123
0.0635559656604501	0.376991864933128	123
0.06585966746068	0.366177227219592	123
0.06420797119372	0.377375738923198	131
0.11295158713508	0.925939639893916	212
-0.01427839049798	1.27459831615794	212
0.1050967086983	0.895367641490228	106
0.0648597227312699	0.368523240093563	36
-0.1148717084332	0.650808619659502	36
0.0650476272452301	0.84015611362711	11
0.00773983713247994	1.05293552369876	11
0.0771096032901999	0.773841472230172	34
0.0581177338958101	0.375962561582381	4
0.0584534318694701	0.367118450782497	4
0.06833451958282	0.368469140792702	4
0.0648597227312699	0.368523240093563	4
0.00636582933610996	0.725404325422096	4
0.05911205400905	0.373522050063033	4
0.0648597227312699	0.368523240093563	131
-0.0750773976508801	0.965787838932539	40
-0.06559762835517	1.00994669814699	11
0.0645546323833699	0.374513004052977	34
-0.07070411944971	0.998591409332611	4
0.0694630005810399	0.809330173042035	4
-0.10726551426757	0.658469453924844	123
0.0519836070258299	0.360833434241221	123
-0.10966740970982	0.650260282593536	123
-0.11641302588233	0.644734203921403	123
-0.06650881410484	1.00179102056821	106
-0.10956752283097	0.664528888398318	11
-0.11410167076691	0.645761329462389	199
-0.10758876611409	0.623617611746572	199
0.11295158713508	0.925939639893916	34
0.0645546323833699	0.374513004052977	4
0.00156932008574007	0.73504503077714	123
0.06767950886556	0.36811363919768	68
0.0645546323833699	0.374513004052977	136
0.0597704167091699	0.36718955542521	335
-0.0350624955574299	2.03388167836112	13
0.07862734687506	0.774639996687671	322
0.06420797119372	0.377375738923198	36
-0.10966740970982	0.650260282593536	11
0.0581177338958101	0.375962561582381	70
-0.0368700078981099	1.48548930033078	11
0.0652072771869701	0.374888725715739	199
0.00139815646047992	0.736347751842904	34
-0.0587082311397	0.990846763893855	34
0.00955036439010004	1.09654489616164	105
0.0645546323833699	0.374513004052977	4
0.05911205400905	0.373522050063033	36
0.0652072771869701	0.374888725715739	223
-0.0587082311397	0.990846763893855	4
0.06898927386687	0.360110468231792	646
0.12005443329019	0.882740125248395	4
0.06767950886556	0.36811363919768	651
0.0587754499537401	0.369529285196244	51
-0.06102551135228	0.990633337371438	2
0.00253009333261001	1.08404140632747	212
0.0452669873348199	1.55249746810219	212
0.12291492781055	0.893609678365597	40
-0.1197091405303	0.643982340023495	322
0.0820471962016001	1.36091470910013	40
-0.0466840794267001	1.47716652387521	141
0.06585966746068	0.366177227219592	223
0.06278844934163	1.14276738059915	4
-0.0969402611974699	1.21112969054335	4
0.0587754499537401	0.369529285196244	4
0.0597704167091699	0.36718955542521	92
0.06898927386687	0.360110468231792	92
0.0645546323833699	0.374513004052977	123
0.0645546323833699	0.374513004052977	123
0.0639017328460301	0.365536330718386	123
0.0639017328460301	0.365536330718386	651
-0.0210720426472699	1.25559549893004	40
0.11775179690411	1.14635238114896	40
-0.10989210961356	0.642802172182294	11
0.06223785072403	0.367190764381714	11
0.0581177338958101	0.375962561582381	4
-0.00477052160096991	0.725929750750573	123
0.0581177338958101	0.375962561582381	123
0.0645546323833699	0.374513004052977	123
0.06290370592826	0.367866366203715	51
-0.10127993954155	1.25259016294354	11
0.0316887955144001	2.04996685381901	11
0.1178472279608	0.921131725665469	4
0.0587754499537401	0.369529285196244	4
-0.10966740970982	0.650260282593536	123
0.06585966746068	0.366177227219592	136
0.06420797119372	0.377375738923198	51
0.0635559656604501	0.376991864933128	51
0.00475997415140994	1.06343414705709	70
0.11025737934745	0.918109564539455	70
0.06886823670474	0.836603071203461	141
-0.10966740970982	0.650260282593536	4
0.0648597227312699	0.368523240093563	4
0.000357962898960063	0.734918030441287	4
0.0597704167091699	0.36718955542521	4
0.06420797119372	0.377375738923198	123
0.0652072771869701	0.374888725715739	123
0.06420797119372	0.377375738923198	51
-0.10010224239616	1.1687756289714	2
0.0676297530907799	0.814909588891929	13
0.05487029184767	0.793377904795789	106
0.06585966746068	0.366177227219592	70
-0.11047851152155	1.49378161124167	695
0.0645546323833699	0.374513004052977	4
0.0597704167091699	0.36718955542521	4
0.06585966746068	0.366177227219592	44
0.06420797119372	0.377375738923198	4
0.00728646532776001	1.10044080542356	123
0.0581177338958101	0.375962561582381	123
0.07417409080015	1.60675016143219	13
0.11910014039056	0.895543479909822	695
-0.0332360871844599	1.44391364136703	4
0.0737297295777699	0.791513828643251	4
0.0581177338958101	0.375962561582381	123
0.0587754499537401	0.369529285196244	136
-0.01421961509394	1.7986453125854	2
-0.11193214076344	1.72174022422242	11
0.06778687487294	1.08415459788634	40
0.0867974837960901	1.54269090799865	106
0.000969539551020082	1.08455667853872	70
0.07329036372993	0.811720864393816	4
0.0587754499537401	0.369529285196244	4
0.0645546323833699	0.374513004052977	123
0.0519836070258299	0.360833434241221	123
0.11208888106031	1.61448004609587	212
0.0423659095422699	2.28479318235692	13
-0.10889985269299	0.648542493863427	40
-0.0375762003161799	1.28053748785663	106
0.12043671113182	0.876407969239163	106
0.06585966746068	0.366177227219592	70
0.0122526091089501	1.48473959514937	70
0.10125598409087	1.20224694678484	70
-0.00824231060049008	0.719858923311064	70
-0.06654459007158	1.02154131148811	11
0.0597704167091699	0.36718955542521	105
0.00873238228955997	0.694073877936663	4
-0.00296502011569011	0.743536503943463	4
-0.10758876611409	0.623617611746572	4
0.0615741440547	1.1367747860997	4
-0.1154995816303	0.661177379683433	4
0.06420797119372	0.377375738923198	44
0.0645546323833699	0.374513004052977	123
0.05745975894427	0.369452928588994	123
0.05911205400905	0.373522050063033	38
0.06420797119372	0.377375738923198	149
0.10576159097811	1.63638551117045	40
0.0548002186972101	1.13452485536712	70
-0.00792138238328999	1.04545638400349	141
0.00636582933610996	0.725404325422096	11
0.0607995158253001	0.822413531114853	347
0.06036487046378	0.789479677093128	4
0.12132532865004	0.905984064081152	4
0.10762855722171	1.18966391761151	4
0.0016581895841099	0.708519430242637	4
0.0645546323833699	0.374513004052977	44
0.0652072771869701	0.374888725715739	4
-0.10989210961356	0.642802172182294	4
0.0648597227312699	0.368523240093563	4
0.0628986070572799	0.361111602192087	123
0.06290370592826	0.367866366203715	123
0.0670242415089699	0.359509480594978	123
0.0652072771869701	0.374888725715739	38
-0.00017241419175007	2.33368827762957	40
-0.00614104474596	1.72811748707234	40
0.10418977532002	1.64361979200518	284
0.0603542708781799	1.14789209465651	11
-0.10512050095214	1.46017545285798	11
0.07329036372993	0.811720864393816	4
-0.00824231060049008	0.719858923311064	4
-0.05887491868101	0.950326817465121	4
0.00797826717972994	1.0345234633548	4
0.0714573856585701	0.795165523626043	4
0.05745975894427	0.369452928588994	4
0.0635559656604501	0.376991864933128	4
-0.10793345720697	0.645374537831979	123
-0.00419137284190008	0.712349896474246	123
0.06223785072403	0.367190764381714	123
-0.10793345720697	0.645374537831979	149
-0.12061679698221	0.628704388400546	149
0.00544759958769991	1.10608868262039	123
-0.0604068494613701	0.941015470464886	123
-0.03707700283954	1.48456102036457	123
-0.0577632104850201	0.987791740441804	123
0.10882240073367	1.41774469846231	212
0.03411469829692	1.36727170217468	26
-0.0295646643491401	1.24604110323979	40
-0.0486045839438201	1.65475234472401	106
0.000357962898960063	0.734918030441287	233
0.11528168118723	1.38739328924858	70
0.0691434151828601	0.815896040955286	70
-0.0617594777411199	1.0164199183793	70
0.00122690079131993	0.711464294932444	70
0.0652072771869701	0.374888725715739	4
-0.10429388864077	0.642054326102691	178
0.0645546323833699	0.374513004052977	4
0.06290370592826	0.367866366203715	123
0.0639017328460301	0.365536330718386	123
0.0652072771869701	0.374888725715739	149
0.0648597227312699	0.368523240093563	259
0.06223785072403	0.367190764381714	325
0.05264736717235	0.360573600440393	325
-0.0046025683669999	0.745892511340451	105
-0.0271525163951001	1.30705749876709	105
0.0645546323833699	0.374513004052977	4
-0.06026336709023	0.983108428170498	4
0.06420797119372	0.377375738923198	4
0.0639017328460301	0.365536330718386	707
-0.10639962877447	0.637236509125398	149
-0.0979852359190301	1.24663213230496	2
-0.09454183062368	1.23952253399836	2
0.01397089007113	1.02227909368069	26
0.00969822565900991	0.682028363477957	13
-0.11718430648389	0.629570358018577	148
-0.10912391677433	0.643157178038856	40
0.00126208161106001	0.71755320589642	40
-0.1108038964538	0.643807646370522	11
0.0645546323833699	0.374513004052977	70
0.05745975894427	0.369452928588994	70
0.0581177338958101	0.375962561582381	4
0.06420797119372	0.377375738923198	2
0.0581177338958101	0.375962561582381	212
0.0645546323833699	0.374513004052977	26
0.06420797119372	0.377375738923198	13
0.06420797119372	0.377375738923198	13
0.0645546323833699	0.374513004052977	148
0.000666917507210041	0.737792052642124	40
-0.11472912963821	0.667296068487725	40
0.0645546323833699	0.374513004052977	322
-0.00898032301955998	0.71718461029459	40
-0.10185588918423	0.619029777649233	40
-0.12303949481707	0.585951623831018	11
0.0635559656604501	0.376991864933128	11
0.05911205400905	0.373522050063033	11
0.11841511250623	0.93631614955753	212
-0.00353147361869999	0.714698877906626	212
0.0581177338958101	0.375962561582381	26
0.06767950886556	0.36811363919768	26
-0.11984625164186	0.62597548396193	26
0.06420797119372	0.377375738923198	13
0.10109693884429	0.873234574325768	13
-0.10639962877447	0.637236509125398	40
0.06290370592826	0.367866366203715	40
0.0639017328460301	0.365536330718386	11
0.06585966746068	0.366177227219592	11
0.0584534318694701	0.367118450782497	11
0.0536372940738901	0.358399350008671	284
0.0645546323833699	0.374513004052977	233
-0.1080324490257	0.665459036479094	70
0.0581177338958101	0.375962561582381	11
0.0652072771869701	0.374888725715739	11
0.0635559656604501	0.376991864933128	4
0.05745975894427	0.369452928588994	178
0.0652072771869701	0.374888725715739	13
-0.02099126999684	1.87244768632808	297
0.11552013796106	1.62455674627776	40
0.00285506946198	1.08347508062053	11
0.00475997415140994	1.06343414705709	652
0.0644438280100601	0.825944398355244	4
-0.10716634243187	0.643681304774792	4
-0.11564825427554	0.618445257393334	4
-0.1104353685985	0.647708890305016	123
0.0581177338958101	0.375962561582381	123
-0.10432144061205	1.22713605209425	123
0.0670242415089699	0.359509480594978	123
-0.1080324490257	0.665459036479094	123
0.0574609842352201	2.13712643077058	15
-0.0137224500575901	2.09691093251077	11
-0.04464627046207	1.47811961215919	11
-0.1104353685985	0.647708890305016	4
-0.00767104295682008	0.713093016490935	178
0.0581177338958101	0.375962561582381	123
0.0652072771869701	0.374888725715739	38
0.0648597227312699	0.368523240093563	579
0.0657153436778599	1.17175829966761	297
-0.10653606158701	1.46673073555249	40
0.12180992118127	1.35726761308182	4
0.0628986070572799	0.361111602192087	4
0.05945111621088	1.1458320153212	38
-0.11893901268695	0.641091513286	38
-0.09041305522107	1.18687099580875	13
-0.01759932981603	1.29258184933125	13
0.00974771691991005	1.10704818987043	13
0.12002722780973	0.875752815378509	13
0.09203054893769	1.57091341752858	4
-0.09815684001827	1.15375809354371	4
0.06336885710639	0.836314424647243	4
0.0645546323833699	0.374513004052977	178
-0.0394844794934	1.43801068498683	44
0.0645546323833699	0.374513004052977	44
-0.0918024293800801	1.28222752063977	38
0.0635559656604501	0.376991864933128	38
0.0581177338958101	0.375962561582381	38
0.07283613981353	0.793668777727311	40
-0.00426695580829994	0.70552967424717	11
-0.10726551426757	0.658469453924844	106
0.0652072771869701	0.374888725715739	70
0.00663067925651006	1.07668754119588	4
0.06420797119372	0.377375738923198	77
0.0652072771869701	0.374888725715739	178
-0.07460682431863	0.939450738290471	4
0.0652072771869701	0.374888725715739	44
0.06223785072403	0.367190764381714	4
0.11323800070772	0.928254525986679	123
0.00400400700279002	1.0516935593465	123
-0.0432946258984901	1.48969361656669	13
0.10502926736985	1.18592733304393	13
0.11104031039616	1.43348087684041	233
0.06290370592826	0.367866366203715	11
0.06420797119372	0.377375738923198	367
-0.10956752283097	0.664528888398318	4
-0.1154995816303	0.661177379683433	4
-0.10879978508339	0.6672787691126	38
-0.0651965332439299	0.997844238510109	13
-0.10595517147333	0.609928720228746	40
0.00529453130877	1.48979338271352	40
-0.06120837134837	0.97926539792089	106
0.03743055834404	2.12260074665198	233
0.0723736296711801	0.814162250218928	11
-0.10956752283097	0.664528888398318	4
0.05911205400905	0.373522050063033	4
0.07860482311232	1.57703446734705	106
0.05264736717235	0.360573600440393	4
0.00636582933610996	0.725404325422096	38
0.0675936692939401	2.14319960526606	15
-0.10318969469481	1.41807847694729	40
-0.0609940970034599	1.01491854271443	11
-0.1197091405303	0.643982340023495	11
-0.0000646609093599704	0.735508176187449	4
0.06978673400314	0.834056134239336	4
-0.11395909158641	0.667711428174264	44
-0.10889985269299	0.648542493863427	4
0.11738545117234	0.899768438675531	4
-0.10879978508339	0.6672787691126	4
0.00636582933610996	0.725404325422096	38
-0.10956752283097	0.664528888398318	38
0.0645546323833699	0.374513004052977	38
-0.08925554882325	2.20524168799852	40
0.00139815646047992	0.736347751842904	96
-0.10956752283097	0.664528888398318	4
0.06420797119372	0.377375738923198	38
0.0587754499537401	0.369529285196244	38
0.0256697989838699	1.74999424248197	40
-0.07784089504835	0.899895374450979	15
-0.1080324490257	0.665459036479094	11
0.00679059037525009	0.685740326589866	11
0.06290370592826	0.367866366203715	96
0.07563639736902	1.39665627496354	11
0.0707057215382601	0.810177404684125	11
0.06767950886556	0.36811363919768	4
0.00490195471392996	0.724608317590264	123
-0.10793345720697	0.645374537831979	38
0.03297340429707	1.82142357192491	212
-0.0667259403503699	1.01578215866812	15
-0.02460011913285	1.24902863596881	11
0.05911205400905	0.373522050063033	4
0.0581177338958101	0.375962561582381	4
0.05297287923024	0.35865742730132	4
0.11388170475565	1.43447357202728	4
0.0635559656604501	0.376991864933128	162
0.06585966746068	0.366177227219592	345
0.06156359239497	0.81608300505884	15
0.00156932008574007	0.73504503077714	4
0.06420797119372	0.377375738923198	4
-0.0899825322400401	1.22049806645178	4
0.0597704167091699	0.36718955542521	147
-0.10879978508339	0.6672787691126	4
0.11476509415356	0.929696604038944	4
-0.1049258497177	0.640251968501953	342
-0.1080324490257	0.665459036479094	38
-0.11395909158641	0.667711428174264	96
0.05911205400905	0.373522050063033	4
-0.10339004713052	0.641051646808914	4
-0.11395909158641	0.667711428174264	4
0.0652072771869701	0.374888725715739	123
0.06420797119372	0.377375738923198	162
-0.0100487803770499	0.703791734154267	96
0.07329036372993	0.811720864393816	96
0.0671888346812799	0.815819756349447	96
-0.02253102016743	1.64651018833302	96
-0.0991033757366599	1.2693678898905	11
0.0658080995613901	0.836566759552984	4
0.00778025040746999	1.06697452062845	4
0.0106996337435199	1.09519134144184	4
0.07232877896977	0.791423003397237	44
0.0652072771869701	0.374888725715739	4
0.0645546323833699	0.374513004052977	4
-0.1154995816303	0.661177379683433	4
-0.10956752283097	0.664528888398318	4
0.0635559656604501	0.376991864933128	162
-0.0735978841588301	0.9710922766125	13
-0.11688910330184	2.1114032696402	15
0.0711380576458001	0.785433840401721	96
-0.10559876119382	1.50416837598522	11
0.00230067986053006	0.733609971901024	11
-0.1148717084332	0.650808619659502	4
-0.10889985269299	0.648542493863427	4
-0.00824231060049008	0.719858923311064	4
0.06223785072403	0.367190764381714	4
-0.06255089295981	0.99315643866062	4
0.00929550426195003	1.53846438416849	4
0.0645546323833699	0.374513004052977	44
-0.1148717084332	0.650808619659502	44
-0.10793345720697	0.645374537831979	60
0.0648597227312699	0.368523240093563	147
0.0639017328460301	0.365536330718386	5
0.0650476272452301	0.84015611362711	13
-0.0501162518395999	1.53021272116566	13
0.00728646532776001	1.10044080542356	40
0.0377376094692601	1.24532569733338	40
-0.0619408247151001	1.01811716599907	15
-0.03235770390231	1.85668782427585	4
0.0652072771869701	0.374888725715739	4
0.10470808546857	0.897185260519174	4
-0.06763720006457	0.980468673618925	4
0.06585966746068	0.366177227219592	44
0.06767950886556	0.36811363919768	60
0.0645546323833699	0.374513004052977	60
0.0652072771869701	0.374888725715739	4
0.06420797119372	0.377375738923198	4
0.06833451958282	0.368469140792702	123
0.06672699340678	0.827525919900527	38
0.0645546323833699	0.374513004052977	55
0.0645546323833699	0.374513004052977	55
0.0823077571119599	1.33420996198147	15
0.1005846649502	2.28470054742549	96
0.0584534318694701	0.367118450782497	11
0.12069870442716	0.912730590868698	4
0.12367564738752	0.886614416523074	4
0.0652072771869701	0.374888725715739	4
0.0635559656604501	0.376991864933128	4
0.05045352701716	1.57411530249201	123
0.12499643421162	2.04980732926689	296
-0.00128097745117994	0.716109799063961	15
0.0748065200831001	0.81271068173311	15
-0.1156421600018	0.650438160474704	11
0.0645546323833699	0.374513004052977	4
0.0652072771869701	0.374888725715739	44
-0.0179747653896201	1.71528876990197	44
-0.0682568145573501	1.01413105008452	5
0.0305403843633201	1.38156468161235	296
0.11254781082943	0.900159421221737	15
0.11884901970187	0.887427693191447	11
0.0648597227312699	0.368523240093563	4
0.05911205400905	0.373522050063033	4
0.06290370592826	0.367866366203715	4
-0.11395909158641	0.667711428174264	4
0.0652072771869701	0.374888725715739	60
0.0635559656604501	0.376991864933128	123
0.11961035581212	0.896862661531885	123
0.0587754499537401	0.369529285196244	13
0.00567925134053993	1.06782577711801	13
0.0635559656604501	0.376991864933128	11
-0.11816929862307	0.627944651712495	4
0.06420797119372	0.377375738923198	4
0.06833451958282	0.368469140792702	44
-0.09843554012872	1.21339408150083	32
0.06420797119372	0.377375738923198	4
0.11523803924181	0.915915676689962	4
0.10958901947997	1.82423112645766	4
0.0652072771869701	0.374888725715739	44
0.0581177338958101	0.375962561582381	4
0.0591995335043101	1.16664045552753	5
-0.11992577375412	1.43892236617138	4
0.11447625682023	0.923369618711428	5
-0.10889985269299	0.648542493863427	306
0.0047308731448299	0.712784050652277	11
-0.1080324490257	0.665459036479094	4
-0.1154995816303	0.661177379683433	4
-0.11880250175897	0.624215741489677	4
0.0645546323833699	0.374513004052977	60
-0.00477052160096991	0.725929750750573	123
-0.0735360288390201	0.967118686498102	5
0.0635559656604501	0.376991864933128	306
-0.11198378859042	1.40589062535343	96
0.05836763734608	0.718854472297073	96
0.0636525445110301	1.10896634886427	4
0.0645546323833699	0.374513004052977	5
0.08252107790728	1.61868239402396	82
0.06449200825416	1.1242500397507	703
0.0584534318694701	0.367118450782497	281
0.05911205400905	0.373522050063033	4
-0.10870097348981	0.642871224049753	356
0.00217507275121998	1.52334771367528	4
0.11235282366135	0.886399157183934	4
-0.07091894203196	2.00890676919972	96
0.01285831249876	1.05654547211571	703
0.0738893320923799	0.815162719513267	11
0.04876034061816	1.75822897908765	4
-0.11458713645513	0.639937100855689	4
-0.1156421600018	0.650438160474704	4
0.00010558151392992	0.726660773384536	44
0.06290370592826	0.367866366203715	4
0.11841511250623	0.93631614955753	4
0.00456309739910998	1.08717924077619	4
0.06290370592826	0.367866366203715	184
-0.00386801463704001	0.746318560036076	55
0.0645546323833699	0.374513004052977	55
-0.0519280069471499	1.47890742660931	13
-0.0729467708104199	0.955439396883829	15
0.10677910005887	1.39797803323895	82
0.0316432446360999	1.33428385311648	82
-0.11205174091809	1.5946578579204	96
0.0725765932390701	1.40243290881512	703
-0.11641302588233	0.644734203921403	703
-0.00223068731162002	0.739508891682198	11
-0.00132708380008006	0.715748069639351	89
0.11132215692353	0.899946399371806	4
0.0581177338958101	0.375962561582381	44
0.0516117789858599	1.57152087039832	281
0.0597704167091699	0.36718955542521	4
-0.03224360540713	1.30752349763363	123
-0.10889985269299	0.648542493863427	184
0.0296274249978301	1.327179798782	13
0.0634098913169501	1.11244428285322	13
-0.10785392131869	1.50084363776399	13
-0.00380770269983999	1.01991590975119	537
0.0653693857844	1.10723486855301	15
0.00969822565900991	0.682028363477957	11
0.0652072771869701	0.374888725715739	4
-0.10926709103728	0.639210660216047	4
0.0635559656604501	0.376991864933128	187
0.0965872345705501	1.37969619042506	187
-0.0973112246866299	1.25296761769336	4
0.10178370592328	2.49428679463493	13
0.0735135227969299	2.47092015334898	537
-0.11277155325583	1.6961820251884	15
0.03030735932486	1.20337338383649	703
0.0240052503601	1.32624619192035	11
-0.10870097348981	0.642871224049753	4
-0.11641302588233	0.644734203921403	4
-0.12065719405384	0.592614346196753	281
0.0652072771869701	0.374888725715739	187
-0.0771570675712201	0.948361410273789	15
0.0756519892554499	2.10730622364103	15
-0.0100487803770499	0.703791734154267	15
0.12310969118458	0.894150827381101	499
0.0687051869103801	0.80369553813404	82
0.00709725695131991	0.720158726120835	11
-0.00369969520016	0.743116554546987	4
0.10777015779066	0.911368962830532	8
0.0635559656604501	0.376991864933128	4
-0.1080324490257	0.665459036479094	4
0.0635559656604501	0.376991864933128	4
0.06585966746068	0.366177227219592	5
0.0758791805910799	1.40899509089554	537
0.0668723937408799	0.809187548511434	537
-0.08699924565191	1.24273135987564	537
-0.1154995816303	0.661177379683433	96
0.08039789528332	1.3744278075914	11
0.0645546323833699	0.374513004052977	4
-0.0508632671640401	0.876181905108629	4
-0.0106219153257801	0.711804846237902	4
-0.10946889167077	0.635752979508566	4
-0.11410167076691	0.645761329462389	4
0.06585966746068	0.366177227219592	55
0.06290370592826	0.367866366203715	55
-0.1197091405303	0.643982340023495	15
-0.00164865074173992	1.07605535958315	82
-0.04424335461561	1.48314070167775	11
0.11833955445088	0.896611579889726	4
0.06290370592826	0.367866366203715	4
0.0581177338958101	0.375962561582381	55
0.00832793797643006	1.51616131876333	537
-0.10538763160216	1.5943691384552	15
0.06824732585873	0.806236399694466	11
-0.0716521584390699	0.969768597496671	96
0.10877231871458	1.63615823211256	96
-0.00497562634394	2.01282664223283	117
0.06420797119372	0.377375738923198	4
-0.0919043228951799	1.21053957355982	268
-0.1080324490257	0.665459036479094	82
0.06585966746068	0.366177227219592	82
0.00156932008574007	0.73504503077714	11
0.07344437270447	1.35508516508571	117
-0.00330268257736011	0.713387717938559	4
0.00489297905210995	1.52664572658699	4
0.06585966746068	0.366177227219592	8
0.0645546323833699	0.374513004052977	4
0.0652072771869701	0.374888725715739	4
0.06585966746068	0.366177227219592	55
0.0452137238997301	1.58792637205636	13
-0.0625385681144599	0.972719245682192	15
-0.07070411944971	0.998591409332611	268
0.09511063155986	1.17580421043561	82
0.0733914952474399	1.10516357140784	117
0.05745975894427	0.369452928588994	4
0.0635559656604501	0.376991864933128	4
0.00620344990555011	1.10208217638585	4
0.0587754499537401	0.369529285196244	187
0.0597704167091699	0.36718955542521	413
-0.10415774264159	0.642738783935212	55
-0.10879978508339	0.6672787691126	55
-0.10653606158701	1.46673073555249	26
-0.0522196501339201	0.922609808593153	268
0.0597704167091699	0.36718955542521	82
0.000666917507210041	0.737792052642124	4
0.0652072771869701	0.374888725715739	187
0.06767950886556	0.36811363919768	4
0.11738545117234	0.899768438675531	4
0.06420797119372	0.377375738923198	268
0.06900960996221	1.13141499734079	15
-0.074486598477	0.977328132045408	82
-0.01330548426219	0.63360989284277	82
0.0565876323831001	1.1516415562363	11
0.05975516480842	1.14228081750654	11
0.06290370592826	0.367866366203715	11
-0.02297638107963	1.85705038416805	8
0.06473803900711	1.11357437401424	8
0.0645546323833699	0.374513004052977	309
-0.0915747964500999	1.2619367481583	4
0.0652072771869701	0.374888725715739	4
0.000666917507210041	0.737792052642124	55
0.000496121647820091	0.716515372754278	55
-0.00330268257736011	0.713387717938559	32
-0.0879704174104501	1.2376208027913	32
-0.00898032301955998	0.71718461029459	82
0.11503494436599	1.1715476959345	11
0.0652072771869701	0.374888725715739	11
-0.00443471286302	0.73828697767791	161
0.0581177338958101	0.375962561582381	89
0.0353323960337399	1.36070553220934	8
-0.10716634243187	0.643681304774792	309
0.0581177338958101	0.375962561582381	187
-0.10956752283097	0.664528888398318	4
0.0597704167091699	0.36718955542521	4
0.0635559656604501	0.376991864933128	413
0.0755998718012201	1.40437960037635	32
0.00963933716458998	1.05776045940739	117
-0.11349989589499	1.63386546950729	4
-0.06178801987094	0.993911627630269	4
0.06420797119372	0.377375738923198	4
0.00393483325338995	0.705186109176968	32
0.0652072771869701	0.374888725715739	15
0.07436107091077	0.790918383539601	238
0.0639017328460301	0.365536330718386	11
0.0648597227312699	0.368523240093563	11
-0.11033566265907	0.656762889661432	161
-0.10639962877447	0.637236509125398	161
-0.06178801987094	0.993911627630269	8
0.000189291242620016	0.72093945487594	4
0.0645546323833699	0.374513004052977	5
0.0645546323833699	0.374513004052977	13
0.11269272300805	1.20324274875157	32
0.109277250296	1.17576169028667	4
0.06420797119372	0.377375738923198	1
-0.03100497685281	1.30055506420229	4
0.0652072771869701	0.374888725715739	511
0.0848868394011599	1.59719435231326	13
0.0642867993838601	0.83959392673168	122
-0.00279633441971994	0.7191200590285	11
0.0737546674653	0.777917660024448	238
0.00273215097294011	0.714181106594931	238
-0.1154995816303	0.661177379683433	161
-0.11306271793958	1.47356591605507	8
0.06833451958282	0.368469140792702	1
-0.11578593465121	0.622538633655664	122
0.06290370592826	0.367866366203715	122
-0.04023695458846	1.47276494062658	15
0.0645546323833699	0.374513004052977	238
-0.1104353685985	0.647708890305016	238
0.05264736717235	0.360573600440393	89
-0.1197091405303	0.643982340023495	1
0.0652072771869701	0.374888725715739	4
0.07572419805651	0.79011185361326	4
0.06833451958282	0.368469140792702	4
0.06420797119372	0.377375738923198	55
-0.00345329497511004	0.710385383335834	122
0.0597704167091699	0.36718955542521	122
-0.0501162065312899	0.904706252205867	15
0.0599288856326901	1.16523780285126	11
-0.10879978508339	0.6672787691126	4
0.0645546323833699	0.374513004052977	1
0.00341461556764999	1.08506529454005	4
-0.10946889167077	0.635752979508566	4
0.11844650024634	1.15267356116319	122
-0.0602290832764401	1.00857644509029	122
0.07709448224938	1.36934269700351	82
-0.10912391677433	0.643157178038856	89
-0.10716634243187	0.643681304774792	115
0.0581177338958101	0.375962561582381	55
-0.1148717084332	0.650808619659502	55
0.0440116193014899	1.22492153056914	13
0.10812682932177	1.2058635415155	122
-0.0603787544014001	0.942705790611828	96
0.05959601861325	0.793739567891747	96
0.04867176537436	2.29381343867622	11
-0.04257759255278	1.41252601286101	11
-0.10429388864077	0.642054326102691	161
0.05745975894427	0.369452928588994	8
-0.10582756337876	0.641248689980644	177
0.0652072771869701	0.374888725715739	4
-0.05547537129535	0.977805445537909	4
0.06833451958282	0.368469140792702	4
-0.02982738989017	1.29447294332329	122
-0.0674911939080001	1.01727957516716	11
0.11066181577222	0.899317897297106	716
0.0670242415089699	0.359509480594978	161
0.11390774652826	0.92261603921015	716
-0.06559762835517	1.00994669814699	89
-0.11318946706586	0.662331111128015	157
-0.11318946706586	0.662331111128015	4
-0.11260434414555	1.463816270606	537
0.0742075876911501	0.789242401923953	122
-0.10879978508339	0.6672787691126	122
-0.120404866965	1.80036789870602	82
-0.11304747486272	0.645899342482295	96
-0.0998518475399399	1.26223992074475	11
-0.11578593465121	0.622538633655664	716
0.00339918921783	1.52910942546456	1
-0.1148717084332	0.650808619659502	1
0.0581177338958101	0.375962561582381	157
-0.10726551426757	0.658469453924844	157
0.06930336230462	0.820191681461844	4
0.0581177338958101	0.375962561582381	55
-0.11641302588233	0.644734203921403	55
-0.09806845555003	1.19826593303882	96
0.0652072771869701	0.374888725715739	716
0.0581177338958101	0.375962561582381	716
0.00580550767929	0.707713532245182	1
0.11503494436599	1.1715476959345	1
0.11319319594556	0.852075435722408	4
0.000275730012700093	0.693894147803664	4
0.05911205400905	0.373522050063033	311
0.06420797119372	0.377375738923198	4
-0.00276855877425009	1.04953123774824	122
-0.10870097348981	0.642871224049753	122
0.0702204615101501	0.811505094904784	96
0.000666917507210041	0.737792052642124	96
0.11218869924122	0.921291125320972	8
-0.06868187708111	1.84287207495957	8
0.0645546323833699	0.374513004052977	115
0.06376513489959	1.12669400178186	115
0.0645546323833699	0.374513004052977	4
-0.10879978508339	0.6672787691126	129
0.0635559656604501	0.376991864933128	311
-0.1064989804193	0.641454317911818	55
0.06833451958282	0.368469140792702	55
-0.11033566265907	0.656762889661432	55
-0.00223068731162002	0.739508891682198	82
-0.0258888229799901	1.30543880722904	96
0.0492120175709601	1.59216296614315	8
0.00139815646047992	0.736347751842904	55
0.000496121647820091	0.716515372754278	96
0.06290370592826	0.367866366203715	58
0.0581177338958101	0.375962561582381	4
-0.0144350769072601	0.68861196109487	4
-0.10966740970982	0.650260282593536	55
0.00709725695131991	0.720158726120835	96
0.0635559656604501	0.376991864933128	96
0.0842857683326299	1.72784117072611	58
0.00230067986053006	0.733609971901024	58
0.05911205400905	0.373522050063033	1
0.07101347668572	0.782061192686389	4
0.05911205400905	0.373522050063033	311
0.06420797119372	0.377375738923198	55
-0.1197091405303	0.643982340023495	3
-0.0879704174104501	1.2376208027913	1
-0.0919043228951799	1.21053957355982	177
-0.11318946706586	0.662331111128015	115
0.0635559656604501	0.376991864933128	98
-0.10889985269299	0.648542493863427	55
0.0639017328460301	0.365536330718386	32
0.11184085814927	1.21922290537515	82
0.00361090966336008	1.09110314688416	82
-0.0973112246866299	1.25296761769336	58
-0.1080324490257	0.665459036479094	8
0.11757860145854	0.894343525751477	1
-0.0673102415697999	1.01834963217156	1
0.03533273795239	1.23293509012211	1
0.06420797119372	0.377375738923198	115
0.0581177338958101	0.375962561582381	129
0.0635559656604501	0.376991864933128	129
-0.11786605817003	2.015244870048	32
-0.0046025683669999	0.745892511340451	122
0.06321178603352	0.813208202887738	8
0.06642708310257	0.811470601351178	4
0.06420797119372	0.377375738923198	4
0.0639017328460301	0.365536330718386	4
0.0567639482332401	0.352718135133033	4
-0.1062276006919	1.42001329204426	122
-0.01036820650885	1.73194822864588	15
-0.1107021545631	1.6174098026024	58
-0.11304747486272	0.645899342482295	57
-0.00296502011569011	0.743536503943463	8
-0.00271556254377003	0.703271176572164	1
-0.0682568145573501	1.01413105008452	1
-0.11033566265907	0.656762889661432	4
0.05911205400905	0.373522050063033	4
0.06290370592826	0.367866366203715	55
0.00738472534400003	1.0606974754243	13
0.00718156588146002	1.05600341821121	11
-0.0000646609093599704	0.735508176187449	58
-0.02563513110666	1.30554591037406	58
-0.10793345720697	0.645374537831979	8
-0.1080324490257	0.665459036479094	1
0.0652072771869701	0.374888725715739	4
0.0645546323833699	0.374513004052977	4
0.0652072771869701	0.374888725715739	245
0.0276625829858299	1.37863338001319	13
0.10839825386485	1.19188433369314	13
0.10502926736985	1.18592733304393	58
0.0635559656604501	0.376991864933128	1
0.0635559656604501	0.376991864933128	169
-0.0215435949274001	1.32034327567264	4
0.05911205400905	0.373522050063033	3
0.01127876590772	2.25900288365	13
0.0299930739837899	1.23803786062541	537
-0.0194929780687301	1.87958859883752	537
0.09382596896677	1.1422985351967	57
0.0597704167091699	0.36718955542521	1
0.00469138938260993	1.1050635250644	32
-0.00174757101312006	1.07121147847724	15
-0.0775630875733	1.88461285447353	96
-0.11993504936458	1.77588227397595	96
0.11841511250623	0.93631614955753	206
-0.00533746456167994	0.741020688352964	58
-0.0678578435465	0.958456562177582	57
-0.11472912963821	0.667296068487725	1
0.06290370592826	0.367866366203715	1
0.0652072771869701	0.374888725715739	245
-0.00250561533612004	1.07284313257159	58
-0.00631439619907992	1.04011835599205	58
0.10503645987674	1.21993808706123	58
0.0645546323833699	0.374513004052977	57
0.00156932008574007	0.73504503077714	1
0.00588550012973998	0.686204161384647	1
-0.0417231458926099	1.9282413626734	1
-0.10716634243187	0.643681304774792	177
-0.1080324490257	0.665459036479094	4
0.05911205400905	0.373522050063033	4
0.0639017328460301	0.365536330718386	4
0.05264736717235	0.360573600440393	169
0.02187914136044	2.08841638536554	13
0.11994248971214	1.15408797293705	13
0.111844195776	1.3756186272584	13
-0.0441335704756201	1.48632038371096	537
-0.00137036045915995	1.9787552694216	82
-0.00313380307398004	0.74226040411173	8
0.000666917507210041	0.737792052642124	1
0.0072344533111699	1.51164126566692	691
0.06767950886556	0.36811363919768	4
0.0639017328460301	0.365536330718386	21
0.0648597227312699	0.368523240093563	21
-0.1080324490257	0.665459036479094	169
-0.00419137284190008	0.712349896474246	4
0.06290370592826	0.367866366203715	648
0.0645546323833699	0.374513004052977	3
0.06290370592826	0.367866366203715	3
0.04485683601323	1.57530442227584	13
-0.0949949073599601	1.26136902291177	691
-0.10185580184361	1.41219693784195	169
0.06585966746068	0.366177227219592	35
0.11554001266627	1.12816672011606	13
0.00416985297436989	1.08383722405805	13
-0.10582756337876	0.641248689980644	11
-0.0963573234253801	1.24220168562277	206
0.00653773619733	0.709773065015499	58
-0.11381709887469	0.645540042331044	8
0.0645546323833699	0.374513004052977	8
-0.1156421600018	0.650438160474704	4
0.000211886135029982	1.0862266421414	21
-0.12457947028409	0.595061670599005	21
0.07451945675032	1.31919823032801	85
0.0689831604072499	0.789086766717504	57
0.0696223288167599	0.778293624888904	57
0.06309227762367	1.06695922142695	244
0.11994248971214	1.15408797293705	1
0.000357962898960063	0.734918030441287	4
-0.11472912963821	0.667296068487725	21
0.06585966746068	0.366177227219592	648
0.06833451958282	0.368469140792702	122
0.0641294578368701	0.836865254352015	145
0.0034666717282601	0.705589419758941	11
0.03173374177845	2.25946270937642	11
-0.0209944205425301	2.25141123375162	11
-0.0892177434788699	1.20671277231558	1
-0.11472912963821	0.667296068487725	4
0.0635559656604501	0.376991864933128	393
-0.10966740970982	0.650260282593536	648
-0.05385793053579	1.64677337636946	122
0.07815638382291	1.39929261075492	11
0.0617197958856399	0.813842854189676	21
0.06290370592826	0.367866366203715	648
0.0639017328460301	0.365536330718386	648
-0.0548916269586801	1.71338336670098	32
0.0718683184921201	1.58757143154432	13
-0.00533746456167994	0.741020688352964	11
0.0103926247419499	1.05481246325409	8
-0.02291088913146	1.26598179650481	57
0.1050967086983	0.895367641490228	1
-0.10956752283097	0.664528888398318	4
0.00174039096445	0.709436371167951	277
0.11910014039056	0.895543479909822	8
0.11088929568562	1.21791090409008	114
-0.00079657908364994	0.729334047181087	21
-0.00403643121108011	0.722131899091436	4
-0.10563331584532	0.621546423733698	277
0.0163612484514499	1.42549814229813	82
0.07382596658229	1.37020045905795	85
-0.01001976840871	1.7384113733999	11
-0.11033566265907	0.656762889661432	21
0.06833451958282	0.368469140792702	21
0.06585966746068	0.366177227219592	21
0.0425799543882199	1.24576261703666	289
0.00153403121679996	1.02724508776062	289
0.11523803924181	0.915915676689962	13
0.0694630005810399	0.809330173042035	13
-0.11934985445191	2.01186293687909	156
0.01243282491896	1.52715843990708	85
0.06420797119372	0.377375738923198	81
0.06420797119372	0.377375738923198	21
0.0656495936280801	0.82529060597548	648
0.03662849096898	1.68705076551116	13
-0.04220906922517	1.81771292399607	122
0.0676879512864601	1.66839470356578	156
-0.0617594777411199	1.0164199183793	156
-0.0051700734025899	0.728313874443053	11
0.00515034891176991	0.689616490934005	489
-0.1104353685985	0.647708890305016	1
0.0652072771869701	0.374888725715739	114
0.06420797119372	0.377375738923198	114
0.0652072771869701	0.374888725715739	21
-0.10879978508339	0.6672787691126	596
0.00303170035361999	0.728250908334178	4
-0.0040252210407199	0.693940522136892	8
0.0557915059497101	0.796240720494937	489
0.05745975894427	0.369452928588994	489
0.0635559656604501	0.376991864933128	1
0.0581177338958101	0.375962561582381	114
0.06184658844993	0.822693193544574	253
0.07541234087589	1.3586373856716	21
0.0618142436446501	1.14167607854173	255
0.0645546323833699	0.374513004052977	277
0.0369311096257901	1.33563468726443	82
0.00177374152823995	1.0878896915929	57
-0.0758486403855101	0.957161993453043	489
0.00139815646047992	0.736347751842904	1
0.11228270971848	1.20381530256766	355
0.0645546323833699	0.374513004052977	253
-0.1104353685985	0.647708890305016	3
-0.0310627172111599	1.29425225854396	156
-0.0663285943808201	0.96711929654195	85
-0.11726349553085	0.609349956841997	11
0.00109304736157001	0.735322201141117	114
0.0581177338958101	0.375962561582381	255
0.05911205400905	0.373522050063033	3
-0.12281349567014	2.43384076987689	85
0.06822708350236	0.793568250417517	114
-0.10726551426757	0.658469453924844	21
0.0597704167091699	0.36718955542521	596
0.06833451958282	0.368469140792702	255
0.06420797119372	0.377375738923198	277
0.10719848446395	0.891272613762797	13
0.12069870442716	0.912730590868698	122
-0.00386801463704001	0.746318560036076	82
0.05745975894427	0.369452928588994	8
0.0635559656604501	0.376991864933128	57
0.0613289968058699	1.14900433690041	57
-0.00107311194363002	0.671598315333701	21
0.0581177338958101	0.375962561582381	33
0.05745975894427	0.369452928588994	3
0.06486969526539	1.07415299142635	15
0.06767950886556	0.36811363919768	82
0.0671888346812799	0.815819756349447	57
0.00605531744368992	0.68915143112934	422
0.05911205400905	0.373522050063033	277
0.06585966746068	0.366177227219592	3
-0.10966740970982	0.650260282593536	3
0.0581177338958101	0.375962561582381	3
0.0145870217573101	1.52653649028126	122
0.00010558151392992	0.726660773384536	174
0.1161938611353	0.912655164287876	82
0.06420797119372	0.377375738923198	82
0.0584534318694701	0.367118450782497	85
0.06290370592826	0.367866366203715	28
-0.1080324490257	0.665459036479094	21
-0.11395909158641	0.667711428174264	422
-0.11472912963821	0.667296068487725	422
-0.074486598477	0.977328132045408	32
0.11428251987466	0.908691713867297	32
-0.10966740970982	0.650260282593536	122
0.05911205400905	0.373522050063033	145
0.0648597227312699	0.368523240093563	82
-0.10726355770757	1.50220923492969	85
0.10178231952159	1.43095652001124	85
-0.0962633201768599	1.25308707908716	1
0.07667244595988	1.38903455575194	1
0.0536372940738901	0.358399350008671	1
0.06420797119372	0.377375738923198	114
-0.0046025683669999	0.745892511340451	6
0.0639017328460301	0.365536330718386	6
-0.11318946706586	0.662331111128015	271
-0.10429388864077	0.642054326102691	422
-0.00443471286302	0.73828697767791	57
-0.10966740970982	0.650260282593536	1
-0.00441844715876005	1.0677049130433	6
0.0652072771869701	0.374888725715739	6
0.00230067986053006	0.733609971901024	6
0.0652072771869701	0.374888725715739	554
-0.00435763143351009	0.697311959541403	143
0.00122690079131993	0.711464294932444	435
0.0645546323833699	0.374513004052977	143
0.0645546323833699	0.374513004052977	33
0.00354013664640007	1.07038843884992	145
0.10238725361009	1.21509082479478	156
0.11300117035366	1.38618554689796	174
0.0652072771869701	0.374888725715739	82
-0.12457947028409	0.595061670599005	82
-0.0973112246866299	1.25296761769336	57
0.0635559656604501	0.376991864933128	1
-0.10889985269299	0.648542493863427	6
0.05911205400905	0.373522050063033	554
0.06833451958282	0.368469140792702	21
0.0635559656604501	0.376991864933128	32
0.10754012864468	1.63833922374553	32
0.06585966746068	0.366177227219592	145
0.0061747334908	1.56181690475511	82
0.05975516480842	1.14228081750654	82
0.07329036372993	0.811720864393816	82
-0.11033566265907	0.656762889661432	11
0.12093867215218	0.880258492510881	6
0.0635559656604501	0.376991864933128	554
-0.0020615379128901	0.719480791422479	33
-0.1195243736686	1.80948391230256	174
-0.1156421600018	0.650438160474704	174
0.03506569411926	1.36883924275842	82
-0.00500278128737008	0.686828857753676	28
-0.10045166952311	1.59371791900621	28
-0.11984625164186	0.62597548396193	1
0.11796096139807	1.17059837249351	6
0.11390774652826	0.92261603921015	6
-0.0000646609093599704	0.735508176187449	554
0.0665822993145799	0.822319567418382	554
0.0584534318694701	0.367118450782497	554
0.06420797119372	0.377375738923198	554
-0.11472912963821	0.667296068487725	143
0.0652072771869701	0.374888725715739	21
-0.11381709887469	0.645540042331044	33
-0.1148717084332	0.650808619659502	33
0.05911205400905	0.373522050063033	32
0.0027837744541499	1.46532548672631	85
0.00924650708289998	1.04324540153191	57
0.06767950886556	0.36811363919768	21
0.0635559656604501	0.376991864933128	33
0.0584534318694701	0.367118450782497	18
0.0709691836268001	2.05630812595604	13
-0.10889985269299	0.648542493863427	73
0.06034482406835	0.780642594465654	82
0.0652072771869701	0.374888725715739	82
-0.12061679698221	0.628704388400546	82
-0.07070411944971	0.998591409332611	1
-0.10716634243187	0.643681304774792	355
-0.10726551426757	0.658469453924844	6
-0.0443037520357401	1.60649321708178	122
0.06232731037544	0.804103035454822	122
0.12067426267566	2.21374111954772	73
0.07207313781095	0.789597175006133	174
0.06420797119372	0.377375738923198	29
-0.1108038964538	0.643807646370522	29
0.0615768330056701	0.361053907923462	28
-0.08381021643561	1.18831993616093	1
0.05911205400905	0.373522050063033	28
0.0702204615101501	0.811505094904784	6
0.06290370592826	0.367866366203715	21
-0.10966740970982	0.650260282593536	21
0.12013268550263	0.923247879939171	73
0.10879687088377	1.20845940666386	85
0.0302732967061301	1.35976576317547	11
0.06900960996221	1.13141499734079	28
-0.11017790451217	0.589068424530019	28
0.000526532407540081	0.713128870038398	6
0.0567639482332401	0.352718135133033	554
0.0719210291336201	1.11234810504956	57
0.0670242415089699	0.359509480594978	21
0.0648597227312699	0.368523240093563	301
-0.0888190594673399	1.25605317075978	13
0.0683867601377901	0.817121835924766	82
-0.000966454103779935	0.715778051628812	82
0.06146058026706	1.07355921101902	6
0.0650476272452301	0.84015611362711	6
0.0652072771869701	0.374888725715739	6
-0.0046025683669999	0.745892511340451	6
0.0645546323833699	0.374513004052977	6
-0.11472912963821	0.667296068487725	6
0.05911205400905	0.373522050063033	33
0.0652072771869701	0.374888725715739	3
-0.00160796196387003	1.52255877074423	29
-0.00419137284190008	0.712349896474246	279
0.0597704167091699	0.36718955542521	301
-0.00868135556699001	1.04465242883018	28
0.0999942608644899	1.16942471868818	28
0.00416985297436989	1.08383722405805	6
-0.11472912963821	0.667296068487725	21
0.00563406202188999	0.726813650703039	21
0.06420797119372	0.377375738923198	683
0.0755998718012201	1.40437960037635	122
-0.0837972958931199	2.19730506693393	85
0.105710541743	1.80171927225257	29
-0.07789889400954	2.0241531154177	29
0.11044682769831	1.21692070917747	28
0.0118080111427701	1.06838862813314	6
0.0648597227312699	0.368523240093563	554
0.0635559656604501	0.376991864933128	21
0.0356626806254801	2.03152688487999	85
0.00303170035361999	0.728250908334178	29
0.0597704167091699	0.36718955542521	29
0.0635559656604501	0.376991864933128	6
0.0673446353312599	0.831381859035958	6
0.06833451958282	0.368469140792702	554
0.0670242415089699	0.359509480594978	21
0.0656817018390301	2.04555627134563	32
0.10916829744881	1.2202057219928	13
0.0582202365315601	1.76568409735298	122
0.01512002086222	1.05286131630832	29
0.06886823670474	0.836603071203461	12
-0.06291509901478	0.958489559410838	21
0.0639017328460301	0.365536330718386	18
0.06585966746068	0.366177227219592	85
0.0024722113179001	0.71149536557407	85
-0.00386801463704001	0.746318560036076	6
0.06925541493449	1.11046461387677	6
0.0652072771869701	0.374888725715739	6
0.0635559656604501	0.376991864933128	6
0.01243282491896	1.52715843990708	554
-0.10912129228981	1.92006816092312	13
0.0762863327407499	1.6031330959932	82
0.0555309730367599	1.13786105017567	6
0.05911205400905	0.373522050063033	130
-0.00197817524626998	0.686189468731973	6
0.0581177338958101	0.375962561582381	79
0.06420797119372	0.377375738923198	174
0.00358983947920999	0.700420614634584	82
-0.0527414724884301	2.18786682639676	85
0.06336885710639	0.836314424647243	6
-0.0199984470127801	1.23535713812673	28
-0.0900821174241799	1.26943592528929	6
0.06585966746068	0.366177227219592	33
-0.0688069616078499	0.991690282454847	145
-0.00330268257736011	0.713387717938559	73
-0.1080324490257	0.665459036479094	73
0.02867565583433	1.34207366642391	85
-0.10099134669119	1.3861731250312	29
-0.00443471286302	0.73828697767791	29
-0.06559762835517	1.00994669814699	28
0.00619382612952002	0.706429794708612	33
0.0581177338958101	0.375962561582381	33
0.0645546323833699	0.374513004052977	18
0.06420797119372	0.377375738923198	49
0.0394087388630799	1.29510985860758	122
-0.10966740970982	0.650260282593536	145
-0.05529218770267	0.956699250967786	174
0.000496121647820091	0.716515372754278	82
-0.0293097021578801	1.31049245030199	29
0.10107387996261	1.19762690548594	28
-0.00313380307398004	0.74226040411173	6
-0.00023499655258008	0.717882060726742	79
0.10591845959243	1.19331370557987	82
0.11197960307463	0.903336794661405	82
0.0689831604072499	0.789086766717504	82
0.11350595686408	0.887367776717773	29
-0.0689883960945199	0.992819338226293	28
-0.0595015867709401	0.97081993197447	130
0.06290370592826	0.367866366203715	21
0.0581177338958101	0.375962561582381	21
0.0652072771869701	0.374888725715739	49
-0.06654459007158	1.02154131148811	82
0.10165564482488	1.85716798845429	85
0.05701875053769	1.73711247954895	29
0.06803575769963	1.13526880970093	29
-0.10015457523769	1.55856447687643	29
0.11757860145854	0.894343525751477	28
-0.000891340422799924	1.08167453882873	12
0.00963933716458998	1.05776045940739	130
0.06184658844993	0.822693193544574	21
0.00126208161106001	0.71755320589642	21
-0.05327964065304	1.48548827728941	13
-0.10429388864077	0.642054326102691	12
0.0587754499537401	0.369529285196244	79
0.0560971095607401	0.352972082885668	79
-0.10813269715744	0.641991550487167	21
-0.0532246338149001	1.63595356811966	13
-0.0595015867709401	0.97081993197447	29
-0.0935018612284	1.23856626140534	28
-0.10879978508339	0.6672787691126	6
0.00957373323730004	1.52132277960856	21
-0.10429388864077	0.642054326102691	273
0.0635559656604501	0.376991864933128	18
0.11127094542772	1.15359398037356	174
-0.01540067619645	1.22577237188978	29
-0.0919043228951799	1.21053957355982	28
-0.06592135516356	1.00130159057761	6
-0.10793345720697	0.645374537831979	79
-0.0046025683669999	0.745892511340451	79
-0.10889985269299	0.648542493863427	21
-0.10506052549729	0.643744352212578	273
0.06420797119372	0.377375738923198	273
-0.00403643121108011	0.722131899091436	33
0.0635559656604501	0.376991864933128	33
0.0648597227312699	0.368523240093563	21
0.0597704167091699	0.36718955542521	49
-0.0131177346029301	1.7193797983028	122
0.0740486185389799	0.813933571285292	145
0.10586272505295	0.9004949692003	174
-0.11782930101701	1.96202552285421	85
0.00469138938260993	1.1050635250644	551
0.0664091292978299	0.81172181439786	79
0.11853311454248	0.881612542695411	28
0.00963933716458998	1.05776045940739	551
0.00849335079757996	1.05002237836558	6
-0.00369969520016	0.743116554546987	32
-0.0862543031158401	1.23728209994896	73
0.09956196541519	0.872182664342387	29
-0.11472912963821	0.667296068487725	29
0.11853311454248	0.881612542695411	29
0.0645546323833699	0.374513004052977	130
-0.0969523946616799	1.4377506408442	6
0.0708167738760199	0.814122213491665	79
0.0639017328460301	0.365536330718386	79
-0.1156421600018	0.650438160474704	49
-0.11907612045559	0.613608225185684	13
0.0635559656604501	0.376991864933128	12
0.00663067925651006	1.07668754119588	551
-0.0617594777411199	1.0164199183793	551
0.00546251943025	0.711429408406266	73
0.0565876323831001	1.1516415562363	73
0.06767950886556	0.36811363919768	28
-0.00410086524851994	2.17960687295649	12
0.00182778912226	0.731376971151522	12
-0.10793345720697	0.645374537831979	6
-0.11304747486272	0.645899342482295	79
-0.09679223138089	1.22605152244527	13
0.02155493558224	1.33884722713438	122
-0.12457947028409	0.595061670599005	73
0.06321178603352	0.813208202887738	82
-0.10415774264159	0.642738783935212	29
0.06276407580316	0.825808549694376	29
0.06833451958282	0.368469140792702	69
-0.10716634243187	0.643681304774792	21
-0.00271556254377003	0.703271176572164	122
0.11917667744433	0.932946584046762	28
0.0652072771869701	0.374888725715739	6
0.12056447101604	0.900107107216635	6
-0.0690228026155	1.00624793419467	49
-0.00111323532642005	0.720451022958295	49
0.10959132129291	2.02682981389848	32
0.0587754499537401	0.369529285196244	73
0.0648597227312699	0.368523240093563	82
-0.0843054221462101	2.18326281867236	85
-0.0687553752043699	0.946538059787341	28
0.0038073733700501	1.07961109972764	28
-0.10185588918423	0.619029777649233	6
0.05942472889394	0.805806692135162	69
-0.10956752283097	0.664528888398318	69
0.0635559656604501	0.376991864933128	82
-0.0684374394724301	0.987033836833637	79
0.0597704167091699	0.36718955542521	21
0.06833451958282	0.368469140792702	69
0.05297287923024	0.35865742730132	69
0.10102554766941	1.64274498648966	32
-0.0814083983602301	0.889512446069323	145
-0.0667259403503699	1.01578215866812	174
-0.10813269715744	0.641991550487167	82
0.0356429962595799	1.32382373847029	6
-0.10966740970982	0.650260282593536	79
0.06420797119372	0.377375738923198	69
-0.1104353685985	0.647708890305016	69
0.00718156588146002	1.05600341821121	49
0.0332407157528001	1.73675156495094	122
-0.0300859340984401	1.29562999085629	145
0.0208090756005701	1.35879607009968	73
-0.0697557203746699	1.00267981244171	6
-0.10956752283097	0.664528888398318	130
-0.00898032301955998	0.71718461029459	69
0.0648597227312699	0.368523240093563	69
0.0636820605305399	0.81708273512127	49
-0.10506052549729	0.643744352212578	49
0.0349144991266901	1.3024680885525	82
0.06218997212511	1.10885688221953	82
0.11291758892932	1.13900505623069	6
0.10272611285094	1.18340774149107	6
0.0645546323833699	0.374513004052977	21
0.11171629270504	1.36189906052067	6
-0.06596706169933	0.9483941910176	6
-0.11318946706586	0.662331111128015	21
-0.0931728392903399	1.22372126949443	69
0.0635559656604501	0.376991864933128	21
0.0790037911150301	1.38344920280203	73
0.11447625682023	0.923369618711428	83
0.00156932008574007	0.73504503077714	6
0.0616906833477	0.808460550486873	130
0.068546128338	0.817950296580989	69
0.0652072771869701	0.374888725715739	21
0.11151571038857	0.917356748164743	285
-0.0046025683669999	0.745892511340451	6
-0.0000646609093599704	0.735508176187449	6
-0.11472912963821	0.667296068487725	6
0.0652072771869701	0.374888725715739	21
0.06833451958282	0.368469140792702	21
-0.11381709887469	0.645540042331044	21
-0.10879978508339	0.6672787691126	11
0.0645546323833699	0.374513004052977	6
0.0652072771869701	0.374888725715739	6
0.06833451958282	0.368469140792702	69
0.11617466500724	1.17306304117396	21
0.0373475705044199	1.28715565571066	21
0.11447625682023	0.923369618711428	83
0.00682811471963007	1.08335797384003	83
0.0417295542031699	1.3004575118269	69
0.0587754499537401	0.369529285196244	21
0.0635559656604501	0.376991864933128	13
0.000179988032259937	2.05824873758637	237
-0.05758121567578	0.954728114825255	6
0.0639017328460301	0.365536330718386	6
0.0940140513312699	1.98185216794106	69
0.0612397351276	1.7302448024145	69
0.0648597227312699	0.368523240093563	208
-0.06970599281206	0.973698425321933	73
0.11876347803385	1.89148844701396	28
-0.08786392905866	1.22100885719237	61
0.00849335079757996	1.05002237836558	6
0.0647670826672	0.818682385880192	6
-0.1108038964538	0.643807646370522	21
-0.0040252210407199	0.693940522136892	69
0.11974321941408	0.909340544040139	73
-0.0952208493952	1.24188203644129	82
-0.0985785163158599	1.23781874951284	285
0.12103020178303	1.65011350909544	398
-0.1148717084332	0.650808619659502	6
-0.0339297958583999	1.29792562679156	6
-0.09070890613629	1.2215630320466	69
0.06223785072403	0.367190764381714	69
0.00212905624449999	0.730947284546841	324
0.11371410622299	0.92664315048015	61
0.068546128338	0.817950296580989	6
-0.0627329594181501	0.989957545524181	69
0.11243633949575	1.17503277838644	69
0.06260790074586	0.831690212121703	21
0.10662836970897	0.901111565214594	69
-0.00477052160096991	0.725929750750573	69
0.0646124618606301	0.819384958340561	82
0.04578310288862	1.91674064485227	28
0.0635559656604501	0.376991864933128	69
0.10912614462462	1.13582927306369	73
0.0761602409039599	0.787779312780723	73
0.0563610919312401	1.73657163595389	285
0.06034482406835	0.780642594465654	28
0.06898927386687	0.360110468231792	21
0.11937123438453	0.92654710469837	21
0.08389318482556	1.32989896294098	11
0.10989036215107	1.38064057474857	11
-0.07931530627678	0.906617472439432	28
0.0650476272452301	0.84015611362711	6
-0.10879978508339	0.6672787691126	69
0.12042322564528	1.11231060499376	237
-0.10429388864077	0.642054326102691	11
-0.10574804791032	1.63667007412687	28
0.0639017328460301	0.365536330718386	69
0.10929919282331	0.921337889698993	73
-0.07147178366285	1.00285666198536	73
0.0628986070572799	0.361111602192087	28
0.06767950886556	0.36811363919768	21
-0.1156421600018	0.650438160474704	21
0.0769518836102301	0.763538283619421	13
0.0617197958856399	0.813842854189676	73
0.06156359239497	0.81608300505884	11
-0.0894336351486	2.21865750290708	11
-0.0284519421284799	1.58847548434596	6
-0.10639962877447	0.637236509125398	237
-0.10966740970982	0.650260282593536	83
0.0652072771869701	0.374888725715739	83
0.06876437501661	1.13625838058006	11
0.11114399645879	1.2200934834717	11
0.0645546323833699	0.374513004052977	69
0.00653773619733	0.709773065015499	208
0.0704942609688	0.768094510455826	73
0.0421159297307001	1.57962946387883	83
0.000666917507210041	0.737792052642124	11
-0.1156421600018	0.650438160474704	28
0.00320369198277004	0.710148615077079	69
0.05297287923024	0.35865742730132	461
-0.0539277960497899	0.94105395378692	21
0.0533335463112301	0.787950653257092	73
0.00771407207693997	1.077603322893	73
-0.11984625164186	0.62597548396193	73
-0.10889985269299	0.648542493863427	73
-0.0212880022815201	1.33526348130966	73
-0.0416501729296701	1.4190621247492	237
-0.09887255098323	1.24889234546679	83
0.0224524154869601	2.18112922610615	28
-0.11518785887605	1.44400490935234	69
0.0584534318694701	0.367118450782497	461
0.0584534318694701	0.367118450782497	208
0.00083762073507998	0.732782372254615	21
0.00139815646047992	0.736347751842904	237
0.11400173227733	0.931184169813084	83
0.0653773326198199	0.813075340846069	11
-0.11458713645513	0.639937100855689	28
0.11253741299419	1.2142505138295	6
0.0635559656604501	0.376991864933128	208
0.06290370592826	0.367866366203715	208
-0.11395909158641	0.667711428174264	150
0.08464086136729	1.74589625849322	83
0.0650476272452301	0.84015611362711	61
-0.00296502011569011	0.743536503943463	6
-0.11410167076691	0.645761329462389	21
-0.0201407948133301	1.81154891039776	237
0.00619382612952002	0.706429794708612	237
-0.10415774264159	0.642738783935212	61
0.0694630005810399	0.809330173042035	28
0.0635559656604501	0.376991864933128	69
0.06795022979925	0.816319606136673	208
-0.10879978508339	0.6672787691126	21
0.1066874809811	1.21037256873768	13
0.06898927386687	0.360110468231792	61
-0.12219508506471	2.00238412601947	13
0.0587754499537401	0.369529285196244	73
0.0645546323833699	0.374513004052977	581
0.00416950711709996	0.718629584013738	21
0.0648597227312699	0.368523240093563	237
-0.00767104295682008	0.713093016490935	237
-0.1072443116493	1.46281458331292	83
-0.10793345720697	0.645374537831979	11
0.11314497131807	0.918005114963315	11
0.11361294084527	0.895579510612021	150
-0.11404084229621	1.82230329942525	28
0.0645546323833699	0.374513004052977	69
0.0581177338958101	0.375962561582381	69
-0.10639962877447	0.637236509125398	21
-0.10889985269299	0.648542493863427	61
0.0657153436778599	1.17175829966761	69
0.00672750030563996	1.08426582170643	21
0.05911552558949	0.820972789840709	83
0.09508130595799	2.17987703039683	28
0.06767950886556	0.36811363919768	69
-0.10889985269299	0.648542493863427	73
0.0648597227312699	0.368523240093563	73
0.0628986070572799	0.361111602192087	150
0.0519836070258299	0.360833434241221	21
-0.0619140584203	0.95538882251379	7
0.0114536739861499	1.08934823874049	7
0.00109304736157001	0.735322201141117	73
-0.00800481832546995	0.675027496285259	6
0.0652072771869701	0.374888725715739	47
0.0635559656604501	0.376991864933128	7
-0.06654459007158	1.02154131148811	75
0.11266508353279	0.884934693975912	237
-0.06084272439141	0.982959364058413	7
0.00376238185883993	0.718093805676079	73
-0.1104353685985	0.647708890305016	83
0.06871126876282	0.812942163161223	83
0.0111061614455199	1.5233662043336	83
-0.0172790806312899	2.1437414702011	83
0.0987224482210101	1.19082260016985	11
0.01081986090231	1.50643870070305	71
-0.00254847539119996	0.694519174033607	28
-0.11048797161032	1.66987846231686	6
-0.10716634243187	0.643681304774792	47
0.06585966746068	0.366177227219592	47
0.0581177338958101	0.375962561582381	69
0.0581177338958101	0.375962561582381	150
-0.08930292045105	2.22404514895551	73
-0.00023499655258008	0.717882060726742	83
0.00348449017362995	1.06777249755156	84
-0.00386801463704001	0.746318560036076	28
-0.10879978508339	0.6672787691126	47
-0.06120837134837	0.97926539792089	7
0.0696295026748901	0.833030274261745	7
0.11974321941408	0.909340544040139	73
-0.00296502011569011	0.743536503943463	73
-0.0171360863652501	1.2678792258812	83
0.0738893320923799	0.815162719513267	28
0.06195720291302	1.17795151178735	28
-0.11242025566945	0.646411828062506	63
0.06748733721058	0.819616029672938	73
0.06767950886556	0.36811363919768	7
0.0581177338958101	0.375962561582381	13
0.00546251943025	0.711429408406266	73
0.00603039084367008	1.55996536616486	71
-0.10956752283097	0.664528888398318	135
0.00156932008574007	0.73504503077714	7
0.000496121647820091	0.716515372754278	7
0.06886823670474	0.836603071203461	73
0.04758860846376	1.5279165586334	28
0.0645546323833699	0.374513004052977	205
-0.11242025566945	0.646411828062506	84
0.000357962898960063	0.734918030441287	84
-0.0332211798262401	1.30610308040605	28
0.000357962898960063	0.734918030441287	135
0.06833451958282	0.368469140792702	205
0.0646005425137901	0.790844776245725	7
-0.0156999346158899	0.593230121897808	84
0.0652072771869701	0.374888725715739	47
-0.10464050804169	1.48076060477085	28
-0.0594715422786101	0.986087802013792	7
0.0809013095884901	0.750222568045772	73
0.0653029551065301	1.37410292618155	28
0.11814614692607	0.898695966476265	63
0.0580487559343501	1.14925000973952	7
0.02537756648228	1.33327565568279	73
0.06857037326416	0.78102779134289	73
-0.03002559033335	1.26068965978671	73
-0.000694497208139966	1.08503982286267	73
-0.0602352187754001	0.977177338722645	237
-0.0701622057148299	0.956499394243791	71
-0.11227826401071	0.6409327270838	71
-0.11150946591211	0.626254134701336	71
-0.1104353685985	0.647708890305016	126
0.06930336230462	0.820191681461844	28
0.0624514123953499	0.812726121960044	7
0.06420797119372	0.377375738923198	7
-0.11682605781502	1.46909438427252	237
0.05950852842818	1.12816239104878	83
0.12235690625521	1.34995006164392	83
-0.07241979336774	0.973758390123219	71
0.06230411595386	1.13979496174625	7
0.0652072771869701	0.374888725715739	47
-0.08774453954615	1.24374025723605	28
-0.04558665106861	1.5013291916451	28
0.0640012645014101	0.816016318247083	7
0.0665682166371799	0.828459180683572	7
0.0640012645014101	0.816016318247083	7
0.0681472197308699	1.15219809637438	137
0.06384723136675	0.821069612929069	71
-0.00898032301955998	0.71718461029459	28
0.000189291242620016	0.72093945487594	47
-0.10415774264159	0.642738783935212	7
0.0617197958856399	0.813842854189676	73
-0.11333204659528	0.630839437731419	359
-0.03868091527505	1.45601499973148	359
0.0587754499537401	0.369529285196244	593
0.00944284115474003	1.05852626120017	237
-0.00239993338034994	0.732892816697163	237
-0.10480673394623	1.21504107879396	71
0.07667244595988	1.38903455575194	63
-0.10956752283097	0.664528888398318	674
0.05264736717235	0.360573600440393	13
0.06420797119372	0.377375738923198	75
-0.11033566265907	0.656762889661432	73
0.0652072771869701	0.374888725715739	73
0.06420797119372	0.377375738923198	137
0.06290370592826	0.367866366203715	71
-0.10339004713052	0.641051646808914	126
0.0635559656604501	0.376991864933128	28
0.0645546323833699	0.374513004052977	7
0.10956106353227	1.65431129832851	73
0.06767950886556	0.36811363919768	137
0.0793856878316499	0.770340462981475	83
-0.000300459391620045	1.64192328633897	28
0.119081481813	1.78118778591952	28
0.11392960304298	1.19150239289761	28
0.10133070545496	1.18137173636132	126
0.0584534318694701	0.367118450782497	126
-0.00914578874688998	0.722416817792157	63
0.00174039096445	0.709436371167951	63
0.0645546323833699	0.374513004052977	674
0.0709775699992301	0.810291668746113	73
0.00672750030563996	1.08426582170643	359
-0.05716309357787	0.965635242532068	593
0.01674940220401	1.68994398134035	73
0.00778025040746999	1.06697452062845	126
-0.11066071466688	0.637232766773125	7
0.05911205400905	0.373522050063033	7
0.0142645675055	1.06301750889483	7
-0.0652035236702699	0.956547183039728	119
0.05685918039812	2.32655019218857	28
-0.10912391677433	0.643157178038856	28
0.0645546323833699	0.374513004052977	126
0.0738893320923799	0.815162719513267	593
-0.10276181644579	0.619974933366537	593
0.11127094542772	1.15359398037356	73
0.01209551823922	1.03270932190877	71
0.06420797119372	0.377375738923198	126
0.00354013664640007	1.07038843884992	150
0.00682811471963007	1.08335797384003	321
-0.0060039132971399	1.05036133403612	321
0.12367564738752	0.886614416523074	63
-0.00750464349311009	0.717859099547978	295
0.0613289968058699	1.14900433690041	7
-0.0918954375113801	1.21729600957622	73
-0.0109277467122699	1.5119424894118	237
0.09141522587036	1.98072252832	83
0.03770005730018	1.32176433282059	321
0.03176213181656	1.37285588697497	73
-0.0891413602111	1.21338237243711	73
0.11343238812157	0.911561037422553	71
0.07743160950121	1.32976302064525	71
0.06614184395458	0.801134375557663	47
0.0661015006489301	1.74378965650506	73
-0.1064989804193	0.641454317911818	7
0.10949316250466	0.915321683600456	7
-0.02304299496492	2.2874241044718	321
0.0302568166953801	1.36045821858494	7
0.00800117320778004	0.703465520632628	295
0.10805342523116	1.45299563609483	71
-0.0499020289552601	1.50588247929262	71
-0.10402972777442	1.24125511386503	7
0.06706229413822	1.12613516400216	237
0.1056680727282	0.90414670616295	321
0.0650476272452301	0.84015611362711	28
0.0548002186972101	1.13452485536712	71
-0.000966454103779935	0.715778051628812	7
0.06994777509932	0.751530568080778	73
0.06420797119372	0.377375738923198	7
0.05911205400905	0.373522050063033	7
0.05745975894427	0.369452928588994	7
0.06236337861835	1.09762485166538	73
0.12215384084858	0.896696689528598	73
0.00182778912226	0.731376971151522	73
0.06420797119372	0.377375738923198	73
0.0635559656604501	0.376991864933128	71
0.11045177072133	0.90207525098702	7
0.0705783845256001	1.07766353729649	73
-0.10267028368201	1.49053498535291	321
0.06232731037544	0.804103035454822	321
-0.10716634243187	0.643681304774792	321
-0.00477052160096991	0.725929750750573	71
0.000211886135029982	1.0862266421414	7
-0.10514329689831	1.50728727760255	7
0.0024722113179001	0.71149536557407	295
-0.05795565987519	2.17876257472553	73
0.0581177338958101	0.375962561582381	73
0.11495998758097	0.921649126143983	71
0.11352062528349	0.915995526146989	7
0.05927028568118	0.821412551724211	295
-0.0668694756652299	0.976394185076808	73
0.00139815646047992	0.736347751842904	321
-0.0657793057057301	1.02003181586074	71
0.08335853373944	1.82258336838147	71
-0.0943281624153101	1.39986988850507	165
-0.02495635105543	1.34308571693589	73
0.09639561930335	1.1416021033428	73
0.0807221108471701	1.30733005715749	73
0.01288563655813	1.87461616667146	71
0.03729582383978	1.52310045001634	71
0.10853486053895	0.918526614348533	71
0.00212905624449999	0.730947284546841	165
-0.02208622811589	1.30616692114221	71
0.0683805957486501	1.08451160548093	71
-0.1114383499066	1.39090588396043	73
0.0735871707547999	1.60065612591065	71
-0.0278712531354	1.31310222353266	47
-0.11472912963821	0.667296068487725	7
0.00212905624449999	0.730947284546841	165
-0.0278712531354	1.31310222353266	71
0.104902309804	0.9035228103965	71
-0.0663633105561501	1.0068523668418	165
0.0723072715327999	1.30881762187293	73
0.0587754499537401	0.369529285196244	71
0.12208581925708	0.908363163860655	71
-0.11424897951433	0.607713162529769	71
0.0652072771869701	0.374888725715739	7
0.06839511644095	1.14475961621507	166
0.10733594612133	1.16888909793031	73
0.12158664395813	0.889238067832492	73
0.0301187554431299	1.7255483903316	73
0.0644438280100601	0.825944398355244	71
-0.11458713645513	0.639937100855689	7
0.0648897032425799	0.833311761741978	165
0.10879303849003	1.42811876706188	73
0.00787782619934996	1.56172739241925	71
-0.0729377618165501	1.80514834442457	71
0.0639017328460301	0.365536330718386	7
-0.0643780885347201	1.79078492771538	7
0.11206766382303	1.96001073224874	73
0.07266416687043	1.10426498421499	71
-0.000377464564079943	0.730201139612722	71
0.00139815646047992	0.736347751842904	71
0.06585966746068	0.366177227219592	7
0.05911205400905	0.373522050063033	166
0.0505279817836399	2.40720053840118	71
-0.0161261855569099	1.24425896535278	71
-0.11984625164186	0.62597548396193	166
-0.06803196644611	1.81595496389016	71
0.0562012049332199	1.10662422368977	71
0.11400173227733	0.931184169813084	166
-0.0413245869387999	2.09902420011362	73
0.06621011155199	1.14793339288094	7
0.0644438280100601	0.825944398355244	7
0.11063541247939	1.19914798781948	73
-0.05989707337382	0.950023064559571	165
0.11814614692607	0.898695966476265	165
0.099421235396	1.19850328644821	73
0.0103926247419499	1.05481246325409	139
0.00156932008574007	0.73504503077714	7
0.09133682217216	2.19605055173718	139
0.0602735946884301	1.67697280529562	7
-0.0408134522492301	1.50460779503917	7
-0.10879978508339	0.6672787691126	7
-0.09648936482259	1.26375850875666	139
0.11643164795168	0.892867820952611	71
-0.10889985269299	0.648542493863427	7
0.0618142436446501	1.14167607854173	166
0.0624840995620899	0.807659347239387	73
-0.00767104295682008	0.713093016490935	139
0.11890647585116	0.894182986183618	7
-0.1049258497177	0.640251968501953	139
0.0806817707705701	1.58752945472461	71
-0.1156421600018	0.650438160474704	166
0.00823832655702006	1.10499284631805	73
0.12335171671321	0.845571023144791	71
0.0584534318694701	0.367118450782497	166
0.000969539551020082	1.08455667853872	671
0.0673446353312599	0.831381859035958	166
0.06128657720273	0.787337961853327	73
-0.10390676284653	1.48656323216056	73
-0.06668910799843	1.00561776177919	73
0.10923102521569	0.847286797863945	65
-0.1080324490257	0.665459036479094	7
0.0587754499537401	0.369529285196244	166
0.000819525317359959	1.09176049207014	166
-0.11003528765567	0.644164581238925	73
-0.11333204659528	0.630839437731419	73
0.06005945132186	1.7622715677609	7
0.0635559656604501	0.376991864933128	166
0.00230067986053006	0.733609971901024	73
-0.0171360863652501	1.2678792258812	166
0.06420797119372	0.377375738923198	73
0.06420797119372	0.377375738923198	71
0.0047308731448299	0.712784050652277	166
0.0793856878316499	0.770340462981475	71
0.11841511250623	0.93631614955753	166
0.0717727931063901	0.796439731165755	65
0.0575647758358	1.15277999492087	7
0.000923911558359913	0.717177719401803	39
0.06290370592826	0.367866366203715	39
0.12141287355197	1.33088398626396	73
0.09998223663863	1.44620663431561	73
-0.10053110331379	1.26177126772929	139
0.12310969118458	0.894150827381101	71
0.11703280955323	1.50643402165774	39
0.07910053012699	1.57858686280561	65
0.0607995158253001	0.822413531114853	75
0.03970581439383	1.59435559459991	73
0.01123083548552	1.54938444271842	65
0.10993824663062	1.20397230936169	65
-0.12367678225913	2.02407616092815	71
-0.0619140584203	0.95538882251379	39
-0.0563230257123699	1.6952545939835	166
-0.0657793057057301	1.02003181586074	671
0.0145067362633	1.50591559171204	39
0.0702204615101501	0.811505094904784	166
0.10782342692926	1.17475158175069	39
0.0360169635769301	1.58152758138205	65
-0.0892361825537	1.23267444685884	71
0.0266164346115201	1.75759594194659	139
0.0584534318694701	0.367118450782497	71
0.07825640471313	1.37800746192075	65
-0.0128112686914399	2.08955753287154	71
0.0553573188105501	1.77081408803901	52
-0.10293523338186	1.49993239189658	670
0.00203352448098992	1.52244798710966	71
0.07064069565487	1.62958291835101	39
-0.0667259403503699	1.01578215866812	71
0.09905857699562	1.19486975636357	17
-0.0587082311397	0.990846763893855	671
0.10409323576519	1.44275443534923	71
0.11059542371691	1.43680689287028	670
0.06930316425746	1.38528358969353	670
-0.0523429422414501	1.42754926003176	166
-0.0425829677767899	1.53855421956043	71
0.11904165341254	0.876931960856435	71
-0.05852655329901	0.983065358669033	670
0.0702204615101501	0.811505094904784	65
0.10864654241798	0.909721591455411	65
0.04224272401926	1.50066009720187	71
0.05773961746533	0.801362194768655	71
-0.11318946706586	0.662331111128015	71
-0.0823213293641301	1.19034209143217	670
-0.10879978508339	0.6672787691126	71
0.00934985278936007	1.04261882820236	17
0.06930336230462	0.820191681461844	166
0.0653773326198199	0.813075340846069	65
0.0694630005810399	0.809330173042035	52
0.00156932008574007	0.73504503077714	670
0.0615768330056701	0.361053907923462	17
0.06420797119372	0.377375738923198	166
-0.0671867644747901	1.62630935230932	65
-0.0960671996437701	1.27895892202815	71
-0.11395909158641	0.667711428174264	670
-0.1148717084332	0.650808619659502	17
-0.0121438546938299	1.72568788925903	65
0.0979903704765599	2.30242646287907	75
-0.0241976946749301	1.30362449528192	65
0.0602379086929801	1.10955166902858	65
0.12169865095991	0.87593380870632	71
0.00156932008574007	0.73504503077714	71
-0.0280771099556201	1.26843750697485	71
-0.0903100404362	1.27978500150509	71
0.0620588917553699	1.1479787848319	111
0.11386262086293	1.62303770395344	111
0.00182461201674	1.88739522050203	65
0.02861735003721	1.380249761109	65
-0.04878803668252	2.16918323334292	65
-0.0222504373211301	1.89667108075543	52
-0.02982738989017	1.29447294332329	71
-0.04096906555911	1.49915236195909	111
-0.0457990016302701	2.33852771833996	71
-0.01788344093462	1.67758861859429	52
0.07067192609462	1.57036777330802	52
0.1172283660864	1.82909063141838	52
0.08575136979454	1.7724749306999	111
0.03388632940898	1.57925054976708	39
-0.05812743891795	0.964020128320199	17
0.0563610919312401	1.73657163595389	65
0.0254230533390301	1.71326245755861	65
-0.0729094136622099	1.7993168660152	65
0.0703577001337901	1.58706896408548	65
0.06864667412066	1.38200835419108	139
0.0072344533111699	1.51164126566692	52
0.10782342692926	1.17475158175069	111
0.0714740346298599	1.80429130580865	17
0.0165215825217999	1.04175994616515	17
0.11067188670111	1.16276788584177	17
0.0351555514336599	1.29099781247051	17
0.0709775699992301	0.810291668746113	166
-0.0373387160368801	1.51156798613858	65
-0.01521399751098	1.74035204904942	52
0.00298070055866995	1.09455382805844	52
-0.00369969520016	0.743116554546987	17
-0.03714049635553	1.50115821190646	65
0.10949316250466	0.915321683600456	65
-0.00113512667858995	1.6597622598358	65
-0.1096835044785	1.80505204380058	65
0.1161938611353	0.912655164287876	71
0.11841511250623	0.93631614955753	52
-0.06178801987094	0.993911627630269	52
0.07635020005501	0.768784867957562	111
-0.00239993338034994	0.732892816697163	17
-0.0159797662333701	2.22733332242656	65
-0.01417998366085	1.2367053104059	52
0.0000626943782500167	1.09079754447828	52
0.0989117245386999	1.17965051175666	52
0.00563406202188999	0.726813650703039	52
0.12341153117046	0.891002627192741	17
-0.0519059791524701	1.69573327178589	65
-0.0256436045878301	1.82712105770616	65
-0.00087447610672009	2.07079124256402	52
0.06671387494388	0.792705551144696	111
0.00436639044473997	1.09428053588714	17
-0.0057388537471601	1.05018149542029	71
0.00456309739910998	1.08717924077619	71
-0.0023217973552101	1.544510670365	52
0.10137321634249	1.41492363769082	52
0.0626862831224699	1.17433152014017	52
-0.06331413093282	0.98839891172583	111
-0.0281270345760301	1.30565245509596	111
-0.00034803806016992	1.07806500246928	17
0.11387892834958	1.99550535812574	65
-0.10716634243187	0.643681304774792	65
-0.11120372974996	0.640464259320199	71
-0.11318946706586	0.662331111128015	71
0.0310770392422699	1.3691576975021	52
-0.00914578874688998	0.722416817792157	65
0.06420797119372	0.377375738923198	65
0.06420797119372	0.377375738923198	52
0.0581177338958101	0.375962561582381	52
0.06585966746068	0.366177227219592	71
-0.10966740970982	0.650260282593536	52
0.0581177338958101	0.375962561582381	71
-0.0548709775346701	0.889273620073554	65
-0.10889985269299	0.648542493863427	52
0.10960707726938	1.21915279704051	111
0.11974321941408	0.909340544040139	71
-0.10912391677433	0.643157178038856	542
0.06420797119372	0.377375738923198	228
0.06898927386687	0.360110468231792	475
0.0652072771869701	0.374888725715739	52
0.0645546323833699	0.374513004052977	71
0.0652072771869701	0.374888725715739	17
0.00256218847918999	0.722279213613827	71
0.0587754499537401	0.369529285196244	71
-0.10889985269299	0.648542493863427	65
-0.10889985269299	0.648542493863427	52
-0.1148717084332	0.650808619659502	52
-0.10276181644579	0.619974933366537	71
-0.10726551426757	0.658469453924844	52
-0.0570002327558301	0.988541339181	52
-0.10813269715744	0.641991550487167	52
0.11277423392259	0.860638750582158	52
0.06065790088377	1.15870430563863	71
0.00879608993794001	1.10245934627868	71
-0.03781234296651	1.50932610816597	475
0.0769165064278701	0.763119482891077	71
0.12436509204758	0.894209112738697	52
0.00636582933610996	0.725404325422096	52
-0.000694497208139966	1.08503982286267	111
0.09580943636133	1.18621720033547	17
-0.10879978508339	0.6672787691126	17
0.0582952432135599	1.15383308747083	17
0.000666917507210041	0.737792052642124	17
-0.00824231060049008	0.719858923311064	71
-0.0653351340782999	0.951319609919771	65
-0.0106219153257801	0.711804846237902	52
0.0597704167091699	0.36718955542521	17
0.0536372940738901	0.358399350008671	17
0.000666917507210041	0.737792052642124	65
-0.11395909158641	0.667711428174264	71
0.0915737611487399	2.01358895175429	65
-0.04579687413378	2.27953843358826	475
0.1107373585033	1.18332291901904	111
0.11150781211864	1.62472130446844	111
-0.00149669649036999	0.73021443965081	17
0.08789244517873	1.7958235297584	65
0.0303321710720701	1.67821739743896	52
0.10625908376789	1.4142912000628	111
0.000545311241650026	2.06790692312515	111
-0.02172530742158	1.23804416154682	111
0.00969822565900991	0.682028363477957	17
0.00962198718805007	1.03247494734306	65
-0.11395909158641	0.667711428174264	65
0.0606435832574099	0.813030671523514	65
-0.10582756337876	0.641248689980644	52
0.11724861557455	0.903409111835586	111
0.06585966746068	0.366177227219592	111
0.0648597227312699	0.368523240093563	17
0.0053197012725501	0.688853036807423	71
0.0658080995613901	0.836566759552984	52
-0.00386801463704001	0.746318560036076	52
0.00199728769998009	0.717915007657429	111
0.0826211186169901	1.8135416168696	17
0.06824732585873	0.806236399694466	65
0.0597240722776899	0.791116308972729	65
0.06138657952216	1.14673572326738	65
-0.02251275746326	1.69157137961354	71
0.10282592521497	0.872840571509895	65
0.12128621266017	1.60119497248543	111
0.10470808546857	0.897185260519174	111
0.06420797119372	0.377375738923198	71
0.07071195078312	1.11591680577324	71
0.0598797337617201	0.819296013096437	65
-0.1201531151423	1.80309211250771	65
0.07741863138397	1.3270475419364	71
0.06585966746068	0.366177227219592	71
0.0694719518776099	0.805340877260387	56
0.0575647758358	1.15277999492087	65
0.000189291242620016	0.72093945487594	71
-0.11803279194257	0.621526225851418	65
-0.11595571919155	0.5332850453408	71
0.0645546323833699	0.374513004052977	71
-0.108416782993	1.66820702972903	65
-0.10611755820785	1.52755942547695	65
-0.10506052549729	0.643744352212578	71
0.0723736296711801	0.814162250218928	111
0.00888569209048007	1.05691895441051	56
-0.09810792349803	2.41196639031956	71
0.08285678762216	1.58063835486299	71
0.0159574935761	1.79917505272061	71
-0.000694497208139966	1.08503982286267	56
-0.02108121339193	1.25993200770169	65
-0.0132602899104699	1.24862316091046	323
0.0648897032425799	0.833311761741978	56
0.00487628354363001	1.04796565254046	56
-0.10956752283097	0.664528888398318	71
0.06420797119372	0.377375738923198	348
-0.00722553780068003	1.61328045667621	65
0.11331054936278	0.883402981212641	71
-0.10879978508339	0.6672787691126	348
0.0677885418492401	0.812160926266519	71
0.0634150266470801	1.16578846918409	56
0.00692479353686992	0.696964687305168	65
0.11288290670898	1.4235223453331	71
0.07784024340756	1.36666994032658	65
-0.10429388864077	0.642054326102691	56
0.02392164539241	1.71875179117964	65
0.00303170035361999	0.728250908334178	348
0.0306175750987101	1.33854109967366	348
0.00594142951503995	1.50097459435104	71
0.12005443329019	0.882740125248395	229
-0.00313380307398004	0.74226040411173	348
0.03169575728707	1.72378852510675	71
0.0483181581365799	1.56231104211994	323
0.0698997185265999	0.811109553536319	71
0.07513771237908	1.36135559504914	71
0.10185883828465	1.65102346531998	65
0.0210061801421699	2.09441743600626	229
0.00209886954131999	1.0711957552495	643
-0.10994223384268	1.44567163365246	71
0.10852425483218	1.42401452639697	229
0.00854935297195003	1.91068082241904	41
0.12333048264598	1.84314845816306	71
0.0666125581164001	1.35839928402739	19
0.10667815700723	1.19381930426666	56
-0.01551860454892	1.74182686630762	229
0.02388969837121	1.33543401109406	56
0.07591328456956	1.39754162144668	19
-0.0400277214104401	1.43564831338548	229
0.00212905624449999	0.730947284546841	229
-0.00296502011569011	0.743536503943463	229
0.11197960307463	0.903336794661405	229
-0.00443471286302	0.73828697767791	71
0.07006024405033	0.818956949037639	41
0.00429622652638995	1.06666356211892	41
0.07258161221063	1.33969361415388	19
0.0525407636608499	1.12376730768347	154
-0.10918594966529	1.44400303608319	475
0.07022060092634	1.12679723162297	475
-0.04964659689083	1.46454246596285	229
-0.0569818124814401	0.94683551982381	41
0.11006315496098	0.919883460545281	475
-0.00245837759126011	1.05843843491938	41
-0.01777377236172	1.83997045950674	154
0.0763212645850599	0.799201390445619	71
-0.021031827371	1.32921438066533	41
-0.10912391677433	0.643157178038856	229
-0.12212536090824	1.84195415463168	71
0.00434002914136	0.69217247137103	41
-0.0244515210385401	1.29447879725491	229
-0.06178801987094	0.993911627630269	154
0.06930336230462	0.820191681461844	229
-0.0737769936589101	0.985141792512897	229
0.00177374152823995	1.0878896915929	229
0.07468457001007	1.38565504297464	41
0.11814614692607	0.898695966476265	475
-0.11003671442133	1.65903703394413	229
0.0746466540372199	0.810354401580927	229
-0.10793345720697	0.645374537831979	41
-0.0962665792161399	1.44270566613423	475
0.0274620025741501	1.86581442692743	229
0.1072606137683	1.22878467993598	229
0.01406751129405	1.07106702330002	229
0.01069226787592	1.91400409775276	229
0.0508793432050401	2.17311214866758	229
-0.10169772623251	1.46747453873587	229
0.00681881593544009	1.55119541122227	229
0.09981578461255	1.17252573214407	41
0.10956106353227	1.65431129832851	41
-0.0903100404362	1.27978500150509	229
-0.00455567650678002	1.67026586208536	229
-0.0959677539705399	1.25039831662213	229
0.11539219431026	1.38862597272358	229
0.11037186530332	0.913813727024823	41
0.00623173647268005	1.04758585531918	41
-0.0298108315044401	1.31712430690314	19
0.12068409777489	1.58935632661993	475
-0.0244515210385401	1.29447879725491	475
0.10617658343575	1.16760136939772	229
-0.11331208841507	1.47060644954005	229
0.00449372125527003	1.10149650650479	41
0.0863889049204001	2.08118948682731	475
-0.0910560587679099	1.28355970349826	229
-0.0640673651552099	1.00224664155688	229
0.11446440778463	0.858047268004406	229
0.0677842290335	1.06096391640564	229
-0.07223981722236	1.00207885116729	41
0.06930336230462	0.820191681461844	41
-0.0385562460798199	1.26636361639665	19
0.0687861699472701	1.57719446396056	475
-0.10429388864077	0.642054326102691	229
-0.0958816421197	1.24200870029427	41
0.00303170035361999	0.728250908334178	41
0.00397348467474989	1.04547437470963	229
0.0587754499537401	0.369529285196244	229
-0.10793345720697	0.645374537831979	229
-0.0100487803770499	0.703791734154267	229
-0.00369969520016	0.743116554546987	56
-0.11318946706586	0.662331111128015	56
0.00303170035361999	0.728250908334178	19
-0.0611758409380601	1.01173692669221	229
0.06420797119372	0.377375738923198	56
-0.00697484628260003	0.711699159892271	41
0.0587754499537401	0.369529285196244	173
0.0698997185265999	0.811109553536319	229
0.05950852842818	1.12816239104878	229
0.01895805176349	1.33892127371303	56
0.0470421667509999	1.56497017979239	41
0.0633916578642499	0.745958674087055	56
-0.10302587139756	1.46073254502832	229
-0.0596852388848901	0.9489343175396	229
-0.00767104295682008	0.713093016490935	56
-0.10966740970982	0.650260282593536	475
0.0635559656604501	0.376991864933128	229
0.06871855141044	1.07064422008413	173
-0.11816929862307	0.627944651712495	19
-0.10262276277951	0.634638598630059	56
-0.10813269715744	0.641991550487167	56
-0.11410167076691	0.645761329462389	56
0.0587754499537401	0.369529285196244	41
-0.0949949073599601	1.26136902291177	229
-0.0611758409380601	1.01173692669221	19
-0.07466673403944	0.966017657614037	229
0.0717888083723499	0.748954201133719	56
-0.00313380307398004	0.74226040411173	173
-0.10179982258527	1.44754941782869	173
0.01030428067109	1.08569531881278	173
0.04885867678399	1.58830926949995	229
0.0658080995613901	0.836566759552984	229
0.09906363731026	2.18580681215288	173
-0.0619140584203	0.95538882251379	173
-0.0224435229670401	1.2465727925925	56
-0.0625385681144599	0.972719245682192	56
0.0597704167091699	0.36718955542521	41
0.08193449876294	1.37406241802492	41
-0.0659610535677799	1.00947476733396	56
-0.11893901268695	0.641091513286	41
0.0909156191150899	1.77327938608887	229
-0.0814039237664601	2.11438477281158	56
0.12235306681449	2.07727060503558	41
0.0153667446496	1.72205136462046	41
-0.10115092372535	1.39872002692317	56
-0.11318946706586	0.662331111128015	56
0.0665822993145799	0.822319567418382	195
-0.0566034324628499	0.945368761936465	41
-0.06120837134837	0.97926539792089	41
0.00571936756832003	1.88475996320389	41
0.0635559656604501	0.376991864933128	41
0.0798538828676101	1.36411744608387	56
0.0587754499537401	0.369529285196244	41
-0.0418139747536499	1.41635863370822	56
-0.10793345720697	0.645374537831979	41
0.02621336383773	1.30901921430157	142
0.06841680545341	0.767201042959699	546
-0.00255378247981009	2.13018382030524	546
0.06833451958282	0.368469140792702	41
-0.10966740970982	0.650260282593536	546
-0.0697557203746699	1.00267981244171	41
-0.10736594271319	0.626042155881024	56
-0.11487957803015	0.621601119833205	41
0.05911205400905	0.373522050063033	41
0.00695242821043007	1.92631786486997	546
-0.08709067811286	2.31340601797656	56
-0.03223442379456	1.25257617232335	546
-0.05794528504416	0.991603834942236	41
-0.0181954840979801	1.23163426833116	56
-0.0604112238149299	0.999967139433236	56
-0.06215301956074	0.95154245445393	546
0.10949316250466	0.915321683600456	546
0.06508272086585	0.753465376837706	56
0.0276625829858299	1.37863338001319	124
-0.0990344935652701	1.26427083359211	56
0.11014368924114	1.65764926901129	546
-0.0667259403503699	1.01578215866812	546
0.0606435832574099	0.813030671523514	56
0.11662438827658	0.897480671419747	56
0.00726962460853997	0.708427040700401	327
-0.00894036203629001	2.46574950616373	546
0.0618142436446501	1.14167607854173	41
0.0787204843468801	2.29924229841689	327
-0.04330572639006	1.47541539438243	327
-0.10357175704116	1.23963217599611	327
0.0861222973657001	1.60358731986416	41
-0.1025609940252	1.42053010371916	41
0.00612452254634999	1.45100126680821	41
0.0536372940738901	0.358399350008671	41
0.00230067986053006	0.733609971901024	41
0.000622198287399955	1.0788058551547	24
0.00368307255828992	1.03385220829223	24
0.11151991772256	1.43180440308209	124
-0.10008211479079	1.26395136415237	24
0.0749660696162799	0.791278221649884	24
0.11745928703645	0.932678179359463	37
0.000189291242620016	0.72093945487594	37
0.0670421868062001	1.5523818344489	37
-0.04748349400108	2.19694257039199	37
0.1085607515048	1.1893626398557	37
0.03438058750343	1.37181769168262	37
-0.11318946706586	0.662331111128015	24
-0.0016664052591	0.712843850462749	24
0.0606435832574099	0.813030671523514	24
0.0121688689734401	1.03781855210121	24
0.11993787464668	0.92525259513613	24
-0.02280327294698	1.32376707871546	24
-0.0577632104850201	0.987791740441804	24
