x	y	clickSelects
0.104520487976282	1.15431457413022	31
0.00310146860222205	0.667999487241216	31
-0.055815317437957	0.825647676191166	31
-0.087497160040792	0.744265237275478	31
0.092110514929741	0.79544646150226	31
-0.010875366846668	0.83877477741112	31
-0.078923793528511	0.487293386325918	31
-0.095679691225168	0.414740613190538	212
-0.113351318188587	0.495087563866838	212
0.063634355736064	0.797872440082971	212
-0.035322861837905	0.610318473974947	13
0.016254522703547	0.613419372363433	13
-0.112080651084997	0.330571104865375	13
-0.10355781172943	0.412328434780432	13
0.0161790425296749	0.353772171048157	11
-0.085980710139698	0.248834736537057	11
-0.050295574489192	0.35041007812615	235
0.107196468509895	0.188500305764353	235
0.100846523108665	0.269455428653841	235
0.102951892153332	0.187666021664002	235
0.104391995793308	0.188752160600622	235
0.100090984342607	0.474515780427632	235
0.124451836898632	0.390717069122186	11
0.108127525175118	0.286693576818328	11
-0.037714491915418	0.257204356791073	11
0.104606269196918	0.197131496894388	11
0.016373404257088	0.260679505826432	11
-0.049899768423869	0.243413943166037	11
-0.049671271955906	0.159866625787245	11
0.029251059444441	0.258329333597947	11
-0.044846639575421	0.247537252279387	36
-0.037274154656865	0.250484347038109	36
0.105326892600321	0.193060090298176	133
-0.049796172893354	0.163954801888234	133
0.100846523108665	0.269455428653841	133
0.098377305962958	0.268486292207262	133
0.10778529414349	0.193560761266531	22
0.10778529414349	0.193560761266531	22
0.101059276423825	0.271721173469431	22
-0.053483547886427	0.163543065590241	88
-0.057942993818106	0.157837135508987	88
0.104606269196918	0.197131496894388	88
-0.049671271955906	0.159866625787245	14
-0.122071135708417	0.932946280528391	31
-0.075825429980657	0.762292988118699	31
-0.057078644572125	0.995880257861685	31
-0.099635720904443	1.04115338120751	31
-0.123215249062277	0.875480546524166	31
0.07647657530159	1.02533118448162	170
-0.12192885479163	0.425222382131807	13
-0.077241445744497	0.612211408578762	13
-0.069186959680114	0.589311532450732	13
-0.028542646473784	0.515456582983534	13
0.0604280317071521	0.451268422805062	13
-0.023442190166441	0.424209188256494	11
0.075187059121082	0.721253946791221	11
-0.102653061971281	0.342717662122715	235
-0.121337310728428	0.243242496118542	235
0.0625504155032151	0.475453014734888	235
-0.077901383058977	0.35528030060804	235
-0.08020471906604	0.248169003314009	235
0.100826391979748	0.471137953183953	235
-0.041145598498814	0.347990750472289	235
-0.021032849365647	0.449003629164912	235
-0.017011479225651	0.344647874655535	11
0.034579805890424	0.459179014005679	11
-0.043541387955504	0.254260042043757	11
0.0637594927712381	0.541841876417441	11
-0.059643305699675	0.159185418917069	11
-0.081899555646444	0.244019540525236	36
-0.016995629107084	0.362976846358295	36
0.022935095215993	0.365893980690302	36
0.010004641180656	0.242656465479717	36
0.104606269196918	0.197131496894388	36
-0.118867546906817	0.245039094484477	133
-0.067588675118373	0.349239232882485	133
0.102678249169083	0.280156143335542	133
0.104218517365508	0.279468185385514	133
0.096889739438217	0.272561524978423	72
0.057793381422197	0.368682704936923	72
0.098508508821073	0.276082141118485	22
0.109745262879566	0.285932577104552	72
0.104606269196918	0.197131496894388	22
-0.054478723911809	0.159509279653994	22
0.099154292262728	0.189491588058777	22
0.098952681887659	0.190014654245685	88
0.105751979905555	0.18742080585834	88
-0.049796172893354	0.163954801888234	88
0.109658093055625	0.193682993386016	88
0.10778529414349	0.193560761266531	14
0.109445790014745	0.192936241963981	14
0.102132045563891	0.186772939024416	14
0.019592172975421	0.261779266778194	305
-0.039890834312272	0.948995273902479	31
0.0752544898954089	1.00818416136762	31
0.045642406425122	0.772082783752084	31
-0.12480594591914	0.820217124410757	31
0.010821390162558	0.912667706541282	31
-0.012828115637961	0.429870169536646	31
-0.118534995909397	0.59710567543381	31
-0.028791683950197	0.670652395122148	31
-0.065391960115107	0.345140668683434	170
0.0478269508834051	0.559466679084591	170
-0.112983714244917	0.658482085468091	170
-0.063229509291571	0.575105106197364	212
0.022688117461657	0.584558886619807	212
0.104691449499809	0.274958709751939	13
0.021701842193342	0.361601006257513	13
0.02685080837494	0.265098898670484	26
0.058899227253308	0.553638866842754	13
0.013284157596378	0.361612639417573	13
0.017666658326558	0.26511675217471	13
0.103878088167141	0.669246662803409	11
0.021988792302724	0.268514362548403	11
0.100422822082496	0.738869996370179	11
-0.101209083404657	0.401306388995636	235
-0.014682404716386	0.356793627462844	235
0.118584406165337	0.263436826378087	11
0.106643905722088	0.27675670536544	11
0.108721732381752	0.196947833793611	11
-0.100030964701917	0.422793323340678	11
-0.000492157749487021	0.462807268379716	11
-0.012573988803636	0.523466626858116	36
-0.047037577470093	0.242182254596076	36
0.069332307371085	0.481595061596225	133
0.018838831590648	0.468678305361554	72
0.013338923527586	0.250808822519507	22
0.098952681887659	0.190014654245685	72
0.106474383247089	0.192269360452443	88
0.019600081203046	0.254023788595379	88
0.108721732381752	0.196947833793611	88
0.107997354893613	0.191805636940902	14
0.106261717682182	0.192838259478629	14
-0.080144082846525	1.26635310180149	31
-0.013188002836022	1.2856365891104	31
0.08359007223892	1.22657562376436	31
-0.01857297214648	1.52782058555097	31
-0.019798059040019	0.717412648100793	31
0.021079585677065	1.24767040146174	31
-0.086552067714045	1.01132757413583	31
-0.013575479472932	0.761333515723323	31
0.077998143750864	1.16976449397711	31
0.055664076407089	0.856698625853522	170
0.00422218997257595	0.546003141586859	170
0.112137217778815	0.813394195967629	170
-0.072379520295977	0.439547335560703	170
-0.040794917207603	0.419141872835844	170
0.045203956389501	0.604420066162734	170
-0.00915848685666698	0.530806092385324	170
-0.059364196106021	0.577061728935404	170
-0.040976273927983	0.954841561886272	170
-0.076824186168229	0.824551817091564	212
0.00217068940434395	0.620200601520496	212
0.0734227998714611	0.646798002665892	26
0.086968252470194	0.731853490647864	26
-0.023540334740866	0.513831513259635	13
-0.000470294971737006	0.703480152405004	13
-0.107297418671954	0.734149245667271	13
-0.051617460947439	0.352585077374025	26
0.075942673445674	0.704104313164594	26
-0.118034236472735	0.334922051294931	26
0.062025950012273	0.457065658683443	26
-0.069673679390072	0.439565896472571	26
0.023661452914557	0.43913659694921	13
0.036841964133106	0.473127937998587	13
0.016154253603023	0.25654190239928	13
0.00799945304965399	0.454889885588201	13
0.09278466048807	0.539556509449492	11
0.063844457016875	0.45629475798616	235
0.0271945864807091	0.548812199299984	235
0.105098231339121	0.590013650462643	235
0.024418708405717	0.627448846851898	235
-0.120215522482469	0.428753822447574	235
-0.044317507870747	0.251302929979435	11
-0.103440799756934	0.34011893308256	11
0.057621023221365	0.357987399349296	11
0.124451836898632	0.390717069122186	11
0.01014314675869	0.245248881744859	11
-0.052568984511295	0.162709811063589	36
-0.058734086718589	0.160049362864785	36
-0.04974371552623	0.237544134556009	72
-0.107881726000671	0.245269456095171	72
0.011513728683441	0.353257774397549	88
0.106443369145996	0.275073792013536	88
-0.049922319184628	0.161280171398461	88
0.108508617766097	0.18973330924381	182
0.096637228790214	0.180654962692587	14
0.023634554881356	0.267965507910143	14
0.006118025133793	1.35881744307388	31
0.052729382284155	1.0646072885632	31
-0.086489246087182	0.915042938339326	31
-0.000466166180412009	0.857941972757996	31
-0.049165582877341	0.896778697626363	31
-0.079534706748731	0.438282690082041	31
0.084930389295762	0.7349049020703	31
0.053801775857097	1.0166946440053	170
-0.051407063126508	0.740113214598679	170
-0.05493985487873	0.645439858586437	170
0.0313898303446259	0.746740539587512	170
-0.115944487107896	0.646038144473807	170
-0.096729704603751	0.472529669903091	212
-0.090258963912331	0.673350292424322	212
0.103163999657449	0.863893667381932	13
-0.109174573113581	0.400362778138925	26
0.115888517934382	0.814503233309845	13
0.0797050227462091	0.687477116199608	13
-0.090582146045174	0.235522204272281	13
0.108858050119874	0.752028698119394	13
-0.009863623028323	0.458332596803391	11
0.08926869399604	0.559518300126804	11
0.090980723491857	0.630448680865923	11
0.107196468509895	0.188500305764353	11
0.103949930977753	0.280985884086667	235
-0.054396748347095	0.162653299830411	235
0.065518526600282	0.375817863002581	11
-0.053358989672753	0.158573367652158	11
0.11972997620216	0.378367370067563	11
0.101401847638128	0.186470065336974	36
-0.083762381090024	0.248563908861583	36
0.03260587146005	0.257090495711882	36
-0.059525616537211	0.1570054716999	133
-0.059525616537211	0.1570054716999	133
-0.054273779065557	0.159335456313377	133
-0.043792178651441	0.251985988681451	133
0.103885329091052	0.191922454954812	72
0.099154292262728	0.189491588058777	72
-0.048093121830906	0.164630247528037	22
-0.057942993818106	0.157837135508987	88
0.095270252666565	0.260470652372595	88
0.105540363795595	0.196883836529778	191
0.104391995793308	0.188752160600622	14
0.104606269196918	0.197131496894388	14
0.109658093055625	0.193682993386016	14
-0.081849793898806	1.0239767430103	31
-0.103640222375923	0.756367747876061	31
0.029875484535554	0.931043817684402	31
-0.093289787214525	0.636184753376937	31
-0.096147949486379	0.798907899207104	31
-0.070888423766389	0.738333377741561	31
0.000626008392552002	0.934684302025675	31
-0.106478207530242	0.6300526324214	31
0.086926872718932	1.00543260554221	31
0.060328505986432	0.755969232297362	170
-0.00996797758856299	0.659856660781228	212
0.045527353141386	0.955888417780432	26
-0.00704189308131098	0.610443426954387	26
0.117979642715018	0.895490373610911	26
-0.043573339258238	0.498864501227155	26
0.083415248395927	0.879028911002806	26
0.00681856724690999	0.909178148457954	13
-0.014664277667827	0.686525870012358	13
-0.080293651611024	0.434393289283758	26
-0.044118783267171	0.501950193956732	26
-0.079082261935534	0.50700394764897	26
0.10524022544197	0.730466547475212	26
0.102308563949231	0.630681897893029	13
-0.088668799183856	0.348559697070345	13
-0.055639812950072	0.350635010991942	13
0.054617914292614	0.553795408254829	13
0.00610644911323399	0.603658748083884	13
0.015561062602846	0.345107606106017	11
0.064874404674422	0.557993785977587	11
-0.083584124849631	0.333804367609478	11
-0.030770368348258	0.358420407368387	11
-0.052409841829388	0.330389313595767	235
0.101145790156531	0.459703671477668	235
-0.084539715338894	0.246258417930676	235
-0.012077215265706	0.447218874290298	235
0.097528975670941	0.49066423508295	11
-0.033723222250899	0.3584723735723	235
0.0182285168491591	0.360400677683643	11
0.059330265509315	0.36356379569845	11
0.029859585275517	0.429332597135054	11
-0.048719295887108	0.242369818250811	11
-0.040284535316779	0.255406403236934	11
0.103949930977753	0.280985884086667	248
-0.049007088152211	0.164550979721028	72
-0.05269375213788	0.164143493470563	72
0.108721732381752	0.196947833793611	133
-0.049796172893354	0.163954801888234	72
0.103342170174344	0.280281513622501	72
0.110621690747203	0.283757045944347	22
0.112915919163622	0.277842853656505	22
-0.059643305699675	0.159185418917069	88
-0.049133442304851	0.158198954336204	88
-0.051230447315616	0.153840203446261	14
0.10778529414349	0.193560761266531	182
0.106261717682182	0.192838259478629	14
0.10778529414349	0.193560761266531	14
-0.058734086718589	0.160049362864785	263
-0.051779414584004	0.163302427940867	14
0.105540363795595	0.196883836529778	346
-0.053608043803381	0.163248539578346	14
-0.101002165814673	1.65114404801646	31
0.116986031407033	2.4674166465166	31
0.00627252790128896	1.70192488042945	31
-0.041498367564795	1.04182734774218	31
-0.112295137683809	0.804070321324273	31
-0.045978770020802	0.69626168938961	31
0.075060582219325	1.32612977500995	31
-0.060636575531393	1.57224493389508	31
0.100180143782509	1.17246284465323	31
0.072830696514517	1.23210548325532	31
-0.117212888829207	0.444874416406475	31
0.052772270785732	1.01218681491302	31
0.098952681887659	0.190014654245685	31
-0.016925174237101	1.66716052284659	31
-0.080739009915207	0.426975775601275	31
-0.102810051953901	0.335059693958313	31
-0.041231819826665	0.443433195664598	31
0.098396675040742	0.573117270547408	170
-0.07492082135074	0.348355992877528	170
-0.026084177928195	0.408494666215762	170
0.090830655814415	0.560414575485032	170
-0.105266861573323	0.42546881145194	170
0.0531553283395541	0.902853546866691	170
-0.080602602595797	0.536617582965031	170
-0.00748012770968998	0.751896494777338	212
-0.00603755602343098	0.44344377291175	212
-0.111282637070222	0.346344248206848	212
0.095135645496512	0.650113409157216	26
-0.016770929074077	0.356737443560941	26
-0.113684909747691	0.238523847683488	26
0.0199767587040079	0.460685787921532	13
0.0858655266070389	0.658251181796739	13
-0.054745513707406	0.612773035866555	13
0.0784895430368811	1.0422683607293	13
-0.010053644213715	0.438982346379528	13
0.027889029942134	0.262654435765283	11
-0.03899185799682	0.253931637075703	11
0.062130589163489	0.361815328440394	11
0.018159904579824	0.262328204106373	11
-0.07623329856124	0.244901458317527	11
-0.117220251948385	0.334122108369493	11
-0.113823409222506	0.425477400875814	11
-0.073634126174104	0.594086569738238	235
0.013805505371143	0.356772245308467	235
0.027000083617998	0.701815097488988	11
-0.099113289226211	0.427097796829725	11
0.113929181170657	0.278822472849799	628
-0.043176624273914	0.24991402080134	11
0.00379332309470704	0.331261293817111	11
-0.081759027416325	0.245035215429574	11
0.025592420777819	0.544739218944433	11
-0.112718867319972	0.575686607782049	36
0.032796579678753	0.610124407370501	248
-0.114183299159281	0.350337059944434	248
-0.042765651121745	0.255103889289855	248
-0.091384018115185	0.241104502961101	133
-0.01222495458533	0.354406322557527	198
0.058686105671981	0.344697074148754	133
0.118951382786498	0.378526070091331	133
-0.116679119567581	0.343762886793916	88
-0.058086056888934	0.360524668540532	88
0.105540363795595	0.196883836529778	88
-0.094396848792034	0.347690364873401	88
-0.058851985246589	0.157000954192857	88
0.115083175744325	0.377820848025336	14
0.026098107810301	0.264299390154503	14
0.107997354893613	0.191805636940902	14
-0.058851985246589	0.157000954192857	14
-0.026173709004747	1.24799036450895	31
0.03943022926922	0.91105308343514	31
-0.103917168565514	0.915786453524578	31
0.057801010613696	1.12406314222736	31
-0.00805491298677702	1.01951534853009	31
0.048397563281304	1.30130164394622	31
0.00051586631999001	0.619696907572876	31
-0.07833990520022	0.696128946104358	31
-0.061636141919732	0.726781515651682	31
-0.079231943041433	0.758271806686788	31
0.118220182272417	1.60637803349768	170
-0.001095834128995	0.61250721413873	170
-0.044124457175943	0.732401289194265	170
0.110915538308129	0.938918895509955	170
-0.092660506180733	0.571189773267851	212
-0.066488186966041	0.585224992472328	26
0.00499128517385805	0.606233051323309	26
-0.083629064745937	0.52387111585336	26
-0.09852106314781	0.542790762084799	26
-0.02263523547984	0.516717093932359	26
0.041022131529734	0.694485620543731	26
-0.093722708348941	0.514469198932535	26
-0.00102511577550901	0.653608242631194	13
-0.035887755116277	0.589942351879147	26
0.081427253986699	0.65935940180554	26
-0.115842859136737	0.340795018546479	26
-0.090239604534684	0.43727565194787	13
-0.11573764748604	0.432052073735909	13
-0.115141991972389	0.395375918804132	13
0.028049896258587	0.422956848004772	11
-0.035910249725813	0.347123920878784	11
0.063035621568735	0.373866963109177	11
0.10738590334938	0.284218486173583	11
0.077839142693976	0.368676342619104	11
-0.051501376772247	0.156730919067644	235
0.081289397431939	0.657794184300014	235
-0.053652099656789	0.223078506055692	11
0.023231672004606	0.367721426881236	11
0.018802856657707	0.361851287925408	11
0.104164224719083	0.275811399836544	11
0.035141503914236	0.446567017191045	11
-0.05269375213788	0.164143493470563	11
0.104606269196918	0.197131496894388	11
0.011298097728318	0.25049261598941	248
-0.024015590906165	0.34578311236344	248
-0.087612409123143	0.24133916994746	270
0.00884734378672003	0.345747473301225	270
0.109745262879566	0.285932577104552	270
-0.058734086718589	0.160049362864785	36
0.102197513339106	0.271376605541193	133
-0.058617442654143	0.1562622704187	133
-0.048093121830906	0.164630247528037	133
0.108508617766097	0.18973330924381	133
0.106261717682182	0.192838259478629	22
-0.054396748347095	0.162653299830411	88
-0.052819754606688	0.160006763411687	88
-0.053358989672753	0.158573367652158	88
-0.054478723911809	0.159509279653994	88
0.110382885599145	0.189869757277567	95
-0.059643305699675	0.159185418917069	95
0.10778529414349	0.193560761266531	14
0.106474383247089	0.192269360452443	14
-0.053358989672753	0.158573367652158	14
0.104391995793308	0.188752160600622	263
-0.054140417197566	0.160561104882777	14
-0.12332152358445	2.37686892346103	31
-0.082213577699513	0.970111598823019	31
-0.044199606540961	0.922019738150077	31
0.00889658340691602	0.845960926606487	31
-0.070517233654758	0.511516015962158	31
-0.00230604910375598	0.596560141869584	31
-0.056171733151492	0.604482584919774	31
0.0317288675684561	0.750215018191403	31
0.100812221308309	0.185578165967526	31
0.047205536738841	0.866609578195821	31
-0.096451381786171	0.82799349188112	31
0.024016241236968	0.531987642630067	31
-0.0274371975018	0.992853217555835	31
0.041120489475847	0.738818229915205	170
0.067612710081195	0.722080904490693	170
0.115068747415139	0.684653595174424	170
-0.079359208617967	0.598829231150812	170
0.04698257507042	0.58859075260915	170
-0.022962972941597	1.00607536173853	170
-0.07750325580709	0.64708425454237	170
-0.00472783006232602	0.77830372490437	212
-0.121524899867316	0.421812864618459	170
0.07394129931711	0.56930782070264	212
0.117927673973525	0.622196906714784	26
-0.00285234362007503	0.458864699986463	26
0.00591139565366805	1.04216999030269	13
-0.006514515140982	0.455101491924459	26
0.033419392509866	0.457665195285761	26
-0.00287089737514301	0.454958437488958	26
0.038224239396549	0.476187821559699	13
-0.079156989904092	0.664354451716683	13
-0.113540392512313	0.341816661431873	13
-0.050155418943993	0.337302587152888	11
-0.094208973022497	0.235176088238938	11
-0.091582331959628	0.238831012668541	11
-0.122276513227933	0.487925666850206	11
-0.056532601698796	0.434387684299905	11
0.064365234485975	0.48053849267564	11
-0.113771376013189	0.341162235154685	11
-0.037261949985462	0.420578415011313	11
-0.080147209593902	0.440017798199327	11
0.073436760853144	0.55928965544656	11
0.03385660164796	0.45091457865345	11
0.094797703282807	0.263644894211537	11
-0.117437956017984	0.335594075531808	11
-0.051779414584004	0.163302427940867	11
-0.086760070369349	0.248778171366971	11
-0.113430562308851	0.243590878449249	11
-0.038303509497089	0.353465135864457	11
0.063810968477409	0.375077357856611	248
-0.047581828737074	0.349802609464507	270
-0.111187789915411	0.336953892157937	270
0.110382885599145	0.189869757277567	133
0.104606269196918	0.197131496894388	72
0.09776467661481	0.275355275525869	300
-0.037072425486385	0.249345891425836	300
0.018910791265944	0.263130349569801	72
0.014730618657178	0.254635145580542	88
-0.047940075210242	0.241960214901256	88
-0.050077425149706	0.156833648578986	88
0.021485614185658	0.258239817591706	14
0.099383244999364	0.276978097840754	14
0.104606269196918	0.197131496894388	14
0.105326892600321	0.193060090298176	14
-0.102996530803823	0.720707737010464	31
-0.10868467777728	0.60521381896414	31
0.109125310612242	0.723650082146339	31
-0.074933230970103	0.441190518427718	31
-0.050588530557265	0.523736978219168	31
-0.061616998122924	0.403230009256527	31
-0.104148793269867	0.328382567921032	31
0.020532010969617	0.692396454658699	170
0.054504253285219	0.866926770272983	170
0.07448369873983	0.831415389619361	170
0.054975268722985	0.455425490118909	212
-0.067702343139358	0.346589961571108	212
0.069861564225695	0.704820243393601	212
-0.101025070187729	0.439663932018815	26
0.018541912339787	0.624945288891749	26
-0.028043514511112	0.447152416260345	26
0.068803304325619	0.635948568405859	26
-0.049046819498865	0.585127182468483	26
0.015376724760064	0.536660534722074	26
-0.00958581495490401	0.610454391047247	26
0.117281714335534	0.742717402346623	13
0.014976862772302	0.618492157622588	13
-0.070695519256689	0.438586095654493	13
-0.12427839581328	0.312316230369866	13
0.100722219920995	0.739991233354074	13
-0.013249192353367	0.425051660307777	13
-0.001148770834899	0.540963806528921	11
-0.057826140931256	0.159256179767351	11
0.117810353092563	0.380802665927064	11
0.108127525175118	0.286693576818328	11
-0.087680933887421	0.249142837322621	11
0.015481087799036	0.257506042614489	11
-0.089944208402253	0.234628021747631	11
0.097084325607787	0.265915014122365	11
0.0980227824676571	0.185813227211257	11
-0.052568984511295	0.162709811063589	248
0.0210950807896571	0.265624108150651	270
-0.039513340604682	0.255415810614698	133
0.10367210198169	0.19256980157576	133
0.102333243049022	0.189586610153756	133
0.104606269196918	0.197131496894388	133
0.105540363795595	0.196883836529778	133
0.019054089238646	0.261079306299839	72
0.104606269196918	0.197131496894388	72
-0.048093121830906	0.164630247528037	72
0.10367210198169	0.19256980157576	88
-0.05099027943335	0.160081878287683	88
-0.059643305699675	0.159185418917069	95
0.103064184011693	0.189897014067851	14
0.105540363795595	0.196883836529778	14
0.122255999434813	1.24275200664647	31
-0.063631631613435	0.755017831434124	31
0.086497508740411	1.6438034995287	31
0.028305582711105	0.462231255216362	31
-0.04761763373495	0.664799758164735	31
-0.053958649105773	0.930380871229398	170
-0.036898206787088	0.91670687134609	170
-0.078587761459265	0.704244468976464	170
-0.072645138352861	0.684018317968331	212
0.027833608022044	0.690760001710714	212
0.0720156241157141	0.944810566226727	212
0.079631023890831	1.03331708912552	212
-0.00741837463524703	0.729882012482224	212
0.121471364614456	0.652651016508198	13
-0.081530315278655	0.700499893040443	26
-0.101148285840371	0.557454885285403	26
0.047694045721706	0.529771449027364	13
-0.035739321161567	0.654967901027444	13
-0.07580554170824	0.671611523156181	13
-0.082816682029227	0.60843395057222	13
0.094216917994516	0.639347509696479	13
-0.00264143089987001	0.606987149527341	11
-0.119905914125062	0.421465446995447	11
0.119874495545554	0.380263796423304	59
-0.053608043803381	0.163248539578346	11
0.108127525175118	0.286693576818328	11
-0.049053765512623	0.434702757565767	11
0.030034589224279	0.45466752036989	11
-0.016604135788746	0.346305567764685	11
0.074340890255567	0.483032815029275	11
-0.117502069006156	0.333092173588417	11
-0.106947611335628	0.318341355751996	11
0.101671084120273	0.272299475650617	11
-0.083762381090024	0.248563908861583	11
-0.058617442654143	0.1562622704187	11
-0.053483547886427	0.163543065590241	11
-0.047969057130315	0.16113278421714	11
0.109658093055625	0.193682993386016	36
-0.05323417741339	0.157776185080692	248
0.018910791265944	0.263130349569801	36
0.104296494897888	0.280973587651893	36
0.102678249169083	0.280156143335542	133
0.104818692519225	0.191704651936722	300
-0.032648380500058	0.246723247741416	300
0.018159904579824	0.262328204106373	72
-0.053608043803381	0.163248539578346	300
-0.054396748347095	0.162653299830411	88
0.106261717682182	0.192838259478629	88
0.108932979962072	0.18877778960956	88
0.105540363795595	0.196883836529778	179
-0.048881979633417	0.164035286059591	88
-0.051655678099507	0.159279307936694	88
0.103885329091052	0.191922454954812	88
0.107997354893613	0.191805636940902	46
-0.053483547886427	0.163543065590241	14
0.104606269196918	0.197131496894388	236
-0.092067761716079	0.527848768285711	31
0.00574221548088305	1.00251424132741	31
-0.080563206547651	0.436505955517399	31
-0.124344525919177	0.423802939478071	31
-0.08223246793345	0.848304457933242	31
0.068725286733702	0.939772503474852	31
-0.03623144408258	1.08245402447052	31
-0.098327119472863	0.669687786315418	31
-0.064395405017531	0.501757169787389	31
-0.048621174834695	0.439120318636537	31
0.021100522978109	0.702612714032866	31
0.040349940543552	0.436685965061318	212
0.067294481069294	1.31070193191847	170
0.059385914339296	1.30771046876807	170
0.102506252869273	0.577252595600632	212
0.029204229313872	0.816543547619862	212
-0.000965481780109023	0.80864890563599	26
-0.00444675406242601	0.7814336849784	26
0.086360459250071	0.605154404338988	26
0.036566189253734	0.759023116183147	26
-0.034554952463045	0.802319309145585	26
-0.026115948666468	0.678342477336132	26
0.061788654957345	0.922362114889783	26
0.124664711831056	1.04765615405018	26
-0.019382993361811	0.613507431494688	26
0.118809190072428	0.825281981107697	13
0.123766649962868	0.910096411290157	13
0.067228322192903	0.684151943789029	11
0.000867776687515032	0.450326370550975	11
-0.075192486655965	0.494441114849549	11
0.074207795460881	0.723655346743641	11
-0.008244331322178	0.531491479196039	11
0.117266263840584	0.741066195173184	11
-0.055047950567545	0.160476366144499	11
-0.054396748347095	0.162653299830411	11
-0.021206362865068	0.454996082590137	11
0.097673481429861	0.467000882686645	11
0.095566831827225	0.457632313747518	11
-0.060279745668116	0.348836124550754	11
-0.013194199171649	0.357516644950088	11
0.073807789873754	0.461179323818747	11
0.106261717682182	0.192838259478629	36
0.066451393978016	0.375933373014778	270
0.109004155777126	0.286758401658841	36
0.102465766645332	0.279374152525266	36
-0.042276915519553	0.24953303557013	36
0.0191776053120259	0.259348767430264	72
-0.048093121830906	0.164630247528037	72
0.0250618243888731	0.25700858974078	300
-0.059525616537211	0.1570054716999	300
0.099251963437076	0.271164368497617	88
-0.055267300543933	0.158939031402633	88
0.105540363795595	0.196883836529778	95
0.105540363795595	0.196883836529778	14
0.105326892600321	0.193060090298176	14
-0.106187984893258	1.09986920165295	31
-0.056888851456117	0.355402727654635	31
0.108910053314199	0.723350609750455	31
0.108790102768283	0.79220516537089	31
0.037495065305834	0.673635986340803	31
-0.099331814069602	0.741823031676253	31
0.038906140165695	0.892304714996796	31
-0.024794872382026	0.604493882240197	31
0.085423200641313	1.07776229541776	31
-0.074302802747341	0.578144129706645	31
-0.104331847836363	0.745358445241358	170
0.101875562763749	0.268793972977066	170
0.083312479775095	0.948422334684895	212
-0.076646381234095	0.506861374771582	26
0.082170718111615	1.02932021696832	26
-0.044276536152955	0.62280733889701	26
-0.019528746000481	0.529782727269773	26
-0.124007284972201	0.402119711756626	26
0.078432252155446	0.562817604931379	26
-0.039216337919819	0.769212963118406	26
0.049428333433698	0.84872155563313	13
0.095048835185619	1.06483957811066	13
0.028856063232895	0.919094574839588	26
-0.075432061401188	0.432168087332666	26
0.077640781173418	0.941885907845514	26
0.00784865652376998	0.730353572072185	26
0.063210055749278	0.625921848972324	11
-0.023125741721963	0.524773180481229	11
-0.122260095606904	0.237556582938811	11
-0.04628816858043	0.444165057961035	11
-0.00203044985721101	0.54216991946168	11
0.121087088004208	0.367962808244109	11
0.105326892600321	0.193060090298176	276
-0.064802264864292	0.151107327423204	276
-0.100936156109899	0.330086569287903	11
-0.116121954554478	0.329305165621629	11
0.100436989171702	0.578493030906275	11
0.053931596920811	0.361312081533037	11
0.022935095215993	0.365893980690302	11
0.100812221308309	0.185578165967526	11
-0.114359933762119	0.244380140077891	11
0.106261717682182	0.192838259478629	248
0.015574642619736	0.365264051924621	270
0.014997296963789	0.249322825583436	36
0.012808157623756	0.258676460932716	133
0.0980227824676571	0.185813227211257	133
-0.055166167656114	0.155268489318707	133
0.100083277523817	0.185277932705371	133
0.105540363795595	0.196883836529778	133
0.110382885599145	0.189869757277567	543
0.097296057013888	0.185511797708221	300
0.104606269196918	0.197131496894388	300
0.105326892600321	0.193060090298176	300
-0.043792178651441	0.251985988681451	300
0.104818692519225	0.191704651936722	88
0.102951892153332	0.187666021664002	88
0.104084301793186	0.282699508965466	88
0.105540363795595	0.196883836529778	88
0.10367210198169	0.19256980157576	14
0.104391995793308	0.188752160600622	14
0.104606269196918	0.197131496894388	14
0.105326892600321	0.193060090298176	567
0.104606269196918	0.197131496894388	14
0.104391995793308	0.188752160600622	14
0.079018543495501	0.873270110647387	31
-0.105839231001073	0.861468757325453	31
-0.112397363949119	0.396709056263219	31
0.0567602943161371	0.947112195016296	31
0.0204491598615441	0.535139078655644	31
-0.121340864676825	0.404863876330709	31
0.103901983010681	1.28755436962263	170
-0.07574841301306	0.816811027810247	170
-0.104367265572903	0.597213316022076	170
-0.0780455339066	0.690904018562175	170
0.03782008438956	0.455552387089771	170
0.04385047187821	0.721919842803277	212
0.0856201517622121	0.951542627592683	212
-0.07610247222287	0.657824056906435	212
-0.094488815685974	0.575404262866653	212
-0.041729142495997	0.6485956808922	26
0.064091569146232	1.09520846641967	26
-0.088274081776352	0.565584104818086	26
-0.11479631656986	0.517369462473876	26
0.116797510417187	0.742647952227208	13
-0.089590555889352	0.42926358379404	11
-0.041506067018516	0.249557641865347	11
-0.086376916518574	0.243373124488189	11
0.042119908992917	0.468318819854381	11
0.020794170821654	0.365645845090958	11
-0.057942993818106	0.157837135508987	11
-0.049796172893354	0.163954801888234	11
-0.124435581946346	0.227406905332218	11
0.011388857310657	0.464852815780411	11
-0.035603142787189	0.25489489088347	11
0.099383244999364	0.276978097840754	11
0.099556526063658	0.46691754982066	11
-0.053608043803381	0.163248539578346	11
0.105540363795595	0.196883836529778	36
0.099882495694625	0.189802499735134	248
-0.114699142883199	0.238283590787299	270
0.06629296628702	0.371913777493325	133
0.0583973568399701	0.361228733443426	133
0.10778529414349	0.193560761266531	72
-0.054396748347095	0.162653299830411	300
0.107115604168585	0.277016214161933	300
0.099882495694625	0.189802499735134	72
0.106643905722088	0.27675670536544	88
-0.054478723911809	0.159509279653994	179
-0.053608043803381	0.163248539578346	88
-0.083904236672362	0.24862254303294	88
0.10320803681388	0.281778725345855	95
0.105540363795595	0.196883836529778	88
-0.044392747678128	0.160472883725614	88
-0.058617442654143	0.1562622704187	88
0.108721732381752	0.196947833793611	14
-0.097985028950416	0.347796697193659	31
-0.029553936379419	1.04056113969179	31
0.028994990167689	1.15932424275029	31
-0.044055793432716	0.443904076477036	31
-0.014639814703263	0.426274291545528	31
-0.037222314295542	0.927821108638734	170
-0.031627032572278	0.824777379862265	170
-0.01041671051366	0.755255562543225	170
0.022911104611431	0.911128910957485	170
-0.037405258632536	0.789066490146142	170
-0.027460708855003	0.873808441675388	170
-0.040934484537352	0.664449557138674	170
0.087536314339936	0.736905466081367	170
-0.054327564458027	0.520677725399039	212
0.017268818288856	0.845194063455855	26
-0.06911719732707	0.407770376888105	26
0.111145001159602	0.496338156314184	26
-0.069484049667363	0.605840867407646	26
0.010175579811844	0.837421663531942	26
-0.027536915881477	0.749726109024482	26
0.086605036991143	0.812427401371078	26
-0.038447782154484	0.694178674879992	26
0.108721732381752	0.196947833793611	13
-0.025058312142556	0.670546644751116	13
-0.019755956619043	0.448922282105509	11
-0.010183789059122	0.52476934558449	11
0.047399879520194	0.684397467376667	11
-0.038486148490711	0.257198126986689	11
0.023278637594642	0.260574660457232	11
-0.08676253088962	0.343483877006008	11
0.105326892600321	0.193060090298176	11
-0.058550840914022	0.297311748188367	11
0.104198684491914	0.591095472758167	11
0.017266343051346	0.262199548559052	11
0.070307087475716	0.377749205055045	11
0.09776467661481	0.275355275525869	11
0.018562780582713	0.264445159356791	36
-0.049133442304851	0.158198954336204	270
-0.087469958026952	0.240728467291203	270
-0.079458774245781	0.344606194327184	270
-0.04899943288256	0.244165631047243	270
0.064455846081477	0.358457327250425	36
-0.054478723911809	0.159509279653994	36
-0.041506067018516	0.249557641865347	36
0.10320803681388	0.281778725345855	133
-0.092022408758005	0.235430873965122	133
-0.121060853044545	0.237051418728743	133
0.109445790014745	0.192936241963981	133
0.10367210198169	0.19256980157576	72
0.107061651358987	0.188640562085449	300
0.018302583370556	0.258141211881298	300
0.031321908539269	0.245384734426392	300
0.020485365455526	0.264579810621584	88
0.017266343051346	0.262199548559052	88
-0.00200775632633399	0.506182003328183	31
0.120385155028645	1.152840646904	31
-0.089293996263853	0.60976373136812	31
0.087340333147266	0.854331804924504	31
-0.065575081820886	0.818186874679267	31
-0.105984382248368	0.747185074939948	31
-0.117960486641942	0.771453236243994	31
-0.055010243119667	0.859571470476345	31
0.0157616815356511	0.368973066475632	31
-0.00614430605273403	0.999721999700776	170
-0.069349074450953	0.710568149314306	170
-0.113948232629165	0.414966106822007	170
-0.12377678215685	0.562071300322087	212
0.038183351808071	0.761600134715765	212
-0.017150532873337	0.358708058754763	212
0.063088792121995	0.757090531982133	212
0.004802166695969	0.54782696555969	26
-0.044157360361149	0.675696576140731	26
-0.124708173024107	0.591906285489201	26
-0.069098158494012	0.754638403496331	26
0.100772673639006	0.801674938627323	26
0.032932411834362	0.771397410934216	13
0.100679056215779	1.1434493307154	26
-0.111882229257385	0.544616290773738	26
-0.087929641295245	0.561476157539564	13
-0.083302760491157	0.563132425170613	13
-0.101733711191721	0.498426319896617	26
0.096205248742911	0.889053069850709	13
0.037982565125193	0.847827694435817	13
-0.071341051518438	0.435838129816518	13
-0.07339020492416	0.351317140375139	11
-0.053213237186377	0.503510097774735	11
0.00844600520309602	0.639792890419507	11
-0.084603979366587	0.44007736078744	11
0.103608566887141	0.721079352315268	11
0.01170339800247	0.629857187474261	11
-0.090462574449165	0.240347259083773	11
0.111644488845851	0.263565254035098	11
0.065518526600282	0.375817863002581	11
0.0307283381493531	0.459284704218997	11
0.066891752627334	0.372813680270005	11
-0.042116722563755	0.248278171766191	11
-0.059643305699675	0.159185418917069	11
0.098225217898773	0.189702995214788	36
0.107196468509895	0.188500305764353	36
0.01431676456722	0.253211855221994	36
0.104606269196918	0.197131496894388	133
0.096889739438217	0.272561524978423	133
-0.084138043811373	0.244010625057223	133
0.105540363795595	0.196883836529778	133
-0.051501376772247	0.156730919067644	133
-0.054140417197566	0.160561104882777	72
0.105326892600321	0.193060090298176	88
-0.051779414584004	0.163302427940867	95
0.10367210198169	0.19256980157576	164
0.109445790014745	0.192936241963981	88
-0.049007088152211	0.164550979721028	88
0.104606269196918	0.197131496894388	14
0.103885329091052	0.191922454954812	46
-0.05269375213788	0.164143493470563	46
0.029084331734891	1.14401581542333	31
0.0845814388277491	1.29941022920215	31
0.065834910954687	0.374221105838643	31
0.019204393305656	1.05601423766231	170
0.065557535677882	0.928162391042135	170
-0.004193716902816	0.877349733329191	170
-0.068333342446873	0.779974467506598	170
-0.031414077389607	0.574104176171559	170
-0.062811855299901	0.591375975892373	212
0.00687798091718395	0.453673724802139	212
0.075451149367874	1.00219490231938	212
-0.045294524892161	0.69357299924004	26
-0.10239812462028	0.603769994934691	26
-0.102822950328337	0.510344190850437	26
-0.020837554896655	0.817275063299649	26
-0.06248422173987	0.608274440422613	26
-0.033972012669748	0.628337101788831	26
0.120431192723848	0.83497276034748	13
-0.00366539740528998	0.689716020007867	13
-0.018449995633663	0.595132917808486	13
-0.117809585863243	0.428820754289562	13
-0.09278335495568	0.494522585736406	13
-0.038832253511929	0.451781908300742	11
0.080824487769663	0.658610408903667	11
-0.027404300899403	0.658283496962305	11
0.101629756526949	0.809835972159633	11
0.016932125199586	0.46681764553289	11
-0.049796172893354	0.163954801888234	59
0.017526550376308	0.263529441493889	11
0.021988792302724	0.268514362548403	11
-0.066089820747807	0.351884897883491	11
0.021291949117841	0.539763517951709	11
-0.080700239104296	0.24301843825932	11
-0.03809085769974	0.253362583779375	11
-0.06148072766322	0.352262414225521	270
0.105751979905555	0.18742080585834	133
0.018767239220096	0.261554448956454	36
0.072906642652361	0.372209249442344	133
0.018016970730962	0.26300254652303	133
-0.122662476610741	0.234179001930248	133
-0.036814391558937	0.255979875256135	133
-0.049007088152211	0.164550979721028	80
-0.077733737950074	0.247038176413368	72
0.107992218193391	0.283519262852047	300
-0.052988441260988	0.227731661196484	300
-0.105198213793987	0.239722327897144	300
0.110485995026444	0.279713897888028	30
-0.058851985246589	0.157000954192857	88
-0.047969057130315	0.16113278421714	88
0.108721732381752	0.196947833793611	592
0.105326892600321	0.193060090298176	14
0.104818692519225	0.191704651936722	27
0.104818692519225	0.191704651936722	53
0.105326892600321	0.193060090298176	53
0.043441919174365	0.47853502665958	31
-0.03492215761326	0.97186776831295	31
0.039605249578083	0.469892997171979	31
0.074847196887001	0.631693427932238	31
-0.124593868744765	0.338558585858165	31
0.035056960468428	0.546597151223794	31
-0.082871489091896	0.758115327021179	170
-0.00987376083649399	1.08721395991345	170
-0.099564370707356	0.653073945520817	170
0.09185812318065	0.732329848754892	170
0.00106766160122695	0.621472444499921	170
-0.06599231260092	0.779593022187115	212
-0.110121174989683	0.501339527673304	26
0.023246718119844	0.696351355569304	26
-0.031462757538397	0.760132221666361	26
0.061371917966614	1.18317575937095	26
-0.042595919538107	0.737814095208474	26
-0.096184649438334	0.612452769223599	26
-0.000398767409082013	0.783011920484543	13
-0.020017300454096	0.738137911018347	13
0.115026323824954	0.882285586317096	11
0.07296629472781	0.790204239815806	11
-0.070907604712043	0.321505698208328	11
-0.00582359069540001	0.648504302867631	11
-0.06512928846732	0.427812679915088	11
0.0000689618585839602	0.434839681752092	11
0.023778071807019	0.268794665250103	11
0.107150885492379	0.673695476341497	11
-0.031580059322457	0.246459245354367	11
0.106509071627973	0.281894859954003	11
0.063063063930039	0.468898447293321	11
0.055789329442601	0.449025515448412	11
0.066424067464175	0.481387419108321	230
-0.049252942169452	0.335057812069042	230
0.022131329782766	0.268668256898077	11
0.019054089238646	0.261079306299839	11
-0.083762381090024	0.248563908861583	133
0.109139380252893	0.282140594101323	133
0.108721732381752	0.196947833793611	133
0.106474383247089	0.192269360452443	133
0.099154292262728	0.189491588058777	72
-0.039385567295275	0.257013998905081	300
0.10778529414349	0.193560761266531	30
-0.054396748347095	0.162653299830411	95
0.10320803681388	0.281778725345855	95
0.023026019381616	0.26796864804726	95
-0.049796172893354	0.163954801888234	592
0.104606269196918	0.197131496894388	14
0.099154292262728	0.189491588058777	14
0.108721732381752	0.196947833793611	123
0.102951892153332	0.187666021664002	27
-0.055047950567545	0.160476366144499	53
0.112859682677412	0.189242933859174	53
-0.05269375213788	0.164143493470563	53
-0.092417710336195	0.351299227671691	31
0.00657520716203397	0.72090999484236	31
0.081372031547453	0.691914440193895	31
0.105315774799988	1.33937809998959	31
-0.118896488817169	0.889249437401391	31
-0.074492924945079	0.930888973734837	31
0.057389509084482	0.642978205738243	31
-0.03018403220423	0.591160458477293	31
0.014550300307109	0.466140869793243	31
-0.04172488916323	0.724282597135913	31
0.07159113689525	1.07109898781321	170
-0.074007799764713	0.434715140853369	212
-0.045316890841866	0.526421936779865	212
0.12152497117669	1.20059963391564	26
-0.000148694631149027	0.693215436035385	26
-0.120967132298399	0.522700528472277	26
-0.010450647216827	0.527806311251254	26
0.118419426487502	0.648012159437756	26
-0.021744255595893	0.830039376626761	26
0.052079641437963	1.04611405634272	26
-0.08334041791729	0.345747694228593	26
-0.047550767942134	0.748423777931562	26
-0.106366351196235	0.59626977067152	26
-0.124698296451761	0.441112333126883	26
0.028885167073131	0.683488867028218	13
-0.067284381877206	0.42459021844687	11
-0.056368059473194	0.445568569649515	13
-0.115253625769915	0.434959159690125	11
0.100937009500759	0.700202100833041	11
0.084052213055322	0.790935029039976	11
-0.095153949236451	0.443143615705807	11
-0.027163660473476	0.511007220354114	11
0.104826057528392	0.281899977544189	11
-0.037586279122826	0.255968687792118	59
0.105326892600321	0.193060090298176	11
-0.021311466542308	0.350868563150303	11
0.115047309846602	0.657912169445841	11
-0.041506067018516	0.249557641865347	11
0.107061651358987	0.188640562085449	11
-0.054396748347095	0.162653299830411	36
-0.054396748347095	0.162653299830411	133
-0.054273779065557	0.159335456313377	99
0.100082175306178	0.464292590610049	133
0.060151186580219	0.469605005016268	133
0.108721732381752	0.196947833793611	310
0.108721732381752	0.196947833793611	133
0.11972997620216	0.378367370067563	300
0.059948831811523	0.361386401054731	300
0.103073749125873	0.278100429591318	88
-0.05269375213788	0.164143493470563	88
-0.053608043803381	0.163248539578346	110
0.114158386158733	0.376065402721112	30
0.014226769378077	0.252908534539474	30
-0.059525616537211	0.1570054716999	95
0.099251963437076	0.271164368497617	95
0.105540363795595	0.196883836529778	88
-0.048093121830906	0.164630247528037	88
0.108508617766097	0.18973330924381	53
0.093458054194559	0.180511064750149	53
-0.121532634732046	0.846586641598616	31
0.015949063281214	0.368698845230478	31
0.075499674270455	0.51926342386327	31
-0.017119909703965	1.09331363582539	31
0.0110043519309651	1.16875369090119	31
-0.048613945981939	0.515433358280447	31
-0.122831128939708	0.625380764016337	170
-0.030703688627626	0.828039097466911	170
0.062690333564705	0.562675103831264	212
-0.106497433050601	0.659263940565193	212
0.065594011669895	0.941344880202778	212
0.051094022356184	0.792898980475314	26
-0.01817586843403	0.839678773907627	26
-0.116010763780159	0.247013750190239	26
-0.032205925066779	0.842705465218938	26
-0.098319340316331	0.593355096148465	26
-0.015297334362583	0.672979536189088	26
-0.095813536735816	0.511538934452891	13
0.023056751880136	0.842815752457922	13
0.047129293446045	0.787362486296423	13
0.08159140447369	0.842656699369624	13
-0.082432060993178	0.482063934102289	13
0.07661706799593	0.850967725781314	11
-0.090800603178612	0.237719652911604	11
0.062623260148179	0.769110062366155	11
-0.05169668952333	0.421240903449149	11
-0.051779414584004	0.163302427940867	11
-0.097121012679643	0.348803757622477	230
0.079557863546551	0.555483088214647	11
0.101669571482638	0.477691717143346	11
-0.1185224519206	0.23820098573635	11
-0.053483547886427	0.163543065590241	11
-0.052568984511295	0.162709811063589	133
0.116227209317588	0.264810483041871	133
0.02670808864771	0.261498085493582	133
0.104826057528392	0.281899977544189	133
-0.048093121830906	0.164630247528037	99
0.098225217898773	0.189702995214788	133
-0.048093121830906	0.164630247528037	133
0.10778529414349	0.193560761266531	80
-0.087612409123143	0.24133916994746	72
0.105540363795595	0.196883836529778	88
0.01931869697198	0.263836258853038	30
0.109609642871664	0.279634542586072	30
-0.051904391362073	0.160861783334034	95
-0.030572456364188	0.243622552596417	95
0.106261717682182	0.192838259478629	88
-0.059423770139088	0.151948998409366	88
-0.053350271499238	0.158369716511849	88
-0.049796172893354	0.163954801888234	592
0.10320803681388	0.281778725345855	592
0.104606269196918	0.197131496894388	592
0.083658372025073	0.642378662219837	31
-0.044157747038477	0.95821980685745	31
-0.05301338150225	0.797396841550995	31
0.0275220759714691	0.633801757104327	31
-0.035888470611491	0.942109765229492	31
-0.077255082489296	0.864283564933927	31
0.067950511480362	1.40224765077053	31
-0.094912767978808	0.771816715689371	31
0.06885777583584	0.790064549306266	31
-0.029906483607474	0.248109942581957	31
-0.023706781281431	0.422147866273022	31
-0.097697470584304	0.80570026312572	31
-0.00622275361136698	0.748231754916564	31
0.087888079444896	0.607836240000756	212
0.037802944843282	1.12919414822972	170
-0.120499046517915	0.537579147668318	170
0.099867091218001	0.972246064504459	170
0.073693571144316	0.566354760478213	212
0.00442914660034399	0.838890954385925	212
-0.051613788718382	0.877091596745943	26
-0.035431186346191	0.52695934984754	26
-0.091789735587226	0.658210181637501	26
-0.01133988873506	0.746966768668575	26
-0.089161215298971	0.355599068435221	13
-0.06649999496087	0.595142285621141	11
-0.055267300543933	0.158939031402633	11
-0.062260060734699	0.356321956303925	11
0.099251963437076	0.271164368497617	11
0.10778529414349	0.193560761266531	11
0.104818692519225	0.191704651936722	11
-0.11759323638575	0.239520643585382	36
-0.04521798022827	0.25110060928267	133
0.063361213194519	0.372342960813693	99
0.012053309464667	0.256608863871659	99
-0.024632105220264	0.331501714744699	133
0.095421103179111	0.475675069480607	133
0.0157616815356511	0.368973066475632	133
0.103885329091052	0.191922454954812	133
0.105326892600321	0.193060090298176	72
-0.048758121973172	0.157171242636016	72
0.108721732381752	0.196947833793611	72
-0.088652906794346	0.238650420299281	72
0.098952681887659	0.190014654245685	72
0.019846234613956	0.364706265015257	300
0.106261717682182	0.192838259478629	110
-0.061345776478029	0.152743097998327	110
-0.049922319184628	0.161280171398461	88
-0.052819754606688	0.160006763411687	88
0.108721732381752	0.196947833793611	53
0.105540363795595	0.196883836529778	53
0.104606269196918	0.197131496894388	53
0.106474383247089	0.192269360452443	53
-0.117295700069143	0.430787140896197	31
-0.015012827829434	0.69091950939972	31
0.028421383915856	0.606145539223124	31
0.066585874744531	1.25597352601991	31
-0.062760585909052	0.742221445451805	31
-0.072002947461469	0.670722087764562	31
0.085869956832946	0.574061180225731	31
-0.089631219129834	0.745495271177256	170
-0.023548566525373	0.886991372273396	170
-0.029909305548513	0.866248748318427	170
0.024269472025136	0.973675995233073	170
0.117128526827204	1.22765440411951	170
0.111692564693636	1.40794673846633	170
0.053874624998613	0.833747090999733	26
0.123366518130108	0.836430466153139	26
-0.011631612087001	0.752237049753373	26
0.00610443972656105	0.627292008162706	26
-0.07560731962118	0.679554561891493	26
0.054790832098139	0.755366611606359	26
-0.100300441947168	0.582621438820668	26
-0.059233853307413	0.647097376476734	26
0.038327077663925	0.784326369122885	26
-0.084772533708642	0.424709930141586	26
-0.010783644615039	0.588506181967281	13
0.081822685321986	0.779969124566436	11
0.11570098580822	0.723613955622879	11
-0.077902959125704	0.436557578330975	11
-0.077449278033779	0.248918802781072	11
0.089783557747911	0.809697380100021	11
0.020668200883988	0.431176712527031	11
0.109573816523793	0.488921952668197	11
0.012298162939932	0.465769498878644	230
-0.049007088152211	0.164550979721028	36
-0.05703527592797	0.157085368414133	133
-0.043792178651441	0.251985988681451	36
0.109880723097922	0.284558081937262	99
0.096889739438217	0.272561524978423	99
0.026166327670248	0.366691220469773	99
0.059694438798109	0.360728778425459	133
-0.05269375213788	0.164143493470563	133
0.107196468509895	0.188500305764353	133
-0.051230447315616	0.153840203446261	80
0.100846523108665	0.269455428653841	80
-0.047304698091997	0.161380339856324	30
0.108127525175118	0.286693576818328	88
0.106261717682182	0.192838259478629	27
0.029999280871942	1.03720385858242	31
-0.06805810432177	0.792741688531182	31
0.057280008752803	1.5181647541086	31
-0.088248652826081	1.01575894508224	31
-0.118898517869024	0.838797815468902	31
0.062743198013677	0.611100682728837	31
0.075084208144978	1.35112954100353	31
-0.043436575330945	0.930876754129992	31
-0.037843094519683	0.255077367392543	31
0.124608210468629	0.58484425330264	31
-0.028245232574821	0.973888126469341	170
0.03128699568325	1.04270927267948	170
-0.014599550778949	0.682596179684127	212
0.102892204965343	1.02417736840453	26
0.051186694221509	0.796198115213922	26
-0.021469924983518	0.608076265709427	26
-0.100059795079265	0.573658069004592	26
0.00668578318896396	0.804556211441794	26
0.098252582275275	1.22700309615181	26
0.067127509130461	1.12146690608104	26
0.108589497539609	0.994430930326253	26
0.00415495264630295	0.690592882116003	26
0.097290967196492	0.80937138048587	11
0.100470140884099	0.467364650460994	11
-0.053455127566935	0.522008998881129	11
-0.114941486938428	0.420607238782364	11
0.122077449356831	0.363758105051711	11
0.023138021043612	0.255535797952284	11
0.0608662106548939	0.473526218137846	11
-0.047323329438653	0.246603660460071	11
0.044921913518	0.60219134566549	11
0.090930805765848	0.651123929848833	11
-0.075725430106765	0.329709745302314	11
-0.105243386006778	0.33732962148895	11
-0.116217911891595	0.242740872903053	230
-0.064925900020112	0.349472086075802	230
-0.055650045468217	0.348185595700641	230
0.108508617766097	0.18973330924381	230
-0.00932478900912997	0.365650580674021	11
-0.049671271955906	0.159866625787245	11
0.020556021233216	0.260455862929708	272
-0.114813987525188	0.338478954151522	133
0.020343806985392	0.264811577150298	133
0.103342170174344	0.280281513622501	133
0.104606269196918	0.197131496894388	133
-0.049007088152211	0.164550979721028	80
0.108868771561863	0.28586578728005	377
-0.05269375213788	0.164143493470563	110
0.106263773197663	0.182556543505564	209
0.104391995793308	0.188752160600622	64
0.105702127406654	0.281073847180921	88
0.107997354893613	0.191805636940902	88
0.105326892600321	0.193060090298176	14
0.102132045563891	0.186772939024416	344
0.105326892600321	0.193060090298176	53
-0.045845366070684	1.41473262506665	31
-0.104169472882352	1.27507094832507	31
-0.100891480836985	0.759833586541914	31
-0.040130570613216	0.582785450618695	31
-0.028423908300562	0.678710751554473	31
-0.081530255369682	1.39154274745098	31
-0.0830125108453	0.420750924988906	31
-0.120250934001845	0.514700926910939	31
-0.074537796685614	0.246603855047288	31
0.124111095527265	1.54291606083944	31
-0.067002958837161	0.887749848884261	31
0.016085454321439	0.353250902381997	31
0.075275087446826	0.482014658988299	31
-0.116623344702482	0.45889550428965	212
-0.107747256093267	0.70347071166622	212
-0.088200685856508	0.737914934673695	212
-0.096519088592805	0.640222238379062	212
-0.067875633117552	0.555246220584102	170
0.098159654447316	1.18448824609569	170
0.044751719496225	1.1137252684915	170
-0.106727704448264	0.621156427407348	170
0.01553493243167	0.549462230994589	212
-0.097141361434252	0.429063837300469	26
0.079176028244671	0.648776200374078	26
-0.024153522238587	0.427190297394538	26
-0.102583641203429	0.671529948227829	26
0.050201434103726	0.842446593368242	26
-0.120825709002686	0.517323663258106	26
-0.065389581041422	0.665442186139725	26
0.076048465584264	0.707985146548571	13
-0.012434794634598	0.611517806020993	13
-0.046683423405277	0.60024977085917	13
0.0496556882579941	0.848287474751279	13
0.0942056968351011	0.813924605834023	13
-0.061262307618106	0.646391939090098	13
-0.060901709915661	0.524545648795864	11
0.00776251506954295	0.618335638890262	11
0.075049605369117	0.632339604802509	11
0.0168757873355601	0.69803963568065	11
0.05046235123107	0.542889937916846	11
-0.09406915906835	0.351798215694025	11
0.057631809897992	0.455386649099985	11
0.101401847638128	0.186470065336974	11
-0.085317441708935	0.242333691004877	11
0.090850864364012	0.630767799822072	11
0.02540587210692	0.368500339760794	230
-0.110895563142898	0.244498883647505	11
0.062526494696968	0.461261949694265	11
0.023026019381616	0.26796864804726	11
0.105766934641846	0.274573095131663	11
0.108508617766097	0.18973330924381	272
0.014457923756968	0.258241976423949	36
0.019592172975421	0.261779266778194	36
-0.093225985118085	0.239571690459046	11
0.103421425452491	0.280898371654418	11
0.060283107323574	0.378704858853027	36
-0.052568984511295	0.162709811063589	133
0.119658850220857	0.389725573001474	133
0.098225217898773	0.189702995214788	48
0.106261717682182	0.192838259478629	133
0.108721732381752	0.196947833793611	133
0.016910638352521	0.262955097225191	133
0.106474383247089	0.192269360452443	72
0.100126559656164	0.272028352451341	72
-0.041183052339207	0.25211555775391	377
0.104606269196918	0.197131496894388	209
0.098225217898773	0.189702995214788	88
0.105540363795595	0.196883836529778	14
-0.051904391362073	0.160861783334034	14
-0.04718042661014	0.161705523270959	53
0.107997354893613	0.191805636940902	53
0.098225217898773	0.189702995214788	53
0.103264546802094	0.186609396683707	53
0.028666510912892	1.85717804655902	31
0.117221736507576	1.01932625217186	31
-0.112355380583871	0.834788821239695	31
-0.087341606603825	0.939339322782784	31
-0.105722268528233	0.57991905803321	31
0.0577688676821	0.346363459130221	31
0.012667984896332	0.256609713537138	31
-0.054485142934918	0.525700073122961	31
-0.118120364749135	0.348875419328565	31
-0.020715825104633	0.812002153710115	170
-0.047413696637436	0.83396056156571	170
0.079521927506791	0.871992938749749	170
-0.053686362177085	0.660784885071563	212
-0.083826095735824	0.409821938262208	26
-0.027363439919067	0.73722735110832	26
-0.023697003215217	0.904298513503187	26
-0.105178118301855	0.640618419501973	26
-0.115713381786469	0.563607961934234	26
-0.024206447455906	0.599686437999215	26
-0.021239381411341	0.658961185717216	26
-0.034909676849092	0.672497818688643	13
-0.062965303534645	0.499258378509082	13
-0.018722798260441	0.655681116268776	13
0.090801652748244	0.881629055808471	13
-0.056648047832673	0.515899542215072	13
0.086091243744109	0.806826490165443	13
0.089663928291948	0.718407164126511	11
-0.021132049600042	0.339360252126343	11
0.022883122518383	0.269500005090112	11
0.022273605996244	0.264871243203607	11
0.065493501777531	0.480372383289025	11
-0.00852266777925997	0.531821302943145	11
0.102800686722297	0.497161317336316	11
0.06617249302234	0.553928751393242	11
-0.047184546040321	0.346183277641585	11
0.092993381823669	0.473541922252015	11
-0.096826228737842	0.336398313894653	11
0.096950554005476	0.580987188501008	11
0.109445790014745	0.192936241963981	11
-0.08398676140981	0.249572859298669	11
0.121866603567254	0.3730704214791	133
-0.061345776478029	0.152743097998327	48
0.104960510267326	0.281862438284125	133
0.102951892153332	0.187666021664002	133
-0.048881979633417	0.164035286059591	80
-0.057826140931256	0.159256179767351	80
0.124451836898632	0.390717069122186	377
-0.079569926230626	0.242264254093873	72
-0.049007088152211	0.164550979721028	88
-0.052568984511295	0.162709811063589	64
0.10367210198169	0.19256980157576	88
0.104606269196918	0.197131496894388	88
-0.053608043803381	0.163248539578346	88
0.103885329091052	0.191922454954812	88
0.104606269196918	0.197131496894388	14
0.108721732381752	0.196947833793611	104
0.10778529414349	0.193560761266531	27
-0.048093121830906	0.164630247528037	53
0.105540363795595	0.196883836529778	53
-0.053608043803381	0.163248539578346	53
-0.121601253132852	1.38071596178511	31
-0.04361031050167	2.0622105677507	31
0.022251762020619	1.20213937298703	31
-0.071824975544666	1.2924481510049	31
-0.093227366645051	1.38746703063672	31
-0.062742254595012	1.15462250696809	31
0.10028816907885	1.34327720483828	31
-0.12372616743431	1.04375863686618	31
-0.08253211277649	0.93428135278654	31
-0.005673297249712	0.827847020831771	31
0.084112763551487	1.31817066319606	31
-0.008894091363781	1.3315334350279	31
-0.035427153839574	0.960845588268574	31
0.099545193243592	0.658082012952758	31
0.065700289942849	1.20137867203438	31
-0.089321819585516	0.504757671934401	31
0.060919720551434	0.91638012789977	31
-0.017100902931233	0.714033713142846	170
0.117969827607486	1.02885638661855	170
-0.075906011557366	0.576796248607908	170
-0.09066622708329	0.425854485986743	170
0.04935594593027	0.854238482953249	26
-0.073153104212657	0.356268448335547	26
-0.092498268053808	0.524554444717773	26
-0.059140626683834	0.560750678601357	26
0.103232005203027	0.806766746694592	26
-0.066123027376778	0.745612844923023	26
-0.00303197829617602	0.358517529131702	26
0.00387646739506597	0.66444057101788	26
-0.070338623474135	0.438757083205011	13
-0.066103143936414	0.599947722060911	13
0.052683915464532	0.540959383947159	11
0.00033299423914801	0.538677771894325	11
0.045630367819117	0.637465265190713	11
0.0704398725398661	0.564164466344889	11
0.099382726686289	0.581564993304682	11
0.021341014172528	0.536900533689802	11
0.020700302571192	0.258998608932061	11
-0.058851985246589	0.157000954192857	11
0.013703178661705	0.25881596286812	11
-0.07751632328302	0.425936142845864	11
-0.080981677314155	0.247287982487352	120
0.114669635281439	0.278088842342051	11
0.098508508821073	0.276082141118485	11
-0.073902176507841	0.247467441915569	11
0.070583851907279	0.368732066232588	11
-0.082208887473027	0.248915850794463	11
0.061993860464861	0.45599007736935	11
0.0182371061218271	0.364892182172421	11
0.0227399653763271	0.266992038615147	11
-0.017949384874703	0.361299030647567	11
-0.087854297000141	0.338175205479905	11
-0.00666919709010999	0.36277738788136	11
0.018159904579824	0.262328204106373	272
-0.01865134151447	0.350593304139541	36
-0.054257575837671	0.158280220973852	36
0.011544904965804	0.250466494150636	133
0.106261717682182	0.192838259478629	133
-0.05269375213788	0.164143493470563	133
0.010004641180656	0.242656465479717	72
0.099882495694625	0.189802499735134	72
0.022381818341436	0.260387860977927	110
-0.053608043803381	0.163248539578346	110
-0.053483547886427	0.163543065590241	110
-0.05269375213788	0.164143493470563	66
0.098952681887659	0.190014654245685	88
0.106474383247089	0.192269360452443	88
0.111920964376254	0.188915238265414	88
0.109445790014745	0.192936241963981	104
0.106261717682182	0.192838259478629	104
-0.05269375213788	0.164143493470563	53
-0.055267300543933	0.158939031402633	673
-0.048093121830906	0.164630247528037	53
-0.123658305033387	1.61541307245109	31
0.027472064952754	1.80742190716641	31
-0.037751972262574	0.673802445851082	31
0.094641964918096	1.02821501712998	31
-0.092191173240505	0.569385020148995	31
-0.067679966436178	1.05994837726597	31
0.043771873299856	0.764450438878543	31
-0.030700213867796	0.527407398931333	31
0.102230798405559	1.05177490884986	31
0.045537571630496	0.75599124564013	31
-0.036017318323457	0.746850620801634	31
-0.061713027281676	0.841617435530552	31
0.070560783573203	0.794154550045092	212
-0.005964567566975	0.600832147839456	170
0.041735829476246	0.718297977865133	170
0.098545426347068	1.1808612670019	170
0.01733780164398	0.687913295259326	212
0.11472870880841	0.738722752722192	170
-0.093163568788172	0.549691517502903	26
0.08441119103307	0.804548544826309	26
0.056215447738021	0.899215732801654	26
0.071951514842691	0.861567640830093	26
0.010492480865012	0.542819664864909	26
-0.114529234088859	0.415653620023412	26
-0.035762334393519	0.4420726405095	26
-0.032351618777613	0.501196938849502	26
-0.086034629774187	0.340893726045923	13
-0.11923271293823	0.428592612563157	13
-0.080982044786118	0.40424712597319	13
-0.00764602967351802	0.533887762970913	13
-0.016818751397396	0.606866530292643	11
0.115941249564665	0.572920734202547	11
0.085222824915522	0.459933858964396	11
0.064973400663619	0.727985316005514	11
0.00364292007939804	0.323102650441618	11
-0.083993172171206	0.336588492826881	11
0.013861687615136	0.361918345823559	11
0.059480201687824	0.6444497722944	11
0.091249243210402	0.646054808584311	11
0.099079270559346	0.643182211152561	11
0.014457923756968	0.258241976423949	11
-0.039385567295275	0.257013998905081	11
0.062259877589362	0.370395695879096	230
0.031909502867275	0.43742172501115	11
-0.124971615829817	0.235856125448886	11
0.034250362053407	0.54173523737934	11
0.035533819658372	0.456353874249478	11
-0.045306331346219	0.158180702731999	294
-0.044442091907227	0.254061707010447	11
-0.042978188968059	0.341521447674559	11
-0.100869775853457	0.218459816588531	11
-0.022093064776846	0.346726030411399	36
-0.048218437671463	0.161293793899037	133
0.015622676159426	0.257727383248193	133
0.063706135305363	0.373802088277128	133
-0.046643304321693	0.242207578677645	133
-0.120244392125894	0.242552665920454	133
0.108932979962072	0.18877778960956	36
0.098377305962958	0.268486292207262	133
0.109004155777126	0.286758401658841	133
0.124451836898632	0.390717069122186	133
0.018159904579824	0.262328204106373	133
-0.059643305699675	0.159185418917069	133
0.113929181170657	0.278822472849799	72
-0.048093121830906	0.164630247528037	72
-0.053608043803381	0.163248539578346	80
0.104606269196918	0.197131496894388	72
0.112859682677412	0.189242933859174	72
-0.053608043803381	0.163248539578346	66
-0.054478723911809	0.159509279653994	426
0.104606269196918	0.197131496894388	88
-0.054396748347095	0.162653299830411	88
0.105540363795595	0.196883836529778	88
0.110382885599145	0.189869757277567	14
0.018159904579824	0.262328204106373	27
0.101401847638128	0.186470065336974	467
0.10367210198169	0.19256980157576	53
-0.067027493962154	2.38408454638352	31
-0.065241777799339	1.70546278904866	31
0.111018772415037	2.03451003770574	31
0.108046431176182	1.01535038877497	31
0.051792976771932	0.720282670667216	31
0.00367906494603398	0.944991526781904	31
-0.097434949944286	0.795596438796079	31
-0.032655286254202	1.18322495967599	31
-0.057249397390854	0.444099980210519	212
0.101857753542795	0.665137775232448	212
-0.046543884495046	0.440694798575923	170
-0.064166096430048	0.523972890980562	170
-0.00515358856958098	0.983841409262834	170
-0.117705221838741	0.64984415075078	170
-0.051815597675261	0.509080542603102	170
0.00447228677576395	0.530075238787565	212
-0.017215022939698	0.443438805355275	212
-0.069625034406766	0.582777418556852	26
0.006197825450452	0.441196603689719	26
-0.100182903275674	0.332086145972889	26
-0.09896825191342	0.344640307536062	26
0.035746280090154	0.469016575964881	13
-0.00372905671856	0.692113373681566	13
0.070148480883378	0.377485061930796	13
-0.014889724569639	0.356389838374787	11
-0.082381385808231	0.338743400194008	11
0.081169643973499	0.638077514754085	11
-0.055321486352491	0.50733619710185	11
-0.094634207648667	0.344203140554599	11
-0.023043497362485	0.444140022859802	11
-0.120244392125894	0.242552665920454	11
-0.049124921980601	0.246200346866513	11
-0.065664206367031	0.501723003187395	11
-0.026581519919145	0.601668606490219	11
0.104084301793186	0.282699508965466	11
0.112175184924302	0.278578867241966	230
0.025181542816901	0.370423370113325	11
-0.045319145590243	0.349211223865069	11
-0.080866840056064	0.352051477011193	36
-0.035691456532234	0.512612474931168	272
-0.045126230577904	0.524077525124379	11
0.0583973568399701	0.361228733443426	133
-0.044392747678128	0.160472883725614	133
-0.048093121830906	0.164630247528037	133
0.109658093055625	0.193682993386016	133
0.109081513815793	0.269866022453793	36
-0.018809705344848	0.503008657085221	133
0.00462535079204396	0.445961800848658	133
-0.013905888961474	0.364924811376078	133
-0.090604715293519	0.241178532310952	72
0.102132045563891	0.186772939024416	80
0.060283107323574	0.378704858853027	88
0.016587332000594	0.469240325510911	110
0.112318696028206	0.482637160714571	110
-0.082146013006454	0.248675794808446	110
-0.072676281359539	0.357261712234758	110
-0.048719295887108	0.242369818250811	66
0.101428299802765	0.554634388773981	88
-0.083762381090024	0.248563908861583	88
-0.045306331346219	0.158180702731999	88
0.102951892153332	0.187666021664002	14
0.016515355847274	0.259212563661378	27
0.104826057528392	0.281899977544189	53
-0.051779414584004	0.163302427940867	53
0.104818692519225	0.191704651936722	53
-0.020657936349584	2.46744974715139	31
-0.100601533689768	1.42899018799075	31
-0.068236250977363	1.35229287618205	31
-0.097490836779251	1.13502010972457	31
-0.011657488072801	0.453662139307435	31
-0.105666793474095	0.621287338788418	31
-0.016054591281303	1.25814926241714	31
-0.081094701669009	1.05227344068606	31
-0.056562466247431	0.693365686956804	31
-0.056163397974265	0.991069135387092	31
0.042423869505354	1.25124373678377	31
-0.099735131684144	0.404907848768402	170
-0.092468199625361	0.432128316583809	170
0.074121302015003	1.46618247379274	170
-0.114078956188018	0.691878641265565	212
-0.117764365915032	0.436321590273968	26
-0.00733382004219002	0.446960402521006	26
0.102295892131212	0.580920663870496	26
0.082051224982383	0.649450469858732	26
0.074444093860897	0.628580405272004	26
0.016370533105508	0.460127708810073	13
0.098641390497532	0.580396612971758	11
0.0159753540403	0.741911774237124	11
-0.023246083235346	0.525725733763115	11
-0.023919025366187	0.607768963727749	11
0.000155888458556963	0.517133304100917	11
-0.049959744176897	0.340547847913164	11
-0.030990924326858	0.595414167939783	11
-0.088016543968416	0.605575142255012	11
0.062492149993418	0.62248538592792	11
0.11972997620216	0.378367370067563	11
0.012544504747423	0.584328132219037	11
0.11678984476398	0.379051742102138	230
-0.12420586576944	0.33942298994088	11
0.105456121298702	0.554066222409546	11
0.022503088496543	0.510299290238898	11
-0.061639464066029	0.420695520119836	11
0.030813588172007	0.256651004016804	11
0.044988733461775	0.551676481038448	272
0.065183522934308	0.363770475550312	11
0.025281095121317	0.26147208713155	133
-0.047304698091997	0.161380339856324	80
-0.054396748347095	0.162653299830411	80
0.109445790014745	0.192936241963981	80
0.104606269196918	0.197131496894388	80
0.109745262879566	0.285932577104552	80
0.103016091580605	0.497057340624748	110
0.021555687664634	0.363848003912215	88
0.123673138853299	0.390913339634206	88
-0.084539715338894	0.246258417930676	88
0.109445790014745	0.192936241963981	88
0.107196468509895	0.188500305764353	14
0.017666658326558	0.26511675217471	123
0.10367210198169	0.19256980157576	53
-0.059643305699675	0.159185418917069	53
0.104606269196918	0.197131496894388	53
-0.05703527592797	0.157085368414133	53
-0.045280460014331	1.1001835190824	31
0.123365475233118	1.71752764872992	31
0.0296030075185	1.79883449947479	31
-0.084696711506693	1.4646374900604	31
0.123215205693267	0.384566697653767	31
0.014429919145588	0.929948853681169	31
-0.058184758060555	0.497069725747974	31
-0.114211062802777	0.629678045287981	31
0.00841253975005896	1.18890178773535	31
-0.076288920483604	0.57674545730133	31
-0.044015799708422	0.669956525826055	212
0.0698927347510681	1.05332209208042	212
-0.054077561935082	0.776206054052804	170
-0.070937396353625	0.41025459636324	212
-0.112744657742599	0.43671332943735	212
-0.031300543375985	0.912018919282366	26
-0.029955953685554	0.53110420971518	26
0.10386416469196	0.744410829731394	26
0.044706042598021	0.614343799165139	26
-0.12106710102176	0.458109500541401	13
0.022090769916296	0.371792054331202	13
0.101222177006816	0.550584647065776	11
-0.109629047456674	0.422431246525648	11
0.027559010396097	0.540781417349351	11
0.027700559016434	0.533661276151478	11
-0.044974667547525	0.2471944075548	11
-0.109301071457223	0.32225895748643	230
0.097299743492962	0.654560452071257	11
-0.053358989672753	0.158573367652158	11
-0.047323329438653	0.246603660460071	11
0.0135626425447239	0.258100856768668	272
-0.077002749839862	0.439209852256069	11
-0.084681154810507	0.247728707908133	36
-0.044204511457119	0.247222573796498	133
0.00669515339594795	0.244101167052619	133
0.100812221308309	0.185578165967526	133
0.110382885599145	0.189869757277567	133
0.106261717682182	0.192838259478629	72
-0.053608043803381	0.163248539578346	80
0.104296494897888	0.280973587651893	80
0.10657813923661	0.27833582291475	80
0.108733228497637	0.277414284275537	80
-0.053483547886427	0.163543065590241	80
0.012855362250403	0.356564995191847	110
0.105326892600321	0.193060090298176	110
-0.029258403080023	0.251331638531589	110
0.099514366829085	0.275463831623095	66
0.104606269196918	0.197131496894388	88
-0.048881979633417	0.164035286059591	123
0.10719815920779	0.182870840704527	53
0.105540363795595	0.196883836529778	53
-0.119244775070637	1.02084910138367	31
-0.119374216343726	0.769438218919907	31
-0.032304385460235	0.832168765305743	31
0.049085514443191	1.11317286336339	31
0.078158648187887	1.01587762923916	31
0.014926382990774	0.774196872219201	170
-0.016665237834816	0.761170084058337	170
0.088577625277501	0.762206914311923	212
-0.00411375188671897	0.541839792996875	26
-0.074418225270432	0.539607218549603	212
-0.099311422643115	0.626526385701212	26
-0.039995688928169	0.586856904547628	26
0.108586819720616	0.820463643877284	26
0.111228311043795	0.753665937493369	26
-0.033855566601141	0.752718854320991	26
0.024620424210764	0.845257056970721	26
-0.123901407409633	0.493553039566669	13
-0.075891541522198	0.519207971924931	13
0.00237597990491301	0.688551900129741	13
-0.087976696891142	0.4238111475881	11
-0.038179391890584	0.531909953807059	11
-0.044991699766515	0.344883290301633	11
-0.107186136292947	0.319204676788815	11
0.115083175744325	0.377820848025336	11
-0.077321780561798	0.436999202890004	230
-0.107689804057212	0.345544730253171	11
0.052772390621213	0.548499921143419	11
-0.123796104848034	0.336541418151776	11
0.104606269196918	0.197131496894388	11
0.106261717682182	0.192838259478629	11
0.014598823501619	0.257606478919145	36
0.104606269196918	0.197131496894388	272
-0.090714650710721	0.471431216624851	272
0.101723120108723	0.272137987682696	11
0.062008211855533	0.474899923173601	11
-0.080063509366961	0.248922661395455	36
0.102951892153332	0.187666021664002	133
0.020794170821654	0.365645845090958	36
0.105540363795595	0.196883836529778	133
-0.064009434699869	0.151371023028323	158
0.100389117082717	0.272834998853164	133
-0.043605038844683	0.157503447300283	34
0.098639552874962	0.276248356719227	80
-0.057942993818106	0.157837135508987	80
-0.08583890830214	0.247131618416046	110
-0.055267300543933	0.158939031402633	110
0.106261717682182	0.192838259478629	110
-0.054396748347095	0.162653299830411	30
-0.05703527592797	0.157085368414133	88
-0.05269375213788	0.164143493470563	303
0.104606269196918	0.197131496894388	303
-0.053608043803381	0.163248539578346	88
-0.053483547886427	0.163543065590241	88
0.104606269196918	0.197131496894388	27
0.099154292262728	0.189491588058777	53
0.108508617766097	0.18973330924381	53
0.106474383247089	0.192269360452443	53
0.11412187831052	1.09332622986412	31
-0.036135268342773	0.802275700303538	31
-0.101244423268142	0.570856801994742	212
-0.071533615335821	0.433319019564383	212
0.0297153645885631	0.727814782845612	26
0.039356212015938	0.631157266356508	26
0.0860745215068151	0.959675772281714	26
-0.121597276910381	0.5010174028236	26
-0.103507110609014	0.58451096357438	26
0.056829436167039	0.722188620429351	26
-0.020829026247865	0.489860614136179	26
-0.009607005081465	0.530491705765754	26
-0.121394194217652	0.499902581846388	26
0.068750448925176	0.723906519035202	26
0.109390925586309	0.836709870555202	13
0.115356712730861	0.890884772929269	13
0.000562178941691971	0.505418911357218	11
-0.072204770959001	0.421658060555188	11
-0.124123902244646	0.333468328870028	11
-0.056655593585882	0.519788138047287	11
0.061569164363991	0.357511933253029	11
-0.066712844300848	0.490921808260476	11
0.048945524516572	0.542754300687273	11
0.00861483007952202	0.342603419334498	11
-0.096206659221626	0.341782331388756	11
0.010684009068488	0.460761823713348	230
-0.112429530573902	0.24516220920858	11
0.013421847145316	0.251785139027047	11
-0.021570199068984	0.350252418772365	230
-0.037371533999285	0.355100879662339	230
0.022273605996244	0.264871243203607	11
0.01740865811888	0.259346113721493	11
-0.12124343825093	0.233253301265792	36
-0.087539824780663	0.247054107510715	272
-0.051088864338807	0.338095021239327	272
0.117655749475896	0.368897311570064	11
-0.047449659008895	0.247774682527082	11
-0.047304698091997	0.161380339856324	133
-0.05269375213788	0.164143493470563	118
-0.08708800768466	0.238382518554377	34
0.098952681887659	0.190014654245685	34
-0.051655678099507	0.159279307936694	80
0.106261717682182	0.192838259478629	80
-0.05269375213788	0.164143493470563	80
0.012055892260999	0.339741117482623	110
0.062878506385565	0.371325501874313	110
-0.058851985246589	0.157000954192857	30
-0.047969057130315	0.16113278421714	30
-0.053350271499238	0.158369716511849	64
0.105326892600321	0.193060090298176	88
-0.05518586866497	0.158492564541135	88
-0.054396748347095	0.162653299830411	123
0.097296057013888	0.185511797708221	53
0.107061651358987	0.188640562085449	53
0.113587196412995	0.185709404618777	53
-0.023199283488537	0.911848122564676	31
-0.040934689566274	0.679618069731327	31
-0.036494072660069	1.05426476528461	31
-0.017735790177533	1.30929701344856	31
0.082035434529643	1.63492096915374	31
0.063698362306685	1.1297745420421	31
0.0378361291975829	0.822675265999646	212
0.029564656064265	0.754308179228071	212
0.063070943872825	0.966529522357152	212
-0.121454716424314	0.582962705490182	26
0.031956826598478	0.94081119842696	212
0.109756181048925	0.67488472153873	26
-0.076128613620062	0.410121022424639	26
-0.049381917509136	0.356279452516107	11
-0.016736017339757	0.436043526145726	11
0.00571687856944503	0.600529030540632	11
0.017480760207088	0.457125151403359	11
0.10668050764616	0.622866303721458	397
-0.086108804647544	0.473741425883252	397
0.123171148078804	0.747975168105259	11
-0.01878234495991	0.694733434245187	11
0.018044186779732	0.45651288349998	11
-0.078358254152618	0.353047233824303	11
-0.020936106465857	0.599007194239573	11
-0.060491395003193	0.490622805572499	11
0.014867959818252	0.602261744980967	230
-0.042276915519553	0.24953303557013	11
-0.063097183920474	0.347178465686326	11
-0.123801984480247	0.235788072032792	230
0.015949063281214	0.368698845230478	11
-0.069791793355403	0.346950723329675	11
-0.091525875573027	0.240921234820225	272
-0.05037320783284	0.437789974826815	272
0.110159178614907	0.359752687116329	36
-0.05518586866497	0.158492564541135	36
0.05408845805021	0.358483311399466	133
0.120797923365994	0.380344452033418	133
-0.042276915519553	0.24953303557013	72
0.107992218193391	0.283519262852047	118
0.103885329091052	0.191922454954812	118
0.106509071627973	0.281894859954003	34
0.105540363795595	0.196883836529778	80
-0.083746096994921	0.328900486237615	110
0.119658850220857	0.389725573001474	110
0.075581471598105	0.559884213409533	110
-0.088601498380648	0.248282548840846	110
0.103885329091052	0.191922454954812	209
0.101001093230051	0.271291877634573	30
-0.048745595530005	0.152927363604322	88
-0.087822182955401	0.248338620855508	53
0.10367210198169	0.19256980157576	53
-0.051779414584004	0.163302427940867	53
-0.057826140931256	0.159256179767351	53
0.105540363795595	0.196883836529778	53
-0.047017723846654	1.66865524491003	31
-0.018812185152752	2.08584540816011	31
0.015220990469394	0.46357114319133	31
0.044353537440572	0.754942275780316	31
-0.100188035760578	0.700894065309458	31
0.065786420444982	1.17982375817335	31
0.033774785289302	0.780871850715752	2
0.110526807245125	0.880277226650165	2
-0.097253736226508	0.579375045397475	212
-0.058171790178673	0.675891202843252	212
0.03922492608311	0.961797450501538	26
-0.012926955083465	0.685074195515159	212
-0.096045684747507	0.506107263745424	26
-0.085674530234571	0.50395311700144	26
-0.096308082710405	0.492923388005997	26
-0.016598945215235	0.604876251665781	26
0.046843582531812	0.479449513863953	11
0.059202739521192	0.708056590255947	11
0.112369957137931	0.830855014318879	11
0.03267273486495	0.620747586089499	11
0.022883122518383	0.269500005090112	11
-0.098746904084633	0.344364845624979	11
0.102333243049022	0.189586610153756	11
0.12165223215236	0.385742624475387	11
-0.047304698091997	0.161380339856324	272
-0.010871373596374	0.349172505637027	272
-0.085599631225082	0.245630752587527	36
0.10320803681388	0.281778725345855	133
0.01458939327748	0.250985240132417	133
-0.049796172893354	0.163954801888234	133
0.105751979905555	0.18742080585834	118
0.10320803681388	0.281778725345855	34
-0.05269375213788	0.164143493470563	80
0.108721732381752	0.196947833793611	110
0.109445790014745	0.192936241963981	209
0.109658093055625	0.193682993386016	246
-0.061116688266496	0.151587091893935	14
0.10778529414349	0.193560761266531	27
0.108721732381752	0.196947833793611	53
0.10367210198169	0.19256980157576	53
0.0400042930755941	1.04851033264519	31
-0.020846107233157	0.780122070067711	31
-0.071674351224089	0.605627260781803	31
0.063192828744733	0.372212243533366	31
0.013904546138876	0.780052329746019	31
0.075770042133763	1.07344804684533	31
0.021095194896962	0.692326697638359	212
0.051854436432243	0.795964418482674	212
0.042552560714384	0.618201057205526	2
-0.111150133242709	0.520142607976818	212
-0.111713959186509	0.494558056582597	212
0.0334239426483171	0.703195187970432	212
-0.029496246717186	0.691177997336424	26
0.0289097328394981	0.58696756002278	212
-0.00690414124510802	0.612770992884821	212
-0.10407295558218	0.436849134163884	212
-0.0732008137155	0.791052013956431	26
-0.117083756840573	0.415169373910316	26
-0.09198315914907	0.425044083315455	26
-0.062680048506734	0.500680713178736	26
-0.053611032708203	0.436884873043435	26
0.062636103718471	0.528186435600935	26
0.073599640343003	0.713860646198534	26
-0.111229643899778	0.420932644973434	13
-0.120208052714628	0.519085943370877	13
0.092892890483275	0.551317011299809	11
0.052853684757977	0.626017903552624	11
-0.106159409526501	0.35187006599516	11
-0.122531341989657	0.343265593547968	11
-0.042406006617221	0.249936411795638	11
0.044056349038043	0.543019624186695	43
-0.117858011432249	0.346327144572861	11
-0.011174443482596	0.451860174759472	11
-0.08583890830214	0.247131618416046	11
0.023509585873058	0.366413641449796	11
-0.078358254152618	0.353047233824303	11
-0.06071037555049	0.666356540389135	11
-0.021832554775288	0.607651404524697	11
-0.027882782803127	0.449137406003343	11
-0.097687641693526	0.414869526669167	11
0.0210950807896571	0.265624108150651	230
-0.052577066092934	0.42193073623527	11
-0.008965876596507	0.458494721989813	11
-0.070907330488365	0.324044881695532	11
0.037533759091132	0.449095919025359	11
0.011298097728318	0.25049261598941	11
0.020556021233216	0.260455862929708	11
0.085462329882571	0.468096890672002	11
0.100591435592402	0.480372780844866	11
-0.116826363363479	0.350793531401084	272
-0.094216245447563	0.228289462497443	11
0.098952681887659	0.190014654245685	36
-0.051779414584004	0.163302427940867	133
0.11972997620216	0.378367370067563	133
0.0198052350813011	0.261872713578516	133
0.067136864592055	0.485460951698996	133
-0.018506254256349	0.345793797057559	133
0.063064561617207	0.358176628745892	133
-0.040605669546356	0.247992086942199	158
-0.05099027943335	0.160081878287683	118
0.108127525175118	0.286693576818328	118
0.104606269196918	0.197131496894388	80
0.099882495694625	0.189802499735134	80
-0.051655678099507	0.159279307936694	80
-0.055267300543933	0.158939031402633	80
-0.08808802047978	0.352211305461241	110
0.109445790014745	0.192936241963981	9
0.105326892600321	0.193060090298176	27
0.104606269196918	0.197131496894388	27
-0.053483547886427	0.163543065590241	27
0.109658093055625	0.193682993386016	53
0.104773664825915	1.58495314231407	31
-0.009858447028606	0.72353256241976	31
-0.048106918698384	0.628330281339124	31
-0.029334565931114	0.610267120276197	212
-0.015426087103786	0.53024828533953	2
-0.05557183597085	0.530258199820565	2
0.043103079248305	0.712817587140575	2
-0.086754051763677	0.681210251621128	212
-0.100257298225851	0.666200426877365	212
0.00321360577736296	0.443547279704377	26
0.013258568622273	0.653265277711076	212
-0.109253728055366	0.471035505177424	212
-0.100927206811655	0.471347424236361	212
0.12484828790317	0.993660482289028	212
0.04521992991807	0.708565515323341	26
-0.11885786231532	0.341079924048951	26
-0.083589367598967	0.510332925222271	26
-0.038083579927847	0.520475531942057	26
0.054157696966836	0.631901130918022	26
-0.066401473534894	0.424838791291885	26
-0.031712437818148	0.500324426022235	11
-0.059254817702462	0.512049706876292	11
-0.062637617345756	0.654229886817463	11
-0.023049626730074	0.34001705518357	11
-0.032648380500058	0.246723247741416	11
-0.042423155140785	0.357792950749512	11
0.10738590334938	0.284218486173583	11
0.109004155777126	0.286758401658841	11
-0.038563907243248	0.42721256493098	11
-0.112429530573902	0.24516220920858	11
-0.107514787065589	0.420293461423545	11
-0.105809541475013	0.424418416679222	11
0.0650258037957711	0.357300187595905	11
0.016587332000594	0.469240325510911	11
-0.121406138885337	0.236251853915174	11
-0.121337310728428	0.243242496118542	11
-0.079514459442066	0.346744096325503	11
-0.119741137592952	0.342258762560504	11
0.061483736160173	0.364328573750964	11
-0.048093121830906	0.164630247528037	11
-0.085980710139698	0.248834736537057	11
-0.048093121830906	0.164630247528037	36
-0.075760074449945	0.431805325977042	36
-0.076751838469969	0.353168164563287	36
0.056579508932066	0.367021086101453	36
0.017266343051346	0.262199548559052	36
-0.055047950567545	0.160476366144499	118
-0.049007088152211	0.164550979721028	118
0.097296057013888	0.185511797708221	118
-0.054396748347095	0.162653299830411	118
-0.053483547886427	0.163543065590241	34
0.103421425452491	0.280898371654418	34
-0.060553791501577	0.155588204672542	34
-0.053608043803381	0.163248539578346	34
-0.045821187569558	0.150054063287787	80
-0.037564008862852	0.351123290248265	110
-0.044075875010255	0.249157107204173	110
-0.053608043803381	0.163248539578346	209
-0.087612409123143	0.24133916994746	30
-0.054396748347095	0.162653299830411	246
0.103885329091052	0.191922454954812	469
0.105540363795595	0.196883836529778	469
0.104960510267326	0.281862438284125	27
0.103064184011693	0.189897014067851	53
-0.076815210634699	0.247290410334981	53
-0.020701704476057	1.50202564276057	31
0.118640656643732	1.30496403038651	31
-0.114644800912213	0.524553486518264	31
-0.112651996885752	0.436288799592735	212
0.077614968535203	0.562809435709432	2
0.000874833047013968	0.609283803815144	2
-0.104781571400546	0.58463750597494	212
-0.040742296958304	0.438046281832585	26
0.068452357992363	0.7145562062615	26
0.10453269173004	0.821037243988006	26
-0.101867393368268	0.342896928804267	26
0.035741992640607	0.514698396563384	26
-0.024048882414353	0.525654950810453	13
-0.038496373271469	0.360587541139421	13
0.053505589827447	0.450490565724289	13
-0.092445515029781	0.49876926282304	11
-0.101321122257146	0.34531283951725	397
-0.117437956017984	0.335594075531808	11
-0.122828652070689	0.411155789940549	43
-0.120459822437689	0.234552292629417	11
0.027928944417054	0.362048487723504	11
0.0157616815356511	0.368973066475632	11
-0.055047950567545	0.160476366144499	11
-0.108141902278152	0.425294396624488	11
-0.112729328436934	0.328841241578943	11
-0.00382664946133898	0.356337377367436	11
0.017373563713346	0.359803628435292	11
0.105303671339177	0.272229950593436	11
0.107596858382192	0.273857918990725	11
0.113262200160831	0.26438856693439	36
0.104606269196918	0.197131496894388	36
0.023026019381616	0.26796864804726	36
0.0167711555391969	0.264141525496261	11
-0.041341103684676	0.149698354917353	36
-0.059525616537211	0.1570054716999	133
0.105567437742641	0.275833872482907	133
0.016657051548631	0.252564050975208	133
0.105540363795595	0.196883836529778	118
0.104818692519225	0.191704651936722	34
-0.053483547886427	0.163543065590241	80
0.018404033416129	0.464374106948323	110
0.100083277523817	0.185277932705371	110
0.109658093055625	0.193682993386016	209
0.103949930977753	0.280985884086667	209
-0.053608043803381	0.163248539578346	30
-0.054396748347095	0.162653299830411	246
0.012889787058029	0.533447668547545	31
-0.05648938781064	0.434774805909479	31
0.03186585111926	0.742056333475842	31
-0.051242305170192	0.583180065301225	31
0.073754601440413	1.12113979826967	31
-0.061386643656771	0.815603058737564	31
-0.028108983636318	1.03020323725704	31
-0.108707667539807	0.788669866184093	31
-0.103635550655527	0.710508423269385	31
0.00682076438333701	1.00710789251244	31
-0.050374392553152	0.931489394258556	31
0.0118241641786691	0.463371111057013	2
0.107451528456152	1.02675528931683	212
0.060944529796083	0.559160343034175	212
0.026115108897144	0.547491284121813	212
0.061059849108646	0.378549291792321	212
0.019279465284607	0.424037401275003	26
-0.124431408213438	0.35352237972972	26
0.011615597261146	0.452204748230297	26
0.08986642488111	0.540216578028638	11
-0.041382985331033	0.439578241285011	11
0.066891752627334	0.372813680270005	11
-0.034830909064346	0.254911986367034	11
0.055649300869457	0.705749537659998	11
0.011698988148597	0.357823479450395	11
0.017936728630481	0.453948925038054	11
0.090807687432058	0.713020430659333	43
-0.087816890042093	0.345063854154908	43
-0.09261822612978	0.406038415260306	11
0.107463929825811	0.273193205868845	11
0.111920964376254	0.188915238265414	11
-0.081923943628296	0.246592804896386	11
0.117666185551823	0.637695241437643	11
-0.027423707353829	0.451547800150666	11
-0.082925819837096	0.246982905561804	11
0.062878506385565	0.371325501874313	11
0.115697419000544	0.57897271675524	36
0.027269082662437	0.357099789468199	36
0.101589308149063	0.276517439692724	11
-0.058851985246589	0.157000954192857	133
0.075344233624042	0.358364170477737	133
0.104606269196918	0.197131496894388	34
-0.11605919411607	0.23268350817079	72
-0.079681760968041	0.339556850826491	110
-0.05269375213788	0.164143493470563	110
0.104391995793308	0.188752160600622	209
-0.058734086718589	0.160049362864785	209
-0.04949890309867	0.240445383922261	209
0.012808157623756	0.258676460932716	53
0.108721732381752	0.196947833793611	53
-0.054478723911809	0.159509279653994	53
0.098952681887659	0.190014654245685	53
0.108508617766097	0.18973330924381	53
-0.060954485413977	2.17273814480616	31
-0.02271405419826	1.96274085203477	31
-0.061302652537074	0.563114428090802	31
0.031119142362626	0.364524443503413	31
-0.017351347795634	0.45036380791659	31
-0.00945062086230702	0.456096808854295	31
0.103197789299012	0.648692182010936	31
0.086309860090477	0.79421786496289	31
-0.054396748347095	0.162653299830411	31
-0.062244733756809	0.347767366631159	31
0.09882308497533	0.468819587475205	2
-0.045873001708242	0.243757841175463	212
-0.074190700970263	1.01022626894583	26
-0.076300536573724	0.317116763506135	26
-0.000243553620484005	0.400364338438684	212
-0.060577815812551	0.347370617648008	26
-0.109737909362597	0.240296745498039	26
-0.083207391843846	0.249630193831506	26
-0.122500394471519	0.237035051957515	26
0.122894044494142	0.388313864335584	26
0.070799114065527	0.352933105617049	26
0.012948070075397	0.256751409647896	26
0.118877253545003	0.388543902033477	26
-0.049796172893354	0.163954801888234	26
-0.117773697996542	0.24503840479061	26
-0.040931464618836	0.510079642592896	11
-0.097714144488635	0.342032823512579	11
0.108262673357259	0.284288120731487	397
0.09776467661481	0.275355275525869	11
0.105540363795595	0.196883836529778	11
-0.049133442304851	0.158198954336204	11
-0.055956771070157	0.157344630340008	11
0.104391995793308	0.188752160600622	11
-0.080905359883718	0.420252338510266	11
0.059586219847488	0.764913928525117	11
-0.122310936886164	0.346604183147683	11
-0.00936800442399299	0.362332126878015	36
0.016154253603023	0.25654190239928	11
0.105326892600321	0.193060090298176	540
0.098952681887659	0.190014654245685	540
0.047798171559672	0.644514521589304	158
-0.104056990687714	0.330697766099075	133
0.123445229042375	0.387256638261874	34
0.108932979962072	0.18877778960956	34
0.105540363795595	0.196883836529778	34
-0.059643305699675	0.159185418917069	80
-0.055267300543933	0.158939031402633	80
0.0980227824676571	0.185813227211257	80
0.105540363795595	0.196883836529778	80
-0.053608043803381	0.163248539578346	209
0.09970524836105	0.266232314529486	30
0.00886621628916096	0.457391976934968	246
0.020276300488495	0.356221518262853	246
-0.054930998893295	0.157544484829936	88
-0.033031857870996	0.255332400495227	27
0.032462933008799	0.256713803851027	27
0.060083464105045	0.536543616282322	53
0.104606269196918	0.197131496894388	53
0.021305071872247	2.04157854874005	31
-0.08228090066688	1.3136004398243	31
-0.115565253757842	0.820542250968077	31
0.00822204741619004	0.452368537789621	31
-0.122715559720929	0.322560258341607	31
-0.06166569674862	0.42817564844372	31
0.109139380252893	0.282140594101323	31
0.0439310397735601	0.312413363990515	2
0.02670808864771	0.261498085493582	2
-0.048063518010977	0.236341387265509	212
0.110556835876372	0.270827071912285	2
-0.00784069437329998	0.368146036772512	2
-0.0683357193226	0.59618558656643	2
-0.084364754929312	0.914190060545127	26
0.033859167483017	0.36284927127714	26
-0.049922319184628	0.161280171398461	26
0.105540363795595	0.196883836529778	26
0.072226023318772	0.476763834149478	13
0.112935880572381	0.485291027477707	11
0.111362283562416	0.277686603242218	11
-0.054396748347095	0.162653299830411	11
-0.057123262870388	0.411526123215427	11
-0.11250235826431	0.344151147205535	11
-0.046200461824929	0.443010033370608	11
-0.0708805493041	0.353058508749214	11
-0.066922821023231	0.33858065862571	11
0.103064184011693	0.189897014067851	11
0.042528942957028	0.479387001070059	11
-0.041990297007437	0.253777668118782	11
0.067225719204021	0.372038709536704	36
0.033542068256482	0.542106165269032	36
0.104606269196918	0.197131496894388	133
-0.026582990122715	0.527998246118941	133
0.00415181821419697	0.45317664415203	133
0.018159904579824	0.262328204106373	133
0.108508617766097	0.18973330924381	34
0.104606269196918	0.197131496894388	34
0.073573756956652	0.477437710881175	110
0.104606269196918	0.197131496894388	209
0.103949930977753	0.280985884086667	246
-0.041183052339207	0.25211555775391	14
-0.095028226221847	0.332228265351296	53
-0.049007088152211	0.164550979721028	53
0.102132045563891	0.186772939024416	53
0.107997354893613	0.191805636940902	53
-0.109919256154575	1.69266947945325	31
0.037905424850788	0.922133352007098	31
0.067875103874762	0.608075430088808	31
-0.056144147198676	0.524779578527541	31
-0.088530923833982	0.736399754846947	31
-0.086867388771479	1.06067684667938	31
-0.086751704284729	0.996302653856736	31
0.115534594515144	0.866768169558624	31
-0.02155833977586	1.35611423270485	2
-0.092418888795648	1.01250222505712	2
-0.000440271060604014	1.19562145664366	2
-0.041978831082284	0.59921919688255	2
0.071608035228006	0.47079958275195	212
0.053931596920811	0.361312081533037	2
0.0189847124247799	0.524602600084733	212
-0.107533335950793	0.43239169018454	212
-0.096798650900774	0.431215378245912	212
-0.00383614984974601	0.664665465429065	26
0.064743690699698	0.376933765343394	212
-0.061107650415275	0.343698713998392	212
-0.114456082408825	0.337189629182057	212
0.103127380448282	0.885366722810319	212
-0.016530511322532	0.346127030372107	26
0.0118147851034029	0.459753360507265	26
0.067191241469864	0.638513795481343	26
0.09549111742446	0.889780384410145	26
-0.032924410044393	0.43989609213425	26
-0.111137032505027	0.332774465378341	26
0.058711866486188	0.443494926016464	26
-0.08775499707076	0.239613864181426	26
0.09456403026092	0.460819805425104	26
0.065256734123458	0.467054828408262	26
0.012298162939932	0.465769498878644	26
-0.107062197738918	0.508948405708978	13
0.123750041898019	0.568924814571097	11
0.030059978011178	0.255904598358545	11
0.101589308149063	0.276517439692724	11
0.100381553576067	0.491839473112955	11
-0.093367274972737	0.237270886887584	11
0.028876758593069	0.365151317477652	11
0.063147520871785	0.631207999688597	11
0.00822557338322805	0.452316736660406	11
0.033091301933572	0.702316580233965	43
-0.081975211366049	0.582430238230809	11
-0.082134046659843	0.560295823190749	11
0.012271440042251	0.669195299650965	11
0.103949930977753	0.280985884086667	11
-0.01884047947434	0.338134596687228	11
-0.092838336788337	0.330905421241728	11
-0.084458165865751	0.342052810155261	11
0.018321624577824	0.362290172859031	11
0.019450973043987	0.258271373739233	11
0.016515355847274	0.259212563661378	11
-0.087822182955401	0.248338620855508	36
0.103476148338173	0.272262776899944	540
-0.097082111665902	0.349310639725297	133
-0.049796172893354	0.163954801888234	34
-0.058734086718589	0.160049362864785	34
-0.053690562467266	0.156470985704835	34
0.104818692519225	0.191704651936722	80
0.105540363795595	0.196883836529778	80
-0.083577396945447	0.350140454125242	110
-0.103528488365409	0.334234294907907	110
-0.092305155152477	0.240847374514043	246
0.016910638352521	0.262955097225191	246
-0.053358989672753	0.158573367652158	53
0.105326892600321	0.193060090298176	53
0.022131329782766	0.268668256898077	53
0.106261717682182	0.192838259478629	53
-0.038106293688596	0.734812723342771	31
0.0387997056361989	0.749518110218178	31
-0.056293481185341	0.610574608679145	31
0.083933187753292	1.032755915262	31
-0.026551829292039	0.816441690277976	31
-0.036501772466118	0.252107567910135	31
0.084981485682113	0.901303054443305	31
-0.074376177662449	0.595493965332169	31
-0.068631711895117	0.686449887112606	2
0.093473046871895	1.19648497228158	2
-0.057782845167519	0.433332217991382	212
-0.035076903035891	0.440667115103825	212
-0.093649480378787	0.352718070366718	212
-0.050440980173143	0.645421348785857	212
-0.08730001774992	0.425207159984934	26
0.012943449177398	0.536681147530898	212
-0.096250898383244	0.402992446684274	212
-0.087720256034865	0.346851653949934	26
-0.097030157779244	0.328703378534146	26
-0.070121787360892	0.338565649896255	26
-0.089240792526518	0.243842034618959	26
0.109880723097922	0.284558081937262	13
-0.106347311745511	0.333326253403612	11
0.093365338057083	0.561677585981678	11
0.0812763011331949	0.476080628346869	11
0.093626374146789	0.572400007312298	11
-0.111618527786571	0.345837438535442	43
-0.108094572593529	0.348241059677668	11
0.064415515681007	0.475665954804138	11
-0.023238634954154	0.340793696163456	11
-0.023482520418703	0.507536138125295	11
-0.083308777093668	0.348556752102764	11
-0.115127490993046	0.244067793191485	11
0.104084301793186	0.282699508965466	11
-0.043176624273914	0.24991402080134	11
0.000201905709337979	0.543961577188649	11
-0.042980939262463	0.511083158226732	11
0.022328387637584	0.366775285188119	36
0.108472369726036	0.2727553303844	36
0.017266343051346	0.262199548559052	11
-0.086925069031625	0.239781697370529	11
0.108262673357259	0.284288120731487	36
-0.121406138885337	0.236251853915174	133
0.104218517365508	0.279468185385514	133
0.019054089238646	0.261079306299839	34
0.102951892153332	0.187666021664002	34
0.104818692519225	0.191704651936722	34
0.105326892600321	0.193060090298176	110
0.102333243049022	0.189586610153756	246
0.10778529414349	0.193560761266531	4
0.113188352311303	0.27654981765404	27
-0.118498716553083	2.29625210864487	31
0.017321808056638	0.51703452448039	31
-0.015715008743473	0.453101473650433	31
-0.010873179454882	0.521472698349617	31
0.109445790014745	0.192936241963981	31
-0.0369062125808	0.595030571807322	31
0.079339895357015	0.684122794881837	31
-0.046772684884019	1.35046655443531	2
0.051873893632554	0.713672091582726	2
0.032506603434567	0.45888392508253	212
0.058324359169568	0.827127289011887	26
-0.045430179291878	0.34699113391276	212
-0.053476198834427	0.640432896241045	26
-0.084099667457277	0.237190568986793	26
0.118028585515322	0.374982113553647	26
0.094299677057351	0.458315910243879	26
-0.08136660052539	0.248737643778327	26
-0.037843094519683	0.255077367392543	26
-0.047449659008895	0.247774682527082	11
0.077122863987371	0.559988230584606	11
0.040800275649884	0.60595566576231	11
-0.120567714407909	0.244172728305811	11
0.037826562741422	0.461940542135916	397
-0.014132220983314	0.359237414314843	11
0.107596858382192	0.273857918990725	11
-0.112454905037733	0.41226127874813	11
-0.097390503253844	0.43148014681955	43
-0.032926823678813	0.871193405425635	11
0.101851417166411	0.494997114494991	11
0.098619090985391	0.473877966719913	11
-0.040038560216923	0.435993962211883	11
0.098541155385857	0.564290221324262	11
-0.119453102383238	0.423228028227566	11
0.101331363296313	0.493985587853418	133
-0.05182227818414	0.420112624077768	133
-0.053608043803381	0.163248539578346	34
0.022521808478364	0.261141328189218	34
0.0210950807896571	0.265624108150651	34
0.104606269196918	0.197131496894388	80
0.10778529414349	0.193560761266531	110
-0.011449951284904	0.361645390743618	30
-0.043562232898205	0.35222214956591	246
0.105326892600321	0.193060090298176	9
0.104818692519225	0.191704651936722	53
0.080815096612935	0.806195308303922	31
0.108536672928383	0.863685267167664	31
-0.095999466969359	0.396041218921887	31
-0.096731860683547	0.712184051235132	31
-0.088950287828315	1.24238729066752	31
-0.094337596778872	1.00941346173081	2
-0.021882821445085	1.32908943282402	2
-0.12149853499262	0.24155754741476	2
0.0569359307319069	0.357516608270581	2
-0.104885112001933	0.339787395803803	2
-0.016669667399446	0.342391363968249	26
0.00977559734295896	0.459851159647892	26
0.044433193359978	0.61214138819116	26
0.116459971003001	0.583456873471518	26
-0.105437678090407	0.414841333980805	26
-0.085352250227395	0.341028197537496	26
-0.04675219252611	0.333765384161024	26
-0.086081831088676	0.345449621665623	26
-0.022959779727625	0.589812160845461	26
0.070625505351001	0.487365141655185	26
-0.04181671173786	0.349861837662514	26
-0.02812183904107	0.535088004780486	13
0.122004946836233	0.340772226152314	26
-0.026938178757775	0.31498309548156	13
-0.042198429599367	0.353362571666918	13
0.124596163188281	0.391964324323106	11
-0.118599969428247	0.233376067007461	11
-0.100559289722355	0.685173606194259	11
0.120665944709416	0.742781653699216	11
0.02578211447706	0.361208208354077	11
-0.052072827296056	0.509246082417034	43
-0.098835352239898	0.531320557310338	11
0.048932896511533	0.619942882296204	11
0.124226488833914	0.384924009216568	644
0.00932129773971702	0.572490148503484	11
-0.045734572616613	0.353935149330435	11
0.012669101275154	0.351430259935584	11
-0.108980696224565	0.344342702123165	11
-0.020273194606012	0.608420023237255	36
-0.045933605896744	0.445342826674838	36
0.107997354893613	0.191805636940902	36
-0.059525616537211	0.1570054716999	133
-0.004113515437557	0.503367585905192	133
-0.037399958572863	0.245880138069545	34
0.105326892600321	0.193060090298176	34
0.10367210198169	0.19256980157576	80
-0.081923943628296	0.246592804896386	110
-0.017124488511126	0.347710411613241	246
0.115864707103537	0.378950448598002	9
0.107992218193391	0.283519262852047	14
0.093264236250021	0.251313632214735	53
-0.086517809862835	0.241996900789672	53
-0.051230447315616	0.153840203446261	53
0.104606269196918	0.197131496894388	94
-0.040104990026326	0.749174364365547	31
-0.085643216469986	0.601830818875064	31
-0.072324665539493	0.655315438818493	31
-0.00620264632664302	0.894333954375583	31
0.034887870962239	0.639079280839354	31
0.017266343051346	0.262199548559052	31
-0.022348574569434	0.744584234030318	31
0.040965675169314	1.02320088517016	2
-0.090785679598638	0.723390797903762	2
-0.101544815161317	0.422063724745363	2
0.040483497037076	0.468664626658133	2
0.00525220808132199	0.532726268742693	2
-0.103247368389111	0.662396923565298	26
0.054414124517655	0.565962679009927	26
-0.015823922817162	0.448995783298578	26
-0.074720006168129	0.345109998005536	26
-0.00641538526526803	0.440764736426559	26
0.075115863101533	0.635940734323576	26
0.119185117331159	0.895749908432927	26
-0.047639827355327	0.699806180215768	26
-0.083071352182734	0.689405090983634	26
0.118746434671362	0.752860565338435	26
-0.049203050640363	0.447438284212459	26
0.030233980581218	0.612053865736422	26
-0.048493517701025	0.75576169628497	13
-0.057154411426747	0.360777629522365	26
-0.037760573868626	0.349721040855061	26
0.069532568818159	0.376542442885573	26
-0.089155773893665	0.43959608190669	26
0.086303506343261	0.746116153024661	13
0.055817031751115	0.635106046958398	11
0.011152287239718	0.463844088604573	11
0.098586831812478	0.885965432969198	11
-0.042839300133726	0.433747170069959	11
0.120660467501699	0.662219187938685	11
-0.070839471904624	0.350512531727955	43
-0.071629555163019	0.413396180061003	11
0.00576414520700996	0.448086390028661	644
0.121191900698486	0.379674572241016	11
-0.037161855908806	0.351855190864571	11
-0.055479896650129	0.474668402438317	11
-0.042276915519553	0.24953303557013	11
-0.00308557022385297	0.357505170491355	11
-0.041690779633245	0.356993054040773	36
0.039103096151742	0.470023521193819	11
-0.052493596177961	0.235833124269021	133
0.121431351657338	0.376944030949477	133
0.102200927274549	0.47473553996768	133
-0.044392747678128	0.160472883725614	133
-0.055267300543933	0.158939031402633	34
-0.055956771070157	0.157344630340008	34
0.104606269196918	0.197131496894388	80
-0.038614141670764	0.257019610648656	110
-0.048093121830906	0.164630247528037	110
0.106261717682182	0.192838259478629	110
-0.057942993818106	0.157837135508987	30
0.124596163188281	0.391964324323106	30
-0.050077425149706	0.156833648578986	246
-0.055267300543933	0.158939031402633	4
0.10778529414349	0.193560761266531	9
0.10778529414349	0.193560761266531	27
-0.05269375213788	0.164143493470563	123
0.104606269196918	0.197131496894388	53
-0.034621810379574	0.980654594691297	31
0.035449747468536	1.14329029479308	31
-0.122096929274984	0.236736370243646	31
0.105961562727568	1.35458498345204	31
-0.109142866028592	0.641695889261441	31
-0.108271842036021	0.515588603241437	31
0.044341306385022	1.17177082348778	212
0.089331311763191	0.962902042004304	2
0.058423106849624	0.70854099387698	2
0.053693669472431	0.71911974343362	2
-0.105328857808723	0.569656014186304	2
0.039968789151099	1.09542516101364	212
-0.119428136018789	0.473167532686268	212
-0.034623872468312	0.535567353071906	26
-0.08858861964621	0.403685243005533	26
-0.104870736814089	0.578317590061603	26
0.106283964889272	0.742820306904693	26
-0.117901093731273	0.416378911578784	26
-0.048945365651266	0.49565797537001	26
-0.123299771949915	0.466834353435836	26
-0.076980994818078	0.407899573771705	26
0.01376464784038	0.738213377545731	26
0.044080274291449	0.718529886848266	26
0.00574999031009404	0.599898225788588	26
-0.073705571908363	0.425463363178173	26
0.026688691636414	0.599847317249792	26
0.0853937372550661	0.770904457787401	26
-0.073724131024733	0.429465024547015	26
-0.06267500830059	0.509675082284533	26
-0.093514750991758	0.420951846826702	26
-0.00840428205168697	0.445694000261101	13
-0.039218621945902	0.357578725163718	43
0.047835525505325	0.62701873939651	11
-0.115848764677325	0.246995585933289	43
-0.01966378882847	0.350753172697174	11
-0.116056725825581	0.243785330106676	11
-0.061082105670144	0.436608164869693	11
-0.090942550905948	0.35358633112066	11
-0.049922319184628	0.161280171398461	11
-0.070739021067479	0.439131024296293	11
0.106046424255442	0.272928567665084	36
-0.011063895643346	0.360117866174234	11
0.00783823393025995	0.345401173912052	11
-0.091221392392758	0.240755001905572	133
0.107992218193391	0.283519262852047	133
-0.082985438591504	0.249460576270705	133
-0.042535478662	0.247381192994068	133
-0.049671271955906	0.159866625787245	133
0.012808157623756	0.258676460932716	133
-0.04718042661014	0.161705523270959	34
0.106261717682182	0.192838259478629	34
-0.05269375213788	0.164143493470563	80
0.098952681887659	0.190014654245685	80
0.105326892600321	0.193060090298176	76
0.105540363795595	0.196883836529778	110
-0.05269375213788	0.164143493470563	30
0.103885329091052	0.191922454954812	30
0.104960510267326	0.281862438284125	27
-0.03076336568558	1.2774464785931	31
-0.087840079556804	0.755461745102634	31
-0.075202579635683	0.863532802270067	31
-0.092823941425685	0.823294767489749	31
-0.118118535717819	0.791148850201511	31
0.0203469939212531	0.875776780228502	31
-0.019037373653746	1.12037405858405	212
0.021647838786735	1.02011535368285	212
-0.09696969331487	0.566523168927724	2
0.0335712062153261	0.62379488056269	2
-0.117510945248764	0.653384730785841	2
0.033374296179998	1.03791343891077	212
-0.086124961583716	0.679623766067268	212
-0.117066061654473	0.510584837134861	212
-0.08634207517327	0.848667055472254	212
-0.084707467289613	0.759793911197162	26
0.112037723233454	0.826237549615118	26
-0.060108656587316	0.417297411319761	26
-0.040611547063192	0.568553861101796	26
0.091522091196711	1.01264409144556	26
0.104198684491914	0.591095472758167	13
0.120267067198966	1.14577898352738	13
-0.119001893071965	0.519049916254157	26
0.0818682271794901	0.950999935444928	26
-0.033569167376591	0.522916428888783	26
0.052282374188155	0.616493254891319	26
0.070118665778532	0.697232385050899	26
-0.0506284388125	0.517219570686731	26
-0.093529766242159	0.420982223916807	11
-0.040051357506723	0.509635316423166	11
0.024991314008383	0.372457742967245	11
0.029282392197975	0.525131698482468	43
-0.034704069787948	0.255899133724424	43
0.102961376823266	0.661037499548842	11
0.030551658002568	0.367262181921061	11
0.022883122518383	0.269500005090112	11
0.117952880017596	0.385378569000664	11
-0.013601946830559	0.444326249367167	11
0.037030721259227	0.469831021462104	11
0.000432124779205956	0.675953087264544	11
-0.070182509840033	0.481344641838583	11
-0.120473817543206	0.23411740454632	11
-0.078226306645632	0.248040473759092	11
-0.049671271955906	0.159866625787245	11
0.11615171475019	0.372035827182234	11
0.118951382786498	0.378526070091331	133
0.019517148852125	0.255977329410127	133
0.11972997620216	0.378367370067563	133
0.104391995793308	0.188752160600622	133
0.108721732381752	0.196947833793611	133
0.108721732381752	0.196947833793611	133
0.108868771561863	0.28586578728005	133
-0.051655678099507	0.159279307936694	34
0.104606269196918	0.197131496894388	80
0.105540363795595	0.196883836529778	80
0.105540363795595	0.196883836529778	4
0.104606269196918	0.197131496894388	9
0.108721732381752	0.196947833793611	14
0.106474383247089	0.192269360452443	123
-0.038486148490711	0.257198126986689	53
0.107997354893613	0.191805636940902	53
0.035710723544279	2.13870891155329	31
-0.026187418387016	1.48809614815643	31
-0.072006239155215	0.856540875291838	31
0.04116723923164	0.768556391546892	31
-0.085630393742491	0.238168171887603	31
-0.017506795803468	1.16063008884052	31
-0.097133262721986	0.819618426287925	31
0.115501297714985	1.33859830619952	2
0.060721328051911	1.44671000263638	2
0.046687580046567	0.716332208484547	2
0.109458614397148	0.876423121992527	2
-0.091156331966338	0.504358908092877	2
-0.119590537577169	0.50511426362572	2
-0.033112522535659	0.652078447229125	2
-0.119638211355543	0.609270788735703	2
0.069201114409861	1.05048472615213	2
-0.024872244949786	0.722549241113411	212
0.031748241374372	1.10728575007532	212
0.060312821503869	0.865722776803581	26
-0.011376887101929	0.517588074531064	26
0.120433104509606	0.772819125419289	26
-0.034229513616303	0.511292720305721	13
-0.023142447101372	0.588904687646289	13
0.116731863904824	0.739350191065712	13
-0.00670045186082302	0.868116022855648	26
-0.090536694367335	0.86018482265238	26
-0.020324998283052	0.427891075317404	13
0.0610455185266	0.844452041645486	26
-0.09433200607459	0.550497825183894	26
0.026529351263764	0.612150244166494	26
0.041629696471137	0.635311211171828	26
0.077507146093297	0.640443367880117	26
-0.0203942719444	0.449688185869945	11
-0.031384687981618	0.422542240882527	11
-0.089460676968357	0.553302484737179	11
0.045110661612275	0.767295907660572	11
0.00708876289117599	0.453981952940049	11
0.054708703585114	0.558474272084793	11
-0.123361649893052	0.417253816605624	43
-0.1149442498423	0.418630893334618	11
0.079643905080016	0.562935264230923	11
-0.028317396827641	0.511631608943092	11
-0.077111253025898	0.319562320385009	11
-0.123573968229219	0.343007945569221	11
-0.013730177751872	0.357025207050827	11
-0.044846639575421	0.247537252279387	11
-0.082843310537052	0.248203909401568	11
0.115569946431236	0.487623929805	11
-0.03323589927157	0.42826273975156	11
-0.086092511870495	0.420771181768085	11
-0.042148206733191	0.246373880177252	11
-0.046094701593174	0.157635186954336	11
-0.088247249452822	0.238560473543912	11
-0.038215695125103	0.252650867595504	36
-0.054257575837671	0.158280220973852	133
-0.108875727441587	0.244464320428408	133
0.100511349631535	0.481375205507731	133
-0.043947619877214	0.248287769938849	133
-0.05099027943335	0.160081878287683	133
-0.053608043803381	0.163248539578346	133
0.104606269196918	0.197131496894388	34
-0.053483547886427	0.163543065590241	34
-0.083154806838215	0.238223961645109	110
0.023026019381616	0.26796864804726	110
0.099154292262728	0.189491588058777	183
-0.051779414584004	0.163302427940867	209
-0.121337310728428	0.243242496118542	30
0.105836660860649	0.279094602622395	246
-0.054396748347095	0.162653299830411	9
0.102333243049022	0.189586610153756	9
-0.054273779065557	0.159335456313377	14
0.105540363795595	0.196883836529778	53
-0.00718313512375202	2.00188625601078	31
-0.114404593231699	0.781070046994613	31
0.019582205521768	0.992781742296925	31
-0.10239583858542	0.633313524463397	31
-0.048179109155322	1.11635894488466	31
0.018671339980095	1.37188177128998	31
-0.072747342398041	0.562718753167208	2
0.043790375395467	0.860908141807393	2
-0.055376367295932	1.01235798322464	2
-0.04923197320768	0.505928364825679	2
-0.030934253839949	0.445424896020971	2
-0.124344328214434	0.400997414668161	2
0.061071110504284	0.856940517989272	2
-0.062680534035502	0.636151857723845	212
-0.115673149136179	0.660642010613726	26
-0.023411801306588	0.833756581487941	26
0.050485660935184	0.562152420569012	26
-0.121668262655059	0.3517664605181	26
0.03751737320411	0.887479633571095	26
-0.00184904013440701	0.595237057571505	26
-0.066130535115317	0.481003775038666	26
0.036803380201566	0.52428369969205	13
-0.107305326987371	0.320497476841268	26
0.0350180410202831	0.464204558934864	26
-0.088955228717636	0.33529537674973	26
0.052916180965642	0.35321410890691	26
0.01970955292586	0.470926482718721	26
0.00130512917209003	0.323984827311811	26
-0.118316984405534	0.232330834697314	26
-0.118154083305791	0.327172991842756	26
-0.063043444010795	0.346847902044026	26
-0.08220040069095	0.351435860754118	26
-0.086835925595069	0.240853932500459	26
0.038144246440404	0.612602518208707	11
0.0613683782011361	0.46869448676834	11
-0.095958949319765	0.338473407595141	11
0.103043115768983	0.449799964560036	11
0.040005157293944	0.523202638745244	11
-0.018694223412331	0.361041274950823	11
-0.012894406907451	0.521578218878748	11
0.070731120054473	0.549859368922182	43
0.017412585457399	0.534970907254081	11
0.00659612409017996	0.679700015084241	11
0.123132711265033	0.368082985907412	11
0.106509071627973	0.281894859954003	11
-0.066969096223927	0.236018203070189	11
0.042659965826317	0.536668307331109	11
0.017664193571675	0.514622546261693	11
0.056290621834209	0.457497562809843	11
0.113376486647238	0.371691441353141	11
-0.105289528694057	0.317815783261791	11
0.119019911082533	0.38491598691007	11
-0.052574789734847	0.329948585477121	11
-0.066794986703561	0.349755453517732	11
0.109658093055625	0.193682993386016	133
-0.041312043020853	0.350095980238786	133
0.103885329091052	0.191922454954812	587
0.106261717682182	0.192838259478629	535
0.098508508821073	0.276082141118485	80
0.113929181170657	0.278822472849799	80
0.017715002903959	0.365575066063605	110
0.123570092885372	0.369918514225766	110
0.104818692519225	0.191704651936722	209
-0.049922319184628	0.161280171398461	209
-0.053608043803381	0.163248539578346	4
0.108721732381752	0.196947833793611	4
-0.055047950567545	0.160476366144499	14
-0.059762243839787	0.153542881211051	14
0.0980227824676571	0.185813227211257	14
0.021237259107551	0.26768672086228	160
0.104606269196918	0.197131496894388	53
-0.044958830246093	0.704082643305132	31
0.029271560190376	1.0640764613821	31
-0.063323295101751	0.890116683246941	31
-0.10208155575552	0.842614663786285	31
0.069200448692081	1.26567856837345	2
-0.114631627511462	0.571614352205964	2
-0.098018441178403	0.999090606203646	2
-0.114051704919855	0.650977078493717	2
-0.087593639485946	0.879989289573	2
-0.038797263129431	0.950379751887474	2
-0.09871331141371	0.477066522475343	2
0.066206617312945	0.484438020850395	2
0.066574339497282	0.649521872320414	2
-0.051426741435737	0.434000845567365	2
-0.078250963539122	0.685569779717245	2
0.066551610290556	0.835166384472579	2
-0.024619636155112	0.525835902443735	26
0.00620155583478799	0.44751088956952	26
0.055938967981366	0.637412377782834	26
0.014300589978511	0.541637705427945	26
0.026627384849513	0.761712330177663	26
-0.036215351831342	0.449388066805041	26
-0.059826224842392	0.662189475181282	26
0.050226787271864	0.803321297449076	26
-0.026692402068459	0.514012624969586	26
0.036418509417145	0.613839642933511	13
0.115182710926119	0.631975442502536	13
-0.090504190405798	0.419080328763675	13
-0.054880216493276	0.510330998992503	26
0.019969795370771	0.462917443547609	26
0.100430689035349	0.564053385932159	26
0.091621534990428	0.620473312220543	26
0.014837272357313	0.533939818723664	26
0.059426477675528	0.553705354700419	26
-0.036867826116565	0.513186229543218	26
-0.100591304969614	0.428118863542507	26
-0.022809936355183	0.447242460296499	11
-0.00279095026491399	0.613551571805917	11
-0.069895868467364	0.421688743969561	11
-0.124141089355481	0.336457235010061	11
-0.104733700842065	0.327561956223736	11
-0.053771227030588	0.407218138560329	11
0.0734575703811971	0.7589029742053	11
-0.114642179443871	0.230079637867781	11
0.041149738400824	0.476330376126038	36
0.101671084120273	0.272299475650617	36
-0.044075875010255	0.249157107204173	133
0.096889739438217	0.272561524978423	133
0.017662879200575	0.36932649233886	133
-0.054396748347095	0.162653299830411	34
0.0980227824676571	0.185813227211257	80
0.100812221308309	0.185578165967526	110
-0.054396748347095	0.162653299830411	110
0.104818692519225	0.191704651936722	110
0.00910787239520705	0.242491696729595	30
-0.059643305699675	0.159185418917069	14
0.100257918701995	0.276188097828727	189
-0.089773926142226	1.5344383797048	31
0.061590893705104	1.14403831089035	31
-0.121965089187927	0.424791364140333	31
-0.101567275442227	0.933078372197621	31
-0.111924922547523	0.713816364126045	31
-0.083691992981909	0.772924006718142	31
0.106474383247089	0.192269360452443	31
-0.103498558069177	0.582709205728425	2
-0.002608109631694	1.7089335776259	2
-0.090849926605835	1.14946166329059	2
0.097574541501896	0.462328636495704	2
0.035205653240187	0.457805100066208	2
0.107243556211398	0.484478187155837	2
0.061400713287633	0.470530301954137	2
0.031208451419216	0.456389443171286	2
0.084427361442746	0.788934012167005	212
0.093172557357859	0.701537276767705	26
0.064848686019748	1.30570368403831	26
0.063810968477409	0.375077357856611	26
0.066609913877878	0.37542493545805	26
-0.059226168395685	0.855027568455166	26
-0.039010414186213	0.348762687981854	26
0.064138138946648	0.377915744771313	26
-0.042406006617221	0.249936411795638	26
0.0182815813737091	0.258416251664534	13
0.103421425452491	0.280898371654418	26
-0.087680933887421	0.249142837322621	26
-0.085916549632776	0.241100905619368	26
0.100812221308309	0.185578165967526	26
0.109745262879566	0.285932577104552	26
-0.013905888961474	0.364924811376078	11
0.0157640087845911	0.252419228220587	11
0.10738590334938	0.284218486173583	11
-0.037855517464104	0.530737078649547	43
-0.00632073171527803	0.531650493596378	11
0.105540363795595	0.196883836529778	11
-0.048923991846949	0.513836466599769	11
-0.05703527592797	0.157085368414133	11
0.104826057528392	0.281899977544189	11
-0.00231042903379097	0.799159152378516	11
-0.062199256247277	0.494120802992196	11
-0.059020915755725	0.439120274680587	11
-0.095059080350558	0.33930496960572	11
0.07381228139438	0.551865923274187	133
-0.036250657998288	0.240503791299174	133
0.109445790014745	0.192936241963981	133
0.02897247089199	0.45926220979439	133
0.104391995793308	0.188752160600622	110
0.028861687622196	0.450561085169872	30
0.100812221308309	0.185578165967526	246
0.052218484289792	0.352249484368873	14
0.10778529414349	0.193560761266531	53
-0.077549800389115	0.933166737582329	31
-0.092509812840143	0.492428104263605	31
-0.123163997902782	0.440484791493424	31
-0.054396748347095	0.162653299830411	212
-0.120031346857219	0.553344846239336	2
-0.043666586430514	0.254906306140578	2
0.114301245316086	0.373407557531854	2
0.099355844629124	0.653240880976584	2
-0.024587666039485	0.608826966382326	212
-0.043150014228279	0.241328347281355	26
0.123673138853299	0.390913339634206	26
-0.01982124544501	0.355495016504489	26
0.066206617312945	0.484438020850395	26
-0.077964805175077	0.239818893655807	11
0.017526550376308	0.263529441493889	11
0.091645046517319	0.998242054537296	11
-0.085697246768751	0.242300212088385	11
0.0112417509027301	0.764499321949546	43
0.06333873550376	1.19414198209985	11
-0.056791084414513	0.511321986116738	11
0.023354778261732	1.02020820750526	11
0.050527207660479	0.555197968425719	11
-0.00158868177171401	0.524354724354168	11
-0.07641743779465	0.521691121736739	11
-0.024348710026168	0.456129191233943	36
-0.045215905791391	0.35818197423569	36
-0.061116688266496	0.151587091893935	11
0.106261717682182	0.192838259478629	133
0.106261717682182	0.192838259478629	133
0.018910791265944	0.263130349569801	34
-0.053483547886427	0.163543065590241	34
-0.116941352187244	0.24477223618088	34
-0.087469958026952	0.240728467291203	110
-0.044908158374903	0.56899818386371	110
-0.011366778928721	0.530155302148261	110
0.105540363795595	0.196883836529778	4
0.059505967037309	0.37610910410138	14
0.018910791265944	0.263130349569801	68
0.106261717682182	0.192838259478629	123
-0.031987705278957	1.17042362015225	31
-0.067886884291448	1.04702708929609	31
-0.058486067561746	1.00556244893718	31
0.065839630628571	0.478709751592642	212
0.052483918475674	1.57459602770697	2
-0.081076158511437	0.80291924359102	2
-0.083938533898991	0.671152375979964	2
0.105479693186577	1.01187377019423	2
-0.013566611604211	0.985334393239087	2
-0.068410368134566	0.570840156735754	2
0.035448434735709	1.14789957601223	212
0.041021452296561	1.08194768739267	212
-0.106559800934157	0.438851170520322	26
-0.115252778440842	0.507471324137777	26
-0.072705285034445	0.519928536480038	26
-0.065551924662464	0.505114766046522	26
0.097955782456316	0.788774768785381	26
0.035254834569205	1.00260562749142	13
0.0548709657557071	0.630551302689319	26
-0.097294417733038	0.345545842889227	26
0.044330601921791	0.70593233806519	13
-0.0722726817228	0.485398826993929	26
-0.031844733017713	0.44120527448076	26
0.0509269234520841	0.732753032271632	26
0.097850268690036	1.00534309135218	26
-0.00841908264340802	0.569845953815821	26
0.061088547481464	0.629586048337754	11
0.033807485062578	0.552639001277405	11
0.015675641179296	0.469111705261877	11
0.098777659904129	0.901836957274701	11
-0.082985438591504	0.249460576270705	11
-0.00781353034233601	0.530198846014563	11
0.108204925984091	0.487644278744114	11
-0.035543419234672	0.451605507642462	11
0.104296494897888	0.280973587651893	25
-0.050585692351603	0.159777271310314	36
0.073223307545399	0.374567300288597	36
0.014090908920808	0.518827826498409	11
-0.047969057130315	0.16113278421714	11
-0.04054002991051	0.243775406520949	133
0.10738590334938	0.284218486173583	133
-0.057826140931256	0.159256179767351	34
0.0135626425447239	0.258100856768668	34
0.105751979905555	0.18742080585834	110
0.104084301793186	0.282699508965466	110
-0.058617442654143	0.1562622704187	246
0.020032269230149	0.365392796226878	30
0.104084301793186	0.282699508965466	30
0.121576581680906	0.380182128552919	246
0.103885329091052	0.191922454954812	246
0.104606269196918	0.197131496894388	68
0.104606269196918	0.197131496894388	14
-0.049007088152211	0.164550979721028	14
0.105326892600321	0.193060090298176	123
0.10367210198169	0.19256980157576	53
-0.034193779701233	1.01119920800222	31
-0.105308611638477	0.7912590803074	31
-0.114430387288598	0.970167861848058	31
0.023778071807019	0.268794665250103	212
-0.071655570459741	0.930610842861707	2
-0.055350474709401	1.02216044441768	2
0.055363948111911	1.25868939959492	2
0.071347613601273	0.863546560451641	2
-0.094630606264623	0.352781633948928	2
-0.111237849056806	0.6924995703344	212
-0.114044597544558	0.735105005836553	212
-0.105425498972678	0.43414678032192	26
0.096370325692028	0.817114927456461	26
-0.033043855016222	0.580701910905963	13
-0.028062610899517	0.452778248106596	13
0.06738606871428	0.625562406450847	26
-0.031119156041959	0.445240011222701	26
0.0548326219037359	0.564185102453384	26
0.0732148090004841	0.628627329041724	26
0.073706692249137	0.573670547656162	26
-0.081815307568823	0.644134292820415	13
-0.065389135927457	0.353120532564021	13
-0.068103265783696	0.639958647047694	11
-0.020810976884883	0.446990157171739	11
-0.109249519027833	0.347740383304039	11
-0.035627973264195	0.448325256648766	11
-0.087822182955401	0.248338620855508	106
-0.044075875010255	0.249157107204173	11
0.123673138853299	0.390913339634206	11
-0.035603142787189	0.25489489088347	11
-0.0735804955319	0.434530912965687	11
0.100902495221244	0.490613092356337	11
0.10995674162395	0.26882315219004	25
0.018767239220096	0.261554448956454	36
-0.049922319184628	0.161280171398461	11
0.02521825053279	0.366509029354385	11
0.121285976249522	0.366359992855728	11
0.099882495694625	0.189802499735134	133
0.068578345682917	0.466065182544313	133
-0.040284535316779	0.255406403236934	133
0.103885329091052	0.191922454954812	133
-0.054140417197566	0.160561104882777	133
0.103073749125873	0.278100429591318	583
0.105326892600321	0.193060090298176	110
0.102331716700272	0.278866831967367	110
-0.120406109855928	0.244640796387479	110
-0.057942993818106	0.157837135508987	246
-0.109576997365699	0.242126335291076	30
0.017666658326558	0.26511675217471	68
0.111920964376254	0.188915238265414	68
0.025425591925743	0.264759115923116	123
0.116364170054803	0.26709055472491	212
0.033624934282064	1.01999335094085	2
-0.00281981665528303	0.898315781165019	2
-0.098300580525068	0.554408870645946	2
-0.123051458402311	0.50441292253616	2
-0.047126243843235	0.513801723264555	2
-0.055126044043031	0.592793481633352	2
-0.094174327031439	0.555839325744746	26
0.030506517180358	0.605326283505642	26
-0.086928242651234	0.415419943159771	26
0.0147886023074481	0.549981729554445	13
-0.00149410398077199	0.510511238917557	13
-0.019063804982407	0.494770134224133	13
-0.044857716166952	0.521140492858344	13
-0.033558683016441	0.421741842675384	11
-0.099602224421446	0.39507491688851	11
-0.06263261142241	0.431335771170556	11
0.055246380356469	0.786219058377044	11
-0.045692746412184	0.52319296444959	11
0.02521825053279	0.366509029354385	106
0.021281797878738	0.471469784660827	11
0.090537029877503	0.551318320176724	11
-0.00350439313145701	0.459336008874395	11
-0.071544426154029	0.349318797561291	11
-0.111066780916994	0.41871731332735	11
0.040386715321382	0.54502844173955	11
0.039355540726028	0.474225194966459	11
-0.015087047147671	0.361970218676622	11
-0.109967055048342	0.245381094145195	11
-0.092001450796228	0.237386565065804	36
-0.097179539817196	0.320562656768635	25
-0.020949689131483	0.452887596702144	25
0.090237779895684	0.465072677885528	11
0.016373404257088	0.260679505826432	133
-0.04561778220783	0.244181657370687	133
-0.05099027943335	0.160081878287683	34
-0.061345776478029	0.152743097998327	34
-0.09386489661315	0.235869482315863	110
0.059948831811523	0.361386401054731	246
-0.053483547886427	0.163543065590241	246
0.099154292262728	0.189491588058777	246
-0.078368046985163	0.250059546325834	30
0.022173274475647	0.36173111157908	30
-0.053483547886427	0.163543065590241	246
0.104606269196918	0.197131496894388	246
0.105540363795595	0.196883836529778	4
-0.096204098403179	0.23106400268187	4
-0.055047950567545	0.160476366144499	68
0.109445790014745	0.192936241963981	68
0.106261717682182	0.192838259478629	53
0.027936832170678	1.17594691648275	2
-0.106241893316017	0.731876683154776	2
-0.077310786311064	0.887925743823271	2
0.050503828789041	1.00201152368616	2
0.07917622416047	1.2753163691193	2
-0.074029911142293	0.718056394750634	2
0.000565431618263945	1.02385433985551	2
-0.012232657502042	0.946391647450829	26
-0.102341493713084	0.587891907459659	26
-0.049122680727032	0.746755893902769	26
-0.025353821294714	0.828486083087783	26
0.043597023168308	1.07097858392085	13
0.0907041072846529	0.875988395247577	13
-0.108715541894085	0.598670930797424	26
0.11639461447409	1.14416648172487	13
0.104818692519225	0.191704651936722	13
-0.049147313267	0.657140853073717	26
-0.066767566487722	0.832618746523595	13
-0.124697921630202	0.515510122074385	11
-0.0139051934031	0.52427772595467	11
-0.028718447840129	0.678160229427016	11
0.096117338328253	0.644693576744335	11
-0.106309253063159	0.328084599363025	11
-0.038615721950633	0.520709367588029	11
-0.121003921972621	0.344335690694406	11
0.111503694122363	0.654116182188205	11
-0.066272824340511	0.343164727902291	11
-0.043374696304635	0.447128891422715	11
-0.045306331346219	0.158180702731999	25
-0.073343639226095	0.351951872463623	25
-0.077591433217248	0.249526449462318	36
-0.078555913410809	0.429251247861201	11
0.065893165156883	0.464767299556664	11
-0.037161855908806	0.351855190864571	133
0.016373404257088	0.260679505826432	133
0.12428181098584	0.367349546290145	133
0.107196468509895	0.188500305764353	34
0.109880723097922	0.284558081937262	34
-0.055838761494062	0.157453573190524	34
0.109004155777126	0.286758401658841	110
-0.080063509366961	0.248922661395455	110
0.020422085673396	0.35621009485954	110
0.103949930977753	0.280985884086667	110
-0.088742470606921	0.246190362381173	110
0.060881514413748	0.363712985178702	246
0.017266343051346	0.262199548559052	246
0.021379176338874	0.265541551625998	4
-0.05269375213788	0.164143493470563	4
0.10367210198169	0.19256980157576	4
-0.054140417197566	0.160561104882777	68
0.103885329091052	0.191922454954812	136
0.105326892600321	0.193060090298176	136
-0.092726153125228	1.5468839088937	31
-0.113012997675239	0.59549156704249	212
-0.035713295651621	0.428947178481238	2
-0.056713437448738	0.891961794521448	2
-0.036127482330078	0.24710594293567	2
0.029913618028914	0.629219518297731	2
-0.034573322584834	1.13956395760695	2
0.066919394138393	0.486005212529099	26
0.106646536200941	1.17500103985948	26
-0.052625140403269	0.590666445943703	26
-0.115187550054056	0.660318560031628	26
-0.080786837494803	0.78761539700173	26
0.094157363385579	0.896327280288696	26
-0.11710555353248	0.774735116762783	26
0.027175372734872	1.13303842106292	13
-0.026577616782208	0.743390028871261	13
-0.088958685057248	0.683448936187726	13
-0.088592159060118	0.690168812152997	13
-0.05709500992224	0.601183188315755	11
-0.058991455530675	0.724414836585694	11
-0.044718993782498	0.244917700742363	11
0.110768548117947	0.259383567480075	11
0.026098107810301	0.264299390154503	11
0.101934695504078	0.273879142860027	11
-0.03602448973526	0.676066818409045	106
-0.035876558110137	0.672133098361834	106
0.06400256327553	0.361429927487344	11
0.041648178883934	0.462059320073085	11
0.098508508821073	0.276082141118485	25
-0.045306331346219	0.158180702731999	11
0.10111666472392	0.494844045602668	11
-0.066707037719878	0.343644850478519	36
0.104818692519225	0.191704651936722	34
0.033021877338796	0.466332554630669	110
0.033508715398198	0.447846857815851	110
-0.043666586430514	0.254906306140578	110
-0.056747810879914	0.154464910323266	110
0.062887894202328	0.370196751872965	110
-0.122107295384523	0.240885094758832	110
-0.060937980256513	0.346273989604831	246
0.099556526063658	0.46691754982066	246
0.09409229733924	0.456972926458088	30
-0.022268614524065	0.350609219468953	246
-0.051501376772247	0.156730919067644	30
0.108508617766097	0.18973330924381	246
-0.085686441122429	0.246194242253905	4
0.103342170174344	0.280281513622501	4
-0.0533957566177	0.235107134014576	68
0.105326892600321	0.193060090298176	4
0.0548666031135791	0.36369662398572	68
0.104606269196918	0.197131496894388	351
-0.054396748347095	0.162653299830411	136
-0.052351376183237	1.02373449927612	212
-0.12188162048276	0.684832123484984	212
0.031936748089035	0.448183418800444	2
0.03644598068414	0.946345796602086	2
0.055729617250098	0.635941500263321	2
-0.053337846817427	0.349160510364386	2
-0.011527059399186	1.2476059139307	2
-0.094374645861349	0.432756112678533	212
-0.113154340055955	0.349935583106505	26
-0.023475175028497	0.344712440088327	26
0.051458067396526	0.891204929074521	26
-0.117950774442692	0.643260163920162	26
-0.079121049056468	0.740430737165126	26
0.074388064797386	0.949748863945753	26
-0.018840498604642	0.531586990938874	26
-0.034830909064346	0.254911986367034	13
-0.00743256472314402	0.593618171453035	26
-0.096241587099717	0.686696142764822	13
-0.103183493472615	0.664725870275137	13
-0.020196866834216	0.948386158888552	13
-0.017457076831773	0.60203429739977	13
0.112558804815395	1.43744787296733	13
-0.034806150451498	0.937442013782528	13
-0.062496685063136	0.584076623595143	13
0.00393553068167196	0.765588111557704	13
0.036963310640073	0.609787851405122	11
0.117844701643656	0.268518103483956	43
0.01431676456722	0.253211855221994	11
-0.036441876502157	0.648979386376743	106
-0.048089406791088	0.595818877828407	11
0.111362283562416	0.277686603242218	11
-0.047449659008895	0.247774682527082	11
-0.053608043803381	0.163248539578346	25
-0.038358545986975	0.254282369656206	25
-0.051904391362073	0.160861783334034	25
-0.100969919691135	0.344227078977319	133
0.09776467661481	0.275355275525869	34
-0.118316984405534	0.232330834697314	110
0.105326892600321	0.193060090298176	110
-0.062489258525134	0.35743818673759	246
-0.116456150812596	0.2402746993968	4
0.014457923756968	0.258241976423949	68
-0.052568984511295	0.162709811063589	136
-0.039155508610024	0.43857121142676	212
-0.04822435496889	0.246964230941857	2
0.025545757285683	0.752545754655488	2
-0.063958374279874	0.338836545671498	2
-0.110493457400637	0.710571569329142	26
-0.075761483744046	0.585387379564736	26
0.051709281058381	0.627644514858614	26
-0.088208307809477	0.887717175401166	26
-0.084589267642264	0.435340453161611	13
0.0700491163868831	0.559275592593223	317
-0.044943868998679	1.02593168669906	26
0.021013333032149	1.05878215094072	13
-0.102370749200788	0.714284944329949	13
-0.031300165800704	0.86584113006595	13
0.096119711162968	0.96007596219125	13
-0.022479559872022	0.352390765849818	13
0.059948831811523	0.361386401054731	11
0.094109866013854	0.650084081093959	43
-0.037258259169463	0.352090128838697	11
-0.086693058210302	0.241585182949587	11
0.067875526271246	0.69939505784518	106
-0.119197509692705	0.406578248182524	11
0.0537173883493181	0.451648289045476	11
-0.053608043803381	0.163248539578346	11
0.109139380252893	0.282140594101323	11
-0.054930998893295	0.157544484829936	11
0.061250857489687	0.366117390828618	25
0.033929442492857	0.468795362855295	133
-0.012242505887825	0.357747180117089	133
0.052047730305946	0.561942224354088	133
0.106668582349546	0.782774828785025	133
-0.048093121830906	0.164630247528037	34
-0.087539824780663	0.247054107510715	110
0.058084266325346	0.351411389473503	110
-0.067588675118373	0.349239232882485	110
-0.024498491623798	0.446314609667544	110
-0.122175880123236	0.235371112676721	4
0.015480779875742	0.447478117403559	246
0.021988792302724	0.268514362548403	246
0.109004155777126	0.286758401658841	68
0.104084301793186	0.282699508965466	68
-0.053608043803381	0.163248539578346	123
-0.053483547886427	0.163543065590241	136
0.104818692519225	0.191704651936722	136
-0.05269375213788	0.164143493470563	136
0.030247171962318	0.780946756660785	2
0.015625707858805	0.850546788848891	2
-0.050165856943819	0.566668317951261	2
-0.0477985739383	0.440785145420248	2
-0.081459168894547	0.501029316512515	2
-0.040972548418663	1.01700421763501	212
-0.092695581772953	0.495444884951019	26
0.00483827045464502	1.10605167180271	26
-0.00288653760191498	0.919373516514329	26
0.0342961017721219	0.704612641598602	13
-0.076111715121231	0.566990356000506	26
-0.024987562151394	0.45630880817028	317
0.122079287194208	1.37334863456881	26
-0.096114227092117	0.668116179571626	13
0.023040047648807	0.895244945193255	13
-0.067606595118667	0.684532359140836	13
-0.059643305699675	0.159185418917069	13
-0.085865991952959	0.662619798260803	13
-0.107924746230152	0.503218986576814	13
0.073669086047652	0.880656856472547	13
-0.057891165557534	0.500373006304049	13
-0.042996871136077	0.685706823934491	11
-0.101321122257146	0.34531283951725	11
-0.05269375213788	0.164143493470563	11
-0.014807205569128	0.538818719851435	11
0.058430027739107	0.84868740801224	11
-0.088774568282085	0.333510101168311	11
-0.019083917637932	0.503058730579354	11
-0.054396748347095	0.162653299830411	127
-0.047413984533394	0.239009872265918	25
-0.047969057130315	0.16113278421714	25
-0.052568984511295	0.162709811063589	25
-0.048350457254705	0.247008175803063	36
-0.046675344642124	0.246544295820549	11
-0.073130938019726	0.346617632951225	133
0.052429346210531	0.566547539898963	133
-0.042751591217949	0.442630570285857	133
0.107997354893613	0.191805636940902	87
-0.053608043803381	0.163248539578346	34
0.10738590334938	0.284218486173583	34
-0.042148206733191	0.246373880177252	34
-0.090161311941084	0.243006241603641	110
0.101723120108723	0.272137987682696	34
-0.054396748347095	0.162653299830411	4
0.102599662308661	0.273002355761535	246
0.108721732381752	0.196947833793611	246
-0.058617442654143	0.1562622704187	246
-0.050674996944633	0.237155198669939	246
-0.053608043803381	0.163248539578346	4
0.104218517365508	0.279468185385514	68
0.104084301793186	0.282699508965466	68
0.108262673357259	0.284288120731487	123
0.105326892600321	0.193060090298176	251
0.100083277523817	0.185277932705371	123
-0.085755859817057	0.421022223809894	2
0.100518659970886	0.585200897340608	2
-0.110779188615486	0.346819191991412	26
-0.0749075007817	0.431726295302956	26
-0.050328184175864	0.751355040256475	26
0.064197956169929	1.43725451271636	13
-0.007873619269331	0.776937696076277	13
-0.00428285563577602	0.838611235510821	13
-0.089653505100105	0.78172087291352	13
-0.044846639575421	0.247537252279387	11
-0.088761475793576	0.238578221060933	11
0.026171262290014	0.67571262269839	11
0.02075249361221	0.692285959376409	106
0.054391618611266	0.64405872395424	11
0.117312862113591	0.373078771267829	11
0.102951892153332	0.187666021664002	11
-0.051779414584004	0.163302427940867	36
0.10367210198169	0.19256980157576	11
-0.048115073521445	0.418523681896252	70
0.069057854654583	0.36948708016839	36
0.00423052661740697	0.425773459658604	36
0.10738590334938	0.284218486173583	133
-0.026735623261019	0.441692873020823	133
0.109445790014745	0.192936241963981	109
-0.119691266325041	0.235985159704769	110
0.013087721093395	0.249555586222952	246
0.102465766645332	0.279374152525266	246
-0.059643305699675	0.159185418917069	167
0.106474383247089	0.192269360452443	123
0.107997354893613	0.191805636940902	136
-0.101496290130783	0.418016078742645	2
-0.089168554010633	0.728525346784046	212
-0.079594145421611	0.244757976194849	2
0.016337365307584	0.361410667723624	2
-0.0865308957828	0.342653590786534	2
-0.023925946842544	1.05541524449219	2
0.014632142928283	0.329795617426526	212
-0.047598551690026	0.433357403844292	212
-0.023278300691158	0.942927089035143	26
-0.120746222223369	0.481614056237178	26
-0.052249862382864	0.850622846128898	26
-0.09453073184887	0.414685494921538	26
0.096792786045307	0.487685109886547	26
-0.10247676915088	0.52669199874131	13
-0.053483547886427	0.163543065590241	317
-0.102589757178398	0.751178969941831	13
-0.05453928393408	0.831678094187573	13
-0.033946396359858	0.948532592170966	13
-0.040370057266031	0.809247335872527	13
0.052578186237556	0.445056984140783	11
0.030429319494365	0.451657696509507	43
0.014559057718432	0.356216513154347	11
-0.04465947563824	0.591600416861598	11
-0.038796248339537	0.723303613687156	106
-0.034574981034783	0.516976507981829	106
0.118428838099146	0.868519640366371	11
-0.032927936082157	0.652522622275658	11
-0.023715122658571	0.570370433819036	11
-0.013325414805598	0.427513758696341	11
-0.05269375213788	0.164143493470563	11
0.106474383247089	0.192269360452443	25
-0.05323417741339	0.157776185080692	25
0.10778529414349	0.193560761266531	25
0.106261717682182	0.192838259478629	36
0.105326892600321	0.193060090298176	11
-0.00103172610320501	0.516981937273741	133
-0.04965116637083	0.154626034711936	155
0.108508617766097	0.18973330924381	34
0.105540363795595	0.196883836529778	109
0.0996453280441349	0.266938759054887	171
0.103885329091052	0.191922454954812	246
0.103064184011693	0.189897014067851	68
0.103949930977753	0.280985884086667	68
0.105702127406654	0.281073847180921	68
0.108508617766097	0.18973330924381	167
-0.054273779065557	0.159335456313377	167
0.10367210198169	0.19256980157576	136
-0.050866334334427	0.159845968273198	136
-0.071375562991034	0.436677953264455	2
-0.044856747969282	0.50479744657465	2
-0.010225455585648	0.903970269781436	2
-0.00809516789076198	0.786551023727453	2
0.049094799988854	0.558342348798656	212
-0.065210498521778	0.436050140306298	26
-0.071611027138505	0.50973109449632	26
0.067225719204021	0.372038709536704	26
0.063486734780914	0.649817328575943	13
-0.060609416750504	0.678417967534951	26
0.0457630489530511	1.08250560688614	13
-0.00288981865610299	0.705439340568971	13
-0.06303127617276	0.590292084561793	13
-0.05679724837542	0.688328748913935	13
-0.124339687807396	0.348111390441396	13
0.013704781743812	0.34998022507664	40
0.00848702119634703	0.245620823062662	40
-0.000137280602917012	0.616301146877107	40
0.1222242518396	0.669350795559548	11
0.033636602963431	0.455899683777134	11
0.105540363795595	0.196883836529778	11
-0.034577629766745	0.253658174172123	11
0.105326892600321	0.193060090298176	11
0.104818692519225	0.191704651936722	11
0.098952681887659	0.190014654245685	11
-0.049671271955906	0.159866625787245	11
0.105540363795595	0.196883836529778	11
0.017526550376308	0.263529441493889	11
0.104391995793308	0.188752160600622	11
0.10778529414349	0.193560761266531	11
0.0548666031135791	0.36369662398572	11
-0.055047950567545	0.160476366144499	11
-0.040668730035365	0.252092593854704	36
0.109445790014745	0.192936241963981	87
0.104296494897888	0.280973587651893	171
0.105326892600321	0.193060090298176	105
0.114301245316086	0.373407557531854	34
0.117249628708998	0.372587655045577	246
0.105540363795595	0.196883836529778	246
0.110382885599145	0.189869757277567	136
0.104818692519225	0.191704651936722	136
0.075800605400263	1.78768478012027	212
-0.124494760716367	0.72924504461585	2
-0.056107899240396	0.439584057656139	2
0.089604263513701	0.814606834763105	2
-0.051904391362073	0.160861783334034	212
0.032721712564503	0.436236367809656	2
-0.114632862321344	0.663930866633885	538
-0.085595094500661	0.826593327092856	538
0.0839749156620701	1.15654018704106	538
0.081006118082571	0.577891907572811	212
0.100873591497453	0.656982353705782	212
0.084782208525329	1.02711818850409	26
0.080851258391172	0.640887742224543	26
0.028645652409833	0.45927835389924	13
-0.054839034040022	0.595916174719031	13
-0.013783222490172	1.01163895528881	13
-0.00479569830675303	0.924179874671637	13
-0.086800423512187	0.508426260706229	40
-0.00230000842892403	0.746913084932203	11
-0.101398032582934	0.339617114047833	40
0.099882495694625	0.189802499735134	11
-0.00730710981568999	0.617111368068128	11
0.092453311103612	0.465252960533322	11
0.096637228790214	0.180654962692587	11
-0.045734572616613	0.353935149330435	202
0.021237259107551	0.26768672086228	11
-0.085686441122429	0.246194242253905	11
-0.053350271499238	0.158369716511849	11
-0.059643305699675	0.159185418917069	36
0.11678984476398	0.379051742102138	11
0.10719815920779	0.182870840704527	11
-0.050711630521416	0.160705257369509	11
-0.073592482239794	0.356992886357073	36
-0.082843310537052	0.248203909401568	11
0.123673138853299	0.390913339634206	11
0.00939861709954404	0.444264599235634	133
0.108721732381752	0.196947833793611	87
0.099882495694625	0.189802499735134	87
0.105540363795595	0.196883836529778	171
0.108721732381752	0.196947833793611	34
-0.043792178651441	0.251985988681451	105
0.104826057528392	0.281899977544189	110
0.055681711290682	0.362297477341581	246
-0.05269375213788	0.164143493470563	246
0.107250832690915	0.284325648817411	246
0.104818692519225	0.191704651936722	246
0.106261717682182	0.192838259478629	246
-0.086835925595069	0.240853932500459	4
0.107061651358987	0.188640562085449	68
0.106261717682182	0.192838259478629	68
0.105540363795595	0.196883836529778	167
-0.108143786664213	0.329771215168584	2
-0.118155314299667	0.235416382751005	2
0.040678541273899	0.892364097049363	2
-0.097605710875834	0.548907099288686	2
0.117094595857825	0.905381558967713	2
-0.077385960512455	0.427235549952522	2
-0.012440750987614	0.846116739822579	538
-0.071174688200585	0.437354464438868	212
-0.080962782536196	0.737772033198899	26
-0.093508310802483	0.632135213009945	26
0.0112564685358441	0.664489842627762	26
-0.097265701245918	0.773058206378946	26
0.048601456252259	1.08111083988783	13
0.075322101640343	1.29367983038667	13
-0.036991649534142	0.712919004954624	13
-0.062829924616555	0.653378001396798	13
-0.114581551446793	0.564614605788765	13
-0.04093929622035	0.513523531530711	40
0.118951382786498	0.378526070091331	11
0.037533260028343	0.475759663222438	11
0.103264546802094	0.186609396683707	11
-0.00915345634660603	0.441295918153524	106
0.070438757086033	0.650642766856718	11
0.102583317268059	0.812931572072961	11
-0.039338952812049	0.509560044898262	11
0.12314311960868	0.738322459884684	11
-0.116779727963401	0.246079552077027	202
-0.094499374698237	0.230333392181947	11
0.105540363795595	0.196883836529778	25
-0.043480449066174	0.158610274536396	11
-0.087612409123143	0.24133916994746	11
-0.118155314299667	0.235416382751005	11
0.053554771462271	0.640950232335787	133
0.093458054194559	0.180511064750149	87
-0.013194199171649	0.357516644950088	105
-0.072984062237001	0.246971034387801	246
0.067509311279595	0.37435247394349	246
-0.053483547886427	0.163543065590241	246
-0.053690562467266	0.156470985704835	4
-0.05269375213788	0.164143493470563	68
0.103064184011693	0.189897014067851	136
0.0354586093077131	0.63830566071255	2
-0.025209062476547	0.444612940700626	2
0.016097430907779	0.522310355625703	2
0.096473158289462	0.479907309940915	212
-0.096010493474871	0.528229464942652	26
-0.118890434829212	0.475029753615152	26
0.102972903032627	0.735151446544752	13
-0.120806275643385	0.330773757339448	13
-0.008054801093278	0.36603999980636	13
-0.014682232953454	0.770236154551329	13
0.07108469350262	1.12318114277867	13
-0.049007088152211	0.164550979721028	13
0.0752049956087491	0.547731253825915	13
-0.042767608897949	0.883338257413557	13
-0.110738402120268	0.412983268292957	13
0.107877374036973	0.874440134071671	13
-0.047556338855521	0.709229792951187	13
-0.066738277342507	0.581564426443915	11
-0.07866826754496	0.597930517021474	11
-0.084567988355036	0.603996680995062	11
-0.099519116694477	0.335427243667712	40
-0.00331326666967302	0.612861213342455	11
0.124596163188281	0.391964324323106	202
0.109658093055625	0.193682993386016	11
0.108508617766097	0.18973330924381	36
-0.053483547886427	0.163543065590241	36
0.069555999114672	0.479509816585532	11
0.00664117934713804	0.455325255469866	11
-0.088389283853582	0.240481552735814	11
0.024645032728421	0.368249874561201	591
-0.058851985246589	0.157000954192857	34
0.01431676456722	0.253211855221994	105
-0.044204511457119	0.247222573796498	105
0.103073749125873	0.278100429591318	110
0.016910638352521	0.262955097225191	246
0.017123773080375	0.261475350286528	246
0.021237259107551	0.26768672086228	246
-0.05269375213788	0.164143493470563	4
-0.055956771070157	0.157344630340008	4
0.098508508821073	0.276082141118485	68
0.10320803681388	0.281778725345855	68
0.106261717682182	0.192838259478629	68
0.106261717682182	0.192838259478629	167
0.103885329091052	0.191922454954812	167
-0.055267300543933	0.158939031402633	167
0.00170173493469095	1.00105474598748	2
-0.119972338291702	0.333189632961663	2
-0.122497182077361	0.59227188311457	2
0.035746280090154	0.469016575964881	2
0.017451584182219	0.514702229700524	212
0.0249840901806701	1.39510278160473	538
0.079923535930044	0.795737854023455	26
0.037694814368722	1.06369882899747	26
-0.032147412302339	0.815503274202712	26
-0.122897327288954	0.511816992119551	26
0.020886441778493	0.687319727372688	13
-0.051786940603535	0.894047755177946	13
0.123106591730461	0.66464727779719	13
-0.071760723133062	0.674189952255932	13
-0.072591764674145	0.713501372775045	13
-0.111712548620279	0.411955063274694	13
-0.011662149253315	0.775935415108802	13
0.015456370876711	0.805993893462317	13
-0.000508864933303987	0.848114561103898	13
-0.104445354689769	0.47396905650213	13
0.027324011019521	0.626969245810296	11
0.02502181525754	0.863334627077138	11
0.072820323123809	0.876253109716624	11
-0.081230248168846	0.672840533612224	11
0.111326085393535	1.05658015123204	40
0.105326892600321	0.193060090298176	11
-0.085458464662581	0.245433277409906	11
0.031961267378153	0.364583506552384	11
-0.113483316852929	0.425015097456687	11
-0.090604715293519	0.241178532310952	11
0.0625085388277971	0.478640750736176	11
0.11664583977958	0.376710640351026	11
-0.05703527592797	0.157085368414133	36
0.10006422732144	0.487897539602647	11
0.10778529414349	0.193560761266531	11
0.104084301793186	0.282699508965466	11
0.102465766645332	0.279374152525266	87
0.103553459565479	0.280232576618374	34
0.103885329091052	0.191922454954812	86
0.060283107323574	0.378704858853027	105
-0.082208887473027	0.248915850794463	105
0.107061651358987	0.188640562085449	4
-0.00820402937155301	0.358463192734626	246
-0.054273779065557	0.159335456313377	246
-0.053608043803381	0.163248539578346	4
-0.050711630521416	0.160705257369509	4
-0.040284535316779	0.255406403236934	246
-0.048881979633417	0.164035286059591	4
0.107997354893613	0.191805636940902	4
-0.048218437671463	0.161293793899037	68
0.106261717682182	0.192838259478629	68
-0.053608043803381	0.163248539578346	68
-0.05269375213788	0.164143493470563	167
0.108262673357259	0.284288120731487	2
-0.045353403709779	0.597056885242049	2
0.063203344218504	0.376792310511366	2
0.023279146796702	0.370043303568374	2
0.037030721259227	0.469831021462104	2
0.044238486095429	0.538584791231791	212
0.10798355819914	0.466918704186162	212
-0.119337326311744	0.530491583012229	26
0.017545305237021	0.888953015824723	26
-0.093107223379984	0.578685480444724	26
-0.064783507776606	0.522279664927551	26
0.064756238331985	0.37921807587605	13
0.000727483802676954	0.898935672841929	13
0.110602768105643	1.04054406531494	13
0.085708383027643	1.29155729226435	13
-0.076194687540065	0.615646525201627	13
-0.061127726101872	0.604133911077911	13
0.0729998046349291	0.548026049855176	13
-0.106319088875193	0.59353325305521	13
-0.0567503341506	0.638288086213442	13
0.118877253545003	0.388543902033477	322
0.018767239220096	0.261554448956454	11
0.060963072045115	0.703311418099976	11
-0.084681154810507	0.247728707908133	11
-0.027941780259426	0.242494022313325	11
0.018159904579824	0.262328204106373	11
-0.07991118711321	0.342450783817747	11
0.098952681887659	0.190014654245685	125
0.098952681887659	0.190014654245685	36
0.098639552874962	0.276248356719227	11
0.012333883650012	0.357291851545223	11
0.104818692519225	0.191704651936722	11
0.110159178614907	0.359752687116329	11
0.063681156960401	0.361975597462717	11
-0.03495814616667	0.250329501938204	11
0.120653121484137	0.380100343672379	11
-0.053483547886427	0.163543065590241	11
0.104818692519225	0.191704651936722	87
0.102951892153332	0.187666021664002	87
0.017373563713346	0.359803628435292	34
0.056844291674669	0.352336989309243	246
-0.056128837968415	0.153934158140147	246
0.106261717682182	0.192838259478629	4
0.096889739438217	0.272561524978423	4
0.103885329091052	0.191922454954812	4
-0.048881979633417	0.164035286059591	68
0.104606269196918	0.197131496894388	68
0.103885329091052	0.191922454954812	68
0.106261717682182	0.192838259478629	68
-0.049007088152211	0.164550979721028	68
0.102465766645332	0.279374152525266	167
-0.051904391362073	0.160861783334034	167
-0.044371370507138	0.58079714023853	2
0.097874083560232	0.46688569272283	2
-0.091794464954274	0.418532645797681	2
0.039940129949758	1.46281003890623	538
-0.023441642038639	1.14125299179892	538
-0.035418517466401	1.00636597757182	538
0.073317520705392	0.637684335935988	538
-0.120411030682829	0.311775942493217	26
-0.042731192829033	0.609665216716254	13
0.027897314455486	1.20097326906472	13
0.047503008245293	1.21892353341162	13
-0.120277195015993	0.69436156013534	13
-0.113656035053153	0.65932199766386	13
-0.041218230259418	0.739893002017727	13
-0.103984926642481	0.587474899523643	13
-0.069849819226846	0.591527424919053	13
0.073733400836597	1.29389130370115	13
-0.079949388473605	0.343010249864771	11
-0.065383880451469	0.674260002785445	11
0.115736601710916	1.27425538258132	11
0.049370723693934	1.00184954304916	40
0.072987463260083	0.79944355723014	40
-0.122107295384523	0.240885094758832	11
-0.036375756225549	0.253235280460088	106
0.03500900293798	0.699126241689314	11
-0.017148126539089	0.659014223810827	11
0.012732315210938	0.46586952479684	11
0.124369465535433	0.389655562070503	11
-0.067166799116925	0.329829835033713	11
-0.038920425004461	0.362315570531562	11
0.105540363795595	0.196883836529778	36
-0.061345776478029	0.152743097998327	11
0.017526550376308	0.263529441493889	11
0.114301245316086	0.373407557531854	11
-0.105617771537167	0.327904136173684	11
-0.091273268154702	0.344680678618466	11
0.039799639163402	0.458596983117746	11
0.017873782962933	0.260048851949519	87
-0.049796172893354	0.163954801888234	105
-0.114091259115668	0.241089793038116	105
-0.019251865012485	0.344640154891778	105
-0.116048146909427	0.342921102425025	105
-0.093408299553404	0.353677667869376	105
0.051357503350646	0.348131838060155	34
-0.054478723911809	0.159509279653994	4
0.105326892600321	0.193060090298176	4
0.023612733426401	0.346632798040201	246
-0.060166802260923	0.347537734179126	246
0.105540363795595	0.196883836529778	4
-0.043305488157295	0.24918062892844	4
0.055644348801654	0.366131613304238	246
-0.049007088152211	0.164550979721028	68
0.109658093055625	0.193682993386016	167
0.105540363795595	0.196883836529778	136
-0.067162641379605	1.24311672124361	2
0.05470945859413	0.36371705070241	2
0.024549008025739	0.539370608937898	212
-0.076952746351065	1.02946245511295	538
0.057476069771453	1.44385136042937	538
-0.077904899217653	0.898091724145746	538
-0.112395149058041	0.789488349536615	538
-0.07473178495698	0.414243388571409	538
0.100755103830534	0.728831780803815	26
-0.051508923127211	0.88404864273358	26
0.054886227046965	0.698623203915394	26
-0.032858015593134	0.648427017779518	26
0.115895939878252	0.973488896805402	13
0.044624015560502	0.547140504694742	13
0.120531411261378	0.667588563213756	13
-0.04295969037241	0.558675899307691	13
-0.074045654053751	0.440313920458704	13
-0.104687189282921	0.811961723510953	13
-0.029498281787125	0.876899137499127	13
-0.057782845167519	0.433332217991382	13
-0.00518835918621602	0.762162016318669	13
0.006353625708579	0.978784839850773	13
-0.025898834297008	0.74562749746983	13
-0.113791265860816	0.500902039619469	40
-0.053320202317053	0.567158260103099	11
-0.053377967866984	0.700452102056094	40
-0.105059568496855	0.482166186754486	322
-0.039116483310901	0.251648389849684	322
-0.092224289518589	0.235001340007027	11
-0.050866334334427	0.159845968273198	11
-0.089166550156429	0.23831088639759	106
-0.062853431035502	0.598486867410819	11
0.0227058779104991	0.61784380457788	11
-0.071816045530284	0.498777434370045	11
0.056538273893064	0.735310487561948	11
0.026565103449644	0.250611037603139	11
-0.05269375213788	0.164143493470563	11
-0.049922319184628	0.161280171398461	125
-0.050866334334427	0.159845968273198	36
0.106443369145996	0.275073792013536	36
-0.052819754606688	0.160006763411687	11
0.05700571871632	0.457682540046849	11
0.029449910638037	0.461773078388675	87
-0.022071154983018	0.532111836312765	87
0.109445790014745	0.192936241963981	87
-0.054273779065557	0.159335456313377	105
-0.035603142787189	0.25489489088347	105
0.009807640785512	0.458933460836922	105
0.03451496203213	0.456368587074745	105
0.00884734378672003	0.345747473301225	34
-0.051779414584004	0.163302427940867	110
0.0135626425447239	0.258100856768668	4
-0.040284535316779	0.255406403236934	246
-0.079145052308519	0.249171533661285	4
-0.05269375213788	0.164143493470563	4
0.103342170174344	0.280281513622501	4
-0.053608043803381	0.163248539578346	4
-0.051779414584004	0.163302427940867	4
0.019592172975421	0.261779266778194	68
0.104391995793308	0.188752160600622	68
0.106261717682182	0.192838259478629	167
0.0277462222224391	0.265274260150758	167
0.098952681887659	0.190014654245685	136
0.108721732381752	0.196947833793611	335
0.121721665818323	0.378779383295531	2
-0.032259541846523	0.253479835379126	2
0.073796537195993	0.549710886160781	2
0.12301242215388	1.6398760048939	2
-0.03304027566902	0.338430850718017	2
0.060908998015206	0.450638034522374	2
-0.031318586017269	0.524068562816128	2
0.095689065113602	1.18876784011458	538
-0.104854717187497	0.475442118332313	538
-0.106266800521845	0.57847201353448	26
0.00550021352636598	1.03170820392919	26
0.00497187013453304	0.846098409430183	26
-0.085783032989486	0.422207138925903	13
0.012604611197189	0.975227303882611	13
0.098764868863456	1.17131042250501	13
-0.058522017999025	0.616811669642721	13
-0.11069281818893	0.337514521344585	11
0.101895327409582	0.923244395342028	11
-0.00265705010460399	0.868756186091545	11
0.02252466456615	0.852832397718762	40
-0.021890784086207	0.422949007069062	322
-0.110856902079062	0.242687719038931	322
0.026830498863921	0.547777072160245	40
-0.089257225655824	0.345277006231035	40
0.094669686346025	0.261205102139394	40
-0.00884115901349197	0.521844621985469	40
0.107596858382192	0.273857918990725	11
-0.00230334907386098	0.363228770408394	11
-0.05382803350114	0.504721560765348	11
0.034765217640515	0.696651423952015	11
0.103016091580605	0.497057340624748	11
-0.00840428205168697	0.445694000261101	11
0.108733228497637	0.277414284275537	125
-0.040030599192698	0.251928006773564	125
-0.055267300543933	0.158939031402633	70
0.124740337123773	0.388445958412044	11
-0.080839914194819	0.352458031057057	11
0.098387256945753	0.665756335543294	87
0.10367210198169	0.19256980157576	87
0.018016970730962	0.26300254652303	87
0.018507310371517	0.359084666577342	4
0.064275228099552	0.463153237774961	105
-0.082850348713111	0.345902829216562	105
0.0654681226549591	0.470026317351233	105
-0.064653746792528	0.334249625315132	105
-0.080513584326597	0.2463075988535	110
-0.081122621183627	0.244882343521584	246
-0.051501376772247	0.156730919067644	4
0.105702127406654	0.281073847180921	123
0.119930530002702	1.03416898433051	2
-0.108045995106978	0.933175331190836	2
0.008266420777575	0.542492137466762	2
0.08167190931867	1.48284999143044	538
0.012286406554332	1.30047420508818	538
-0.049262527057701	0.824806406490014	538
-0.024528767151546	0.992974980637205	538
-0.093764943693596	0.324179835681733	538
0.00558775884329199	0.989532202828314	212
-0.11298742842576	0.686868026952792	26
0.105764347251262	0.901992647780564	13
-0.100852848993989	0.831051472475653	13
-0.070404527422254	0.884332060791718	13
-0.021663554811396	0.835733145565271	13
-0.054798574471167	0.787327702763968	13
0.085469425259897	1.15089068796227	40
0.030430430068209	0.549799889204591	322
0.064138138946648	0.377915744771313	322
0.124596163188281	0.391964324323106	322
-0.056673119635414	0.575195694248159	40
0.024309643818627	0.256251128211614	106
0.038080219922446	0.547805090306422	11
0.00573275692071196	0.455163264148578	11
-0.070350413398091	0.340107114850402	11
0.094046313372677	0.476288530134671	11
0.104606269196918	0.197131496894388	11
0.105751979905555	0.18742080585834	11
-0.058734086718589	0.160049362864785	36
-0.054273779065557	0.159335456313377	70
0.026882292607078	0.682111371386133	70
0.104606269196918	0.197131496894388	87
-0.054396748347095	0.162653299830411	87
0.104818692519225	0.191704651936722	86
0.109609642871664	0.279634542586072	447
-0.088389283853582	0.240481552735814	246
-0.120781435374334	0.233912165646116	246
-0.038486148490711	0.257198126986689	92
0.110621690747203	0.283757045944347	4
0.106261717682182	0.192838259478629	4
0.104391995793308	0.188752160600622	136
-0.078604315759685	0.605563859069167	2
-0.037274154656865	0.250484347038109	2
-0.092889225453468	0.433071791126828	2
0.050058038023251	0.55500088750171	2
0.024645420609697	1.24862427774614	2
-0.048369948244843	0.910537329461497	2
0.036952724504694	0.443113732806707	2
-0.015587335016741	0.5118348304632	2
0.095865455804698	0.854903995468801	26
-0.006245842655898	0.827060000903022	26
0.052031068532976	1.00833159702597	26
0.057140304967866	0.701717091981365	13
-0.029201782910535	0.451003190037928	13
-0.103129112790904	0.426202369708319	13
-0.118049136255897	0.635336755422178	13
0.061006366311787	0.70403457287842	13
-0.116391328354775	0.582555562391177	13
-0.105354313472243	0.608281353903746	13
0.071807757595065	0.544341773128171	322
-0.066263140172832	0.426678604519223	322
-0.119150339894798	0.235924294095218	11
0.074929987147658	0.373702008727086	11
0.028365662128032	0.5521139192912	11
-0.112825976963836	0.240844603584267	11
-0.059643305699675	0.159185418917069	125
-0.045342344711426	0.252455702334459	11
-0.019253783031714	0.445350381093646	11
-0.013928966495884	0.58126609550168	70
-0.068574449096918	0.331327571662533	11
-0.087910691817523	0.352666412799979	11
0.105326892600321	0.193060090298176	87
0.104606269196918	0.197131496894388	86
0.113792811702463	0.279241925669222	34
-0.118542930824909	0.244111673308143	105
0.015994276814617	0.350649358216991	105
-0.048093121830906	0.164630247528037	4
0.106474383247089	0.192269360452443	92
0.055644348801654	0.366131613304238	441
-0.051779414584004	0.163302427940867	4
0.102599662308661	0.273002355761535	68
-0.045180889859327	0.159913593878102	68
0.106261717682182	0.192838259478629	167
0.104606269196918	0.197131496894388	167
0.108721732381752	0.196947833793611	136
0.110382885599145	0.189869757277567	136
0.105540363795595	0.196883836529778	136
-0.095332747206021	1.3711227082792	2
-0.065049141936748	0.349400774332149	2
-0.033643715114711	0.600103902251474	2
0.023540797790502	1.05472649277101	538
-0.098954605345373	0.67134794971861	538
-0.019429246778966	1.11094305245689	538
-0.033700476997875	0.522665290557129	538
-0.091171264492999	0.706523306533439	212
0.017067575360746	0.731521373132969	26
-0.121407421362143	0.734796480166541	13
-0.01067523109139	0.939078248852959	13
-0.012812238061564	0.914719625240107	13
-0.088548861236319	0.625847020775927	13
0.068158730930257	0.370500148267257	11
-0.048516181397424	0.348910222617088	322
-0.123457870310404	0.344882156490199	322
-0.070154595036564	0.342940991534166	40
0.0210950807896571	0.265624108150651	11
-0.072458237818949	0.346214296497309	106
0.062593318216692	0.763760498816265	11
0.092110994243252	0.725263876537329	11
0.00447014292755799	0.45423897822328	11
0.120018868860289	0.377887490440612	11
-0.054396748347095	0.162653299830411	11
-0.043480449066174	0.158610274536396	11
0.108721732381752	0.196947833793611	11
0.114807546212255	0.348646388803609	11
-0.062876124507239	0.346576962574378	11
0.108733228497637	0.277414284275537	87
0.10367210198169	0.19256980157576	87
0.10367210198169	0.19256980157576	199
0.020556021233216	0.260455862929708	186
0.075862882846655	0.369087365410637	186
-0.116217911891595	0.242740872903053	186
0.108625508365314	0.487760756130488	105
-0.117936329027925	0.245327283242083	105
-0.049671271955906	0.159866625787245	4
-0.05269375213788	0.164143493470563	447
0.112309760744928	0.366712128989232	92
0.021988792302724	0.268514362548403	92
0.011773950423479	0.253513898016455	92
0.012808157623756	0.258676460932716	92
0.120942579040036	0.376351746928114	326
-0.05703527592797	0.157085368414133	4
0.122894044494142	0.388313864335584	349
0.109445790014745	0.192936241963981	123
-0.049796172893354	0.163954801888234	68
-0.04718042661014	0.161705523270959	123
0.105326892600321	0.193060090298176	136
-0.015770183616823	1.54857048441582	2
0.00451671682856203	1.86209589148088	2
-0.012974192804217	0.725681543893077	2
0.076077545452224	1.02962151858718	2
0.101818590555195	0.57318941938778	2
0.013678235158579	1.11606227606053	538
0.076314117057679	1.51734520206526	538
-0.114895508079122	0.591029300113462	26
0.021913031852452	0.960145312386146	13
0.100957571294509	1.47521273643057	13
-0.07086442847022	0.844387876284843	13
-0.097301644699032	0.73017621011295	13
0.00632865632054203	0.814372089033594	13
-0.054164510574729	0.65950180594925	13
0.042457855890716	1.01148652791911	13
-0.096845857710857	0.480314783826954	11
0.114090977876056	0.368255325452013	322
-0.061770247948351	0.523195807462891	322
-0.028990672870601	0.653018158895501	322
-0.120636109431588	0.345178532420164	322
0.097895482917508	0.270125663909549	322
-0.049007088152211	0.164550979721028	11
0.028498821445863	0.263846545482656	106
0.069668198169498	0.807065147379461	11
0.0617242601314571	0.791872512368445	11
0.042987172019524	0.693572413017116	11
-0.073595653237573	0.327099402551316	106
-0.00176066316152901	0.611033402829739	11
-0.113783815715465	0.351613798705715	11
0.104818692519225	0.191704651936722	11
0.105540363795595	0.196883836529778	11
0.107992218193391	0.283519262852047	11
-0.087680933887421	0.249142837322621	11
0.065061440627341	0.54093627644189	11
0.018159904579824	0.262328204106373	11
0.104606269196918	0.197131496894388	141
0.104520427947928	0.477144690655229	11
0.104606269196918	0.197131496894388	87
0.105326892600321	0.193060090298176	186
0.108868771561863	0.28586578728005	186
0.10314005793776	0.483046753100019	105
-0.085284130668206	0.233398857335129	105
0.069532568818159	0.376542442885573	92
0.109004155777126	0.286758401658841	4
-0.052568984511295	0.162709811063589	4
0.104818692519225	0.191704651936722	68
0.103885329091052	0.191922454954812	68
0.109658093055625	0.193682993386016	136
0.0533499069241	0.445874216146938	2
0.083655885672527	1.24471143922908	2
-0.061231627587583	0.504458158476177	2
-0.112603330100584	0.577406043461735	26
-0.116620878725626	0.594382092017669	26
0.121986577781762	1.07745570639498	26
0.093719643949062	0.996947325683664	13
0.00127714033047599	0.947738463263833	13
-0.079697316115808	0.354450777329439	13
-0.08754994630736	0.578882192258904	13
0.029433031121438	0.824540885485074	13
-0.063541103568198	0.563476628953563	13
-0.077818726756848	0.630310336581212	11
-0.118078783567247	0.436296297398507	322
0.104543769473223	0.575896716605283	322
0.0136053959856161	0.358265469980298	322
-0.041758120845902	0.437679893205607	322
0.024385627206706	0.262097086060961	40
-0.115848764677325	0.246995585933289	11
0.102735681111228	0.667806631944452	11
0.075581471598105	0.559884213409533	106
-0.052378864953716	0.511800357583458	11
-0.113971370584629	0.413623914044176	11
0.093382729911212	0.736810074424781	11
0.096792786045307	0.487685109886547	11
-0.053483547886427	0.163543065590241	11
0.012441604308061	0.251361788392157	11
0.099882495694625	0.189802499735134	11
0.11231124831146	0.277687092498273	11
-0.047323329438653	0.246603660460071	11
-0.024737423254241	0.455031718970068	87
0.109609642871664	0.279634542586072	87
0.108721732381752	0.196947833793611	87
-0.050711630521416	0.160705257369509	87
0.110485995026444	0.279713897888028	186
-0.118599969428247	0.233376067007461	186
0.019661318511585	0.261685614130458	105
0.098225217898773	0.189702995214788	4
-0.083846317993193	0.248115335859564	711
-0.048881979633417	0.164035286059591	92
-0.05703527592797	0.157085368414133	326
0.105540363795595	0.196883836529778	4
0.109658093055625	0.193682993386016	4
0.107997354893613	0.191805636940902	123
0.109880723097922	0.284558081937262	68
0.098225217898773	0.189702995214788	167
0.102132045563891	0.186772939024416	136
-0.09947675845122	1.64484808933834	2
-0.087280493436138	0.740999984964428	2
-0.07794766516859	0.83220547607092	212
0.093128062298829	1.1506572815367	212
-0.116400258807568	0.54799714948305	26
0.025668293236791	0.861039061000061	26
0.0311080013951029	0.699638151444971	26
0.108050230565069	0.67038977954447	13
-0.102387360208148	0.622610705348438	13
0.079198090867715	1.00263705774008	13
0.039285932706892	0.795780624439794	13
-0.104718052755817	0.486170011543075	13
0.078757126599873	0.854731326261087	13
-0.015854905033554	0.645246796091151	11
-0.022684906026838	0.748959528092381	11
0.085848899447731	0.855725600348357	40
-0.114930506834408	0.534451768026471	322
0.07501185914831	0.876553750195986	11
0.067240083255749	0.557699845501508	11
-0.012601513812711	0.525674887841448	106
-0.056128837968415	0.153934158140147	11
0.018767239220096	0.261554448956454	11
-0.115127490993046	0.244067793191485	11
0.123817037083385	0.389354807469779	11
-0.026668248584072	0.486608256369839	11
0.11664583977958	0.376710640351026	11
-0.044846639575421	0.247537252279387	11
-0.09105473176515	0.33652904395968	11
-0.085296683812483	0.331718314682341	87
-0.048093121830906	0.164630247528037	87
-0.049007088152211	0.164550979721028	87
0.101401847638128	0.186470065336974	87
-0.053483547886427	0.163543065590241	347
-0.057826140931256	0.159256179767351	347
0.10657813923661	0.27833582291475	186
0.108127525175118	0.286693576818328	186
0.110621690747203	0.283757045944347	4
0.02685080837494	0.265098898670484	4
0.105540363795595	0.196883836529778	711
0.094669686346025	0.261205102139394	4
0.021845994723162	0.264148445478782	4
-0.051779414584004	0.163302427940867	4
0.105540363795595	0.196883836529778	4
-0.051655678099507	0.159279307936694	167
0.109658093055625	0.193682993386016	136
0.10367210198169	0.19256980157576	136
-0.04998570667309	0.325944453526044	2
0.113324322859407	0.264981443442613	2
-0.116738751943724	0.664234055049164	2
-0.106038951282178	0.726514117066374	2
-0.061329146312074	0.672348272152183	538
-0.046167972681846	0.670140175764192	212
-0.073388428060701	0.686869047848415	13
-0.043591799473563	0.498541626263803	13
-0.085599631225082	0.245630752587527	13
0.059793767413173	0.98308711448941	13
0.115921097368929	0.976097223307006	11
-0.10670537497991	0.505649096671585	322
0.061855438891651	0.465388411120272	40
-0.046595388708851	0.336028845240621	11
0.070375216245874	0.565152695716073	11
0.00649439863305001	0.539789733454584	106
-0.081528061244466	0.54587819386345	106
-0.078097727092276	0.344485196306821	106
0.095480777421451	0.654004498394601	11
0.0377200709704501	0.548286231878261	11
-0.039239962057514	0.518776183305841	11
-0.112268227269546	0.24453618989246	11
0.0651220921939371	0.605711681078703	11
-0.089024932858526	0.234882103124244	11
-0.119691266325041	0.235985159704769	11
0.111145001159602	0.496338156314184	11
-0.048350457254705	0.247008175803063	141
-0.081520005162598	0.35266748192982	141
0.101401847638128	0.186470065336974	87
0.109658093055625	0.193682993386016	347
0.104391995793308	0.188752160600622	105
-0.052568984511295	0.162709811063589	105
0.021625250599255	0.260955703189356	4
-0.117004852828741	0.244512913228593	4
0.018422313865966	0.264498726595568	4
0.012667984896332	0.256609713537138	4
0.105567437742641	0.275833872482907	92
0.106261717682182	0.192838259478629	92
0.104606269196918	0.197131496894388	92
0.105540363795595	0.196883836529778	328
0.104606269196918	0.197131496894388	167
-0.046168953772893	1.51474195899126	2
-0.047822691577239	1.53842561502935	2
-0.023851114058083	1.6171313212958	2
0.099196755476943	1.94880904053571	2
-0.123045686144137	0.526236035323746	2
0.099999307510462	0.473583117952403	538
-0.00839856162721497	0.355881469392369	538
-0.092887743027808	0.870136102141015	538
0.043048818917528	0.671110416774617	538
0.016681738073413	0.74566774274954	538
-0.09967506368772	0.749972943621357	212
-0.013097019353783	0.741070237263036	13
0.01170032993849	0.34642436778054	13
-0.00425135413837102	0.341068215997268	13
-0.048350457254705	0.247008175803063	13
-0.078343995042594	0.431426451364758	13
0.101589308149063	0.276517439692724	13
0.093178797485331	0.260170888854096	40
-0.014117399015947	0.366168598658535	40
-0.061568774797175	0.842665609795062	11
-0.080513584326597	0.2463075988535	11
-0.106925590179416	0.608956055420686	11
0.093941213355616	0.475264857124727	11
-0.106225930367109	0.586324896435651	11
-0.014737132470179	0.447945819015501	11
0.107061651358987	0.188640562085449	11
0.0692160043400441	0.376396694502555	11
-0.053608043803381	0.163248539578346	141
0.105540363795595	0.196883836529778	11
-0.044392747678128	0.160472883725614	87
-0.010510385797203	0.592688576179656	87
0.021566453544363	0.363327094431634	347
0.016524576390001	0.367860161775571	186
0.037314260201572	0.474365627228181	4
0.088482664509456	0.635598658518522	4
-0.107327318448347	0.477412943266336	4
0.0583338359761461	0.362218540557038	4
0.106474383247089	0.192269360452443	123
-0.044692442425313	0.248749411943274	167
0.107250832690915	0.284325648817411	167
-0.038660747496259	0.655011361318503	2
-0.027702391631845	0.816668268251268	2
0.035516441562458	1.00155133174037	2
0.00708177078808703	0.765634103046841	2
0.014696376588353	0.830097753267585	212
-0.039806168872754	0.593968264291892	538
0.096679527074048	1.03796524477317	538
0.060514902571251	0.772556058838584	26
-0.035095754901814	0.776601884261548	26
-0.080448942560346	0.568161349068667	13
0.056105799280578	0.618572882036778	13
-0.073489269769177	0.597895326869504	13
0.017878329822012	0.803632205582518	13
0.116928431280919	0.904440978088596	11
-0.090502107596382	0.426482633997389	11
-0.096210178805312	0.562305399888789	11
0.049316339719803	0.636573072810656	106
-0.108113553101634	0.513035337267141	11
0.092362756422722	0.643862693739965	11
-0.050621691063935	0.508722738761751	11
-0.052385566845646	0.350479124063632	11
0.040553427452687	0.754141614573574	11
-0.112014302325892	0.507022332848116	70
-0.061329432256897	0.355919547776392	11
-0.040558402317341	0.355628906360375	11
-0.114895933102104	0.325696968355831	11
0.121471364614456	0.652651016508198	141
-0.021523046119811	0.354029740096893	87
-0.12429777582673	0.344119123307031	325
0.059221464169126	0.444716792351648	347
0.092993381823669	0.473541922252015	347
-0.113869468866623	0.339175689044388	186
0.105326892600321	0.193060090298176	105
0.103073749125873	0.278100429591318	105
0.099383244999364	0.276978097840754	105
-0.055921911651674	0.437691175971009	4
-0.113417382250155	0.338154481751127	4
-0.060435063269249	0.156174210742552	266
-0.05518586866497	0.158492564541135	266
0.098508508821073	0.276082141118485	4
0.104606269196918	0.197131496894388	4
0.0167954719140691	0.351698865818811	4
0.106474383247089	0.192269360452443	213
0.023634554881356	0.267965507910143	68
-0.044974667547525	0.2471944075548	167
0.099154292262728	0.189491588058777	136
-0.048218437671463	0.161293793899037	136
-0.07296772853546	0.800705028463185	538
0.058417003168291	1.22049242797449	538
-0.047310423038947	0.585338947660994	296
0.061464316484511	0.771486975397798	212
-0.122643886991739	0.586558113478075	212
-0.097000498664037	0.567705432822216	26
0.039678175313608	0.863895221316169	26
-0.053848500509807	0.85460030864573	26
-0.114349067404383	0.563869314962142	26
-0.067464910505733	0.648701807916001	26
-0.069998131321305	0.510085060286783	13
-0.038246967468282	0.573461279930164	40
-0.100386220838665	0.351466499182355	40
-0.071515744187571	0.612915648813521	322
0.074531478389646	0.907554957000058	322
-0.100612301846834	0.328887753664508	40
-0.096981810292722	0.350239960172918	11
-0.124714175024231	0.341118071293884	11
-0.083789547760478	0.343541155563023	11
-0.044301522505161	0.518463025180286	11
-0.110664656462591	0.325307413566908	106
0.044131658690691	0.466553982334903	11
0.119658850220857	0.389725573001474	11
0.011913760001184	0.257174825088047	11
-0.054396748347095	0.162653299830411	11
0.0198052350813011	0.261872713578516	11
0.024529763608477	0.267278940104342	11
-0.053608043803381	0.163248539578346	11
-0.052430450251128	0.338239066842872	11
-0.00995161232251002	0.517884812285391	70
0.111228169629957	0.358717203116729	11
-0.043480449066174	0.158610274536396	87
-0.053483547886427	0.163543065590241	347
0.110382885599145	0.189869757277567	4
0.097633711556982	0.273276100835523	105
-0.052819754606688	0.160006763411687	4
0.1130522174423	0.27998905425123	4
0.110556835876372	0.270827071912285	266
0.011992972397462	0.343367437256988	4
0.112859682677412	0.189242933859174	44
0.109445790014745	0.192936241963981	44
0.105540363795595	0.196883836529778	4
-0.054396748347095	0.162653299830411	50
-0.05269375213788	0.164143493470563	50
0.104606269196918	0.197131496894388	328
0.017526550376308	0.263529441493889	167
0.104818692519225	0.191704651936722	167
0.099154292262728	0.189491588058777	136
0.114913447740639	0.745133062988548	2
0.048620018701763	0.767032249274421	2
0.00753815792622703	0.611444699718578	212
0.047953773316725	0.711417570243824	538
0.119281226177202	0.929004539005526	296
0.109473242139721	0.66484467960648	296
0.049983807500637	0.547649750536998	212
-0.056185955953674	0.656117638935035	212
0.104391118454534	0.48774221127005	26
-0.04681188438306	0.679181259463755	13
0.0427642366923801	0.707964801920288	13
-0.114204818948429	0.404158321938087	13
0.077279991815212	0.577827538974344	13
-0.115115464730113	0.511614418065803	13
-0.0729973725245	0.505122202774267	13
-0.014318762273756	0.448690733852735	13
-0.057546583884056	0.602129544565977	13
-0.033901416621291	0.59803401609024	13
-0.1195122804539	0.334444673232608	322
-0.056651052195058	0.411500830188672	11
-0.086477439998072	0.23895538781309	11
-0.039958737681948	0.346960363466867	11
-0.093310605402218	0.34540611670609	11
0.047444254441635	0.554177172050675	106
-0.091964090702615	0.332266921444455	106
0.057714000656854	0.568502825067897	11
0.103885329091052	0.191922454954812	11
0.020756345678148	0.366521377596468	11
0.018853570513376	0.36790372194839	11
0.0227399653763271	0.266992038615147	11
-0.088389283853582	0.240481552735814	11
0.059330265509315	0.36356379569845	11
0.114158386158733	0.376065402721112	87
0.104606269196918	0.197131496894388	87
-0.053350271499238	0.158369716511849	347
-0.053483547886427	0.163543065590241	695
0.103949930977753	0.280985884086667	105
0.013201513656901	0.252047912950718	4
-0.049796172893354	0.163954801888234	266
-0.055047950567545	0.160476366144499	266
0.104606269196918	0.197131496894388	4
0.015481087799036	0.257506042614489	167
-0.047198003961195	0.754281477440796	2
-0.01470297896028	0.606363761973746	2
-0.099397434045825	0.519373411336624	2
-0.087955082381695	0.788054163310139	2
-0.062037038333666	0.571869627028452	2
0.049551248836852	0.760892850167475	2
-0.081733337597046	0.55396342710127	2
-0.072371146422466	0.636776010929464	212
0.064622224579146	1.04583584345692	538
0.00775127045601598	0.875388057827729	296
-0.096289039675463	0.617939859300487	212
-0.110713592190147	0.428919835370956	26
0.00713293848545404	0.825601399661092	26
-0.116143322972577	0.420589371067631	26
0.116952592408958	0.827989453501009	26
-0.059245917222614	0.593386492363748	26
-0.07191592043113	0.530267232646648	26
0.050985578231935	1.03554458305254	13
0.0707962758291551	0.729005165758271	26
-0.038960446485446	0.518568192220156	13
0.066793406289108	0.794709857404801	13
-0.053812289955252	0.44211095285344	13
0.00779426661674398	0.535424284060617	13
0.064904675885394	0.854193303499257	13
0.0424712257404261	0.630938806134694	13
0.103621408805662	0.813865002999754	13
-0.072260336766986	0.472414962034584	13
-0.052876491245267	0.532046417274198	148
-0.012366541615822	0.520505473190066	40
0.012319770772902	0.695190102107093	148
0.036648184091192	0.876426102821854	40
0.108154486523895	0.713886627771978	322
0.011388857310657	0.464852815780411	11
-0.01920303237032	0.347185810889191	11
-0.050312536821117	0.355252649844338	11
-0.094857916282459	0.350604544555592	11
-0.013955047012804	0.42825485987134	106
-0.02561295364895	0.446627212212707	106
0.054414124517655	0.565962679009927	106
-0.024663267767188	0.530289322217169	11
0.059330265509315	0.36356379569845	11
0.102599662308661	0.273002355761535	11
0.091400097625058	0.568091892167043	11
0.041509503246417	0.611112784708083	11
0.070583851907279	0.368732066232588	11
0.015949063281214	0.368698845230478	11
-0.042640233086027	0.253060015768799	11
0.017666658326558	0.26511675217471	4
-0.043541387955504	0.254260042043757	105
-0.053608043803381	0.163248539578346	105
-0.051779414584004	0.163302427940867	105
-0.05269375213788	0.164143493470563	266
0.108868771561863	0.28586578728005	266
-0.054396748347095	0.162653299830411	266
-0.040668730035365	0.252092593854704	4
0.018136272082418	0.361939265153603	4
0.111920964376254	0.188915238265414	92
-0.057826140931256	0.159256179767351	123
0.102951892153332	0.187666021664002	123
0.102951892153332	0.187666021664002	38
-0.107476562767499	0.873829182546529	2
-0.06164377750801	0.646729944820463	2
-0.070674442205856	0.794665623213335	2
0.038553611361699	1.33811780323309	2
-0.071179524444208	0.689384016237498	2
-0.118305036053893	0.660332663994906	2
0.004828002191822	0.942865401325018	212
-0.03609852420395	0.904927066064498	212
0.062443510602577	1.09531683794569	212
0.062343767010234	0.951389957771398	26
-0.00638489410383902	0.948880907647137	26
0.031432080912374	0.740525335146194	13
0.06161599909816	0.925733175217056	13
0.064849944187411	0.873124106243928	13
0.00971850246761097	0.784604812588709	13
-0.103577102383433	0.643494443800441	13
-0.108531876077262	0.491753384633132	13
-0.043193995603118	0.672032759119465	148
0.077282449850648	1.04332845537878	40
0.067208745683245	1.08279350237213	322
-0.095754467218192	0.42537037605003	322
-0.047597080156811	0.43971293393278	322
0.032067582061422	0.463444154258008	40
-0.012468947220354	0.450255943576252	11
-0.017654875540061	0.717300036507715	11
0.027088357005415	0.698689378658557	106
-0.066935599390293	0.653166833756667	11
0.0686217118953359	0.481445856577693	11
0.00204750667019005	0.438871994775966	325
0.066116208627313	0.366735397773375	325
-0.084996869629406	0.240359017951454	347
0.022131329782766	0.268668256898077	347
-0.049671271955906	0.159866625787245	4
-0.094005635230365	0.237948021067896	105
0.097882604627445	0.470128613927978	266
-0.048350457254705	0.247008175803063	44
0.018507310371517	0.359084666577342	4
-0.114359933762119	0.244380140077891	44
0.012667984896332	0.256609713537138	392
-0.06660914455783	0.147162453417412	4
0.104606269196918	0.197131496894388	50
0.010169736409024	0.350188535078292	239
0.105326892600321	0.193060090298176	38
0.107061651358987	0.188640562085449	38
-0.053608043803381	0.163248539578346	149
0.102132045563891	0.186772939024416	136
-0.116583426740734	0.718974984546495	2
-0.098406911342382	1.12983287490007	2
-0.00115137180526598	1.11867049321127	2
-0.00206745009769699	1.29128443351985	26
-0.020667502193715	1.29379229176097	26
0.038432667518232	1.33680984972693	13
0.058837160967975	1.58619840067867	148
-0.026213202753899	1.19507990191893	322
0.065752449313908	1.15184435245393	322
-0.080712535387317	0.796546490407392	11
-0.030403971604795	0.706072644223892	11
-0.040552854399702	0.611254847823386	11
-0.067059863752939	0.517401993394354	11
0.044747901291866	0.789875029000582	11
-0.120460344783194	0.414856301251527	11
-0.07656794802103	0.433158446393797	11
-0.07418966034153	0.511981060049871	11
-0.076912190853994	0.669287354651873	70
-0.07537716262328	0.418891065940197	11
-0.01233361352017	0.503939015753567	347
-0.016289156353953	0.441838799645259	105
-0.122531341989657	0.343265593547968	105
-0.071242243960031	0.391594109192727	4
-0.074252673550363	0.405660867776456	44
-0.023650271290003	0.422691979779967	44
0.0135626425447239	0.258100856768668	392
0.103016091580605	0.497057340624748	392
-0.117063712991887	0.235097585678466	4
-0.013730177751872	0.357025207050827	50
-0.041183052339207	0.25211555775391	50
-0.072915130232547	0.358219165400017	4
0.058240764008066	0.358383552940197	38
0.025899565640885	1.22398532147958	2
0.00568165423897005	0.879385841137421	2
0.000841135323696007	0.699360441175069	2
-0.103130770051961	0.572566454719777	2
0.109509940528914	1.18613135960367	2
0.023755004504282	0.69690423548772	2
-0.092747723794303	0.354245292298207	2
-0.028087055228165	0.499793262682896	296
-0.061528908649679	0.516079930051135	296
0.091670005587952	0.715375279273237	296
-0.106726937946544	0.408237701046696	212
-0.12429777582673	0.344119123307031	26
-0.082399286920571	0.348291409827933	26
0.026740219253743	0.428775573528734	212
-0.051749652390715	0.440000643292289	26
-0.025849012849731	0.442525854906306	26
-0.113851394240625	0.424736648062664	13
0.051795558457964	0.564833959154584	26
-0.081264833284973	0.716794710597443	26
0.00713016325235505	0.429643542613091	26
-0.033615151110336	0.432961020478608	13
-0.050571030493937	0.340139072902818	13
-0.047370986672849	0.345293086847808	13
0.113456410588095	0.476623940386298	148
0.09904382806601	0.472401081679282	148
-0.01076082667881	0.456731716227749	148
-0.113236481323054	0.341186127979859	322
-0.018506254256349	0.345793797057559	322
-0.057405656944738	0.346146707952112	322
0.0625543691220361	0.545853580923404	322
-0.00652117710377398	0.684012292170364	322
-0.053702148202495	0.504077558329084	322
0.030302589495438	0.448556206510866	40
0.024040479222444	0.371273784851543	11
-0.112024071778831	0.244218405854	11
-0.122478730382352	0.230934666138565	11
0.0217553273882271	0.360399952006267	106
-0.039218273692681	0.35231053100535	11
0.056421695496206	0.366015397753046	11
0.022935095215993	0.365893980690302	11
-0.112429530573902	0.24516220920858	70
0.10367210198169	0.19256980157576	11
-0.039836072618882	0.35755398829429	11
0.020343806985392	0.264811577150298	11
0.021845994723162	0.264148445478782	347
0.105540363795595	0.196883836529778	347
0.112131845898629	0.184670438488535	4
0.024820841676662	0.25095440669021	4
0.105326892600321	0.193060090298176	105
0.108721732381752	0.196947833793611	105
-0.050866334334427	0.159845968273198	4
0.097296057013888	0.185511797708221	4
0.10367210198169	0.19256980157576	4
-0.052568984511295	0.162709811063589	44
0.110382885599145	0.189869757277567	4
0.105326892600321	0.193060090298176	50
0.104818692519225	0.191704651936722	50
0.110382885599145	0.189869757277567	50
-0.049007088152211	0.164550979721028	50
-0.053483547886427	0.163543065590241	239
0.106474383247089	0.192269360452443	62
-0.086537354144648	0.421214226056954	2
-0.058177050739465	0.352415775471368	2
-0.08499869911436	0.490909600418356	2
0.115236691917077	1.23416081535272	2
-0.122626740925762	0.523827064661892	2
-0.092027727237944	0.643591539058598	296
0.000479557056898949	0.75939129115279	296
0.107774107532674	0.490970376530912	296
0.011031867633347	0.534144243456364	212
0.018612438377055	0.611260783835843	212
0.058649123305461	0.454657906416856	212
0.088123144102368	0.742704002511512	26
-0.061575155078185	0.398546844503449	26
0.042305974644567	0.476488738840802	26
-0.071548559603875	0.498513898014624	26
0.032031638415067	0.449072015716244	13
-0.122067841479582	0.502293457283682	26
-0.093033108684568	0.427609067484575	13
-0.083688703249378	0.433321209455892	13
0.075586287673995	0.62609118897627	13
0.124185724279956	0.672061473146303	13
-0.123938976292029	0.347754489403402	13
-0.019909569755182	0.458275584002841	13
-0.01125104099489	0.36434671892761	13
0.034161793355832	0.556367740330361	148
-0.037266361026606	0.424274529175614	148
0.044787154204725	0.541306335569571	148
-0.048350457254705	0.247008175803063	148
0.111752374837627	0.659504668914597	322
0.039248959384762	0.632383886694621	322
-0.117710438427904	0.243849854849285	259
0.097051057505018	0.857078150737912	11
-0.101421346252851	0.423363305160253	11
0.062396475726018	0.452891812051916	11
-0.060065247473208	0.493484440357984	11
-0.04540475021827	0.445610870559258	11
-0.039619846201825	0.356381757359906	106
0.106474383247089	0.192269360452443	11
0.059330265509315	0.36356379569845	11
-0.050866334334427	0.159845968273198	11
-0.11759323638575	0.239520643585382	11
0.122114553438631	0.382681771157168	11
-0.058617442654143	0.1562622704187	347
-0.041568612044425	0.249317544834882	105
0.102951892153332	0.187666021664002	4
0.104218517365508	0.279468185385514	4
0.098952681887659	0.190014654245685	4
0.103885329091052	0.191922454954812	392
0.10778529414349	0.193560761266531	4
-0.058851985246589	0.157000954192857	4
0.105540363795595	0.196883836529778	4
0.108721732381752	0.196947833793611	50
0.098952681887659	0.190014654245685	50
0.105540363795595	0.196883836529778	50
0.104818692519225	0.191704651936722	38
0.108721732381752	0.196947833793611	62
-0.109236063026083	0.652815829885632	2
0.00374170835598597	0.432521861524447	2
-0.040030599192698	0.251928006773564	2
-0.123038357390606	0.238333985304655	296
-0.042765651121745	0.255103889289855	13
0.026993261437517	0.264475308933242	13
0.112796706216061	0.360715765368309	26
0.021932429416931	0.34932906000497	26
0.0974559724774851	0.465760888523005	26
0.015622676159426	0.257727383248193	26
-0.047304698091997	0.161380339856324	13
-0.049621110534774	0.240891434066672	13
0.097958040910179	0.267984145283414	13
0.101001093230051	0.271291877634573	13
0.096629443324472	0.244269966155521	13
0.018159904579824	0.262328204106373	148
-0.053608043803381	0.163248539578346	148
0.104606269196918	0.197131496894388	148
0.027373201506036	0.25329301424403	148
0.026133179235369	0.367553615876786	148
-0.049796172893354	0.163954801888234	148
-0.052568984511295	0.162709811063589	15
-0.053483547886427	0.163543065590241	40
0.105751979905555	0.18742080585834	11
0.109445790014745	0.192936241963981	11
0.110382885599145	0.189869757277567	602
0.104606269196918	0.197131496894388	11
0.109445790014745	0.192936241963981	11
0.097296057013888	0.185511797708221	11
0.105326892600321	0.193060090298176	11
-0.05269375213788	0.164143493470563	2
-0.08407688603347	0.238549237791375	2
-0.054930998893295	0.157544484829936	2
-0.055956771070157	0.157344630340008	296
-0.048093121830906	0.164630247528037	296
0.012808157623756	0.258676460932716	296
0.099154292262728	0.189491588058777	212
-0.049922319184628	0.161280171398461	212
0.101589308149063	0.276517439692724	26
-0.053483547886427	0.163543065590241	26
0.104818692519225	0.191704651936722	26
-0.052137786806983	0.151732493159818	13
0.105751979905555	0.18742080585834	13
0.105326892600321	0.193060090298176	13
-0.05269375213788	0.164143493470563	13
0.103885329091052	0.191922454954812	13
-0.049007088152211	0.164550979721028	13
0.092533313168844	0.180677263459661	148
-0.059423770139088	0.151948998409366	148
0.107250832690915	0.284325648817411	148
-0.055956771070157	0.157344630340008	322
-0.059643305699675	0.159185418917069	322
0.105751979905555	0.18742080585834	11
-0.055047950567545	0.160476366144499	11
0.102951892153332	0.187666021664002	11
0.107997354893613	0.191805636940902	106
0.107061651358987	0.188640562085449	106
0.108508617766097	0.18973330924381	11
0.105540363795595	0.196883836529778	11
0.104606269196918	0.197131496894388	4
0.072005115756338	0.638935871704505	2
0.105540363795595	0.196883836529778	2
0.103572233690784	0.477048587302375	2
-0.048063518010977	0.236341387265509	296
-0.052493596177961	0.235833124269021	296
-0.038742524131226	0.253503643604697	296
-0.055838761494062	0.157453573190524	212
-0.05269375213788	0.164143493470563	26
0.104606269196918	0.197131496894388	26
0.10778529414349	0.193560761266531	13
-0.046242146142128	0.249185771224204	13
0.105540363795595	0.196883836529778	13
0.109658093055625	0.193682993386016	13
0.099882495694625	0.189802499735134	148
0.10320803681388	0.281778725345855	40
0.098508508821073	0.276082141118485	11
0.109658093055625	0.193682993386016	11
-0.049671271955906	0.159866625787245	11
0.104606269196918	0.197131496894388	11
0.105540363795595	0.196883836529778	11
0.11119386677358	0.184353182741024	11
0.10367210198169	0.19256980157576	70
0.043396429908363	2.3460374374588	2
-0.123754523096661	1.52220094109218	2
0.100273469419951	1.0410938334161	2
0.028280633012037	1.06632045418465	2
0.0573630104967901	0.931136926766202	212
-0.092187352354832	0.585248552802694	212
0.0230544461433571	0.841442524210652	26
-0.049149377518466	0.593622780416311	26
-0.11281042399016	0.621205521161449	26
-0.034274250023716	0.945475965633483	26
-0.00779885832524402	0.685240476026752	26
0.0321062133690631	0.596375333508393	13
-0.088027406640494	0.633014623167614	13
-0.034870949038802	0.61073535585144	13
0.118878689014725	0.724351723831455	297
-0.075010732989555	0.577154040899664	148
-0.0000542378677290123	0.592049014786742	40
0.075241952017522	0.994152537791994	15
-0.018357492832423	0.535170320372541	15
0.039960338447644	0.596629742916217	15
-0.118382038401237	0.349100342568858	11
0.03748214020864	0.710984677644923	11
0.019922025819732	0.834679674133009	11
-0.063966961782833	0.431770654846625	11
0.064354934739602	0.635560741306812	106
-0.048961818638271	0.591351595156375	106
-0.065533260254394	0.498854579325926	11
-0.111363467820399	0.347303241768314	11
-0.00750756926535801	0.68715299090251	11
-0.089944208402253	0.234628021747631	11
0.10657813923661	0.27833582291475	347
0.124307358776449	0.384267162620378	77
0.097296057013888	0.185511797708221	77
0.097020466452668	0.269268474216049	77
-0.047304698091997	0.161380339856324	178
0.105702127406654	0.281073847180921	44
0.119019911082533	0.38491598691007	44
-0.051347698322639	0.154426523272922	44
0.103885329091052	0.191922454954812	392
-0.052819754606688	0.160006763411687	50
0.099882495694625	0.189802499735134	123
0.107061651358987	0.188640562085449	123
-0.040157371749331	0.255301771305791	38
0.0996453280441349	0.266938759054887	38
-0.09282621290368	1.08786279481758	2
0.032606529052857	0.825732411518517	2
-0.00082899731206898	0.738374553648048	2
0.036975737073886	0.700640696941692	296
-0.099318379391773	0.512731975954161	296
-0.028850334191084	0.83286423379921	296
0.067481463252087	0.636724062445592	212
-0.025450661755355	1.04849549989321	26
-0.110278620048455	0.759705054477362	26
0.086239806876841	0.805047999476223	26
0.066076580023929	0.959826042099512	26
-0.050581778073461	0.474907556529297	26
0.041979219943731	0.704452896946918	26
-0.093324633950658	0.414469106103793	26
-0.012837248945305	0.59445093660187	26
0.0579827039451351	0.64485021045731	13
-0.051487858322846	0.439095411880453	13
-0.062017060770109	0.354405598257444	13
-0.040134102411315	0.510040837933007	13
-0.04715903898415	0.831289876774137	148
0.014172679220769	0.606973127630062	148
-0.122713963915408	0.541420053307423	148
-0.029461306925214	0.589698096870405	40
0.045798977058956	0.826364691447682	11
0.02395147361862	0.767655420363204	11
0.082506105821099	0.786153469368477	11
-0.087669227017243	0.338826105614888	11
-0.032904594857131	0.252968134484733	347
0.109004155777126	0.286758401658841	4
0.018767239220096	0.261554448956454	77
0.105540363795595	0.196883836529778	77
0.016373404257088	0.260679505826432	77
-0.038681763901244	0.355852857932858	4
-0.061329432256897	0.355919547776392	4
-0.060388318570803	0.353631617223554	44
-0.087107316978151	0.328340644811399	44
0.067551581708554	0.466382513592485	44
0.10367210198169	0.19256980157576	392
0.100083277523817	0.185277932705371	392
0.021237259107551	0.26768672086228	4
-0.048093121830906	0.164630247528037	4
0.10367210198169	0.19256980157576	38
0.016524576390001	0.367860161775571	38
0.105326892600321	0.193060090298176	38
-0.048881979633417	0.164035286059591	38
0.031152195099485	2.38635787702693	2
-0.113573642514221	0.854349680524632	2
0.052096677326798	0.63223118120985	296
0.085764626878474	0.637297269784027	296
-0.107852090407102	0.492304350265767	296
0.109134878448784	0.861698900057308	13
0.10607723052237	0.478179905779924	212
0.069020354032221	0.615508071480739	26
-0.072684327719714	0.334139741563942	13
-0.053098115051195	0.433724135210875	13
0.02785319262	0.430325186839005	13
-0.046710171611934	0.590092366484069	13
-0.109093938306654	0.343864166381622	13
-0.092155899986459	0.732778002129244	148
0.017927173019047	0.470247637382736	148
0.066424067464175	0.481387419108321	148
-0.087397949164964	0.341631225086001	15
0.071514010062963	0.478535192447207	15
-0.034877529077324	0.439328794777284	11
-0.042322115227995	0.342239128941181	11
0.017343179458662	0.931433000320803	11
0.078168223733372	0.573176187593413	106
-0.1042171345121	0.435328881848655	106
-0.118671297789321	0.49395128743506	11
0.06010608849636	0.364723094653218	11
0.041603450077125	0.465638725779599	11
-0.051779414584004	0.163302427940867	11
0.017123773080375	0.261475350286528	11
-0.070926171155353	0.334145710854252	367
0.104818692519225	0.191704651936722	11
0.023138021043612	0.255535797952284	11
-0.034246220086712	0.501595160967586	11
0.098952681887659	0.190014654245685	77
0.012667984896332	0.256609713537138	77
-0.053608043803381	0.163248539578346	178
0.10778529414349	0.193560761266531	4
-0.049922319184628	0.161280171398461	4
-0.049938083033738	0.521540762963635	44
-0.108653340536202	0.433675345511751	44
-0.049007088152211	0.164550979721028	44
-0.059929086344443	0.358405330204807	44
0.101089372420598	0.649602983677309	44
0.10367210198169	0.19256980157576	4
0.109658093055625	0.193682993386016	4
-0.041183052339207	0.25211555775391	38
0.018422313865966	0.264498726595568	38
0.108262673357259	0.284288120731487	38
-0.082373167250319	0.237174322861696	38
-0.037714491915418	0.257204356791073	38
-0.094998782500758	0.225797920008679	38
0.106474383247089	0.192269360452443	38
0.098225217898773	0.189702995214788	38
0.029169795193645	2.43531102778439	2
-0.020114760009393	1.07900217275055	2
-0.067801249414948	0.89646333166457	2
-0.052120029654444	0.930300916484968	2
0.0115087203430539	0.581552791835317	296
0.078036239396978	0.564840886972351	296
0.00230510558340702	0.594999425037861	296
0.10468740445077	0.602043472484582	296
-0.051868183775869	0.593708429387912	296
0.088843577265119	1.27242039730601	13
0.00305347754797203	0.755848813628327	212
0.015726184740984	0.454618623624624	26
0.070564580681781	1.24219925017978	26
-0.011606727792089	0.360609737342054	26
0.1243451335966	0.575904934703743	13
-0.044061055049547	0.447041512808423	13
0.122573980021271	1.01388915651929	13
0.045733731889362	0.469132172613108	13
-0.102100924062622	0.341089602200019	148
-0.084573422610759	0.431333306731619	148
0.120440048051792	0.387315325374258	40
0.039303048044992	0.781209051678643	40
-0.032772018560914	0.518418897997955	15
0.0708784926573151	0.93612333170065	15
0.096719413335679	0.466546274200037	11
-0.119084497652166	0.234683901179728	11
-0.073228229055445	0.490439169835923	11
-0.024861617121535	0.507892383571939	11
0.081036679032059	0.948305571209674	11
0.015457174855645	0.440009657105256	11
0.114533031453176	0.273495210358321	11
0.108339374319333	0.274560719189458	11
-0.104363301490734	0.430255595333675	11
-0.043127484098317	0.411431067553616	11
-0.04181671173786	0.349861837662514	11
0.0951568584676919	0.575367816952978	11
0.081774795132355	0.716216456286892	11
-0.031104185638699	0.447450968818252	367
-0.012317415391834	0.483112904289071	347
0.062826717996404	0.468034487218935	347
0.062113885031746	0.470695988619103	4
0.112647739636594	0.185389565642619	77
0.110382885599145	0.189869757277567	77
0.10367210198169	0.19256980157576	77
0.103949930977753	0.280985884086667	4
-0.109815212200942	0.339038041193803	44
0.00573009874889496	0.442103692746432	44
0.064365234485975	0.48053849267564	44
0.017016078120519	0.470121007571566	44
0.100812221308309	0.185578165967526	44
0.103885329091052	0.191922454954812	4
-0.038486148490711	0.257198126986689	4
0.021800405885789	0.362371378527815	123
-0.054930998893295	0.157544484829936	38
0.036622977237069	0.473936493194531	38
-0.078031668886174	1.24460356243305	2
-0.113965042322348	0.240907555570427	296
0.104476084593416	0.970602755207797	13
-0.098099746246911	0.91666381963774	13
0.095087591867938	0.575230891327351	13
0.123037445274636	0.661411070634922	212
0.114794580051564	1.30543086139123	26
-0.120802574106232	0.531123405597962	26
-0.077381586561323	1.02177591749549	26
-0.108272131745286	0.242521440840952	26
-0.00765667407597398	0.45785199688719	26
0.045803751376957	1.60036789631208	26
0.027603147630472	0.263668747083728	13
0.122500356362251	0.378623974283792	13
0.100162354421625	0.490943216809573	13
-0.046344363517035	0.349563952303291	148
-0.106791270378679	0.243021624352268	40
0.073064932772285	0.375605191978164	40
-0.051817721231232	0.601584137791066	148
0.011649811977624	0.343827245396722	40
0.043806938080728	0.618962125951364	40
0.017123773080375	0.261475350286528	15
0.041094364422316	0.841390047625497	15
0.00456242671314899	0.758249558002246	15
0.049527641545264	0.625015728606162	40
-0.079790520665982	0.679388569887771	11
-0.00848941837473299	0.822440117376873	11
-0.100182903275674	0.332086145972889	11
-0.010320673012405	0.361336040222547	11
-0.050711630521416	0.160705257369509	106
0.020729307670785	0.258791633330516	106
-0.06022235839182	0.411902006299017	11
-0.016865225634871	0.531661640270405	11
0.024846519617177	0.689063779222264	11
-0.101235804154964	0.417285326268146	11
-0.051904391362073	0.160861783334034	11
0.020378360794451	0.372744444760596	367
0.107997354893613	0.191805636940902	11
-0.070424354401347	0.347841812229572	11
-0.001646949682653	0.613254179242702	11
-0.00183678325953401	0.577423316476627	11
-0.023142447101372	0.588904687646289	11
-0.019201464636261	0.419096205729152	4
0.104606269196918	0.197131496894388	4
-0.072501501682034	0.43630547041886	44
0.00321592323452802	0.327936339816159	44
0.10778529414349	0.193560761266531	44
0.10367210198169	0.19256980157576	4
0.10367210198169	0.19256980157576	38
-0.050711630521416	0.160705257369509	38
0.078380682600403	2.13917152615517	2
0.093663622336372	1.8007462601416	2
-0.080735838529334	1.03591464138389	2
-0.105225285675035	1.42546079211505	2
-0.045937294688644	0.504011489046127	296
-0.076729290713873	0.349008118714309	296
0.106206686812138	1.20595098566125	296
-0.034784045109242	0.356148315815144	296
0.0918722804145919	1.05568250451922	13
-0.00791975725014099	0.832231381285873	212
0.019676425792852	0.702282955735244	212
-0.044150031877075	0.438471304117345	26
-0.068754246508226	0.645212402548281	26
-0.015324761039993	0.449929765602909	26
-0.032064169546535	0.674848794456604	26
-0.030278647788442	1.10953708405045	26
0.056618581746421	0.364107127819249	26
0.059623105452898	0.352059806384957	13
0.028170043444671	0.453097264864193	13
-0.075000603971522	0.32835353699333	13
0.057621023221365	0.357987399349296	13
-0.090924935374294	0.345935459059487	13
-0.107613263759176	0.417616211694294	13
-0.090055454853873	0.499833376325494	13
0.051651252354607	0.437783560807386	13
-0.124971615829817	0.235856125448886	13
-0.084234752728543	0.580192275096376	148
-0.015004948967426	0.524376572835184	148
-0.069831042577743	0.79960831182991	148
0.080121962844021	0.478469684578515	148
0.028045032626201	0.448988080023831	15
-0.114619151454891	0.422347301559706	15
0.110991078956018	1.17613756955026	15
0.102617179914232	0.475152225105802	11
-0.039965503139642	0.242427666410938	11
0.101802970992074	0.277881654070336	11
0.121576581680906	0.380182128552919	11
0.067458273449772	0.778468257190968	11
-0.040735596343462	0.24776502292996	11
0.037720483245724	0.468907242432115	11
0.107997354893613	0.191805636940902	367
-0.049796172893354	0.163954801888234	367
-0.055166167656114	0.155268489318707	11
-0.049796172893354	0.163954801888234	77
0.098952681887659	0.190014654245685	77
-0.055166167656114	0.155268489318707	4
-0.054653569402448	0.495061899042225	44
0.109658093055625	0.193682993386016	44
0.076071961353382	0.561925862735563	44
0.105751979905555	0.18742080585834	4
0.106261717682182	0.192838259478629	38
-0.099256688121291	0.923042046967925	2
-0.116602869489963	0.398202541765114	2
-0.069725796488344	0.443411991557059	2
-0.068740831841746	0.344448986063344	296
-0.052324575956749	0.355805172327747	296
-0.077011123621176	0.241161059600905	296
0.099000276298564	0.487970137604504	296
-0.047505174834471	0.801755047943338	13
-0.038920100661874	0.348351518147893	212
0.015809843859047	0.343958840860815	26
-0.121863633553274	0.318799127919533	26
0.057935667503136	0.942088196615135	26
0.060599311844488	0.369111580157524	26
-0.118013091842914	0.344329704031573	26
-0.00959000205486599	1.3780096727773	26
0.107030499134641	0.475574608216035	26
-0.002520475202134	0.364246028308059	13
0.093831382607612	0.479953677684502	13
-0.080301816583857	0.246720051777093	13
0.120583563742644	0.390802230926188	13
-0.10996247417573	0.509498453495555	148
-0.105374489912989	0.345969412290157	148
-0.053327621901823	0.429653019917364	148
-0.1152421870676	0.246475891720063	148
0.072877913443488	0.557884214868276	40
-0.0584769832891	0.44263539464301	15
0.071595277674431	1.25912610998408	11
0.118734446519002	0.386544271800609	11
-0.121549838025597	0.233595830788502	11
0.011913760001184	0.257174825088047	11
0.10621798843105	0.703331908901009	11
0.039484778225841	0.551699721918537	11
-0.054702943556184	0.498211096605469	11
0.019998452683364	0.750536889389193	11
0.110863461666628	1.19982914979055	11
-0.067899927788905	0.521767916454902	11
-0.06419448777139	0.444042490756063	11
-0.044392747678128	0.160472883725614	11
0.059330265509315	0.36356379569845	11
-0.032558949068809	0.522773820050515	4
0.03012706501419	0.443947648064484	493
0.110382885599145	0.189869757277567	77
-0.026922286708374	0.451154720246907	44
-0.103780575409143	0.417272720210835	44
-0.109533011866885	0.325192469755074	44
0.105751979905555	0.18742080585834	4
0.105540363795595	0.196883836529778	4
0.105326892600321	0.193060090298176	4
0.0192699825327231	0.363224867782684	123
-0.096015209741937	0.223651495417429	38
0.104391995793308	0.188752160600622	38
-0.053483547886427	0.163543065590241	38
-0.099970815818589	2.09713967391214	2
0.109541475640499	0.443475664967099	296
0.032329067588869	0.465898881578445	296
-0.044972686804047	0.411266357732601	296
-0.01436919719832	0.666634735229313	296
0.00329777301267498	0.777850165220027	13
-0.109970009413671	0.420337650554774	26
-0.099505291840043	0.876818048817357	26
0.032846435383283	1.164028069515	26
-0.02082465883272	0.348552842802234	26
-0.00866975241560902	0.448514161827389	26
-0.117004852828741	0.244512913228593	26
0.067824576478658	0.373891073973483	13
0.101022960147805	0.535968211034731	13
0.013805505371143	0.356772245308467	13
0.0993552174507349	0.475353856700745	13
0.013230444480791	0.452632048924278	13
0.071497906656853	0.467289605737042	40
-0.102751962691658	0.646094770150521	148
0.036564260037643	0.467297678938854	40
-0.101948792510779	0.422783171916548	15
0.016499974767586	0.657293934542222	15
-0.044198306756946	0.574976455917233	15
-0.016352510854344	0.698016054964987	15
0.076493137208108	0.719254886354242	15
-0.067872171960691	0.835792209477682	11
-0.109655450717566	0.780600591642628	11
-0.081509887764162	0.5912434474789	11
-0.013943002567376	0.852908976852986	11
0.058743712642459	1.12879478258932	11
0.018016970730962	0.26300254652303	106
-0.088741593038274	0.406145879005532	11
-0.014387481998699	0.68711213465748	11
0.078531876886617	0.724244299258026	11
0.030675366968781	0.693118531016058	11
-0.022864583415147	0.831156783722435	11
-0.049796172893354	0.163954801888234	11
-0.048093121830906	0.164630247528037	11
0.011861514110562	0.444096626894846	493
-0.0712814829097	0.345224984503447	493
0.025171718277369	0.463639809795078	493
0.101589308149063	0.276517439692724	4
0.105326892600321	0.193060090298176	4
-0.053483547886427	0.163543065590241	4
0.013795279678559	0.353826176541981	44
0.023696531234483	0.368071764086516	44
-0.044752792891508	0.499892374853331	44
0.106474383247089	0.192269360452443	4
-0.055267300543933	0.158939031402633	123
0.030069374331655	0.451078334224186	5
-0.051708359003954	0.354244795999516	38
0.0182285168491591	0.360400677683643	38
-0.05099027943335	0.160081878287683	5
0.111015955694131	2.173778603178	2
-0.015710657932788	1.09576650126635	2
-0.028391147791333	1.19226372074829	2
-0.087568029281649	0.83619365626257	2
-0.020654780726568	1.20115698174715	2
0.010048880340771	1.16030337676993	296
0.00548431742619904	0.82387858595662	26
-0.096383487618633	0.571029995952234	26
0.107014666364205	1.04419020577728	13
0.1208274876583	1.06562868382236	26
-0.066982961889509	0.570727125035671	13
0.013300942815741	0.615905519982224	13
0.040941233283419	0.7460260167741	13
-0.056948324053282	0.674888235337725	13
0.011992972397462	0.343367437256988	40
-0.075923877220247	0.596030355870036	148
-0.023173321553745	0.508217946690468	148
-0.092560803934785	0.501452677722043	148
-0.022192380245002	0.731199680253146	148
0.052233683252116	0.856370751430144	40
0.056697070417326	0.449721344300638	15
-0.052076279433513	0.511938301264764	15
0.017084330874909	0.3615528538278	15
0.015601009937109	0.351672704606349	11
0.085263816675239	0.655249403382241	11
0.111771522053413	0.485963693614335	11
0.025121558138366	0.910923775207358	11
0.040993097465294	0.466016213949493	106
0.011864572479076	0.456268682221456	11
-0.106066798801416	0.504149415818287	11
-0.028742938458626	0.733533261206263	11
0.091718207823693	0.807147671712848	11
-0.016604135788746	0.346305567764685	11
0.0588451283816001	0.47105851849431	11
-0.010854280063169	0.358197890310605	11
0.024817256821965	0.25931837821534	4
0.056737425629142	0.364008915211616	77
0.016250358416709	0.254288388399531	4
-0.050799645292619	0.241504413810839	44
0.10320803681388	0.281778725345855	44
0.103553459565479	0.280232576618374	147
0.0197331110112	0.257507047895228	4
0.107250832690915	0.284325648817411	123
0.105540363795595	0.196883836529778	38
0.105326892600321	0.193060090298176	38
0.109004155777126	0.286758401658841	10
-0.052568984511295	0.162709811063589	10
-0.119768207089324	0.990534128395747	2
-0.01506556239147	0.97475409289066	2
-0.087645001511886	0.808541265277124	2
-0.089527674107793	1.10874025998327	2
-0.106814784623845	0.934563889255078	212
-0.071047920873915	0.655270669282148	26
-0.089907582809923	0.674200771917146	26
0.098594295336515	0.944298713507032	26
-0.023463060664315	0.425992925804616	26
-0.00548092277360002	0.819025954999012	26
-0.00553232771671303	0.608985196657982	26
0.09699012413666	0.475331728462756	26
0.042785847703175	0.548648342267879	26
0.05174930473277	1.01514494157209	26
-0.034434056721763	0.871256454522431	13
0.0798388628960121	0.903359477186273	13
-0.027496915770406	0.653711314752609	13
-0.109915906156919	0.556693733662508	40
-0.082008209064229	0.549130644477793	148
0.01870298033597	0.259866518431925	148
-0.047605536704013	0.678335333077421	15
-0.064662499906321	0.481782648274329	15
0.010265657654457	0.252063948622367	11
0.00959901360443805	0.459959232335008	11
-0.00874326697227601	0.452834449411155	11
-0.122662476610741	0.234179001930248	11
0.074251443756766	0.931083708502023	11
-0.02530586336887	0.722440223006523	11
-0.029573546883583	0.57767856649142	11
-0.036501772466118	0.252107567910135	11
0.108619310714693	0.483125505766671	11
0.021988792302724	0.268514362548403	11
0.014136684344635	0.451466469413056	11
0.023696531234483	0.368071764086516	11
0.0495559105429581	0.622764385905748	11
0.0118845701521551	0.449816454574508	11
-0.053608043803381	0.163248539578346	493
0.100812221308309	0.185578165967526	493
-0.054396748347095	0.162653299830411	151
0.124596163188281	0.391964324323106	4
0.063827286001805	0.464141278802654	4
0.020485365455526	0.264579810621584	4
-0.06441523090486	0.339976042748164	4
-0.050150677323292	0.241615394815024	4
-0.076815210634699	0.247290410334981	4
-0.00591513150516398	0.365351389135216	4
-0.117598943877536	0.239491137917956	4
-0.037586279122826	0.255968687792118	44
-0.076885103447762	0.245629023448639	44
-0.055267300543933	0.158939031402633	44
-0.118705295508242	0.245864632160703	44
-0.040149033670759	0.352686642475082	44
0.018910791265944	0.263130349569801	4
0.025203568718646	0.262106654860319	4
-0.09178184368703	0.231226619892098	4
0.0548666031135791	0.36369662398572	4
0.017465620365772	0.357975132071447	4
0.107115604168585	0.277016214161933	4
0.0210950807896571	0.265624108150651	4
-0.051655678099507	0.159279307936694	4
-0.033031857870996	0.255332400495227	4
-0.054257575837671	0.158280220973852	123
0.103073749125873	0.278100429591318	5
0.106261717682182	0.192838259478629	5
-0.053358989672753	0.158573367652158	38
0.104818692519225	0.191704651936722	10
0.081346671036703	1.08815733841119	2
-0.10220710178183	1.02128911870412	2
0.10955374950509	1.24108132148552	2
-0.124333151429473	0.466970828447961	2
0.073811270797986	0.860809082272403	26
-0.069531021175428	0.586962321362868	26
-0.101560774822273	0.334624574145461	13
0.043164556189039	1.25452536807514	26
-0.088854508543197	0.423481054918324	26
0.014888977187033	0.458473981786015	26
-0.080832635396516	0.756390744341041	26
0.042490598391876	1.12611771458508	13
-0.12405271432863	0.658958065602796	13
-0.083197107749533	0.747496520015238	13
-0.060826291444363	0.751867476923637	148
-0.120778879687207	0.630172200904567	40
0.107770417910523	1.01774036393644	40
-0.105087176161645	0.610974012080349	40
-0.053617525147018	0.710697839400883	15
0.048702665290584	0.336070187791113	15
-0.073026105744309	0.530506252705092	15
-0.085886498466774	0.426912786796268	15
0.103949930977753	0.280985884086667	11
-0.086760070369349	0.248778171366971	11
0.019846234613956	0.364706265015257	11
-0.119494216614576	0.713116056929104	11
0.0692160043400441	0.376396694502555	106
-0.05541076634745	0.353952605615762	11
-0.015922753541652	0.595480192771399	11
-0.091384018115185	0.241104502961101	11
-0.028427024328494	0.589637586132163	11
0.104606269196918	0.197131496894388	11
-0.116010763780159	0.247013750190239	11
0.109139380252893	0.282140594101323	11
0.116079305609213	0.180743548577733	96
0.073634711557008	0.554966346760821	11
-0.08775499707076	0.239613864181426	11
-0.09535819987538	0.426571884140286	11
0.105540363795595	0.196883836529778	4
0.098952681887659	0.190014654245685	493
-0.0976583143712	0.332437702272514	4
-0.053155191355942	0.33501523716498	4
-0.00767266381034298	0.361287341732709	4
0.00866229920603501	0.348622296994588	4
0.059173292910266	0.362376857902933	44
-0.044392747678128	0.160472883725614	4
-0.124039969294761	0.236614081154639	44
0.108508617766097	0.18973330924381	44
-0.043176624273914	0.24991402080134	147
-0.091081531520481	0.24094292413145	4
0.018016970730962	0.26300254652303	4
-0.043947619877214	0.248287769938849	4
0.114015383809854	0.373613833615693	4
0.053966230546548	0.357607983524833	4
0.099154292262728	0.189491588058777	5
0.058104153178773	0.461530929749599	5
0.10738590334938	0.284218486173583	5
0.109658093055625	0.193682993386016	38
0.107061651358987	0.188640562085449	5
-0.031377638339086	2.4250334160849	2
-0.044804679610063	0.978301338095937	2
-0.108871862883277	0.895762081578181	2
0.046823288187354	1.67236200666331	2
-0.067299992623452	0.766337496578444	2
-0.074405050224901	0.902192303643447	212
0.102872571186738	0.584968545360468	13
-0.090339617496329	0.675739201357171	26
0.038382917064912	0.970987610332744	26
-0.099465124289277	0.4187123512345	26
0.023976171799089	1.13616998126985	26
-0.067309928455272	0.788617749054602	13
-0.065879351098335	0.870540964632963	13
0.066165891430363	0.84280258163314	13
-0.010672952236727	0.810710835880007	40
0.048051585315224	1.12304970126456	40
-0.016315490454331	0.443631311651259	32
-0.124024774952127	0.42510900527195	15
-0.062321328303699	0.868831656852184	15
-0.025322445841468	0.933949801672493	15
-0.101005495535485	0.398127133381281	11
0.108075138221881	0.802750763468617	11
-0.023430152343807	0.611051002772445	11
0.017465620365772	0.357975132071447	11
0.104606269196918	0.197131496894388	96
-0.044954168130517	0.240844143714154	96
-0.042631369569095	0.354420215652561	96
-0.000234079079423022	0.520267471240598	11
-0.11221304262295	0.563273599551359	11
-0.081038788274046	0.343248269379067	11
-0.066652205930924	0.510265244931286	11
-0.019257091079252	0.519821191763426	11
-0.077108297929048	0.428872994699924	11
-0.112790117974099	0.320346139302441	11
-0.034602040826038	0.51128968649463	11
0.103885329091052	0.191922454954812	151
0.104818692519225	0.191704651936722	151
0.0348957254189169	0.448873069364214	4
-0.08402380442226	0.347980454586547	4
0.0915476089288379	0.556736360755833	4
0.104084301793186	0.282699508965466	4
-0.043176624273914	0.24991402080134	4
-0.032830421273937	0.348638355791469	44
0.070741304395666	0.365112443419264	147
0.016515355847274	0.259212563661378	4
0.104606269196918	0.197131496894388	10
-0.07919489909983	1.00356080420358	2
-0.05321841533058	0.911720804553818	2
-0.031866021583471	0.940711409150428	2
-0.030552120990717	1.5027279831618	296
-0.113552628848993	0.913528021776566	2
0.00633539235634995	0.655981313467244	13
-0.017390663651608	0.522587163428642	13
-0.122076231344235	0.780317694872452	13
0.079376667142498	1.01793568592855	26
0.068293804599232	1.20612080199814	26
-0.053284263094594	0.845581749477965	26
-0.064781533094365	0.52143435733824	26
-0.066381960660842	0.56587156596482	26
-0.097061406745768	0.3392729704914	26
-0.00399869291917698	0.851145141156311	13
-0.113615079677598	0.532090370467081	13
0.063610001049402	0.634785630473153	40
-0.096587234085608	0.609209401116808	40
-0.00617470091293398	0.439533377939509	15
0.106509071627973	0.281894859954003	15
-0.071308819705886	0.349693672457536	15
-0.044438107413223	0.840706672486764	15
0.029473627640599	0.545893275632186	11
-0.01167147815817	0.450640608147572	11
0.020032269230149	0.365392796226878	11
-0.122431397214413	0.349829453655693	11
-0.119982153842737	0.577273502047703	11
-0.099722342817516	0.47333184746045	11
0.076955123464827	0.651005431686193	11
0.084333792568195	0.705496802431756	11
0.103073749125873	0.278100429591318	11
0.103342170174344	0.280281513622501	493
-0.044442091907227	0.254061707010447	4
-0.013162301574609	0.367197087584359	4
0.096315068369612	0.564735022143234	4
-0.041828060880545	0.250192331462889	4
0.098952681887659	0.190014654245685	4
0.021742403380977	0.365063764186376	44
-0.022705190746788	0.444081031518302	44
0.035580542502487	0.546764750148834	44
0.120942579040036	0.376351746928114	44
-0.087327644230433	0.237839453621471	4
0.104352576822157	0.269757926364296	4
0.016910638352521	0.262955097225191	4
0.115864707103537	0.378950448598002	5
0.104818692519225	0.191704651936722	5
0.104606269196918	0.197131496894388	38
-0.11780450230318	1.65907147556537	2
-0.051860300709645	1.28372416617194	2
-0.095094249251986	0.714654074118358	2
0.00756998947161103	1.53314462896318	2
-0.117581060143918	1.12861281669046	296
-0.045215508024055	1.36823114701546	2
-0.065389132370003	0.882283465281101	296
-0.020326053250921	1.19446963420318	296
-0.083996771162321	0.648690766176022	13
-0.12375594138439	0.63657812339143	26
-0.091294665620588	0.433911663778568	26
-0.069728059752961	0.710884316209072	13
0.034385117076618	0.856650016405552	32
0.109843015933209	0.938045627724446	40
-0.074996808255176	0.653356733267288	15
0.042529236614423	0.460296741460799	32
-0.079881210923495	0.340240397276842	32
0.018321624577824	0.362290172859031	15
-0.0437545165158	0.345811509455926	15
0.064656523700632	0.718165659053232	15
0.013905495607491	0.549875343887772	15
0.111255124075563	0.489418165093314	15
-0.053680562628906	0.332573008250012	15
-0.053608043803381	0.163248539578346	15
0.078014067250256	1.01139236307306	15
-0.086612338962237	0.604882845825745	11
0.00538891318028301	0.621709934350047	11
0.0292230720686	0.439792076955784	11
-0.041141136246461	0.529449445079128	106
0.017049853396358	0.255950088109669	11
-0.02934178591164	0.329162318468913	11
-0.117914428744724	0.239903617468236	11
-0.025464701012737	0.415506538290467	11
0.0937305516207489	0.4737248760602	11
-0.087597059288429	0.35578060394846	11
0.0919893373180301	0.549963938209012	11
-0.040365165190614	0.361601557635825	11
0.104818692519225	0.191704651936722	4
-0.040605669546356	0.247992086942199	4
0.106261717682182	0.192838259478629	4
0.105326892600321	0.193060090298176	4
-0.089825806109761	0.239474292319104	44
0.119801937049105	0.389616698586206	44
-0.083620669020219	0.245914722528187	44
-0.057942993818106	0.157837135508987	147
0.023778071807019	0.268794665250103	147
0.102331716700272	0.278866831967367	147
0.020626661850933	0.258422669935874	4
0.108397661849915	0.274858118548049	360
-0.057826140931256	0.159256179767351	4
-0.048093121830906	0.164630247528037	4
0.105326892600321	0.193060090298176	10
-0.052568984511295	0.162709811063589	10
-0.029401622346506	1.08121306889271	296
0.00679536278802195	1.13725334059122	296
0.069394190130311	1.08680887157969	296
0.116106269600148	0.978231259245734	296
-0.105351121912937	0.602418808720933	296
0.087744407904969	1.3456223939024	296
0.024392457077311	1.03586013927599	296
-0.113833025361248	0.582642529446791	296
-0.110773125191345	0.421891970155773	26
0.102819408676954	1.18048197890291	26
0.00469162676565904	0.879476479877316	26
-0.074501859373427	0.471686885003695	13
-0.124567059870537	0.580669275928678	26
0.049442300130753	0.952658072254371	26
0.095436798594664	0.867743447172073	26
0.112151245784973	0.985448125036452	26
0.036866837388183	0.784723450427669	26
0.041270968140842	0.770292514760775	13
-0.109016976078474	0.483259424157029	13
-0.109328812295579	0.424398947476779	13
-0.017627037273039	0.671763618639706	13
-0.072375433176692	0.481911575835899	13
-0.072532616772408	0.526277160967642	13
-0.067870012024817	0.565279288340925	13
-0.054890795591716	0.517889305638951	32
-0.112147469277095	0.410694017248871	32
-0.027076669686963	0.521576247263893	32
-0.104375238136119	0.431947033596443	32
-0.104851522345492	0.427753650759845	32
-0.1152169325958	0.520429168069128	32
-0.028839872608804	0.674324067700733	40
-0.106898720266177	0.410016050428606	40
-0.087158033393768	0.628657477109155	15
-0.10173677100965	0.326601241211325	32
0.099000276298564	0.487970137604504	15
-0.093375099177091	0.343689338042482	15
0.116140676544504	1.25110068272741	15
-0.084153935730302	0.497883125693605	15
-0.054997477436311	0.503114407695704	11
0.051753158202465	0.682175237175868	11
0.029641350594983	0.627027742799947	11
-0.045216702393208	0.351007240560298	11
-0.079428350860448	0.343826569723778	11
0.022935095215993	0.365893980690302	11
0.023509585873058	0.366413641449796	11
0.055959513487586	0.358815485135997	11
-0.04275867789623	0.340282339102478	11
0.098083915517063	0.461898190759499	4
0.104296494897888	0.280973587651893	371
-0.061345776478029	0.152743097998327	4
0.099251963437076	0.271164368497617	4
-0.044846639575421	0.247537252279387	4
0.107196468509895	0.188500305764353	4
0.08874895208968	0.63909840396868	4
0.105326892600321	0.193060090298176	147
0.108932979962072	0.18877778960956	147
-0.051779414584004	0.163302427940867	147
0.104818692519225	0.191704651936722	360
-0.053483547886427	0.163543065590241	4
0.106261717682182	0.192838259478629	4
0.102333243049022	0.189586610153756	162
0.104606269196918	0.197131496894388	10
0.105540363795595	0.196883836529778	10
-0.080539380389597	1.53124580094854	2
0.076011053619324	1.18485883419112	296
-0.027377311083463	0.644490217989756	296
-0.09520686104673	0.651545772945642	296
0.00816947391905598	0.814333610704841	26
-0.083060744041715	0.511836586463672	26
-0.120435599949153	0.434818262183675	26
-0.075260198525832	0.658336354120011	13
0.074218221246472	0.881465678554002	13
0.036448409393704	0.701088915858222	13
-0.123437663480647	0.323254223295516	13
-0.104338246695796	0.426455411073245	13
-0.049754321361282	0.515447640552609	13
-0.015436594967527	0.439939859200418	13
-0.040079731777763	0.514664038372703	13
-0.022997894159003	0.612630993787008	13
0.03295706692909	0.616553649961422	13
0.081158990036162	0.796057237107286	13
0.073028251190656	0.806117808154691	40
-0.044449101565117	0.531188942598051	32
-0.114791909934267	0.408412553417714	40
-0.026885350255426	0.5852392745703	15
0.075925974832469	0.480513850781625	32
-0.107720088076644	0.244082626888346	15
-0.00500645990812598	0.327606189066892	15
-0.093084828707899	0.239210070635123	15
-0.083255035631593	0.432114983735701	11
0.093717100830853	0.617236678204149	11
0.020485365455526	0.264579810621584	11
0.060881514413748	0.363712985178702	11
0.097895482917508	0.270125663909549	11
0.061079464597959	0.473118708826823	11
0.018016970730962	0.26300254652303	4
0.10367210198169	0.19256980157576	4
-0.043048142201777	0.247917244218788	371
-0.042406006617221	0.249936411795638	371
0.01014314675869	0.245248881744859	371
0.021988792302724	0.268514362548403	371
0.108721732381752	0.196947833793611	267
0.018159904579824	0.262328204106373	4
0.112859682677412	0.189242933859174	4
0.106463718977919	0.182578481401571	44
0.105326892600321	0.193060090298176	147
0.09776467661481	0.275355275525869	147
-0.05099027943335	0.160081878287683	663
-0.050585692351603	0.159777271310314	5
0.104391995793308	0.188752160600622	5
0.106261717682182	0.192838259478629	5
0.107061651358987	0.188640562085449	162
0.105540363795595	0.196883836529778	10
-0.091411788503695	2.25242499374621	2
-0.016504539794785	0.60948869173788	296
-0.09409695570829	0.491333642495835	296
-0.10267419428746	0.434814411371738	2
-0.015548572756739	0.447163182631959	296
-0.089159268235379	0.320047840495797	296
0.065511177468064	0.784784660158019	26
0.0572380264447701	0.352446593552765	26
-0.093970449301331	0.468957863116976	26
0.0182450785050871	0.631617883276602	13
-0.120244392125894	0.242552665920454	26
-0.052818337771765	0.580291494241478	13
0.000656153312523999	0.534732311703572	26
0.104704189833977	0.493668918271805	26
0.00821361724456704	0.344909105317167	26
-0.120478055323394	0.236677259412164	13
-0.07339020492416	0.351317140375139	13
0.014598823501619	0.257606478919145	13
0.117691439349113	0.483508036383408	13
-0.120620683211582	0.235247047304612	13
0.057459089736666	0.70335407046973	423
-0.066126226620273	0.508156306094635	13
0.051038883860546	0.682056984358623	40
0.108197021395451	0.479098428932056	15
0.01180740645459	0.698332374634997	15
0.026397983488727	0.767631757135143	15
-0.087288238585817	0.513722204057722	15
0.05976857982923	0.645975726271669	15
-0.052282205930899	0.360539405297343	15
-0.114311468302586	0.247389585209905	11
-0.124971615829817	0.235856125448886	11
0.063677768473458	0.86512610445741	11
0.113239294688051	1.1291189735444	11
-0.117020134527627	0.408748798906069	96
-0.052445456902158	0.15538449444263	11
-0.042491920852755	0.596207181016788	11
-0.11097222332321	0.431645868167074	11
0.098952681887659	0.190014654245685	11
0.025956009211666	0.262895278311102	4
-0.015103069628124	0.538896652208611	371
0.016910638352521	0.262955097225191	371
0.119580102445879	0.672459515727028	371
-0.087386179845775	0.2395082109895	371
0.00982475993115095	0.686569969265123	4
-0.020556670515983	0.449333865027862	4
0.044384336639706	0.546083703529774	44
0.109445790014745	0.192936241963981	147
-0.049922319184628	0.161280171398461	5
-0.04058780056636	0.349025549742506	5
0.113792811702463	0.279241925669222	5
0.121971359814956	0.385208523126645	5
0.085629416213893	0.891430096347491	296
-0.044832962831555	0.239908723230633	296
-0.00389821962987602	0.669866388587351	296
-0.065104689420009	0.575658114925826	13
-0.07725540341148	0.32576574439018	13
0.033960617031365	0.993811691287383	13
0.02685080837494	0.265098898670484	26
0.034507929786516	0.523425769905145	26
0.040196236774607	0.461989498712268	13
0.103949930977753	0.280985884086667	26
-0.012630782284205	0.364519709870515	26
-0.030727475086476	0.443534885456644	26
-0.087612409123143	0.24133916994746	26
-0.033804553725065	0.255314311072146	13
0.015493944562337	0.245964975693407	13
-0.041339244753948	0.525799229145146	423
-0.050711630521416	0.160705257369509	32
-0.084906216221978	0.340250917306611	15
0.057166103619212	0.861839594321623	15
-0.050777726324436	1.06678065509237	15
-0.121568722394624	0.236882019384821	15
0.102546288055458	0.278614097614282	11
-0.041445428823127	0.249227361360201	11
-0.052039280377733	0.713858727032873	11
-0.104313764534283	0.595437521654608	11
-0.122091898659156	0.349624071270811	11
-0.037610930795003	0.588318402796313	11
-0.054396748347095	0.162653299830411	11
-0.123752856890915	0.550419985465867	11
-0.050781006137487	0.422554069170948	11
0.106261717682182	0.192838259478629	11
0.104818692519225	0.191704651936722	11
0.100083277523817	0.185277932705371	11
0.0508634575939561	0.554643308128479	371
0.055681711290682	0.362297477341581	371
0.057356739495483	0.366902999893825	371
0.073223307545399	0.374567300288597	371
0.123529088471751	0.387579484817343	371
0.105326892600321	0.193060090298176	4
0.108721732381752	0.196947833793611	44
0.105540363795595	0.196883836529778	44
0.106474383247089	0.192269360452443	5
0.00216715890310404	0.529085437519194	5
0.1042851999526	1.73502086905281	296
-0.069215684620267	0.505722215002068	296
0.087037115557837	0.715983232923194	296
0.0762005374111689	0.563295879017749	2
-0.106773820630273	0.433611440873072	296
-0.108635583025614	0.5744732369901	13
-0.095420145034257	0.821097667176811	13
0.10628877122682	0.973355848031366	13
0.01996854111155	0.847919799982907	13
-0.013905888961474	0.364924811376078	26
0.0277462222224391	0.265274260150758	26
-0.046250352778065	0.449966938319628	26
-0.08935278565953	0.773223814178506	26
0.022935095215993	0.365893980690302	13
-0.010204791907593	0.456808280608411	26
-0.03718781270055	0.496941037364552	26
-0.116466495799276	0.423440374611507	26
-0.01713541609657	1.02929752186569	26
-0.073011711789032	0.867649979627663	26
-0.037882322889802	0.734118763046992	26
0.103352336108974	0.478942013323951	26
0.070922323718015	0.373594425655821	13
-0.115450504781639	0.241778891414005	13
-0.095422418153126	0.230050021308966	13
0.064907487046628	0.479534418556777	13
-0.118157966681326	0.441045529837756	13
-0.02244250116176	0.329366720241181	423
0.120163095644989	0.371116951553337	423
-0.097848837183319	0.343660772139523	13
-0.04974371552623	0.237544134556009	32
-0.075572587891278	0.422422312216917	32
-0.087062281374494	0.504654725251185	15
-0.115400544519985	0.41221164174367	15
-0.061665059132468	0.338030758732299	15
0.12072693007188	0.388712002218762	15
-0.049005255923983	0.231265127094146	11
0.086361709078931	0.737838406436574	11
0.104515678923907	0.819878646736811	11
0.055077312077342	0.6150159696698	11
0.00495730632117397	0.456263028841065	638
0.029664976185545	0.243398290776888	11
-0.04285222927959	0.243882598818009	11
0.055304405304166	0.562021841986223	371
-0.04163576655228	0.248127288996825	371
-0.108759769619344	0.245850274189448	371
0.119515614217544	0.384186492874557	371
0.105751979905555	0.18742080585834	232
0.112859682677412	0.189242933859174	267
-0.05703527592797	0.157085368414133	4
0.022131329782766	0.268668256898077	4
-0.124956512409719	0.350168159145259	4
-0.096754059318747	0.488585208126023	4
0.100902495221244	0.490613092356337	44
-0.053608043803381	0.163248539578346	44
-0.058734086718589	0.160049362864785	44
0.018562780582713	0.264445159356791	5
0.104606269196918	0.197131496894388	5
0.113929181170657	0.278822472849799	5
0.10352059013679	1.29857419596591	296
0.05046235123107	0.542889937916846	296
0.025425591925743	0.264759115923116	296
-0.07255688168087	0.335534836748469	296
-0.121954384642753	0.757220355072038	13
0.122354844186821	0.377033504465347	26
-0.092785777094706	0.22716920905852	26
0.047987690836569	0.473024115900846	26
-0.092727130578484	0.21856339873877	26
0.101278257159621	0.25686958439075	26
-0.067215352530943	0.897894869889755	26
0.027318138647224	0.347030594785711	26
0.02685080837494	0.265098898670484	13
0.011159172120576	0.255130444260639	13
0.123817037083385	0.389354807469779	13
0.106261717682182	0.192838259478629	13
0.063653570673555	0.370259883406365	32
0.063059757367943	0.633318203945726	32
0.099154292262728	0.189491588058777	32
0.103064184011693	0.189897014067851	32
0.104164489528364	0.734213710498232	32
0.114239051565938	1.45214275398722	32
0.010152167682649	0.60218729228361	32
0.050414771496703	0.55884543037244	32
-0.045467103278995	0.250005149107245	32
0.018837184559785	0.351280540877402	32
-0.056360979628583	0.219091560446512	32
-0.055419445684272	0.575609911515695	32
-0.01352040533917	0.752015170258151	15
-0.050475359109613	0.591607991882992	15
0.094150337180625	0.646162678332861	15
-0.096662259011255	0.682535117008482	15
0.042308698352009	0.632493583546634	15
0.00861483007952202	0.342603419334498	11
0.027532768416007	0.83786720814205	11
-0.08809293727899	0.338630260488706	11
-0.084954574707994	0.511091984831929	638
0.109880723097922	0.284558081937262	11
-0.05269375213788	0.164143493470563	11
-0.04953478783954	0.154852480836819	11
0.111122784539222	0.854656726778204	11
-0.039235008724099	0.350371313971609	4
-0.098808805700415	0.506317065452385	371
0.021665880330682	0.687571353907139	371
0.120175208343673	0.366412376002692	371
-0.049133442304851	0.158198954336204	4
0.105540363795595	0.196883836529778	4
-0.053608043803381	0.163248539578346	4
-0.049796172893354	0.163954801888234	4
-0.00774178665828701	0.495773581143376	4
-0.081459168894547	0.501029316512515	4
0.106261717682182	0.192838259478629	44
0.012808157623756	0.258676460932716	44
-0.086617142263769	0.347593648351332	44
0.107030091747048	0.48334726390844	44
0.105326892600321	0.193060090298176	5
-0.061116688266496	0.151587091893935	5
0.105326892600321	0.193060090298176	5
0.095805253321913	1.89678020350596	296
0.067509311279595	0.37435247394349	296
0.013167026633117	0.45593561716873	296
-0.117773697996542	0.24503840479061	296
0.00766616758549799	0.718824204961555	296
-0.101171892980158	0.575534333517245	296
0.076052921992422	1.66966021109811	13
-0.071549543263578	0.530407552670942	13
0.045173717320903	0.548510420138121	13
0.072906642652361	0.372209249442344	26
0.0565323406656419	0.351216080241073	26
0.015956444622074	0.837092202825137	26
0.089703906452989	0.846001705074104	26
0.068158730930257	0.370500148267257	26
-0.08223852194065	0.574011360860883	26
0.00141183131870803	0.844842152098241	26
0.027603147630472	0.263668747083728	26
-0.051514510389731	1.29520806983263	26
-0.015627770760895	0.684352925286931	26
-0.046654262219189	0.834062185403387	26
0.060125154724071	0.376639086300985	13
0.124226488833914	0.384924009216568	423
-0.054309925409844	0.65663341945344	423
0.100126559656164	0.272028352451341	423
-0.092305155152477	0.240847374514043	13
0.02685080837494	0.265098898670484	13
-0.064482187526127	0.437722324862873	13
-0.115540362843795	0.752649563919398	13
0.060155513596945	0.359982425764452	32
0.102166711172789	0.581051316130948	32
0.120583563742644	0.390802230926188	32
-0.088105770455352	0.736532591131373	32
-0.041601747809871	0.527358102854111	32
0.009611062776399	0.443721194351666	32
0.018395096910318	0.930161830360346	15
0.0745382628571259	0.912981078057471	15
-0.023982261428743	0.830008486618084	15
0.067959863509539	1.27861005414214	15
-0.117589464369042	0.596212029576929	15
0.099251963437076	0.271164368497617	15
0.041173185171645	0.835224210072878	11
-0.068072885602754	0.237321220201387	11
-0.061743773464424	0.438188882889145	11
0.013959023625802	0.699096578450275	11
0.091899861517048	0.876169885163837	11
-0.123442161490237	0.426700674418455	11
0.01674739705926	0.516571459186205	11
-0.016098069741591	0.673542466581265	638
-0.022133474834482	0.76034396695341	638
-0.053608043803381	0.163248539578346	11
-0.12028431995672	0.51130638891352	11
-0.059643305699675	0.159185418917069	89
0.112575786207452	0.904733669413508	4
-0.035210329279361	0.598210412983455	371
0.0604111756709	0.726775019970398	371
-0.016980559705951	0.352069453626705	371
-0.037774471829966	0.361838781010457	4
0.100812221308309	0.185578165967526	4
0.121288673387439	0.755104022324642	4
0.065340478843043	0.551057698969851	44
-0.059643305699675	0.159185418917069	44
0.087398719853541	0.794558061651931	44
0.104296494897888	0.280973587651893	4
-0.10848729102644	0.241391655607252	123
0.077771941613946	0.478610422275431	5
0.023778071807019	0.268794665250103	5
0.102447306301083	1.07976675023881	296
-0.023254170219993	0.678628576573849	296
0.122865402665488	0.651138239326152	296
-0.110958079613018	0.341298760906255	296
0.064753542355395	0.467523637129917	296
-0.013712838081992	0.350427944656836	296
0.067063865808982	0.558799140262649	296
-0.112644262365757	0.42761893972172	296
0.120244381893238	1.10413892120342	296
-0.115417716264346	0.501930778539596	13
0.093925011344302	0.568259399850654	26
0.075760374154443	0.488575436484524	26
-0.051779414584004	0.163302427940867	26
0.121220847423394	0.378368445716102	26
0.109126851033348	0.979933136463758	26
0.044190858012174	0.82663031272274	26
-0.069846131843349	0.512493621126463	26
0.062028467379016	0.364048120143448	26
-0.071506796622981	0.438726463885029	26
0.077155444313645	1.4593927720988	26
0.041832414322766	0.66968630970382	26
-0.11905439963812	0.338862970620408	26
0.100199694406281	0.556392396887914	26
0.112746377250908	0.349239967746308	26
0.016108470933444	0.252246615449612	13
0.0153682659222349	0.359733889028403	13
-0.116779727963401	0.246079552077027	13
0.124451836898632	0.390717069122186	423
0.012732660866498	0.54074995610085	423
-0.039513340604682	0.255415810614698	13
-0.00634400964112403	0.607034870749279	13
0.058054293861816	0.997957627775997	13
0.072047526588277	0.487948663744652	32
0.056421695496206	0.366015397753046	32
0.022748322215185	0.366161190581522	32
-0.118867546906817	0.245039094484477	32
0.0226724238310509	0.520725347005443	32
0.024991356941753	0.625594176627503	32
0.03779656824939	0.755321530622278	32
-0.124185322447455	0.483133812271687	15
-0.039192993427146	0.519905450233472	15
0.02586754683379	0.626689471531271	15
-0.1079030688952	0.666479378035809	15
0.0192699825327231	0.363224867782684	15
-0.037619622233758	0.598375648625456	11
0.00605051901175302	0.611671013329476	11
0.055601438323987	0.795447444468312	11
0.038967900287161	0.860585015825264	11
0.076441561241304	0.996830475176488	638
0.059948271214251	0.780453482931151	638
0.118572235661227	0.663267438426418	638
0.060441159604157	0.376237096786819	11
0.068604133509779	0.377525455682693	11
0.107250832690915	0.284325648817411	4
-0.014970125935316	0.537988460928621	4
0.018910791265944	0.263130349569801	371
0.00759077531543795	0.24546126464599	371
0.105540363795595	0.196883836529778	4
-0.047304698091997	0.161380339856324	232
0.028707553044964	0.541117679032729	4
0.036655553693539	0.466795315840026	44
-0.057826140931256	0.159256179767351	44
0.113587196412995	0.185709404618777	147
0.100083277523817	0.185277932705371	4
-0.05771054801091	0.153139522920139	5
0.104606269196918	0.197131496894388	55
-0.112651420421626	0.587738319503143	296
-0.03268052754402	0.586007673837387	296
-0.025707905121708	0.612578941793636	296
0.115388540568699	0.9517391173067	296
0.0132437599474849	0.693599551219237	296
-0.00681945524296101	0.826932905590637	296
-0.089945400149458	0.744980281602115	13
-0.081102777514631	0.885726966274722	13
-0.065828187927781	0.93081234371272	26
0.060572798477378	1.03820843413596	26
-0.098358775003159	0.570004783633299	26
-0.046857863415066	0.35198566378767	26
0.002889039401061	0.514888512024034	26
-0.089373175570198	0.406963537607756	26
-0.040811767380418	0.541549799844155	26
-0.120276000985316	0.732769225095276	26
0.085568016601366	0.810584404139961	26
-0.075286784106632	0.519912394641454	26
0.011107008283443	0.864101992931266	26
-0.101635578687012	0.49909019344278	26
0.043192186274029	0.63497083012621	26
-0.093951603633005	0.829411588234568	26
-0.112074825326236	0.794309357807499	26
-0.104222048903838	0.339600728804496	26
-0.089071121919358	0.422401351682183	26
0.0583973568399701	0.361228733443426	13
-0.040558402317341	0.355628906360375	13
0.067543413999815	0.371940631115217	13
0.045758791179535	0.460022918499706	13
-0.068732755134084	0.426273727954784	423
-0.059893291859439	0.410253913249086	423
-0.040876497019462	0.353856403568652	423
-0.071768027917603	0.42589558870291	13
-0.113377452802426	0.687178679884197	13
0.0728632314943	0.628807578214908	32
-0.102221486740581	0.34332866773022	32
0.0157001408383241	0.460572188581205	32
-0.03207199461953	0.895288204034826	32
0.064346858726945	0.92909742504859	32
-0.056792737854861	0.350289229134159	32
0.099218629260452	0.483588675257022	32
0.101718711418281	0.897511588092384	15
-0.117836837902656	0.640925117658395	15
-0.030328324996481	0.794579159051655	15
-0.079929983915561	0.684305692835325	15
-0.089816862668335	0.49342750194559	15
-0.101758914207679	0.405880317030457	11
0.072804594955683	0.789548797573257	11
0.0312910131484	0.691239147563016	11
-0.076558163385393	0.417328104076343	11
0.114614856631241	0.88562416975026	638
-0.054728320526926	0.674843566232503	638
0.071429820505005	0.60279369267646	638
0.033630552500225	0.515894732065456	11
0.015545574934518	0.596598538981138	11
0.112175184924302	0.278578867241966	11
0.096914445217789	0.454625509494881	11
0.011913760001184	0.257174825088047	371
-0.111254891269499	0.246547884829709	371
-0.044846639575421	0.247537252279387	371
0.097296057013888	0.185511797708221	4
0.109745262879566	0.285932577104552	4
-0.059525616537211	0.1570054716999	4
0.057464715095828	0.357256256519238	4
0.025692424189775	0.544276931312633	44
-0.012969312838525	0.447297455533262	44
0.092533313168844	0.180677263459661	44
-0.055267300543933	0.158939031402633	44
0.104218517365508	0.279468185385514	44
0.058130652579264	0.46821191251373	44
0.087476627459689	0.556198412750216	44
0.104818692519225	0.191704651936722	147
0.104818692519225	0.191704651936722	147
0.109445790014745	0.192936241963981	147
0.104606269196918	0.197131496894388	4
-0.051779414584004	0.163302427940867	5
-0.043305488157295	0.24918062892844	5
-0.047077479418865	1.18256843642859	296
0.089332873172009	1.35912611625237	296
0.010365296134931	0.884220439482795	296
-0.014119690139752	0.89967615333594	296
-0.124092189701044	0.586253308864774	296
0.020010238524459	0.777368855530746	13
-0.094249214872074	0.608201510894916	26
0.00310722479174497	0.777756583415434	26
0.091563495806363	0.704363245610438	26
0.0866241144155831	0.839942759471167	26
-0.117638716052454	0.469469743668476	26
-0.076295848336847	0.431138001279156	26
-0.079795425557415	0.511038687692673	26
0.017134584568965	0.625631483481165	26
-0.048256659940438	0.610886359074593	26
-0.039963761523998	0.511651315766423	26
-0.030757178092332	0.606862033945449	26
-0.070720126924047	0.508277425703042	26
-0.091889531897938	0.713593247620516	26
-0.00951798673182502	0.588263328397195	26
0.117360729317722	0.661491007288964	26
-0.063891784273013	0.43173172519723	13
-0.00321677125626302	0.536777507401873	13
-0.119627806135386	0.434082971234415	13
-0.030247100559691	0.607770711852499	13
0.0543455423514601	0.77989925791627	13
-0.021075675014479	0.521240391057203	32
0.00846994457822803	0.538272626778494	32
-0.049992256062509	0.441985847032634	32
0.061829773060388	0.707460657655211	32
-0.032774789264296	0.588511759668195	32
-0.09406915906835	0.351798215694025	32
-0.088329004981184	0.419349300670422	32
0.014415451464752	0.355976621351797	32
0.116327180206373	0.366872576519589	15
-0.089166550156429	0.23831088639759	15
0.066102771530303	0.71867956715067	15
0.065989934424864	0.483033831223914	11
-0.00709334129780398	0.450025591195237	11
-0.079413095014616	0.404429426971442	15
-0.039827934396598	0.588132425686845	11
-0.052252160711998	0.525849578680518	11
0.041360340142097	0.849287217279912	11
0.050709584230986	0.540222834209464	11
-0.086636908444846	0.581424506017945	638
0.0797003612880201	0.713516242949861	638
0.035318423781739	0.548266938060326	11
-0.049028985330315	0.34192318601359	11
0.117715299196599	0.377501969015952	11
0.016524576390001	0.367860161775571	11
0.057793381422197	0.368682704936923	89
-0.097125123911901	0.224785139971982	89
0.062878506385565	0.371325501874313	371
0.015259272982583	0.255621840833421	4
-0.072842361874654	0.245244124487435	4
-0.040157371749331	0.255301771305791	44
-0.116565919262388	0.237499587103039	44
0.099154292262728	0.189491588058777	4
0.099514366829085	0.275463831623095	4
-0.054930998893295	0.157544484829936	5
0.0554143947693721	1.58848159608455	296
-0.094120726005005	0.754371882000894	296
0.08822536875809	1.03262213613961	296
-0.047152742271168	0.65017730177117	13
-0.12270735053265	0.350105559178924	26
0.047902638635311	0.541428424509627	26
0.048067443209932	0.668220070555396	26
0.096872126642811	1.24309466170041	26
-0.00455420986052002	0.537732049770018	26
0.097388517799377	0.77460735086741	26
-0.110957127744163	0.433842252922448	26
-0.043109029919827	0.527654565518148	26
0.123284211872895	0.754122647660685	26
-0.037461800147852	0.517529485769077	26
0.124491801282561	0.720751490242467	26
0.103813804320211	0.644194266228099	13
-0.025182303347648	0.445984633076023	13
0.030070693101963	0.542676524987342	13
0.122583176764781	0.753755183328875	13
0.025553519364426	0.697236815337042	423
-0.045084112295272	0.601474271230659	13
0.101519441419405	0.735682206586644	13
-0.034272844862007	0.356642161091308	32
0.060361402098733	0.544644313503106	32
-0.025088701610529	0.579571252058446	32
-0.094259856895643	0.469241902669149	537
-0.00887161281993898	0.729159760306593	537
-0.036800164411132	0.727611658595948	537
0.019539189037997	0.460202294950686	32
-0.00205455175812302	0.582016488416779	32
-0.121850631480265	0.331931700784234	15
-0.029378088076484	0.695496559259317	15
-0.043082051334769	0.521481771031249	15
-0.015546296689115	0.663434526079132	11
0.052740063633662	0.773768298694232	11
0.039578414965087	0.456445065787375	82
0.018910791265944	0.263130349569801	11
0.018159904579824	0.262328204106373	89
-0.071423704907863	0.343053046830383	89
0.105567437742641	0.275833872482907	371
-0.109527950673619	0.246356375813936	371
0.024673640536899	0.266222754204137	4
0.023921328272516	0.265413149462623	8
0.016373404257088	0.260679505826432	4
0.011159172120576	0.255130444260639	4
0.105540363795595	0.196883836529778	147
-0.051655678099507	0.159279307936694	4
0.11972997620216	0.378367370067563	5
0.10778529414349	0.193560761266531	5
0.105540363795595	0.196883836529778	55
-0.052568984511295	0.162709811063589	55
0.112859682677412	0.189242933859174	55
0.107814538926883	1.51453417905852	296
-0.088652064114455	0.519076998608003	296
0.017368249539667	0.63151953784454	296
0.0159144931223421	0.810080092081493	26
-0.069633070163733	0.559373138552634	26
0.081779063132469	1.45303106308031	26
0.0264686405171281	0.727640871228717	26
0.0461512289941231	1.1176470221393	26
-0.090470458433214	0.427477512861754	26
0.040238700420573	0.825994732874406	26
0.024503132561657	0.463062055280555	13
-0.062489258525134	0.35743818673759	13
-0.036343575246539	0.348873093935371	13
-0.059698314956841	0.356179379388688	13
0.029517963546415	0.446558938838423	423
-0.023269043883693	0.347872081790673	423
0.016136788712643	0.364543670616203	423
0.039511698884949	0.624277307762045	13
0.098292217954278	0.744533142384411	13
-0.034479405369991	0.364337512777819	32
0.0157616815356511	0.368973066475632	32
-0.042214172409958	0.357899657296031	32
0.060881514413748	0.363712985178702	32
-0.06929353107327	0.685292804992787	537
-0.012165233893547	0.441502391923299	32
-0.08478403930078	0.480161580396311	32
0.03056508267768	0.634922570974938	32
0.038596154854415	0.83517319416186	32
-0.024698410231452	0.584545534467674	32
-0.089581211864528	0.491655220626204	15
0.11678984476398	0.379051742102138	11
-0.039853461558564	0.360607785497894	15
-0.02077784634491	0.35524416451203	15
-0.03938544234198	0.340136923587874	15
-0.0791770976206	0.342767384425006	15
-0.108410622665832	0.420436776092878	499
0.111365022847193	0.490962601273213	11
0.037093512446423	0.454637202891505	11
0.095319326574661	0.47247536381144	11
-0.060601531970606	0.443513030571083	11
0.12072743612259	0.64862990115768	89
0.0478313078109161	0.556396897906421	4
-0.054396748347095	0.162653299830411	371
-0.049250796755303	0.24504363237052	371
0.020556021233216	0.260455862929708	371
-0.049671271955906	0.159866625787245	4
-0.054396748347095	0.162653299830411	8
0.099154292262728	0.189491588058777	4
-0.109527950673619	0.246356375813936	4
0.038664853101601	0.47162800199228	44
-0.054273779065557	0.159335456313377	44
0.102546288055458	0.278614097614282	44
0.121909618906646	0.564112098327145	4
-0.117710438427904	0.243849854849285	44
0.104391995793308	0.188752160600622	147
0.104606269196918	0.197131496894388	147
-0.050440589207042	0.15662695845597	147
0.103885329091052	0.191922454954812	4
0.106261717682182	0.192838259478629	4
-0.04521798022827	0.25110060928267	4
-0.093367274972737	0.237270886887584	4
0.021379176338874	0.265541551625998	5
0.105326892600321	0.193060090298176	390
-0.00765769473406702	1.39391369441246	296
-0.061279742943411	1.09302060099063	296
0.094270410736961	0.797521223870417	296
-0.06684066288255	0.516277376328365	296
0.114133729635875	0.641390012252857	26
0.00783823393025995	0.345401173912052	13
0.0523027570939421	0.67674341988514	26
0.0363953494874411	0.626482881343929	13
-0.101192807264608	0.418814181362866	13
-0.040575978481257	0.361150515604838	13
0.073798151306026	1.05919000854492	423
0.023696531234483	0.368071764086516	423
-0.040926513785064	0.348507900280192	32
0.053740321627184	0.596154885872444	32
0.037905424850788	0.922133352007098	537
-0.090842896293072	0.336003343679395	32
-0.097080655042282	0.47015703070706	32
-0.116991762775561	0.50051169878722	32
-0.048200595245381	0.605678463601442	32
0.010147663227471	0.882862040634119	15
-0.00676882727984002	0.534681406065996	15
-0.012699977848127	0.608142426725856	15
0.074283905507695	0.558559603081885	11
-0.054478723911809	0.159509279653994	89
0.05976857982923	0.645975726271669	89
-0.03257511868331	0.604553240384517	89
-0.110526311943274	0.343735870889208	371
0.025203568718646	0.262106654860319	371
0.106261717682182	0.192838259478629	4
-0.048093121830906	0.164630247528037	44
0.112030549351912	0.588114260527427	211
0.026828513196236	0.449534460957848	211
0.104818692519225	0.191704651936722	147
0.108721732381752	0.196947833793611	147
-0.053350271499238	0.158369716511849	4
0.098225217898773	0.189702995214788	4
-0.118542930824909	0.244111673308143	4
0.10778529414349	0.193560761266531	5
0.108508617766097	0.18973330924381	5
0.106261717682182	0.192838259478629	55
0.00620207633229097	1.94420353238408	296
0.031088882317331	0.551526006202237	26
-0.030755060291141	0.346063853288457	26
-0.017756827777177	0.445334496009923	26
-0.074701701798194	0.347094485707954	13
-0.018017333552767	0.343859118291662	26
-0.092664620208829	0.331157041743158	13
-0.014807205569128	0.538818719851435	423
0.099986261256679	0.472090910322196	423
-0.020744193661935	0.337595062293877	32
-0.119636634446279	0.245577333867549	32
-0.088818365780079	0.339923066285878	32
-0.095488573473819	0.646904504417134	32
0.070193771471026	0.984264731722548	32
-0.021568590098334	0.58658339940788	32
0.089141233137617	1.03563369321265	15
0.018562780582713	0.264445159356791	15
0.04373174167616	0.701385666442671	11
0.017721827979978	0.777705577166754	499
-0.036501772466118	0.252107567910135	11
-0.008311136021663	0.459082039686006	11
-0.05269375213788	0.164143493470563	11
-0.124344328214434	0.400997414668161	4
0.074242267729602	0.635928584996334	8
-0.04718042661014	0.161705523270959	44
-0.04962209094639	0.340910753294578	44
0.074360448529141	0.641261641963227	211
-0.05269375213788	0.164143493470563	281
0.104818692519225	0.191704651936722	147
-0.084751870205242	0.434049524305332	123
-0.049007088152211	0.164550979721028	4
-0.010854280063169	0.358197890310605	5
0.104391995793308	0.188752160600622	5
0.104606269196918	0.197131496894388	55
0.103996231718518	0.186912196821499	55
0.098952681887659	0.190014654245685	55
0.011645803437217	0.810006656678442	13
-0.039705748634278	0.603971489429945	13
-0.073389696542547	0.516319582134435	13
-0.079762306981125	0.427809797773881	32
-0.076248993493419	0.717889279056669	537
-0.071423704907863	0.343053046830383	32
-0.116841842315759	0.243012779186524	32
-0.106241042209446	0.34228047257554	32
0.084185962932002	0.804680164017313	15
0.077369492069957	0.81072527607463	15
-0.01891577549508	0.338011817509712	11
0.0668962636266181	0.468760860077438	11
-0.05448162266695	0.35562741684244	11
-0.092972246586558	0.325519915575503	89
-0.084822737608982	0.246513620031382	371
0.10320803681388	0.281778725345855	4
0.104084301793186	0.282699508965466	8
0.105702127406654	0.281073847180921	8
-0.043354814838956	0.356897157236169	8
0.016373404257088	0.260679505826432	4
0.022131329782766	0.268668256898077	44
-0.049133442304851	0.158198954336204	147
0.103342170174344	0.280281513622501	123
0.098225217898773	0.189702995214788	4
0.104818692519225	0.191704651936722	4
-0.048881979633417	0.164035286059591	4
0.017266343051346	0.262199548559052	5
0.05580187947764	0.364579338064608	5
0.098952681887659	0.190014654245685	5
-0.049007088152211	0.164550979721028	55
-0.052568984511295	0.162709811063589	55
0.105540363795595	0.196883836529778	55
-0.074482765050008	0.55771629392547	13
-0.042569231681947	0.509055446802884	13
0.079025052114454	0.918388636016658	13
-0.081366916219912	0.514029775840657	32
0.0510120781761621	0.750373104821922	32
-0.12063326010927	0.587798555013297	537
0.071582794491478	0.567610944435098	15
0.104691449499809	0.274958709751939	32
-0.040365165190614	0.361601557635825	32
0.018422313865966	0.264498726595568	499
0.0198052350813011	0.261872713578516	82
0.020189882517987	0.369640353833139	11
0.0599572132748391	0.464755234742494	11
0.071582794491478	0.567610944435098	89
0.0734058320565521	0.554560584885147	89
-0.122927864606554	0.227297858270714	4
-0.050025030283348	0.244245400902474	4
0.02670808864771	0.261498085493582	4
0.107992218193391	0.283519262852047	8
0.100090984342607	0.474515780427632	4
-0.046421845584001	0.245066535374617	4
-0.049007088152211	0.164550979721028	8
0.10367210198169	0.19256980157576	211
0.102465766645332	0.279374152525266	211
0.108868771561863	0.28586578728005	211
-0.048093121830906	0.164630247528037	147
-0.048093121830906	0.164630247528037	4
-0.060435063269249	0.156174210742552	4
0.101671084120273	0.272299475650617	280
0.104818692519225	0.191704651936722	5
-0.049671271955906	0.159866625787245	5
0.104818692519225	0.191704651936722	55
0.017511310633489	0.455553195043367	13
0.114579255280931	0.915980173346575	13
0.065748630992827	0.951035002296768	13
-0.039425371102294	0.353144357009404	13
-0.04159129158121	0.803468456084934	13
-0.011300648517096	0.875868452540413	13
-0.019909569755182	0.458275584002841	13
0.078382688679456	1.09970611905887	13
-0.027986614931487	0.679515200122567	13
-0.027936028321152	0.649475579571352	13
-0.040911274061389	0.672324875598637	13
-0.094195236365032	0.429281926387946	13
-0.085740940929746	0.242859089652599	32
0.124983293082298	0.375447740413121	15
0.040539622781149	0.345743560294137	15
0.109445790014745	0.192936241963981	32
-0.039258184130823	0.255488161361273	16
-0.045879660168349	0.661364757977261	15
-0.05588083579032	0.600802365871916	15
-0.068470232801053	0.423093548665514	15
-0.054838729574268	0.429363263172069	11
0.00121241519955895	0.533742529230271	11
0.099514366829085	0.275463831623095	11
-0.049007088152211	0.164550979721028	11
-0.108980696224565	0.344342702123165	11
0.0842887289312531	0.711002139153552	11
0.017123773080375	0.261475350286528	11
-0.041445428823127	0.249227361360201	11
0.068079221384836	0.5410595334011	11
0.101881664702864	0.468916814666385	89
0.063522480114285	0.36041086593426	371
-0.049124921980601	0.246200346866513	4
0.015949063281214	0.368698845230478	8
-0.043561439412756	0.355060118039355	8
0.099326678656484	0.640026399326556	8
-0.113430562308851	0.243590878449249	4
0.085174688238207	0.441743508084706	4
-0.0533957566177	0.235107134014576	8
-0.049007088152211	0.164550979721028	211
-0.042515210734443	0.247402745917619	211
0.104691449499809	0.274958709751939	147
0.017266343051346	0.262199548559052	4
0.103342170174344	0.280281513622501	4
0.107992218193391	0.283519262852047	4
0.062589379168608	0.360950446737923	4
0.104606269196918	0.197131496894388	5
0.104606269196918	0.197131496894388	55
-0.057942993818106	0.157837135508987	55
0.109658093055625	0.193682993386016	55
-0.12224484158915	0.731392534807942	13
0.00620543540542595	0.453743943412938	13
0.10807082467979	0.495713500808795	13
-0.011286801146279	0.815599725308481	13
0.118572235661227	0.663267438426418	13
0.095948972837239	1.18625408599853	13
0.0625628638856081	0.632415796168838	26
0.026477887932068	0.924464583505399	13
0.021418336480922	0.983722169406256	13
-0.120989305089889	0.648633676768215	13
-0.014910021889804	0.802134378923006	13
0.076075715217245	0.651037222518636	537
0.118028585515322	0.374982113553647	537
-0.070839471904624	0.350512531727955	537
0.010681714304845	0.450937893494562	537
-0.104950081468005	0.602061875975466	32
0.085485793791238	1.10354264424577	32
0.0689212437951881	0.520995351459396	15
0.118351773132782	0.368450006604273	15
0.0182815813737091	0.258416251664534	32
-0.06491018649532	0.426987957188973	11
0.019682989081939	0.699869953744121	11
-0.011037649484902	0.358123569079873	11
-0.043272050791755	0.241400339922174	499
-0.055047950567545	0.160476366144499	499
-0.110733726717515	0.246363460020653	82
0.056579508932066	0.367021086101453	82
0.109004155777126	0.286758401658841	11
-0.114502203051713	0.551357503568191	11
0.108262673357259	0.284288120731487	11
0.055655428095732	0.647978972064334	11
-0.049007088152211	0.164550979721028	4
0.105326892600321	0.193060090298176	89
0.102810046974828	0.273967226038774	4
-0.060324584280397	0.151849516434672	4
-0.054396748347095	0.162653299830411	4
0.113587196412995	0.185709404618777	4
-0.077178213018836	0.343341781237288	4
0.106474383247089	0.192269360452443	8
-0.024326518876589	0.340773741391684	4
0.018136272082418	0.361939265153603	4
-0.08056251353917	0.337317470530491	4
-0.087680933887421	0.249142837322621	4
-0.045773856808487	0.246191636687776	4
0.105326892600321	0.193060090298176	220
-0.057942993818106	0.157837135508987	5
-0.054478723911809	0.159509279653994	5
0.01931869697198	0.263836258853038	5
0.020051972992553	0.756763264868628	13
0.100943438678018	1.11715618632558	13
-0.015758841629243	0.663981015608295	26
0.000772766452106	0.688322905924783	26
-0.076424245107802	0.645077740074566	26
-0.119995561414496	0.481877472518266	26
0.011816459176458	0.749901333513925	13
0.0948288229106909	1.25449985454036	13
0.00413587753741496	0.358365701884598	13
-0.047580157867313	0.793978262189137	13
-0.11467763959749	0.607428682254565	13
-0.096722669702596	0.674660851067324	13
-0.028984962629072	0.911924482141287	13
-0.062507999128818	0.588424034566168	13
-0.029821766638096	0.662485537421138	32
0.107061651358987	0.188640562085449	32
-0.096947344325796	0.738299177662426	15
-0.087556365064592	0.429876607343788	15
0.016373404257088	0.260679505826432	499
0.022131329782766	0.268668256898077	499
0.116008282684062	0.377923823481406	499
-0.086550327840883	0.239983694255054	96
0.077346502538571	0.474528601533433	11
0.118275120867486	0.639255902343942	11
0.023434502867323	0.568961032885519	89
-0.021255964789019	0.605543269601142	4
0.104606269196918	0.197131496894388	4
-0.05518586866497	0.158492564541135	4
0.011544904965804	0.250466494150636	4
-0.063969779010473	0.345423186777552	8
0.030881885556354	0.552281334768544	8
0.037793943415943	0.4563486274021	8
0.102333243049022	0.189586610153756	8
-0.048881979633417	0.164035286059591	8
0.077333485392551	0.564296587484601	4
0.061972478158325	0.365004490455589	211
0.109004155777126	0.286758401658841	4
-0.044442091907227	0.254061707010447	4
-0.031056640822727	0.248970840153653	5
0.033359640507187	0.255828912231099	55
0.103064184011693	0.189897014067851	55
-0.087148982257632	0.503211730650001	13
-0.024614018497185	0.906029055489252	26
-0.118414010488438	0.594590116571567	26
-0.030998045942275	0.922155677746978	13
-0.080132828326286	0.867663999452478	13
0.0945017201862069	1.23165690862906	13
0.00817887033647602	0.926646926930503	13
0.12290684180151	0.832332189884525	13
-0.049013057504068	0.589702654765753	32
0.029484771141475	0.911826986753733	537
0.048650099380799	0.945855102372177	32
-0.102463487912588	0.411196885627717	32
0.021329168208179	0.372919973981828	32
0.0135626425447239	0.258100856768668	15
-0.060324584280397	0.151849516434672	32
-0.059525616537211	0.1570054716999	32
-0.091582331959628	0.238831012668541	16
0.102465766645332	0.279374152525266	16
-0.113606480227941	0.506276794367777	15
0.044986458684566	0.551675541857201	11
-0.059929086344443	0.358405330204807	82
-0.091925330790783	0.350893406391601	11
0.0956019342744639	0.65158404296857	11
-0.083822625824073	0.434342686355306	11
-0.039641502665984	0.250290903166991	89
0.107196468509895	0.188500305764353	89
-0.101526804516144	0.340538989837817	8
0.097741923640618	0.488683435066972	8
0.116327180206373	0.366872576519589	8
0.102333243049022	0.189586610153756	8
-0.052819754606688	0.160006763411687	8
0.105540363795595	0.196883836529778	8
-0.089018892343341	0.33662425285544	4
0.031563353313539	0.459355089609213	4
0.024385627206706	0.262097086060961	4
0.059277926839297	0.464470881298833	4
-0.050687898126598	0.234215194879472	4
0.107196468509895	0.188500305764353	220
0.105540363795595	0.196883836529778	5
-0.049796172893354	0.163954801888234	5
0.104606269196918	0.197131496894388	5
0.103885329091052	0.191922454954812	55
0.122281233060707	0.745761436646707	13
0.012732315210938	0.46586952479684	13
-0.00350864924609501	0.541192275556353	13
0.00775040606824395	0.977655219474127	26
0.045829607310232	0.741265216562865	26
-0.086247253818958	0.694647069976839	13
-0.085135029005998	0.781831067141554	13
-0.10014749196186	0.765688109261078	13
-0.117451756978234	0.671738793281572	13
0.00389432105187704	0.955887768005091	13
0.074885971316818	1.25400116773325	13
0.035879835087511	0.949451597446246	13
-0.079599118575969	0.59463580793486	13
-0.044219235563856	0.661584180963834	32
-0.078810100028571	0.550165345022121	537
0.062617679199789	0.703139266318213	32
-0.113161084637614	0.244489086571738	32
-0.082287141457307	0.249889478280184	32
-0.00155325058217298	0.685708413163118	15
0.0223863645761589	0.618231099182583	11
0.030855733592113	0.698136068092584	11
-0.094941982030416	0.348858171836686	11
-0.12140136370369	0.428695340056739	11
-0.039633994215308	0.522180204097968	82
0.105326892600321	0.193060090298176	82
0.108721732381752	0.196947833793611	11
0.104391995793308	0.188752160600622	11
-0.031527513064624	0.514063309798265	89
-0.083852578214437	0.496179256826036	89
-0.044954168130517	0.240844143714154	89
-0.048874330829875	0.237581655219603	4
0.057021782596855	0.557912887010217	8
-0.080608945462003	0.35417754853246	4
0.046894560630442	0.544235529592172	4
-0.055047950567545	0.160476366144499	4
0.105540363795595	0.196883836529778	4
0.124740337123773	0.388445958412044	211
0.018016970730962	0.26300254652303	4
0.063035621568735	0.373866963109177	4
0.018562780582713	0.264445159356791	4
0.103342170174344	0.280281513622501	5
0.104818692519225	0.191704651936722	55
-0.122933450093658	0.440128875218402	13
-0.038056129081969	0.851846735901988	26
0.02939903151798	0.929070259739389	13
0.062319122230484	0.642165234378244	26
0.111145001159602	0.496338156314184	26
-0.040130796655231	0.431435232565081	13
0.027151422416801	1.06550335470362	13
0.022239231477623	1.01510062333097	13
-0.053997215080145	0.665975591707528	13
-0.00324780071330699	1.00732214925659	32
-0.067943837495615	0.820569014154295	32
-0.00576610448266601	0.355354317108593	537
-0.090701600674796	0.681699219684423	32
0.083861531820979	1.16509241967957	32
-0.00633735538581998	0.618628314241291	32
0.066784787461788	0.376684364314531	32
-0.039486615855804	0.343994280196334	32
0.105540363795595	0.196883836529778	268
-0.106485304241655	0.494389079939796	32
0.000425521411350993	0.96064954823857	15
0.096702259250845	0.797813931508713	15
0.109004155777126	0.286758401658841	82
-0.048350457254705	0.247008175803063	11
0.098508508821073	0.276082141118485	11
-0.048881979633417	0.164035286059591	11
-0.079249666201312	0.352209161153558	11
-0.00661668958545503	0.455830027291536	89
-0.098295708621375	0.505916221236658	89
-0.120228568967749	0.431083326672313	89
-0.049007088152211	0.164550979721028	89
0.123070703332628	0.378584291936377	89
0.010978300989506	0.449637624604412	4
0.0611707298284711	0.364066768197692	8
-0.098425256369721	0.336589804457565	8
0.121971359814956	0.385208523126645	8
0.104606269196918	0.197131496894388	8
0.105540363795595	0.196883836529778	8
-0.05323417741339	0.157776185080692	4
-0.048093121830906	0.164630247528037	4
0.0197331110112	0.257507047895228	4
0.073355620653461	0.477911635948081	211
-0.05269375213788	0.164143493470563	383
-0.034577629766745	0.253658174172123	4
0.119658850220857	0.389725573001474	4
0.0192699825327231	0.363224867782684	4
0.0930510916428871	0.263494551419062	5
-0.04718042661014	0.161705523270959	5
0.123529088471751	0.387579484817343	55
-0.05703527592797	0.157085368414133	55
-0.052529041311592	1.42924491013957	13
-0.11689868395771	0.487656193575984	13
-0.046415580517498	0.587995245385941	13
0.109635679817143	0.735496458439998	13
0.115160511128509	0.880294604784197	26
0.023516799727904	0.741504573459799	26
0.037705833884763	0.77286488721915	13
0.00223455444495202	1.30408555635176	13
-0.00194860086104398	0.455693432215196	13
-0.028011762496819	0.77330443617686	13
0.068569683726844	1.26799880780421	13
-0.099632099999876	0.68035558144835	13
0.106261717682182	0.192838259478629	13
-0.050930635075814	0.571804835062288	13
-0.056043174567425	0.618617887971083	537
-0.124811380724092	0.596364301515101	537
0.023901544947357	0.731961137189075	32
-0.053115432754599	0.785596815738512	15
-0.057942993818106	0.157837135508987	11
0.02020198760706	0.259048135745536	11
0.017498441891586	0.348231046411301	11
0.092700193082674	0.561291315808127	11
-0.064686125924041	0.401229866473007	11
0.117945624305655	0.783708654681592	117
0.0135626425447239	0.258100856768668	11
0.037389057187929	0.618746955505881	89
-0.101738058448011	0.417350130640515	89
0.024602384712629	0.622159909044632	89
-0.060553791501577	0.155588204672542	89
0.104391995793308	0.188752160600622	89
-0.035476914510151	0.254229439611178	89
0.023026019381616	0.26796864804726	89
0.00442360565345801	0.443723124779899	8
0.038959748409189	0.546442251576046	8
-0.049379930195322	0.441504126557519	8
-0.124897889186713	0.23579154393552	4
-0.105782682572963	0.337429966996775	4
0.064743690699698	0.376933765343394	4
0.063706135305363	0.373802088277128	696
-0.044865882984106	0.339878211628678	4
0.064283714423459	0.36474267484562	4
-0.080513584326597	0.2463075988535	4
0.015481087799036	0.257506042614489	4
0.109880723097922	0.284558081937262	129
-0.114893778212304	0.238814773363312	129
-0.03995224322624	0.897041720222379	26
0.00452636676534302	0.655547332600332	26
-0.074367994508158	0.590766067357661	26
0.117472305891682	0.483560205481071	13
-0.053851813781683	0.94960516105575	13
0.069868388785135	1.26707839901444	13
-0.030733948863877	0.873915981895234	32
-0.111086647776061	0.672170632606147	13
-0.033058071203539	0.680345631545998	537
0.091062935786789	0.556327400350324	537
0.048411350130158	0.984604731299822	537
-0.103045319574819	0.573368027021091	537
0.116075327794107	0.742782178431279	32
-0.051502445776357	0.515295305074368	32
0.00870760904689305	0.437852029043682	32
-0.124848619261379	0.333655652440223	11
0.017147512631264	0.248401158013041	11
0.102800686722297	0.497161317336316	11
0.097895482917508	0.270125663909549	11
0.0588451283816001	0.47105851849431	11
-0.045994251755852	0.244434833000318	11
0.066206617312945	0.484438020850395	11
0.012441604308061	0.251361788392157	89
0.043441919174365	0.47853502665958	89
0.122675363896354	0.661973127608396	89
-0.036814391558937	0.255979875256135	4
0.104084301793186	0.282699508965466	4
-0.05099027943335	0.160081878287683	89
-0.046099388595996	0.335717885262063	8
0.00663942884805702	0.533419574620828	8
0.010095410002438	0.525184508226065	8
0.0135626425447239	0.258100856768668	4
-0.085599631225082	0.245630752587527	4
-0.083275395616143	0.349767446744776	4
-0.057826140931256	0.159256179767351	4
0.103064184011693	0.189897014067851	4
0.0182371061218271	0.364892182172421	115
0.0135626425447239	0.258100856768668	4
-0.05703527592797	0.157085368414133	4
-0.05703527592797	0.157085368414133	5
-0.043305488157295	0.24918062892844	5
0.102333243049022	0.189586610153756	5
0.065839630628571	0.478709751592642	13
0.029207492238052	1.01123872847942	26
-0.089879086180647	0.671791735927861	26
0.08994006291116	1.14702380687108	13
-0.057742304638856	0.8778752847408	13
-0.06068809804438	0.973742615964598	13
-0.007223888165723	1.07443056302668	13
0.011371117036024	0.541589139463521	13
-0.076669169223166	0.891239344858423	13
0.106536763644659	1.24265398393291	13
-0.075438950212768	0.611423908033704	32
0.11531822528746	0.848055991388735	13
0.059953549374421	0.861469328387538	13
-0.00717479924540598	0.450498001190353	13
-0.117456394972795	0.640402755275959	32
-0.024527495954148	0.837815859952772	32
-0.033608328426303	0.751662387040035	32
-0.042952217549375	0.937142598156822	32
0.097819021660774	0.736811822980039	537
-0.120205832008096	0.426529094758211	32
0.022131329782766	0.268668256898077	32
-0.058734086718589	0.160049362864785	16
0.087080317125702	0.442495948456206	16
-0.122264275113328	0.628278003344929	32
-0.054413121722014	0.434851438555878	15
0.073064932772285	0.375605191978164	11
-0.052444261094658	0.155706243165721	11
0.102132045563891	0.186772939024416	11
-0.035381431469036	0.357974583634027	11
-0.055271155002654	0.498070044495948	11
-0.113777498633421	0.332750156706445	714
0.099597116417356	0.644557139501333	89
0.122750422278565	0.387765589625873	4
-0.05323417741339	0.157776185080692	89
-0.068463512193718	0.33019197893405	8
0.070147129237482	0.562549423900428	8
0.073029724855219	0.71297124159918	8
-0.094204929147304	0.325807577455111	8
0.023634554881356	0.267965507910143	8
0.104218517365508	0.279468185385514	4
-0.00592787853538801	0.363032529828554	4
0.105326892600321	0.193060090298176	4
-0.032684680259844	0.442408113473111	4
-0.047576373886063	0.245785035547106	4
-0.115127490993046	0.244067793191485	4
0.018016970730962	0.26300254652303	4
-0.022108823176031	0.348731538697045	129
0.104606269196918	0.197131496894388	55
0.0182815813737091	0.258416251664534	55
-0.084664068235528	0.942450678133519	13
0.093738792391332	0.563067482234365	13
-0.012572763722512	0.5332679756408	26
-0.027613233341833	0.788033334253244	13
-0.067588675118373	0.349239232882485	13
-0.052073292569287	0.662123110095087	13
-0.094913027182331	0.534991103589872	32
-0.00232801078507999	0.824970094363168	32
-0.108633398509078	0.604043918901184	13
-0.040605669546356	0.247992086942199	537
0.095564649599422	0.659941119619424	537
-0.063489359489177	0.519456300738464	537
-0.107066110437119	0.518010708812389	32
0.119874495545554	0.380263796423304	32
-0.053483547886427	0.163543065590241	32
-0.090889396931594	0.232853063212503	32
0.021845994723162	0.264148445478782	32
0.011837544931626	0.833898135700154	32
0.049733087816678	0.817479973773706	15
-0.054090515036223	0.421728007015071	11
-0.038486148490711	0.257198126986689	11
-0.039704814389578	0.244990745762086	11
0.00142529741618502	0.602814354026438	11
0.020485365455526	0.264579810621584	11
0.081427253986699	0.65935940180554	117
-0.079522418865918	0.246789497567481	89
0.103451578644489	0.471690407829423	89
0.0748498060687241	0.569634630700427	89
0.108644400092647	0.715243865031435	89
0.107997354893613	0.191805636940902	89
0.105540363795595	0.196883836529778	89
0.106474383247089	0.192269360452443	89
-0.055418711526186	0.341710181418946	4
-0.045010110289729	0.355175475563507	8
-0.044516021874043	0.350243897125488	8
0.103264546802094	0.186609396683707	8
0.101995862881307	0.261235779849998	8
-0.114521761136587	0.243121493181331	4
0.112452045910159	0.368226460368812	4
0.102599662308661	0.273002355761535	4
0.117844701643656	0.268518103483956	4
0.012192597658556	0.25064484439561	4
0.108508617766097	0.18973330924381	129
-0.054396748347095	0.162653299830411	5
-0.049796172893354	0.163954801888234	5
-0.008031479697659	1.55355316829544	13
-0.104543037396196	0.438434101847467	13
0.030942493629705	0.458640395274822	13
-0.120333189294823	0.565063613888964	26
0.00268186255115999	0.826044437327498	26
0.00211000384228899	0.885765641397131	26
-0.033973576065892	0.439422995791397	26
-0.103198587018181	0.800886877411672	13
-0.016474859897817	0.733184358851148	13
0.068561443842769	0.486050327280042	13
0.075001252720737	0.802158203209968	13
0.087911008940305	1.23474561167197	32
0.045069558915612	1.08151509368061	32
-0.010391060498181	0.782970522200065	13
-0.050947970470809	0.670233243164642	32
-0.110215839940445	0.677504763225873	32
0.02439786486239	0.537494259330406	537
-0.070837819723174	0.428594480231889	32
-0.0484769443487	0.243847892884992	32
0.121828013920355	0.382065221314065	32
-0.047197386545377	0.242338940429164	32
-0.092882905713887	0.585384557119003	32
-0.056203727519857	0.587884221345857	15
-0.028890674108681	0.360041332195443	15
-0.015297585294254	0.361329480067707	15
0.044296354093139	0.597498786379512	11
-0.076266082859856	0.341355396811055	11
-0.048093121830906	0.164630247528037	11
0.104391995793308	0.188752160600622	11
0.00752279559574598	0.458759127767325	11
0.016373404257088	0.260679505826432	89
0.025858160831542	0.624080023650343	89
-0.123775284682128	0.423317428574588	89
0.014118459905971	0.46292528411814	89
0.122894044494142	0.388313864335584	89
0.11231124831146	0.277687092498273	4
0.065583029265922	0.557482417135347	8
0.010099790567367	0.435417429431889	8
0.0664665274181661	0.377078071008087	8
-0.042765651121745	0.255103889289855	4
-0.052819754606688	0.160006763411687	4
0.021485614185658	0.258239817591706	4
0.106474383247089	0.192269360452443	5
-0.055267300543933	0.158939031402633	5
0.108721732381752	0.196947833793611	5
-0.053483547886427	0.163543065590241	5
-0.058734086718589	0.160049362864785	55
-0.093687682499476	1.37906802178496	13
0.066388764210758	0.458808973237233	13
0.00135226178524295	0.732648798097429	26
-0.107718499721996	0.338320993237798	26
0.0636783128941391	0.80375803365134	13
0.113110354160054	1.46109708722752	13
-0.020945642634012	0.735345014059777	32
-0.061880189392044	0.641147149278379	32
0.111194470031709	0.884050567762373	32
-0.043500604844165	0.669462903136144	32
0.110046558802365	1.08050034742088	32
0.112571189614416	0.963898128468211	13
-0.033491452537487	0.574021871218035	32
0.109592693251256	0.90887138450798	32
0.01484059417355	0.813923447627222	32
-0.047354961108414	0.778846044954719	32
0.023811768380679	0.65749492979081	537
-0.122262869177779	0.241811089019516	32
-0.020617173231242	0.351114079861024	32
0.077131290289734	0.643080994173442	32
-0.047304698091997	0.161380339856324	32
0.031851739655796	0.256344555650497	32
0.102951892153332	0.187666021664002	32
-0.119883615082139	0.602480557569698	32
-0.083939871527861	0.500595968368647	32
0.021534724490641	0.863937740999555	15
-0.054965869733011	0.418436437566112	15
-0.074881093343798	0.433142057138871	11
-0.057826140931256	0.159256179767351	11
-0.079382278063251	0.247785180997491	11
-0.05323417741339	0.157776185080692	89
-0.07097808477573	0.401219406965311	89
-0.121060853044545	0.237051418728743	89
-0.048881979633417	0.164035286059591	89
0.023921328272516	0.265413149462623	8
-0.114003071350378	0.326059405623104	8
-0.060435063269249	0.156174210742552	4
-0.050585692351603	0.159777271310314	4
0.122894044494142	0.388313864335584	115
-0.11507992280737	0.247932814637889	4
0.022883122518383	0.269500005090112	4
-0.053608043803381	0.163248539578346	4
0.023634554881356	0.267965507910143	129
-0.054140417197566	0.160561104882777	55
0.103885329091052	0.191922454954812	5
-0.059643305699675	0.159185418917069	5
-0.053608043803381	0.163248539578346	5
-0.001909094385386	1.64779230116865	13
-0.027880272049431	1.62952201388557	13
0.071354324224168	0.73101666681648	13
-0.012572483893169	0.449719764431329	13
0.121426840359461	0.57886762225467	13
-0.01087231555516	0.901957796450781	26
0.03819577739627	0.883937062194845	26
-0.067427563706712	0.661770487141349	26
-0.102620354646353	0.735884120418484	13
0.09776467661481	0.275355275525869	13
0.054433463424572	0.45431098296425	13
0.024696985361485	1.15612186069683	13
-0.025588997495892	0.831550388268817	32
-0.055882014358462	0.769201714880657	32
0.10107911548209	1.26402308172032	32
0.045383755932497	0.793144868098373	32
0.000343739607369997	0.606677802782922	13
0.077374378095082	0.946843869129344	32
0.112501214489606	0.9645617036593	32
-0.094191246702953	0.656916145496436	32
-0.043128222945066	0.525680043800666	537
0.037398512623531	0.455954437757104	537
0.120653121484137	0.380100343672379	537
-0.0000361166820609937	0.616348688294651	537
0.104164224719083	0.275811399836544	32
0.014858898263298	0.24770425442627	122
0.017268650029955	0.458490030656283	32
0.101457998678799	0.482346376999448	32
-0.051904391362073	0.160861783334034	32
0.063810968477409	0.375077357856611	32
-0.043305488157295	0.24918062892844	11
-0.057942993818106	0.157837135508987	11
-0.04965116637083	0.154626034711936	11
0.099882495694625	0.189802499735134	11
-0.053483547886427	0.163543065590241	11
0.0114150785598131	0.456001153984307	11
-0.019251865012485	0.344640154891778	117
-0.088547433165477	0.425577587101176	89
-0.097603495002063	0.423760269110718	89
0.109658093055625	0.193682993386016	89
0.107997354893613	0.191805636940902	89
0.103342170174344	0.280281513622501	161
-0.058734086718589	0.160049362864785	161
0.106263773197663	0.182556543505564	161
0.10320803681388	0.281778725345855	8
-0.092504761418908	0.238000573175348	8
0.105702127406654	0.281073847180921	8
0.053983964353766	0.551274440565778	8
-0.00532149932174703	0.447203474159361	8
-0.085361211434771	0.234067922264516	8
0.11664583977958	0.376710640351026	4
0.10367210198169	0.19256980157576	4
0.016231197916366	0.258285355627221	115
-0.086901595975242	0.249197322395446	4
-0.08334839720204	0.246151343204344	115
-0.043947619877214	0.248287769938849	129
-0.05269375213788	0.164143493470563	129
0.104818692519225	0.191704651936722	4
0.118721900126122	0.268689087608645	5
0.107061651358987	0.188640562085449	5
-0.053608043803381	0.163248539578346	5
-0.124146835778635	1.28188626399508	13
0.014020848718475	0.46403975060618	13
-0.029935747014638	0.652081645450075	26
-0.105181746545534	0.753909299825869	26
-0.10603914001496	0.661850709269072	26
-0.100012479173979	0.81994951395928	26
-0.082940734110383	0.440784194413265	26
-0.017038751193055	0.687973237109548	274
-0.080976615280313	0.576867196378085	26
-0.083994260033842	0.850617925508655	13
0.070625505351001	0.487365141655185	13
0.103733328769068	1.1877494287473	32
-0.111289717726082	0.413482238442848	13
-0.05099027943335	0.160081878287683	13
-0.111282637070222	0.346344248206848	13
-0.046611139192951	0.742368790282575	13
-0.054328054597208	0.522575915559733	13
-0.026912567981525	0.851188723328158	13
0.083988726392427	0.853096455866517	32
-0.067941115099717	0.633101937506888	537
-0.07816139483178	0.343877956523642	32
0.020729307670785	0.258791633330516	32
0.064171172790564	0.715987369762129	15
-0.094664898879947	0.521676763773854	15
-0.112382917244607	0.480502849855979	15
-0.113454968948884	0.341524214568732	11
0.05502385075058	0.359349944663916	11
0.021929452857526	0.362670624208535	11
0.031936748089035	0.448183418800444	11
0.102333243049022	0.189586610153756	11
0.113587196412995	0.185709404618777	11
-0.049671271955906	0.159866625787245	11
-0.008582558873165	0.36789614266804	11
-0.038614141670764	0.257019610648656	11
0.11678984476398	0.379051742102138	89
-0.089381207917853	0.246554109078908	89
-0.068120878473327	0.506371510845944	89
0.040461472078335	0.472002694599974	714
0.011298097728318	0.25049261598941	89
0.108397661849915	0.274858118548049	89
-0.05703527592797	0.157085368414133	89
-0.050866334334427	0.159845968273198	89
-0.039892414985616	0.252917678131143	89
-0.047969057130315	0.16113278421714	161
-0.06339932266562	0.352502617987515	8
0.0684632420654659	0.46477461214014	115
0.103885329091052	0.191922454954812	4
-0.056919474729221	0.155963322772062	4
0.12396078264066	0.382838179462388	115
0.012053309464667	0.256608863871659	115
0.108868771561863	0.28586578728005	115
0.117667677360602	0.367700789704051	115
-0.051779414584004	0.163302427940867	4
0.106261717682182	0.192838259478629	4
0.108262673357259	0.284288120731487	5
0.00969856374278	1.62635227055172	13
-0.086303174729344	0.74451849018032	13
-0.075526839155888	0.759337935082949	13
0.039099478038692	0.762641011151235	26
-0.116684968589436	0.621917891095919	274
-0.113164467309751	0.321163010268944	26
-0.109182565962538	0.638173171265179	26
-0.019288551361574	0.350504821124232	13
-0.074635010232101	0.795950349031535	13
-0.045851702544068	0.980381115215621	13
-0.040284050014207	0.888124250335279	13
-0.037365430361787	0.739182540420179	32
-0.097681675906883	0.720433075758029	32
-0.076150960451423	0.647779602247103	13
-0.065416977765012	0.828441250241037	32
-0.066516136796347	0.663681341343179	537
-0.068434775867409	0.496789922324768	32
-0.013997018089728	0.444288422943186	32
-0.037794200253012	0.441938955340247	122
0.101851417166411	0.494997114494991	122
-0.067711838748981	0.514933448954718	32
-0.047528524603789	0.495123259606626	15
-0.077442381702302	0.351325936723758	15
0.000964273964892959	0.619824791670473	11
0.08528481571623	0.64406090034678	11
-0.083620669020219	0.245914722528187	11
-0.05269375213788	0.164143493470563	11
0.110382885599145	0.189869757277567	11
-0.052819754606688	0.160006763411687	11
0.105326892600321	0.193060090298176	11
-0.041597405432323	0.347302036836101	11
0.100975315342588	0.899153258290264	11
0.063133500821475	0.463678862692858	11
0.064907487046628	0.479534418556777	11
0.093827301110905	0.571884402424725	11
-0.052819754606688	0.160006763411687	89
-0.111313377760052	0.417272234881772	89
0.117266263840584	0.741066195173184	89
-0.060435063269249	0.156174210742552	89
-0.086901595975242	0.249197322395446	8
-0.080608945462003	0.35417754853246	8
-0.019046431757203	0.342771166193277	8
0.100257918701995	0.276188097828727	1
-0.085773403097264	0.240833273750966	177
-0.082985438591504	0.249460576270705	177
0.018159904579824	0.262328204106373	115
-0.088761475793576	0.238578221060933	115
0.013703178661705	0.25881596286812	115
0.121971359814956	0.385208523126645	115
-0.041828060880545	0.250192331462889	129
0.105540363795595	0.196883836529778	129
-0.052568984511295	0.162709811063589	5
-0.054396748347095	0.162653299830411	55
-0.093390556676628	1.8476060505285	13
0.084402507935943	0.88547318176537	13
0.066381835197844	1.28003527054741	26
-0.123035339960708	0.436790628096856	274
-0.048733940210622	0.722863744546679	13
-0.047969057130315	0.16113278421714	13
-0.11747876351339	0.425043905912811	13
-0.041317856708132	0.747131082406774	32
-0.065829053219314	0.521395193389043	32
-0.075455865936459	0.247102470403147	32
0.084257740128436	0.611368552769702	32
0.104391995793308	0.188752160600622	122
-0.058734086718589	0.160049362864785	122
-0.12258606389497	0.229162928564645	32
-0.118144791342243	0.480866999526825	32
-0.087758067423167	0.635632346670939	15
-0.112077377879622	0.432154004190016	15
0.036019484833866	0.531107805346009	11
-0.030426294121628	0.439592354502383	11
-0.052819754606688	0.160006763411687	11
-0.050866334334427	0.159845968273198	96
-0.054478723911809	0.159509279653994	11
-0.098815795350398	0.410470627759929	11
-0.098192401559634	0.338821372328025	714
-0.056705216732357	0.496665445898371	89
-0.093970335336804	0.476065196609026	89
0.104826057528392	0.281899977544189	8
0.022131329782766	0.268668256898077	8
-0.077901383058977	0.35528030060804	8
-0.124201514506925	0.236748991643261	8
0.016980949342459	0.256909465392858	177
0.10778529414349	0.193560761266531	177
-0.036648789432391	0.357070487114614	177
0.058174656692637	0.35414831575201	115
0.061994806567092	0.378672921973288	115
0.097874083560232	0.46688569272283	115
-0.05269375213788	0.164143493470563	4
-0.049007088152211	0.164550979721028	5
0.108721732381752	0.196947833793611	55
-0.058851985246589	0.157000954192857	55
-0.030646440311797	0.602828565031777	13
-0.09369230991051	0.49530636776256	13
-0.069411726961152	0.885711470440736	26
-0.043006016920432	0.905162950837926	274
0.0204303956691571	0.672859352798735	274
-0.001567146228315	0.731806626039131	26
-0.104904497629472	0.724916799703694	26
-0.078070367822684	0.847840420090679	26
-0.104471464350246	0.478157727830045	13
-0.027221078141949	0.947042944941241	32
-0.123414333653059	0.581064768998106	32
-0.095494709206193	0.635964216712587	32
-0.024504703578676	0.864949953586555	32
0.104691449499809	0.274958709751939	32
0.034705323029779	0.552976150415098	122
0.06512774212568	0.47855625705317	32
-0.047853457989002	0.727191128958079	15
-0.123184940962857	0.674254684665316	15
-0.030089089070834	0.833595414518516	15
-0.013049710998279	0.516081635025461	15
0.109004155777126	0.286758401658841	11
0.104960510267326	0.281862438284125	96
-0.057942993818106	0.157837135508987	11
-0.055976800877571	0.228470233316531	11
0.01961615839982	0.371491826939462	11
-0.049682493773491	0.430084748535618	11
-0.091689569803005	0.316825189896128	89
0.02075158879842	0.696718752646859	89
0.096123419789408	0.548989144271302	89
0.093264236250021	0.251313632214735	89
-0.084046235300072	0.245990138249336	89
-0.050711630521416	0.160705257369509	89
0.016657051548631	0.252564050975208	89
0.104606269196918	0.197131496894388	89
0.097422298512769	0.479046391774958	8
-0.084269299687391	0.420504222866329	8
-0.037580446891439	0.355421915920056	1
-0.049796172893354	0.163954801888234	1
-0.112954381480648	0.334973295154691	177
0.010542731861619	0.436533060539552	115
-0.093367274972737	0.237270886887584	115
-0.112699600072769	0.312609266699925	115
-0.05269375213788	0.164143493470563	115
-0.118867546906817	0.245039094484477	4
-0.056321570397083	0.352954112106953	115
0.106261717682182	0.192838259478629	5
0.109745262879566	0.285932577104552	55
-0.059653260170748	0.967380982059427	26
-0.020741067163884	0.821903507168009	26
-0.070724909853076	0.746588427711219	26
-0.024118083044138	0.936824115684395	26
-0.076183198878338	0.674505983227787	26
-0.00776321260843199	0.887773818935042	26
-0.063931023501569	0.745417695476398	13
-0.091481079075827	0.795680993832502	13
-0.011714712871117	0.828790128221927	13
-0.00124144279332	0.73441503494881	13
0.00345303599795399	0.702079534166402	32
0.10778529414349	0.193560761266531	32
-0.100738200089065	0.505193225741447	13
-0.083000818141958	0.478500487098674	32
-0.037781306653545	0.670833466888671	32
-0.00954376626501102	0.847402783585173	32
-0.080751090222462	0.677539989142263	537
-0.043673904675033	0.58380659089572	32
-0.028933215560749	0.67701069266074	537
0.097897801779384	0.645440648257844	32
-0.06269616808636	0.350185603157894	122
0.115894595165435	0.745698406558318	122
0.048289541555997	0.755435534398606	32
-0.017157497563196	0.531308647779748	32
-0.000244976459343016	0.685426251786732	15
0.02282030248624	0.838483981526244	15
0.072741236759253	0.550820450737004	11
-0.031987046685894	0.34262309323231	11
-0.059716930844127	0.356753305422584	11
0.081432064086631	0.787531591844106	89
-0.000119419603397009	0.436809631956602	89
0.059431887417386	0.532741542539569	89
-0.039042536623103	0.506355830199479	89
-0.053024628812752	0.429845590186892	89
-0.107115173695117	0.245579943693596	8
0.063418692204585	0.469177094940695	8
-0.055180955020212	0.354426618126567	1
0.122235370098023	0.652568586345848	1
-0.113358028078356	0.24299936995097	177
-0.038287037419445	0.350668430183927	177
0.104960510267326	0.281862438284125	115
0.0695554152413051	0.359699478497171	115
0.105978237709055	0.26672582994841	115
0.104691449499809	0.274958709751939	115
-0.054273779065557	0.159335456313377	4
-0.05099027943335	0.160081878287683	4
-0.053608043803381	0.163248539578346	129
-0.054396748347095	0.162653299830411	4
-0.054257575837671	0.158280220973852	4
-0.038340934648744	0.246546369878763	4
-0.087295070436674	0.239809926446119	98
-0.051904391362073	0.160861783334034	55
0.104391995793308	0.188752160600622	121
-0.012548980615733	0.981583688501991	26
-0.050123318071386	0.832539169094545	13
0.111556141345471	0.477950141951145	13
-0.062941004145031	0.651993698232886	13
-0.026691433551058	0.773787008343692	32
0.013589548927974	0.851111472773281	32
-0.119368646034038	0.503394775028201	32
0.092061992430457	1.01304365906389	32
0.073649089513348	0.938539823792402	32
0.052592850140492	1.03184929121408	32
-0.01535879636311	0.667129238935194	32
0.014354593927983	0.837370725074001	32
-0.083542574385784	0.664889046028639	32
0.013139542960905	0.86241101505096	32
-0.088891302835142	0.651042098409948	32
-0.047304698091997	0.161380339856324	122
-0.061527750792338	0.717863985419485	32
0.103685329418283	0.272018066609897	11
0.018910791265944	0.263130349569801	11
0.041541235887069	0.624610738420343	11
0.00703323665917	0.535437129972955	11
-0.114642978188142	0.422778458095522	11
-0.042276915519553	0.24953303557013	89
0.022280272014413	0.371290010412115	89
0.120018868860289	0.377887490440612	89
0.0742984667319701	0.553138191073217	89
-0.019185341899448	0.53002304606369	89
0.12451228654301	0.388594247802718	89
0.099154292262728	0.189491588058777	89
-0.058851985246589	0.157000954192857	89
0.012948070075397	0.256751409647896	8
0.107196468509895	0.188500305764353	8
0.118734446519002	0.386544271800609	8
0.013704781743812	0.34998022507664	8
-0.039385567295275	0.257013998905081	8
0.097005643365679	0.482787288794137	8
-0.049922319184628	0.161280171398461	177
0.104606269196918	0.197131496894388	177
-0.00733382004219002	0.446960402521006	177
-0.039258184130823	0.255488161361273	115
-0.078509937149472	0.249277470114438	115
0.0536949189470169	0.351308055679294	115
0.105326892600321	0.193060090298176	115
-0.030805792590433	0.249719093586136	115
-0.044075875010255	0.249157107204173	4
0.121576581680906	0.380182128552919	129
-0.049922319184628	0.161280171398461	129
-0.052568984511295	0.162709811063589	4
0.109445790014745	0.192936241963981	5
-0.053608043803381	0.163248539578346	98
-0.099860754273475	0.863509919303565	13
-0.035147145632316	0.677401718761279	13
0.00968868943569201	1.17975275178432	26
-0.098171965572265	0.724558790032226	26
-0.115898967154291	0.496184573847113	13
0.038869142409832	0.538618340469957	13
-0.02387560568466	0.662073016487865	274
-0.00664479976459298	0.520799289627388	274
0.105840646945902	0.964846418289474	274
0.036084535927072	1.26542427968073	274
-0.10416311386905	0.705083271686269	32
-0.022315705521628	0.897027604648671	32
-0.087850630779382	0.648320801293232	32
-0.085740641686372	0.588533798584338	32
0.0234999300261191	1.01496327350934	32
-0.052049805644812	0.731751137539744	32
0.0259784094296081	0.751098206468861	32
-0.120116467356258	0.677656398634383	32
0.074647136087117	1.0072907097522	32
0.016593512439506	0.843601827506697	32
0.031866912239007	0.554342460760668	32
-0.020243322340039	0.828549141161158	32
0.041079213195819	0.94442785613677	32
0.024448179906464	0.920283699493474	32
-0.061438505019685	0.43629227637995	32
-0.085139011492732	0.617620754599787	32
0.025243933980144	0.891558942992282	32
-0.092817353173388	0.489757594579891	32
0.105311854237816	0.583841571321145	32
0.02475808687749	0.545009501254639	32
0.102333243049022	0.189586610153756	122
0.10320803681388	0.281778725345855	122
-0.042253418006605	0.340537606757714	32
-0.07490156149378	0.501846506238363	15
0.021549461834903	0.461898901257591	15
0.110885615585833	0.936052769439154	15
0.007345350254647	0.454948647445046	82
-0.043947619877214	0.248287769938849	82
0.012948070075397	0.256751409647896	11
0.104606269196918	0.197131496894388	11
-0.055267300543933	0.158939031402633	96
-0.074069124055287	0.32723048887102	11
-0.035012839943597	0.246945044204074	11
-0.032603105252021	0.247378482507571	11
0.123049768483097	0.670186783187655	89
-0.019647891909556	0.357834413178848	89
0.016910638352521	0.262955097225191	8
-0.066351414403845	0.432030250744525	8
-0.092411741381746	0.346247295518308	8
-0.018233804188787	0.440761769934752	8
0.036117900437948	0.464934550209587	8
0.043677559109681	0.521369664293294	8
-0.05518586866497	0.158492564541135	177
-0.084681154810507	0.247728707908133	115
-0.064279397595821	0.40917241347278	115
0.105540363795595	0.196883836529778	115
0.021988792302724	0.268514362548403	4
0.060125154724071	0.376639086300985	115
0.104606269196918	0.197131496894388	129
0.105326892600321	0.193060090298176	4
-0.059525616537211	0.1570054716999	4
0.104606269196918	0.197131496894388	4
0.013703747075749	1.04058859619944	13
-0.062684540550844	0.670481850670247	13
-0.040168608591822	0.582659452504594	13
0.114266689945811	1.65339569009232	26
-0.118842271408507	0.723187559598878	26
-0.122122539392302	0.49702435306175	13
-0.112590732463347	0.243311668286022	13
-0.095130340149627	0.504676238351859	274
-0.05698943462928	0.932985147799613	274
-0.073049405331925	0.801461803571053	32
-0.051196358905218	0.929900336368919	13
-0.014503166382109	0.861087115035294	32
-0.099170885059039	0.645841417393316	32
-0.019143516054423	0.627452350620207	32
-0.025067793013132	0.601144560034228	32
-0.113850433499591	0.561681410680941	32
-0.124128978354848	0.518853733773293	32
0.105077231357061	1.17085699463198	32
-0.092477160624063	0.537754348899247	32
-0.00335389298264799	0.451917013021226	32
0.122894044494142	0.388313864335584	32
-0.116824787692242	0.242271365941755	32
0.022883122518383	0.269500005090112	32
-0.082208887473027	0.248915850794463	32
0.022381818341436	0.260387860977927	122
-0.093540286198657	0.678012777453788	32
-0.120592047714098	0.594831358185451	15
0.119795273974319	0.746714004956643	15
0.121334665303727	0.371364090434657	15
0.105751979905555	0.18742080585834	11
-0.050866334334427	0.159845968273198	11
-0.088319973747816	0.243515517777662	11
-0.04348684747336	0.344321007005417	58
-0.03372403298966	0.439568018383921	89
-0.024643277228596	0.535987399020835	58
0.022602147270388	0.573393729610119	89
-0.048861061188471	0.441017335896505	89
0.108868771561863	0.28586578728005	89
0.025717530153675	0.252262766772098	89
0.099383244999364	0.276978097840754	8
0.104606269196918	0.197131496894388	8
0.109139380252893	0.282140594101323	8
0.101764673810875	0.584515965386879	8
0.078420497823355	0.571029014794356	8
0.115864707103537	0.378950448598002	8
-0.064770263842549	0.428677838994907	8
-0.121228765763095	0.23196762376887	8
-0.00546864050956303	0.439456556501541	1
-0.078368046985163	0.250059546325834	115
-0.05269375213788	0.164143493470563	115
0.070148480883378	0.377485061930796	4
0.018910791265944	0.263130349569801	129
-0.051230447315616	0.153840203446261	129
0.106261717682182	0.192838259478629	4
0.050431156181133	1.23493176390926	13
0.054277758958951	1.21274040391927	26
0.018136138843332	1.10480054383648	26
0.078993431674079	1.29523369627497	26
-0.034770343968828	0.91190917749338	13
-0.110907782340606	0.781975130600162	13
-0.123467351103936	0.657562755974863	13
-0.066189512043971	0.587892228583392	13
0.0656907677215109	0.64863641411653	13
-0.062702779205944	0.587962157622818	274
-0.061043373675587	0.91228198213986	274
-0.105135533526671	0.83887635335574	32
-0.071616409941573	0.815697013404342	32
-0.015022708252796	0.790452727871674	32
0.017006772233556	0.542981643996371	32
-0.075007613722181	0.67297047116561	32
-0.04190778234186	0.758895556389129	32
0.0595487570647401	0.877391860309373	32
0.037867799994887	0.625103217091679	32
0.05295314448094	0.79342137745591	32
-0.054311341766709	0.749819576075625	32
-0.120649128609459	0.533546823499867	32
-0.116056725825581	0.243785330106676	32
0.0923142432352611	0.448742466837802	32
0.072566440912965	0.568448446755655	32
-0.027264529170969	0.357816533203358	32
-0.05703527592797	0.157085368414133	122
-0.036782458947756	0.245725582412002	32
0.00818247864497101	0.773520943212458	32
-0.113358028078356	0.24299936995097	15
0.03538588505332	0.671499224629041	15
0.029068187839371	0.631929045965657	15
0.024673640536899	0.266222754204137	82
0.106209547102151	0.474185899270054	11
0.098952681887659	0.190014654245685	11
0.123735023729332	0.662513359767544	96
-0.08505952592523	0.247193980024389	11
-0.108021624956938	0.434561957484844	11
-0.116337291158884	0.517197759264521	11
-0.00671955991690898	0.359179121556508	11
-0.104949987338615	0.344598122822148	58
-0.032987727222174	0.524468850243698	58
-0.055956771070157	0.157344630340008	89
0.107196468509895	0.188500305764353	8
0.024529763608477	0.267278940104342	8
0.047712673219922	0.332328965026396	8
-0.00927703976701	0.442792158507075	8
0.062930026691047	0.377020612155696	8
-0.120578321635454	0.339895799148178	8
-0.018485134620714	0.360473775350308	8
0.067849323289112	0.487030011957476	8
0.102678249169083	0.280156143335542	115
0.012278041124189	0.356592236175433	115
0.00924237349998203	0.34849966958112	115
0.018159904579824	0.262328204106373	115
-0.115734037906088	0.239068117238038	115
0.102465766645332	0.279374152525266	129
0.107250832690915	0.284325648817411	98
-0.043792178651441	0.251985988681451	55
-0.05269375213788	0.164143493470563	55
-0.0735482504405	1.22731105042248	13
0.08356085050915	1.18610689315571	13
0.0193389547160781	1.7021955013622	13
0.080062506860875	1.61364007183786	26
0.09256331397072	1.29987370587011	26
0.108319475553995	0.961317992654317	26
0.087377027235367	1.00696373490116	26
-0.11057151516719	0.770539901939215	13
-0.021479510209946	0.915034795238499	274
-0.025461359489576	0.754228502550517	274
-0.082041142845633	0.79036451623664	32
0.03192456294901	1.03732289761007	32
-0.074759332981067	0.716708832574918	32
0.109445790014745	0.192936241963981	32
0.105477372811062	1.04268687506657	32
-0.092071779403724	0.523832532869075	32
-0.089182878732739	0.434217737146336	32
-0.014613488365111	0.969143507949485	537
-0.078519521303687	0.342542310737538	32
0.014598823501619	0.257606478919145	32
-0.119245789798613	0.230737674708875	122
-0.00434936155530002	0.602461692200896	15
-0.079382278063251	0.247785180997491	96
-0.064876597332128	0.33654659535319	11
-0.021362813710689	0.350845778461523	11
0.080961257916793	0.650204299610973	58
-0.055368072734766	0.581667078494696	58
0.024692915164659	0.619692147827644	58
0.123529088471751	0.387579484817343	89
-0.057826140931256	0.159256179767351	8
0.017684722148218	0.340732623160169	8
-0.104885112001933	0.339787395803803	8
-0.055970729982829	0.356435050267374	8
0.073064932772285	0.375605191978164	8
-0.085826344916446	0.244539409396148	8
-0.049796172893354	0.163954801888234	8
-0.063900765226005	0.150442642531621	177
0.109445790014745	0.192936241963981	177
0.103885329091052	0.191922454954812	115
-0.071768027917603	0.42589558870291	115
0.106261717682182	0.192838259478629	115
0.106261717682182	0.192838259478629	115
-0.115404342073678	0.2420106349743	4
0.123673138853299	0.390913339634206	115
0.120797923365994	0.380344452033418	129
0.108397661849915	0.274858118548049	129
-0.019455148303956	0.348885235098995	129
0.017123773080375	0.261475350286528	98
-0.059643305699675	0.159185418917069	4
0.093924431628188	0.264323328133492	98
-0.052568984511295	0.162709811063589	98
-0.047225616964923	1.43559515983941	13
-0.060923483908216	1.16914837681665	13
0.034081984160361	1.43398089425679	26
-0.028253706106785	1.00331484567362	26
-0.06834836258406	0.941338668209121	26
-0.039452100271554	0.915433741622553	26
0.059366288014659	1.17696933140991	26
-0.001648321149395	0.779134737769701	274
0.032284634446299	0.654599404012976	274
-0.045331740270202	0.5021206739508	13
0.117072637394376	0.73894022587598	32
-0.046949966184679	0.908477111911931	13
-0.00605243590827598	1.06886122349292	32
0.00483148280939605	0.964323222758046	32
-0.065473562664361	0.88223019168019	32
-0.082814561167177	0.745027485585209	32
0.00574412214634001	0.90919890085218	32
-0.007447898057096	0.877808896113745	32
-0.087865650970648	0.68988992366871	32
0.0372707249306981	0.926206937242996	32
0.078218260461617	0.956550363219118	32
0.042372604202834	0.929553153438528	32
-0.092272146892827	0.643683543857286	32
-0.120050495343948	0.338721225434407	32
-0.102542123046264	0.655453389575001	32
-0.096064278894278	0.536841990969513	32
-0.110486102846161	0.247467524378863	32
-0.083207391843846	0.249630193831506	32
0.100441420398537	0.729163409128915	32
0.07892562406088	0.476313640178498	32
-0.046392229956565	0.158634175449786	122
-0.091499558619374	0.638531656525752	32
-0.062734753194132	0.771521488732176	32
-0.122527594393523	0.580913876235954	32
0.086054449024373	1.0028834881341	15
0.067501250398803	0.85859077301719	174
0.078012023867627	0.645684657221694	174
-0.119287932670922	0.429252024700226	174
-0.097472672307739	0.506373568600461	174
-0.05314941878865	0.228540273611929	11
0.018159904579824	0.262328204106373	96
0.011913760001184	0.257174825088047	96
0.108721732381752	0.196947833793611	11
0.028696552824107	0.549935368394127	11
-0.12108734966605	0.417765407411594	58
0.038635806957583	0.702040109543978	58
-0.087680933887421	0.249142837322621	58
-0.048218437671463	0.161293793899037	58
0.103342170174344	0.280281513622501	8
-0.0577217983477	0.35193462778285	8
-0.074188078929184	0.334132814035286	8
-0.107958684728524	0.348953310513727	115
-0.071139425041436	0.241287407981389	115
0.104084301793186	0.282699508965466	115
0.016515355847274	0.259212563661378	4
0.105836660860649	0.279094602622395	129
-0.050866334334427	0.159845968273198	129
0.112859682677412	0.189242933859174	129
0.103421425452491	0.280898371654418	21
-0.05099027943335	0.160081878287683	98
-0.057942993818106	0.157837135508987	98
-0.111052091398263	2.434004565317	13
-0.079801312401763	1.23004811186086	13
-0.084579946758143	1.01900551408149	13
0.095587935296268	2.16027404215326	13
0.075673861929851	1.77095956373336	13
-0.09923296675995	1.10548911053946	13
-0.124833193860702	1.00619414067158	13
0.049408675508292	1.30993357154276	26
-0.116815248942231	0.892678245578286	26
0.00538716223318803	1.1449057690419	26
0.088574983138093	1.09020461260456	26
0.075894815126443	1.25660009325139	274
0.063842041281921	1.04962662980987	274
-0.091542650965469	0.489925219875799	274
-0.104960225705299	0.736653680138788	274
-0.00674700245228099	0.530109914675553	32
-0.091585829383318	0.660054297579947	32
-0.107935615626338	0.67820750872157	32
-0.08937939511679	0.604150420512661	32
-0.035737479049856	0.57864160007738	32
-0.111351961065392	0.530746220811441	32
-0.092115870254342	0.343777115771397	32
-0.037442028791919	0.673746334014266	32
-0.102110597484614	0.468095661476548	32
-0.061455986746467	0.641533715356609	32
-0.029789309625553	0.664567082931567	32
-0.119617894379003	0.495443799633663	32
-0.00693463075162798	0.539015122690885	32
-0.11026060637507	0.478895771224636	32
0.114158386158733	0.376065402721112	122
-0.086512706057491	0.664736012517222	32
0.02391667166433	0.842440143476178	15
-0.124422190504711	0.497309125274794	15
0.014575350120844	0.452628282861146	15
0.049565357010862	0.684031576665989	174
0.100389117082717	0.272834998853164	11
-0.046440906514736	0.344151170448056	96
-0.048350457254705	0.247008175803063	11
-0.083531366254705	0.343342644665451	11
-0.043495673623304	0.586668381528536	11
-0.104177491827427	0.413155475098495	11
-0.032962629580466	0.495880440895703	11
0.099432091942261	0.487500366954901	11
0.0253450455995889	0.261336371702757	8
0.065834910954687	0.374221105838643	1
0.069710591078494	0.48334688528311	8
0.063436652102431	0.480451993804026	8
0.102333243049022	0.189586610153756	8
0.014074585212441	0.458342588131699	177
0.012298162939932	0.465769498878644	1
-0.089450196571825	0.237752061665225	1
-0.047791893169292	0.351088791829263	1
-0.119118866169506	0.340453986298044	115
-0.053608043803381	0.163248539578346	115
-0.048093121830906	0.164630247528037	129
0.113587196412995	0.185709404618777	129
0.108508617766097	0.18973330924381	98
-0.044363268775031	2.36664201032728	13
-0.00195872127417102	1.3449767412764	13
0.010727192450452	1.6744349880305	13
-0.076625381500707	1.28424027487416	13
-0.033958392157226	1.23035534544886	13
0.00941898689217402	0.919436651775063	26
0.112361585876347	1.24431301756287	13
0.064774823366064	0.544521906310203	32
-0.113074174139974	0.499245506451022	32
-0.02201379868805	0.722300567601984	32
0.079052857903182	0.813579580382257	32
0.034046559681077	0.686949722660492	32
0.0479354161407	0.758316438933588	32
0.012103327266115	0.615106451669778	32
-0.108701522651671	0.439893465845264	32
-0.01778519494947	0.603190934355501	32
-0.084423170731218	0.241473007080648	32
0.023026019381616	0.26796864804726	122
-0.081289041440997	0.352940642769707	122
-0.078666671989921	0.579240447567987	32
-0.035861060319362	0.573222012408783	15
0.116378875694706	0.745434948385085	15
0.107883445672621	0.796437541774141	174
-0.074718494671589	0.352908125055647	174
0.103448493757093	0.482079985458872	11
-0.043176624273914	0.24991402080134	96
0.092502011915697	0.566589646855014	11
0.021518501394848	0.370053354738365	11
-0.016785815221526	0.36294262079267	11
-0.043947619877214	0.248287769938849	11
-0.071899595596784	0.338134315614892	58
-0.050924679690297	0.240835130064674	58
0.023634554881356	0.267965507910143	8
0.105567437742641	0.275833872482907	8
-0.112429530573902	0.24516220920858	1
-0.04352622375809	0.346784465544422	1
0.107196468509895	0.188500305764353	8
0.118951382786498	0.378526070091331	177
0.094669686346025	0.261205102139394	115
0.122645722470007	0.375442923811884	115
-0.049922319184628	0.161280171398461	4
-0.041465597126601	0.152742326021975	129
-0.049796172893354	0.163954801888234	21
0.104606269196918	0.197131496894388	21
-0.05269375213788	0.164143493470563	21
0.098225217898773	0.189702995214788	98
0.108508617766097	0.18973330924381	98
0.107997354893613	0.191805636940902	55
-0.054257575837671	0.158280220973852	482
0.01077198244377	1.45682409695041	13
0.00666731585365499	1.84564078882158	13
0.109104206000142	1.61861755398679	26
-0.079874724551337	0.879171923105627	26
0.062415416068947	1.08574210344347	26
-0.016209040615335	0.759942584216605	274
0.027490017401042	0.537827855012654	274
-0.065869179503611	0.428866497258851	32
0.013012112136816	0.767260744616768	32
0.068803703789439	0.901947365471807	32
0.00554337165705598	0.596706639097619	13
-0.091395218755748	0.594590021312063	32
-0.124486103186019	0.412105348443985	32
-0.032220352345046	0.806568700550176	32
-0.071880447393533	0.53471021729267	32
-0.046708911886768	0.611074380760922	32
0.079404371229767	0.722641138083213	32
0.101851417166411	0.494997114494991	122
-0.122310936886164	0.346604183147683	122
0.056275659855976	0.609797725652938	122
-0.111425825984201	0.571021894516627	32
0.064341793376452	0.710590090189272	32
0.098834205258267	0.768573815514541	15
0.039494519634885	0.713416343838054	15
-0.003462117608932	0.652798515106872	15
0.00635302057472897	0.614240841329945	174
-0.037714491915418	0.257204356791073	11
-0.0374584575411	0.251449869018545	11
-0.054396748347095	0.162653299830411	11
-0.080905446306317	0.571861878058219	11
0.010788610858627	0.587816329363349	11
-0.08328997143432	0.3379295680768	11
-0.102296559458852	0.339301232371732	11
0.069271378274288	0.368091876691691	58
-0.025601906508171	0.438664759998714	58
0.020980712835181	0.364810159632867	58
-0.081289768560363	0.248557905379396	8
0.019948897422156	0.258222927275107	8
-0.117831647884778	0.234782565406191	1
0.103476148338173	0.272262776899944	1
-0.086550327840883	0.239983694255054	1
-0.090827034543511	0.336126889172727	8
-0.054140417197566	0.160561104882777	177
0.01563609536564	0.247019461918725	177
-0.081781687304913	0.241299442630538	1
-0.053483547886427	0.163543065590241	1
0.058240764008066	0.358383552940197	1
-0.052568984511295	0.162709811063589	115
-0.055267300543933	0.158939031402633	497
0.112859682677412	0.189242933859174	98
0.104606269196918	0.197131496894388	98
0.105326892600321	0.193060090298176	98
0.111920964376254	0.188915238265414	98
0.028480085091476	2.3296512634867	13
0.04690365248506	2.1062805321807	13
-0.00267757987232298	1.6454526846944	13
0.103036506465197	0.965033019103396	26
0.052195559605733	0.779671850188931	26
0.080315473173369	1.22990578866432	13
0.0563864841178891	0.884770554422058	274
0.08443434736733	0.999335105737106	274
0.067254799536152	0.847370918607955	274
-0.010036618831448	0.61682415960612	32
-0.071020044329163	0.4680428671491	13
0.069564638873947	0.746751013522978	13
-0.01927507561931	0.680428167218837	32
-0.023030673505193	0.520109891991552	32
0.082249291887255	0.846883567560407	32
-0.081413494354129	0.425497465827901	13
-0.07728546692178	0.513621094922773	13
0.076780534914249	0.57479020346218	32
-0.05819837782951	0.649358055791597	32
-0.04805868292785	0.422920898172256	32
-0.00132843066128302	0.615901952607909	32
0.00492914217276996	0.526237013116774	32
0.055192510765024	0.457334616421338	122
-0.020015891084379	0.532275667762501	122
0.107024171153211	0.729187825358614	15
0.06497474811827	0.637709953407706	15
0.053730781743103	0.723783821382733	174
-0.033145141608019	0.358083309757593	96
-0.061243275042262	0.437736767147414	11
-0.072202437212479	0.335303625042128	11
0.085629572324752	0.539917108589718	58
0.029692500770729	0.427761238160631	58
-0.098305819788591	0.34780278844888	58
0.016712129996392	0.3699471445352	58
-0.043121930200719	0.240236036787049	58
0.105702127406654	0.281073847180921	8
0.0161790425296749	0.353772171048157	8
0.104606269196918	0.197131496894388	1
-0.042920043306515	0.243090816356452	1
-0.121337310728428	0.243242496118542	8
-0.116378993064542	0.239287294208902	1
0.011408210440333	0.248610705171288	177
0.104818692519225	0.191704651936722	115
0.104606269196918	0.197131496894388	115
0.098952681887659	0.190014654245685	497
0.109445790014745	0.192936241963981	129
-0.057942993818106	0.157837135508987	129
-0.042692968447239	0.155752201542791	129
0.017123773080375	0.261475350286528	4
0.099969872674036	0.263221815669966	4
0.104818692519225	0.191704651936722	3
0.081411898933434	0.724364832393258	26
0.017042551377648	0.628645416174682	26
0.00296478583131998	0.626966507781712	26
0.0368323414041291	0.594434267314793	26
-0.121842189540696	0.614027479069108	274
-0.00279400942343699	0.458148342440469	274
-0.00145536429102899	0.606628146581236	274
-0.045564504045118	0.806815296526053	274
0.035486268542731	1.21964706399423	13
-0.101653455244399	0.350816070984141	32
-0.118646352265865	0.335952354999271	32
0.010950438544315	0.440186169176748	32
0.060441986403812	0.461125010286615	32
-0.083109752466346	0.34707269603887	13
0.0163759779689731	0.448606726729351	537
0.036840470566487	0.466090914510142	537
-0.122146752312813	0.345120348630823	32
-0.063556795268622	0.528833496168434	32
-0.086743773630099	0.560936988114331	32
0.012860930865099	0.888156684711563	32
-0.10066211642603	0.57873782847727	32
0.036144325389959	0.894623442196882	122
-0.06562560591243	0.667878796408719	122
0.049681715951034	0.542883539895074	32
-0.012777596898295	0.355885601739546	15
0.0653304482438371	0.990439156035617	15
-0.113266328688142	0.433758055696692	174
0.06195025392595	0.899849579908542	174
0.072236967251004	0.726389378950549	96
-0.00815930020785199	0.604568876022379	11
0.109455992340139	0.747423720312235	58
0.032080830880057	0.24496942500764	8
0.0609016155359971	0.37339730494675	57
-0.031455862457798	0.238595978297813	8
0.015120773650766	0.259212661409884	8
0.099383244999364	0.276978097840754	1
0.024623409928912	0.544428557954223	177
0.107537381041389	0.592065906840285	177
0.018767239220096	0.261554448956454	177
-0.038742524131226	0.253503643604697	115
0.099154292262728	0.189491588058777	4
-0.059643305699675	0.159185418917069	497
0.023026019381616	0.26796864804726	21
-0.111254891269499	0.246547884829709	4
0.022131329782766	0.268668256898077	98
-0.054396748347095	0.162653299830411	3
-0.08232804893648	0.517966532314117	13
-0.120728218727637	0.344133846315812	26
-0.056854760758862	1.10644849113094	13
-0.065660228665914	0.566294476845943	13
-0.108021711379929	0.342707309320917	274
0.016556553148887	0.545533350890898	32
-0.070360527911255	0.422607767603095	32
-0.097529472577375	0.338866091236211	32
0.068067581816509	0.484589720857603	32
0.019795686592112	0.357316312399665	32
0.069686901796273	0.872497269712437	13
0.055327863415086	0.756200980501672	32
-0.09052562003906	0.351514985840576	13
-0.00840224515688098	0.440113466978814	13
-0.040377669081812	0.690512255915558	13
0.021010696904179	0.645355227172412	32
-0.087180431659688	0.33735671201078	537
-0.035354073365915	0.581260265214875	32
0.035984587061232	1.04087641727675	122
-0.00155688289148698	0.853568012936126	122
0.0654681226549591	0.470026317351233	32
-0.056748644540378	0.424762783371155	11
-0.038295976690079	0.517182159998465	11
0.038696160143929	0.538798871127889	11
-0.082972325492863	0.669673989993056	11
-0.00435814060163697	0.612455033036201	11
-0.091384018115185	0.241104502961101	58
-0.041864264862519	0.253894769496996	8
0.01751452294719	0.215017364167694	8
-0.084423170731218	0.241473007080648	1
0.099775394635542	0.477507080413037	1
-0.020163284225816	0.458684223758797	1
0.00426243394731596	0.527285494052315	177
-0.05269375213788	0.164143493470563	1
0.00374902021970203	0.442319727086847	115
-0.049007088152211	0.164550979721028	115
0.108721732381752	0.196947833793611	115
-0.043605038844683	0.157503447300283	115
-0.053483547886427	0.163543065590241	4
-0.036841328216395	0.350061323846443	21
-0.089402383648935	0.332814163528452	21
-0.025715621668343	0.338504219797437	4
-0.117453033679103	0.346698066315663	4
-0.122325958511335	1.61684723452237	13
-0.076210331206433	1.18465212512835	13
-0.107395207983397	0.349021136002396	26
0.106729920389973	0.478470839933016	26
0.04783433091045	0.551556141291635	13
-0.098727953815078	0.593193271937497	13
0.062428625712097	1.37026472563628	13
-0.025912989206341	0.844054022322413	32
-0.067147435412376	0.42475062015994	32
-0.122500394471519	0.237035051957515	32
0.10044969587571	0.263106441932474	32
0.073720919583717	0.364950857280849	13
0.109658093055625	0.193682993386016	32
0.087862874939097	0.568433885389524	13
-0.115528839269742	0.50213192595719	32
-0.082066343840559	0.249095695112046	145
-0.050898167833784	0.66628662507962	15
-0.017246504742946	0.512921529670186	174
-0.099391918915505	0.479189667161529	11
-0.024828064651166	0.763278607534934	11
0.106474383247089	0.192269360452443	11
-0.05269375213788	0.164143493470563	58
0.025626837537637	0.518064194649781	58
0.093411919942807	0.251081911282009	8
-0.014117399015947	0.366168598658535	8
0.104606269196918	0.197131496894388	8
-0.055047950567545	0.160476366144499	1
0.0368866112188671	0.449109343465954	177
0.098952681887659	0.190014654245685	177
0.00386214243695004	0.531179814356982	1
0.104391995793308	0.188752160600622	115
0.120653121484137	0.380100343672379	129
0.014457923756968	0.258241976423949	21
0.00887480155561804	1.06797447350175	13
-0.033424479277122	0.531173150497541	13
0.038441997266655	0.457723507026101	26
0.03357537492875	0.617075657605058	274
0.0197897589189761	0.557447348771087	274
-0.117773697996542	0.24503840479061	32
-0.087612409123143	0.24133916994746	32
0.080041957148456	0.568210618406227	13
-0.085916549632776	0.241100905619368	32
-0.013048641447841	0.4436795921947	13
0.06987343980992	0.477101081069568	13
-0.105676166910592	0.721371974798407	32
-0.084539715338894	0.246258417930676	13
-0.120899796569229	0.224399086021279	13
0.03657155157877	0.77509427846519	32
0.119130552706896	0.666921350674411	537
0.038634255220089	0.626249832106324	122
-0.092433615761326	0.834097401173971	122
-0.035092790231521	0.436038270714881	145
0.017662879200575	0.36932649233886	145
0.10510243658565	0.261651032887055	145
-0.053608043803381	0.163248539578346	145
0.12484765928459	0.573862063218664	145
-0.116492866826511	0.341042033095432	15
-0.000298516695287021	0.749172697598463	82
0.053803281287885	0.51605175632524	11
-0.097500498972885	0.342894026080525	11
-0.045809210822447	0.337413035677718	11
0.100083277523817	0.185277932705371	11
0.00646932195287397	0.331305500167149	11
0.019496046519673	0.424118032062295	8
-0.050585692351603	0.159777271310314	8
-0.050711630521416	0.160705257369509	8
0.10657813923661	0.27833582291475	1
0.011419639175389	0.450940962366827	177
0.022748322215185	0.366161190581522	1
0.098225217898773	0.189702995214788	4
0.0577774268092131	0.354556256213577	4
-0.053608043803381	0.163248539578346	129
-0.052568984511295	0.162709811063589	129
0.105326892600321	0.193060090298176	21
0.095284247040256	0.635130893177313	21
0.043764920041414	0.656499813133443	21
-0.088389283853582	0.240481552735814	4
0.020858599382826	0.522399439674009	32
-0.026431194156954	0.668657585620901	32
-0.057706025901446	0.57201976712517	32
0.093705132405462	0.727964909484154	13
-0.114295901003291	0.418675965298155	13
-0.112111334805598	0.490450685851677	32
0.112761154947849	0.45835779742015	13
0.024844983448202	0.432402343397207	13
-0.107276025288615	0.34966848027065	13
-0.060021823272357	0.498317026024675	32
-0.068404189363191	0.461574603974114	32
-0.091461225026917	0.498161836530378	122
-0.004062370027692	0.696446595380639	122
0.019457086026	0.624170247237886	145
0.061542259122403	0.586361849931577	145
0.124965795690137	0.710833882876839	145
-0.081893084435452	0.50462504820061	174
0.032286777076138	0.459812106820346	11
-0.108039168851301	0.348464165573464	96
0.061814463068393	0.3645679307447	11
0.018837184559785	0.351280540877402	58
0.115720988487901	0.374972500828621	8
-0.043930895883494	0.239459688010882	8
-0.112268227269546	0.24453618989246	8
0.028355125913199	0.258144134723563	8
0.124740337123773	0.388445958412044	1
-0.067430151492542	0.334809485272925	244
-0.116056725825581	0.243785330106676	1
0.030955553694844	0.257242806230858	177
-0.049007088152211	0.164550979721028	177
0.10778529414349	0.193560761266531	177
-0.120244392125894	0.242552665920454	1
-0.060435063269249	0.156174210742552	115
0.108721732381752	0.196947833793611	115
0.103885329091052	0.191922454954812	4
-0.057826140931256	0.159256179767351	4
0.021625250599255	0.260955703189356	21
-0.042572576294974	0.640060356681684	144
-0.073687619705681	0.583617746073633	274
-0.112637791647414	0.429735189834707	32
-0.035695750027913	0.505145593802619	32
0.059962667543128	0.648613763600658	32
-0.022345739382245	0.4535407320573	32
0.00829089903221703	0.437318258769442	32
0.01458220611476	0.456943234969547	32
-0.104289079073902	0.33252791773218	32
-0.049922319184628	0.161280171398461	32
-0.09829657554547	0.602292900923119	32
0.066459787557528	0.555079330854741	32
0.089360386687651	0.539836534881973	32
-0.063012725057892	0.433656176068535	122
0.041401195197323	0.713441697032488	122
-0.088853263001019	0.427484661116172	122
0.04786500548179	0.620838959991328	145
-0.069030776104685	0.410899426288536	145
0.032563215147231	0.706798213812603	174
-0.100332639129767	0.343096564285186	82
0.0359313774872561	0.471318941306548	11
0.029487844632005	0.532726801238135	11
-0.03513736351789	0.44080728307606	11
-0.092988934721457	0.351940328370647	58
-0.114804055781084	0.237217154832213	8
0.018562780582713	0.264445159356791	8
-0.112500936479327	0.241646127157752	57
0.103949930977753	0.280985884086667	8
-0.08505952592523	0.247193980024389	8
-0.048350457254705	0.247008175803063	8
0.121576581680906	0.380182128552919	8
0.013703178661705	0.25881596286812	8
-0.093084828707899	0.239210070635123	243
0.113188352311303	0.27654981765404	243
-0.054396748347095	0.162653299830411	244
0.100722309715336	0.478470945631861	244
0.019084122245227	0.364452323576904	177
-0.080981677314155	0.247287982487352	177
-0.043048142201777	0.247917244218788	177
0.01740865811888	0.259346113721493	177
-0.040458213552116	0.340435201670788	1
0.023778071807019	0.268794665250103	1
-0.053483547886427	0.163543065590241	129
0.106474383247089	0.192269360452443	129
-0.04381974742088	0.244570993814634	21
0.030424003517619	0.245120955074806	4
0.102546288055458	0.278614097614282	35
-0.11012688337541	1.48117185907016	13
-0.085618002565746	0.43451216617957	144
-0.024640991576374	0.514801787610536	144
-0.012599762945071	0.525142891952432	144
-0.11493410150904	0.432605474408724	144
0.036531273221364	0.923207338487817	13
0.070482427947866	0.729488394190902	13
0.119806345774885	0.641854804748816	274
-0.122476235779084	0.695385937518725	32
0.025752045241455	0.371353345417273	13
0.069474607751382	0.482388110166072	32
-0.040240680769196	0.597792938730934	13
-0.024322176014302	0.444201443014948	32
0.073974729102538	0.71465768299602	32
-0.085665250599612	0.645398301915794	32
-0.095349004632816	0.663699323618321	32
0.00689177184239798	0.888403917331365	32
-0.045035143985562	0.504079193848458	13
-0.113819015152643	0.346156480417253	13
-0.077246150901386	0.565105489038394	32
-0.022858501929351	0.591791782426281	32
0.059068768560498	0.363317932428688	32
0.084619365164499	0.726822748513462	32
-0.086777104309819	0.727045634256754	122
-0.094739731312703	0.391515299260918	145
-0.043870452525795	0.357071359616115	145
-0.038614141670764	0.257019610648656	145
0.071479140684471	0.798650775066772	174
-0.096274421705611	0.594692577659502	174
-0.112747695783556	0.406546001233616	11
-0.092305155152477	0.240847374514043	11
-0.1234193403771	0.339711436119679	11
0.095626030912749	0.475550991911032	11
-0.054140417197566	0.160561104882777	11
0.0654681226549591	0.470026317351233	8
-0.048093121830906	0.164630247528037	8
0.104084301793186	0.282699508965466	8
-0.050866334334427	0.159845968273198	177
0.080707169048262	0.648440388119403	355
-0.068943807965865	0.339514789609921	355
-0.052568984511295	0.162709811063589	115
0.106261717682182	0.192838259478629	115
0.105540363795595	0.196883836529778	129
-0.094991453883872	0.232496715603199	21
-0.051655678099507	0.159279307936694	21
0.104818692519225	0.191704651936722	21
-0.096471994027161	1.07455008421312	144
-0.037055578773683	0.748299150351111	13
-0.00744528021234397	0.359683146508454	32
-0.012950164593145	0.364344956739353	32
0.022822711637555	0.463991236266386	32
0.06130146267711	0.68422030181185	32
0.01931869697198	0.263836258853038	32
0.123673138853299	0.390913339634206	32
0.110745686977548	0.353088395879045	32
-0.114778350999548	0.418688035820777	32
-0.043667926854039	0.730375410005557	32
-0.117167749952594	0.243031685505014	32
-0.037143567728248	0.44227335571484	32
-0.01966378882847	0.350753172697174	32
-0.105098254202327	0.431499127752908	32
0.068870385792974	0.979077767150161	32
0.023404388903386	1.04520277408225	145
0.102539331074039	1.54507882975363	145
0.098639552874962	0.276248356719227	145
0.118951382786498	0.378526070091331	145
-0.115127490993046	0.244067793191485	145
0.083984883132073	0.884028371448826	174
-0.007919967779143	0.690965761896604	11
0.074117394802395	0.485829910561787	11
-0.047304698091997	0.161380339856324	11
-0.010047203878371	0.533012888818121	11
-0.067474806507742	0.571247840437823	11
0.049452782606904	0.701166739443175	58
0.055848369191881	0.849908388373278	8
0.055681711290682	0.362297477341581	8
0.105632179586937	0.275460464476078	8
0.104606269196918	0.197131496894388	8
-0.053358989672753	0.158573367652158	243
0.098225217898773	0.189702995214788	244
0.029152662676858	0.710883381671779	1
-0.111381598157678	0.48103398123826	1
-0.080731695152698	0.512174516041107	1
-0.118312414182555	0.328580147809216	1
0.105326892600321	0.193060090298176	177
-0.00850076965361102	0.617710882687804	1
0.108507048180793	0.493897747296827	355
0.104818692519225	0.191704651936722	115
0.102951892153332	0.187666021664002	115
0.061994806567092	0.378672921973288	21
0.106643905722088	0.27675670536544	3
0.048233214441432	1.43295883275687	144
0.040301196237479	1.22528971577386	144
0.000566940330002042	1.07998082655677	13
0.045769627203092	1.01734388796277	13
-0.093702343222781	0.753147284530148	13
-0.057696149221783	0.604201112391224	274
-0.092649998623575	0.563910859603084	32
-0.044560918378079	0.59025698989382	32
-0.06348745801019	0.506567773817091	32
-0.071657418373193	0.513178511397489	32
-0.060612448835509	0.511945998020331	32
0.014855534395102	0.595902322182228	32
-0.00121913265805301	0.618138267798151	32
-0.016365199536215	0.727184047449187	32
0.080377181516758	1.14720092122942	32
0.049985797059258	0.710578547698058	32
-0.053913316742643	0.437299439136994	13
0.059900518019046	0.64224284419159	32
-0.066998110418875	0.592890880077965	32
0.115186327514597	1.06273063843379	32
-0.075315538263704	0.560852368928482	32
0.04776230569825	0.66774550861962	32
-0.066116965799045	0.443914179934573	145
0.074665665197049	0.767744452995123	145
-0.10202598767454	0.522486533566993	145
-0.116386289926461	0.438731725020041	145
-0.051359501199871	0.583911051699436	174
0.0630072415909571	0.793225405558361	11
-0.00284437393895598	0.822102166636096	11
-0.084662796289979	0.468673319360676	11
-0.051144473379729	0.525313659772741	11
-0.078345670579515	0.349408053716572	11
0.029007970680651	0.500331448161507	11
0.072286322096963	0.37130847707225	11
-0.112268227269546	0.24453618989246	11
-0.092795859142913	0.416350965025768	11
0.063968458207329	0.375714961772746	8
-0.017376081927123	0.349693438173039	8
-0.035603142787189	0.25489489088347	243
-0.011463899787247	0.366852832566324	1
-0.026357356172553	0.446312554003491	1
0.099346504296823	0.46753224214182	1
0.061218182284542	0.378827529043229	355
0.124451836898632	0.390717069122186	115
0.104606269196918	0.197131496894388	129
0.105540363795595	0.196883836529778	129
0.10367210198169	0.19256980157576	129
0.11664583977958	0.376710640351026	21
0.102678249169083	0.280156143335542	21
0.107997354893613	0.191805636940902	35
-0.048093121830906	0.164630247528037	35
0.0930510916428871	0.263494551419062	35
-0.048093121830906	0.164630247528037	3
-0.097949722096057	1.37850715454066	144
0.030395240554244	1.792056118331	144
0.025023849882429	1.4739993612567	144
0.053034349949037	1.46252464043032	144
-0.036290314773356	1.12420194327038	144
0.063706093191065	0.961049946195481	13
-0.097440117817156	0.797529553241206	32
-0.084519512387295	0.706381239195412	13
0.110702465288698	0.875792483294235	32
0.046555320420015	0.751839276907145	32
0.081230638035529	0.919902655513855	32
0.071275270558043	0.712144448212578	32
0.118016118641883	1.00087637359198	32
-0.061955964311494	0.579765987441348	13
-0.05593352432119	0.561749019377471	32
-0.074891518121702	0.432028458158865	32
0.0591907238199531	0.372788963835263	32
-0.082046097546002	0.235031332005723	32
-0.072906989990881	0.351827667266118	122
0.103342170174344	0.280281513622501	122
0.018422313865966	0.264498726595568	145
0.111569903948235	0.270765551564804	145
-0.099337977214229	0.234720920267822	174
-0.111662353997863	0.245473702712589	11
-0.069680563462708	0.522228054495588	11
-0.120987938385923	0.47275764715086	11
0.104084301793186	0.282699508965466	11
-0.089453912492116	0.393726263141234	11
0.00722657433618201	0.614363196408544	11
0.114939886643687	0.377187321978195	8
0.019948897422156	0.258222927275107	8
0.0937545066979349	0.466517981754362	8
-0.036375756225549	0.253235280460088	8
-0.115127490993046	0.244067793191485	8
-0.062116644067928	0.347128080459717	243
-0.086423948060369	0.328894885395215	243
-0.097985028950416	0.347796697193659	244
0.00669515339594795	0.244101167052619	1
0.011419639175389	0.450940962366827	299
0.09910946366569	0.472925313094789	177
0.012304552212	0.251149644387501	355
-0.040030599192698	0.251928006773564	115
-0.051779414584004	0.163302427940867	115
0.104606269196918	0.197131496894388	81
-0.053483547886427	0.163543065590241	4
-0.054930998893295	0.157544484829936	4
-0.053690562467266	0.156470985704835	129
0.0167711555391969	0.264141525496261	129
0.104826057528392	0.281899977544189	129
0.012948070075397	0.256751409647896	21
-0.05269375213788	0.164143493470563	4
-0.05518586866497	0.158492564541135	35
0.104818692519225	0.191704651936722	3
-0.07655391567101	1.97610958277972	144
-0.00752944222269197	1.37505748929678	144
-0.061648428039116	0.927571666712294	144
0.00371823885440004	1.16327925689387	144
-0.061595417012406	0.968231657604779	144
-0.110491493744831	0.792652334899643	144
0.069427182314965	1.340940934248	144
-0.028356238171033	0.83506728703759	13
-0.038360411343922	0.433036897383319	274
0.000752812333329023	0.754568324621246	13
-0.116991762775561	0.50051169878722	32
-0.00296992491694897	0.674066542923596	32
0.00976512849563005	0.66656958865034	32
-0.057673786264156	0.508726909044268	32
-0.022446585097203	0.598158894665432	32
0.058933578744116	0.692802942929351	32
0.013303942494719	0.822085935838494	32
-0.00975655940676601	0.5965979604753	32
-0.054397303624857	0.502446439551448	32
-0.077108297929048	0.428872994699924	32
0.03827434377845	0.859804715468048	32
0.034998726770768	0.692963057291837	13
0.00610644911323399	0.603658748083884	13
0.063644858522282	0.796250607680544	13
-0.061298993014347	0.495437528904741	32
0.071514598236518	0.569329474828847	32
-0.080160127548668	0.35072099947429	145
-0.014924962836399	0.577584101330936	145
0.011158493238676	0.820803409688319	145
-0.023154334755292	0.529496265539314	145
-0.113154137055643	0.495748813794894	145
-0.102057060028235	0.607777069552183	145
0.12260584865624	0.715553808282798	174
-0.012216630728232	0.620567485797539	174
-0.039695242709342	0.595605083068092	174
-0.034887795109991	0.604709237817652	174
0.00229625571334302	0.421530585940196	82
-0.113823222928724	0.239573341244858	82
-0.083845429216464	0.432406500082171	11
0.038361017482398	0.675261715069738	11
-0.041183636285374	0.437017595014704	11
-0.015393960538092	0.443934555780548	11
0.038851301180819	0.539715103958137	11
0.062930026691047	0.377020612155696	11
0.068445650774429	0.374967747623688	8
0.023279146796702	0.370043303568374	8
-0.038614141670764	0.257019610648656	8
0.019054089238646	0.261079306299839	8
-0.036375756225549	0.253235280460088	8
-0.041613386425675	0.241477252559274	8
-0.119530026703343	0.234412469140983	8
0.056844291674669	0.352336989309243	243
-0.087469958026952	0.240728467291203	243
0.010044209667883	0.455948084562188	244
0.05576783658935	0.353024000932386	1
0.00164141514690896	0.441053004325703	1
0.018159904579824	0.262328204106373	1
0.018425345727766	0.368219335603429	299
0.020794170821654	0.365645845090958	1
0.015622676159426	0.257727383248193	177
0.017662879200575	0.36932649233886	1
-0.085686441122429	0.246194242253905	355
0.104391995793308	0.188752160600622	129
-0.05269375213788	0.164143493470563	129
0.123037514238763	0.383699382755916	129
-0.058734086718589	0.160049362864785	21
-0.041376748931819	0.24796187206415	21
0.109658093055625	0.193682993386016	21
-0.086636928551314	1.849371049714	144
-0.00629309553329099	1.50559051945323	144
0.037850426197012	1.4515768497021	144
0.019547750895618	1.41372277198159	144
-0.04421249474483	0.748812067654635	13
0.093840662405995	1.14599982380193	13
0.10496895176165	1.20151167081789	32
-0.104877583562831	0.508203118616804	32
-0.032870625888432	0.593131856924306	32
-0.055449903279908	0.513086122214345	32
0.041215797485749	0.73223079197585	32
-0.045280778695969	0.5981214625597	32
0.088969254805977	0.880197222335827	32
-0.078052861847783	0.503999645438443	32
-0.103301964606855	0.586758287258267	32
-0.119525296963447	0.506536875465272	32
-0.123993444582012	0.507545266126996	32
0.083591631221376	0.855424257599102	32
0.032707360567809	0.849477490917834	32
0.070537008072905	0.545736326480398	145
-0.070659930223682	0.590403150411989	174
-0.035937445337441	0.60129054264074	174
0.060881514413748	0.363712985178702	174
0.102704970335902	0.488246712829333	82
0.0198052350813011	0.261872713578516	82
-0.095706154859302	0.232354450806976	11
0.018651223876368	0.34835371955422	11
0.111434075692322	0.276299830241545	11
-0.057142327061184	0.352291099580403	11
0.014136684344635	0.451466469413056	11
0.030976839876673	0.449917155770562	11
-0.109945248876861	0.329686092551904	11
-0.024737814183415	0.518539400168506	11
-0.076583046330637	0.423588944756877	11
0.022273605996244	0.264871243203607	8
0.059330265509315	0.36356379569845	8
0.10320803681388	0.281778725345855	8
-0.01241908102633	0.367447893516862	8
0.10905608327979	0.477647237733351	8
0.00735880002977396	0.4351638789857	8
0.0396103133985241	0.464987940487264	244
0.056882522128025	0.452530104026262	244
0.104391995793308	0.188752160600622	343
0.105326892600321	0.193060090298176	299
-0.017841421623121	0.432791110582089	355
-0.077639686642098	0.34872192873017	355
0.09776467661481	0.275355275525869	355
0.02685080837494	0.265098898670484	355
0.020485365455526	0.264579810621584	114
0.016254508761812	0.246621358455122	115
-0.049671271955906	0.159866625787245	115
0.109745262879566	0.285932577104552	129
0.098225217898773	0.189702995214788	129
-0.038486148490711	0.257198126986689	21
-0.050866334334427	0.159845968273198	21
0.105540363795595	0.196883836529778	35
0.105540363795595	0.196883836529778	648
0.103885329091052	0.191922454954812	3
-0.059525616537211	0.1570054716999	374
-0.067961230464959	2.40741586627194	144
-0.07525129751982	1.06305666350508	144
0.104129846520411	0.930806824518952	13
-0.085082956017782	0.609092279948956	13
-0.050564655115904	0.431492021831736	13
-0.091757682000054	0.508097502385722	32
-0.104858287276241	0.420097366323318	32
-0.098687211818427	0.558865888160133	32
-0.03269157422278	0.590664274988248	13
0.00923296962435205	0.613280162166269	32
0.110943743169516	0.922661045577826	32
-0.035518459597449	0.440483324875358	32
0.097527919287475	0.730236158108284	32
-0.07835279514877	0.344772144182283	32
0.070922323718015	0.373594425655821	32
0.00311100528359398	0.620872905652111	122
0.017151881689539	0.248578614939861	145
-0.082371124377504	0.348180917337462	145
-0.096047242868846	0.484911056797657	145
-0.096403591044184	0.504863882999047	145
-0.122952671721329	0.430679693651528	145
0.029595060407102	0.741206440970982	145
0.0874031957154699	0.772000445007631	174
0.02247431346378	0.529678659836674	174
-0.090679674717492	0.583448523068916	174
-0.037586279122826	0.255968687792118	11
0.057514938600924	0.366434876885009	11
-0.086550327840883	0.239983694255054	11
0.068962050992132	0.470809886543362	11
0.109745262879566	0.285932577104552	8
0.073381767195812	0.369205255721632	8
-0.083762381090024	0.248563908861583	8
-0.041056108623309	0.253713594455749	8
-0.052568984511295	0.162709811063589	57
0.017312497411055	0.352633680296577	244
-0.084702711394521	0.342001160300093	1
0.104084301793186	0.282699508965466	299
0.016910638352521	0.262955097225191	1
0.099427062347913	0.490784287839877	355
0.022090769916296	0.371792054331202	355
-0.058617442654143	0.1562622704187	355
0.105540363795595	0.196883836529778	355
-0.049796172893354	0.163954801888234	114
0.108127525175118	0.286693576818328	4
0.099154292262728	0.189491588058777	21
-0.048093121830906	0.164630247528037	21
-0.05269375213788	0.164143493470563	21
0.024176072276026	0.258819060817534	21
-0.054396748347095	0.162653299830411	277
0.108127525175118	0.286693576818328	3
0.105326892600321	0.193060090298176	3
-0.049796172893354	0.163954801888234	374
-0.021339193996103	1.39046784233577	144
0.00593139081476701	1.05950723987873	13
-0.123446156283805	0.430436178839464	13
0.050951236451909	0.778070480725568	13
0.015444224331007	0.697138458941603	32
0.097926232506488	0.951131803163919	32
-0.060064506214727	0.722083121774924	32
-0.106886560047949	0.432670817608591	32
0.014363838508141	0.549192089088081	32
0.114055917557391	0.666224347348136	32
-0.049134570825116	0.485264363176305	32
0.0301769376758531	0.538448797628046	13
-0.021606289848739	0.528610964224566	13
0.0238962178747431	0.618635142415808	13
0.00460774026811905	0.610108672239472	32
-0.121166744712774	0.424088262939775	32
-0.09749626477668	0.658874684959286	32
0.012914012027975	0.463024325169942	32
-0.020065712043915	0.52472034456267	32
0.121781632141729	0.666604848774863	122
-0.124996357591116	0.428670981107642	145
-0.094870829495272	0.343446103340942	145
0.114102325833127	0.471731800991623	145
0.054467465145549	0.631984232752621	145
0.00554027156705605	0.676008063012928	145
0.107628132020059	1.00587146663385	174
-0.084666924879209	0.587780785572394	174
0.062340050858299	0.59657313083366	11
0.11657810631733	0.542318907935768	11
-0.124463901798295	0.342664657418953	11
-0.124970228160706	0.342229898146897	11
-0.11257551301439	0.345126996860207	11
-0.021188128591927	0.519022183293898	11
-0.039431008654831	0.361831225960274	11
0.118572235661227	0.663267438426418	11
-0.102653061971281	0.342717662122715	11
-0.102764319135154	0.34052318512428	11
0.063653570673555	0.370259883406365	8
-0.117598943877536	0.239491137917956	8
0.024673640536899	0.266222754204137	8
0.0960562364530439	0.481801125188866	28
0.019054089238646	0.261079306299839	355
-0.100659065263114	0.34652859818271	355
0.104606269196918	0.197131496894388	114
0.061039150376571	0.365582685258612	115
0.102599662308661	0.273002355761535	21
-0.053350271499238	0.158369716511849	21
-0.052568984511295	0.162709811063589	21
-0.058734086718589	0.160049362864785	277
0.110382885599145	0.189869757277567	374
0.066971677991597	1.92388387140433	144
0.082577884443319	1.39619582734942	144
-0.045160735841565	0.629226871529606	13
-0.08996430297065	0.334510072545039	13
0.117242960392309	0.652218361358844	32
0.067225719204021	0.372038709536704	32
-0.034693727700713	0.360774588455973	32
0.0593776608066831	0.361992973554375	32
-0.013401720836234	0.353576736896444	32
0.047395854799385	0.331365421148083	32
0.061648856149491	0.360115066950734	32
0.025813777492657	1.26989711223934	13
-0.097437286893479	0.350434135695487	32
-0.074749383637158	0.667439970165745	32
0.097587148130334	1.22142131636504	32
-0.00332627552825698	0.735545963481769	32
-0.071013293023574	0.663591708581377	32
-0.094512804595962	0.419938573340237	145
-0.079888343004873	0.399846547841816	15
0.067323718517937	1.21099726801861	174
-0.111806452890165	0.580712858633702	174
0.0149568364467561	0.456772884224107	82
-0.114321808379501	0.596102090230371	11
-0.054410133269214	0.671206766587916	11
0.075177666459178	0.561066457259213	11
-0.053354162596739	0.429980301964198	11
0.105171494973301	0.278875496135876	11
-0.00716875328774702	0.454519913661961	57
0.107997354893613	0.191805636940902	299
-0.087822182955401	0.248338620855508	355
-0.05269375213788	0.164143493470563	355
0.105540363795595	0.196883836529778	129
0.103885329091052	0.191922454954812	129
0.108721732381752	0.196947833793611	21
-0.042640233086027	0.253060015768799	21
0.030730022539939	0.352312091628299	21
-0.094926134076296	0.235595309761778	21
-0.036943214048491	0.255265935942314	143
-0.05099027943335	0.160081878287683	3
-0.052891579022269	1.35556459492727	144
-0.03340450650376	0.527056457924015	13
0.041196410771172	1.09456500923724	32
-0.077139139346926	0.818003321150597	32
-0.010539446318296	0.447516860056005	32
-0.049374844065204	0.440614741100449	32
-0.0125194060336	0.610956579209166	32
0.098599360702761	1.26209223884391	13
-0.081072189827019	0.348330945684116	13
-0.09537256533849	0.429246062751368	32
0.090047955166572	0.885001980609296	32
0.01117440827036	0.529855972837041	32
0.0597229195562	0.792587789862499	145
0.00563794167962195	0.575497599540993	145
0.079682650250491	0.797786724974687	145
0.0560219636628581	0.843612861681774	145
0.00976672835426196	0.449343109760857	145
-0.117752356038543	0.395883456078033	15
-0.010450477337551	0.455785401712645	11
0.00563308212520297	0.435377952054286	11
-0.080220897288722	0.416629493876149	11
-0.032484717405866	0.444282355567323	11
0.111454076961837	0.815002713249668	11
0.097873587628672	0.958488209841655	11
-0.036856467348978	0.362592118271612	8
0.058245525564292	0.450185459825441	8
0.110159178614907	0.359752687116329	57
0.0758168073350181	0.365365198680844	28
-0.11103129655002	0.34770593483648	244
0.029306005262145	0.253205705630777	244
-0.00366693658716699	0.443417530905372	1
-0.080790633747682	0.341501340894105	299
-0.053608043803381	0.163248539578346	299
0.108721732381752	0.196947833793611	129
-0.049007088152211	0.164550979721028	21
0.014284253812761	0.349426994309364	21
0.072063924726767	0.474088307621505	21
-0.048093121830906	0.164630247528037	143
0.104606269196918	0.197131496894388	18
-0.011739129790129	1.49100640944832	144
0.10739856798567	1.54169996758851	144
-0.041162545795879	0.858613287814631	13
0.027873606634354	0.624412910751981	13
0.0467522940755351	0.551809368496647	32
-0.046749904686051	0.420089742246154	32
-0.019535749907151	0.448236310544343	289
0.096792786045307	0.487685109886547	289
0.038224239396549	0.476187821559699	289
-0.089877851967187	0.237451376088798	32
-0.104222048903838	0.339600728804496	13
-0.074952787213944	0.355466933575761	13
-0.116007016733725	0.421325773616387	13
0.103064364944005	0.586261312331978	32
0.020546554155864	0.681677361896656	32
-0.093764637493825	0.597595138754482	145
-0.123155636848438	0.627850389980255	145
0.095774405123951	0.463304767975477	145
-0.00392064675519699	0.452494554165553	145
-0.059900047321468	0.438304574250082	145
0.029403626713624	0.505305770855813	15
-0.103722081486176	0.578821360037432	174
0.058809378266323	0.874348713966147	174
-0.097445684812886	0.399820770648181	82
0.00513611004516701	0.535291576925614	85
0.01871339985499	0.356253295157525	11
-0.053511881359048	0.503883028564202	8
-0.116435420866297	0.430969165419455	8
-0.08512605505552	0.345764415546489	57
0.00957201031092703	0.458983089613032	57
-0.055289716437822	0.356787677699909	8
-0.036127482330078	0.24710594293567	28
-0.038867635648786	0.25253861706241	299
-0.042146682394426	0.51997294038129	355
-0.107298254230782	0.422712011163213	355
-0.120781435374334	0.233912165646116	355
-0.115686655912637	0.244295794328699	355
-0.045833992314854	0.446605952406726	355
-0.048218437671463	0.161293793899037	114
-0.053358989672753	0.158573367652158	81
0.015339244839374	0.251729631387023	81
0.103885329091052	0.191922454954812	6
0.105540363795595	0.196883836529778	129
0.099154292262728	0.189491588058777	129
0.014871588453603	0.251015257290533	129
0.099383244999364	0.276978097840754	21
0.108721732381752	0.196947833793611	21
0.044837805893991	0.537916037061887	21
-0.084717000811325	0.347365914807406	21
-0.041056108623309	0.253713594455749	374
-0.032882461022403	1.68270395574924	144
-0.113216442142673	1.1206183944137	144
-0.083597379298562	0.706316148505535	13
-0.020840445275587	0.539260168325685	289
-0.027320768417792	0.441576177715354	289
-0.098640306459725	0.410211976902397	289
-0.03673333636255	0.599991305947707	32
-0.021424011484333	0.617851718977374	32
-0.093561858904456	0.428226473316373	32
-0.073259525693156	0.438970910763194	32
0.001523887504564	0.820075778329072	13
0.0297383054567481	0.454197615417952	13
0.0593715082478919	0.694613543263207	13
0.019998594902959	0.699796485864266	32
-0.118639826774602	0.423798210158012	32
-0.076550095625575	0.508571972513257	32
0.084057212832292	0.807309130801019	32
0.034166883444217	0.604992324450779	32
-0.109744388811905	0.427617973542965	145
0.084129744590257	0.695805976647021	145
-0.039302023497203	0.589159582802124	145
0.072976408821696	0.628519502088242	145
0.119303355050356	0.899542676361832	15
-0.036266958943317	0.516160958138303	174
-0.001406520341944	0.355518282813483	82
-0.086760070369349	0.248778171366971	11
0.061398140623489	0.801212775306984	11
-0.096082050889794	0.351099705894251	11
-0.00930417449514798	0.457738165898849	11
-0.097405554472969	0.348660247870343	11
0.069332307371085	0.481595061596225	85
-0.068529957073035	0.310681040602796	11
0.028862205108921	0.457858685561927	11
-0.110497964579256	0.322277109370174	11
-0.070370954445128	0.337012429706288	8
0.023122201101015	0.361921887734194	8
0.062930026691047	0.377020612155696	57
-0.080513584326597	0.2463075988535	8
0.070586106200352	0.477540045327671	28
0.0656766726385341	0.377046079173091	28
0.099970092890807	0.586497358657715	244
-0.021734086928056	0.353598617184319	244
0.051978952654495	0.352340721803095	299
-0.078509937149472	0.249277470114438	299
0.114533031453176	0.273495210358321	194
0.10320803681388	0.281778725345855	129
0.106474383247089	0.192269360452443	21
-0.044075875010255	0.249157107204173	143
-0.05703527592797	0.157085368414133	18
0.0181817419353481	2.37494381653669	144
0.040958969672414	0.868206928088931	32
0.039092421666199	0.758168296317814	32
-0.018552755650967	0.796405298642748	32
-0.00945302134996601	0.752690600066207	32
0.068801838880185	0.6968513002353	32
-0.121809503014371	0.419100231318826	289
-0.00751014032693598	0.621731886986943	289
-0.064806960104564	0.501036967884941	32
0.068411736258532	0.854206588285497	32
-0.119911964149004	0.482448949107408	32
0.060974299583392	0.538680409550441	32
-0.097299030450306	0.430890508390593	32
0.028448328806005	0.677008545961013	32
0.06774610983106	0.981505814299161	13
0.023395058702575	0.77137420019259	13
-0.085048468441349	0.442524504909836	13
-0.011076556192684	0.687407198261122	13
0.102363646219045	0.895182315056056	32
-0.000757650014026001	0.701807709251002	32
-0.080913514927957	0.601974743598403	32
-0.071816639346925	0.678967056285416	32
-0.085714809062448	0.426661149928	32
0.074620712433724	0.482318043767521	145
-0.068670130160615	0.236278999691778	145
0.016574739601584	0.550160969772861	145
0.013893402925276	0.763640394136265	145
0.122342726294271	1.10840392454574	174
-0.091935592694205	0.57595563596901	174
-0.015297585294254	0.361329480067707	82
0.063203344218504	0.376792310511366	11
0.11972997620216	0.378367370067563	11
-0.107025451431566	0.424745106343295	11
-0.070593163275263	0.420751221116156	11
-0.00927703976701	0.442792158507075	11
-0.068134179182032	0.332446043368692	11
-0.051715185497741	0.235463777474626	8
0.018422313865966	0.264498726595568	28
0.124589207616606	0.561976040303196	8
0.029254094913622	0.367042815975002	8
0.104307214686693	0.483524476065389	28
-0.116133629768798	0.233041657942423	28
-0.04822435496889	0.246964230941857	244
0.015601009937109	0.351672704606349	244
-0.043263927289805	0.333475206619397	244
0.017266343051346	0.262199548559052	20
0.104084301793186	0.282699508965466	355
-0.079145052308519	0.249171533661285	355
-0.124810339467454	0.234379112197146	355
0.104826057528392	0.281899977544189	81
-0.05099027943335	0.160081878287683	6
-0.053483547886427	0.163543065590241	21
0.098225217898773	0.189702995214788	21
0.105540363795595	0.196883836529778	21
-0.05269375213788	0.164143493470563	277
0.102490449703333	1.25601986563701	289
-0.117830841110391	0.48221526207272	289
-0.079922740133589	0.565302494853522	32
0.066471803630292	0.876072421996673	32
0.10830111317066	0.666897963525663	32
-0.043146629523808	0.35832369480236	32
0.062805678140064	0.356162028879976	32
-0.00310419060966199	0.536330555434187	122
0.059809457523797	0.647259218632044	145
-0.084964463267274	0.242366404329901	156
0.085457272606678	0.711701666686136	174
-0.062107869188895	0.50180165024643	11
-0.114359933762119	0.244380140077891	11
-0.12326998774986	0.237508949314384	11
0.022883122518383	0.269500005090112	8
0.122606648112395	0.38189832837146	8
-0.049922319184628	0.161280171398461	57
-0.048881979633417	0.164035286059591	57
-0.087469958026952	0.240728467291203	28
-0.082146013006454	0.248675794808446	28
0.041210601453363	0.468202170208193	244
-0.044431620288078	0.340908868496427	244
-0.053608043803381	0.163248539578346	20
-0.089240792526518	0.243842034618959	355
-0.046646995720367	0.349431767720071	355
0.020794170821654	0.365645845090958	355
-0.0533957566177	0.235107134014576	355
0.103073749125873	0.278100429591318	355
-0.124735762152597	0.235472183568438	6
-0.039385567295275	0.257013998905081	81
0.09776467661481	0.275355275525869	6
0.107250832690915	0.284325648817411	6
0.098225217898773	0.189702995214788	129
0.017123773080375	0.261475350286528	21
0.103885329091052	0.191922454954812	18
0.099882495694625	0.189802499735134	3
0.081370223606096	0.884679021183413	13
-0.074163689166262	0.797020808720181	32
-0.108625600978165	0.63699151628089	32
-0.083026855378836	0.820067986889466	32
-0.122344932196264	0.645323852878056	289
0.00946579206903397	1.05044560031954	289
-0.09513661153165	0.580908674734727	32
-0.096346266625477	0.569906938456547	32
-0.123206288208247	0.337301429310672	32
0.057781406382256	0.995869011775883	13
-0.014424280150651	0.695083656672483	32
0.0443706056808441	0.868452641094254	32
0.008760988195335	0.851906316974059	32
-0.113467731241652	0.429843255140597	32
-0.095533023925714	0.342280504554163	32
0.061869192600025	0.355115741212079	32
0.020868317474497	0.258900153837785	145
-0.078446319610849	0.235092119262796	145
0.097005643365679	0.482787288794137	156
-0.103943787696966	0.348105254265379	145
0.014998400597548	0.367727414317904	15
-0.120554656381877	0.235186066978593	174
-0.084127351178188	0.24795406169366	174
0.109081513815793	0.269866022453793	174
-0.034704069787948	0.255899133724424	11
0.074340890255567	0.483032815029275	85
0.117829661640097	0.735912374401431	85
0.087133126343316	0.629496279188208	11
0.050428555748555	0.708787078116909	11
0.065846503300053	0.780345155433577	11
0.102132045563891	0.186772939024416	11
0.099383244999364	0.276978097840754	8
0.022883122518383	0.269500005090112	8
0.01217651936202	0.340101391493299	28
0.106516637439032	0.470909074762004	8
0.059667068138445	0.450922085367214	8
-0.088323245563999	0.342345440924083	28
0.069076246629017	0.557320403104377	28
0.017243549946165	0.452487267594991	28
-0.053483547886427	0.163543065590241	1
-0.045745201115897	0.245598740194644	355
0.069780472410371	0.472671067104661	355
-0.093084828707899	0.239210070635123	6
-0.119002961014055	0.229221321084582	194
0.016088737959254	0.250460225775796	6
0.018767239220096	0.261554448956454	6
0.0531350656177491	0.344963149468153	81
-0.088673763617229	0.237293046687403	129
0.11406538626439	0.271470950320211	21
0.0198052350813011	0.261872713578516	143
0.106474383247089	0.192269360452443	143
0.016288983082708	0.604303506025827	13
-0.064425773797712	0.80766213290748	13
-0.030142852532398	0.76899575956395	13
0.054941648476879	0.630605634912643	13
-0.042752372511262	0.698010084642535	13
0.029804248588499	0.834262629738424	289
-0.077077369544183	0.581621602347661	32
-0.063959577550312	0.684198118039658	32
0.098015756802055	0.977717157603227	32
-0.075676934162862	0.49108222305735	32
-0.032658978427375	0.60351089248879	32
0.078782127481971	0.866261956221529	32
-0.118758333131572	0.565791425464602	32
-0.04289146343643	0.253577461624785	122
0.0219791797212719	0.45351510282438	145
-0.053350271499238	0.158369716511849	145
0.016415600953688	0.912670692096371	145
0.04043029099445	0.846783900051289	145
-0.00171804961379501	0.538713104897738	174
-0.042019881626556	0.240237152054071	174
0.104606269196918	0.197131496894388	82
0.021258726214553	0.617061523788506	11
0.00979803344119301	0.347227324394552	8
0.019054089238646	0.261079306299839	57
0.01014314675869	0.245248881744859	28
-0.034704069787948	0.255899133724424	28
0.115846428496796	0.645229738921724	244
-0.051779414584004	0.163302427940867	20
0.016373404257088	0.260679505826432	355
-0.08127408105786	0.332447661358581	355
0.104960510267326	0.281862438284125	355
0.104818692519225	0.191704651936722	355
0.104826057528392	0.281899977544189	6
0.12165223215236	0.385742624475387	6
0.067824576478658	0.373891073973483	6
0.105540363795595	0.196883836529778	129
0.057356739495483	0.366902999893825	21
-0.05269375213788	0.164143493470563	21
-0.048881979633417	0.164035286059591	422
-0.091942561614113	0.566949943049104	13
0.11099658927096	1.46130811139122	13
0.109708327975923	0.869484329452761	13
-0.070183768770619	0.659314985198467	32
0.110380756096064	1.18639553608892	32
-0.057204895068895	0.587178127265453	32
-0.102349659080828	0.491372255024616	32
-0.118869397835055	0.578118033194926	32
-0.030122165716588	0.595094679614487	32
0.076001006825126	0.965203896999834	32
-0.104380725294449	0.487766577656505	32
-0.068031481227187	0.510112867347158	32
-0.04169788483484	0.521675141318799	32
0.094955837294127	0.564411362212265	32
0.0500268456308251	0.868903702241577	32
-0.036157660493688	0.727691072309651	32
0.0588914390473621	0.840950064101921	32
-0.00451093131349201	0.737108251488668	32
0.109677177311979	0.82012587495461	32
0.118496493075264	0.375302879840903	32
-0.118923097065439	0.236300575806351	32
-0.108752931943959	0.332933150474107	32
-0.057826140931256	0.159256179767351	145
-0.075455865936459	0.247102470403147	145
-0.072188281226015	0.522068837980099	156
-0.037351259926092	0.647567669823761	145
0.091332453359943	0.546446799571934	174
0.033636354207238	0.468728388146616	174
-0.089096499025451	0.232822893003196	11
-0.067979687311791	0.571322421239225	11
-0.071604331147248	0.50296176463161	11
0.069355090952405	0.719121531557358	85
-0.047916689718662	0.239902229611015	11
-0.016644125908033	0.440166051886504	11
0.104084301793186	0.282699508965466	28
-0.041738627532796	0.250226338272874	28
0.105540363795595	0.196883836529778	28
-0.048218437671463	0.161293793899037	28
-0.018573835160799	0.437605002734363	8
0.00778446491507501	0.532683159380639	8
-0.115894459286795	0.339666811719107	28
-0.119852397134552	0.235562860757491	28
-0.049959744176897	0.340547847913164	244
0.023778071807019	0.268794665250103	20
0.104818692519225	0.191704651936722	1
-0.039258184130823	0.255488161361273	355
0.104606269196918	0.197131496894388	6
-0.01732023533242	0.355256472717617	6
0.108868771561863	0.28586578728005	6
0.013201513656901	0.252047912950718	129
0.108868771561863	0.28586578728005	129
0.098225217898773	0.189702995214788	143
0.104606269196918	0.197131496894388	3
0.061601098359673	1.12414111807644	32
-0.124730759101562	0.57616716829367	32
-0.096405479872112	0.609838423949139	32
-0.050376891838843	0.763462915964682	32
-0.109843489280665	0.605275352356993	32
-0.114161461615029	0.567920538602521	32
0.120467121805125	1.06024240943732	32
-0.111523104269282	0.495777950754741	32
-0.094196333331115	0.59964419241896	32
-0.039218273692681	0.35231053100535	32
-0.07715459144502	0.678226262246377	32
0.088043611116153	0.768100021800826	32
-0.065611739341284	0.524822602490647	32
0.067891503191208	1.02974657629579	32
0.059068768560498	0.363317932428688	32
-0.10090116115921	0.434052507798223	32
0.068176696806196	0.476607478202547	32
0.015416086920553	0.353508331835977	32
0.097728258097866	0.467972607529532	122
-0.016937045506761	0.358506765048312	122
-0.048881979633417	0.164035286059591	145
0.108127525175118	0.286693576818328	145
-0.049063807965433	0.530493106211059	156
-0.042994690154151	0.501071480254949	145
0.027559312788065	0.69004789599135	145
-0.00309683499888302	0.531567880140934	145
-0.122287679935486	0.424270647043656	174
0.098225217898773	0.189702995214788	174
-0.053782614030505	0.35544367551385	11
-0.082850348713111	0.345902829216562	11
-0.084881828813432	0.236383748972218	85
0.123701374574773	0.58302679779192	85
-0.013424316866888	0.450834667771185	85
-0.040865903724676	0.242747132080851	11
0.0512982379479739	0.558896301040082	11
-0.054034625434095	0.419424482276052	11
-0.117159718986902	0.430109609722169	11
0.109658093055625	0.193682993386016	11
0.105540363795595	0.196883836529778	28
0.101589308149063	0.276517439692724	28
-0.059525616537211	0.1570054716999	28
-0.00252788233151002	0.459285776823863	28
0.019584751237551	0.535343737680775	28
0.016515355847274	0.259212563661378	1
0.104218517365508	0.279468185385514	1
-0.115127490993046	0.244067793191485	6
0.104606269196918	0.197131496894388	6
-0.038486148490711	0.257198126986689	6
-0.08407688603347	0.238549237791375	6
0.108721732381752	0.196947833793611	21
-0.06660914455783	0.147162453417412	143
-0.061345776478029	0.152743097998327	33
-0.079269803455056	0.587129376448106	13
-0.090132143041771	0.782680072532165	32
-0.073100850014597	0.905618467940498	32
0.00921001717401604	0.854598383267381	32
-0.087780347366498	0.599929266861288	32
-0.0244981872998	0.564775549556033	32
0.04269221625928	0.850927897800317	32
-0.050430394496411	0.687654328276788	32
0.094590943699274	0.969418220627555	32
0.020262833739587	0.788091995455524	32
-0.071978622406991	0.647961578782706	32
0.034788441492233	0.698391118671759	32
0.100126559656164	0.272028352451341	145
0.110485995026444	0.279713897888028	145
-0.119798506062108	0.243644692703116	145
0.035781260585924	0.712470917277247	145
0.022818495071818	0.743659004366956	145
0.031957606149088	0.771473284465497	145
0.014158308831145	0.527410684929576	174
0.016373404257088	0.260679505826432	174
-0.067086555101428	0.570452214660043	11
-0.04464758849994	0.34078052383394	85
0.00535523044875996	0.427544691460942	85
0.094261782578367	0.467296087714098	11
-0.029556114056686	0.447511363755362	11
-0.00591261336325899	0.514403372088926	11
0.104606269196918	0.197131496894388	11
-0.046118001471728	0.249531242171743	28
-0.042641755638664	0.441153092590709	28
-0.117465632835129	0.33730590356002	28
-0.041394575908523	0.415483846958937	28
-0.0577217983477	0.35193462778285	28
0.016361451175985	0.457596189102626	28
0.103073749125873	0.278100429591318	1
0.079405737146321	0.556341989267103	355
0.115623342265988	0.260912984861058	6
0.124451836898632	0.390717069122186	54
-0.04822435496889	0.246964230941857	422
-0.026107049719244	0.341720379223727	143
0.099154292262728	0.189491588058777	143
-0.049007088152211	0.164550979721028	3
0.00628386577874496	0.60374105136334	13
-0.01489825524043	1.18865443139247	13
-0.000615271590705013	0.827098928062723	13
-0.123795664075004	0.473298888413965	13
0.050931740299329	1.20492342536353	32
0.115013269994778	0.73650004400373	32
-0.038166034258512	0.673007650311909	32
0.119111536926028	1.27923945165226	32
0.095844614948601	1.04917054646628	32
0.065350150728534	0.873550504586925	32
0.05215993826711	0.795043025504714	32
0.061511494009552	0.924076048061129	32
0.00279546685999199	0.760348507585231	32
0.074133325635888	0.482789729105684	32
-0.093490661150927	0.666030897884848	32
-0.049134410269651	0.602966424127159	32
0.031528569237123	0.850124476967403	32
-0.098665123700949	0.6818615501207	32
-0.09927849099576	0.499747836320832	32
-0.000106916958674985	0.456156458431389	145
0.112915919163622	0.277842853656505	145
0.026022555676242	0.679681859284873	145
-0.057418527897115	0.60322119580232	145
0.082496090414112	0.655081990639145	174
-0.015449744804112	0.35867242702208	174
0.094024393305514	0.791461462241691	174
-0.012238175072533	0.659692264671755	11
0.00410847829476702	0.679314199703901	11
-0.085552208434608	0.328119494707839	85
-0.050887718088095	0.513459638856462	85
-0.029006739922061	0.24318235566658	11
-0.055566985676389	0.506393712494578	11
0.104606269196918	0.197131496894388	11
0.018302583370556	0.258141211881298	28
-0.03683967882188	0.359044779932268	28
-0.091385711853565	0.349618999031946	28
-0.038486148490711	0.257198126986689	28
-0.013523138067963	0.358375591857755	28
-0.10843881023962	0.32444912477401	28
-0.12222572146396	0.325797375024309	28
0.09776467661481	0.275355275525869	1
0.022661525108574	0.257353183723429	6
0.020343806985392	0.264811577150298	54
-0.034830909064346	0.254911986367034	129
0.103064184011693	0.189897014067851	143
0.103885329091052	0.191922454954812	143
0.116212905696707	1.5857193282536	13
-0.048435536485245	0.965526529092989	13
-0.065532574646759	0.674903171846574	13
-0.04751802214097	0.678693594001678	13
0.023262401816612	0.931288470505745	13
-0.054110786277825	0.841771108491134	13
-0.112715971876505	0.713208213944209	32
-0.089399036525596	0.841422114674399	32
-0.04630066612195	0.550450201128314	32
-0.115801516458865	0.651970949241329	32
-0.066393635818446	0.733945214380535	32
0.047276440934739	0.989713053618315	32
-0.034723145878096	0.749640359771457	32
0.00784038449806601	0.737295314320961	32
-0.09106311600589	0.674497150654118	32
0.037716032290966	0.944852338699678	32
0.0631086216833751	0.798165955862782	32
-0.00807835637290799	0.618016582938218	32
0.041824548994665	0.690335659540872	32
-0.080898138664261	0.613318836634459	32
-0.00218185739432603	0.761569004616476	32
0.0175731166887469	0.825028384866286	32
-0.050337427894879	0.66869969260455	32
-0.079808957116879	0.241541937747413	32
-0.049133442304851	0.158198954336204	145
0.0270034135152309	0.805462983953033	145
0.064499288960969	0.923961935212451	145
-0.093143356667877	0.423508194805888	145
-0.01623217910777	0.584928178597822	174
0.073634711557008	0.554966346760821	174
-0.024348710026168	0.456129191233943	174
-0.035552828799498	0.424993685553778	174
-0.039893092432958	0.502445889556759	11
-0.088319973747816	0.243515517777662	11
0.020343806985392	0.264811577150298	11
0.0729998046349291	0.548026049855176	11
0.084284207035537	0.684757090307039	11
-0.069791793355403	0.346950723329675	28
-0.119496905593597	0.341010750123919	57
0.01601539652145	0.261993148510369	1
-0.051347698322639	0.154426523272922	28
0.099882495694625	0.189802499735134	355
-0.019505203734973	0.448538770687582	355
0.014755953016392	0.355651232388644	6
0.100557217460455	0.566208088176098	6
0.104606269196918	0.197131496894388	6
-0.1152421870676	0.246475891720063	6
0.065097991781604	0.36281363955785	54
0.118951382786498	0.378526070091331	54
0.023026019381616	0.26796864804726	129
-0.051779414584004	0.163302427940867	6
0.098508508821073	0.276082141118485	143
-0.051655678099507	0.159279307936694	143
0.048080187168719	1.21618903485579	13
-0.107421192270754	0.667450403511425	13
-0.038115559783763	0.43072811327905	32
-0.008783726566645	0.854217949285509	32
-0.102524756547312	0.522388487958872	32
0.086042782305781	0.715717582524925	32
-0.045110123350701	0.523555924198402	32
0.070692234010362	0.880218837826556	32
0.086928916205987	0.735493325203257	32
-0.104259086170915	0.488139015329277	32
-0.116017614343636	0.399524549411687	32
-0.030871096966168	0.685352669390927	32
0.00281811938772203	0.58066158258314	32
-0.021594947343778	0.607875968012925	32
-0.023807348256367	0.605959654052097	32
0.038729847506802	0.872016604784749	32
-0.090767696935454	0.347339855030697	32
-0.115848764677325	0.246995585933289	32
-0.094494444041253	0.413591004582723	122
-0.00649164854390399	0.361626702208108	145
0.00614144045369702	0.43982619021245	145
0.120508173896109	0.375244030783396	145
-0.118732882780285	0.426120528360277	145
0.054663385013401	0.62763079609483	145
-0.093838497060244	0.488940278509539	174
-0.018485134620714	0.360473775350308	174
0.108262673357259	0.284288120731487	174
0.104826057528392	0.281899977544189	82
-0.014080584649055	0.450246700994998	85
-0.021311466542308	0.350868563150303	11
0.00297443064775205	0.528141890257431	11
0.013871030051393	0.530169773608263	11
-0.085599631225082	0.245630752587527	28
-0.113105845230571	0.236545396280145	28
0.108721732381752	0.196947833793611	28
0.105094806843452	0.276764032021056	28
0.015949063281214	0.368698845230478	28
0.066441018579673	0.46885790577036	57
0.06622380776613	0.475540193224272	28
0.015231497778889	0.352277052381161	28
0.108262673357259	0.284288120731487	6
0.108721732381752	0.196947833793611	6
-0.040735596343462	0.24776502292996	6
-0.043048142201777	0.247917244218788	6
-0.057942993818106	0.157837135508987	21
0.107997354893613	0.191805636940902	33
-0.053608043803381	0.163248539578346	18
0.105540363795595	0.196883836529778	18
-0.023186878930285	1.70838629516293	13
-0.080778108154115	0.763087424023017	13
-0.111886951546414	0.495585359155621	32
-0.059708105459339	0.522497833686491	32
-0.00381659020501202	0.526959664285193	32
0.031606799657896	0.556892436147094	32
0.00763619373174496	0.329465298335494	32
-0.013743324072416	0.520636883308186	32
0.0754007665097	0.736599617328074	32
-0.033260670340493	0.970938693672307	32
-0.052840250259942	0.52463506807852	32
0.022422081034473	0.60571505949051	32
-0.050887718088095	0.513459638856462	32
-0.051019566593429	0.933936833822249	32
-0.101097499940955	0.657117390786018	32
0.0281136842911059	0.889895802543477	32
0.082792044528448	1.00719853426404	32
0.074684534018855	0.942018522425277	145
0.023481061905597	0.694142358191349	73
0.0649712752327391	0.527569337344978	73
-0.095972883433726	0.438105300558726	145
-0.010131316252471	0.611912183016203	174
0.027836774183497	0.769153405111798	174
0.114279448699779	1.06092336135229	174
0.073263735822087	0.691411497392672	174
-0.079449831885303	0.336540133372604	174
-0.036004477183159	0.432394027158473	11
0.063979990329415	0.379370318305559	11
-0.00788319376601498	0.35942884853633	11
0.014108614533105	0.536268921601018	11
-0.080927804975733	0.423931471929604	11
-0.027173333637344	0.452961078380367	28
0.021140178055159	0.371613614944758	28
0.013843454339545	0.255570810820351	28
0.066784787461788	0.376684364314531	28
0.0293951104353321	0.262051086666664	28
-0.086122651836353	0.247338208067854	28
-0.112497686918005	0.347046464496347	355
-0.012009056668898	0.451211096690737	355
-0.041597405432323	0.347302036836101	6
0.102465766645332	0.279374152525266	54
0.108721732381752	0.196947833793611	129
0.106811437952158	0.640782026068779	6
-0.079145052308519	0.249171533661285	21
0.018016970730962	0.26300254652303	143
0.109445790014745	0.192936241963981	33
0.101001093230051	0.271291877634573	33
0.108721732381752	0.196947833793611	33
-0.057826140931256	0.159256179767351	18
-0.073239695373179	1.90409841042415	13
-0.083584883945889	0.730843201379951	13
-0.043837975161944	0.429788176743536	32
-0.114886913742465	0.430952679350881	32
-0.089473251210417	0.441154108653592	32
-0.013795358592913	0.452366938408126	32
0.05697640099211	0.724531331343464	32
-0.086750637760793	0.413469589947595	32
-0.040412088500584	0.252133804599637	32
-0.00319892937834199	0.462342975606043	32
-0.030994035162276	0.506637708736261	32
0.057679353366206	0.774631734957075	32
-0.00919261471681199	0.657274203496291	32
-0.010373815188649	0.578096568717669	32
-0.010721316945129	0.364960720094354	32
0.015763647479539	0.342977301019866	32
-0.066869107124859	0.44459795082753	122
-0.042765651121745	0.255103889289855	145
-0.102262766347257	0.327859551616993	145
-0.111874964902373	0.439025009241261	145
-0.052550595064049	0.447253582374325	174
-0.018851878423046	0.354872619101347	174
-0.042640233086027	0.253060015768799	11
-0.064327990544696	0.353444291372739	11
-0.019608936931561	0.353155543117522	11
0.064415515681007	0.475665954804138	11
-0.049671271955906	0.159866625787245	11
-0.05159097661286	0.235552090647176	11
0.018159904579824	0.262328204106373	28
0.123587777438228	0.388485807723468	355
-0.108809938950317	0.243594290472857	6
-0.052568984511295	0.162709811063589	6
0.106443369145996	0.275073792013536	6
-0.061116688266496	0.151587091893935	6
0.103885329091052	0.191922454954812	54
-0.051779414584004	0.163302427940867	21
-0.05269375213788	0.164143493470563	21
-0.059643305699675	0.159185418917069	21
0.105326892600321	0.193060090298176	33
0.108721732381752	0.196947833793611	33
-0.05269375213788	0.164143493470563	18
0.105540363795595	0.196883836529778	18
-0.051779414584004	0.163302427940867	3
-0.088379639610441	0.96555862072121	13
-0.046200461824929	0.443010033370608	13
0.00663242639305905	0.614784092677382	13
-0.088249146650073	0.547043362203335	32
0.020411642292541	0.694495384010105	32
-0.045670538465008	0.683542230728092	32
-0.109150811803086	0.337008448424247	32
-0.080623345514582	0.523750006195618	32
-0.043971913921352	0.549562255641329	32
-0.091669180485124	0.562683293050983	32
-0.086998666865856	0.323124452004003	32
-0.070350690177939	0.51817813653556	32
-0.081931348173371	0.586280712446817	32
0.113082849243417	0.354563655719731	32
-0.038614141670764	0.257019610648656	145
0.0182815813737091	0.258416251664534	145
-0.10542079282726	0.24492723383425	145
0.040271872020993	0.769192718914829	145
-0.098068035236543	0.424100206974754	145
-0.031640918730306	0.530849957351574	174
0.104826057528392	0.281899977544189	174
-0.082146013006454	0.248675794808446	174
-0.05052247333131	0.237924092759147	82
-0.026798113163372	0.440892282845925	85
-0.090064497849684	0.434888850248225	85
-0.049112365021165	0.356562274674618	11
0.112764612935555	0.182175930449399	11
0.107997354893613	0.191805636940902	29
0.017049853396358	0.255950088109669	28
0.028642251095803	0.263441550384805	28
0.018562780582713	0.264445159356791	28
0.024673640536899	0.266222754204137	28
-0.10468366954818	0.333297831425598	28
0.00617818523192504	0.451563487308446	28
0.103949930977753	0.280985884086667	355
0.017266343051346	0.262199548559052	355
0.104391995793308	0.188752160600622	6
0.023634554881356	0.267965507910143	6
0.105326892600321	0.193060090298176	6
0.024673640536899	0.266222754204137	6
0.106261717682182	0.192838259478629	21
0.101589308149063	0.276517439692724	21
0.108721732381752	0.196947833793611	21
-0.05518586866497	0.158492564541135	33
0.107196468509895	0.188500305764353	143
-0.077583880567494	1.25198332526069	13
-0.036402286214673	1.00833402773788	13
-0.062384151562185	0.695047486953445	13
0.070846672177836	1.22602636891083	13
-0.005558793892249	0.572643641227534	32
-0.081766732245869	0.495303940833968	32
-0.00681409492830098	0.693682269845635	32
0.104606269196918	0.197131496894388	32
-0.087327644230433	0.237839453621471	32
0.040769655665308	0.756513749289669	32
-0.041421978302932	0.680082923151887	32
0.0133613144479801	0.619234169070873	32
-0.124981578293446	0.385443278822742	32
-0.043322064843882	0.745675167931585	32
-0.051687379053181	0.5195958580094	32
-0.091523342232091	0.427936844948193	32
-0.085151265093788	0.356035846637333	32
0.122521294790056	0.382153587552696	122
-0.028235711596864	0.676322490504279	145
-0.011794836281701	0.565444301100289	145
-0.124114513393255	0.433119783571202	145
-0.028808258656157	0.497314150968877	174
-0.108747984804807	0.319501984003016	11
0.072920061419304	0.466648079518032	85
0.013201513656901	0.252047912950718	29
0.013703178661705	0.25881596286812	28
-0.00687161396649	0.362048220488675	28
0.098952681887659	0.190014654245685	28
0.118515716480088	0.363909046946026	28
-0.045103076338669	0.243794737411668	355
0.120583563742644	0.390802230926188	355
-0.040605669546356	0.247992086942199	355
-0.089683248551493	0.240424259453451	6
-0.040149033670759	0.352686642475082	6
-0.101204250061186	0.343464934258391	6
-0.122500394471519	0.237035051957515	6
-0.084046235300072	0.245990138249336	6
0.10367210198169	0.19256980157576	6
0.104391995793308	0.188752160600622	21
0.106261717682182	0.192838259478629	21
0.107250832690915	0.284325648817411	21
-0.089166550156429	0.23831088639759	21
0.109445790014745	0.192936241963981	33
-0.053483547886427	0.163543065590241	143
0.104818692519225	0.191704651936722	18
-0.071854306212297	0.817096730721575	13
0.122036288382731	1.90642994090825	13
-0.039159845485992	0.995921911660991	13
0.029326141501267	1.07511676510615	13
0.00401686450796201	0.812643209403789	13
-0.087680192313206	0.728350880418564	13
-0.075351809805413	0.838104494004309	13
0.107069044576246	0.613420228841681	32
-0.114912028062961	0.509447024127537	32
-0.10966427546273	0.591158613378576	32
0.107740957763729	0.861664308443242	32
-0.120036176163781	0.590166720657502	32
-0.049725132120451	0.589954702497282	32
-0.016301795178309	0.724294247429123	32
-0.076685743068567	0.579553058244741	32
-0.034424695714934	0.493075515048803	32
0.112430130954798	0.889303955110482	32
-0.042160101881435	0.684785608990823	32
0.00136662268355203	0.766033898693413	32
-0.121021574651106	0.457665300012318	32
0.105845642163261	0.811469570318749	32
0.062258349922432	0.644064258280012	32
0.075011596148844	0.468948385176918	32
0.094139359642734	0.466951198625635	32
-0.02230492067592	0.332084703546045	32
0.019965390702447	0.509010256462823	145
-0.039385567295275	0.257013998905081	73
-0.094348714289925	0.232572207691163	145
-0.021691962174051	0.457921623680413	145
-0.079021989397429	0.564674893614913	145
-0.110295251104568	0.428157605296083	145
-0.048207973269918	0.517950929521694	145
0.01241504318761	0.547483446329855	174
0.079532989277546	0.656172523588053	174
-0.070137218998321	0.441169937860837	174
-0.073931156296023	0.320642382026025	174
0.027928944417054	0.362048487723504	174
-0.039390766912374	0.517677473952515	11
-0.098947084258153	0.483555039997658	11
-0.089042163547322	0.418431233322248	11
-0.033650459773129	0.527424315420735	11
-0.079158982322399	0.495774334485729	11
-0.00213152898270602	0.360666692732785	28
0.00759077531543795	0.24546126464599	28
0.017123773080375	0.261475350286528	28
0.0776804025153241	0.370847106955005	28
0.108106894670012	0.478580796754978	28
0.043219897938908	0.465562345817736	28
0.013673319347408	0.451925164885826	28
-0.120013419418356	0.23305136186516	28
0.102331716700272	0.278866831967367	28
-0.124897889186713	0.23579154393552	355
0.061512633632985	0.349593457017604	355
0.019948897422156	0.258222927275107	6
0.017666658326558	0.26511675217471	6
0.013843454339545	0.255570810820351	6
-0.053483547886427	0.163543065590241	21
0.104218517365508	0.279468185385514	21
-0.05269375213788	0.164143493470563	21
-0.049007088152211	0.164550979721028	143
-0.053483547886427	0.163543065590241	21
-0.055267300543933	0.158939031402633	21
0.107997354893613	0.191805636940902	18
0.104606269196918	0.197131496894388	18
-0.053350271499238	0.158369716511849	18
0.094255559954054	1.46590880521268	13
-0.104957563475853	0.505517269720413	13
-0.041333076595986	0.642024178042738	32
-0.055118567491333	0.802964673213441	32
-0.051375191376493	0.576937421748694	32
0.08053351101084	0.799106921848905	32
-0.021573215098579	0.662109368787983	32
0.00939996657022601	0.680558187972346	32
-0.019523751371597	0.711260592909236	32
0.014487268940691	0.464029186562825	32
0.045451277211821	0.749859667885292	32
0.103386971392666	0.732470824816788	32
0.117369770571999	0.364152046382721	32
-0.081591930755725	0.232721866808979	32
0.104164224719083	0.275811399836544	145
-0.052819754606688	0.160006763411687	145
0.054717413949971	0.827480325196481	145
0.0918225996543161	0.96122255873632	73
-0.098710833544219	0.436701484633025	174
0.10367210198169	0.19256980157576	82
-0.045342344711426	0.252455702334459	82
-0.058734086718589	0.160049362864785	82
0.109880723097922	0.284558081937262	11
-0.024254790175033	0.356978116428164	28
0.033478968982811	0.545841458805284	28
0.101166299590597	0.645570735728631	28
-0.018506254256349	0.345793797057559	28
-0.065389135927457	0.353120532564021	28
0.09776467661481	0.275355275525869	355
0.108404602115428	0.486229934023758	355
-0.116456150812596	0.2402746993968	6
0.100257918701995	0.276188097828727	130
-0.081899555646444	0.244019540525236	130
0.105702127406654	0.281073847180921	6
-0.041376748931819	0.24796187206415	21
-0.121228765763095	0.23196762376887	21
0.102951892153332	0.187666021664002	21
-0.052819754606688	0.160006763411687	18
0.103885329091052	0.191922454954812	18
-0.044392747678128	0.160472883725614	18
-0.049007088152211	0.164550979721028	18
-0.110126467953654	1.28697641768611	13
-0.014123219846593	1.22562386626194	13
-0.022081057277495	0.797064296879057	32
0.0309165589400791	0.839386381084015	13
0.055172572586556	0.905146250155752	32
0.100566457850369	1.25726917626149	13
-0.086932191127786	0.584366558613437	32
0.115243172513434	0.488556382845593	13
-0.070544619380573	0.509832193431312	32
-0.03407061489063	0.753054311697365	32
-0.091946586740765	0.657125212163338	32
-0.021420658246195	0.834244505433741	32
-0.066115398091255	0.616317291898272	32
0.059030033567698	0.797397926164966	32
-0.010304625517225	0.507897947963168	32
-0.03938168637385	0.674201327809024	32
-0.05026059410711	0.589260612198048	32
-0.032290651403581	0.719421236324508	32
-0.025282908159234	0.806814294344927	32
0.01329723130247	0.626908462359497	32
-0.037963604254612	0.430077325776144	32
0.1130522174423	0.27998905425123	145
0.031709424603516	0.257995051240678	145
0.024086099569035	0.534646733087317	145
0.095917057672705	0.884666028415337	73
0.065181384396503	0.918522942302648	73
0.0947441383876621	0.930727379447912	73
-0.062629420889583	0.485937054966241	174
-0.030464332410762	0.448027909134969	174
0.017666658326558	0.26511675217471	82
0.109978405389365	0.713882738757399	85
0.054201400181953	0.566608751023749	11
-0.093367274972737	0.237270886887584	28
-0.040157371749331	0.255301771305791	28
-0.124039969294761	0.236614081154639	28
-0.051143492384272	0.358954213782137	28
0.105702127406654	0.281073847180921	28
-0.087469958026952	0.240728467291203	28
0.021224640866636	0.359878256749114	355
-0.010320673012405	0.361336040222547	355
-0.052741946631372	0.229101378621253	6
-0.080840883125585	0.246642521791316	6
0.104084301793186	0.282699508965466	130
0.122750422278565	0.387765589625873	130
-0.087822182955401	0.248338620855508	54
0.106474383247089	0.192269360452443	21
0.098702773638473	0.264779625537381	21
0.0227399653763271	0.266992038615147	21
0.016231197916366	0.258285355627221	33
-0.013179367116017	1.11936239619176	13
-0.018959745932209	0.985700556321531	13
-0.071842651197865	0.676427202623708	13
-0.065104408027468	1.07884871783999	13
0.088799500039882	0.700828674219514	32
-0.110054489861567	0.432516688174862	32
0.100709567802742	0.726609839060818	32
-0.079931096002685	0.426061007865027	13
0.00117347000998502	0.681879049539438	13
-0.091793757812673	0.428836056428442	13
-0.114440245850252	0.342507878996463	32
-0.048002718916544	0.516309343968792	32
-0.028228774678982	0.604581299645544	32
-0.032402361592883	0.527702281270481	32
0.070732814652455	0.723293624971704	145
0.122823152784509	0.824259881847299	145
0.085226693707201	0.73591975242805	73
-0.116085345949624	0.341205698417326	73
-0.024411170043097	0.486836512207158	174
-0.048609107217804	0.499876043647334	82
-0.107034630061837	0.574269936957195	11
-0.057445473737144	0.515854652846493	85
-0.061087805799749	0.514219531266578	85
0.05246987538827	0.549206233395948	11
-0.11206911993949	0.429631323386252	11
-0.118974417111745	0.34673135101768	28
0.105041837119557	0.487454745575731	28
-0.074608849138725	0.43404338640794	28
-0.041056108623309	0.253713594455749	28
-0.04718042661014	0.161705523270959	28
-0.092001450796228	0.237386565065804	28
0.063867115276001	0.473431314640471	28
-0.050819973021606	0.426076776005897	6
0.115286149487265	0.696475134449862	355
0.07120086417898	0.368301482811284	355
0.094889396306487	0.475370283264892	130
0.104391995793308	0.188752160600622	6
-0.048881979633417	0.164035286059591	21
-0.04124781365919	0.243411138500848	21
0.103949930977753	0.280985884086667	21
-0.084046235300072	0.245990138249336	21
-0.117871687607061	0.24092974994916	33
-0.073190589704785	1.01883569926773	13
0.0729880066591601	1.02089147289399	13
-0.112850728824914	0.57735428021798	32
-0.092583055505383	0.57750963649133	32
-0.046930584884875	0.600756462248763	13
-0.089899370495671	0.528155369675138	13
-0.081528668449247	0.507951087396991	13
-0.114779286359388	0.493674556435975	13
-0.120713197426804	0.520479001987074	32
0.0389461329851391	0.682098622149684	32
0.034227583071997	0.952792687323608	32
-0.035719986135612	0.674854708732703	32
-0.095557364837829	0.570905493507414	32
-0.030935371665602	0.581820184663622	73
-0.015555366599657	0.57982832516302	73
-0.056895685189399	0.594417287001379	174
0.045760063406478	0.695793164697178	174
-0.059085773412168	0.345712580935909	174
-0.046344363517035	0.349563952303291	82
-0.101626965040005	0.453771532183945	11
-0.061000283483392	0.356221261199302	28
-0.044846639575421	0.247537252279387	28
0.06568026584163	0.469248159917221	28
0.020879666754093	0.463066598456887	28
0.06916043480847	0.474550564740826	28
-0.109329993902879	0.324404216821264	28
0.066607456757467	0.46936536126884	130
0.10738590334938	0.284218486173583	6
0.104960510267326	0.281862438284125	6
0.01014314675869	0.245248881744859	21
-0.058734086718589	0.160049362864785	21
0.096145389240856	0.266619552293517	21
0.102465766645332	0.279374152525266	21
0.02685080837494	0.265098898670484	21
0.104960510267326	0.281862438284125	18
-0.051501376772247	0.156730919067644	18
-0.015078462298182	2.19179818805437	13
-0.057358262275173	0.685674805979938	13
-0.123546320118533	0.511341701619931	13
0.104606269196918	0.197131496894388	13
0.066625609305585	0.379488331862646	13
-0.038227742842386	0.642747672349203	32
-0.119774584683646	0.576164073620291	32
-0.062717687104876	0.355589555475128	13
0.062930026691047	0.377020612155696	32
0.016373404257088	0.260679505826432	145
0.114015383809854	0.373613833615693	73
-0.039282373456767	0.423283529513018	174
0.023026019381616	0.26796864804726	174
-0.00968889096536801	0.355774090235935	82
0.116767804813316	0.642860972599353	11
0.121165361214329	0.943545054465917	11
0.107983300090661	0.485881493017396	11
-0.004734831982941	0.462099617479781	11
-0.033165634489722	0.506950184793161	11
0.042390462196059	0.687661246156324	11
-0.024248654004471	0.51814300820034	29
0.062259877589362	0.370395695879096	29
0.105540363795595	0.196883836529778	29
0.013703178661705	0.25881596286812	28
-0.120406109855928	0.244640796387479	28
-0.040929555389528	0.251736405003781	28
0.0418382590436031	0.452919301222497	28
-0.054248730782978	0.327870458303666	28
0.104606269196918	0.197131496894388	28
0.122645722470007	0.375442923811884	6
0.109658093055625	0.193682993386016	6
-0.0699031929443	0.335477711994989	355
0.056700680137998	0.453705433180992	355
-0.058617442654143	0.1562622704187	130
0.120018868860289	0.377887490440612	6
0.058240764008066	0.358383552940197	21
-0.030805792590433	0.249719093586136	21
-0.052568984511295	0.162709811063589	18
-0.07554153017532	1.99470859392493	13
0.041868187469977	2.33356369832633	13
-0.051907946855052	0.983937136446474	13
0.047857859269937	0.616987387976869	13
0.098975621945614	0.738460410325823	13
-0.00177231853882698	0.594883943044144	13
-0.120051576848006	0.442662504627132	32
0.035146550836069	0.557708319972607	32
0.075984307559165	0.942523825549971	32
-0.012812836331089	0.605828839173362	32
-0.113119825754714	0.511921502925008	32
0.027974009883715	0.616323495903662	32
0.00866069670933001	0.53358950342624	32
-0.055296568684994	0.499983756871172	32
0.109909072062221	0.638087076319984	145
-0.035975570222897	0.43084289301564	145
-0.071852489693007	0.429337052002401	145
-0.068244103686095	0.42788456120863	145
-0.054590646949366	0.445969182766387	73
-0.119396991042736	0.443310982220407	73
-0.107838951792754	0.424530883378724	174
-0.112971081107438	0.340512849752221	174
0.014721650847855	0.458279613183798	174
-0.118291519372838	0.398959281798322	82
-0.033940692916949	0.437148023134391	85
-0.00136907402858599	0.450295588232841	11
-0.115344527029762	0.346229245676615	29
0.122041799927174	0.67471568896881	29
-0.039258184130823	0.255488161361273	28
-0.117146517748665	0.240217743879538	28
0.022280272014413	0.371290010412115	28
0.018176408784337	0.457917708578912	28
0.059348295688345	0.376788865677341	28
-0.044442091907227	0.254061707010447	28
0.073614246438688	0.572227993380471	28
-0.089406248639574	0.355209108019614	28
0.00596869891668295	0.454905004053735	6
0.119874495545554	0.380263796423304	6
0.11678984476398	0.379051742102138	130
-0.034577629766745	0.253658174172123	130
0.103885329091052	0.191922454954812	130
-0.039892414985616	0.252917678131143	130
-0.049796172893354	0.163954801888234	6
-0.054257575837671	0.158280220973852	21
-0.060435063269249	0.156174210742552	21
-0.054478723911809	0.159509279653994	21
0.105540363795595	0.196883836529778	18
-0.053483547886427	0.163543065590241	18
-0.100020779418662	0.430477345640425	13
-0.042033822826397	0.340736484265263	32
0.062234475413573	0.344757015845256	13
-0.029398495457934	0.821723487639246	13
-0.014492339618907	0.358151456488743	13
0.035234881424159	0.347910700005067	13
0.10778529414349	0.193560761266531	13
-0.086489563950406	0.344741253176181	32
-0.082985438591504	0.249460576270705	32
0.042669585355497	0.636668101196243	32
-0.087641924076554	0.344310051533042	32
-0.043922209026761	0.341236662429191	13
-0.037986910364013	0.362543971701763	32
-0.060744151221643	0.754819812741254	122
0.085055292443152	0.890503696291567	32
-0.06513188562881	0.770095244131106	145
0.108262673357259	0.284288120731487	73
-0.123030845285691	0.237456010381394	73
0.117039362288755	0.814736295194602	174
-0.118821123741976	0.493622122983624	174
0.063747689721772	1.21393677820406	174
-0.063128119845145	0.420832440051162	174
-0.065314279776865	0.639301834768143	82
-0.00114460418276502	0.460481932456424	11
-0.038494928019398	0.3527671194115	11
-0.010529865985479	0.358262615410129	85
-0.102303192608323	0.433942573939886	11
0.01342229546883	0.458369774542004	11
0.075644872747377	0.72086726565715	11
0.104606269196918	0.197131496894388	29
0.039402908521869	0.614032036745291	29
-0.00344691208086201	0.459353751212088	29
0.108127525175118	0.286693576818328	28
-0.00820198361457303	0.528532222567463	28
-0.071859013142792	0.615733497981081	28
0.023289740658055	0.624408309805619	28
-0.058734086718589	0.160049362864785	6
0.107196468509895	0.188500305764353	6
0.104818692519225	0.191704651936722	130
-0.083792190636151	0.346056251898714	130
-0.045879258578651	0.494113601533325	130
0.109445790014745	0.192936241963981	130
0.047428492573693	0.539512803063271	6
0.108127525175118	0.286693576818328	554
-0.052568984511295	0.162709811063589	21
-0.105905885161419	0.335411194726995	21
-0.086489563950406	0.344741253176181	21
0.092255851199099	0.470754136361514	21
0.104606269196918	0.197131496894388	18
0.0511203914270511	0.703816862569567	32
-0.109278597073345	0.481912658087523	32
0.063555722324173	0.721064211579655	32
-0.024424045167566	0.418037469194008	13
-0.075535792392119	0.310006992117279	13
-0.040153578928295	0.358787013712489	13
-0.04052419327966	0.517000118559245	13
0.015930941508602	0.629002339047682	13
0.08148607924856	0.73187412450564	13
0.071568701937598	0.624940141302026	32
-0.066615269215625	0.431035468682998	32
0.0276143195344311	1.26187765221457	32
-0.097180891003662	0.537709687858111	32
-0.0409952923093	0.350009680041073	13
0.087919791755158	0.699954632555324	32
-0.011960852759013	0.440331061246668	32
-0.018316724348571	0.758370617585265	32
-0.093734120862365	0.414967412816378	32
-0.102677069950891	0.503994789836267	145
-0.00669655914344802	0.715323815778433	145
-0.000692355345564999	0.77310042290299	145
-0.062886335728005	0.43451508949099	73
0.080272490994723	0.720369575271004	73
-0.071535975914961	0.327647488012049	73
0.106217213008178	0.611692561851629	73
-0.081570989342491	0.337348038167661	73
0.071390965620959	0.550808026730475	73
-0.056558359986283	0.518004244093715	174
0.022052829493359	0.826479307995861	174
0.042133120286951	0.712085408570305	174
-0.013896749724165	0.524714539863424	174
-0.00332951623123001	0.526330322382772	82
0.056518214802272	0.550366752407901	82
-0.040793206177957	0.504831139173906	82
0.00839755033593603	0.580414387674967	11
-0.039058868254448	0.429491404114963	85
-0.058141204216191	0.438819500266172	85
0.0591907238199531	0.372788963835263	11
-0.115805010031306	0.577049743938043	29
-0.116056725825581	0.243785330106676	29
0.022009112477935	0.460496627558353	29
-0.00879593628940201	0.452938009900346	29
0.036978526872596	0.624133070290822	29
-0.043435299002829	0.446868713963933	29
-0.024195135516541	0.34227734899766	29
-0.104133748927148	0.329866283844414	28
-0.053205451555381	0.497111724070205	28
-0.00978710863259402	0.355917849075593	28
-0.085317441708935	0.242333691004877	28
-0.089308304876657	0.239238671436179	28
0.053774838691335	0.359614791373693	28
0.00683167594164902	0.240666460604378	28
-0.039258184130823	0.255488161361273	28
-0.042765651121745	0.255103889289855	28
-0.053483547886427	0.163543065590241	28
-0.099592136378014	0.393758997573204	28
0.104084301793186	0.282699508965466	6
0.01725740038058	0.470741425530215	130
-0.015269984577497	0.427011196592128	130
-0.058851985246589	0.157000954192857	130
-0.080063509366961	0.248922661395455	130
-0.049796172893354	0.163954801888234	130
0.098952681887659	0.190014654245685	6
-0.053608043803381	0.163248539578346	6
0.099154292262728	0.189491588058777	249
0.020626661850933	0.258422669935874	79
0.106261717682182	0.192838259478629	21
0.023089936799521	0.367988941815267	21
0.019054089238646	0.261079306299839	33
0.100812221308309	0.185578165967526	18
0.105540363795595	0.196883836529778	18
0.055318781915354	0.843744908324137	13
0.011774209711742	0.656618535665177	32
-0.040808276699349	0.593919612234642	32
-0.036944689269881	0.531383732791349	32
0.027558009471002	0.447596006852334	32
-0.068932448801245	0.678775008242351	32
0.087376766698578	0.938023477482095	32
0.013645766430886	0.873421395616346	32
0.123802379325257	0.554574639132388	32
-0.050332516988875	0.513497126212243	32
-0.097179081403896	0.350081816408958	145
0.021988792302724	0.268514362548403	145
-0.062517448845284	0.718351465547456	73
-0.099640174811599	0.591040699630607	73
-0.016824287243637	0.683734428518961	73
-0.107425833874041	0.432251023334095	73
-0.012112620589213	0.446587059190756	174
-0.093920226946225	0.421298922595498	174
-0.092922997952906	0.42026469404161	174
0.053789088619011	0.679800927888578	174
-0.00172271312188499	0.517259395363478	174
0.098639552874962	0.276248356719227	174
0.032498687212789	0.549865187197501	11
0.059077997763885	0.52786688631905	11
0.029392349714173	0.698153055796752	29
-0.037714491915418	0.257204356791073	29
-0.046421845584001	0.245066535374617	29
0.016900026981759	0.368085552946974	28
0.103342170174344	0.280281513622501	28
0.061972478158325	0.365004490455589	28
-0.034704069787948	0.255899133724424	28
0.124761343529359	0.56783581687411	28
0.00405369675511502	0.455237674613883	28
-0.062116644067928	0.347128080459717	28
0.061354709730745	0.35859855254583	28
0.123673138853299	0.390913339634206	28
0.06272260188235	0.478902264696021	28
-0.114521761136587	0.243121493181331	6
-0.047581828737074	0.349802609464507	6
0.113792811702463	0.279241925669222	6
0.014007546968289	0.346850869314225	79
0.104606269196918	0.197131496894388	21
0.019054089238646	0.261079306299839	18
-0.00120710024420301	1.01024971566402	32
-0.086446275753488	0.709913140923734	13
0.00943051502903802	0.816485360193307	13
-0.04698088696738	0.841802353783038	13
0.09748826573204	1.12156060546694	32
0.037807430640084	0.843588909680209	32
0.015857925144466	0.830509856047808	32
-0.088962740080124	0.589696203947368	32
0.034885776854689	0.78111966092894	32
0.013437975357917	0.441952030175434	32
-0.108897455856438	0.400611851594801	32
0.049265628879137	0.885248222441617	32
-0.034667067492993	0.682320620635004	32
-0.099173326423501	0.343821163202941	32
0.104826057528392	0.281899977544189	32
-0.111254891269499	0.246547884829709	145
-0.083097998176862	0.436612359908705	145
-0.037843094519683	0.255077367392543	73
0.064629613648078	0.698623572772931	174
-0.022046550707974	0.513929700341547	174
0.057274556394991	0.556443339296945	174
0.062845410440087	0.46419704667563	174
0.012441604308061	0.251361788392157	174
0.067065230550737	0.248744997344803	82
0.00687911331916102	0.455203308945281	82
0.088078264165142	0.794251244166006	11
-0.074641652051468	0.444851872404128	11
-0.060310003260389	0.721674634010998	85
0.057676684615394	0.63826279365393	11
-0.090969802785043	0.352332739573185	11
0.0444669948811141	0.700775692163199	11
-0.112995133466344	0.342114873128279	29
0.039325183444808	0.675474363314663	29
0.124596163188281	0.391964324323106	29
0.106443369145996	0.275073792013536	29
0.025956009211666	0.262895278311102	28
0.061972478158325	0.365004490455589	28
-0.031970744074938	0.439908823035372	28
0.015809203384355	0.547741386337717	28
0.0534421843731691	0.541168508179439	28
-0.113511379361159	0.322292890817313	28
0.01217310029618	0.623308864085714	28
-0.039431008654831	0.361831225960274	28
-0.034651259940202	0.522770322415986	28
0.108508617766097	0.18973330924381	130
-0.082985438591504	0.249460576270705	130
-0.120406109855928	0.244640796387479	130
0.115864707103537	0.378950448598002	6
-0.051779414584004	0.163302427940867	249
-0.04718042661014	0.161705523270959	21
-0.043305488157295	0.24918062892844	21
-0.037274154656865	0.250484347038109	21
0.099383244999364	0.276978097840754	18
0.112175184924302	0.278578867241966	18
-0.050099976794793	0.596269956083786	13
0.00560528220970902	1.05554377756164	32
-0.023418567304806	0.887350277229892	32
0.004682915277196	0.838911365818854	13
-0.116552408790558	0.577957369149114	13
-0.12456073915946	0.472756029918061	13
-0.049081925093535	0.718887719390632	13
-0.044987248997925	0.569569036790223	32
-0.064166837876548	0.576451612378164	32
-0.057948602809438	0.609078948809706	32
0.025925214969399	0.697932805266069	32
0.102565810785802	0.868607511547163	32
-0.07598949248792	0.523630993927422	32
-0.050576040979871	0.592440721253851	13
-0.07312141484612	0.43267973099358	32
0.018165635921823	0.624077351942294	13
-0.118224189942322	0.560719058510852	32
-0.00356294920681199	0.611007979832066	32
-0.116172653522573	0.244252694304894	32
-0.094785140850732	0.307515028089512	145
0.093937518834828	0.656677641343719	145
0.070922323718015	0.373594425655821	145
-0.089018471429892	0.591069895417184	73
-0.065256191571463	0.353177456296521	174
-0.093506606244681	0.495949877935656	174
-0.030031907296215	0.251297398266857	174
0.053444514607327	0.556153598791143	174
-0.051904391362073	0.160861783334034	82
-0.098971305980143	0.224180804567343	82
-0.042586844170128	0.347796641744799	11
0.110970170878629	0.577715814451508	11
-0.05469542560812	0.508736934166943	29
0.0687576537753261	0.373080161605172	28
0.088580850563557	0.658457434740051	28
0.048699686681137	0.54269505555702	28
0.062113885031746	0.470695988619103	28
-0.067762886941236	0.426988109350272	28
-0.086254412551927	0.33673842562326	28
0.099734501346398	0.662983905587507	28
0.067702400215966	0.365019438621328	28
-0.054396748347095	0.162653299830411	6
-0.094447191725228	0.32157645543453	6
-0.045467103278995	0.250005149107245	6
-0.060553791501577	0.155588204672542	130
0.063810968477409	0.375077357856611	130
0.10320803681388	0.281778725345855	249
-0.049922319184628	0.161280171398461	249
-0.054478723911809	0.159509279653994	33
-0.05269375213788	0.164143493470563	18
0.105540363795595	0.196883836529778	18
-0.115603085312324	0.608874700170473	32
0.124365236129901	1.18643069449067	32
0.041499161704492	0.917199128542963	32
-0.076141294055188	0.607151754776881	32
0.040800829422226	0.727245794378922	13
-0.021351359322633	0.602555842396433	13
0.059725042394972	0.930756767262159	13
-0.071497025898198	0.574569857039275	13
-0.063242781702203	0.514812038575541	13
0.033407852092689	0.623920279489556	32
0.060507832192222	0.449321360659854	32
0.100346449129382	0.890187362335394	32
0.121953365498376	0.826920191243003	32
-0.112533340161588	0.497963771958332	32
0.084136876896586	0.649735987935047	32
-0.044075875010255	0.249157107204173	32
-0.083904236672362	0.24862254303294	145
0.021845994723162	0.264148445478782	73
0.105629719796906	0.743790844373658	73
0.060235141388382	0.846420780966747	73
-0.024912262728681	0.492342715743187	73
0.046667826626822	0.707202562736347	73
-0.070650393829447	0.508167781762733	73
-0.120254075442367	0.424167217395698	174
-0.079726388503541	0.341094423243107	174
0.076145190045652	0.568526689438179	174
0.055639339544885	0.543221362796359	174
0.124740337123773	0.388445958412044	174
-0.088761475793576	0.238578221060933	174
-0.00766665313457299	0.522086279381141	29
-0.012206848893945	0.366601406314633	29
0.060004234225436	0.361292973506146	28
0.110768548117947	0.259383567480075	28
0.024457582887962	0.368322391711259	28
0.102585811220975	0.492105824668183	28
-0.052214029292729	0.435144528548954	28
-0.109967055048342	0.245381094145195	28
0.0244507668320491	0.25919677495497	28
-0.081289768560363	0.248557905379396	28
-0.084127351178188	0.24795406169366	6
-0.053483547886427	0.163543065590241	6
-0.082066343840559	0.249095695112046	130
0.105702127406654	0.281073847180921	130
0.017666658326558	0.26511675217471	130
-0.050674996944633	0.237155198669939	130
0.103264546802094	0.186609396683707	21
-0.049007088152211	0.164550979721028	33
-0.048881979633417	0.164035286059591	18
-0.05269375213788	0.164143493470563	18
0.104606269196918	0.197131496894388	18
-0.054478723911809	0.159509279653994	18
-0.055267300543933	0.158939031402633	18
-0.057065105626294	0.786332498496994	32
-0.116749756589182	0.480180888641089	32
-0.101464007191718	0.492085455410548	13
-0.043903948931651	0.526625845203526	13
0.058188029093981	0.634857316727245	32
-0.114125576929043	0.442663720581425	32
0.06172650266713	0.641293463094704	32
0.06901275673202	0.590858203158319	32
0.07414116491669	0.698737721773018	32
0.11208075239261	0.641528835004515	32
0.0159831430327479	0.568207673515825	32
0.103443908210784	0.806143727245472	32
-0.057782845167519	0.433332217991382	32
-0.055180955020212	0.354426618126567	32
0.060273060597288	0.468527445441002	145
0.0625085388277971	0.478640750736176	145
0.054078594117445	0.721101771629457	73
-0.124771654853569	0.347674461289798	73
0.00762419618197197	0.445153764455698	73
0.099506250817371	0.576606978475953	174
-0.00553766665316802	0.361855255881609	174
-0.019528746000481	0.529782727269773	11
-0.067186845356787	0.439529279904697	11
-0.055387884972909	0.441348306257291	11
0.011779091412648	0.463645944795375	29
-0.022094569985804	0.523421267559429	29
-0.108272326386446	0.342019256246161	29
-0.017467310851231	0.348541235801855	28
-0.060746764777627	0.344122942629913	28
0.0325310304106901	0.360813650091588	28
0.108411004425757	0.48585466492427	28
-0.117773697996542	0.24503840479061	28
-0.043176624273914	0.24991402080134	28
-0.092141033961688	0.233882365514267	28
0.02685080837494	0.265098898670484	28
0.075925974832469	0.480513850781625	12
-0.00990072271319897	0.357678012348643	28
-0.05099027943335	0.160081878287683	28
0.013063831512599	0.247351870850273	28
-0.08020471906604	0.248169003314009	6
0.120797923365994	0.380344452033418	6
0.123817037083385	0.389354807469779	6
0.112012638751041	0.36153270989944	6
-0.044284088030485	0.354803476093342	130
0.105540363795595	0.196883836529778	249
0.113792811702463	0.279241925669222	249
0.10320803681388	0.281778725345855	6
-0.086693058210302	0.241585182949587	21
-0.053483547886427	0.163543065590241	33
0.106261717682182	0.192838259478629	18
0.075865911759342	1.36981142708979	32
-0.090208368885569	0.472439452603262	32
-0.102264228316827	0.56753135848083	32
0.00835747582814195	0.619441140378143	32
0.093899091443991	0.891180146827153	13
-0.100541206649831	0.490076762470142	13
0.107196468509895	0.188500305764353	13
-0.015929751028059	0.616591980378231	32
0.024485053799153	0.841852338066794	32
0.072387920912193	0.684571027102795	32
0.0704357809470501	0.645108915861679	32
0.0974320633697801	0.636202276447043	32
-0.01905640338858	0.613889325450509	32
0.078023123776677	1.02437284379176	32
-0.116458820440074	0.422959573353486	32
0.0750218403301171	0.919064745431161	32
0.052349688953915	0.76923403353861	32
0.083861842804148	0.689292219631427	32
-0.067873886047451	0.341781928804983	32
-0.040743306406962	0.42418378846618	32
0.0664601389866269	0.64699548009482	32
-0.121354165055219	0.329834949584975	145
-0.085435512043136	0.586729247222357	73
0.123734803042933	0.873936365490934	73
0.043908736629918	0.552861795197769	73
-0.067636355050835	0.494548022110685	73
-0.097844185726497	0.400902708142274	73
0.107657772028821	0.825474643233493	174
0.119052186738925	0.824401309021776	174
-0.116466495799276	0.423440374611507	174
-0.097563495573486	0.429679409187607	174
-0.076543932191481	0.356296726010781	174
-0.059478511392446	0.3497984890752	82
0.0609016155359971	0.37339730494675	82
-0.041862296971632	0.450180230717568	11
0.018321624577824	0.362290172859031	29
0.119077191890068	0.638954946597876	29
-0.00700249055333302	0.454680485619998	29
-0.122144408320326	0.337368561205214	29
0.031424296899165	0.624830043446264	29
0.095774405123951	0.463304767975477	29
-0.03809085769974	0.253362583779375	28
0.020794170821654	0.365645845090958	28
0.0664665274181661	0.377078071008087	28
0.049334211933881	0.476701532558935	28
0.012732315210938	0.46586952479684	28
0.0675351153998251	0.467884755593146	28
0.094152401354586	0.472574116258564	12
-0.019991548588777	0.34011075703981	6
0.063968458207329	0.375714961772746	6
-0.04343473249046	0.245460434085098	130
0.124740337123773	0.388445958412044	130
-0.045745201115897	0.245598740194644	21
0.098225217898773	0.189702995214788	21
0.00731620721053505	0.238478251776972	21
0.104606269196918	0.197131496894388	203
-0.047576373886063	0.245785035547106	33
-0.055956771070157	0.157344630340008	18
-0.051779414584004	0.163302427940867	18
0.061039150376571	0.365582685258612	18
-0.108856251268834	0.727600385155563	32
-0.083706603296906	0.435648905312473	32
-0.008204723721839	0.442775877377799	32
-0.02065690916833	0.443818643878341	32
-0.119694796255446	0.326230070642357	32
-0.023710120182256	0.454243905029004	32
0.071353096026077	0.477631843066374	32
-0.11639955792228	0.237199115590987	32
0.074923148774382	0.649032381413938	32
-0.053521690744907	0.566435941069814	32
0.118312157936373	0.894298299746456	32
-0.120554318647388	0.329189178876469	32
-0.066268430990157	0.445367690821383	32
-0.011857619440243	0.599066135234659	32
-0.063918132495324	0.519793740822589	32
-0.030271211107792	0.551029357504227	32
-0.00861093256798101	0.588564593891584	145
0.074950889682071	0.546560471562103	145
0.00514212288610905	0.620683225793241	145
-0.084328475023856	0.423785985381689	145
-0.108588825149809	0.347316067441725	73
0.108411004425757	0.48585466492427	73
-0.005174083191128	0.365603895539316	73
-0.018300717898567	0.345477525028357	73
0.0000136349871540098	0.816871619507939	174
-0.00207731632387498	0.64904180056605	174
-0.094003711114662	0.57918672224963	174
-0.101331176935482	0.408935395037809	174
0.03363372353765	0.548872768315129	82
0.062308264145881	0.917224406837253	11
-0.087622123239131	0.350494497244828	11
-0.067077601775289	0.439474293761803	11
0.023279146796702	0.370043303568374	11
0.064938837592543	0.363713057277802	11
-0.1128260429319	0.343892310934445	29
-0.077168883227833	0.429891784846689	29
-0.015197159109721	0.449474110837628	29
0.089643056719257	0.552740925739438	29
-0.082504347050811	0.431861593408861	28
-0.061329432256897	0.355919547776392	28
0.09456778710629	0.481477254392337	28
0.107762216297387	0.477981993633673	28
-0.042765651121745	0.255103889289855	28
0.023026019381616	0.26796864804726	28
-0.094005635230365	0.237948021067896	12
-0.033315009883776	0.441896385002398	28
0.00311105234499198	0.458775362072382	28
0.111876765366782	0.496491448186793	28
-0.006277211724321	0.519449285004514	6
-0.053358989672753	0.158573367652158	6
-0.076073259812016	0.355822361490459	6
0.105735949494818	0.585431559112525	130
0.107061651358987	0.188640562085449	130
0.106474383247089	0.192269360452443	130
0.103885329091052	0.191922454954812	130
0.107997354893613	0.191805636940902	249
0.108721732381752	0.196947833793611	21
-0.086550327840883	0.239983694255054	21
0.057464715095828	0.357256256519238	21
0.022173274475647	0.36173111157908	21
-0.104650087751813	0.339914223968903	32
0.102257471033942	0.65900148690812	32
0.097794726831682	0.725648913366594	13
0.097336237612081	0.964780995303115	32
-0.090413802411444	0.403747825534681	32
-0.01524983138007	0.444581395107716	32
0.097722941977801	0.65648948315612	32
0.092144221953437	0.781272482759244	32
-0.069255502779122	0.425386696546749	32
0.0728585169313291	0.975495285102345	32
-0.102844729939794	0.346697121257012	32
-0.107804247516343	0.411264164596915	13
0.101741828862098	0.575152494658212	13
-0.104320514616832	0.347868243750497	32
0.015345418228949	0.496249867413746	32
-0.066821818037504	0.603746102757448	32
-0.115404342073678	0.2420106349743	73
-0.033857059922524	0.490764002563483	174
-0.046173690781761	0.498456901905805	174
-0.087414125664848	0.514515446780999	11
0.022455960682116	0.606803677802978	11
-0.082284862336841	0.569446324068096	29
0.061814463068393	0.3645679307447	29
0.0418394983000741	0.478963037027436	29
-0.090670444811527	0.226528270606835	28
-0.00723389849310802	0.358740988476062	28
0.021614469316475	0.356518537711613	28
0.0571986435784651	0.362999958794937	28
-0.087680933887421	0.249142837322621	28
-0.049560899084772	0.360235672496409	28
0.098639552874962	0.276248356719227	6
-0.083904236672362	0.24862254303294	6
-0.05634187493262	0.411387888405198	6
0.094495342037877	0.64083794182626	6
0.014764513825183	0.467276969003946	130
-0.052819754606688	0.160006763411687	130
-0.058851985246589	0.157000954192857	6
-0.050711630521416	0.160705257369509	6
-0.054257575837671	0.158280220973852	21
-0.03199848796239	0.356612887587449	21
0.01601539652145	0.261993148510369	203
0.106261717682182	0.192838259478629	18
-0.085898058158043	0.797906149277256	32
0.01836458028304	0.903403301710653	32
0.06294375105881	1.02517287650793	32
-0.059738867938332	0.50735859567233	32
-0.030167811629487	0.742987796545783	32
0.0897360287701891	0.88597437053272	32
0.015218146521605	0.77199177817163	13
-0.10921980830248	0.604329910051607	13
0.099356194983634	0.944963253694144	32
0.063539212469415	0.461923886273872	32
-0.082181896599579	0.495606018508077	32
-0.049510416772013	0.604450480951656	32
0.114727989569151	0.746955534445757	32
0.046006475960802	0.639810174873829	32
-0.093721511798582	0.487817360131202	32
-0.071949020980821	0.490635881153157	32
-0.000551670043903996	0.589895316022145	13
0.084681196793398	0.722897941966246	32
-0.063190221649971	0.355395641778231	32
0.014200133493304	0.344511155801477	73
-0.096082050889794	0.351099705894251	73
-0.039708367254915	0.661206729183801	73
-0.075957167420358	0.520124878146035	73
-0.100473393281961	0.440177327928885	73
-0.108484023916855	0.418044954663426	174
-0.04808210793272	0.583586852342192	174
-0.051716928408464	0.511895763654909	174
-0.0988158510381	0.543175403974677	174
0.119874495545554	0.380263796423304	174
0.00415181821419697	0.45317664415203	82
0.019077569052533	0.251115073940734	82
0.02057886731147	0.553075145396715	11
0.0278766628739	0.462936563844725	11
-0.118742152784232	0.488905654390928	29
-0.045342344711426	0.252455702334459	29
0.114939886643687	0.377187321978195	29
0.030283079573841	0.445526491911901	28
-0.022647488921113	0.338145385713111	28
-0.030230428186132	0.448274399279247	12
-0.069791793355403	0.346950723329675	28
-0.085169795126637	0.348198284578026	28
-0.083904236672362	0.24862254303294	28
0.121161298357517	0.249694017311746	130
-0.081122621183627	0.244882343521584	130
0.123529088471751	0.387579484817343	130
0.065532088606547	0.375964859839012	130
0.019660532704757	0.360438849737159	130
0.120583563742644	0.390802230926188	130
0.100257918701995	0.276188097828727	130
-0.051779414584004	0.163302427940867	249
0.05502385075058	0.359349944663916	249
-0.048218437671463	0.161293793899037	249
0.046622349185646	1.22172894761249	32
0.00809625346179899	0.900873589304015	32
-0.052809381103432	0.758410120056719	32
0.049832301506737	0.93568336463826	32
-0.01550140819486	0.671543161217809	13
0.035479428295632	0.928610643572275	32
-0.111555068171982	0.526467724937304	32
0.118932773021378	0.479380672756918	32
0.00640901723643395	0.641748371727038	32
-0.025883953837871	0.641299896871078	32
0.034801783336773	0.833767387269881	32
-0.00892204580468398	0.764259983184366	32
-0.072330460475782	0.580139290873702	13
-0.079191131260826	0.561685131488175	13
-0.091584351380319	0.591979429208545	32
-0.013162301574609	0.367197087584359	32
-0.024896984175299	0.535270255439054	122
0.102347648564855	0.559739039881787	145
-0.017770361469472	0.53086898993092	145
-0.039425371102294	0.353144357009404	145
-0.043176624273914	0.24991402080134	145
0.076894406976057	0.36550727583047	145
-0.035023329638075	0.716655403860704	73
-0.026575034337254	0.760260043213263	73
-0.119515851670708	0.424206811430648	73
-0.098547769153247	0.487806905129847	73
-0.12145246995416	0.510946159479741	73
0.011351311894641	0.600628971305481	174
-0.070131849643834	0.421979407416115	174
-0.124201514506925	0.236748991643261	174
0.012667984896332	0.256609713537138	174
0.121721665818323	0.378779383295531	174
-0.086693058210302	0.241585182949587	174
0.092271211107395	0.722801592945686	11
0.065983396921147	0.651976719695398	29
-0.119621497413783	0.329828378937197	29
-0.090196376153452	0.585583489385308	29
0.064150362804957	0.4795057998949	29
0.058652517919329	0.3585407365353	28
0.026385107481445	0.44354952083776	28
0.105108196184018	0.663551995744159	28
0.058991155051785	0.641356714316019	28
0.102281521077362	0.494039387772534	28
-0.024618006386297	0.521488487504675	12
-0.111091582829353	0.335132729212785	12
-0.041599763228073	0.34663719533353	28
-0.096743660394981	0.350530489705713	28
0.081907788710345	0.562977030873262	28
-0.119911519198867	0.234352030785165	6
-0.114148829692782	0.247596701993761	130
-0.032904594857131	0.252968134484733	249
0.102333243049022	0.189586610153756	21
0.112915919163622	0.277842853656505	218
-0.043176624273914	0.24991402080134	49
0.104606269196918	0.197131496894388	49
-0.08606992769575	0.746189624353358	32
-0.021875927838006	0.873286310045183	32
0.123748798769572	1.21362338496597	32
-0.09128890790035	0.661121356115155	13
0.091536117030905	1.02060893151346	32
0.030334831454777	0.742855741764198	32
-0.079565647924899	0.613172738270446	32
-0.056438910694669	0.590472470351699	32
-0.107352438507575	0.464561055017846	32
-0.080063509366961	0.248922661395455	32
0.01931869697198	0.263836258853038	122
0.051820973601454	0.348209904845437	145
-0.12028955935113	0.238720076690207	145
0.101435929719199	1.19229167420649	73
-0.110452046603782	0.331498066916316	174
-0.081258060000121	0.423280500661623	174
0.075974831593717	0.368320828753601	174
-0.117146684447599	0.234209102582231	11
-0.057496349519429	0.428317776435119	11
-0.092943806166315	0.23613238930132	29
0.120690365209107	0.95085657037084	29
-0.091901397792771	0.510371079045688	29
-0.087469958026952	0.240728467291203	29
-0.096063174267631	0.230546565332972	28
-0.042276915519553	0.24953303557013	28
-0.041813703152211	0.338404096226868	28
-0.083789547760478	0.343541155563023	28
0.08262902118792	0.636547675046045	28
-0.10564680389057	0.349025951190849	28
0.00934232054258799	0.462161755650484	28
-0.070754032313697	0.414147533156157	28
-0.048758121973172	0.157171242636016	28
0.0593866050063711	0.360590042036309	28
0.084750247003585	0.434899846928066	130
-0.037477073639877	0.354745373276456	130
0.105702127406654	0.281073847180921	21
0.120440048051792	0.387315325374258	21
0.061039150376571	0.365582685258612	21
0.102331716700272	0.278866831967367	21
-0.083620669020219	0.245914722528187	49
0.104818692519225	0.191704651936722	49
-0.052568984511295	0.162709811063589	49
-0.109742543654979	0.577456063297804	13
-0.070381092484376	0.961007125296318	32
-0.086319469735587	0.986676032573445	32
-0.110061693142033	0.759759403196294	32
-0.079814885545145	0.817336270641228	32
-0.074209584152149	0.765958941636009	13
-0.028777903484001	0.867326088368809	32
-0.00663826658182398	0.690882894518093	32
0.068630336094778	0.979122724266365	32
-0.103550444807106	0.652981420427833	32
-0.021623270373641	0.506310173956548	32
-0.084243447637222	0.639594033301352	32
0.037737374188153	1.06846357198561	32
0.121332081724204	1.0263329191701	13
-0.097604292867419	0.527214313175098	13
0.014653273573474	0.546208393558903	122
0.103553459565479	0.280232576618374	73
-0.036932750334845	0.679944775477949	73
-0.070892959161942	0.601066435857677	73
0.014457923756968	0.258241976423949	174
-0.080370353618002	0.246952673360569	174
-0.052568984511295	0.162709811063589	11
-0.039768404481079	0.253102476816581	11
0.069109395682284	0.478712121920122	11
-0.046579336439602	0.630863582592185	29
-0.030944652937707	0.603457341120435	29
-0.116228382830757	0.473635828780265	29
-0.085773403097264	0.240833273750966	28
0.106783049829107	0.571070785047533	28
-0.103068131079646	0.416191447674809	28
-0.071491911255357	0.422679355524194	28
-0.098579084780586	0.42255695311188	28
-0.019685011974718	0.583438029688473	12
-0.014322560076435	0.516628111657647	12
0.107811372270879	0.78948725152283	12
-0.04718042661014	0.161705523270959	28
0.060273060597288	0.468527445441002	28
-0.10026232070296	0.332994865289638	28
0.00280834119833195	0.433857825265519	6
0.00627939824066404	0.324389778016964	130
-0.104655131086329	0.242427356738681	130
0.014457923756968	0.258241976423949	6
0.101423427918262	0.474809242033697	21
-0.054024529530064	0.154905345056048	21
0.117376222157532	0.249004450316738	21
0.021988792302724	0.268514362548403	21
0.101001093230051	0.271291877634573	225
-0.05269375213788	0.164143493470563	49
0.036883425353189	0.709135527889375	13
-0.069420816536927	0.979396637908183	32
0.052084491830334	1.22105817356427	13
-0.096572751036377	0.737221693585244	13
-0.039717121228038	0.89905430016618	13
-0.079491162191898	0.672633751576242	13
-0.120654108798153	0.639201553164301	13
0.055548404119387	1.07279998755284	13
-0.017153157504504	0.79993914419007	32
0.104633798416994	0.966881982302024	32
-0.105243386006778	0.33732962148895	145
0.118734446519002	0.386544271800609	145
-0.03835792431214	0.715919761623413	73
-0.114298393558383	0.476688226898298	73
-0.074752734636392	0.617170510957784	73
-0.103677796069059	0.344037022132701	73
0.103013857033397	0.661369257810327	174
0.103476148338173	0.272262776899944	174
-0.034830444257252	0.428667120851346	85
-0.100900785581785	0.332367477947232	11
-0.051249772028355	0.620351775789314	11
-0.051779414584004	0.163302427940867	28
0.028498821445863	0.263846545482656	28
0.073632620109191	0.699069569278063	28
0.0519794019912631	0.62393611929371	28
-0.062061845625911	0.435136268324606	28
0.101852451486764	0.766348248534525	28
0.090893438015575	0.550603260105581	28
-0.120576380055954	0.342248984828746	28
-0.119036537498744	0.410720464781845	12
-0.074881093343798	0.433142057138871	12
0.110382885599145	0.189869757277567	28
-0.055047950567545	0.160476366144499	28
0.021963931738758	0.538533343276416	28
0.02788985584966	0.533110544859087	28
-0.062341296767777	0.348035949063503	130
-0.042253418006605	0.340537606757714	551
-0.111057298345722	0.23986035429944	130
0.058314814648584	0.462418543284414	249
0.100162354421625	0.490943216809573	249
0.012948070075397	0.256751409647896	6
0.109445790014745	0.192936241963981	21
0.108721732381752	0.196947833793611	21
0.104084301793186	0.282699508965466	21
-0.052819754606688	0.160006763411687	21
-0.052568984511295	0.162709811063589	21
-0.048218437671463	0.161293793899037	21
-0.049796172893354	0.163954801888234	49
-0.091368762879851	0.51719789969758	13
0.097430508340444	0.80506104148606	13
-0.043955890121498	0.521782794135437	13
-0.059789727117847	1.10659184217587	32
-0.12116488994523	0.855129336210659	32
-0.104490917461708	0.885474269460745	32
-0.080174222727287	0.755411825743744	13
0.0826428131299251	0.808571335918042	13
-0.023672185601928	0.994654787442419	32
-0.087597794683859	0.646912658945258	32
-0.121262774913154	0.513984858112111	32
-0.068847491892095	0.689379524570162	32
0.034512294039733	0.928352855841842	32
0.03132753635606	0.814809462859428	13
-0.038467105514113	0.332669019527569	32
-0.083127709877884	0.248082399258252	122
0.093857802607656	0.693424416292648	145
0.00833157058998402	0.442238374541959	145
-0.120100714270515	0.23796324921659	145
-0.069959960101242	0.429899249420859	145
0.024408538150162	0.356364285313475	145
-0.103843878024675	0.597759370634963	73
-0.038996613070676	0.704981948715418	73
-0.03899185799682	0.253931637075703	73
0.104391995793308	0.188752160600622	174
-0.116779727963401	0.246079552077027	82
0.055361807326782	0.456628315111062	11
0.0161790425296749	0.353772171048157	11
0.084055020759544	1.03868100616318	11
-0.00755489208849403	0.531754954008205	11
-0.118302273141462	0.467928749557283	29
-0.013520188765522	0.656639925288653	11
-0.040016827889847	0.248900351567718	29
0.059348295688345	0.376788865677341	28
0.102678249169083	0.280156143335542	28
0.11265342464957	0.353834782764197	28
-0.034830444257252	0.428667120851346	28
0.064098607427483	0.720465911825528	28
0.075227049925461	0.755055418765432	28
0.083478209274812	0.72767727729886	28
-0.087242164115104	0.519929672943593	28
-0.036814391558937	0.255979875256135	28
-0.049007088152211	0.164550979721028	28
-0.095225245084086	0.413886747563777	28
0.097424907953401	0.484148542598106	130
-0.079655633730439	0.343373686216272	130
0.12165223215236	0.385742624475387	551
-0.089047290190842	0.23431527045851	6
-0.040678174093776	0.153248214274649	21
-0.00975209776417602	0.365896400502332	21
0.105540363795595	0.196883836529778	21
0.107196468509895	0.188500305764353	21
-0.083127709877884	0.248082399258252	21
0.02035688493207	0.255993734632002	49
0.040295780460292	0.692617782608801	13
0.07254387543854	0.857102976010742	13
-0.050727139269496	1.14990250798474	13
-0.036511420589808	0.82949459234674	13
0.10177448104142	1.5080764019835	32
0.084417877910615	0.88727994725144	32
0.0497341649290321	0.825437332785202	32
0.073875677363458	1.05787944205362	32
0.000990688265105955	0.957910039349485	32
-0.120791583905709	0.616790077079554	13
0.055086921597605	0.566240489843747	13
0.00291505839250505	0.616888321736206	13
-0.074700284984157	0.600268787577556	32
0.03111029818558	0.61553354278551	32
0.013305371908653	0.615315862740049	145
0.00570171703856004	0.545172450137337	145
0.013785157038828	0.664638716089258	73
-0.063827496245411	0.870177771015263	73
0.023817757563645	0.598816094799672	174
-0.053483547886427	0.163543065590241	174
0.014236862972253	0.248652202503385	174
-0.072935526164496	0.331854837261353	82
0.109609642871664	0.279634542586072	82
0.000374706482271003	0.431818825161443	11
0.12385397178349	1.51641337567473	11
-0.02307196566557	0.525637015848161	11
-0.101575591751804	0.574144973692583	11
0.014646753480078	0.828073296592269	11
-0.073759320963126	0.680502813601613	11
-0.120879206640592	0.651790803476656	11
0.014234733216471	0.364170782956013	11
-0.060183360710208	0.353791833401641	28
0.065073190466645	0.377070881008808	28
-0.105580380870178	0.343021703531003	28
0.048310012036517	0.540294567949623	28
-0.020310373132701	0.529651830341797	28
0.047979306259497	0.704336135053836	28
-0.078444210141634	0.507175136067696	28
-0.021528781930136	0.609491653566425	28
-0.077190104359055	0.504040692959376	28
0.018538474709305	0.702526305858906	28
0.054237935262215	0.617693394408837	12
0.108508617766097	0.18973330924381	28
-0.094038481395037	0.418939919061053	28
-0.062533968252678	0.429006008294137	6
0.124451836898632	0.390717069122186	6
0.030942493629705	0.458640395274822	79
-0.050866334334427	0.159845968273198	69
-0.081289768560363	0.248557905379396	21
-0.085773403097264	0.240833273750966	49
-0.049922319184628	0.161280171398461	49
0.00645466727302002	0.66848776231118	13
-0.044538835176695	1.1407112279279	13
-0.079067813023282	1.05412176455421	13
-0.108797313200509	0.781537658595245	13
-0.067271421561039	0.729228436405652	13
-0.122496700311582	0.731911929437684	32
0.111304159979653	1.51100911965566	32
-0.066697623598693	0.919393816364453	13
-0.111796200408469	0.636864819707226	13
0.066121297386779	0.856635307343298	32
0.00287705022919904	0.526738907886575	32
-0.006442967907268	0.455585755363068	32
-0.025692589176811	0.434728728293227	145
-0.056056292790541	0.155013861764194	145
0.108206210855668	0.2685523758709	73
-0.107771140937424	0.325461970113476	73
0.103625850712736	0.259530828468698	73
-0.099735204054334	0.648063580314326	73
-0.117993535554624	0.236153121774251	174
-0.098936625462562	0.340290853756863	82
-0.049007088152211	0.164550979721028	82
-0.087295070436674	0.239809926446119	82
-0.05269375213788	0.164143493470563	82
0.074209596151908	0.799136928737408	11
-0.034923331506673	0.750675790141918	11
-0.016192864697008	0.661931054761324	11
-0.024487447295405	0.57729329678076	11
-0.079270319749922	0.756503962638756	11
-0.049007088152211	0.164550979721028	11
-0.095001519716732	0.658557406387678	11
0.109214743833471	0.273451346448481	28
-0.107011604441322	0.325582020747109	28
0.00478270666309599	0.61575896632241	28
-0.100849649472895	0.414002107299424	28
-0.108308213596353	0.503390629835343	28
-0.023727344933409	0.743753431825666	28
-0.063891146971525	0.56233284895843	28
-0.024423271926167	0.74546273009182	28
0.00182516149614098	0.820657125161441	28
0.011019985405493	0.254054472463814	28
0.098952681887659	0.190014654245685	28
-0.1152421870676	0.246475891720063	28
0.013518851564853	0.681507520147864	28
-0.042283120339908	0.511230982687353	28
-0.062075305645245	0.518067824180346	28
0.119623679928932	0.754504076573862	28
-0.006082970595919	0.335583112303772	28
0.065390090547228	0.560198527928982	6
0.052637813714366	0.564069003343098	130
-0.095501016330449	0.339774559542803	130
-0.084646475972961	0.333631912630571	6
-0.094287513215294	0.233520160518861	6
-0.092988934721457	0.351940328370647	6
-0.043114923033749	0.444349136514996	6
-0.054019677409406	0.351035331142028	6
0.063968458207329	0.375714961772746	21
0.108721732381752	0.196947833793611	21
-0.111500784005245	0.246052448760371	49
0.016577991051885	0.592560152403473	13
0.036253415148419	0.932084901165642	13
0.06056868722797	1.17127848297983	13
-0.038604576792407	0.813391822041928	13
-0.103890187880879	0.428891450325311	32
-0.051046832248355	0.85271726380274	32
-0.11457576019199	0.491471293859397	32
-0.031844733017713	0.44120527448076	32
0.099514552643552	0.568753833784478	13
-0.076287335312401	0.681219866919199	13
0.070075383137179	1.21079571549648	13
-0.111445965447474	0.571050448956092	32
-0.034015344570683	0.552478198183164	32
-0.043048142201777	0.247917244218788	32
-0.088247249452822	0.238560473543912	32
0.112915919163622	0.277842853656505	73
0.038712440841749	0.909527190637962	73
0.0436890487884341	0.648973868141305	73
-0.09671780589724	0.431092461450929	73
-0.072796879567919	0.51581074573692	174
-0.103393039250029	0.332417973396142	174
0.013415866736719	0.358696650785904	174
0.121721665818323	0.378779383295531	174
0.109214743833471	0.273451346448481	174
0.02999079970273	0.451829845629838	11
-0.032072827966035	0.812752742324031	11
0.099749061100521	0.980323783266556	11
0.102465766645332	0.279374152525266	28
-0.054396748347095	0.162653299830411	28
-0.117993535554624	0.236153121774251	28
-0.047576373886063	0.245785035547106	28
0.121836221456371	0.730856577116297	28
-0.086619893274205	0.416806390750778	28
-0.00219782731243801	0.647544977980882	28
0.00519193439421906	0.680216599706077	28
0.085207643422726	0.728459457474195	28
-0.042345079190855	0.246520750161435	28
-0.014861257844322	0.363902832181166	28
0.014598823501619	0.257606478919145	28
0.020142373729492	0.676141663920657	28
0.093889715122882	0.653078277996584	130
0.049010928977013	0.549121849762203	130
0.0353202729263959	0.457276691853365	130
-0.095518136559525	0.350824381975291	130
0.012531312425023	0.449584884867997	6
0.0191971319968099	0.25537307588005	21
-0.071015675434917	0.703406607789465	13
0.0327059755485291	1.78279340243469	13
-0.11514099588868	0.735246304471104	13
-0.069861217620544	0.653591359532975	13
0.000102226504746006	0.707356039586415	32
-0.081097312967095	0.557100888952928	32
0.05094418622681	1.0829195840076	32
-0.118614972235717	0.614070065229647	32
0.0889984933745151	0.637028449820449	32
0.0620743645052651	0.33845916623013	32
-0.110486102846161	0.247467524378863	32
-0.021221973274274	0.329204794632073	32
-0.041236359363372	0.450875459273484	122
-0.109399052481462	0.400490592189381	145
0.081941855369129	0.787023217241562	174
0.026098107810301	0.264299390154503	174
0.016900026981759	0.368085552946974	11
-0.029452148322827	0.583149183640668	11
-0.104546858966547	0.415575724773522	11
0.104841617319687	0.651966568413637	11
-0.089293654605592	0.796542581281446	11
0.029029641341113	0.248506376722544	28
0.108127525175118	0.286693576818328	28
0.0797003612880201	0.713516242949861	11
-0.073109411738794	0.349800037224905	28
-0.035414294727864	0.363301142500372	28
0.063035621568735	0.373866963109177	28
0.105540363795595	0.196883836529778	28
0.102333243049022	0.189586610153756	28
-0.026853977304702	0.338523107370036	28
-0.031731167593266	0.578649108494487	28
0.112131845898629	0.184670438488535	130
0.018910791265944	0.263130349569801	130
0.058009157343784	0.559056096149463	130
-0.022651681497289	0.420741289207249	130
-0.011237282805292	0.363413980147484	6
0.109004155777126	0.286758401658841	6
-0.00421752301060802	0.366819935917148	6
-0.102065994764227	0.332330483804446	6
-0.064802195645347	0.350060046888198	21
-0.049133442304851	0.158198954336204	21
-0.066388974281037	0.337392168751153	21
0.121721665818323	0.378779383295531	112
0.00651982508318805	1.57580534254846	32
-0.05266871778241	0.996121551946588	13
-0.104507416307633	0.603117870321004	32
-0.080346078168328	0.24438745023894	73
0.026235807021542	0.438856303816414	73
-0.025996239100612	0.994705405074694	73
-0.119497945986527	0.622998123271043	73
0.122970969089009	0.962434765204509	73
0.063651501331662	0.47899257646531	174
-0.080741753843064	0.442577690426766	73
0.066008498347219	0.374169303644664	174
0.103327660840721	0.96725462806331	11
0.10778529414349	0.193560761266531	11
0.069607889108528	1.08143379575516	11
0.101556213595228	1.27564406435887	11
0.122750422278565	0.387765589625873	28
-0.062357439493876	0.50003077572045	28
0.0222814127687661	0.693540306733866	28
0.0906473709901629	0.943310530778986	28
-0.044588869397761	0.601820941517933	28
0.107992218193391	0.283519262852047	28
0.012527553047353	0.248839048955542	28
-0.119614979805398	0.423333306862	28
-0.121165736879151	0.464487962748302	28
0.108932979962072	0.18877778960956	130
-0.049796172893354	0.163954801888234	130
-0.049671271955906	0.159866625787245	130
0.091721624396327	0.570576758008081	130
-0.016379198978485	0.352325357468369	130
-0.068388223235075	0.344061437466832	130
0.026276405013354	0.517518105800398	130
0.074589371712307	0.572155995845908	130
-0.01276033777116	0.354676247188939	130
-0.00464560466080799	0.451617201681907	6
-0.084613904837646	0.33227435302718	6
0.0584506374218	0.364339866454441	21
0.071932607769156	0.561065618703588	21
-0.089540824600326	0.238495369452975	21
0.100812221308309	0.185578165967526	21
-0.016604135788746	0.346305567764685	21
-0.118074867591079	0.236249924872598	21
0.0225037093709189	0.363282331249676	21
-0.086693058210302	0.241585182949587	21
-0.054396748347095	0.162653299830411	49
0.097207775468663	1.38545186784415	13
0.086577626675458	2.29994569181834	32
-0.121005597810302	1.10703834896021	32
0.029806544204192	1.24386034944112	13
-0.035004048860767	1.00844691587623	13
-0.122694805997209	0.71906428622383	13
-0.073192271520232	0.66333220478252	32
0.077122863987371	0.559988230584606	13
-0.080047624755707	0.491628748855553	32
-0.087469958026952	0.240728467291203	122
0.089473409918036	0.552221659663833	145
0.018562780582713	0.264445159356791	73
-0.048881979633417	0.164035286059591	73
0.115152069306272	1.36649625150694	73
-0.098772951104299	0.314293034584631	73
0.075882019179969	0.626460284994545	73
0.056579508932066	0.367021086101453	82
0.118734446519002	0.386544271800609	82
0.103421425452491	0.280898371654418	82
-0.094970628125834	0.574917561146519	11
-0.045110049894927	0.731113001337811	11
-0.086059832899779	0.23875837081543	11
0.025813644154011	0.255706237965323	11
-0.018943863039693	0.431955777180593	28
0.103421425452491	0.280898371654418	28
-0.014861257844322	0.363902832181166	28
0.031005893406211	0.802461655111762	28
0.021714792507884	0.786484839773497	12
-0.05703527592797	0.157085368414133	28
0.118657237032381	0.36935143689665	28
0.105540363795595	0.196883836529778	130
0.11030057306992	0.476026841097407	130
0.075985702959136	0.548845872393389	130
-0.013012400695945	0.419196015138949	130
0.040747220479487	0.534029520254764	130
-0.105415101536345	0.330656449484437	130
0.020378360794451	0.372744444760596	21
0.010742881168154	0.454558736668049	21
-0.063190221649971	0.355395641778231	21
0.10329968435467	0.590119722308593	21
0.095670905193042	0.26130588802934	21
-0.087680933887421	0.249142837322621	21
0.098225217898773	0.189702995214788	21
-0.049796172893354	0.163954801888234	69
0.106474383247089	0.192269360452443	21
0.059348295688345	0.376788865677341	21
0.105836660860649	0.279094602622395	21
-0.089556965633456	0.923618141098506	13
0.00987753213341502	0.964644516593293	13
-0.121981672418756	0.522981642391192	13
-0.124640952220869	0.613706024561439	32
-0.11687095533765	0.589392061150379	32
0.0128156136966689	0.513223555342225	13
0.030446782676076	0.978026341455786	13
0.03387354476696	0.59747035981589	13
0.065256734123458	0.467054828408262	32
0.097722941977801	0.65648948315612	32
0.016430198458122	0.54041617915052	145
-0.046122936094168	0.345248423211334	145
-0.123558888810528	0.390388189330961	145
-0.018450073227062	0.336736782302654	145
0.011913760001184	0.257174825088047	145
0.032067582061422	0.463444154258008	73
-0.082657236667821	0.409675864391346	73
0.0474056238133031	0.710432607462786	174
-0.069531064265861	0.717528289499106	73
0.023851101387306	0.366923149632613	174
-0.019456780347737	0.343764762734429	82
0.095199073844554	1.15250376374309	11
0.06231343069844	0.459968057959642	28
-0.022388045731774	0.422777746147457	28
-0.087637095616601	0.46414495574825	28
-0.011874930477987	0.53403986424654	28
-0.120459822437689	0.234552292629417	28
0.023561855708967	0.589567854080043	28
-0.120244392125894	0.242552665920454	28
0.00938389141565998	0.244590475326164	28
-0.054140417197566	0.160561104882777	130
0.066577226274875	0.368710808443748	130
-0.036254225124736	0.394931693091238	130
-0.033654289645925	0.353647341235964	130
-0.110636603579456	0.345106847587259	6
0.065989934424864	0.483033831223914	21
-0.059643305699675	0.159185418917069	21
0.104391995793308	0.188752160600622	21
0.100389117082717	0.272834998853164	69
-0.08583890830214	0.247131618416046	21
-0.06339932266562	0.352502617987515	21
0.017123773080375	0.261475350286528	21
0.020092304390319	0.249471499504401	21
0.107997354893613	0.191805636940902	21
-0.043670146226405	1.92823972048964	13
0.01365800211323	2.30068773508751	13
-0.076479706803099	1.12216266880356	32
-0.019341993253411	1.23943556678431	32
0.011838429123757	1.1955926458122	32
-0.052959433116977	0.731672947517714	13
-0.077826544187039	0.526836902177599	32
-0.068316037790306	0.627115909674149	32
0.032357789216335	0.787841921843315	32
-0.072935352344965	0.605590448341562	32
0.00563434014202102	0.698696755234374	32
-0.058428178401955	0.606642311329662	13
0.066574972188457	1.1047662145531	13
-0.092908932122714	0.578093621721912	13
-0.049053396085954	0.729788255646749	32
-0.060087934123178	0.563090425521721	32
0.121590700091912	0.751135279982707	145
-0.124004392823578	0.498797424389265	73
0.076947774751148	1.06223599945126	73
-0.04919714461523	0.516603347171838	73
-0.072237776369718	0.552435040478689	73
-0.066162028320045	0.669118630449492	73
-0.116893756677016	0.504802139738325	174
-0.012242505887825	0.357747180117089	82
-0.098746904084633	0.344364845624979	11
-0.017347417988396	0.538205341300465	11
0.065418339624991	0.628809240991328	28
0.020849281481625	0.469672593143921	28
-0.067044434956498	0.424877601632298	28
-0.11936386649485	0.318362618523171	11
-0.077163900189377	0.507285409406166	28
-0.008403010906464	0.457135608665029	28
0.102546288055458	0.278614097614282	28
-0.112982355800486	0.243895259686205	28
-0.067362867235555	0.347128305864632	28
-0.119206385225183	0.328222806949366	28
0.105702127406654	0.281073847180921	130
-0.060140264196263	0.343002933768641	6
-0.020617173231242	0.351114079861024	130
0.070148480883378	0.377485061930796	6
0.011698988148597	0.357823479450395	6
-0.081923943628296	0.246592804896386	6
-0.088389283853582	0.240481552735814	6
-0.109576997365699	0.242126335291076	21
-0.00362865233389698	0.357058813577554	21
-0.083127709877884	0.248082399258252	21
0.018049869989794	0.248778164551323	21
0.02349077866301	0.261164825588345	21
-0.122946009780583	0.233181935766261	21
-0.055838761494062	0.157453573190524	69
0.068441650105538	0.377501109614434	21
0.013704781743812	0.34998022507664	21
-0.048093121830906	0.164630247528037	21
0.0780915823628781	0.885679022957718	32
-0.022887793867579	0.535076442981153	13
0.060361151595818	0.647850303173983	13
-0.105243386006778	0.33732962148895	32
-0.065509390973501	0.647417464569982	32
0.087893057559947	0.576867876410006	32
0.0672832515128931	0.626675456231305	32
0.113458455648495	0.652766482498215	32
0.0724633178008251	0.632972748273268	13
-0.007407505813111	0.806384969825333	145
0.070708312923048	0.821629879198085	145
-0.123490975835647	0.560547211264122	73
0.03687492042579	1.26626919729867	73
0.063849632949878	0.47082861322685	73
-0.003603401872182	0.457696560414528	73
-0.067974572767879	0.692490459885002	174
-0.12254766761959	0.717528218931973	174
-0.115241291669168	0.43281210017153	174
0.106660440286984	0.586094958083141	11
0.029210790978619	0.646744494084126	11
0.028371674270873	1.07566707802434	11
0.105015860185774	0.810699660076337	28
0.030316268257427	0.696206763427344	28
0.09438735583086	0.65969459150236	28
-0.032093678901912	0.493175755627594	28
0.0198052350813011	0.261872713578516	11
0.0289055809590481	0.238374018300631	11
0.0201380477234649	0.362179581649424	11
-0.042163052490995	0.597843301841309	28
-0.04722836716443	0.504448929333465	130
0.0167711555391969	0.264141525496261	6
-0.037719376673856	0.432625744220121	6
0.018187121481851	0.246580360741115	21
-0.054273779065557	0.159335456313377	21
-0.039116483310901	0.251648389849684	21
-0.117118216226476	2.17936791157313	13
-0.07964885803809	0.589014685539955	32
0.040688955688485	0.678359634550732	32
0.0863445194254851	0.732478909105562	13
0.011226554036882	0.534186958050761	13
-0.024973856350778	0.446481589778748	13
-0.024094664981226	0.809340157376223	13
0.102465766645332	0.279374152525266	32
0.0852293496190361	0.87905870363742	32
-0.025902268993038	0.598970669330983	32
-0.019470087635883	0.436785621328101	32
-0.021683680069462	0.520799118742989	32
-0.118869880865622	0.317721486976998	32
0.10086711102617	0.586453432977752	32
-0.07584888710712	0.347087027546551	32
-0.11811493038	0.723232562423683	32
-0.106145231596989	0.657643177126474	32
-0.009446780969116	0.830808065519923	32
-0.059409503256496	0.747562047614991	145
0.03287601051251	1.10660466872343	145
0.00959436140164305	1.03878787310539	73
0.028645652409833	0.45927835389924	73
-0.04319717620592	0.340251027582177	73
-0.115795891640684	0.237605188941884	73
-0.112814708228384	0.777313426803586	82
0.074581458451182	1.08821036994878	11
-0.047802344944698	0.704508880785107	83
-0.038743817703367	0.247444033533571	11
-0.07083099424279	0.335672133149451	285
-0.084681154810507	0.247728707908133	11
-0.112421529690316	0.570290896176258	285
-0.121578159518949	0.526138937653722	28
0.0409982936489171	0.634956273813339	28
0.061483736160173	0.364328573750964	11
-0.028062610899517	0.452778248106596	28
0.106426826972757	0.975913536413013	130
0.109658093055625	0.193682993386016	6
0.104826057528392	0.281899977544189	6
0.11231124831146	0.277687092498273	130
0.104084301793186	0.282699508965466	130
0.106261717682182	0.192838259478629	6
0.056062428031688	0.786505878075748	21
-0.05269375213788	0.164143493470563	21
0.105648322042951	0.576051535658645	21
-0.007996694144284	0.458727868420793	21
0.11724165036402	0.267262826494953	21
0.020032269230149	0.365392796226878	21
0.066625609305585	0.379488331862646	21
0.099154292262728	0.189491588058777	21
0.105326892600321	0.193060090298176	21
0.07827837937376	2.37889120360456	13
0.017907498765817	0.55289434977069	32
-0.036648789432391	0.357070487114614	13
-0.073500915476528	0.655108331003636	13
0.105326892600321	0.193060090298176	32
0.020794170821654	0.365645845090958	32
-0.116296841357067	0.923336066445254	32
0.010746242412239	0.355319675765874	32
-0.065100780215375	0.443927596007983	32
-0.044442091907227	0.254061707010447	32
0.071955074696615	1.77194684409705	13
0.093050797255231	0.793279367706534	32
-0.053161665476626	0.815890842841971	32
-0.091525875573027	0.240921234820225	73
0.024682349315325	0.247974614671131	73
0.124740337123773	0.388445958412044	73
-0.037392030475931	0.756464774287998	73
-0.118761341161189	0.341240239511304	174
0.042433030263667	0.742354712757662	83
-0.102087451336761	0.625969763670342	11
0.034545759883029	0.621502473900845	28
-0.04530117023162	0.336272671158613	11
-0.056056292790541	0.155013861764194	11
-0.082208887473027	0.248915850794463	11
0.104818692519225	0.191704651936722	11
-0.037951053152558	0.444803758931143	28
0.029196286367372	1.06101814449238	28
0.110382885599145	0.189869757277567	28
0.109658093055625	0.193682993386016	6
0.106261717682182	0.192838259478629	6
0.109139380252893	0.282140594101323	6
0.060578479933039	0.676843081939832	21
0.10367210198169	0.19256980157576	21
0.104818692519225	0.191704651936722	21
-0.09105473176515	0.33652904395968	21
0.017181534860252	0.550876166896577	21
-0.118867546906817	0.245039094484477	21
0.102132045563891	0.186772939024416	21
0.121574980158768	0.950605710798301	13
-0.090996885412955	0.439112758890858	13
0.123174740233621	0.670017416382316	13
-0.098721281112078	0.349189216948609	13
-0.117839148617521	0.7197879977117	32
-0.090129630974042	0.490225136288151	32
0.08968414455993	0.565531005389992	32
-0.068834381830467	0.348894976323205	32
0.055776304593284	0.6439583411599	32
-0.102846133049242	0.571301422325477	13
-0.060779043803791	0.661925834832196	32
-0.046459384432857	0.350972013846939	32
0.0465848350029851	0.781464894297032	32
0.081862899615688	1.03388656370674	32
0.045540593122085	0.636462141101794	145
-0.051694210036957	0.42805022508896	73
-0.040932685243778	0.876777307870106	73
-0.114384201107191	0.421537474899478	73
0.011223727235769	0.525018507425637	174
0.021956652160281	0.550350944865864	82
0.053954890092815	0.839400797371869	237
-0.066133918378235	0.806270162286693	237
-0.098070113927298	0.407158363439423	11
-0.084937284430129	0.347693422627908	11
-0.122520816568608	0.499857912821764	11
-0.002233266389015	0.182777948565222	11
-0.010774883626476	0.655872395096817	11
-0.093082739820066	0.822634051546383	285
0.062241495193619	0.82956756736935	28
-0.04689697819538	0.414777159890667	11
-0.116941352187244	0.24477223618088	11
0.117859446912088	0.373078557619411	11
0.115864707103537	0.378950448598002	11
-0.050015675741659	0.226021227602104	11
-0.050009458013455	0.907516996100565	61
-0.07523138177446	0.403396245402561	61
0.02444774293635	0.973679579891292	28
0.00214234624502296	0.538004453005246	130
0.098079876980129	1.20301563149495	130
0.108721732381752	0.196947833793611	6
0.015551890937512	0.633661441542007	21
-0.053483547886427	0.163543065590241	21
0.099882495694625	0.189802499735134	21
0.105540363795595	0.196883836529778	21
-0.048218437671463	0.161293793899037	21
0.019912961519361	1.44360269334779	32
0.042768983343924	1.60523648339968	32
0.082804867964854	1.08677409681955	13
0.00818941645697002	0.686044009597659	13
-0.045353403709779	0.597056885242049	13
0.087864850593209	0.736367908738631	13
-0.018471148420366	0.433638945117429	13
-0.033973674575253	0.678570882889862	32
-0.011814359599477	0.445452077199358	32
0.048658903059347	0.550428734986541	32
0.100518659970886	0.585200897340608	32
0.0977478344356431	0.566450925543363	32
-0.117967333180983	0.336622122385676	32
-0.113474790654514	0.785760934806008	32
-0.088763279491034	0.335178856630872	32
-0.050441602133529	0.436750804339492	32
-0.12134553247961	0.567300700918476	13
0.017936929189234	0.621064438705317	145
-0.044285997150657	0.354661052875873	73
0.01014314675869	0.245248881744859	73
-0.036642217614825	0.360592176488637	73
0.013520879879642	0.349159503862142	11
0.03522034622654	0.450114162355453	11
-0.097517731957774	0.707217916448864	83
-0.048719295887108	0.242369818250811	83
-0.082238723166872	0.585307838418026	11
-0.023512935914993	0.530675630056189	11
0.068599607641207	0.377381900587368	285
-0.105550914826462	0.403935262649142	11
0.021742403380977	0.365063764186376	11
0.024645032728421	0.368249874561201	11
0.012667984896332	0.256609713537138	11
-0.076462507052204	0.647611026276038	28
-0.122003324363818	0.643601605156116	61
0.025281095121317	0.26147208713155	61
0.070148480883378	0.377485061930796	28
-0.076070770780819	0.42882909467703	130
0.012192597658556	0.25064484439561	6
-0.064009434699869	0.151371023028323	130
0.059485115661428	0.70325100736542	21
0.103885329091052	0.191922454954812	21
0.109658093055625	0.193682993386016	21
-0.077845824902347	0.421780597314466	21
0.109658093055625	0.193682993386016	21
0.066625609305585	0.379488331862646	21
-0.108816692573593	0.895417733072112	13
-0.003248778485269	0.965501925911676	13
-0.117819290104861	0.59394187017872	13
-0.081692692546242	0.598400176433233	13
-0.108719670175683	0.637212598739518	13
-0.025319233464841	0.59900137928705	32
-0.00466128635454999	0.668849909662902	13
0.116205683198224	1.0115907023856	13
-0.054809101339239	0.567466705478867	13
-0.115450504781639	0.241778891414005	73
0.106387784088936	0.497410607080204	73
-0.103138273125086	0.629429804393505	73
0.086846773788912	0.883969273483602	73
-0.02667734938647	0.60739295586786	237
0.052740639660441	0.793834366535286	11
-0.07225604398508	0.494993198567727	11
0.122617778429279	0.903072528121946	11
0.104831418511848	0.483640658960523	11
-0.035029786457781	0.436906128820044	11
0.076803747089364	0.714399356734209	11
-0.113268256632253	0.241333592814556	11
-0.081475998257209	0.433799021018585	11
-0.076713293331262	0.328636808951669	11
0.014749946828658	0.52779664620479	11
0.108496013421322	0.659857527433019	28
-0.094346706643174	0.41511053039618	28
0.00995613941901496	0.539281987077914	28
0.063681156960401	0.361975597462717	28
0.066034896102958	0.360961358160283	130
0.112447148341833	0.269719706264998	130
0.01601539652145	0.261993148510369	130
-0.089166550156429	0.23831088639759	130
-0.01923043976281	0.356176270987884	6
-0.040284535316779	0.255406403236934	6
0.108868771561863	0.28586578728005	21
0.105326892600321	0.193060090298176	69
0.106723493418632	0.489051556863636	21
0.10778529414349	0.193560761266531	21
0.111298085039442	0.273000349335182	21
-0.053483547886427	0.163543065590241	21
0.011159172120576	0.255130444260639	21
-0.072453390206068	0.950110671894997	13
-0.000988066641058993	0.758878379555202	13
0.080731707121656	1.08128125382379	32
0.010255035409138	0.913386778731257	13
0.039284057036995	0.462772509210848	13
0.077838630794865	0.480033607065004	145
0.06132479735648	1.13875572544024	73
0.101979553253122	0.771347302546525	73
0.100346449129382	0.890187362335394	73
-0.124201514506925	0.236748991643261	73
0.108868771561863	0.28586578728005	237
-0.021226109921086	0.678658167814518	83
-0.084226103689175	0.340692883152085	11
-0.093736298958394	0.504063504260783	11
-0.040730746224241	0.567860262023458	11
0.000314366288903023	0.432219606273659	28
0.013403598583863	0.463285330357986	28
-0.079114018388662	0.436924276574158	28
0.063176521594957	0.675210406832445	28
0.118445407792646	0.752809161215551	28
-0.011079653354499	0.582262840558953	28
-0.085773403097264	0.240833273750966	6
0.106261717682182	0.192838259478629	21
0.104606269196918	0.197131496894388	21
-0.0172874678551	0.778104330423503	13
-0.040718999422555	0.700760340615748	13
-0.00400335708137001	0.762608899472877	13
0.00104820117960402	0.75417100720694	13
0.054931735455342	0.850030058841369	13
-0.041142684895611	0.75658778349636	32
-0.102117418414151	0.341733235983814	145
0.014811534011315	0.366353071808312	73
0.03909906168981	0.458467487277484	73
-0.079342184631515	0.316313495674665	73
0.095594297615335	1.15565886249602	73
-0.02573334659201	0.698178357524037	73
0.06206956066304	1.03027181291506	73
0.061814463068393	0.3645679307447	73
-0.010619400917637	0.668290989390493	83
0.0518990354011	0.719199450476573	285
-0.00667202222000501	0.534005015146951	11
-0.088437109952457	0.416541408090002	11
0.000516346717881033	0.443022088354252	11
-0.117148859543248	0.391740506299407	11
0.00780460662401505	0.664114177362253	11
0.099866805535093	0.870116807016673	28
0.019922557077101	0.510228652459384	28
-0.03854984782945	0.424730417357915	28
0.06491466631448	0.38050437034872	28
0.114939886643687	0.377187321978195	28
-0.022316108204243	0.3499831922096	6
-0.042253418006605	0.340537606757714	130
-0.047576373886063	0.245785035547106	21
0.098225217898773	0.189702995214788	21
0.11151068414493	0.260014222716818	69
0.064237897669576	0.537450665080586	69
-0.049774893110858	0.237878309582724	21
-0.035913840825807	0.253109238645544	324
-0.061345776478029	0.152743097998327	21
-0.09030464401821	0.948465467436744	13
-0.012429323293242	1.1583005127682	13
-0.085593995775236	0.668710359153068	13
-0.00346119238973303	0.891502301760742	13
0.00778365437807604	0.878760209777803	13
-0.069441342992011	0.777069994480849	13
-0.079512185799113	0.783984257532609	13
-0.086085422246253	0.58041799489573	13
0.033646840384869	0.940194451523227	13
-0.110887028008174	0.473629727369247	73
-0.01166592710657	0.601372812788278	73
-0.124567059870537	0.580669275928678	73
-0.085906010738441	0.653794166891678	73
-0.057191749918963	0.572258144792135	73
-0.105818979217868	0.398081870510825	237
-0.05863142795044	0.504125070294924	237
-0.058309241635373	0.511430782734111	11
-0.00205677367257501	0.531299306686501	11
-0.083577396945447	0.350140454125242	28
-0.089853184976853	0.414689479374811	28
-0.104803980285896	0.432694520904491	28
0.00229551138260298	0.671808609103109	28
0.0387340271855	0.461340049584392	28
-0.062864165261034	0.523381671336164	28
0.027089295938921	0.544144425227646	28
0.016865114173181	0.539842056624544	28
-0.037561176131112	0.487385696233966	28
-0.094634207648667	0.344203140554599	28
-0.090604715293519	0.241178532310952	130
0.053074663379996	0.35166560141707	130
0.117715299196599	0.377501969015952	69
-0.041954394537319	0.250467327144991	21
-0.049007088152211	0.164550979721028	21
0.0548666031135791	0.36369662398572	21
-0.11221295952693	0.246227373684972	21
0.087874787135049	1.36085088758629	13
-0.071001869483421	0.831068993631484	13
0.03478388656391	1.02255148050465	13
-0.061287466624075	0.747271262265758	13
-0.028559717465284	0.750841999898512	13
-0.105228805124279	0.51920280492329	13
0.0984382190377911	0.574348573928208	145
-0.021990300362549	0.537188341083735	145
-0.047304698091997	0.161380339856324	73
-0.114384201107191	0.421537474899478	73
0.0114677525069971	0.455081923436612	73
0.065834910954687	0.374221105838643	73
0.0204083275500569	0.86036302646586	73
-0.032334033577028	0.54943866149303	73
0.065256734123458	0.467054828408262	73
0.0571986435784651	0.362999958794937	237
-0.066897381118235	0.393191434506763	11
0.025281095121317	0.26147208713155	11
-0.123964498721051	0.23714185493474	11
-0.044744513728783	0.242882716287257	11
-0.10375116534856	0.340227299097654	11
-0.118275480520716	0.413978148250248	11
0.00313551111287302	0.653672717007413	11
0.063045571310548	0.376124639845542	28
-0.00517336667156598	0.602676790221676	28
0.047819078431296	0.540530067083375	130
-0.040301369876742	0.434815319756451	6
-0.013048641447841	0.4436795921947	6
0.016276197468634	0.352428632696375	69
0.0598453298045401	0.442892328000653	208
-0.115127490993046	0.244067793191485	21
0.018623434237784	0.254544434578317	21
-0.074529481010113	0.713323875496053	32
0.062441100993808	0.771442106562221	13
-0.011676226988374	0.365537680428976	13
-0.026863235141284	0.513209864744072	122
0.118877253545003	0.388543902033477	73
-0.111329680455369	0.489218793787048	73
-0.066164554055011	0.516677125037746	83
-0.083970468811596	0.70544197253356	11
0.118951382786498	0.378526070091331	11
0.124451836898632	0.390717069122186	11
-0.094261576354716	0.327582800797634	11
-0.087397949164964	0.341631225086001	11
0.056712487766029	0.557312450934312	11
0.034491230219392	0.827280190169961	11
0.00815972729389902	0.88839273018019	398
-0.112894410551588	0.343645867390609	28
0.117981962394918	0.269325721674039	61
-0.115848764677325	0.246995585933289	28
0.096454178305573	0.625974597062847	28
-0.112589273053535	0.412746641497381	28
0.090586359155854	0.764176019872033	28
-0.057942993818106	0.157837135508987	28
0.018739020550204	0.524036737232645	28
0.020209575898157	0.46248301667429	6
-0.121389356242623	0.233818310282818	21
0.113929181170657	0.278822472849799	21
-0.086835925595069	0.240853932500459	21
0.106463718977919	0.182578481401571	13
-0.054759891187935	0.904234101436327	13
-0.090394143380525	0.788308055493219	13
0.019796242672827	1.02950755563283	13
0.09777626913299	1.27088543914241	13
0.014976775362168	0.730480400349483	13
0.024491979145428	0.439727907053728	13
-0.089379602520771	0.350633320413325	73
0.03103162349525	0.446725713571269	150
0.00383281507102395	0.681697308691076	73
-0.067459062477543	0.345503353111329	237
-0.074375131461645	0.420430153357375	237
0.081015259162036	0.566950164646223	237
-0.051612650321267	0.520380858441191	11
0.04189122420535	0.912576830761002	11
-0.000119419603397009	0.436809631956602	11
0.021929452857526	0.362670624208535	11
-0.010565661526082	0.416199870225829	11
0.04304857569774	0.694659726353402	11
-0.080153854867799	0.585215836026595	11
0.00120615954149805	0.832355627805384	11
0.00338705737192502	0.525291826048019	28
-0.046499731881361	0.408027121750046	28
-0.121337310728428	0.243242496118542	28
0.00689351789315096	0.337721808154758	28
0.010558281486472	0.351049377681908	28
-0.050310970583871	0.423552583336105	28
0.095345364585133	0.649336281637385	28
-0.005945925839211	0.452709176887358	6
0.104606269196918	0.197131496894388	21
-0.059643305699675	0.159185418917069	21
-0.020202656454193	0.342619941004401	21
-0.054396748347095	0.162653299830411	21
0.061580894365576	0.475051733337038	21
0.062416801932927	0.3660879803007	21
-0.027453143123762	1.20410984919133	13
-0.033586059990323	0.729798503300634	13
0.074939236699629	0.351829548077713	13
-0.11857901009699	0.331442210622969	13
-0.121108059227332	0.6713489173149	32
-0.074297119463692	0.403023438206285	150
-0.123030845285691	0.237456010381394	150
0.060125154724071	0.376639086300985	150
0.023089936799521	0.367988941815267	150
0.014858898263298	0.24770425442627	150
-0.054824056768195	0.903337852192091	73
0.073421562597379	0.850264810336327	73
-0.01100734719485	0.567136525851484	73
-0.121241039736682	0.428667337023958	73
-0.00806328053731598	0.450500785514643	73
0.109004155777126	0.286758401658841	73
0.108868771561863	0.28586578728005	237
-0.015297585294254	0.361329480067707	237
-0.095098888129885	0.403376138167634	11
-0.065977701035833	0.499972223195733	11
-0.017094179816456	0.932603910397027	11
-0.106522658601895	0.826694350915973	11
-0.058383770128296	0.525998328788092	11
0.017666658326558	0.26511675217471	11
-0.078368046985163	0.250059546325834	11
-0.041092040191078	0.351801313964684	11
-0.019792514640611	0.338415993680347	11
0.057753373076767	0.561071994918252	11
0.00290006630946205	0.654373651030221	11
0.06154609198809	0.712457316550139	11
0.0646201415093301	0.786436311172745	11
-0.07687430252328	0.606928457694595	398
-0.067021265319177	0.34961989317904	28
0.097296057013888	0.185511797708221	28
0.107596858382192	0.273857918990725	28
-0.056070621709448	0.514797420330886	28
-0.01819102102962	0.519043667397889	28
-0.01904727490779	0.49881026989434	6
0.00994283820733599	0.571261759778004	6
0.060424880452756	0.56410987593896	69
0.097895482917508	0.270125663909549	69
0.104391995793308	0.188752160600622	69
-0.089308304876657	0.239238671436179	21
0.105326892600321	0.193060090298176	21
-0.016995629107084	0.362976846358295	21
0.105540363795595	0.196883836529778	21
-0.078443210559875	0.925502392808058	13
-0.085932447534785	1.02259642926573	13
-0.067416428291175	0.694593676875512	13
-0.103209286205207	0.352791681742039	13
-0.031644521423425	0.84665329122073	13
-0.104591065789325	0.323382000149922	150
0.018767239220096	0.261554448956454	150
0.021845994723162	0.264148445478782	150
-0.043187332897251	0.871201141881644	73
-0.113178238724017	0.420690693490062	73
0.124369465535433	0.389655562070503	73
0.106253866673813	0.752054680918007	73
-0.038744894238241	0.53165008853734	73
-0.081083952884363	0.238194298383264	237
-0.05052247333131	0.237924092759147	237
-0.041506067018516	0.249557641865347	237
-0.053608043803381	0.163248539578346	11
-0.016865225634871	0.531661640270405	83
0.09127473606412	1.45664204196424	11
-0.036841328216395	0.350061323846443	11
-0.05099027943335	0.160081878287683	11
0.08674197689351	0.695247958514186	11
-0.041158008417447	0.749390604656372	11
0.106395535288812	1.01395848471961	11
0.026475774457918	0.879890673220765	398
-0.07948064498545	0.347264880353056	28
0.108127525175118	0.286693576818328	28
-0.112923247858072	0.491068564808182	28
-0.036113614166601	0.75094257454786	28
0.106937500230903	0.485611643788429	28
-0.048836991883152	0.441751578945145	6
0.019299408858748	0.462332680793873	6
0.00939861709954404	0.444264599235634	6
0.064190745964601	0.645180435838021	6
-0.083555658574728	0.415729850354816	6
-0.019661178869867	0.340079963493342	6
0.052006052092448	0.560218597356318	6
0.104836055552969	0.578522317324217	6
-0.114128339651606	0.341350223056412	6
0.0692160043400441	0.376396694502555	6
0.099882495694625	0.189802499735134	21
0.107992218193391	0.283519262852047	21
-0.014328378504235	0.363720423023699	21
-0.03088887366831	0.894243841784241	13
-0.035765419029372	1.04951513741281	13
-0.116892778509508	0.546868291735864	13
0.123831681245159	1.64946137335345	13
-0.074081908126027	0.412619398167523	13
-0.057248382919057	0.62547734239711	150
0.03236340501789	0.452754378608469	150
0.028305278202287	0.367804102036181	150
0.08876827680259	0.447385622148986	150
-0.046646995720367	0.349431767720071	150
-0.044518394644538	0.155324822123667	150
0.028498821445863	0.263846545482656	73
0.113667556259743	0.481833022115755	150
0.107747517509646	0.719613100144052	73
0.049249082734616	1.31465970793945	73
-0.02586220844255	0.712029394940928	73
0.031849252381663	0.463178209792621	73
-0.104001468723761	0.514724103912676	73
0.064639449783094	0.779541219971757	237
-0.04163576655228	0.248127288996825	237
-0.065339554947228	0.334683441874873	237
-0.042765651121745	0.255103889289855	83
-0.062019043527089	0.148827060669654	11
0.02685080837494	0.265098898670484	11
0.0284480330606191	0.815758325861396	83
-0.111642979939079	0.654233249431428	11
0.110637414293161	1.29932457266439	11
-0.018997351187084	0.620604955527097	11
-0.098014448390826	0.348731268917807	11
-0.076543932191481	0.356296726010781	11
0.109004155777126	0.286758401658841	28
-0.102226030457644	0.520193325445409	28
0.0228874806789801	0.747254340867429	28
-0.093652421036985	0.395544361404756	28
-0.049922319184628	0.161280171398461	28
0.120342832383004	0.658669774408503	28
0.093304941586313	0.726420649253757	6
-0.052947241777383	0.509587464906864	6
-0.101276283398519	0.327784122619679	6
0.021742403380977	0.365063764186376	6
0.108721732381752	0.196947833793611	6
0.112859682677412	0.189242933859174	21
0.06796037130154	1.51356273218619	13
0.00430003245394495	1.22338319308141	13
-0.031710853387495	0.703735579982781	13
0.112071417452104	1.18506759937813	13
0.034547894252222	0.470534017170935	13
0.040776447758253	0.460198222164683	13
0.018104523383506	0.837314231842786	13
-0.093225985118085	0.239571690459046	13
-0.044370845445929	0.570576523400285	150
0.017951252061245	0.357949874473124	150
-0.088601498380648	0.248282548840846	150
-0.12445131410119	0.223304101028647	150
0.028305278202287	0.367804102036181	150
0.096286431517586	0.580611607818784	73
-0.122260095606904	0.237556582938811	73
0.107061651358987	0.188640562085449	150
-0.028055469002197	0.594815060851182	73
0.02535612134164	0.619127866641193	73
-0.109713835335899	0.48595295312991	73
0.011675475198022	0.671295182188342	73
0.048658826967142	0.6331677230903	237
-0.053483547886427	0.163543065590241	237
0.016712129996392	0.3699471445352	237
0.063663980783356	0.367149566072454	237
0.105540363795595	0.196883836529778	11
0.00479370449311301	0.329748418314147	11
0.062504758622837	0.610241628817024	11
0.000528824817740969	0.615751839531127	11
-0.021655498972357	0.529564072744114	11
0.040455007957072	1.06547115655755	11
-0.043605038844683	0.157503447300283	11
0.103553459565479	0.280232576618374	11
0.017526550376308	0.263529441493889	11
-0.048093121830906	0.164630247528037	11
0.073195856262263	0.624511002467591	11
0.107797263929755	0.839259698908883	11
-0.002119252205809	0.761765111790116	398
-0.092855775543308	0.581287312229843	398
0.092406574559475	0.562070199616583	28
0.014898804047684	0.345422558767415	28
-0.053483547886427	0.163543065590241	61
0.037556501687801	0.663906856276037	28
-0.02812183904107	0.535088004780486	28
0.108721732381752	0.196947833793611	28
0.012914012027975	0.463024325169942	6
-0.035627817211777	0.358118366218013	6
-0.086761904241883	0.402677580071757	6
-0.010613117369203	0.432412590174985	6
0.104094522498959	0.485388798915972	6
-0.112324216341986	0.344099843714436	6
-0.048881979633417	0.164035286059591	6
0.109658093055625	0.193682993386016	6
0.065839630628571	0.478709751592642	69
0.012757119527769	0.347157946794951	21
0.06491466631448	0.38050437034872	21
-0.085304377096489	0.941245417814387	13
-0.071937721908557	0.765961730117085	13
0.063418799471498	1.03139353817311	13
-0.035798040348744	0.766502232435327	13
-0.124435581946346	0.227406905332218	13
0.035880686538816	0.771736957369934	150
0.026432387386257	0.822078943283543	150
-0.031437957885817	0.524413144352013	150
-0.000411636387009973	0.508393960867246	73
0.022521808478364	0.261141328189218	150
0.109609642871664	0.279634542586072	150
-0.083207391843846	0.249630193831506	73
-0.051566303060132	0.857845325218553	73
-0.034143242759573	0.569153819873156	237
0.022090769916296	0.371792054331202	237
-0.021734086928056	0.353598617184319	237
0.0167711555391969	0.264141525496261	237
0.10367210198169	0.19256980157576	237
-0.048328092727337	0.227551877974802	237
0.074929987147658	0.373702008727086	237
-0.044392747678128	0.160472883725614	11
0.099412241389028	0.66018985502951	11
-0.071165109632595	0.428335435409478	11
-0.025601906508171	0.438664759998714	28
-0.047969057130315	0.16113278421714	61
0.104818692519225	0.191704651936722	28
0.02334965762366	0.817712760809453	28
0.105326892600321	0.193060090298176	28
-0.073018282741001	0.471173032541775	28
-0.042748293674636	0.449306366050046	6
-0.109314839559115	0.338301916652848	6
-0.080090291191981	0.423473278577714	6
-0.06618392603437	0.351696464884077	6
-0.045342344711426	0.252455702334459	6
-0.120207957098177	0.332355627602918	6
-0.082985438591504	0.249460576270705	21
0.060441159604157	0.376237096786819	21
-0.113401413279418	1.21399574790764	13
-0.093084259944989	0.978443726336647	13
-0.06238755882989	1.01709002401235	13
-0.047535387000969	0.712160119902649	13
0.063474555009837	0.851789174501658	13
-0.096599781300853	0.754359636109751	13
-0.044841271302237	0.438784472746592	13
0.05259384466804	1.14697205369839	75
0.027734917535872	0.655312651493455	150
-0.112398839621897	0.338669136806197	150
0.0984778441908441	0.49166787781533	150
-0.11507992280737	0.247932814637889	150
-0.081545705717267	0.350047576921628	150
-0.088603837792371	0.33183489308231	150
-0.115575144874641	0.661285667178561	73
0.099837354752673	1.41306800724745	73
-0.011163414342501	1.04109819950623	73
-0.021528312320343	0.690252256030985	73
-0.078120034798225	0.350887949626005	73
-0.093294720293933	0.347963663403495	237
0.120797923365994	0.380344452033418	237
-0.022893857538618	0.508399913539251	83
-0.038995244930142	0.812792978264186	11
-0.011242399784879	0.448489678051789	11
0.027741273603255	0.352567975168043	11
0.0248014272716161	0.370177464490516	11
0.110095334960285	0.573686340494485	11
-0.121592347335401	0.422360930589239	11
0.090226633798436	0.790342424014337	11
-0.076851344384964	0.392845625362437	398
-0.042586844170128	0.347796641744799	28
0.102881036098015	0.26249857259972	28
0.016391986124133	0.248882679665434	28
0.0722125172992531	0.638546894185021	28
0.030269712450936	0.532091426203931	6
-0.038053268885429	0.437141313982129	6
-0.007996694144284	0.458727868420793	6
-0.114550246561873	0.337927138388117	6
0.064559325645609	0.456737861285822	6
-0.00878949971596099	1.10107730937253	13
0.00654584498864896	0.793141574577978	13
0.029541515637541	1.11671237046419	13
-0.048595298214567	0.77052943028764	13
0.121541050936553	0.668845495161526	13
-0.095199835809258	0.720596339948318	75
-0.017506742963122	0.532616064106829	150
-0.115410268988081	0.334498024119051	150
0.03551701667684	0.623500164056322	150
-0.040016827889847	0.248900351567718	150
0.012333883650012	0.357291851545223	73
0.091325104343814	1.01647601839347	73
-0.049935687830919	0.781565780935348	73
-0.087128355741546	0.671763345105206	73
0.00488770278035899	0.597912415275264	73
-0.050880609246383	0.506455832947351	237
0.011298097728318	0.25049261598941	237
0.014457923756968	0.258241976423949	237
-0.0374584575411	0.251449869018545	237
-0.050812334521145	0.2351873830917	237
0.0700425663004119	0.478813747764772	11
0.108127525175118	0.286693576818328	11
0.121431351657338	0.376944030949477	11
-0.064802264864292	0.151107327423204	11
0.03659184363511	0.702454536160604	11
-0.103117252445477	0.477920312737601	398
-0.087539824780663	0.247054107510715	28
0.087202344351592	0.948199387124002	28
0.031365907722674	0.6144604002052	28
0.105326892600321	0.193060090298176	28
-0.017740197845556	0.362720945976813	28
-0.051585799098943	0.357509555972591	6
-0.051904391362073	0.160861783334034	69
-0.049007088152211	0.164550979721028	21
0.098952681887659	0.190014654245685	21
-0.055267300543933	0.158939031402633	21
-0.048350457254705	0.247008175803063	21
-0.097100647005756	1.0938801789367	13
-0.110176068564352	0.980375103176258	13
-0.054843170855444	0.818738442272837	13
-0.00142507394845498	0.840461280125909	13
0.0186206748236279	0.979061540584924	13
-0.030815210051874	0.91857189491282	13
0.00632291513592198	1.04907457592171	13
0.023713364018309	0.784080343138665	13
0.0735841589478859	1.15918341069451	75
0.05122759867625	1.02681577818737	75
0.067401222255737	0.37625015697015	150
-0.118558683904602	0.39594994428651	150
-0.076815210634699	0.247290410334981	150
-0.010281212724588	0.365427677505679	150
0.012667984896332	0.256609713537138	150
0.022271591296853	0.349106045264392	150
-0.099190614482393	0.650566032413942	73
-0.061263985353353	0.763618852831139	73
-0.094687084703794	0.674352826463021	73
0.065538476054583	1.10111515141248	73
-0.050289911616701	0.734329396482836	73
0.00337446409702102	0.969234671489022	73
-0.058688040910083	0.35344822086236	237
0.014110752084421	0.455763570177457	237
-0.029153123871396	0.512939511452021	237
-0.113148051441438	0.344914021221494	237
0.022521808478364	0.261141328189218	237
0.120651359906927	0.366923146633004	237
0.042441960027595	0.672842601402217	11
-0.0686351272268	0.440374058343688	11
0.030851927518648	0.934224300526394	83
0.065989742573852	0.634091273825512	83
-0.083079993344843	0.348484003281639	11
-0.085599631225082	0.245630752587527	11
-0.086550327840883	0.239983694255054	11
0.107152029079791	0.477852841275709	11
0.12433914385952	0.754502530736259	11
-0.080383867869245	0.563260705394585	11
0.049548240262814	0.963873684316677	398
-0.044139790944543	0.522472883594754	28
0.122408154792081	0.569831099018051	28
0.066702690463643	0.482077662568927	28
0.025956009211666	0.262895278311102	28
-0.085127750694426	0.417877306789788	28
0.000528824817740969	0.615751839531127	28
-0.033804553725065	0.255314311072146	28
0.102087823652051	0.573509609218325	28
0.101018252881239	0.552430571302879	28
-0.113777498633421	0.332750156706445	69
0.061972478158325	0.365004490455589	21
0.100846523108665	0.269455428653841	21
0.122894044494142	0.388313864335584	21
0.123278651053684	0.375523120155119	21
0.104391995793308	0.188752160600622	21
-0.100439127622591	1.17864880490331	13
0.073853083735109	0.903445945827979	13
-0.00982327354177798	0.867198185367298	13
0.084204177783019	1.10132243338838	13
-0.084913832565469	0.794233466239475	13
-0.015506495081989	0.604674156752944	150
-0.118790476218395	0.437243742816514	150
0.01063597914938	0.546374928304164	150
0.098952681887659	0.190014654245685	150
0.098952681887659	0.190014654245685	150
0.064150362804957	0.4795057998949	150
0.052129638047999	0.928703810549843	73
0.113954863604339	1.10135528458704	73
-0.062258493970279	0.518596204106709	237
-0.028890674108681	0.360041332195443	237
0.09776467661481	0.275355275525869	237
-0.114772946228109	0.413686145440947	11
-0.000992146485217005	0.463512641950003	11
0.11664583977958	0.376710640351026	11
-0.033804553725065	0.255314311072146	11
0.033406871237486	0.759604149118052	11
0.109994628469236	1.13348192555699	11
-0.119193166607603	0.511819527029474	11
-0.080869287243266	0.614437609320514	398
0.063816393017076	0.705391330641262	28
0.110485995026444	0.279713897888028	28
-0.069474384810628	0.426643900410301	28
-0.048093121830906	0.164630247528037	28
0.05648566691635	0.632399923817159	6
0.013041966566757	0.357778108967314	6
0.119658850220857	0.389725573001474	181
0.106261717682182	0.192838259478629	69
-0.054396748347095	0.162653299830411	21
0.108508617766097	0.18973330924381	21
0.124451836898632	0.390717069122186	21
-0.120644824889507	0.601210868218747	13
0.070907880896381	1.27009028618389	75
0.0144024962109029	0.662236810790438	150
0.101750891244962	0.484276704083309	150
-0.05938572834332	0.355928529847808	150
-0.050034077939194	0.231267183896164	150
-0.014934229666078	1.04692412951584	73
-0.091604240696741	0.665402578688137	73
0.029011650504756	0.684953048071185	73
0.108396134431899	0.664387496377416	237
0.052504090253164	0.72133933323029	237
-0.078067288175617	0.341146572609771	237
-0.079029468162252	0.34196111964768	11
0.052080132774205	0.747267725959797	11
-0.098875677824761	0.48803464064684	11
-0.103850994200192	0.462731909395954	71
0.011252858821871	0.724981305466388	83
-0.123206767437379	0.488966887317957	83
0.048224688625189	1.04881040204114	11
0.00307301850228903	1.01875109186903	11
0.108127525175118	0.286693576818328	11
-0.122975710597987	0.231345163023309	11
-0.036645514292188	0.643003289841898	11
-0.02512522034397	0.675776987864557	11
-0.120848950276328	0.338745734943631	28
-0.029297311116123	0.509736544733872	28
0.124596163188281	0.391964324323106	28
0.032506839091329	0.452419736740661	28
-0.105184572532021	0.331757585474544	28
0.034547894252222	0.470534017170935	28
0.038465047997524	0.593585153576839	6
0.111697674039937	0.649669752665639	28
-0.099835998714682	0.342007212664445	6
-0.002598215172884	0.537215248778416	6
0.116501692076666	0.366670624662112	181
-0.085773403097264	0.240833273750966	181
0.109880723097922	0.284558081937262	181
0.099383244999364	0.276978097840754	181
0.107457132774128	0.488141173642222	181
0.122894044494142	0.388313864335584	21
0.121721665818323	0.378779383295531	21
-0.115450504781639	0.241778891414005	21
0.102331716700272	0.278866831967367	13
0.069071853017096	0.996967979688248	13
-0.115995089551808	0.604655863339472	13
-0.112853638811117	0.745293827680051	13
-0.030104731982647	0.823576906963821	13
0.057654785131937	0.556781690601125	13
-0.046890153091883	0.785917718550925	75
0.0164465551253991	1.03539783977341	75
0.121220847423394	0.378368445716102	150
0.097502588619146	0.262265644833349	73
0.012681806035299	0.736815819851639	73
0.029246469952774	0.962348006072144	73
-0.016161281173361	0.927211926203492	73
-0.02919697167799	0.727676822487054	73
-0.087315465736264	0.598169699476753	73
0.100081336998216	0.808389401535913	237
-0.042416249016243	0.501853824228557	73
0.0546323011326571	0.350849570863744	237
-0.049922319184628	0.161280171398461	237
-0.066741887879029	0.603923342364967	11
-0.10205566288071	0.65675367054837	83
0.108868771561863	0.28586578728005	11
-0.038094626536132	0.351604184301951	11
-0.089308304876657	0.239238671436179	11
-0.047323329438653	0.246603660460071	11
0.022521808478364	0.261141328189218	11
0.100370874389865	0.449867583802772	11
0.032405230005689	0.679622309022077	11
0.0401538998543311	0.847175756891109	11
-0.050117535438121	0.422455990563832	28
-0.021921640067695	0.448801386052223	28
0.108262673357259	0.284288120731487	28
-0.098626662981032	0.395456463517121	28
-0.096595851862257	0.487366521145223	28
-0.036814391558937	0.255979875256135	28
-0.05269375213788	0.164143493470563	28
-0.025709069348071	0.505530238298948	28
0.093599108305403	0.643151634090706	28
-0.065029576986365	0.352989595070846	6
0.063979990329415	0.379370318305559	6
-0.02062422252119	0.427576237138204	181
-0.012777596898295	0.355885601739546	21
0.10320803681388	0.281778725345855	21
-0.02033000553279	1.16558131215556	13
-0.060831717087563	0.501111913911554	13
-0.061187506797065	0.816103552546364	75
-0.121337310728428	0.243242496118542	150
0.103949930977753	0.280985884086667	150
0.067465794236502	0.479368230113645	150
0.011698988148597	0.357823479450395	73
0.107992218193391	0.283519262852047	73
-0.107276978825073	0.242974854351269	73
-0.038720056661768	1.00955033905903	73
-0.110054759020345	0.626508230816719	73
0.086976239589367	0.606843334867267	237
0.102921003320753	0.857806731419176	237
0.054161443270772	0.632624006792472	237
-0.06618392603437	0.351696464884077	237
0.119874495545554	0.380263796423304	237
0.021281797878738	0.471469784660827	83
-0.077084165371385	0.521030366247121	71
0.0428755067350171	0.965701344055614	83
0.007448141467291	0.340040004042904	11
-0.04289146343643	0.253577461624785	11
-0.044266811968597	0.415829577153211	11
0.0442878424744591	0.631058720311083	11
-0.049007088152211	0.164550979721028	61
0.099154292262728	0.189491588058777	61
-0.112388734059983	0.429884696191557	28
0.091131104837172	0.895324952932218	28
0.017144884625671	0.587122931915208	28
0.025069734161228	0.541724306777724	28
-0.035785189595827	0.246905596057798	28
-0.085464773774864	0.50713805227823	28
-0.074621408186036	0.418508951197988	28
-0.036210519267441	0.437270675669043	6
0.097722941977801	0.65648948315612	6
-0.079017823928459	0.354236525408807	6
-0.021962444410094	0.445616741835256	6
0.091170950525172	0.568608099877125	181
0.098225217898773	0.189702995214788	181
0.057464715095828	0.357256256519238	21
-0.023935854027035	0.581812981941631	13
-0.044807052849137	0.805458502978387	75
-0.089435603516723	0.738360718704394	75
-0.076857343651735	0.707572792825615	75
0.035545644475821	1.03505473258173	75
-0.107540750386144	0.692675438309092	75
0.06877620727523	1.13595378622215	75
-0.115085223213116	0.525525276605695	75
-0.041506067018516	0.249557641865347	150
0.113792811702463	0.279241925669222	150
0.097725407154523	1.18901657862553	73
0.105241834569335	1.0176037354592	73
-0.108336468115528	0.43217622355116	237
0.118531854651328	0.740041646307067	237
-0.107770333002186	0.341359759880629	237
-0.088040581728987	0.226719447859052	237
0.010460395858039	0.541835910324778	11
0.0191003680941561	0.528600123358308	11
-0.030834734221118	0.508076325239786	11
-0.112043237506271	0.493215699181192	11
-0.047348763801467	0.591414371040936	11
-0.10677651758568	0.590295089692779	11
-0.111138533454019	0.565764306281763	28
-0.019099776248598	0.66953217574281	28
-0.020255463381387	0.440975177832999	28
-0.104342368963159	0.339268996094226	28
-0.089735975882981	0.234794428553663	61
-0.04124781365919	0.243411138500848	28
0.046563265040677	0.70668580650953	28
0.006760615787341	0.676127084365639	28
-0.022209080176358	0.582327557616376	28
-0.054396748347095	0.162653299830411	28
-0.092504761418908	0.238000573175348	28
0.063183996775919	0.602792548618723	28
0.100758465694059	0.565778240041103	28
0.00670364634829102	0.339345671161909	6
0.0328147323297751	0.444734893482475	181
-0.065821395833147	0.426208358986013	181
-0.049796172893354	0.163954801888234	21
0.105540363795595	0.196883836529778	21
-0.049671271955906	0.159866625787245	21
0.011809758813038	0.3428357720143	21
-0.120406109855928	0.244640796387479	21
0.105766934641846	0.274573095131663	21
0.00509424882009502	0.890375558313062	75
0.094682571078108	1.17577794100085	75
-0.113427938647448	0.510094141373377	75
0.050773375372015	0.441408914467422	150
-0.00410596316629003	0.538762347407746	73
-0.08995407716323	0.598946571850406	73
-0.024807430813147	0.513335736028921	237
-0.062544107486292	0.445270962878892	237
0.084603717293831	0.734184201730636	237
-0.053608043803381	0.163248539578346	237
0.061814463068393	0.3645679307447	237
0.011913760001184	0.257174825088047	237
0.096337841735195	0.632789522715011	11
0.080840193881895	0.955007205691225	11
-0.121690657486532	0.572358109754665	11
0.07133668449231	0.48892929633199	11
0.039395520015593	0.613342542968114	11
-0.088455505133936	0.596326430964856	11
0.026098107810301	0.264299390154503	28
-0.059110050493181	0.580083561021012	28
0.110382885599145	0.189869757277567	28
-0.10465486137314	0.429225629429827	28
-0.053712029742635	0.42169743590065	28
0.098103393314222	0.563439985628574	181
-0.119852397134552	0.235562860757491	181
0.064150362804957	0.4795057998949	181
0.106261717682182	0.192838259478629	21
-0.053608043803381	0.163248539578346	21
-0.026198698671412	0.810413802285832	75
-0.050812279940616	0.846324174740441	75
-0.054884873507513	0.440807825008312	150
0.08022149067388	0.655557474173654	150
-0.039892414985616	0.252917678131143	150
-0.099997292957395	0.346318445738717	150
0.112452045910159	0.368226460368812	150
-0.050812334521145	0.2351873830917	150
-0.043960321027712	0.340269902196186	150
0.075133825879364	0.643218436915149	237
-0.098616717998993	0.344548097565332	237
-0.078509937149472	0.249277470114438	237
0.018767239220096	0.261554448956454	237
0.058133571548972	0.363875937310454	237
-0.051779414584004	0.163302427940867	237
-0.118219365061704	0.332645836118022	83
0.062898053305272	0.70944518695345	11
-0.038570474720527	0.433661484804852	71
-0.070713192225735	0.517601448860636	71
-0.030186153410333	0.346348359741267	83
-0.1187313331675	0.48214034911501	11
0.02210884101272	0.5399838107355	11
-0.094701448827212	0.34448847317658	11
-0.110636603579456	0.345106847587259	11
-0.013270799253171	0.436598685497256	11
0.070624566947629	0.365128769017241	11
0.097741923640618	0.488683435066972	11
-0.007343370654946	0.456170172875051	11
0.017197248740868	0.698577769476917	71
-0.013483930456612	0.687306880250562	28
-0.061797922099632	0.558416336122315	28
-0.048881979633417	0.164035286059591	28
-0.053133061417585	0.526464001120948	28
-0.087969083314989	0.503357135518291	28
-0.046893947855261	0.437692652631452	28
-0.081781687304913	0.241299442630538	28
-0.073541363054924	0.42022753861259	28
0.104606269196918	0.197131496894388	28
0.101016757273459	0.485960111983877	28
-0.00540162297566599	0.522653805130576	28
0.023298264164318	0.469288237926745	28
0.00873612364321197	0.436110598451218	181
-0.124971615829817	0.235856125448886	69
0.022748322215185	0.366161190581522	21
0.102132045563891	0.186772939024416	21
-0.066518147266424	0.237717821055034	21
-0.056919474729221	0.155963322772062	21
-0.107709621598177	0.683459523534082	13
-0.095415435267863	0.662730448369385	75
-0.072238345843053	0.43647241882015	75
-0.089662458459129	0.242475616716552	150
0.123529088471751	0.387579484817343	150
-0.036904606968068	0.24632154291	150
0.097958040910179	0.267984145283414	150
0.03335787709731	0.458631726322138	150
0.120440048051792	0.387315325374258	150
-0.11364793791405	0.605503439794545	73
-0.077908943170164	0.348250452855249	237
-0.089955667396977	0.515886008404797	237
0.0937305516207489	0.4737248760602	237
0.08983942970471	0.872078618974841	71
0.108771283158271	0.579418337997152	83
-0.046532102268473	0.63307748130675	11
-0.117523147504989	0.495692074913508	11
-0.067912054231918	0.699155075592572	11
0.061059849108646	0.378549291792321	11
-0.037791521897748	0.359884840105387	11
0.0969998393867399	0.542813901154356	11
-0.047940075210242	0.241960214901256	11
0.099662814971862	0.567000083754857	11
-0.066759716922688	0.498977105648293	11
-0.051737767934576	0.672866440034495	11
-0.00588861325307	0.729327731130022	71
-0.088588687811789	0.569302625486071	71
-0.077378251028634	0.613682507155133	28
0.0211775483408651	0.530164389915386	28
-0.023200558256564	0.50614984474505	28
0.0118476749994501	0.532001431616325	28
-0.00731032456561498	0.442375990729653	28
-0.013424316866888	0.450834667771185	28
0.025692424189775	0.544276931312633	28
-0.053608043803381	0.163248539578346	47
-0.045527243467797	0.35317765972688	69
0.107061651358987	0.188640562085449	21
0.103342170174344	0.280281513622501	21
0.122317216043349	1.44363501631906	75
-0.013460211278175	1.01286619806926	75
0.00320144634057895	1.10797669387614	75
-0.05777153161305	0.352291876156321	75
0.117297291457867	1.25679046510475	75
-0.099855097977805	0.424926624400335	75
0.105540363795595	0.196883836529778	150
0.05162163093661	1.02281230727276	73
0.115971614480178	0.813477721779119	237
0.071767978581001	0.637246590084141	237
0.011913760001184	0.257174825088047	237
-0.049922319184628	0.161280171398461	83
-0.102565693008051	0.330402896603695	11
-0.027570770033411	0.512662843793444	71
-0.099066556176023	0.422765946416	83
0.031569110968273	0.764549320389942	11
0.102132045563891	0.186772939024416	11
-0.052228419270741	0.338487978509911	11
-0.073880222666857	0.521585928108459	11
-0.061496487807588	0.507466528561909	11
0.124466079712579	0.944601128074328	71
-0.039719435699415	0.448703219302309	28
0.104606269196918	0.197131496894388	28
0.073238051558206	0.85337835312124	28
-0.118640895649861	0.24002962506833	28
-0.068516567858255	0.346534636237908	28
0.032540866766919	0.459654956451901	28
-0.038394362863816	0.355979362078555	28
-0.055956771070157	0.157344630340008	47
-0.040284535316779	0.255406403236934	69
0.053915062012318	0.344269448547768	21
-0.096063174267631	0.230546565332972	21
-0.090368632227697	0.234055370300491	21
0.015231497778889	0.352277052381161	7
0.017453069943051	1.21946617981875	13
-0.042573885349592	0.880478200663659	75
0.047670399417298	0.990207336318177	75
-0.010239142999851	0.918483727921177	75
0.0193282535542521	0.35033053577697	150
-0.08691888126461	0.41119062960082	73
0.049334211933881	0.476701532558935	150
-0.037453261866971	0.902828462695519	73
-0.09291220769446	0.600449631910901	73
0.03358007758214	1.08700550449318	73
0.071222796896897	0.628471436470198	237
-0.036695245787486	0.450154914094213	237
0.06673592019547	0.37000049838081	237
-0.081575828841376	0.240094854255436	237
0.036589094904069	0.620927576536291	71
-0.113157955690451	0.322341769257155	71
0.099538917358518	0.580370230558564	71
-0.074717011437976	0.356834843624549	83
-0.102809204493499	0.425349068482947	83
0.048562983366409	0.818679506847661	11
-0.090585841919842	0.655901930649186	11
0.117249628708998	0.372587655045577	11
-0.040365165190614	0.361601557635825	11
0.015949063281214	0.368698845230478	11
0.116632947101004	0.967404819913411	11
0.027604562060078	0.606068246505341	71
0.106261717682182	0.192838259478629	28
-0.096398692668948	0.34042723356004	28
-0.043010097912962	0.444048966559162	28
0.021435358158321	0.461506338914315	28
-0.084689360321139	0.340490203020243	28
0.069491524661227	0.485179889290585	28
-0.021523046119811	0.354029740096893	28
0.00343154121605305	0.441791222208451	28
-0.019456780347737	0.343764762734429	47
0.019661318511585	0.261685614130458	21
0.036590891602501	0.449621434217135	21
0.123529088471751	0.387579484817343	21
0.026993261437517	0.264475308933242	21
0.092463429271496	1.28722439302843	75
0.0654940442086021	1.24001501943826	75
-0.049404383840983	0.773390402151729	75
0.092476036613442	1.14895563179808	13
-0.070465424398724	0.684645509897001	75
-0.026029869714282	0.926186869968902	75
0.066206617312945	0.484438020850395	150
-0.082985438591504	0.249460576270705	150
0.108204925984091	0.487644278744114	150
-0.010707269721679	0.361902069085652	150
-0.043947619877214	0.248287769938849	150
0.00243636015719095	0.671981343297861	73
-0.018096639175319	0.424821276421231	237
0.043282450831426	0.460569923181244	237
-0.038494928019398	0.3527671194115	237
0.0515440495331	0.563920091492999	71
0.00746520306098897	0.572408325319603	71
-0.039016330962089	0.698134375577856	71
-0.097396687527289	0.658148307767723	71
0.107463929825811	0.273193205868845	11
-0.102171136664993	0.32702775121821	11
0.056486830136333	0.556836991220287	11
-0.024227319362897	0.582805669319094	11
-0.023621509558714	0.606382474234648	11
0.085892409945408	0.879945247270955	71
-0.019300950343255	0.530222997065098	28
-0.058734086718589	0.160049362864785	28
0.116934050130842	0.553743331181539	28
-0.042276915519553	0.24953303557013	28
-0.05269375213788	0.164143493470563	28
0.016373404257088	0.260679505826432	28
-0.013997018089728	0.444288422943186	28
-0.115160260426408	0.344259748043377	28
0.058920017441267	0.548527983746375	28
-0.04391816322054	0.243696980061183	47
-0.012969312838525	0.447297455533262	47
-0.066660315695028	0.350709768642518	69
-0.04718042661014	0.161705523270959	21
0.102132045563891	0.186772939024416	21
0.019660532704757	0.360438849737159	357
0.0227399653763271	0.266992038615147	119
-0.122107295384523	0.240885094758832	119
-0.034756959388236	1.31726117387797	13
-0.099721600123145	0.595557229213964	75
-0.110086250205033	0.618298294991883	75
0.10036436695184	0.662163583792882	75
-0.015816271221613	0.361229203341456	150
-0.084127351178188	0.24795406169366	73
-0.000840550104886983	0.623872294542155	73
-0.048833609329629	0.351015377959254	73
-0.059643305699675	0.159185418917069	237
-0.024680692453048	0.444160893629487	83
0.071131257184602	0.801313358100311	71
-0.038920425004461	0.362315570531562	83
0.020567860576159	0.902427010471292	71
-0.041445428823127	0.249227361360201	11
0.0961573781866401	0.473057854653411	11
0.015796272513361	0.703857249006837	11
-0.043911841694116	0.60122745807307	71
-0.046560186282624	0.5139187845865	71
-0.09309589693863	0.58265587126074	71
-0.054140417197566	0.160561104882777	28
-0.095745319033679	0.424535633470036	28
-0.048561776372713	0.51719423682142	28
-0.00440275318335798	0.450585322131152	28
0.100257918701995	0.276188097828727	28
0.112175184924302	0.278578867241966	28
-0.102764319135154	0.34052318512428	28
-0.054963523209245	0.500944463924277	28
-0.016289156353953	0.441838799645259	47
-0.084822737608982	0.246513620031382	47
0.106463718977919	0.182578481401571	47
-0.081146952896926	0.247471753169084	357
0.018159904579824	0.262328204106373	357
-0.048093121830906	0.164630247528037	357
-0.098831247088487	0.226861183084215	357
0.099154292262728	0.189491588058777	7
-0.034059054699636	0.253053467797206	119
-0.078509937149472	0.249277470114438	119
-0.034574385501727	0.241255665075028	13
-0.097440117817156	0.797529553241206	13
-0.108507174224747	0.683299551044256	75
-0.075817221670653	0.660333942558062	75
0.0669911399269441	0.721294001171621	75
-0.047972594361221	0.642693920370858	75
-0.045342344711426	0.252455702334459	150
-0.073242540109178	0.432789235832113	73
-0.071517451199251	0.349954556062493	73
-0.089496195865153	0.433720517571924	73
0.028785413663833	0.257270647681597	150
0.0668121463556231	0.362052885632795	150
0.120212489401096	0.75146649517681	73
-0.001918721937271	0.776633362461313	73
0.0591454559974251	0.872429128510594	73
0.089201017046331	0.815920487940369	73
0.122858961815171	0.67773360453544	237
0.010200315376965	0.614294211240913	237
-0.103563117864933	0.343787634470067	237
0.020729307670785	0.258791633330516	237
0.0293951104353321	0.262051086666664	73
-0.049922319184628	0.161280171398461	237
0.107115604168585	0.277016214161933	83
0.04473701677265	0.560561763301122	71
-0.114251674517753	0.574172361616395	71
-0.08899333289419	0.535467815672579	71
-0.041589414289874	0.236886067238216	11
0.103421425452491	0.280898371654418	84
-0.048630880880985	0.514533357211436	11
-0.072848535944088	0.562978610099268	71
-0.023459893864488	0.456308905607822	28
-0.036510161968502	0.502226893669662	28
0.105567437742641	0.275833872482907	28
-0.075234731646596	0.439780490334188	28
0.113671314122597	0.577695386692911	28
-0.094550684455337	0.349915051666509	28
0.021929452857526	0.362670624208535	6
-0.117914428744724	0.239903617468236	47
0.090880831175608	0.555081146812343	47
-0.119691266325041	0.235985159704769	357
0.007469044030324	0.340423830525708	119
-0.087680933887421	0.249142837322621	13
-0.08970580477369	1.13770056606555	13
-0.00279200567555099	1.04631503718963	13
0.0544235264463661	1.13539847764013	75
0.00763112320814197	0.748965040429	75
0.086279782865109	1.0157177223052	75
0.014691760797769	0.961431322303104	75
-0.059560234459688	0.756801827909408	75
-0.049452418083125	0.813274638856832	75
0.0986486091108399	1.22109065897395	75
0.013913362198403	1.03552290977779	75
0.087508319249293	0.735094946376344	75
-0.106159409526501	0.35187006599516	150
-0.113686060456463	0.317868437654147	73
-0.076266869757854	0.655919501969096	73
-0.013025318682729	0.525177581343523	73
-0.122688774477276	0.606814946937306	73
0.053241823985233	1.12845705757622	73
-0.064177648765809	0.493097977623744	73
-0.019427084381208	0.530775171037946	237
-0.082169636215912	0.347102645860739	237
-0.124289163188386	0.231816700439199	237
-0.118774412568602	0.421505986927527	83
0.00218773524425897	0.847896212493133	83
0.032291000779065	0.6821790329797	71
-0.098699153957745	0.334579029492226	84
0.053516657858408	0.612501647977789	11
0.023846789483752	0.695100308959578	11
-0.029431949115201	0.598469577546795	11
-0.085911281329581	0.599688476933196	71
0.068248752768041	0.470369505476774	28
-0.00247744354593898	0.526673613812853	28
0.066347921747268	0.686712364376967	28
0.10230042057136	0.718841350788812	28
0.023048270646843	0.537675037818044	28
0.074067021893478	0.478347572878348	28
-0.096398692668948	0.34042723356004	28
0.059344000923067	0.465072240686565	28
0.086638068692026	0.536219275138166	28
-0.041445428823127	0.249227361360201	47
-0.089308304876657	0.239238671436179	357
0.102465766645332	0.279374152525266	357
-0.072984062237001	0.246971034387801	357
-0.050866334334427	0.159845968273198	7
-0.123431801554342	0.236278827791564	119
-0.095964486510223	0.647056501736237	13
-0.120575314966689	0.662928466012145	75
-0.109940130402058	0.663960471766053	13
-0.105162994197507	0.433122020696284	75
-0.116444760412149	0.418070238016815	75
0.069423497830431	1.03921043488313	75
-0.028964881735901	0.756926135170775	75
-0.054035546508088	0.753515635921001	75
0.030440207380639	0.958050330849192	75
-0.012563705702403	0.674394468496372	75
-0.030224383560979	0.44838621498536	75
0.043637894401017	0.462839793432791	150
-0.012242505887825	0.357747180117089	73
-0.054140417197566	0.160561104882777	150
-0.094445630229377	0.225147742670178	150
0.024183367969229	0.361772997362481	73
-0.075818325936443	0.348129780626996	73
0.038202409736632	0.977662560292316	73
-0.085796437289629	0.599572921338509	73
-0.119032436482828	0.65133804737214	73
-0.100542594428838	0.425586822050598	73
-0.03390271371473	0.509273038688617	73
0.045508904583915	0.702294889113013	237
0.11580192237871	0.372251046257696	237
-0.045773856808487	0.246191636687776	237
-0.083904236672362	0.24862254303294	237
-0.091450324574301	0.479412075526552	83
0.09165513270966	0.916970409665379	71
-0.085152136298549	0.641246738501648	71
0.016549575538829	0.350612788052242	84
0.048262763640331	0.560107207658391	11
-0.120459822437689	0.234552292629417	11
0.020411486650456	0.256118952795958	11
0.026592658081974	0.638519333530187	11
0.01204877510364	0.687583929556431	71
-0.054101056203499	0.684444437670351	71
-0.083688703249378	0.433321209455892	28
-0.103352676779592	0.391901176771583	28
0.09206580828294	0.571173734382982	28
0.102465766645332	0.279374152525266	28
0.114396185884631	0.556601188705523	28
-0.055620633097615	0.589889785103348	28
-0.040929555389528	0.251736405003781	28
0.074133325635888	0.482789729105684	28
-0.029136920222944	0.425954186493762	28
-0.039191988231117	0.422617414285153	28
-0.081987736738177	0.40694666723516	28
-0.107720088076644	0.244082626888346	47
-0.047323329438653	0.246603660460071	357
0.017274798811487	0.361871188110743	357
-0.101070424934136	1.84950801500518	13
-0.00558748680718801	1.04978148347612	13
-0.00289783313616498	1.03608250791676	75
0.087426641022557	1.14961121091205	75
0.070112668059751	1.11635567698814	75
0.074460603702093	1.25985641222434	75
-0.108151566839113	0.590212348511263	75
-0.085300484858444	0.506691753762211	75
0.0613766153412439	0.374610469190593	150
-0.065858600159262	0.349834497635945	150
-0.122778702524962	0.345595298225421	150
0.104995891813033	0.650823723218258	73
0.0271689184539891	0.363769955154661	73
0.018562780582713	0.264445159356791	73
-0.043666586430514	0.254906306140578	73
0.016392706525885	0.821036250433679	73
-0.035455011300184	0.813003706361148	73
0.070406141019042	0.865704271429149	73
0.079933212032669	0.813476965635075	73
-0.114931902395005	0.342366963115662	73
-0.044060464398498	0.342884117761615	237
-0.111662353997863	0.245473702712589	73
0.103073749125873	0.278100429591318	237
0.109004155777126	0.286758401658841	237
-0.123431801554342	0.236278827791564	83
-0.060601531970606	0.443513030571083	71
-0.036072189566525	0.67350659703046	71
-0.018519935865797	0.534964869259066	71
-0.112619205900468	0.601742471483086	71
-0.090627177996184	0.69676214194642	71
-0.009538709740325	0.3676778069668	11
0.038226261298083	0.456428421584211	11
0.0293951104353321	0.262051086666664	11
-0.078743415187515	0.245056428885847	11
0.021801370629789	0.534439631818173	11
-0.119600564525092	0.332675379320596	11
0.056256201335518	0.949630758838773	71
-0.045841626171369	0.756566739539206	71
0.0793662314779881	0.872262755876724	71
0.105356294157836	1.05376205647771	71
0.098297852972179	0.733516584627304	28
-0.07587071465549	0.51035691213794	28
-0.096163479903155	0.338628167761118	28
0.122055751146902	0.573703270407085	47
-0.042406006617221	0.249936411795638	47
0.104826057528392	0.281899977544189	47
0.106474383247089	0.192269360452443	47
0.104606269196918	0.197131496894388	119
0.022901067808297	0.361153245550708	119
-0.086332049582961	0.78089238169914	13
-0.026521990513691	0.888992489484311	13
-0.043440943693343	1.057080490526	75
0.053685389554002	0.871793567741208	75
-0.05914691991165	0.748314911094428	75
0.113656278771664	0.272161832052617	150
0.049986245770369	0.825909004316394	73
0.00480487551892095	0.512715633201373	73
-0.058851985246589	0.157000954192857	73
0.075707012526953	0.478650278158006	237
-0.044518394644538	0.155324822123667	237
0.09970524836105	0.266232314529486	237
-0.096234015258266	0.437381604202865	83
-0.040130796655231	0.431435232565081	83
-0.050198896887417	0.737517499474788	71
-0.042276915519553	0.24953303557013	71
0.104391995793308	0.188752160600622	71
-0.044954168130517	0.240844143714154	11
-0.043703306351823	0.341066012500507	71
-0.065590402237966	0.587313147075532	71
0.098541155385857	0.564290221324262	28
-0.045010110289729	0.355175475563507	28
-0.028358631458137	0.249700195249472	28
0.105567437742641	0.275833872482907	28
-0.050150677323292	0.241615394815024	28
0.095777462087171	0.724327937318027	28
0.00534916377133399	0.506065342955998	28
0.021742403380977	0.365063764186376	28
0.021517744084692	0.471155233691376	28
0.09899750606068	0.564270827262269	28
-0.11642203110092	0.344936929241643	28
-0.10272937401366	0.332975091954884	28
0.102331716700272	0.278866831967367	47
0.099882495694625	0.189802499735134	47
0.104606269196918	0.197131496894388	47
0.106261717682182	0.192838259478629	119
-0.050585692351603	0.159777271310314	119
-0.053483547886427	0.163543065590241	119
-0.055956771070157	0.157344630340008	119
-0.00727645358025603	2.01232800689687	13
-0.107479178203197	0.666255104932173	75
0.022373323645604	0.861043449650856	75
-0.076159782473754	0.713356082135118	75
-0.076954989965867	0.742167404823962	75
-0.026832069847602	0.896604532990302	75
0.037075560498155	0.975317451098282	75
-0.110200068653399	0.74934864372404	75
-0.046063345814966	0.73892078709472	75
0.108222399556722	0.577528486692477	150
-0.067230425860507	0.348193056040713	150
-0.031064899711693	0.529423113633102	150
-0.070844762424735	0.421283460356154	73
0.073836173687815	0.368236771254679	150
0.104707247521586	1.09494767528209	73
-0.014316160522094	0.752877255679983	73
-0.096146256435011	0.436295904399114	73
0.06131274497498	0.792515829029476	73
0.017070866895325	0.757642379437736	73
0.092144779728166	0.65161469067447	73
0.038008166940488	0.772721256752871	73
0.026166327670248	0.366691220469773	237
0.012808157623756	0.258676460932716	237
-0.027430451890711	0.597078279268608	83
0.119649091081247	0.663903933465877	83
-0.017949384874703	0.361299030647567	71
0.059505967037309	0.37610910410138	71
0.085493251850006	0.539891845101138	11
0.106546928945015	0.577004931189787	11
0.107446081981358	0.576041062444948	71
-0.06181516875357	0.513212297628523	11
-0.00841113110560299	0.532021750831394	11
-0.086781870351803	0.439932289373475	71
-0.050361823041679	0.587680458243163	71
-0.052819754606688	0.160006763411687	28
-0.069073277094757	0.436700849552441	28
-0.075256445118203	0.438375208188772	28
-0.056981519047895	0.445526607566782	28
0.00710968198336504	0.519091227878635	28
-0.028270876058174	0.351972714550411	28
0.060672191215102	0.463913796866922	28
0.051835206694352	0.544916499196968	28
0.0683179054793041	0.370889653800349	47
0.018389803811906	0.460563425030011	47
-0.05269375213788	0.164143493470563	47
-0.058851985246589	0.157000954192857	119
0.105836660860649	0.279094602622395	119
0.098052294387636	0.48508500107178	119
-0.024195135516541	0.34227734899766	119
-0.110283569697499	1.21075410620933	13
-0.051632464328663	1.12256957509718	13
0.042734931211328	1.15686837832722	13
-0.105487292803596	0.636176831249387	75
0.00772922541528598	0.832396197791146	150
-0.060698940162366	0.655045303792943	150
0.105344031994465	0.486739609707906	150
0.08437186110583	0.847288653821876	73
-0.00907442637834499	0.819698980309281	73
0.06390012575286	1.02319304360436	73
-0.024080908581218	0.907371846725029	73
0.091605299792297	1.27374743212917	73
-0.013960165180903	0.7720548462968	237
-0.076163845841497	0.650034178323528	237
0.018456029588	0.801918227410463	237
-0.00638850759826598	0.514378379989051	73
-0.026996581820554	0.449980394402386	73
-0.015422280443799	0.432172855370224	237
0.093263463945653	1.17656867812825	83
0.048461505744908	1.15293533328012	83
-0.066880120352588	0.585326427146482	71
-0.039855061162373	0.424198505354689	71
-0.115652754427718	0.432015522894083	71
0.092667946950129	0.895975464626506	11
0.031887992329026	0.591895465140852	71
-0.012167557882686	0.539283073770252	28
-0.06446402754901	0.521392290646155	28
0.00473898872095202	0.535443800522076	28
-0.056400407521295	0.49992856269639	28
0.043338716635493	0.627560859915183	28
0.0129808949854729	0.820314831593238	28
-0.07255688168087	0.335534836748469	28
0.100486542186701	0.630669828892144	28
0.019233893108364	0.538180435135954	63
0.0703713123380471	0.472973002570872	63
0.058728427868779	0.37052196048371	47
-0.044392747678128	0.160472883725614	47
-0.049133442304851	0.158198954336204	47
-0.048507925263114	0.344534385338329	47
0.070846371263473	0.483381560763095	7
-0.073125323028133	0.35336366494825	7
-0.085916549632776	0.241100905619368	7
-0.115970985825527	0.229409908263931	119
0.104826057528392	0.281899977544189	119
-0.04787782285905	1.02051292914683	13
-0.09069161782056	0.90904355020916	75
-0.047046377550451	0.467303614608408	13
-0.116262256053709	0.567805522668781	75
-0.10220623119767	0.514657025842832	75
-0.065240575754568	0.433632572734845	150
-0.000240997598864978	0.45730039119512	150
-0.05498221405318	0.438041059779437	73
-0.11605919411607	0.23268350817079	73
0.064901554807801	0.375829510235263	73
0.097083207994263	0.57282349765734	150
-0.079999241502318	0.742881347211921	73
-0.028126082199572	0.761415428435307	73
-0.112145933818422	0.664979834635669	73
-0.000980687478777997	0.596516746174562	73
0.079989314170539	0.571393374477753	73
-0.078489780640553	0.615292738929304	237
-0.076309031107916	0.357457464266096	237
-0.066680228686353	0.527757565092084	83
0.0602631844616161	0.671213940149992	83
0.0500563064699791	0.756493595122451	71
0.094762504367497	0.711354532033306	71
-0.023523407082377	0.678209269187194	71
0.004043694496774	0.742370659348501	71
-0.110600411075855	0.535019243235306	71
0.104582028425292	1.42757897130319	71
-0.043947619877214	0.248287769938849	71
0.02349077866301	0.261164825588345	71
-0.080624486424987	0.39739229305089	71
0.0505771158648221	0.945801727477232	28
0.015601009937109	0.351672704606349	28
0.049786874774616	0.543532011661317	28
0.071730345552375	0.47729671764527	28
0.02341898163905	0.259367636608701	28
0.023041657894183	0.370184667783387	28
-0.041100256057676	0.5968929074042	28
-0.079817207518175	0.42377653750692	28
-0.112882731821647	0.334437887406256	28
-0.086033843987513	0.342651625559645	28
0.043863177607158	0.471535231347333	28
-0.123134499115061	0.425347281666047	28
-0.057618814228402	0.358034141492797	63
-0.032038637436976	0.429250751049857	63
0.017266343051346	0.262199548559052	47
0.093458054194559	0.180511064750149	47
0.121508586625604	0.389889917870785	7
0.018562780582713	0.264445159356791	7
-0.11876158775303	0.235837963034891	7
-0.049671271955906	0.159866625787245	119
0.09118433099234	1.57314311976728	13
-0.057100411458124	0.887438228810941	13
-0.015991338815843	1.00630335830723	75
-0.031134706046315	0.879721180388035	75
0.084164243549528	0.964473003718259	75
0.103342170174344	0.280281513622501	150
0.065690795678255	0.380349292712257	150
0.0536949189470169	0.351308055679294	73
-0.113904344595094	0.334220574713163	150
0.113929181170657	0.278822472849799	150
0.0685352936264611	0.466346865943266	150
-0.09015722485072	0.643069606631745	73
-0.032820589796437	0.769369308151917	73
0.035223013336294	0.700546402414837	73
-0.103976654600016	0.417503396068552	73
0.00179847740676498	0.452445195937474	237
0.012274379625281	0.352330445491279	237
-0.054257575837671	0.158280220973852	237
-0.072781348593213	0.33154036360687	237
0.097296057013888	0.185511797708221	237
-0.057566357914834	0.823666978087599	83
-0.02926513135247	0.651279153888845	71
0.059731408676839	0.436688536911289	71
0.106089031962724	0.488478115933107	71
-0.014051584598326	0.742317983776937	11
-0.00547924409517198	0.688312699231506	71
-0.033259765166369	0.812063060561812	28
0.101246945212117	0.482887849862188	28
-0.054478723911809	0.159509279653994	28
0.099514366829085	0.275463831623095	28
-0.016452281676425	0.518160955683914	28
0.123040912477098	0.792648581680403	28
0.118316054844704	0.372488878145243	28
-0.023459893864488	0.456308905607822	28
-0.11731034648892	0.34358787559722	28
-0.062788329761354	0.342290706268121	28
-0.102296559458852	0.339301232371732	28
0.065762851885995	0.551084650969491	28
-0.108761093568419	0.319458673535736	28
0.018562780582713	0.264445159356791	28
0.021237259107551	0.26768672086228	47
0.02521825053279	0.366509029354385	7
0.056737425629142	0.364008915211616	119
0.108721732381752	0.196947833793611	119
-0.101960812895274	0.80440232022746	13
-0.00776539814191302	0.598486483127104	75
-0.098370608706598	0.427191385251952	75
-0.064100596353435	0.352049210465485	150
-0.083762381090024	0.248563908861583	150
0.118095257638127	0.383863160855857	150
0.00578000426415004	0.908967982391883	73
0.109798207882331	0.6616851086004	237
-0.075163723910413	0.503560084450857	237
-0.039258184130823	0.255488161361273	237
0.021555687664634	0.363848003912215	237
-0.121738631049369	0.22894954499292	237
-0.054478723911809	0.159509279653994	237
0.011866569415422	0.606254449954207	237
-0.110597068920454	0.466230362136888	237
-0.00625003756698001	0.536307373785398	83
-0.014814523043377	0.454656684222479	71
-0.099716273165624	0.436234457343975	71
0.025702052387089	0.799387077267841	71
0.104861309498644	0.590287450737286	71
-0.112663509398355	0.242633116280246	71
0.094193378447828	0.572650267050358	71
-0.071342712133829	0.520329835863431	11
0.048006341197517	0.676612884448656	11
-0.083317909686164	0.236151734583245	28
0.098828826265667	0.474762129454745	28
-0.119233038558315	0.349192090537456	28
-0.04521798022827	0.25110060928267	28
0.018239655797742	0.550773458553428	28
-0.095316399461323	0.403609430612918	28
-0.023046557966758	0.339931581442282	28
0.027373201506036	0.25329301424403	47
-0.051655678099507	0.159279307936694	47
-0.102100924062622	0.341089602200019	47
-0.048218437671463	0.161293793899037	47
-0.083904236672362	0.24862254303294	7
0.100126559656164	0.272028352451341	7
-0.054396748347095	0.162653299830411	7
0.011408210440333	0.248610705171288	119
-0.037834260492547	0.86676894462496	75
-0.089823090930733	0.842199470110254	75
0.022761442181821	0.990152925561396	75
-0.111885949043979	0.236771936133935	593
0.096253760621809	0.552396759821656	150
-0.014314079166439	0.59299270300034	150
-0.062359472007666	0.895663213449629	73
0.060987043363242	1.00892615574782	73
0.0279906443426871	0.860719666685208	73
-0.087568067292185	0.607145814392571	237
0.029494408198995	0.444460098413391	237
-0.098746904084633	0.344364845624979	237
-0.00496447972434699	0.506138313236915	237
0.103064364944005	0.586261312331978	237
0.06520494705209	0.531600327652999	237
-0.056374057994428	0.426720781429921	237
-0.038224688724452	0.613188938959927	71
0.0261520059921	0.70543186414432	71
0.059649321711495	0.566076471638633	71
0.060356635450271	0.701836635462444	71
-0.00467943831764001	0.521678138833628	71
0.100411883262548	0.660846113923184	11
0.112059124106474	0.7359764468317	28
0.012092716025942	0.449836841409603	28
0.0294218018399201	0.456499616113983	28
0.109150766973578	0.860360834839421	28
0.11544774147625	0.824616485447457	28
-0.071064038929249	0.5112644383486	28
-0.083774476736994	0.489836899611236	28
-0.036302749971806	0.356141026352093	28
0.041616540490124	0.478362126074732	28
-0.060398335930963	0.354174513772071	28
0.034626890145858	0.45403189446133	28
-0.00862541613618001	0.361828009507766	47
-0.078509937149472	0.249277470114438	47
-0.081289768560363	0.248557905379396	47
0.061327187054103	0.366736886523932	47
0.123673138853299	0.390913339634206	47
-0.014682404716386	0.356793627462844	7
0.060283107323574	0.378704858853027	7
-0.081289768560363	0.248557905379396	119
-0.102111743911274	0.593574277047888	73
0.082400969994959	0.998868473977595	150
0.088471220575033	0.809505571542948	150
-0.038601734082724	0.536163244279955	593
0.00736376791424998	0.543505497481976	150
-0.026675290031431	0.522248962700538	150
-0.062811855299901	0.591375975892373	73
0.021323090594319	0.848753290997802	73
-0.089559718452241	0.664552444327919	73
-0.082822830776518	0.648988494411052	237
0.107298228893318	0.589102818327997	237
0.038025553246482	0.60233102054832	237
-0.054467648468952	0.484587977924079	237
-0.072025741541199	0.501653282539039	237
0.118842459324627	0.658332485436538	237
-0.03425974202929	0.664378845967328	83
0.0593340362082	0.949077098249048	71
-0.00549926853654897	0.608208515110084	71
-0.020314922161145	0.696437370891902	71
-0.102691759076259	0.346977716497967	71
0.0993620104717	0.798445644404183	71
0.00610029297531001	0.568574660956223	71
-0.042882228555251	0.424688819615647	71
-0.063812994386787	0.58923423853539	71
0.059168431680957	0.642162285794478	71
-0.090466372392389	0.436091448918059	71
-0.119233038558315	0.349192090537456	71
0.065062153428905	0.775759404470051	28
0.041022789332928	0.54561562530834	28
-0.035883531360569	0.52378849667545	28
0.019846234613956	0.364706265015257	28
-0.017204914288763	0.359446336251075	28
-0.084423170731218	0.241473007080648	28
-0.081759027416325	0.245035215429574	28
0.00115785055929096	0.615657972444766	28
0.013415866736719	0.358696650785904	47
0.003818415477163	0.455980633612207	47
-0.115289050426597	0.244097989815529	47
0.115083175744325	0.377820848025336	192
-0.080299604497367	0.564374968079634	75
-0.031812600609835	0.753410945599313	75
-0.059657201027153	0.430303218594975	150
0.027075623576327	0.356131040535646	150
-0.103282142299342	0.419194899733414	150
0.063424508477721	0.454871126201143	150
0.0305840773381461	0.362016124359517	150
-0.028442765638915	0.7560221684638	73
0.067944302382892	0.939365984016694	73
0.013322865716182	0.666166348045639	73
-0.076753689354845	0.680305531907116	73
-0.061494356181627	0.745960867873359	73
0.112759294535878	0.799357424682307	237
0.06491466631448	0.38050437034872	237
-0.106806607023133	0.332373710809617	237
-0.083761004822384	0.347271377421662	237
-0.00279994821353902	0.66057830600979	71
-0.051403073947357	0.354322523029705	71
-0.101796453190945	0.341181172631607	71
0.078003333365787	0.702882027838474	210
0.04988752654041	0.818091539361405	71
0.018678928449648	0.683877485979176	71
-0.099878819971311	0.340615921446337	28
-0.107881726000671	0.245269456095171	28
0.053285464611154	0.660931417006279	28
0.010243038265329	0.461523505999212	28
0.025849397411004	0.548025565094925	28
0.022311388867377	0.528193387765809	28
0.010970841599719	0.428832439096281	28
-0.037771930538102	0.35168155799836	63
0.034448148191352	0.446918027767445	47
-0.052568984511295	0.162709811063589	47
0.10657813923661	0.27833582291475	47
0.061059849108646	0.378549291792321	7
-0.051347698322639	0.154426523272922	192
0.108262673357259	0.284288120731487	192
0.0208527824600681	0.356257202258535	7
-0.043176624273914	0.24991402080134	119
0.072784943808576	1.72171187657483	75
-0.075466950760422	0.947464083499168	75
0.025874981270714	0.433577828128905	75
0.046053356201065	0.595978743953437	75
0.01463250545831	1.03810333656932	75
0.06467692160966	1.26710362772436	75
0.104682080375849	1.45065611249226	73
-0.045890191959068	0.483389297238839	73
-0.064032440115538	0.44057533731508	150
0.071334913726436	0.565031044248828	150
0.102166711172789	0.581051316130948	150
0.0342569588888551	0.251455909594853	593
-0.091321294879765	0.562444323782928	73
-0.106201815351106	0.66276762667468	73
-0.110368300399828	0.675184903815078	73
0.050214001212885	0.333918839513317	237
-0.00540237455658399	0.360287430350416	237
0.074504100390755	0.477536933325242	237
-0.10418869026292	0.57975518899834	237
0.071171408686072	0.566146477557304	71
-0.030313601616868	0.597520162704762	71
-0.038867635648786	0.25253861706241	71
0.073426783559339	0.729033148014702	210
0.049504738312647	0.75962767361559	210
-0.107346318855438	0.241899360161257	28
0.011698988148597	0.357823479450395	28
-0.052568984511295	0.162709811063589	28
-0.115397068004885	0.334537827922462	28
-0.052972677366149	0.43448954844973	28
0.035939057663097	0.548199923103033	47
0.104606269196918	0.197131496894388	192
-0.035476914510151	0.254229439611178	7
0.10320803681388	0.281778725345855	119
0.018150093476106	0.529086024895415	13
0.114533031453176	0.273495210358321	13
-0.052568984511295	0.162709811063589	73
-0.05703527592797	0.157085368414133	73
-0.056056292790541	0.155013861764194	73
-0.052819754606688	0.160006763411687	83
-0.05518586866497	0.158492564541135	28
-0.054396748347095	0.162653299830411	28
0.099154292262728	0.189491588058777	28
0.10778529414349	0.193560761266531	47
-0.106521280217475	0.684313376626096	75
-0.043937403586646	0.717239515336331	75
-0.104914365685172	0.501856307588951	75
-0.096082050889794	0.351099705894251	13
0.072271818444134	0.552635360271255	75
0.041807147578977	0.635215018711452	75
0.122401988262293	0.752288237951262	73
-0.086859288220808	0.345965981894293	73
-0.011886580430047	0.445453886161672	75
0.10778529414349	0.193560761266531	150
0.061513283826709	0.698974923239162	73
0.109923459795193	0.65502079312666	73
0.060283107323574	0.378704858853027	237
0.108508617766097	0.18973330924381	137
0.104606269196918	0.197131496894388	237
-0.059643305699675	0.159185418917069	237
0.015353828919472	0.257046006489226	71
-0.090081457161933	0.438415788433491	71
0.013531006793588	0.518880807471104	71
0.108127525175118	0.286693576818328	210
0.013230444480791	0.452632048924278	71
-0.118382038401237	0.349100342568858	28
0.062416801932927	0.3660879803007	28
-0.087612409123143	0.24133916994746	28
-0.088531455390964	0.240090888006948	28
-0.091667866341822	0.237962640469945	28
0.022883122518383	0.269500005090112	28
0.021988792302724	0.268514362548403	28
0.105540363795595	0.196883836529778	7
-0.073814163843087	1.3399224854637	75
0.000546262602009962	1.66543286931218	75
0.107545755279688	2.2607841765892	75
-0.050225828743764	1.18392796653159	75
0.093516588208903	1.90188054863386	75
-0.018380530136071	0.930321974565738	75
0.0375223545979551	1.3169477178615	75
-0.108268067429989	0.830063976684987	73
0.012969743486021	0.46727112765522	73
0.081858490849217	0.956878011871541	75
-0.06684089282506	0.493023639576533	75
0.0224633020152309	0.358655612261469	73
-0.10355927130519	0.337951335486428	593
-0.058530037545098	0.35416380033556	150
0.046299687922905	0.930132364324643	73
-0.111633841356809	0.658038539205882	73
-0.072469526309949	0.755393796250378	73
-0.075259545505089	0.439195880607095	73
0.089058122145779	0.968135846538072	73
-0.030934253839949	0.445424896020971	237
-0.044567070558451	0.25329261100621	73
0.018507310371517	0.359084666577342	237
0.022316820116013	0.359532763423238	237
0.017230712889856	0.851932138401373	83
0.097528975670941	0.49066423508295	71
-0.049007088152211	0.164550979721028	71
0.056737425629142	0.364008915211616	71
0.075314095755923	0.479270174297457	210
-0.029980897161684	0.445793072160471	210
0.085579307428585	0.55192455880787	210
-0.10941598772258	0.241091277327262	210
-0.02532172510996	0.600412191349484	210
-0.051833510706703	0.682532101650078	71
0.109445790014745	0.192936241963981	28
-0.040668730035365	0.252092593854704	126
0.049236025035287	0.770613445743862	126
-0.087579038179622	0.561525195398703	126
-0.028451348560098	0.752439376759951	126
-0.112055111365306	0.520126825418864	28
0.074385778688522	0.606309930329235	28
-0.037889303805514	0.519361864851778	28
-0.044567070558451	0.25329261100621	221
0.063706135305363	0.373802088277128	119
0.01217651936202	0.340101391493299	119
-0.017322314813102	1.63662344241126	75
0.112533015563831	2.07005034999209	75
-0.089127102441672	0.882651703164365	75
0.0833375194634139	1.72745179520686	75
-0.104505400802936	0.97947856927435	75
-0.120216927384072	0.415452414447817	75
0.033264978310278	0.955638185214058	75
0.025271807557836	1.10527590256956	75
-0.046048291842399	0.987531197523087	73
-0.095257361578369	0.727177345231473	73
-0.031212266393209	0.443461586534981	73
0.105326892600321	0.193060090298176	150
0.095843998342962	0.484784999407174	150
-0.068781505289162	0.83002932294772	73
-0.077091928902011	0.745089408477731	73
-0.121810431812571	0.515522668902571	73
0.108496013421322	0.659857527433019	237
-0.095513757943497	0.424682552371671	237
0.0863178834594191	0.723876206121748	237
0.027603147630472	0.263668747083728	73
-0.083066532567583	0.249831939524182	73
0.087293239785485	0.451409596100183	73
-0.064100596353435	0.352049210465485	137
-0.065707126212537	0.344934736331184	137
-0.017205723165698	0.428408936432912	71
-0.038783148005874	0.441840236307285	71
0.09489653125051	0.808734274549325	83
-0.102017108730849	0.653203917097709	71
-0.04139046199419	0.424053059149522	71
-0.048093121830906	0.164630247528037	71
0.0571986435784651	0.362999958794937	71
0.102188926505647	0.474111524266977	71
0.014457923756968	0.258241976423949	210
0.1166292374451	0.634516692047701	210
0.0991803953857751	0.937342110982547	71
-0.047717454700625	0.646648276412372	71
0.056885220709604	0.983049299050153	28
0.0566414771380081	0.522471557337181	28
0.105041837119557	0.487454745575731	28
0.100534809785753	0.653206471621602	28
0.103949930977753	0.280985884086667	28
-0.073298173960251	0.429482855009956	28
-0.056648447158118	0.428944443159442	28
-0.062516949574731	0.42039865267815	28
0.020349503047614	0.617966396357466	28
-0.067905514168805	0.433346950020226	28
-0.114651246221375	0.325438436743361	47
0.018996337662274	0.515376080876859	47
0.10320803681388	0.281778725345855	47
-0.038358545986975	0.254282369656206	192
-0.043480449066174	0.158610274536396	192
0.000363096610347946	0.363580662257434	7
-0.028920052009222	0.329785666467101	119
-0.048949778679759	1.702445047805	75
-0.07862627687175	1.39453882396155	75
-0.076082578272881	1.55622460411892	75
-0.092251255698221	0.809670033026273	75
0.0000701441146230275	1.52545224212781	75
0.0749624137375941	1.62947511619022	75
-0.070267394573793	1.1489032055512	75
-0.01333815930286	1.05611709850774	75
0.086672467768384	0.790548818592827	75
0.00137385713782401	1.15000133758963	75
0.045853294887923	1.16683230752544	75
-0.039642621345369	0.36286755295393	75
-0.104169925734284	0.522591411493396	75
-0.089406248639574	0.355209108019614	150
-0.072915130232547	0.358219165400017	593
-0.05269375213788	0.164143493470563	150
-0.02796890553797	0.352030879791428	150
0.014457923756968	0.258241976423949	150
-0.112193529280842	0.687229691863566	73
0.015094900219119	0.887558292285734	73
0.028582778913652	0.926922925781693	73
-0.11376719702936	0.644760577757703	73
-0.058851405022073	0.884002695973581	73
-0.098874049657554	0.507090324741238	73
0.063436652102431	0.480451993804026	73
-0.052819754606688	0.160006763411687	237
0.033021877338796	0.466332554630669	237
-0.10925178152037	0.694594368868558	83
0.0823973315429391	0.599862677807166	83
0.066133365363658	0.942810366711855	83
-0.037764396557649	0.791488981232115	71
0.06973454693923	0.989385516282722	71
-0.044210047550742	0.817600965067667	71
-0.034934874227818	0.797708412626261	71
0.0210950807896571	0.265624108150651	210
-0.014803993211733	0.418291326524167	210
0.094364116716369	0.465663092467085	210
0.025956009211666	0.262895278311102	210
0.02439786486239	0.537494259330406	210
-0.044777958412109	0.444804879454344	210
-0.061688440806953	0.723210641166767	71
0.042339141065579	0.465358351343591	28
0.106263773197663	0.182556543505564	28
0.0784983026521871	0.564739441541883	28
-0.078814586932696	0.352976509675432	28
0.026993261437517	0.264475308933242	28
0.109347804816044	0.267802005201172	28
0.105568747969183	0.719417810755647	28
0.093527340027878	0.568469056884924	28
0.04914617765414	0.561744960719173	28
-0.059642775676356	0.412450445564157	47
0.104818692519225	0.191704651936722	47
0.109445790014745	0.192936241963981	47
-0.054396748347095	0.162653299830411	192
-0.087753468168215	2.12474318778226	75
0.013436934351749	2.03036876358693	75
0.011499779566325	2.07788015943807	75
-0.120715683711406	1.2823416746421	75
0.062136052418002	2.16365846125687	75
0.025759754570322	1.92139241547446	75
-0.10496100260918	1.07953830357415	75
-0.100139877911946	0.905372838384545	75
0.086444104728754	2.0622528228612	75
-0.064363950333779	1.19340445165475	75
0.09319230958379	1.88079984749124	75
-0.096111617187824	0.780135414206499	75
-0.088775198993482	0.419655193234566	75
0.118496493075264	0.375302879840903	150
-0.120967370323926	0.227975339437463	150
0.065518526600282	0.375817863002581	150
0.104606269196918	0.197131496894388	150
-0.09479028448394	0.345031424120527	150
0.0282712504768931	0.586389385649439	150
0.048264924160794	0.993957955802261	73
-0.05487137156897	0.897931534550685	73
-0.015748823837087	0.608293265867679	73
0.014799136192131	0.675305759137943	237
-0.040873045013737	0.350743684715328	73
-0.076737898218161	0.338915720954962	137
0.018843054021246	0.351814780554404	137
-0.012282277437613	0.594669537069243	237
0.0307726342467271	0.930999915182639	71
0.120829871665793	1.26168956471333	71
0.102404994179052	0.481540963178732	210
0.035183140721936	0.451222370445502	210
-0.03809085769974	0.253362583779375	210
-0.02186650504402	0.343762161470973	210
0.035104544448438	0.702282568119839	71
0.00980627262907896	1.00729516323244	28
0.05927111915079	0.360804182812804	28
0.012441604308061	0.251361788392157	28
-0.083762381090024	0.248563908861583	126
0.032374703234084	0.7862484119295	126
-0.119808183744419	0.335453100784547	28
-0.09134980223717	0.424720343786649	28
-0.121796546681236	0.341031063645874	28
-0.10134231771171	0.423983214095991	28
-0.112481908849249	0.335021802805	47
0.086748816469053	0.703881169039936	47
-0.015580790853338	0.537210191818022	47
-0.016251428075453	0.361103834334092	47
0.105540363795595	0.196883836529778	47
0.105540363795595	0.196883836529778	7
0.019948897422156	0.258222927275107	7
0.064901554807801	0.375829510235263	7
0.122500356362251	0.378623974283792	119
-0.115127490993046	0.244067793191485	119
-0.109762324807023	2.28348468240013	75
-0.061696251023496	2.32945228175856	75
0.025470089863866	1.98027839046372	75
-0.088091835362389	0.975566737158082	75
-0.056232114965122	0.994243247100824	75
-0.030744607648347	1.06405936948946	75
-0.085893157668805	0.811822446793731	75
0.113048384939505	1.09883568184052	73
0.107250832690915	0.284325648817411	150
0.023455607716712	0.35153263195226	150
-0.079575417354983	0.515380806915879	150
0.11845824399388	0.825149618177334	73
-0.051636969018452	0.778780874073777	73
-0.04549960348384	0.891299406589973	73
0.064346710363586	1.01838902643519	73
-0.075987768266813	0.532665908605927	73
-0.03759494992385	0.578382385561724	73
-0.101978342102252	0.494982427577532	73
-0.046675344642124	0.246544295820549	237
0.0571986435784651	0.362999958794937	237
-0.002074300494051	0.887660655934588	83
0.061861494403324	0.680630399995566	83
0.094588439589851	0.88542661237191	71
0.082059584808472	0.698190451427696	71
-0.085384297463889	0.685389308457338	71
0.095459021002787	0.563935229927761	321
-0.072430830834952	0.351596974505059	210
-0.110230461536222	0.459215004220007	71
-0.090520124106834	0.515604237505061	71
-0.109617752655389	0.534549456156901	71
-0.091617629370239	0.226202514543301	28
0.033428048606595	0.748610225168423	71
0.080622242687093	0.873401169734798	71
-0.042488484804966	0.448001068217771	28
-0.035756580043537	0.444975507436488	28
-0.03690907354556	0.442794407926096	47
0.030283079573841	0.445526491911901	47
-0.121003921972621	0.344335690694406	47
-0.052819754606688	0.160006763411687	47
0.066778171941005	0.532134897424227	7
0.10367210198169	0.19256980157576	119
-0.044567070558451	0.25329261100621	119
0.024270465328993	0.364623794044433	119
0.0250618243888731	0.25700858974078	295
0.036845965912402	2.13360795308469	75
-0.035016376457612	1.58252278539702	75
-0.09106027340059	0.675554025765225	75
-0.112003470467097	0.566244178474855	75
-0.049464760270817	1.01170907076255	73
-0.124939582191231	0.519478809445147	75
-0.117459008438555	0.506458859651975	75
-0.036167782455154	0.452420879110302	150
-0.077270171744246	0.58757971908532	150
-0.109664455374341	0.425380347692335	150
0.106128890099662	0.733968133439849	150
0.0235261367664	0.59685489596917	150
0.056719467930535	0.709681069773329	150
0.118410094035539	0.938885958279976	150
-0.10279485530255	0.733104253245853	73
-0.058150526897422	0.690763260006646	237
-0.105566483848349	0.422498513101145	73
0.058168650845438	0.826156150278681	237
0.085587380507113	0.839809047063239	71
-0.02168428022049	0.529226012849458	210
0.059943052559439	0.644517767535259	210
-0.04621214845512	0.522329311892494	71
0.110824234101112	1.05516637961842	28
-0.115222698743861	0.497870507550728	28
-0.113826892013692	0.428718075836898	71
0.077689557736533	0.650259756844611	71
-0.059983650965621	0.438702352259701	71
-0.090383289267495	0.416548096373658	71
0.060514370932974	0.643981140507227	126
-0.052509259363204	0.75658929255529	71
-0.035591899308342	0.445749460035286	28
0.00843030488194896	0.445839501594038	28
-0.089877851967187	0.237451376088798	28
0.081502000586935	0.636756690918737	47
-0.114671727680253	0.330144353275765	47
0.060125154724071	0.376639086300985	7
0.104960510267326	0.281862438284125	7
-0.099482148200859	1.58453534288041	75
-0.10216604010071	1.35695002907658	75
0.093480806074127	1.10051422233523	75
0.117858308950262	1.25822722140872	75
0.101205041601361	1.11464678731793	75
-0.106319458649141	0.611197316179012	73
-0.076298625462046	0.523632716840285	75
0.013888810898527	0.539036272837231	75
-0.00688446299575202	0.366558656156374	150
0.00687911331916102	0.455203308945281	150
0.119583185849866	0.371549854651151	150
0.048481814954026	0.540548438861384	150
-0.098118274786221	0.593230179861793	73
0.124752787631775	0.979829665125836	73
-0.035604684839006	0.670615271725186	237
-0.061581707710414	0.518321042442941	237
-0.088596779860476	0.347565380779353	73
0.120984234868891	0.565818507753553	237
-0.088095207916888	0.676737867183551	83
-0.032336790834151	0.6345945729894	83
0.0352898137801529	0.605886643158597	73
-0.100389018572334	0.336235468807072	83
-0.120015327708546	0.487564535374829	71
0.040141984404768	0.541893363530828	321
-0.110032156660337	0.333459874257906	210
0.104723480468441	0.738254864538574	210
-0.017040288897873	0.522151091572987	210
-0.038318906844374	0.521304117823812	71
-0.079672246207314	0.510936638944138	71
0.10073129917299	0.6455195255168	71
-0.056165233629754	0.52334976565083	71
0.095650436466461	0.552101895142842	71
-0.016444190499403	0.446335436515362	28
0.049325821968636	0.345219545277228	47
-0.04289146343643	0.253577461624785	47
0.036013337427022	0.458712073392246	47
-0.025897929100039	0.339376143594428	47
-0.034981838544654	0.244421496949224	47
0.124404692074666	0.583391243736643	7
0.098691411110096	0.487820283849855	7
-0.116985705212101	0.242427606785838	119
0.017873782962933	0.260048851949519	119
-0.039768404481079	0.253102476816581	119
-0.034059054699636	0.253053467797206	119
0.024481743487259	2.34202227181685	75
-0.051841646815508	1.06962220776036	254
-0.029074696645105	0.96171417603489	75
0.036218543991723	1.06476182139259	75
0.037148835076865	0.607191905580144	75
-0.101138529092363	0.240754999906516	150
-0.040515487636784	0.611477878525657	73
0.099105934936263	0.885731605104667	73
-0.096331753694246	0.523971043589357	237
0.093966429337342	0.836398870601685	237
-0.111618527786571	0.345837438535442	237
0.016337365307584	0.361410667723624	237
-0.060388318570803	0.353631617223554	237
-0.089487486050039	0.550695844433583	83
0.0314300215793341	0.747888674902151	71
-0.094511767462234	0.439844171524595	71
-0.095328629178083	0.473613056069034	71
0.094123671294363	0.541271847040544	210
0.000861052132475004	0.601071254189155	71
0.0822627685376281	0.889209339187742	71
0.116877339912028	0.643371948055986	71
-0.065385237492714	0.524303828444779	71
0.00338705737192502	0.525291826048019	28
0.020300882415441	0.553786079720854	28
-0.08328997143432	0.3379295680768	28
0.105760601347266	0.589214705303116	47
0.057396819039091	0.36203714911635	47
-0.066549931812219	0.346653038962678	47
-0.114917548993008	0.246664792192366	47
0.065929130693057	0.464001893603962	7
0.01870298033597	0.259866518431925	119
-0.093889901520504	1.54483997309065	254
-0.042287218421404	1.00870292819484	75
-0.101112271697682	0.689644343513113	75
0.078324525408958	0.650267862055853	73
-0.089015014869915	0.515105871561574	73
0.00198154103074399	0.81429498296777	73
-0.119167912417637	0.540064691880919	237
-0.051629136755538	0.426984844194284	73
-0.045200059797418	0.351862294091213	237
0.042958296074887	0.451483934348725	237
0.117048026276441	0.815773903068423	237
-0.045216702393208	0.351007240560298	237
-0.095836899035247	0.510438243883993	73
-0.082716380636062	0.511127745382929	83
0.000376582780785006	0.521843242555432	71
-0.049141496454197	0.598057612383335	71
0.046909625396903	0.794871163637171	71
-0.086362500250804	0.433072455501591	28
-0.035994395043605	0.560860783465747	71
-0.093146649824056	0.408899845022129	71
-0.108916168622494	0.348505752243834	126
0.043462157844214	0.531691657444704	28
-0.077111253025898	0.319562320385009	71
0.013660496984007	0.516235994607859	47
-0.038494928019398	0.3527671194115	47
0.118274793680736	0.660437227735849	7
0.104218517365508	0.279468185385514	7
-0.042765651121745	0.255103889289855	119
0.108127525175118	0.286693576818328	119
-0.088814488102715	0.237890446960021	295
-0.012734506590077	1.979735513177	254
-0.090519809429415	0.991010531688072	254
-0.021995297251491	0.875968628188146	75
0.03052757037125	0.903343004843528	75
-0.107574375430402	0.600355087724494	73
0.016564107755544	0.638460641711336	150
-0.070041070323596	0.683296640171542	73
-0.046123026585938	0.524810779118434	73
0.010763779648295	1.06942495446992	73
-0.035177220519549	0.879431629778662	73
-0.073868624936264	0.669971711100663	73
-0.097527707829191	0.440449594417637	237
-0.09006224952993	0.43123488098391	73
0.004279735087105	0.529276520148181	237
-0.079902947230839	0.519794288551251	139
-0.07075527183761	0.432334985606496	321
-0.086339729819718	0.432833921583962	71
-0.088061388515706	0.344743110649974	71
-0.06668250155954	0.421243983252066	71
0.078042190870543	0.728241798146985	71
-0.119185932295011	0.459947583946058	28
-0.070982394148456	0.653461631930452	71
-0.113289196498191	0.349465103986268	71
-0.058148163465656	0.650114743351329	71
-0.064077160410386	0.667178562490324	71
0.042119908992917	0.468318819854381	71
-0.119077034138626	0.341296094706763	28
-0.066300013211839	0.347299538554227	71
0.115659572827207	0.370340181385263	47
-0.037265381748939	0.360004763916805	47
0.0227399653763271	0.266992038615147	119
-0.052568984511295	0.162709811063589	295
-0.049058283293827	0.688634306750276	75
0.069848765845303	0.832010861973749	75
-0.070356935231361	0.803046438526348	75
0.114912345041481	0.893252788741486	75
-0.11947261715002	0.660620999848113	75
-0.00238153719030398	1.17442163293212	237
0.094530917703552	0.866802950069986	237
-0.069904133408265	0.603182508259454	237
0.11406104402509	0.724156835968564	73
0.03669946970029	1.03644586788955	237
-0.005591764100568	0.620435664541341	83
-0.124724488708752	0.501039656546873	73
-0.121986407394789	0.331607634778877	139
-0.090039795741184	0.4219104382817	71
-0.076297733775775	0.690586496330039	321
-0.11504352654799	0.351457277171462	71
-0.051165872803152	0.595002506747429	71
-0.020021258963216	0.429596890965727	71
-0.034736781441438	0.447821141920676	71
-0.098036701967081	0.337522491744156	71
-0.094602791334725	0.338141033173718	71
-0.106326848046777	0.589153529630976	71
-0.036425999588634	0.77583615654121	71
-0.112335093755664	0.582443876088403	71
-0.093981832731046	0.716460770731701	71
0.060881514413748	0.363712985178702	71
-0.031403309353831	0.43711407986262	28
-0.011120215287722	0.536376267431634	47
0.101452161814665	0.563794406944854	498
0.105540363795595	0.196883836529778	498
-0.107059318736404	0.350986523960335	119
0.106474383247089	0.192269360452443	119
-0.058734086718589	0.160049362864785	119
0.054038217025201	0.560803030233065	295
0.099696335518971	0.56753292984674	75
-0.077680600343691	0.351861842996065	73
-0.118074867591079	0.236249924872598	150
0.106330215776286	0.929280831928233	73
-0.045507609408893	0.833957542794147	237
-0.047258004855974	0.581817783742655	237
0.060125413508429	0.930965595218641	237
0.07571929216591	0.721129046602317	139
0.035954178626839	0.528740883840432	71
-0.070155537818695	0.430737824789609	71
0.029079023336152	0.652389440286262	438
0.09956458314033	0.8153540839365	71
-0.083582407078341	0.543543359462753	71
-0.05199160916851	0.667549008169194	71
0.064884342659006	0.835818179861203	71
-0.037728973904571	0.515622309624693	28
-0.074577755549288	0.591346949704863	71
0.061523484051962	0.735474887930287	71
0.104521869202805	0.586570079052464	71
-0.028564166043161	0.515244185621197	71
0.017139438949448	0.359750545587553	71
0.00980247640801901	0.452214740635105	71
-0.097061406745768	0.3392729704914	47
-0.016575471505174	0.359495139269275	7
0.103949930977753	0.280985884086667	7
-0.042276915519553	0.24953303557013	7
0.021379176338874	0.265541551625998	7
0.121721665818323	0.378779383295531	119
-0.122268251971598	0.240641682508154	295
-0.093511467365184	0.964244643521751	75
-0.104324630421759	0.335291377353897	75
-0.044442091907227	0.254061707010447	73
0.075034294946382	0.705902444359192	73
0.046411636307523	0.609243959306029	73
0.027356749498426	0.366663049142901	73
-0.033031857870996	0.255332400495227	150
-0.032998824690341	0.922698917456988	73
-0.084080343461314	0.794684486425795	73
-0.094825342626465	0.565937533147179	73
0.039954386919227	1.15665242087816	73
-0.063772380090464	0.840692474409702	73
-0.103291804426622	0.733960936630487	73
0.020059378778604	0.810508613913471	73
-0.015412607500473	0.737870484566793	237
-0.040792528398303	0.250128220412435	237
0.022241555915236	0.25348604436747	237
0.044379705119826	0.467122051713952	237
0.00986697490948396	0.826572114411742	237
0.00833450425022897	0.66838629883802	73
-0.018302236192596	0.596669437554727	73
0.066837445411747	0.997973128478777	139
0.111687217749229	0.855658243089721	139
-0.075950662270008	0.646066668976206	139
-0.012745333023852	0.917510115691303	139
-0.042228010396229	0.443939911790085	71
0.062779702581218	0.609262577154478	71
0.039894793128939	0.710456088332538	438
-0.10882119567067	0.591247869480882	71
0.025725397891242	0.690122011490776	28
-0.058299245570883	0.355456230499668	28
-0.017490194198333	0.683001214346012	71
-0.075882130123452	0.584555711035644	71
0.109880723097922	0.284558081937262	71
-0.021671689068282	0.446904835329905	71
-0.073939542796934	0.498692131804245	71
0.108515651164588	0.608917818269726	47
-0.073788295957145	0.346768754330883	47
0.107997354893613	0.191805636940902	47
-0.023929950925728	0.444547129389531	498
0.067666899660602	0.376290091008727	166
0.104606269196918	0.197131496894388	295
-0.091425075223547	0.575998202523449	75
0.097123340327298	0.916671634924903	75
0.045042348598943	0.549524841970976	75
0.108584147643912	0.463533520047566	75
-0.04965116637083	0.154626034711936	150
0.0983132073992	0.641713974404889	237
-0.064388332135601	0.431826707071083	237
-0.086603389911867	0.512058591460554	237
0.023041657894183	0.370184667783387	237
0.059535997806632	0.36389219030238	237
-0.080681292239512	0.316562269605662	237
0.00710297106434599	0.43987943019093	237
-0.065620709137201	0.499172441855095	73
0.044609814025545	0.897590262265828	73
-0.081416518072406	0.712122675426024	139
-0.070717603356683	0.591044381126998	139
-0.019608936931561	0.353155543117522	71
0.021831535661209	0.61978581609754	438
-0.087242164115104	0.519929672943593	438
0.087841375382253	0.730988072785322	71
-0.119194324732902	0.460653142816867	71
-0.046930880731607	0.722780113459602	71
-0.111377874428099	0.453652464405272	71
-0.049007088152211	0.164550979721028	71
-0.063432724819466	0.429738515967178	71
-0.056080453842008	0.51682200448623	71
-0.000500724451057977	0.522286199211012	71
0.035713050937107	0.626319533183643	71
0.083483685076729	0.6914005003218	71
-0.089521763376503	0.246128881255135	71
0.033181446131229	0.612285223926347	47
0.00325176173280595	0.530462380175938	47
-0.048093121830906	0.164630247528037	47
0.102465766645332	0.279374152525266	498
0.058571038048122	0.374216132462757	166
0.033936399126009	1.17131550480672	254
-0.110567663865794	0.527881279473336	75
-0.121729503868347	0.339417225441769	75
0.073364600084936	0.573967084593659	73
-0.00767266381034298	0.361287341732709	73
0.103970162399375	0.490711759690192	73
-0.048093121830906	0.164630247528037	73
-0.018291129935593	1.03377001778726	73
0.018401514743132	0.982229058567664	73
-0.037944584175092	0.453411493959351	237
0.070479008475521	0.731237345902865	237
0.027947007321131	0.629724450837706	237
-0.028611016542389	0.598647665388612	237
-0.084822737608982	0.246513620031382	237
-0.10755835219248	0.240369710376381	237
0.0172621792326	0.730668231377487	73
-0.025626676743553	0.454849581828446	73
-0.113836226780039	0.430013603977262	73
-0.116901301058118	0.668242569300058	139
-0.067548915728365	0.737208735094276	139
-0.109004459701157	0.425811788304197	71
0.0512565169046491	0.343065686256524	71
0.102599662308661	0.273002355761535	71
0.115864707103537	0.378950448598002	438
0.00347887916730005	0.595075470339847	438
-0.041943401468909	0.670824938784118	71
-0.038469237392232	0.445532469398827	139
0.017873782962933	0.260048851949519	139
-0.117936329027925	0.245327283242083	71
-0.022527274351363	0.739306584895763	71
0.084499330962876	0.85613765013754	71
0.09619950387358	0.802910744896431	71
-0.023270964626816	0.438552080057356	71
0.10778529414349	0.193560761266531	166
0.107196468509895	0.188500305764353	166
0.106474383247089	0.192269360452443	119
0.022883122518383	0.269500005090112	119
0.052299310433371	1.53624052387067	75
-0.117931620708978	0.428791810182593	75
-0.084822737608982	0.246513620031382	73
0.00917582761520297	1.01113076339231	73
-0.070413653902174	0.832828451366761	237
0.0258742016604761	0.513945984015951	237
-0.025512653569856	0.668033990158861	237
-0.095535249468567	0.521870125832452	237
0.01451297075007	0.548675782484335	237
0.0718767972077889	0.874281457910642	237
-0.00400590117910799	0.45765131971017	237
-0.084280537390981	0.245400333167703	237
-0.018275516314721	0.35641125754365	73
-0.062622964871572	0.436234162954988	73
-0.068360274231883	0.511928698357943	139
0.00453976871877104	0.984020353771207	139
-0.069041395398162	0.350505349472341	71
0.00171475251097697	0.458970596491125	438
-0.044887290166351	0.441319792060876	438
0.023778071807019	0.268794665250103	438
-0.05265138199925	0.447602867331823	438
-0.027994183187822	0.814590122286201	71
0.113854833808311	0.740109242784195	139
0.094171036438572	0.689285378989788	139
-0.077315689323829	0.412999208626041	71
0.014552567979746	0.60831269451686	71
0.050990735680688	0.774496425551662	71
-0.072113391835012	0.418755018434268	71
-0.086174961703518	0.424743163606554	71
-0.12365758803361	0.421269174432942	71
0.106147686718195	0.724176700820289	71
0.00331981935266301	0.451922397738118	47
0.10367210198169	0.19256980157576	166
-0.053608043803381	0.163248539578346	166
-0.122268251971598	0.240641682508154	498
0.107457132774128	0.488141173642222	498
0.00114413701261096	1.44599043247744	75
-0.078373313617909	1.01799194578023	75
-0.056428066993628	1.06276781187305	75
-0.107691090145794	0.620964722744878	73
0.094093189067306	1.27292271230174	73
-0.115042940276489	0.670213425581302	237
0.074216160353996	0.980834200028489	237
0.100381601953432	0.976477065809565	237
0.067824576478658	0.373891073973483	237
-0.081244309987376	0.343234166219243	237
0.00455592603931598	0.455210414858182	237
0.0210950807896571	0.265624108150651	237
0.111920964376254	0.188915238265414	73
0.06670219225692	0.686150467295634	73
0.0302377953067819	0.600328104044747	73
0.111485985912	0.889980287707131	139
0.10396256420847	0.589314351581506	139
-0.035079280574532	0.776800098673417	139
0.095444892269287	1.07216347047295	139
-0.012953325886735	0.696169924553489	139
-0.087854297000141	0.338175205479905	71
0.10367210198169	0.19256980157576	71
-0.05275836349053	0.433877523953998	438
-0.065858600159262	0.349834497635945	438
-0.038084823799446	0.428041810268121	438
0.00554972296023704	0.699967643666644	71
0.084039598656694	1.03457478491612	71
-0.076703261105999	0.586448911706246	71
0.057274024159773	0.525593846446164	139
-0.118542930824909	0.244111673308143	71
0.095302573118343	0.802523889359645	71
-0.118369408525097	0.2393919296493	71
0.0837043594386761	0.574906034567319	71
-0.054834698181327	0.415009708548822	71
-0.001874355899455	0.519200555532371	47
-0.007270079980773	0.450477446547647	7
-0.049007088152211	0.164550979721028	166
-0.013693847213162	0.360023517191638	498
-0.044846639575421	0.247537252279387	498
0.104606269196918	0.197131496894388	119
0.065690795678255	0.380349292712257	166
-0.015235149629781	1.37721826504463	75
-0.04995402019976	1.01150467590294	75
-0.023700993110789	0.685040684409933	75
-0.095874962101672	0.480325543084337	75
0.06048991130535	0.640532063662401	150
-0.077134632794967	0.606513021889433	73
-0.068377675015379	0.753610361891117	73
0.103128158559027	1.12292372668709	73
-0.063284635670156	0.758225717864209	237
0.02941804691869	0.783144595535258	237
0.014943592589558	0.354107197858985	237
-0.04717061599332	0.436731134080175	237
-0.036590710189521	0.610857582338429	73
0.088969254805977	0.880197222335827	139
-0.030921663971743	0.51346176244869	438
-0.035374271697135	0.575372368943878	438
-0.105355713590833	0.571805119829945	71
-0.053889599305858	0.749292223891716	139
-0.023619449129443	0.521893997521701	71
-0.038715998966163	0.533527442969779	71
-0.124878373010367	0.402338039045081	71
-0.045336229769618	0.519999734166534	71
0.065588188766029	0.717489108474696	71
0.012732315210938	0.46586952479684	91
-0.00708585182863403	0.534857646513942	91
-0.076050642014496	0.427436788142883	91
-0.008930685281965	0.35220419454965	91
-0.070266246747474	0.34427710150909	47
0.026167833780014	0.430541729689297	47
-0.054930998893295	0.157544484829936	166
-0.053483547886427	0.163543065590241	498
-0.005219915839977	0.358055100087651	7
-0.087680933887421	0.249142837322621	166
-0.035716655609868	0.357310558084308	166
0.060145130196315	0.450012323052128	166
-0.082548961135221	1.20909214048998	75
0.085220976841912	1.85596013166199	75
-0.065732397396288	1.19394372490552	75
-0.064658976380586	1.03485981244947	75
-0.081917239533869	0.439411667887235	73
-0.119905313198807	0.413993171204888	73
-0.066965819272547	0.506647308083765	73
-0.054014420043999	0.417074841059904	73
-0.090889396931594	0.232853063212503	150
-0.010529865985479	0.358262615410129	150
-0.028485279582577	0.249601370709373	150
-0.038056390289279	0.787445481956789	73
-0.066249467935388	0.834946868561856	73
-0.112442499799112	0.632992925420554	73
-0.082112381763546	0.632707746684299	73
-0.073059519004971	0.804945700689417	73
-0.037838791964648	0.868808195941714	73
0.123841430806769	1.44164419142829	73
-0.050389392772041	0.830235993929783	73
-0.044447955857519	0.762391319838669	73
-0.011374219618902	0.828177543790966	237
-0.010289201965319	0.444757208000396	237
0.069143205142464	0.568344227163832	237
0.069643654581137	0.563118765468581	237
-0.118923097065439	0.236300575806351	237
-0.050150677323292	0.241615394815024	73
0.000131746101707964	0.843870730487806	73
0.00274649366590496	0.859443627225952	139
-0.084482889409053	0.588614313885523	139
-0.000597884061198983	0.764787819455035	139
-0.055352869586435	0.628711023851127	139
-0.02983702442684	0.35789884177094	71
0.061637049950077	0.47140821096165	438
0.042969687599191	0.547913235958393	438
-0.088626355942628	0.427747456185669	438
0.0691206773944471	1.00992039958732	71
-0.015569940790818	0.556075844333301	71
0.024147455000331	0.853104252671962	139
0.10236477820309	1.09431727631882	71
-0.118955575991039	0.593422482003672	71
0.045704618099819	0.46066167260078	71
0.061213717320481	0.763370137874143	71
0.046232111063511	0.915503659204222	71
-0.07998025143505	0.581781856978654	71
-0.051902852309063	0.58488609727203	71
-0.063238504640874	0.500400418574453	91
-0.067060122456002	0.519918991675963	71
-0.117684818882115	0.341636520104866	71
0.065849598835896	0.379638788039659	7
0.10367210198169	0.19256980157576	166
0.120797923365994	0.380344452033418	166
0.0646907039329	1.67084859943857	75
-0.114004288277723	0.726222578041408	75
0.111830904606625	0.973974886701416	75
0.092664582810185	0.554631309943885	73
-0.066547322332024	0.80041094919686	73
-0.01488770532559	0.959311721265122	73
0.059848378129105	0.873227046389737	73
-0.116634669432873	0.676392587572352	73
-0.015585525098503	0.935597674769573	73
0.098364042623265	0.822419172169581	237
-0.114981914560894	0.511880290636804	237
-0.080440971823963	0.435851069288508	237
0.0256928089476181	0.571154887816668	237
-0.012042781904196	0.626336974771095	237
0.00207202042779997	0.327610491557838	237
-0.118865687879892	0.334262247850913	237
-0.074073231254767	0.224967579823099	237
-0.104304863371821	0.344166306480397	73
0.0458523806387861	0.697148881048675	73
-0.090447708940009	0.791521072949211	73
-0.047103185236591	0.680573207674316	73
-0.053239045183811	0.593039723094081	73
-0.068586650979816	0.418460542750569	139
-0.10303795253378	0.580364330416365	139
-0.110389353119371	0.579294952413658	139
0.016263206861114	0.464272726933241	438
-0.067877711258019	0.427172164740454	438
0.0354600072417171	0.470640637528861	438
0.107338054393734	0.498614443227062	438
0.07905952204429	0.827981895700485	71
-0.078484555547026	0.80523474247439	71
-0.045641943358714	0.695274520296459	71
0.00217351408683597	0.753258985302188	71
0.072251995401827	0.476208500240445	71
0.092172809450745	0.857508519114547	91
0.063658571471149	0.702844545244354	91
0.0992527190608939	0.722512016468768	71
-0.083809912656127	0.347471652587855	71
-0.000379005485006023	0.506912230308277	47
-0.084888167774335	0.435408492503929	47
-0.099873210576968	0.353542385155045	47
-0.123964498721051	0.23714185493474	47
-0.055267300543933	0.158939031402633	7
-0.032904594857131	0.252968134484733	166
0.10367210198169	0.19256980157576	166
-0.049922319184628	0.161280171398461	165
0.106261717682182	0.192838259478629	498
-0.021362813710689	0.350845778461523	166
-0.00290389287698301	1.59763961523193	75
-0.015914750000218	1.35189403220728	75
-0.105848810524494	0.412751229906324	75
0.106167079583561	0.485732864894295	75
-0.00350439313145701	0.459336008874395	75
-0.087276738375849	0.348757750959457	73
0.0268645429309951	0.448397076887024	150
0.015178837911933	0.355895873393627	150
-0.087043261268582	0.246491267263941	73
-0.039385567295275	0.257013998905081	73
0.0164047382481179	0.765495939589359	73
0.0749846479227551	1.2110363049906	73
-0.062328298941802	0.850762476295575	73
0.098981755595507	1.30630672375973	73
-0.099329603147116	0.595591059985165	237
0.03050754575056	0.445919363002777	237
-0.050378856575665	0.493721789513937	237
-0.052614595318166	0.593256814438	237
0.063821937697224	0.375983027526575	237
0.104691449499809	0.274958709751939	237
0.00546756839943896	0.607981615454382	73
0.00957192901665504	0.458215819716365	73
-0.122360875300021	0.427597625535752	73
-0.117355339999192	0.652744827076307	73
0.024270465328993	0.364623794044433	139
0.028142065674902	0.611605356956945	139
-0.019283369652785	0.430063216902861	71
-0.037951053152558	0.444803758931143	438
0.031968266623262	0.554773845642203	71
0.080844486351467	0.725697084358744	438
0.067209415413286	0.782544521636482	71
-0.057077632939514	0.620518713638845	139
0.021485614185658	0.258239817591706	139
-0.018694223412331	0.361041274950823	139
-0.040016827889847	0.248900351567718	71
-0.067854872065179	0.482284548133197	91
-0.095242525701654	0.511985330271712	91
0.016309979101548	0.608887205920231	71
-0.104644493152154	0.392733038327166	91
-0.092163714948141	0.239469066416632	71
-0.043330244721057	0.347149160802854	71
0.015985579408937	0.539008338769657	47
-0.040284535316779	0.255406403236934	47
0.024529763608477	0.267278940104342	165
-0.016065787161307	0.344046185952667	166
0.010272272528046	1.46045529105446	75
-0.093666434001149	1.3297617420025	75
-0.010896107529586	1.39893111293124	75
-0.104828958950591	1.07660544633844	75
0.108379127216038	1.26382856082141	75
-0.038419229573718	0.845460444645927	75
0.048407261386874	0.544039332977544	75
0.062977018025511	0.555266438420487	75
-0.038614141670764	0.257019610648656	150
-0.102142015022835	0.766713973267506	73
-0.041354670044743	0.830258760202556	73
-0.102358866272501	0.748174680814292	73
-0.054227293899718	0.677025224874004	237
-0.026072483721984	0.71623913893245	237
-0.110340733497296	0.493227702581147	237
0.0577182502902091	0.623360789400323	237
0.064283253501322	0.556509157301375	237
-0.09683781985654	0.427002872704176	73
0.0787554658695671	1.34970929337015	73
-0.064513316569577	0.598700904356307	73
-0.042530992930312	0.519866004176496	73
-0.067666047895696	0.586528650755061	73
-0.034937165687071	0.696547797021185	73
-0.014882157007528	0.579577412317641	139
-0.082902247178005	0.714434527919936	139
0.00301085083506802	0.446114882133276	71
-0.102045324339242	0.347397965289609	71
0.121697418759949	0.757815562767346	71
-0.039503368678459	0.681551073778294	71
-0.082064836381194	0.664958869777949	139
-0.085874166193826	0.745609704199674	139
-0.089265880041505	0.684736268212563	71
-0.026487971148618	0.601713543070487	139
-0.048767842400113	0.439739470098276	139
-0.045010110289729	0.355175475563507	139
0.067686179173467	0.974567736976852	71
0.107654571194248	1.03386318202984	71
-0.055068172325339	0.218924149881857	91
0.019376180907513	0.365998963736246	91
-0.12176735832685	0.423284321087675	91
0.115876607168695	0.823417931728905	91
-0.124365473673441	0.496410952352076	91
-0.118160496094005	0.518727680896767	91
0.112912297532715	0.707257123727113	91
0.089934064252212	0.561208812265203	71
-0.104963498837664	0.350077938701292	7
-0.092076107284042	0.21937351094833	165
0.02095264254991	0.257682827175669	165
0.118172393267479	0.376084573278068	166
-0.066408727577297	1.24678017168076	75
0.00148019380634801	1.38646160272395	75
-0.088660989940183	1.49418109407818	75
-0.024702482180809	1.4157181652003	75
0.064736463499295	2.08582149944126	75
-0.04053095639221	1.45496223599636	75
-0.060878188544997	0.350462199288234	75
-0.055935309168223	0.564260347091719	75
-0.095760876384988	0.350310959678552	75
-0.112248697876688	0.34420541104923	73
-0.015861392931604	0.616401902252276	73
-0.047087119798394	0.442139797094411	73
0.042677936682585	0.555874555773695	73
-0.013920592989921	0.346718502213014	150
-0.054930998893295	0.157544484829936	150
0.108206210855668	0.2685523758709	150
-0.116828872531	0.237810754845246	150
0.026098107810301	0.264299390154503	150
-0.01675653470697	0.603439471586015	150
-0.011806346970642	1.00477187359899	73
0.069900056512865	0.979526726327439	237
-0.029342387905353	0.661784539756502	237
-0.075138838606693	0.348692283248731	237
0.06316699592826	0.540426782972983	237
0.11879743845769	0.621548851881913	237
0.073910845015252	0.48601548657165	237
0.112175184924302	0.278578867241966	73
-0.105524968878604	0.477572565739959	139
-0.021734086928056	0.353598617184319	71
-0.120567714407909	0.244172728305811	71
-0.117368380725478	0.338574072073538	438
-0.04944582968151	0.732345846278394	139
-0.042425456991494	0.602128392761602	139
-0.066529433509434	0.345790276847631	139
0.033452849688101	0.466667670189688	139
0.023634554881356	0.267965507910143	139
-0.028862012198121	0.818899415340899	71
-0.114258722893809	0.504865914665611	71
-0.018253119135564	0.769505866985561	71
-0.115127490993046	0.244067793191485	71
0.113792811702463	0.279241925669222	91
-0.086306163705875	0.233762588895909	91
-0.00881990705799601	0.524442489606335	91
0.116800484272265	1.02879880604194	91
-0.077067831569903	0.470026736973166	91
-0.070614265540013	0.454415318131739	91
0.027631559497067	0.699196329332265	91
0.0726438818899841	0.475379557998094	71
0.0759283785909231	0.77968168508316	71
0.104606269196918	0.197131496894388	166
-0.054273779065557	0.159335456313377	166
-0.084671092350589	0.347533884107773	165
0.093616989164282	0.478617809443799	166
0.03825258365902	1.63151013115214	75
-0.070232954421344	1.69064729255186	75
0.037282729685441	2.38894203832245	75
0.036675309452621	1.99449249600004	75
0.102797992457822	2.22314880417541	75
0.031637321241541	1.95421957890921	75
0.094493598175859	2.12824443655211	75
-0.015543467475888	0.893149880549953	75
0.058264253467376	0.580219231248597	75
-0.036766666071255	0.607192789316668	75
-0.058327730015347	0.441988181875257	73
-0.084681154810507	0.247728707908133	150
-0.117146517748665	0.240217743879538	150
0.10199868477596	1.042137523069	73
-0.001622095319949	1.15712992627651	73
-0.034791917938069	0.988105621846174	73
-0.089711846757567	0.342305282626587	73
0.053155076716232	0.551177006180685	73
-0.064428440112731	0.851438842160928	73
-0.068807348628354	0.344196997191559	139
-0.104793638973847	0.568592742924776	139
0.079864063494138	1.15807508030431	139
0.043934359919989	0.627449849658181	139
-0.059184609614654	0.341520063372464	139
-0.116056725825581	0.243785330106676	71
-0.07766648728823	0.353548884418959	71
0.015555371208232	0.906785494907786	139
-0.09787762809741	0.503013429118384	139
0.099882495694625	0.189802499735134	139
0.010767013359668	0.443731537721512	139
0.068158730930257	0.370500148267257	139
-0.114265541598887	0.546339629519087	71
0.01931869697198	0.263836258853038	91
-0.119344820362149	0.439800702169163	91
-0.093292819665953	0.602280952797832	91
0.000532087734927966	0.594970748486171	91
0.070696437303821	0.789318744512535	91
0.121979086946538	0.862643664767505	91
-0.017184053960786	0.533861267293815	71
0.102662781776284	0.580673553671562	71
0.119647521505252	0.631421653838086	71
-0.108883860544414	0.434647085630672	47
0.07986655849539	0.565229247242098	166
0.102704970335902	0.488246712829333	166
-0.077746616134037	1.57605940618419	75
0.10819386140606	2.41456394874997	75
-0.013597448339421	1.69221791414709	75
-0.000252727455266	1.7011422678296	75
0.073761699405403	0.567880604801546	75
-0.108869844764282	0.75656005467714	75
-0.091116334387404	0.641475525069692	75
0.031299943718249	0.811129559842764	75
-0.057476802318184	0.350774350856557	150
0.107992218193391	0.283519262852047	150
-0.064327990544696	0.353444291372739	150
0.061994806567092	0.378672921973288	150
-0.079827755127473	0.748491453050122	73
-0.032158560279514	0.604761331604047	237
-0.049581545691314	0.63679095864986	237
0.030338232413193	0.450660443870274	237
0.120583563742644	0.390802230926188	237
-0.036538452989176	0.247007769899355	73
0.124596163188281	0.391964324323106	73
-0.120330974220937	0.42904801411511	73
0.014779277099396	0.682103204203223	73
-0.095422418153126	0.230050021308966	139
-0.011103922730043	0.531450538860058	139
0.078547305297629	0.930144211791072	139
-0.031585378911853	0.745574949237352	139
0.062805974310335	1.09094439986223	139
-0.043947619877214	0.248287769938849	139
-0.045306331346219	0.158180702731999	139
0.00977559734295896	0.459851159647892	71
-0.00809320273595499	0.353699597838862	139
-0.06094668055849	0.425199729376884	139
-0.123195560555096	0.324192872128074	139
-0.039891669403917	0.59664939644796	71
0.096690752296261	1.23919698974927	139
-0.02957574392321	0.739364692473779	139
-0.101463093084126	0.659934301150984	139
-0.072737981415187	0.571887141151302	71
0.079552681023591	0.796076805747843	91
0.071317653365925	0.661936059113609	91
0.034837576550123	0.469681987591238	71
-0.089308304876657	0.239238671436179	71
0.120782031496892	0.663196200717232	71
0.077192019481415	0.73716595014748	47
0.104606269196918	0.197131496894388	7
-0.050481569515737	0.330755104360898	7
-0.043666586430514	0.254906306140578	166
-0.041430120194098	2.07277301115035	75
0.00483422604366801	1.63201851912984	75
0.098123403320737	1.38150204790275	75
-0.095546150396902	0.344316859549459	75
0.09065009038271	0.807796066299437	75
0.113120421919995	0.884159785780307	73
0.068742841025265	0.616111784338598	73
-0.123431801554342	0.236278827791564	150
0.06766990162359	0.375098732184195	150
0.066454927533161	1.18786864001683	73
0.040742597792951	1.05302635784289	73
-0.060256341550409	0.717782060226109	237
-0.00841498399972601	0.361785048786383	73
0.00274263695202803	0.54355719353284	73
-0.037089446231249	0.655933937107827	73
0.10621796491026	0.751361944852341	73
0.062207928058064	0.831561187575409	139
0.101181478469715	0.585571488534253	71
0.046562442266876	0.553036927912937	139
-0.097733978238192	0.420418964828508	139
0.020957863616989	0.694762597026239	71
-0.044543067133887	0.581946371141744	71
0.080847082433544	1.00884285890319	139
0.083472247807172	0.78735927250572	139
-0.111500784005245	0.246052448760371	139
-0.089018471429892	0.591069895417184	71
0.010866491619595	0.729976406453885	71
0.000245145208152997	0.590889663749818	71
-0.051938232545955	0.448669762457677	91
-0.060379573977838	0.495861052798671	91
-0.018675007885046	0.52659053792764	71
-0.099291042714426	0.334340377394649	47
-0.021570199068984	0.350252418772365	47
-0.061285300177324	0.425343182362305	7
0.119874495545554	0.380263796423304	166
-0.089450196571825	0.237752061665225	166
0.05763637304184	0.370406468513723	166
-0.039978760164743	1.83601420653569	75
0.054074605583836	2.02180584085498	75
-0.11186438351351	1.13918110195174	75
-0.093621888226565	0.862479805908231	75
-0.121782883515186	0.605850434015609	73
0.111355449626536	1.10136985472616	73
0.077633156581725	0.696512255510781	150
-0.11813518928818	0.423743515538815	150
-0.03444474479348	0.672505617956588	150
0.00366231389366301	0.719373675638546	150
-0.061228979094574	0.686987699031383	237
0.058598197104167	1.0289507803489	237
0.055422307178591	0.553000869896453	73
0.00576265827063305	0.529215707962793	73
-0.124567883658705	0.431164960885466	73
-0.084925033197198	0.331334832300753	73
0.040874047758161	0.928545246082151	73
0.090644436452227	0.849595438961831	139
-0.040067323309911	0.520187758558625	139
0.077539123313595	0.560761614692093	71
-0.062116644067928	0.347128080459717	71
-0.080823699942964	0.414568113059421	139
0.019232434952099	0.548020131238599	139
-0.107770333002186	0.341359759880629	139
-0.079871591344491	0.597031652750703	139
0.047634799718951	0.549710213830746	71
0.109781932893824	0.798191477080369	71
0.109582545033353	0.583515592517494	91
0.117607929372008	0.818404508022558	71
0.098409872986452	0.46844024879177	71
0.114301245316086	0.373407557531854	71
-0.103964302309878	0.418729996966262	7
-0.091242294393344	0.23872902234183	166
0.070929830290325	0.365251197526839	166
0.075617228836829	0.713734769916627	75
-0.013589305253007	0.770070310027233	73
0.097104661677534	0.480196986341351	73
0.023264631161658	0.359002196697381	73
-0.013472943445917	0.447292359453082	73
0.07040541124746	0.486760026650302	73
0.0742889984238651	0.732579453896907	73
0.075368943709294	1.02868601499139	73
0.088329686355788	0.811071085154942	237
-0.070554933395	1.07470505562761	73
-0.080902746621519	0.748755739251653	73
-0.109374273946317	0.462572762739233	73
-0.040365165190614	0.361601557635825	73
0.010059128240027	0.703359783418679	139
0.121431351657338	0.376944030949477	139
0.106604927148684	0.498465583004058	139
0.069648903556611	1.07389922863008	139
0.0972172087604239	0.73291400138521	71
-0.090796672322249	0.666976877021132	139
-0.046863270757911	0.52188785338837	139
0.044197020044341	0.773550743418528	139
-0.078226306645632	0.248040473759092	71
-0.040157371749331	0.255301771305791	139
0.064896109710425	1.37689201158663	139
0.00802574856537697	0.346961287961244	71
0.02537321836724	1.07568743645789	71
0.099427062347913	0.490784287839877	71
0.030059978011178	0.255904598358545	71
0.018159904579824	0.262328204106373	71
0.065518526600282	0.375817863002581	420
0.014549240030824	0.588326034318903	420
-0.060369846221614	0.57278540669764	420
-0.064081153968444	0.523063614124209	166
0.104960510267326	0.281862438284125	166
0.105540363795595	0.196883836529778	166
0.071040478023853	0.729597620283628	166
0.019656224026713	2.1613902073116	75
-0.016767826761481	1.86909073829081	75
-0.052377965176666	1.17096510329967	75
0.079131283687457	1.19773400387647	75
-0.11886738192484	0.39665258648859	150
0.067948617944402	1.00813382256554	150
-0.056948666306821	0.511937747123073	73
-0.023231571249989	0.430235891019616	73
-0.082233046542716	0.426830566923847	73
-0.110789102578892	0.412093922584855	73
0.110386226919621	0.71769402404186	73
-0.00538442618852297	0.686952234630129	73
-0.079102267698067	0.662876987723731	237
0.00302527150843102	0.623181606044451	73
-0.014744147121117	0.665431897526684	73
-0.09671161972249	0.513381261284608	73
-0.00367009085324899	0.538603182545284	73
0.047974142968647	0.641217719196471	139
-0.118566347944855	0.33883430387272	139
0.093308838244727	0.877793513565695	139
-0.05017501455189	0.34262249220357	139
-0.058988168952929	0.520545230076537	139
-0.024707608639757	0.713254597464496	71
-0.104786071924804	0.330874427558524	139
-0.111715449005129	0.340885042372035	139
0.00192717918765095	0.870872937335553	71
0.074570673059618	1.01244592267023	139
0.066560818624159	0.543236237291639	71
0.038037801244096	0.460832077114759	71
0.101530774967579	0.585661398476454	71
0.042537452453925	1.09089751540844	71
0.108117971263691	0.713993057985464	71
-0.00938149137018401	0.776999055705979	71
0.015038478127313	0.528239035897543	71
-0.063809002670094	0.510071659668598	71
-0.123457870310404	0.344882156490199	420
-0.069089845336752	0.346447971200957	166
-0.052568984511295	0.162709811063589	166
0.115017395758296	0.369262619642563	166
-0.088531455390964	0.240090888006948	166
0.017266343051346	0.262199548559052	166
-0.010655019860056	1.67814522485416	75
-0.032311071773095	2.19324193786616	75
-0.024152574165183	1.14465546124624	75
-0.120874842167966	0.941527849560351	75
-0.059991842315219	1.02420498937237	75
-0.004924512717222	1.30631162423502	75
-0.124634490239918	0.749221331104498	75
0.00963572504608201	1.22059762921439	75
-0.11574125831211	0.335240640387712	73
0.101812003653176	0.819765022885744	73
-0.0719589214843	0.340706692030549	73
-0.058794168291527	0.675318095934803	73
-0.058421469153463	0.98551935867061	73
0.107043239859113	0.857864357527996	73
-0.074804738445752	0.512029785625515	73
-0.098123488613366	0.799613899076377	73
-0.00289290756050697	0.496478657195085	73
-0.022991997855436	0.764884226702479	73
0.029405543388203	0.621998394017137	73
0.0588451283816001	0.47105851849431	73
-0.013365739731992	0.447261888407599	139
-0.099367184416445	0.336309782727574	139
-0.101822205035503	0.654133992295109	139
0.039301612358247	0.671032638528209	139
-0.053587026251664	0.417534502269034	139
-0.05017501455189	0.34262249220357	139
0.018652494967579	0.452831036508533	139
0.000504370058729053	1.03898421353876	139
-0.081469869230173	0.340682803576126	71
-0.113457707867897	0.590512593564085	71
0.0931882059122669	0.661297208177689	71
-0.056335409246591	0.423475053459133	71
-0.119798506062108	0.243644692703116	71
0.018016970730962	0.26300254652303	71
0.07990037573281	0.473165032279306	420
-0.080633192092074	0.336493599798091	166
0.102331716700272	0.278866831967367	166
0.082904984363913	0.203023519531206	166
-0.054955338703819	0.497909033758967	73
0.078851432663924	0.571925526524129	150
-0.037966645169867	0.74917259957038	150
0.043207642779532	0.458033240956003	73
-0.074195748400091	0.52520463759674	73
-0.048120190525522	0.42759015478522	73
-0.067385961329132	0.697421699498954	73
-0.047329396688506	0.579792351735148	73
-0.066762278297261	0.496222941107846	139
0.0489864827333491	0.86961403871496	139
0.089140647309898	0.876656182930275	139
-0.120120148171623	0.428709030482356	139
-0.090972104659858	0.517602074905508	139
-0.089924021048665	0.569631590432127	139
-0.113075807417187	0.340365463004494	139
-0.066184243794902	0.588692084919303	139
0.0634690227882651	0.763479903339454	139
-0.020542155911863	0.43644858485546	91
0.109356368875972	0.661901598572461	91
0.044570191580676	0.633443861719586	71
-0.02555593679554	0.43999727696694	71
-0.055595613977949	0.415161935331085	71
-0.097958785327552	0.338954499710086	71
-0.015096525456146	0.352858832232325	71
-0.00862541613618001	0.361828009507766	166
0.062747677382302	0.363999654533941	166
0.109880723097922	0.284558081937262	166
0.099622055392818	1.19370293721406	75
-0.094810135148471	0.587370434488594	73
-0.014582031522336	0.428632522574585	73
-0.039479605139705	0.573585375142223	73
-0.116273591475756	0.658826534420476	73
0.076379664648761	1.16142844857614	73
-0.063151889358963	0.893786229681279	73
0.093867625484395	0.91153807657496	73
-0.088029195194991	0.751540153120152	73
-0.09072993296308	0.414745810203552	73
-0.083009905483671	0.824796766783228	73
0.00570868519381995	0.651828766470026	139
0.08853606762639	1.43908228606974	139
-0.12047030117591	0.327994148304787	139
-0.075060289596977	0.502689523358716	139
-0.082091177277305	0.465418659467892	139
-0.112200583361895	0.44322341920032	139
0.112464946322717	1.04885515971955	139
0.040543350042636	0.848772939422606	139
-0.019429484711901	0.770143166450361	139
-0.088543395233981	0.325247753888647	139
0.073441709973849	0.760274423122536	139
-0.00581314423428703	0.738774477692391	71
0.076773726797767	0.626442157568952	71
-0.035323895240776	0.439385508988675	71
0.00825210224261597	0.538687279074984	166
-0.106751513511153	0.348248925933983	420
-0.031160047220325	0.44203021266937	166
0.035588752889811	0.446653192663781	166
-0.11507992280737	0.247932814637889	165
-0.039385567295275	0.257013998905081	166
-0.089135161394556	0.347848187892266	75
0.113587196412995	0.185709404618777	73
0.034617857474293	0.363104805870577	73
-0.11141211392603	0.405537300546965	73
-0.029064715561951	0.505187892803231	73
-0.118448420672747	0.635902489026944	73
-0.084964463267274	0.242366404329901	73
0.107152029079791	0.477852841275709	73
0.071298434267562	0.475774681893632	73
-0.0133739072721	0.366420579440568	73
0.064901554807801	0.375829510235263	73
0.061589209256197	0.627729184782696	73
0.10710892613903	1.18476202342373	73
-0.052171601952379	0.601725794926671	73
-0.053160104390321	0.335981481930156	73
-0.085456707830766	0.68832197645265	139
-0.062341296767777	0.348035949063503	139
0.101100975758897	0.582754381399997	139
0.123970645415425	0.560993777958752	139
0.121971359814956	0.385208523126645	139
0.050030076679847	0.561785989229684	139
0.028511534782962	0.699321875169493	139
-0.074400673447596	0.47314096686589	71
0.061162333248696	0.710986262100474	71
-0.123338193528328	0.421537874664573	71
-0.035492910391398	0.435586061441389	71
0.104391995793308	0.188752160600622	166
0.034859942521852	0.524772292252296	420
0.104826057528392	0.281899977544189	166
-0.048093121830906	0.164630247528037	166
0.00640523772072799	0.453411182412456	166
0.032446984043297	1.1224416853369	75
0.114880233837919	0.638087693010717	75
0.027679548904901	0.540822699120952	73
0.077394408354025	0.720218889912411	73
0.124307358776449	0.384267162620378	75
-0.062260060734699	0.356321956303925	73
0.122980587060032	0.652100627310851	73
0.019211703584601	0.602072852300154	73
-0.054273053414396	0.88403394298136	73
-0.109996027400674	0.679923017458327	73
-0.083008252386018	0.64392370767863	73
-0.105332362383594	0.482527822750814	73
-0.102224372189688	0.4686898441534	73
-0.05792191977079	0.601531731165897	73
0.0646053290734711	0.849935711318926	73
-0.051691396749296	0.352151731592343	73
-0.014674577864374	0.512408400075655	73
-0.031894396056571	0.421458531412015	73
0.109004155777126	0.286758401658841	73
0.103815405788893	0.272230046720672	73
-0.041029226489728	0.449840224464134	73
-0.065385025666596	0.430955454390451	73
0.057559898764161	0.984927102881675	73
0.01419389911934	0.858499205020067	139
0.12396078264066	0.382838179462388	139
-0.053782614030505	0.35544367551385	139
0.071056553089948	0.647558963299591	139
-0.051986020456926	0.510666398581843	139
-0.043369757731248	0.609069157276964	139
-0.00293946129970302	0.86997714680162	139
-0.074896399929538	0.769575395813556	139
-0.102196750035818	0.665521471409878	139
-0.075244612698636	0.730310779177528	71
-0.061593662571277	0.587057321759607	139
0.0548666031135791	0.36369662398572	139
-0.111282637070222	0.346344248206848	139
-0.082208887473027	0.248915850794463	139
0.00868404089161301	0.550394937175504	139
0.032920764071829	0.542159876242637	91
0.020902126541604	0.680097720970265	71
-0.051204704714163	0.513238838385573	7
0.105540363795595	0.196883836529778	7
-0.06756888078088	0.339435010042885	7
-0.05099027943335	0.160081878287683	166
0.066265050141938	0.472701630899693	166
-0.038871345416815	0.81146030248593	73
0.037162980910639	0.848805028060118	75
0.027415500690945	0.544813281853953	75
0.092726834430348	0.63764888156197	73
-0.042901259571333	0.654356427258029	73
-0.029546253324892	0.571634648653164	73
0.00108955257418197	0.908851918398767	73
-0.029229392923867	0.987087986375428	73
-0.122737239040595	0.575631898095644	73
-0.069789831586461	0.661709264647007	73
-0.115343662130497	0.415674695301682	73
0.074403265173399	0.617626860675064	73
0.097819021660774	0.736811822980039	73
-0.073388415036671	0.338256280354516	73
0.0484722625397041	0.744466802443321	73
-0.080826219791508	0.66531289504267	73
-0.102048038669494	0.568442109642106	73
-0.082316060689673	0.605655102547472	139
-0.07072209477553	0.577858330141258	139
-0.112842339261883	0.542485356522419	139
-0.116773503706252	0.422344519098337	139
-0.093736852996917	0.350306135583566	139
-0.061377163453151	0.415893200459694	139
0.01361537296823	0.624504563325771	139
0.012656348236014	0.664185651778935	139
-0.115989802728236	0.438056600011184	139
-0.00675902204434298	0.638119938606671	139
-0.060496058157617	0.551828701730522	139
-0.062851830125665	0.786865672848038	71
-0.016908388694125	0.437189730928559	139
-0.114359933762119	0.244380140077891	139
0.071452147547959	0.763752043241883	139
-0.095343353715002	0.57768380347297	71
-0.048506637933935	0.493862512518282	91
-0.00225762475621699	0.665046424620774	71
-0.075536504885639	0.515069301630445	71
0.041259396563202	0.538237719318754	71
-0.092408946345149	0.435396179407951	71
-0.123033189857271	0.344297258554521	166
0.039393695473346	0.463007874496663	166
-0.116172653522573	0.244252694304894	166
0.03183959885563	0.711779838297236	75
0.084615671115851	0.738006998495929	75
-0.092082589097179	0.430768185535014	75
-0.084994777591382	0.415966318585825	75
0.0530441802113421	0.713481713920341	75
-0.084054424472483	0.34064025320341	75
-0.089521763376503	0.246128881255135	75
0.118883414895248	1.24499410336276	73
-0.109286892285712	0.625685345427554	73
0.029229575365155	0.773344415040674	73
-0.118828704874985	0.597825203390245	73
-0.027574959263695	0.802497703114709	73
-0.045948584052481	0.665668092186994	73
-0.025514125602478	0.496697788137611	73
-0.00819576900117303	0.357294497014426	73
-0.063757495093102	0.353515303214171	73
-0.040402029185145	0.610454305340204	73
-0.028638314458657	0.755179432190928	73
-0.020899296131159	0.590164447659677	75
0.028645652409833	0.45927835389924	139
-0.116390077361178	0.427286627629309	139
-0.039602212416388	0.34853878764245	139
-0.087155789149575	0.508274617200011	139
0.00806771731199896	0.732955466498926	139
0.111646460006794	0.976340276623782	139
-0.085037244195818	0.584103092630409	71
-0.00232567522418797	0.607601733981194	71
0.11231124831146	0.277687092498273	139
0.120268953079818	0.666699427868096	139
-0.076481935003453	0.62344669677557	139
0.123188900517793	1.02870664976642	139
0.00332102165733394	0.545252842706542	71
0.022882645168076	0.799015664994567	71
0.047019361222316	0.767014077575918	71
0.045486715305688	0.60307668546882	71
-0.071889211368333	0.516829530545735	71
-0.098936352302724	0.432100071160464	71
0.098776228852576	0.64980277981901	166
0.02095153008288	0.365720022725915	166
0.019054089238646	0.261079306299839	166
0.0975192221286349	0.553909481356095	166
-0.055084717147045	1.08424563735821	75
0.099755175525634	1.56066471503221	75
-0.079342024617511	0.751457301982615	75
-0.058932645398137	0.585024338145332	75
0.116806744698331	0.656095792851355	75
-0.098284100512316	0.343623392063787	75
-0.0259903398694	1.05816591698229	73
0.0897857741950721	1.29965744946608	73
-0.021488804859454	0.942217672204954	73
-0.09263552478308	0.718878742514818	73
0.042049917762801	0.79337956020344	73
-0.016949221339648	0.506731424264064	73
-0.014459130030129	0.499876024001396	73
-0.102914003857999	0.426763751122649	73
-0.052094198677255	0.353853623788895	73
0.11479645466951	0.371456567457227	75
-0.055150701397471	0.34294527878289	75
0.069481901065795	0.558856547821376	73
0.09910946366569	0.472925313094789	73
0.10533592329365	0.585119953742285	73
-0.061504294352008	0.659067742169597	73
0.115789043366396	0.74583478816367	75
-0.086700602857053	0.400877687090338	75
0.08710694895537	0.884882364345581	139
-0.045941146823125	0.683765875957484	139
0.019766378755491	0.768610596691735	139
-0.065967834894826	0.751570132505378	139
0.105311854237816	0.583841571321145	139
0.118877253545003	0.388543902033477	139
-0.097909830482941	0.316305593073049	139
0.102295892131212	0.580920663870496	139
-0.003834016568803	0.459919279634167	139
0.028077937574301	0.632878084712652	139
0.082274399420826	0.818374960988822	139
-0.088714667979916	0.513326604239491	139
-0.00911377301196897	0.673517425075391	139
0.01017001967036	0.847275213749825	139
0.0435474040628679	0.638196310926082	139
0.00809342362008303	0.542563205610837	139
0.104520427947928	0.477144690655229	139
-0.035074232212728	0.77353782631775	71
-0.071066004627088	0.349280085622582	91
-0.08953432108869	0.5213876619621	91
-0.101895565950356	0.426624594122938	71
0.0514382892385991	0.924357802705405	71
-0.00866608663969398	0.656317535386995	71
0.00612086107652399	0.695128366726272	71
-0.070739566639764	0.507878428946502	71
0.106984256699458	0.657262136309902	166
0.12165223215236	0.385742624475387	166
0.023026019381616	0.26796864804726	166
-0.031255512465468	0.321607984713469	166
-0.084046235300072	0.245990138249336	166
-0.121389356242623	0.233818310282818	166
0.113043079737348	0.651185745864249	166
-0.115828531449829	0.423192140583689	75
-0.026381207950931	0.480507149198627	75
0.102963175716935	0.994309725768302	75
0.017661289763666	0.455539327920839	75
0.013703178661705	0.25881596286812	75
0.117347092700166	1.51316629283593	73
-0.005375890172785	1.0044595991788	73
-0.079737788424575	0.859177649706351	73
-0.048786335729511	0.757205412989798	73
-0.077987238905776	0.574001518095169	73
0.020794170821654	0.365645845090958	75
-0.09430071323347	0.642863208698276	73
-0.076890767043882	0.83414827938405	73
-0.096250641540451	0.48524729807204	75
0.078536960941517	0.717541405783786	139
-0.121379756080248	0.494241067547542	139
0.098034896642167	1.09786588640438	139
0.026864293788787	1.02222769745781	139
-0.092031946068978	0.67628366069441	139
-0.093209124265105	0.674979777498245	139
0.064585918693965	0.373976736821692	139
-0.122318627731657	0.232183079860104	139
-0.022623864665544	0.426304978859887	139
-0.076567503492559	0.339516607448201	139
-0.01930939900289	0.439940878927897	139
0.10510025853983	1.01760285445705	139
-0.03075864039713	0.941086945364489	139
0.123151680767803	1.115214075112	71
0.120942579040036	0.376351746928114	139
0.111928568150286	0.567022051888559	139
0.046303506049439	0.749122721791749	71
-0.043176624273914	0.24991402080134	91
-0.098699153957745	0.334579029492226	91
0.102828765508626	0.810336827482503	71
-0.11067206887526	0.431035327803415	71
0.06525107528643	0.771417180244673	71
-0.11240821770927	0.435664148942498	71
0.056230438143917	0.552136357943916	71
-0.063545260653191	0.35005748505451	71
0.112880552163609	0.732434376021701	166
0.01807503363199	0.352898130286182	166
0.021334628235443	0.511330622572439	166
-0.049796172893354	0.163954801888234	166
0.104818692519225	0.191704651936722	166
0.10738590334938	0.284218486173583	166
0.114875476237561	0.371231704388903	166
-0.081335334240408	1.15980861295571	75
-0.060334308102483	0.700032131682389	75
-0.039632352677461	0.958122701744901	73
0.089835105726334	1.33113838851126	73
-0.058858355589727	0.857163698177379	73
0.00574697566017601	0.655184815333603	73
-0.041246459946415	0.513453502560026	73
-0.088742470606921	0.246190362381173	73
-0.10384559301179	0.352048339830078	73
0.107250832690915	0.284325648817411	75
0.091075200512186	0.738421430239645	75
-0.00965291352258602	0.680118172618889	75
-0.113544786387994	0.50883154857664	75
-0.040417715710633	0.235552381542032	139
0.033962486427059	0.705140420196071	139
-0.036998813975527	0.510788151037752	139
0.1008150660734	0.880609745647208	139
-0.111655992870863	0.508203893378986	139
-0.110018131287731	0.504027292657567	139
-0.00316077683831501	0.903910805766826	139
-0.081699489362737	0.341719295745589	71
0.059764743653103	0.561577735454736	139
0.011698988148597	0.357823479450395	139
-0.021447683283251	0.648028011924992	71
-0.038283185578308	0.354870914081533	91
0.066838071310403	0.789440470320397	71
-0.016150787185874	0.600306333224498	71
0.117341102928423	0.933960295910083	71
-0.00425105370434697	0.593967602700004	166
0.011913760001184	0.257174825088047	166
-0.120567714407909	0.244172728305811	166
-0.025682792764963	0.439886991349964	166
-0.00622136915278099	0.544440394389629	166
-0.08626252656203	0.344091855821908	166
-0.058734086718589	0.160049362864785	166
-0.000962669646115022	0.359956925521796	166
-0.018052808005403	1.20517919990853	75
-0.05937049575684	1.13307452200258	75
-0.105435809474963	0.766684864666736	75
-0.110582515638959	0.72974331385831	75
-0.036313163952168	0.691760719076997	75
-0.096309859488824	0.407020814602239	75
0.054134385032804	0.634898221880832	75
-0.117936329027925	0.245327283242083	73
-0.11912514083549	0.79206629421602	73
-0.000700722723447012	0.609383254529071	73
-0.00935818400585298	0.677515715774431	75
-0.084681154810507	0.247728707908133	75
0.064415515681007	0.475665954804138	75
-0.039064644601502	0.241018978802623	73
0.075667948153007	0.762710405943552	75
0.106777200851013	0.822498067278983	75
0.095433284150484	1.005976769588	139
0.014261545012096	0.871623634584801	139
-0.066383779281529	0.734937293274216	139
-0.060743037800214	0.481880997602801	139
-0.034277013311268	0.953749475515344	71
0.108804395190665	0.891887231157433	71
-0.054118600405652	0.601859674923166	71
0.068445650774429	0.374967747623688	71
0.10056949738966	1.18101371291396	71
-0.086512706057491	0.664736012517222	71
0.104609109913132	0.47867005462826	91
-0.114789560650078	0.432068420383188	71
0.040868614634345	0.856721129823871	71
-0.00368547744664999	0.736371058727066	71
0.045696287426926	0.706682785065805	71
0.105540363795595	0.196883836529778	166
-0.083762381090024	0.248563908861583	166
0.024804157587342	2.03563394721186	75
0.0559284545533521	1.84175623574359	75
-0.087710810585237	0.891347197237126	75
-0.099480284159367	0.745136397853685	75
-0.076993441320908	0.432105965930868	75
0.0551723739043291	0.342666631269903	73
0.108127525175118	0.286693576818328	73
-0.00983916433918802	0.471136577295186	73
-0.049667234933752	0.337729033843234	73
-0.072390992567787	0.92538538753519	73
-0.020434807823867	1.06877191348717	75
-0.122567234838371	0.750197097496918	73
-0.124248254044649	0.690733934775087	73
-0.087666201630244	0.436729813383198	73
-0.063700495455613	0.683628281527922	73
0.099378920844673	0.657413610324054	73
0.00924601481268805	0.246285355639304	75
0.018562780582713	0.264445159356791	75
-0.049796172893354	0.163954801888234	73
-0.097608810513882	0.492723970512495	75
-0.027185970732359	0.606378463175706	139
-0.097101256680886	0.510797352802842	139
-0.033856467406689	0.600192652297085	139
-0.092413498896414	0.466353863405863	139
-0.092748684897666	0.587569007293807	139
0.078809308249943	0.795455792902301	139
0.012142736195613	0.832131507617863	139
0.016467415200395	1.04430050683318	71
0.112175184924302	0.278578867241966	71
0.0980867132565369	0.263834279714547	71
-0.090672264370254	0.414882239760335	139
-0.112106822282188	0.241491398428336	139
0.11539244271945	0.651377386936299	91
-0.094711051807084	0.528454703132093	71
0.047799535540582	0.806712961567838	71
0.113309882352769	1.07154526109655	71
-0.073979106339436	0.563993048718128	71
0.017682472137202	0.623663313295139	71
-0.093036617777098	0.510306481885844	71
-0.10264661626886	0.432232990960576	71
-0.00849838062576003	0.449305992012156	166
0.113207186893926	0.650265774092711	166
-0.044974667547525	0.2471944075548	166
0.068398814825046	0.481501212708132	166
-0.00194419642212601	1.38734279650021	75
0.0537296993488799	1.52460082915074	75
0.104569699850876	1.34553789841624	75
-0.101656361383813	0.502307482428755	75
-0.041194446190903	0.528940825437535	75
0.012060734863241	0.466353424832778	73
-0.033027165264979	0.737804421500887	73
-0.037390800796673	0.995124211188202	73
-0.000661225776340979	0.893878102477018	73
-0.064464685826706	0.632428764644952	75
-0.015956645143788	0.676740437143157	75
0.00886621628916096	0.457391976934968	75
-0.069955862378367	0.434037862143899	75
0.025030960939172	0.360326313595994	75
0.016108470933444	0.252246615449612	75
0.10320803681388	0.281778725345855	73
0.098691411110096	0.487820283849855	73
-0.025613580987812	0.603065300829271	75
0.04468787009456	1.03132775861307	73
-0.096935323569218	0.690918643370855	139
0.041120557132422	0.7034394014601	139
-0.099758404132357	0.347387595899169	139
-0.04343473249046	0.245460434085098	139
-0.020353957757535	0.349779293815566	139
0.049780603917312	0.561373858961052	139
0.0603056115169141	0.804309801340289	139
-0.085572544967117	0.60050388052519	139
0.0529927859471821	0.982141722702767	139
-0.013761133680747	0.831351997042852	71
-0.098719137274691	0.654024420538081	71
-0.025960903105877	0.938968386799715	71
-0.058101102885405	0.571375350429868	71
-0.00121818399017198	0.680857321419429	71
-0.083390272954687	0.339886537634157	71
0.068945688407273	0.474270310681097	139
0.023278637594642	0.260574660457232	139
-0.00488322022114102	0.851709984667432	71
-0.011226781889067	0.890852837261858	71
-0.052455241397111	0.816811787179163	71
-0.038210248478309	0.83940339583162	71
-0.10499727461351	0.411534304621384	71
0.023696531234483	0.368071764086516	71
0.00798524740417606	0.449421744631043	71
0.00939013175354497	0.671125709118831	91
0.046036639080002	0.758708541524733	91
-0.037324999241351	0.589867323837006	91
-0.115279265294339	0.421389437176727	91
0.050891337802382	0.765418142486148	71
-0.045306331346219	0.158180702731999	7
-0.052173600451902	0.348829370413633	166
-0.078368046985163	0.250059546325834	166
-0.061201166533814	1.19721429321718	75
0.0110523636200081	0.542015112748505	75
0.033587663000778	1.3075860064501	73
-0.024001463044436	0.805404739857896	73
0.074902927638671	0.802963939258948	75
0.067741946272009	1.00531125750217	75
0.04681702830136	0.716424409927811	75
-0.015325988093651	0.76456978042645	75
0.072902673692667	0.364122873286438	75
0.064195277410723	0.479382384781566	75
-0.055047950567545	0.160476366144499	75
-0.099878819971311	0.340615921446337	75
-0.124165746080645	0.659357089075901	75
0.010098175255272	0.908691289158557	75
-0.043173856819688	0.445292862800063	139
-0.121790375125036	0.391597399886707	139
-0.065384767055309	0.445637663105024	139
0.0982410079991261	0.662292179539412	139
0.061508473029802	1.15869174951028	139
-0.020977372110388	0.880322710774306	71
-0.097807992316401	0.744804406745746	71
-0.041785839193547	0.817120875456149	71
0.00812305522563706	0.450483138365739	139
-0.079145052308519	0.249171533661285	139
-0.098182464531099	0.572464295473246	71
-0.068441528955505	0.697512561083065	71
0.00836389733948595	0.920587618783204	71
0.00797236456074901	0.237047521290035	91
-0.035639880605491	0.663272941113297	91
-0.035913453715135	0.75682254563699	71
0.010962706025159	0.740670790284082	71
0.035749308236699	0.676747717234297	71
0.043450425043613	0.604233796544375	71
0.112939847899499	0.360206228714668	166
-0.121311764923593	0.345370704835141	166
0.09837866248124	0.463791203758675	166
-0.103643261317637	2.10129241377812	75
-0.02209806608539	0.885154919730224	75
-0.075678017572822	0.582915476525048	75
-0.010031631554912	0.763560764598477	75
-0.043711185694461	0.817297281011918	73
-0.094374759077804	0.589222035160196	75
0.085860269494777	0.957098225270327	75
0.027925286724983	0.822168687399577	75
-0.081155045585227	0.610220973849641	75
-0.106721823055238	0.500706664772437	75
-0.102129585551109	0.713827162091578	73
-0.072568664082512	0.440761957261064	139
-0.00546207987920599	0.850312683572443	139
-0.012942271292726	0.857162829384529	139
0.102331716700272	0.278866831967367	139
-0.121312980608921	0.337326070698283	139
0.060552255807524	0.46543036086348	139
-0.00542318983434798	0.516172276146387	139
-0.094220291496737	0.639508782086975	139
-0.030473380319012	0.908166469754357	71
-0.039765396468267	0.884820452640579	71
-0.030687137452533	0.887852310721354	71
-0.015352178635949	0.348359207002795	139
-0.118919846624315	0.589058831595495	71
0.060045853240594	0.914619214871705	71
0.011679286068065	0.731631294750811	71
0.091295986187776	0.547868643474287	71
-0.059643305699675	0.159185418917069	166
-0.042515210734443	0.247402745917619	166
0.067244224116781	0.690929922936308	671
0.011474790509412	1.2361352309405	75
0.016162755327031	1.13322419634429	75
0.00361478247799996	0.86547070709169	75
0.112590053742092	0.571830511901153	75
-0.059451327535435	0.739089928553695	75
-0.022658511654526	0.529704134231281	75
0.05580187947764	0.364579338064608	73
-0.015087047147671	0.361970218676622	73
-0.024348710026168	0.456129191233943	73
0.078681195058222	0.565200270095556	73
-0.097929923511374	0.664925835171891	75
-0.00427384837210898	0.906660670173895	75
0.00586146517889596	0.455596660369308	75
-0.049955037974487	1.00861055552305	73
0.004439586917385	0.751687343598613	75
-0.112432757060966	0.648674120004688	75
-0.105925072636901	0.647457874140138	75
0.01105654573626	0.787463282931823	139
-0.050720055364752	0.694948315292124	139
0.016321381770055	0.361651246503887	139
-0.054464228383366	0.348303181591068	139
-0.021434520116566	0.534879960479124	139
0.055569955822133	0.349034587049395	139
0.066577226274875	0.368710808443748	139
-0.050733787771854	0.51870877169276	139
0.09781711681329	0.877210457187077	139
0.015536607561545	0.953321829963267	139
-0.036478120569922	0.809410539005826	139
-0.024207881855317	0.827390140618577	71
-0.097165697393065	0.680501759054846	71
0.00514223298174799	0.840374544316424	71
0.011477984438382	0.70563886778262	71
0.109445790014745	0.192936241963981	71
0.079099883249622	0.782117927062085	166
0.105326892600321	0.193060090298176	166
-0.038358545986975	0.254282369656206	166
-0.0977043815936	2.03796092037544	75
0.04914617765414	0.561744960719173	73
-0.08371647984526	0.441602004979289	73
0.014653273573474	0.546208393558903	75
0.00704941665387804	1.12838645728558	75
-0.07297094061324	0.6645487651257	75
-0.063229858278966	0.698979695053147	75
0.035996707868196	0.70349828261504	75
0.111521825548027	1.12796071410009	139
0.056095716638092	0.71449873799135	139
-0.102821988593874	0.481262096715346	139
0.09837700899628	0.486266506204756	139
-0.089902624126321	0.428857941455791	139
-0.029025945808389	0.673021724574631	139
-0.050323677572563	0.681202092856418	139
0.105433660283656	0.970996246152734	139
-0.100120436859055	0.576199718751559	139
0.041042070381313	1.16891794071228	71
-0.021097457776822	0.515215938987946	71
0.081947137505019	0.641416096962663	71
-0.032059726797327	0.768770326313491	71
-0.100646016440373	0.564252311878754	71
0.107888619258167	0.960411634431334	71
0.046360577955499	0.778303484812898	71
-0.108072986825946	0.54765276510024	71
-0.08483644084331	0.330454106967848	91
-0.05643083165226	0.633967431888942	71
-0.071090072266933	0.496240656328845	71
-0.085971087798186	0.503583321538903	71
-0.03652383533039	0.572156281969154	71
0.020980712835181	0.364810159632867	39
-0.123361174611453	0.481063881600392	166
-0.106548298962152	0.350408182577958	166
0.117952880017596	0.385378569000664	166
-0.086835925595069	0.240853932500459	166
0.099218629260452	0.483588675257022	166
-0.056020193560679	1.97185160637325	75
-0.06717053258418	1.34184768447416	75
-0.020064672542017	1.2494717412132	75
0.069328602853321	1.60036904203842	75
-0.00434391696373199	0.887199040469099	75
0.070799166923218	1.37382964968308	73
0.042454845984494	1.19863448367392	73
-0.012490786808846	0.522211229659693	73
-0.00873317913019001	1.33717987154651	75
-0.082222478911787	0.418967019336125	75
-0.008965876596507	0.458494721989813	75
-0.122698631766509	0.436291931041797	75
-0.077075108274644	0.56107835941876	75
0.030831467930173	0.634325696874281	75
-0.104312254362462	0.616565861172488	65
-0.083385666587548	0.678742627383085	75
0.0923629561034	0.567760660066415	75
0.013543765679693	0.620160759231249	75
-0.022632012858489	0.333496036757974	73
0.063522480114285	0.36041086593426	139
0.120098887181962	0.747193141552978	139
-0.051872465232053	0.438443620815651	71
0.109352415557977	0.482264355109866	71
-0.117710438427904	0.243849854849285	71
-0.011215676207007	0.949021039144115	71
0.00181366525295701	1.08076642790869	71
0.055530490748807	1.28120769054472	71
-0.106024574299383	0.244484719748039	71
0.017662879200575	0.36932649233886	71
0.092930757980218	0.566170198459222	166
0.116008282684062	0.377923823481406	166
-0.055047950567545	0.160476366144499	166
-0.043395796858088	1.21735004109111	75
-0.080377931402173	0.724588972747375	73
-0.089363685509031	0.814638978189247	75
-0.050360571897852	0.875074442832588	75
0.014210376366943	1.17173083545497	75
-0.057232135009035	0.765927857482417	75
0.048578474560701	0.85649248317489	75
-0.058998026113105	0.651184540332342	65
0.03408997957952	0.633586698971215	75
-0.078268341713645	0.642087172918909	75
-0.041964896526435	0.62725383158175	75
0.033673526380412	1.05603714297458	75
-0.069394681063847	0.667639807306982	75
0.00358306984849899	0.712006171899486	73
-0.113501361472762	0.548119418148193	73
-0.110590059379553	0.422238100029493	139
-0.070517233654758	0.511516015962158	139
0.042171063561089	0.77797077920033	71
0.122850793101435	1.13482226657691	71
0.0672832515128931	0.626675456231305	71
-0.112255147624468	0.40838843774086	71
-0.088608366043698	0.428583345345754	71
0.00427887674897598	0.600554374710282	71
-0.111345883329084	0.347559749136352	71
-0.06618392603437	0.351696464884077	71
0.099769924635461	0.865472715091508	39
0.061498793886411	0.546391775823915	166
0.024645032728421	0.368249874561201	166
-0.109027762985261	0.424383144446822	166
-0.01635007807099	0.352765211270221	166
-0.017220945161161	0.343467695341359	166
0.0307283381493531	0.459284704218997	166
-0.065494640876798	1.74138337881616	75
-0.09708007029911	1.21677362015544	75
-0.026808698170844	1.25643372489403	75
0.118199885931003	0.651595771673875	75
-0.069719535616256	0.345719947449935	75
0.022935807337656	0.761445682388026	73
0.053647859303133	0.774407929069811	75
-0.055317499366627	0.981782335069098	75
-0.042094599897515	0.736373235330723	75
0.111777622339332	1.39311388223328	75
-0.016826362909345	0.829817778232143	75
-0.031511325024109	0.974359598400432	75
-0.090888809884028	0.757892682891896	75
-0.053248613990046	0.508043447325173	75
-0.057595217612684	0.444102693223028	75
-0.082428416185057	0.247796448201059	75
-0.120554318647388	0.329189178876469	75
-0.059395130517377	0.419167586761505	75
0.0135198463206	0.618459619288743	75
-0.106836778333512	0.678841324917082	75
-0.00156588248804301	0.764999539225915	73
0.100496353987162	1.01046681599008	65
-0.032752067464106	0.591035668516493	139
0.024711370240455	0.620509206702672	139
-0.014328378504235	0.363720423023699	139
0.088654818560494	0.889450201947875	139
0.116858354476799	0.902170904413575	139
-0.086306514117021	0.582140307964027	139
0.080138484526209	0.91732981137105	71
0.019917756723687	0.706136622277237	71
-0.091682242824214	0.58689172335904	71
0.033053463521415	0.794513428616563	71
0.000354834375214996	0.545641113340207	91
-0.089260568984356	0.504123547283339	71
0.097794726831682	0.725648913366594	71
0.022367075016733	0.538804827002675	71
-0.113695064219769	0.412190445850588	71
-0.082839431999174	0.412043370166459	166
0.016373404257088	0.260679505826432	166
-0.086142938490849	0.238684421389207	166
-0.011658300047977	1.85162272170496	75
-0.067369337239993	1.27807040705661	75
0.033065498120802	1.33461870829832	75
0.0951568584676919	0.575367816952978	73
0.103673534367727	0.817268124170879	73
-0.034153480031333	0.789596942838172	75
-0.068619729227585	0.55398677726504	75
-0.055161796967021	0.652905466924892	75
0.048204345489872	0.937910081416072	75
0.116512428231511	0.926412654411001	75
0.078086883918596	1.01391907368673	75
-0.075444768646082	0.578847399827969	75
0.014357168167962	0.907866033120534	75
-0.031135602761712	0.67117682353103	75
0.00771703412997704	0.842075946540708	75
0.097079368696085	0.571672481858186	75
0.0210950807896571	0.265624108150651	75
-0.036585757048232	0.697954156598148	73
-0.111347693598935	0.580933227910028	75
-0.065263406563851	0.581366100289543	75
0.018222124861903	0.529765801564595	75
-0.043620828387795	0.52302827845403	139
-0.03392682874897	0.640726654805568	139
-0.062776474709989	0.593005351410828	139
-0.00958998575790498	0.451876399594385	139
-0.113521000007081	0.428577662585984	139
-0.00748737485770401	0.52266525292078	139
0.026104831335286	0.543775599760997	139
-0.063163142450351	0.517603549604664	139
0.00681127926885905	0.626625555726455	139
0.080551643642069	0.698489620836629	139
0.052693425334193	0.711155479334633	139
0.080283604224074	0.859303062990479	71
0.00134090860839398	0.520848952432772	71
-0.010631117783326	0.595225723337345	71
0.022988338978287	0.609143312281618	71
-0.0915258102773	0.585076155702675	71
-0.014117399015947	0.366168598658535	71
0.074494262136946	0.783508799613805	71
0.0657916833655841	0.475927331671554	71
0.031532364426068	0.599262012078582	71
0.078205912007082	0.575373522645299	71
-0.122697008634663	0.417039385028191	71
-0.051296255055827	0.339865363019339	71
-0.037719376673856	0.432625744220121	71
0.0277462222224391	0.265274260150758	39
0.10329968435467	0.590119722308593	166
0.018159904579824	0.262328204106373	166
0.106255850178419	0.248534311447584	166
-0.01994709256251	0.347245428372741	166
-0.102853621709908	1.7230482742646	75
-0.062712542999476	1.21322712864072	75
0.117841637931906	1.78950298213713	73
0.00377588397672901	1.09109939567672	75
0.044480969607342	0.858283929073399	73
0.016905133628204	0.91307382752839	73
-0.06729637929805	0.417535334608049	75
-0.037268913194946	0.662963186683883	75
-0.012946701330551	0.835117542555842	75
-0.068870619073093	0.67324378696099	75
0.084994356222171	0.957553072203014	75
-0.123457870310404	0.344882156490199	75
-0.050182136855938	0.436650539011228	75
-0.121993872287626	0.429408189649961	75
-0.074824111887618	0.640528644163263	75
-0.108542678560898	0.586296943613018	75
0.065086759453904	1.00934759101863	75
-0.112511870904945	0.418878192465338	75
-0.093665707227469	0.58439382746852	139
-0.031618214347338	0.451049863946281	139
-0.00100889405771099	0.615488934899242	139
-0.036839052742013	0.451233216767031	139
-0.121952229993417	0.428833413577422	71
-0.029208164929017	0.511248712120767	71
-0.08187500328963	0.482707421001982	71
-0.027676808387421	0.762331006660617	71
-0.118109078413197	0.432356350066842	71
0.05581034847091	0.767454594853476	71
0.039382584062604	0.671422169721035	71
-0.043407624662225	0.484577705188281	71
0.063263284561865	0.478357963826581	71
-0.060504715639707	0.436307860372723	71
-0.112024071778831	0.244218405854	71
0.082168453674588	0.656058745459454	71
-0.079593436711487	0.5005690538526	670
-0.089499246805041	0.348427531856895	71
0.01785129150552	0.36585345899599	71
-0.098117595789841	0.344308873131262	166
0.113785130822053	0.643337190361912	166
-0.042665330293794	0.240204890629899	166
-0.119852397134552	0.235562860757491	166
-0.08739885607923	0.241971483495773	166
-0.040367714694056	0.35225978094896	166
-0.090227020654938	0.236912050381245	166
-0.054174733572844	1.19656515570318	75
-0.120719496615699	0.638960299062743	75
-0.022103720036966	0.857989290563238	75
-0.053587213896539	0.87975057361082	73
0.02878261066184	0.859258465159165	73
0.00566326957279395	0.90840162029411	73
0.015429965669375	1.16226881218385	75
-0.044419774504682	0.439335034962631	75
0.094228113010841	0.55408769311928	75
-0.082146013006454	0.248675794808446	75
0.0971339279364259	0.463439095627168	75
-0.069089845336752	0.346447971200957	75
0.106592363296791	0.80331699479741	75
-0.099253611249947	0.427339718292039	75
0.016816279813359	0.626087463502364	75
0.019823740612512	0.610570581275812	75
0.0109723007909009	0.613543559542772	75
-0.04432655210174	0.739801607986983	75
0.068404617053879	0.956825008906039	139
-0.096178640292654	0.349606050014667	139
-0.044224672180968	0.653338010223304	139
-0.031986381544221	0.553659834251449	139
0.01807503363199	0.352898130286182	139
-0.009793172657588	0.344553561136263	139
0.062312333839344	0.371098546373858	71
0.099409751005708	0.576579968699584	71
0.018853570513376	0.36790372194839	71
0.103966326716629	0.494995837800715	71
-0.00236039338479299	0.358758983870054	71
0.013992627270847	0.356640810691934	71
0.01724664880967	0.977558140045967	71
-0.106530192389786	0.493541096438619	71
-0.081441826156199	0.322458320489634	71
-0.01234918783004	0.359397477537615	71
-0.094998782500758	0.225797920008679	71
-0.11876158775303	0.235837963034891	71
-0.118155314299667	0.235416382751005	71
-0.041601787241557	0.447570917393552	71
0.001660922410059	0.757101574219017	39
0.01028472566957	0.44267307760191	166
0.102412396051523	0.477394577264885	71
-0.029746791290585	1.741136691074	75
0.052808506876153	1.48063363400019	75
0.0678797110053741	1.60181094452512	75
-0.09686251587123	1.34536244977348	75
0.116560384462848	1.96981836585058	75
-0.079418970272742	0.843766059340918	75
0.00618837569341801	1.24294083283284	73
0.02827002717525	1.06700035399581	75
0.044816958582894	0.384387422623621	75
0.123750041898019	0.568924814571097	75
0.061815392634847	0.715154699498955	75
-0.013222973696083	0.621267629310439	65
0.00554810618743296	0.73666234149983	65
0.0594663605670131	0.879361614555906	75
-0.112174190847499	0.481603928949841	75
-0.046475596883172	0.793536153523583	75
-0.120541616451125	0.523743925951763	75
0.024287966227029	0.623022819765437	139
-0.108512206818699	0.708312216984224	139
-0.066089820747807	0.351884897883491	139
0.069690984078592	0.370294893501127	65
-0.11689937356798	0.618393367675308	65
-0.070252345797793	0.39999763684522	139
-0.107392702006558	0.495254511193067	139
0.063677044432498	0.550844744346463	139
-0.051715185497741	0.235463777474626	139
-0.058320251771878	0.217243198234822	71
0.015260706952691	0.643218888204469	71
0.013703178661705	0.25881596286812	71
-0.099835998714682	0.342007212664445	71
-0.014132220983314	0.359237414314843	71
0.022273605996244	0.264871243203607	71
-0.047323329438653	0.246603660460071	71
0.105540363795595	0.196883836529778	166
0.099882495694625	0.189802499735134	166
-0.083332145553537	0.986731637394787	75
0.028958258395653	0.688342909014501	75
-0.114781598523747	0.420740327073106	75
-0.092567446227653	0.420931376430933	75
-0.111254891269499	0.246547884829709	75
-0.010899470435675	0.658747013342277	75
-0.102435080974054	0.486833770636781	75
0.093980849832897	0.945144386834158	65
0.029541229437946	1.00236566678869	75
-0.109099550852559	0.32708218259397	75
0.082028937622033	0.864117057001021	75
-0.037586279122826	0.255968687792118	139
-0.014117399015947	0.366168598658535	139
0.068336172686163	0.373393188650621	139
0.064985642207133	0.722783499762854	139
0.00959967988106503	0.527733607817441	139
-0.124788874759834	0.422781648873008	139
-0.071469933841211	0.498648660796872	139
0.093741917659229	1.25943038273453	139
-0.030414987057898	0.31594971586487	139
-0.080578601330431	0.34440688162103	71
0.011099968335876	0.341480210197977	71
-0.036135207844744	0.363848944767776	71
0.030542578156709	0.446339431968355	71
-0.083904236672362	0.24862254303294	71
-0.109931146225345	0.395857745617353	71
0.039369319307484	0.787873287335084	71
-0.021855781705175	0.607180334376949	71
-0.121690420055886	0.732495652439684	71
0.021347436629134	1.03387943680785	71
0.0387340271855	0.461340049584392	71
0.027463085589999	0.36670696109035	71
0.073706692249137	0.573670547656162	71
0.107250832690915	0.284325648817411	71
-0.104329446939345	0.242101723438402	71
0.011159172120576	0.255130444260639	71
-0.040284535316779	0.255406403236934	71
-0.111772928176762	0.444031810032284	71
0.00902324060188697	0.758354453376275	71
-0.090462574449165	0.240347259083773	71
-0.087469958026952	0.240728467291203	71
0.082277633092911	1.22705738935922	71
0.100083277523817	0.185277932705371	71
0.104960510267326	0.281862438284125	71
-0.05269375213788	0.164143493470563	166
0.091740003143326	2.4678741914396	75
0.082635633258686	2.33788505728176	75
-0.111849416400435	0.669358143601971	75
-0.00778228700524902	1.24445220472444	75
0.078840777518864	0.891090374175492	75
0.0447278354155301	0.928259776401701	75
0.028134257145518	0.924345972412325	75
0.033444708916624	0.890699173945692	75
-0.118521667657351	0.615012878995098	75
-0.061803824874149	0.511454057387292	75
-0.085243096706122	0.518447467543597	75
-0.053852736451533	0.577028806206323	75
-0.121909408329953	0.422926682646893	75
0.111695712983636	0.899862741369692	75
0.00415181821419697	0.45317664415203	75
-0.101337667672801	0.421307470799607	65
-0.089308304876657	0.239238671436179	139
0.061814463068393	0.3645679307447	139
0.020878230177203	0.697123362638656	65
0.113154739479246	0.725023727314955	139
0.079632172271363	0.706778181137638	139
-0.020617990914292	0.605343364770643	139
0.048025719939193	0.551145738301843	71
-0.070700141057578	0.336149514657576	139
0.013351201968441	0.465872606879559	139
-0.044061055049547	0.447041512808423	71
0.015626305992491	0.453284081296126	71
-0.043197226116384	0.413718668491872	71
-0.02898086794163	0.732989324876406	71
0.05268155906827	0.565722274785868	71
0.035534821345015	1.222550112674	71
0.09097517626328	0.550922986586754	71
0.014575350120844	0.452628282861146	71
0.058720085537858	0.552818499330072	71
0.10560886009751	0.818940403096419	39
-0.107998562242825	0.436596604192991	71
-0.116238324670654	0.340818927714688	71
-0.05070255451101	0.434233579946671	71
-0.054437113198416	0.445042142022001	71
-0.05269375213788	0.164143493470563	71
0.098508508821073	0.276082141118485	166
-0.046094701593174	0.157635186954336	166
0.00882677142828303	2.22343944732191	75
0.017855990768278	1.6734527508785	75
0.052180838702002	1.52847697635509	75
-0.093079656379967	0.895832144395021	75
0.051236317725433	0.858787358464198	75
0.122214107306401	1.32913861672327	75
0.030334909690502	1.21634278560703	75
0.044823509152125	0.769860982229276	75
-0.04734911228992	0.441460454719466	75
-0.083353577760986	0.503265470571835	75
0.030669125454394	0.593919536703261	65
-0.085157772507176	0.521271074629143	75
-0.122622819149296	0.467301451258358	75
-0.10956724620847	0.569193784752296	139
0.047547660701209	0.770793421422285	139
-0.116211888353522	0.435982747005624	139
0.062258349922432	0.644064258280012	139
0.021090353442102	0.619277854462426	71
-0.08890476175914	0.696076816908636	71
-0.020231015382578	0.823869777990291	71
0.068985042074272	1.07091886371835	71
0.101074096763754	0.580983790592236	71
0.107663252869872	0.565003613561546	71
0.11664583977958	0.376710640351026	71
0.0548666031135791	0.36369662398572	166
-0.079745393562243	1.62698787882641	75
-0.00146859177929898	1.92770070160078	75
0.039175647235787	1.54033759834837	75
-0.00265661360772601	1.26685268962743	75
0.054219982708817	0.999453453077826	75
0.106657214135021	1.16408894439901	75
0.021022343439379	1.04257314661975	75
0.059164261429543	1.2162164085401	75
0.077462249268583	0.870481979040364	75
-0.075677731504211	0.505337531233564	75
-0.062956679744828	0.505490485599922	75
0.051337441985686	0.550061640393291	65
-0.034870109946687	0.581731623364046	65
0.052399400151885	0.856790723711772	139
-0.068949226692329	0.487398635409461	139
-0.059619820572746	0.433108946846908	139
-0.00934732823471701	0.529982643214985	139
-0.014198473323461	0.600344104227679	71
-0.072559098481395	0.500693585648535	71
0.054323176041769	0.627611852582066	71
-0.085961719545415	0.323465659295128	71
-0.066540302185052	0.352481488948123	71
0.044855514706714	1.74132615101502	75
-0.08958926851105	0.751967850031294	75
-0.12257662714569	0.617426263094754	75
0.019641840614597	1.01951665179906	75
0.000494795638012024	0.521356262156894	75
-0.00914253945797899	0.452795715927609	75
-0.083178231438703	0.349284837729386	75
-0.06335238819844	0.433865792115404	75
-0.113576131058753	0.500162512064841	75
0.0951568584676919	0.575367816952978	65
0.093162057126955	0.645293214211038	65
-0.098836276425823	0.573637483422367	75
-0.00373635025227698	0.891793166870948	75
-0.05704410586717	0.432199410125486	75
0.024846285301341	1.00607352154405	75
-0.050596176044259	0.517124557441463	65
-0.110526311943274	0.343735870889208	65
-0.124903246137442	0.503129534336024	65
0.056903635776502	0.78888451718826	139
0.0683321224198959	0.717779508129065	139
-0.016575471505174	0.359495139269275	71
0.036370188937728	0.461153069693003	71
0.012669101275154	0.351430259935584	71
0.085933889396247	1.10089820979971	71
0.008706798338324	0.822700897542732	71
0.00938454692324098	0.724369270507011	71
-0.042406006617221	0.249936411795638	71
-0.092305155152477	0.240847374514043	670
0.117054877397871	0.792121579544322	39
-0.120040544698449	0.535611863876027	39
0.016910638352521	0.262955097225191	71
0.064901554807801	0.375829510235263	71
0.104428600763168	0.278146459271094	71
0.107421577784746	0.566923276744916	166
-0.104922343184758	1.63592599817154	75
-0.031802128346225	2.27511386858992	75
0.121989926598461	1.65359970833596	75
0.07529494260366	1.13572695103868	75
-0.049904731973999	1.34684427701683	75
0.038779683832006	1.76057772121901	75
-0.030383592926003	0.945485883029312	75
-0.026490353336387	1.16714959695508	75
0.00926030213913998	1.0117230409582	75
-0.00994539667942901	0.435707166669768	75
-0.053483547886427	0.163543065590241	75
0.116443268034676	0.3631724360823	75
-0.06863338696241	0.347483070530061	75
-0.07881537013459	0.43370284095512	75
-0.107569569929868	0.559963989538458	75
0.052182189569891	0.557391211587975	65
-0.095960402340981	0.519971644097482	75
-0.121775627189408	0.649671930596795	75
-0.085916549632776	0.241100905619368	75
-0.044073338765113	0.773712961972092	65
-0.035349546675264	0.501378766207457	65
0.022273605996244	0.264871243203607	139
-0.087822182955401	0.248338620855508	139
-0.041477317422909	0.638149404662131	139
0.023131033418598	0.741988053541698	139
0.01875781465825	0.694136570177212	139
0.00804998005874003	0.688429736725517	71
-0.1096138003874	0.605012355219134	71
0.0126520394008099	0.358789673550958	52
-0.059929086344443	0.358405330204807	71
0.122894044494142	0.388313864335584	71
-0.099722771666124	0.497121443040487	71
0.103073749125873	0.278100429591318	71
-0.086056676061058	0.437917784714567	39
0.051572765103843	0.700938957427439	71
0.120583563742644	0.390802230926188	71
0.013703178661705	0.25881596286812	166
0.097187245132608	2.1850510707537	75
-0.018919498588564	0.975276819185125	75
-0.000685252645862	0.89762563962514	75
-0.095814793353279	0.74778251297738	75
-0.095152194170037	0.658064091450535	75
0.09538463883679	0.657401859224365	75
-0.094092371973413	0.664952384676448	75
0.021549461834903	0.461898901257591	75
-0.086432719620506	0.57965786916783	75
-0.108653340536202	0.433675345511751	75
-0.0652062390392	0.600332369822	75
0.0291740950405131	0.734576380348637	65
0.097350753446181	0.787308089628984	75
-0.00437624536199199	0.921244375334926	75
-0.124883880203422	0.495896101717361	75
-0.058133511897647	0.411758158282995	75
0.060283107323574	0.378704858853027	65
-0.071628745418256	0.336345139271151	65
-0.092710628092691	0.318540305266258	65
-0.016785815221526	0.36294262079267	139
0.067702400215966	0.365019438621328	139
0.105776101306714	0.488984881843592	139
-0.124586050833699	0.518015721069096	139
0.00312171151333296	0.592381145802311	139
0.114058885264561	0.638130454149629	139
-0.039818197439284	0.35312707689317	71
0.081259245615084	0.580653586640741	71
0.100167473055474	0.49045348876451	71
0.01172444455934	0.97859112917675	71
0.029886496391669	0.812927502552746	52
0.063522480114285	0.36041086593426	71
0.096443146740926	0.561881417112454	71
0.080546303432831	0.658502523398541	71
-0.067633936413143	0.423401620553879	111
-0.060937980256513	0.346273989604831	71
0.036561583444307	0.360490983024324	71
-0.035506152932118	0.354203220467974	71
-0.083362077464442	0.336697167884409	71
0.101982181695805	0.48200252240071	17
0.116008282684062	0.377923823481406	166
0.070091582022904	1.49586131718348	75
-0.089665821690243	1.56907859079651	75
0.014984711166267	0.934761577280025	75
-0.065931449135942	0.336018751439649	75
0.105183348937992	0.5840423666772	65
-0.037528870515516	0.431514476620727	75
-0.085074403298197	0.746504170306723	75
-0.083079993344843	0.348484003281639	75
0.022883122518383	0.269500005090112	65
-0.033804553725065	0.255314311072146	65
-0.010666784153981	0.614991133516988	65
0.022851987044575	0.367833249556896	139
-0.118867546906817	0.245039094484477	139
0.117619849960077	0.55261975942593	139
-0.07942815230153	0.247646964645776	71
-0.033031857870996	0.255332400495227	71
0.01636414182878	0.353713623760478	71
-0.031955106352864	0.243445132412112	71
0.01931869697198	0.263836258853038	71
0.099514366829085	0.275463831623095	71
-0.054140417197566	0.160561104882777	52
-0.00700031363605402	0.689720884473636	71
-0.040668730035365	0.252092593854704	71
-0.041183052339207	0.25211555775391	71
0.0198052350813011	0.261872713578516	71
-0.049796172893354	0.163954801888234	71
0.097895482917508	0.270125663909549	71
0.024529763608477	0.267278940104342	17
0.104606269196918	0.197131496894388	166
-0.043003401089001	0.341512134648053	75
-0.050380859097564	0.750713072774978	75
-0.072830069007667	0.588678117013379	75
0.0113599434934279	0.339710093990644	75
0.085225674015284	0.578286096564018	75
-0.041443813921655	0.439133693032304	75
-0.003370458984645	0.902780320270554	75
0.059663738145147	0.370661756290406	65
-0.120459822437689	0.234552292629417	139
-0.120521726698896	0.504196244686769	139
-0.090501901311371	0.553690476345323	139
-0.043048142201777	0.247917244218788	71
0.018159904579824	0.262328204106373	71
-0.07651416693805	0.244162833656194	71
-0.079017823928459	0.354236525408807	71
-0.071406520519874	0.487086397717636	71
0.014457923756968	0.258241976423949	71
0.022883122518383	0.269500005090112	52
0.092271146011921	0.65536664990402	71
0.020343806985392	0.264811577150298	71
0.104818692519225	0.191704651936722	71
-0.094862674453993	0.599655250454807	71
-0.050077425149706	0.156833648578986	71
-0.019909569755182	0.458275584002841	17
0.106261717682182	0.192838259478629	166
0.104428600763168	0.278146459271094	166
-0.030440919878633	1.62290938850853	75
-0.012301428741899	1.34029561470288	75
0.00714571869891201	1.02984719256996	75
0.015111499627195	1.22863490265041	75
0.048415170367471	0.777772638943356	65
-0.047935607122174	0.835387688183417	75
0.0718361920645631	0.803626978749295	65
0.0347699448490511	0.449558277286578	139
0.108475893755655	1.16486980629968	65
0.064957495255084	0.928410830651429	139
0.094916822447491	0.723801361923665	139
-0.067615260309953	0.511070070034789	139
-0.03899185799682	0.253931637075703	71
-0.119521013333982	0.589682089651408	71
-0.080700239104296	0.24301843825932	71
0.058728427868779	0.37052196048371	71
-0.084046235300072	0.245990138249336	71
-0.115605886808856	0.23917725702271	71
-0.104646723825682	0.42196821620582	71
0.083184785441158	0.806660056892735	111
0.036490332400103	0.934886626740483	39
0.014457923756968	0.258241976423949	71
-0.081957168112498	0.333582644051903	17
0.104084301793186	0.282699508965466	166
0.02477261654806	2.42762273516393	75
-0.092362245011667	1.21629290435086	75
-0.052647337478882	0.998750590289263	75
-0.11013405971929	0.668155607019413	75
-0.102325589331578	0.571438351448229	65
-0.110069734717421	0.592554054106289	65
-0.015625214453192	0.60589943520066	65
-0.124253071426194	0.345208401967358	71
-0.031918447333249	0.531264737621008	71
-0.073353633660218	0.354620674442099	71
-0.060670858969557	0.607055271474362	71
0.10396256420847	0.589314351581506	71
-0.083762381090024	0.248563908861583	17
-0.083270123928644	0.24378161335101	166
-0.104454375506944	1.60021299154428	75
0.027673699667516	1.604644960957	75
-0.100699370685494	0.636494592638434	75
-0.074675476256467	0.704445547144192	65
-0.097472877563584	0.51211813355188	65
-0.089199789296243	0.425890491708107	75
-0.041397684876643	0.487049777754446	65
-0.019722232626999	0.533303844493239	65
0.009089529614146	0.747208246673249	65
-0.098839503150771	0.438899046799805	65
0.07574394733108	0.726927473892259	65
-0.053897076875561	0.700446264491067	65
0.05761812638719	0.548991948684166	65
-0.066279529195332	0.507592251095159	139
-0.059991159159095	0.595425881700028	71
0.08897690234293	0.739047593622286	71
-0.067709588257935	0.514345010332631	71
0.082368741346621	0.53204994460937	71
0.00670538829128398	0.53029983621958	71
-0.075386032459994	0.4415296942727	71
-0.022948004922701	0.605841059497331	52
0.107435966020986	0.667334633881079	71
-0.038004194649086	0.356560796050892	166
0.025833513837911	1.50715963027216	75
0.03715819883108	1.59860726029228	75
0.108964907313988	1.19227224710546	75
-0.114658034445929	0.54742243238792	75
0.039635706984154	0.781388060554629	65
-0.113672021620663	0.568973938003792	65
-0.058833461225633	0.693929966048315	65
-0.120232538355892	0.587191915848443	75
-0.115674618386415	0.617297803643382	75
0.00173177063524599	0.603014379832235	75
-0.00585247773018	0.531494717918241	65
-0.103816268836415	0.347795794274261	65
0.072005529217628	0.623652502964896	65
-0.123054519685651	0.426120027731541	65
0.049621026488838	0.706706633048676	65
-0.069036913897049	0.492072873310606	65
0.063925323853808	0.641517859441069	139
0.050202168801273	0.615421849440149	139
0.035324592779888	0.556662702319844	71
-0.094653873755884	0.433411773303066	71
-0.02863364055084	0.503641462119219	71
0.05532224098997	0.632167655194602	71
-0.042299435555969	0.424375098198981	71
-0.044055793432716	0.443904076477036	71
-0.048969815472576	0.501671380976268	52
-0.039789711740928	0.63368869812819	71
-0.119140242857858	0.325629177109076	52
0.036372693756761	0.469059337209391	228
0.0715701364856201	0.568318665779656	71
-0.066725894759489	0.516879743488971	71
0.050420036706428	0.347273215125183	71
0.021518501394848	0.370053354738365	241
-0.045026345560134	1.66995050005219	75
0.061169531057504	1.39963961028463	75
-0.098242235798731	0.608896534921956	65
0.026810176247955	0.773823353216529	65
0.00614558092959505	0.529406471445849	65
-0.033858373164907	0.593950612773739	65
0.028883174809647	0.670552532072453	65
-0.114022295646323	0.513859058675254	65
-0.031135602761712	0.67117682353103	65
-0.022195855627129	0.449336185039947	65
-0.116577097389518	0.409310809089348	65
-0.0248259676983	0.519285208048009	65
-0.093084828707899	0.239210070635123	65
-0.075135191832424	0.512206908724644	139
-0.00975579871541099	0.531951996055294	139
-0.088391389096819	0.338864797417102	139
0.015446078265427	0.533222007966387	71
-0.066203978941521	0.338554867206915	71
0.014811534011315	0.366353071808312	71
0.042696769865095	0.621809829197414	71
-0.00274087886421598	0.429466759146546	52
0.082916962273909	0.468928834303699	52
-0.087171777335522	0.342160977813878	52
0.018389803811906	0.460563425030011	228
-0.017482705977075	0.448763334523428	228
-0.084681154810507	0.247728707908133	71
0.123290016900157	0.356504218787215	71
-0.093649480378787	0.352718070366718	71
-0.062260060734699	0.356321956303925	71
-0.052284249794019	0.480807666753863	17
0.022883122518383	0.269500005090112	17
-0.123108178299619	1.64335365823884	75
-0.067320288242317	0.764075349244	75
-0.095476501822781	1.06417912435967	65
0.118279998573786	0.912461963508001	75
0.031012454912465	0.758799901165581	65
0.06991240792827	0.867285264203725	65
0.031929995334103	0.785123796935246	65
-0.049550946885426	0.982790070230034	65
0.029582269191476	0.348522473511339	65
-0.072683457010498	0.499688392204186	139
0.033984934407657	0.600393155768977	139
0.096053434080969	0.579138472822549	139
0.108710778973943	0.70575958827172	139
0.080875013747573	0.558800019625076	71
0.066330892796422	0.470371251263145	71
0.0687576537753261	0.373080161605172	71
-0.048350457254705	0.247008175803063	52
0.00979803344119301	0.347227324394552	52
-0.104222048903838	0.339600728804496	52
0.0116262852021189	0.462312770140264	228
-0.088460665946475	0.247406986576815	228
0.01117440827036	0.529855972837041	71
-0.035022293616982	0.726043607297721	71
0.102678249169083	0.280156143335542	17
-0.022316108204243	0.3499831922096	241
-0.054396748347095	0.162653299830411	241
-0.042276915519553	0.24953303557013	166
0.018016970730962	0.26300254652303	166
-0.037149484690012	1.5030079355775	75
-0.100788134482333	0.508583000030022	65
0.100502072132236	0.473664715158836	65
-0.026980787737099	0.583232610218222	75
-0.041451741127734	0.812971799980128	75
-0.108832875688766	0.496961302968903	65
0.021800405885789	0.362371378527815	65
-0.050174550498258	0.340787381095621	65
0.107596858382192	0.273857918990725	65
-0.087612409123143	0.24133916994746	65
-0.078106195201799	0.493748937653022	139
0.011675631567249	0.536131912050218	139
-0.091679411031588	0.430498656127934	139
-0.035381431469036	0.357974583634027	71
0.06568026584163	0.469248159917221	71
0.069532568818159	0.376542442885573	71
0.124348847442603	0.36979579894451	71
-0.077639686642098	0.34872192873017	52
0.099646083404906	0.485898163452488	52
-0.039385567295275	0.257013998905081	228
0.101802970992074	0.277881654070336	228
0.06555660534275	0.351922667496117	228
-0.087612409123143	0.24133916994746	111
0.018910791265944	0.263130349569801	111
-0.037586279122826	0.255968687792118	17
-0.048745595530005	0.152927363604322	241
-0.114522326672805	0.232760397909635	166
0.039582703928255	0.718064144922676	65
-0.083865825563203	0.433803404726395	65
-0.056557568786141	0.519488464781441	65
-0.059579596329114	0.507949406352532	65
-0.073222711691473	0.416464940285948	65
-0.123775284682128	0.423317428574588	65
-0.047609584801024	0.610860982138615	65
0.0240399982992781	0.524497202001472	475
0.00685063923816398	0.456227590996645	475
-0.012281006585693	0.585130095330281	65
-0.073984543084575	0.429942040828621	65
0.118247818956792	0.663127073288938	139
0.066199226821877	0.45327175142116	139
0.10522186352807	0.484880188450695	139
0.068182433663355	0.551200310935091	71
-0.100734822269478	0.342704819669197	71
0.037944116285475	0.472736463045895	71
-0.093629225003295	0.421395964346266	52
-0.11598731305193	0.329180940418565	52
-0.016041516526962	0.363198232158357	52
-0.091089778120829	0.342622465611869	52
-0.013240880987548	0.518010504700672	228
0.009740681666628	0.53499924229761	17
-0.064821517672492	0.34951193676104	17
0.097446061779655	1.703238312081	75
0.10248589575449	0.808522199306286	65
-0.034473113804315	0.590978629527433	75
0.0581315090568461	0.629092134119505	65
0.096580456807103	0.487732482429059	475
-0.081081608715323	0.245068085921407	475
0.011887825052933	0.356344240049224	65
-0.124766875421662	0.33995899578815	139
0.026981418161833	0.3565514971594	139
0.090313998675053	0.642452155346341	52
-0.12256908328079	0.346266577172669	52
-0.116663764911256	0.239808657098361	52
0.117779753697125	0.810121476024251	52
-0.052649113073209	0.433493107185932	52
-0.102252132645054	0.3472140857084	52
-0.043048142201777	0.247917244218788	228
0.114524341774086	0.732787722672986	71
-0.053470001776784	0.353068485616715	71
0.106261717682182	0.192838259478629	71
0.103553459565479	0.280232576618374	241
-0.049872501517441	1.5692047164391	75
0.124427438382455	0.731466460168368	65
0.105217655032423	0.487649330596218	75
-0.07198165273658	0.415904012655025	75
0.063392602832802	0.915176214770927	65
-0.041546205632625	0.770881602395169	75
-0.048776467717802	0.893124771683995	307
0.069604942046796	0.923258010741907	65
0.064150362804957	0.4795057998949	65
0.019428296576262	1.03399103097151	475
-0.077314623924001	0.647499434264955	475
-0.075156957913103	0.433814165429036	475
0.118028585515322	0.374982113553647	65
-0.101969622067659	0.839869412456348	65
-0.113670082558089	0.331591976993958	71
-0.119474649754036	0.244929288729493	71
-0.085740940929746	0.242859089652599	71
-0.087265026459436	0.653627536150198	52
-0.116056725825581	0.243785330106676	228
0.108397661849915	0.274858118548049	228
-0.117788667070042	0.23804186843261	71
-0.049796172893354	0.163954801888234	17
-0.078863164356244	1.564141492285	75
0.00683584860637099	0.886252290806374	75
0.064428238547516	0.366498066734911	65
0.079919849784395	0.930410522620094	75
-0.020942325530233	0.950879504615376	75
-0.02752375372342	0.591851336046759	65
0.00518844421172904	1.06333591456719	65
0.078560775436344	1.3109111384548	65
-0.062223516951036	0.847242715133145	65
-0.102358434591669	0.828807090405589	65
0.097958040910179	0.267984145283414	475
-0.115980604261536	0.511788848151656	475
-0.019403917374345	0.790164607067174	475
-0.048098638858552	0.2438243656666	475
-0.107346318855438	0.241899360161257	65
-0.081876963484409	0.520468669145688	65
-0.068778259039212	0.456918657961016	71
0.105326892600321	0.193060090298176	52
0.105540363795595	0.196883836529778	52
-0.043320924827212	1.00201092162236	52
0.038677949342248	0.73105250033351	228
0.105540363795595	0.196883836529778	228
0.074799257954926	1.35460150559887	71
-0.096986175036473	0.230263599204944	71
0.036386216807656	0.561065037707431	71
-0.04558488602327	0.498736780186032	71
0.105540363795595	0.196883836529778	17
-0.105734166633207	1.66790398038362	75
-0.115447828319138	1.60337834304153	75
0.012091610658327	0.357573176015789	75
0.123701374574773	0.58302679779192	75
-0.093538325251358	0.345403016923335	75
-0.078887815579472	0.58280971226408	75
-0.10763721757128	0.530165207133414	75
-0.080293559846809	0.505398206721598	307
-0.05827787726731	1.19326950346103	65
0.042306873244494	1.22020522962562	65
-0.056515756118485	0.426985768961631	65
0.061734561009363	0.867437045281861	65
-0.094208973022497	0.235176088238938	65
0.098990535573936	0.72106146227363	475
0.105540363795595	0.196883836529778	475
-0.089683248551493	0.240424259453451	475
-0.019229662352449	0.439261723092633	475
0.015333733504684	1.25239558514962	475
-0.014917360716617	0.44518563719243	475
0.030380185898806	0.562334646047271	475
0.044471373270714	0.818388958360555	139
-0.083515501254446	0.339029986579725	242
-0.040668730035365	0.252092593854704	71
0.106474383247089	0.192269360452443	228
0.097633711556982	0.273276100835523	228
0.104606269196918	0.197131496894388	228
0.046987434776515	1.35392214404688	71
-0.043480449066174	0.158610274536396	241
-0.055166167656114	0.155268489318707	71
0.112520349047235	0.263740917948159	75
0.111636518283314	1.17718356539048	75
0.008790664701814	0.346903675009079	75
-0.049898168385336	0.746706995041626	65
-0.11428605073467	0.40214936784225	65
-0.029287003612439	1.09191048813842	307
0.03034597788241	0.877221197526889	65
-0.090868814904905	0.689519694491375	65
-0.088280403994001	0.765349877200617	65
0.017873782962933	0.260048851949519	65
-0.077435730639224	0.814671169110653	65
0.105326892600321	0.193060090298176	475
-0.066068862792211	0.423374309714434	475
0.108721732381752	0.196947833793611	475
0.024682349315325	0.247974614671131	475
-0.029845907155502	0.658305060841991	475
-0.021707434781295	0.51846397395054	475
0.014380560782164	0.542944519602524	139
-0.00609677365949302	0.79990964605534	139
-0.053608043803381	0.163248539578346	242
-0.078580563711207	0.352614965150079	242
0.104391995793308	0.188752160600622	52
0.106261717682182	0.192838259478629	52
0.063810968477409	0.375077357856611	52
-0.119007100109824	0.719494386862895	52
-0.053483547886427	0.163543065590241	228
-0.048093121830906	0.164630247528037	228
0.109658093055625	0.193682993386016	228
-0.102769781558527	0.589672106296707	111
-0.074634535965084	0.411331381930101	71
0.034737103877138	0.456214667876937	71
-0.108807015783897	0.330824531879928	71
-0.05269375213788	0.164143493470563	241
0.105326892600321	0.193060090298176	71
0.09492596982154	2.38999243104835	75
-0.103889853754802	0.236695167431478	75
-0.018158043921599	0.35628860893293	75
0.107250832690915	0.284325648817411	75
0.028498821445863	0.263846545482656	75
0.028708610603173	0.985612779696517	75
0.038026573010021	1.07118856933555	307
-0.116893212613548	0.63425470807544	65
0.044651143295098	0.768867599399236	65
0.10367210198169	0.19256980157576	65
0.090591430632946	1.46941283465656	65
0.110382885599145	0.189869757277567	475
-0.008373295376218	0.580824346189584	475
-0.048218437671463	0.161293793899037	475
-0.05269375213788	0.164143493470563	475
-0.119855542046993	0.482387967406815	475
-0.059068209295373	0.611199398262005	475
-0.061073582926166	0.583572493692148	475
0.110748096173752	0.341277727445792	71
0.027603147630472	0.263668747083728	475
-0.049922319184628	0.161280171398461	475
0.108721732381752	0.196947833793611	242
-0.059643305699675	0.159185418917069	242
-0.085242259582633	0.5092475880887	242
-0.083183025053565	0.577658570403043	242
-0.046392229956565	0.158634175449786	71
0.113262200160831	0.26438856693439	228
-0.003603401872182	0.457696560414528	228
-0.05269375213788	0.164143493470563	228
0.105171494973301	0.278875496135876	71
0.013839182940639	0.248285574713407	71
0.111920964376254	0.188915238265414	17
-0.048093121830906	0.164630247528037	241
-0.04718042661014	0.161705523270959	71
-0.05571399990079	1.46731639679849	75
-0.032674681679503	1.27344607356455	75
0.029251059444441	0.258329333597947	75
-0.010859203050425	0.453411112307815	75
-0.044122645110198	0.714299564868584	307
-0.026777154609018	0.517851727026699	307
0.114038405346816	0.742739774289515	307
-0.09984072844658	0.848991393264432	307
-0.12454679334832	0.418254102517091	65
0.046228388188173	1.23687414778932	65
-0.00217544231105399	0.430565083895399	65
-0.058851985246589	0.157000954192857	475
0.00171247453923895	0.433721143584854	475
0.108932979962072	0.18877778960956	475
0.053966230546548	0.357607983524833	475
-0.077596578884178	0.511017569503649	475
0.097316555382337	0.487895388163301	475
-0.02028351726505	0.752016065571468	475
0.057830933093282	0.549991452395112	475
-0.040140840829119	0.45005414515989	475
-0.015755714150825	0.506660507855165	475
0.049225268313783	0.492149720270524	475
-0.084822737608982	0.246513620031382	475
0.023026019381616	0.26796864804726	52
0.107596858382192	0.273857918990725	242
0.105702127406654	0.281073847180921	242
-0.057942993818106	0.157837135508987	242
0.10320803681388	0.281778725345855	71
0.105326892600321	0.193060090298176	52
-0.059525616537211	0.1570054716999	71
0.107250832690915	0.284325648817411	52
0.111959326809931	0.348328247878411	228
-0.093426889018411	0.235999101751514	228
0.109880723097922	0.284558081937262	228
-0.02119005061077	0.5275738998789	71
-0.060553791501577	0.155588204672542	71
0.121431351657338	0.376944030949477	17
0.028962268428913	1.81043832262174	75
-0.101870981650459	0.852777553760775	75
-0.01162668285377	0.837774089063101	75
0.017031070447064	0.453935974934194	75
-0.092863553958091	0.436395380551833	75
0.060151186580219	0.469605005016268	75
0.029268181341687	0.45470183487756	75
-0.123540166944962	0.335281744638958	75
-0.001789139279682	0.869325560740705	307
-0.058412651468195	0.574540511209762	308
0.042010656324658	1.02237429491189	65
0.056905131113011	1.00261479135768	65
0.00791160731084695	0.538323301493464	475
-0.047449659008895	0.247774682527082	475
0.025982622007607	0.68805851748506	475
0.067091587064408	0.462537836695599	475
-0.11645858997765	0.232928415678698	475
0.035121806854049	0.850332921117483	475
0.00516264854590298	0.852657435133942	475
0.068866500887691	0.628071144812963	475
-0.078549514294971	0.347266206833361	71
-0.008054801093278	0.36603999980636	475
0.070301414955063	1.12976399044464	52
-0.06491018649532	0.426987957188973	71
0.064365234485975	0.48053849267564	228
-0.09130129822839	0.233620419836356	228
-0.0133739072721	0.366420579440568	228
-0.070347699029288	0.507184357606417	111
0.10320803681388	0.281778725345855	71
0.087114755561941	0.907129286732042	75
0.095841216325406	0.872371714522506	75
-0.068665700804464	0.43760686002867	75
-0.062374296567095	0.505388233212213	307
0.0679246873421761	0.717500281747488	307
-0.067772923115737	0.558834556259627	307
-0.094832772483274	0.502290729522281	307
0.07390455773121	0.722188977296922	307
0.112109250161839	0.581430316727507	308
-0.043162597737083	0.416959336573182	475
-0.074255876947706	0.351033666880519	475
0.00907769576356998	0.441660977042195	475
-0.075818325936443	0.348129780626996	475
0.0118241641786691	0.463371111057013	475
0.065360472596494	0.370115706885678	475
-0.016980559705951	0.352069453626705	475
-0.030805792590433	0.249719093586136	65
0.010770763106723	0.344173805032766	65
0.00462963297575703	0.526023516899836	475
-0.014812216810472	0.534679360530047	475
0.010916573425532	0.459231935121557	475
0.0719318053163141	0.470730744369027	475
0.071863952354689	0.365431919359758	475
0.069907199358409	0.467438628082729	475
-0.101042931874766	0.312764425229517	475
-0.094005635230365	0.237948021067896	475
0.036807969110666	0.464044645407166	71
-0.054080005343745	0.530676746441507	71
-0.00904097334797599	0.517830760375826	71
0.112770384933539	0.579769834902901	52
-0.012630782284205	0.364519709870515	52
0.121431351657338	0.376944030949477	71
-0.113609595751755	0.401561074962041	71
0.101723120108723	0.272137987682696	71
-0.038614141670764	0.257019610648656	71
-0.036627739260234	1.90812490042327	75
0.113730065518232	0.728143794627948	75
0.080157329629756	0.639322872136612	75
-0.019156442723057	1.11661775085768	75
0.060048715927651	0.353039834007583	75
-0.034838399177701	0.576999813419242	75
0.110926891852275	1.07576153340717	307
-0.092319229123298	0.437020226758021	307
0.0822629937435581	1.01154700601787	307
0.012028837949802	1.00015193036441	307
-0.00331879393656698	0.742322798719525	65
-0.039097677769574	0.686963374618062	65
-0.090577540132599	0.609183066464848	308
-0.00162473291807402	1.15440367358605	475
0.036807969110666	0.464044645407166	475
-0.111570431369103	0.50680021476529	475
0.024395282559092	0.610503347486364	475
0.00282772506906004	0.520474253556532	475
0.06614530016553	0.947576451198856	475
0.00533935614282899	0.679566257768438	475
-0.090431324373073	0.42129899395929	475
-0.094952749792601	0.516091725083362	242
-0.122883671670114	0.976481042346364	52
0.108733228497637	0.277414284275537	71
-0.048093121830906	0.164630247528037	71
-0.052493596177961	0.235833124269021	71
0.010648825150678	0.247938309874506	71
0.098520066489791	0.929215491327277	71
-0.035227361794703	0.249238371945127	52
0.0277462222224391	0.265274260150758	52
-0.052370004580229	0.233734688329799	71
-0.033931605017237	0.255914363453013	228
0.112447148341833	0.269719706264998	71
0.043906887564022	0.473067066793112	71
0.065078628401103	0.479595279534545	75
0.105986474530162	0.467816230641151	75
0.065518526600282	0.375817863002581	75
0.108526397050379	0.988885928104422	307
-0.018063190102048	0.531773034322881	308
-0.104286452841075	0.782103271898538	65
-0.073689675988919	0.428956879547861	65
0.074455469729661	0.470718169230213	475
0.120733475323514	1.65583262220073	475
-0.063525472432948	0.353663281708556	475
0.039909869998372	0.979350677779026	475
-0.021734086928056	0.353598617184319	475
0.112287908676318	0.464083472322726	475
0.023138021043612	0.255535797952284	475
-0.078690520241608	0.579085833499167	475
-0.013973781081008	0.514776217386295	475
-0.038052990132975	0.501413967258884	475
-0.045467174657965	0.442404790868017	475
-0.073760860190736	0.494213878453966	475
0.102197513339106	0.271376605541193	475
0.10534207257539	0.936506323782981	242
0.00737529413916604	0.985573817094568	242
-0.048093121830906	0.164630247528037	71
0.007651072449402	0.339929312745636	71
0.101589308149063	0.276517439692724	71
-0.023435713051665	0.349299947268545	228
0.034157482208056	0.245471264968956	228
-0.01994941781741	0.680258269021878	71
0.104606269196918	0.197131496894388	17
-0.09857809382974	0.432063332642891	71
0.041416283394922	1.18706444559217	75
0.013350416092101	0.528015401748413	75
0.00737296343258997	0.539913588532858	308
-0.08060559234291	0.524743501842411	475
-0.062824007415302	0.515108706882769	475
0.069791675550252	0.56757611882538	475
-0.07912475216394	0.427801073553625	475
-0.091224875240973	0.85737582671683	475
0.084532693891093	0.641871639942468	475
-0.050674685527326	0.508137939693099	475
0.104625156384366	0.58576989953575	475
0.10314005793776	0.483046753100019	475
-0.081136600853713	0.426152413870745	475
0.071730345552375	0.47729671764527	475
-0.060030671703577	0.346645262066425	52
-0.1152421870676	0.246475891720063	242
0.094795530649622	0.565198291005576	242
-0.11378592328106	0.348869794004308	242
-0.053459611226901	0.619132244181685	242
-0.096461674761631	0.592728617881407	242
0.051248563948321	0.703591111485667	71
-0.116504255343616	0.48390379761728	71
-0.103986992785532	0.341111661500275	52
-0.074753314445731	0.322694762072309	71
0.020368120713773	1.67586822491078	75
0.075426552573261	1.61482175233605	75
-0.094395466819506	1.12994995017973	75
-0.064460013847206	0.566352153834431	75
0.112229265236351	1.60590177605588	75
0.088518695325751	1.41287884721513	307
-0.100191021912275	0.674899590230223	307
-0.039252871103638	0.66787285274859	65
0.0351399842955	0.857271267493989	308
0.073620173590391	1.13500008316224	65
0.052047730305946	0.561942224354088	475
-0.102100924062622	0.341089602200019	475
-0.088272410997578	0.33645664754836	475
-0.092762419888839	0.712774686191546	475
-0.00563752934341899	0.543011422001744	475
-0.0878713701121	0.343917793958677	475
-0.114945131552855	0.343221231609963	475
-0.010082500194924	0.448275330421701	52
-0.090108106037864	0.761043419313183	242
-0.014341724980515	0.977608665544463	71
0.099948632263789	0.65439015299073	228
-0.099409258234005	0.345100849498881	71
0.00945959017113696	2.03710170136868	75
0.014242605756062	0.810289820506887	75
-0.109503038950021	0.345715271525227	475
0.026761973632337	1.16267962526635	475
-0.089879669409041	0.504298038184305	475
0.098787674141722	0.478645592305648	475
0.000867776687515032	0.450326370550975	475
0.020968060644774	0.616084203979479	475
0.01297243013663	0.683496149333793	475
-0.083577396945447	0.350140454125242	242
-0.00856970542986402	0.354139704401783	242
-0.043146629523808	0.35832369480236	242
0.0633501281587841	0.366223001167599	242
-0.089521763376503	0.246128881255135	52
-0.117004852828741	0.244512913228593	71
-0.036439081915836	0.355344916887599	71
0.097586160368784	0.568936034870195	71
0.00902873600790299	0.676208442592973	71
0.098508508821073	0.276082141118485	71
0.021485614185658	0.258239817591706	17
-0.080445769558091	0.245935177037348	17
-0.081537590643737	0.771426194946199	75
-0.062421953413	0.523954209226996	75
0.00214483322104497	0.530282134997681	75
-0.033395951569207	0.604716516049321	65
-0.022483753610931	0.88380238425891	65
0.00188925224637804	0.681328622132843	307
0.121718037769902	0.98191794966494	307
0.073800788939833	0.708608659789362	308
0.083440077951781	0.729127548696127	65
0.099383244999364	0.276978097840754	475
-0.010846751460026	0.748303865869806	475
0.015231497778889	0.352277052381161	475
-0.115560864937078	0.791313499914143	65
0.00924601481268805	0.246285355639304	475
-0.03315951984031	0.254040421124754	65
0.067442250309892	1.46957896515717	65
0.054451202067008	1.1448493546008	65
0.077916213632142	0.686138863186395	475
0.098639552874962	0.276248356719227	475
0.110869527352476	0.737160276477702	52
0.021988792302724	0.268514362548403	71
-0.062373721588511	0.65902309136551	71
0.114533031453176	0.273495210358321	52
0.108206210855668	0.2685523758709	52
0.012167228040705	0.244911403023412	52
0.109004155777126	0.286758401658841	71
-0.042692968447239	0.155752201542791	71
0.108868771561863	0.28586578728005	71
-0.117936329027925	0.245327283242083	111
-0.1208726571293	0.602136342575334	71
-0.08296640757915	0.507533717265587	71
-0.053483547886427	0.163543065590241	17
0.0930510916428871	0.263494551419062	71
0.061238035110399	0.534000424431089	65
-0.101572679743285	0.628115700535309	75
0.043804394705248	1.08822597281707	65
-0.070959758526225	0.464913339135532	307
0.087304688383358	0.855303099835011	308
-0.096954872835447	0.597452801140744	308
-0.094841268514383	0.868026803231396	308
-0.017536962108542	0.347467586313048	475
0.016524576390001	0.367860161775571	65
-0.043305488157295	0.24918062892844	65
0.108127525175118	0.286693576818328	475
-0.079594145421611	0.244757976194849	475
0.030057758806658	1.23550825232387	65
-0.022223683148707	0.606052934019462	65
-0.05854889614416	0.354771724536676	475
-0.119029685330255	0.241375421748563	475
-0.077876191743958	0.239834897103004	242
0.0687627904335501	0.480854789131781	242
-0.053999359518026	0.886271848715627	71
0.067401222255737	0.37625015697015	71
-0.090379143766956	0.234386518047049	71
0.017123773080375	0.261475350286528	52
0.019054089238646	0.261079306299839	52
-0.057942993818106	0.157837135508987	52
-0.038486148490711	0.257198126986689	228
-0.080877765621406	0.335843158546632	228
-0.05269375213788	0.164143493470563	71
0.104826057528392	0.281899977544189	71
0.112915919163622	0.277842853656505	71
0.109232928476632	0.356503803723937	71
-0.069535589815749	0.508211454725354	71
0.107196468509895	0.188500305764353	71
-0.111212733795504	0.434478351566126	71
0.00779465768042098	0.678048003691137	308
-0.094900288955156	0.587762403863992	308
0.018931979598909	0.825560533730492	308
-0.03304243693013	0.857880314962723	308
-0.038420033802473	0.829725391956437	308
0.001871209807638	0.850247350530959	65
-0.075602548716525	0.525126331271713	65
0.09302509247838	1.40276598842546	65
0.0659542641668071	1.00014888905657	475
0.033066333306076	0.790036715759323	475
-0.00651052299127303	0.754488668554437	52
-0.073268365970049	0.660363867951031	71
-0.090527002890154	0.810483740306563	71
0.053412643878606	1.09538844091141	71
-0.04671440666545	0.667021195736672	52
-0.027423707353829	0.451547800150666	71
0.00892622348957295	0.458484676459156	308
0.1100521227578	0.62627316267487	308
-0.100767637047139	0.339574504050471	308
0.068880657890973	0.874052356831415	308
-0.069024393670303	0.681026272649687	65
0.043763509392582	0.97561267937577	65
-0.111462911160158	0.637294966496998	65
-0.028377365950544	0.559330353656798	65
-0.086489563950406	0.344741253176181	65
0.094005462911247	0.634483637843387	65
-0.069423277974321	0.515244363902858	475
0.046510946585407	0.638291053881275	475
0.100587059505982	0.535054268755219	475
0.075731266161539	0.789805969692893	475
0.021663987005956	0.882686483676019	475
-0.069252961385578	0.503854139772871	140
-0.024753220495159	0.341189373583837	71
0.015358205353587	0.463246233946868	71
-0.116739089727758	0.594702441831291	71
-0.049963018823729	0.826022478992143	71
0.0416754607908471	0.8490492476402	52
-0.006216719301534	0.745065093855181	71
0.074878197185818	0.923893538566775	71
0.073305988822999	0.941770550246337	71
-0.016549369892948	0.675007262654161	71
0.124399694405069	0.739308354227311	71
-0.006149126066755	0.532480199304376	71
-0.044999692877144	0.241265254392441	71
0.118702836431679	0.831894972929274	71
-0.024117539021578	1.12145571010054	56
-0.043433481319216	0.522690712713499	65
-0.039488982703817	0.518118625794841	308
-0.027585276996388	0.24801290465345	65
-0.062498329526719	0.572700629591688	65
-0.123248173391107	0.761413198758974	65
0.0184343103928279	1.15892184484889	65
-0.037127264938868	0.586600448541833	65
-0.041046616067579	0.528888099047695	475
-0.016364596829624	0.352657307208506	475
0.019972025011283	0.549707809821259	475
-0.078075278657157	0.650143909625441	475
-0.082644464829852	0.708142161705051	475
-0.033684405146707	0.787392551993228	475
-0.051805815151438	0.784105869020633	475
-0.093897268315952	0.803279481304987	475
0.103915901339273	1.25216411700362	71
0.010491732641268	1.08012137714933	71
-0.06380284454324	0.793440921884918	52
-0.107043719029397	0.655315718430084	52
-0.042096272603888	0.810611498853015	71
-0.100149407637436	0.70256131294381	71
-0.053358989672753	0.158573367652158	71
-0.071980763401716	0.336370572422706	17
-0.062259322470684	0.555636386073173	71
-0.014945372799456	0.524688034310155	71
-0.079650251594556	1.68568193468689	56
-0.120656193270088	0.684824730724766	56
0.07978653990059	0.874499839023425	56
-0.024827209002483	0.507962752888998	65
-0.078125510026155	0.236828774353633	308
-0.109597055825724	0.632312728600408	65
0.099963161984348	1.23334820761342	65
-0.024066695794238	0.657330046942189	475
-0.00827625634866303	0.530974111123778	475
0.03002322318508	0.353304508237114	475
-0.106560245441219	0.650035278778583	475
0.108605848077178	1.28196818600121	475
-0.12482091248437	0.671364781787193	475
-0.064827645532445	0.9208504208821	475
-0.093533795679873	0.872857399042163	475
0.094819427907494	1.03631422106148	140
0.020729307670785	0.258791633330516	71
0.055906736981029	0.458780333491564	71
0.029828556014995	1.07754084366235	52
-0.124159387606561	0.74324678732271	52
0.0776804025153241	0.370847106955005	71
0.105530080553819	0.182264741731404	71
-0.05130241487416	0.66000494189503	17
-0.077089052053784	1.06332793751734	56
-0.012085081285083	1.0743834520001	56
0.030532676803537	0.632532235349115	56
0.049031513513066	1.30395670859811	56
0.0772396333897	1.06792214555324	65
0.009611062776399	0.443721194351666	308
-0.063139198372606	0.420878535249289	308
-0.042535478662	0.247381192994068	56
-0.078408185668074	0.426076111639925	65
-0.090383180176402	1.00339203212114	65
0.108296938124964	1.52751483996406	65
0.05987650285861	1.51580131351955	65
-0.059739069232364	0.9370259307257	65
0.038168623052793	0.472245425987842	475
0.104841654197977	0.73051848135589	475
-0.072449267632727	0.714489474988101	475
-0.069706425115822	0.867071256392824	475
-0.068585717467269	0.947149019416838	475
-0.017372351192206	1.20259281903576	475
0.04381485001617	0.619453003630058	71
-0.074975617534121	0.948109078201652	71
0.042935203321954	1.0284270674994	71
-0.097483010691969	0.731998460447553	71
-0.040575978481257	0.361150515604838	71
-0.118577185521697	0.577856445118804	71
-0.080582500168239	0.619917832479404	71
-0.106626829239035	0.709469008524112	56
0.123998030018523	1.34448573156122	65
-0.042648491060088	0.812118256768914	65
-0.037889533770559	0.339614544249502	56
0.069988054075408	1.64861149569117	65
-0.123194534466375	0.501173317013456	65
0.053494448830844	1.13325026627553	65
0.016582210593689	1.1918747429923	56
-0.099245876909061	0.911793330276163	56
0.024126288503118	0.674451319990502	475
-0.015078379962281	0.677236732373946	475
-0.095183990087844	0.586457951175793	475
0.032573390629423	1.13770424776977	475
-0.101078244451487	0.85928209020659	475
0.0797246522224681	1.43342107004757	475
-0.00719552383746702	0.918903183842517	140
0.074057077227179	1.10926907311253	140
-0.03522847238591	0.557448450138142	71
-0.085067894330654	0.992705199623717	71
0.038206861394961	1.28987414870134	71
-0.00128048439511402	0.93983116652122	71
0.015156593353285	1.0276854244664	71
0.000586783984815043	1.00485741627932	71
0.042752779447939	0.478111710833034	71
-0.038708785899749	0.363094555840702	71
0.062259371521507	2.05992407822144	56
0.000694453725220035	0.928448549604722	65
0.041678661132356	0.635779207596544	65
-0.045342344711426	0.252455702334459	56
0.021705010032932	1.06082437572962	65
0.09838172413626	0.730692405578408	65
-0.107530698982617	0.598463962744666	56
-0.084996869629406	0.240359017951454	65
0.00910433437318003	0.461661696376201	475
-0.090135586562587	0.348596418402815	475
0.092406574559475	0.562070199616583	475
-0.097764139478656	0.347135332540636	475
0.110373312320089	0.791582827868732	475
0.02869803969703	0.886124386383604	475
0.053182860648302	1.07069204634703	475
-0.065592531650046	0.656649080622729	475
0.086681280862576	0.738973689660881	71
0.102006257001209	0.660603002152889	140
0.082929314968706	1.2804724816657	71
0.00768622700052701	0.908988062036297	71
-0.067166107317674	0.657388582459539	71
-0.068471368831582	0.540967117522067	71
0.089619530366289	0.961809977505959	71
-0.088787574441521	0.587035412269323	71
-0.084822104285955	0.662601967205266	71
-0.033179137166934	0.805298668485166	71
0.097296057013888	0.185511797708221	71
-0.042748293674636	0.449306366050046	71
-0.083562106386306	0.344690105460189	71
0.108868771561863	0.28586578728005	71
-0.08122908628255	0.394817537680335	71
0.069390254337478	0.567483754798639	71
0.00460064601698396	2.31022710393129	56
0.018944786746931	1.31322030849604	56
-0.099548133205659	0.613121843800921	56
-0.08296640757915	0.507533717265587	65
0.090616976125475	1.16885574538009	65
-0.00375242998057002	0.420368070215207	56
0.016712129996392	0.3699471445352	56
0.022851987044575	0.367833249556896	56
-0.10516361855719	0.622515929552469	65
-0.010385858460742	0.527548962665446	65
0.016297013602382	0.548267419802186	475
0.116459971003001	0.583456873471518	475
-0.100646586701953	0.346552814471366	475
0.021747719253582	0.991749593999564	475
-0.015745837478779	0.984762010676575	475
-0.123957266580249	0.670258548166365	475
-0.039886694715771	0.985869464365953	71
0.018689633549636	0.53754535593536	140
-0.090019270567405	0.233055451235832	71
-0.047787198101009	0.84147011267254	71
-0.036281474112967	0.842795966539731	71
0.107188149075537	1.36758859116271	71
-0.108045377042717	0.771690665294757	71
0.020804134162802	0.357309111250376	71
-0.013523138067963	0.358375591857755	71
-0.048218437671463	0.161293793899037	71
0.106474383247089	0.192269360452443	71
-0.092911873001579	0.502759596797276	71
0.107828475620516	2.01671675133342	56
0.036696116389032	0.840318617889986	56
-0.072259628318892	0.515685819363308	65
-0.064688775953867	0.352588149313687	56
0.098719394737032	0.58119136924196	56
0.067307275579983	0.93759426590344	65
-0.0940994152273	0.804492833539186	56
0.109853529782607	1.65498164470938	65
-0.014889724569639	0.356389838374787	65
-0.00979636933561201	0.455313966507105	475
0.02806438813241	0.537186298902637	475
-0.021069043525993	0.531168321644064	475
-0.082292681863852	0.42312377033642	475
-0.114836077825542	0.239278978315614	475
-0.00862541613618001	0.361828009507766	475
0.015294579512244	0.624384065137585	475
-0.094584106674284	0.805756482599428	475
-0.113725470661084	0.730655462206107	475
-0.078921135126703	0.525178358449588	140
-0.084365216489433	0.506483331536981	140
-0.03437936805672	0.454102606471498	71
0.124208896733643	1.31481080771964	71
-0.08014832161918	0.818550176524593	71
-0.110698476414572	0.674591339136068	71
-0.090201701778912	0.618086511748419	71
-0.055600690568153	0.488341049167257	71
0.098952681887659	0.190014654245685	71
0.023214887845995	0.698064747889962	71
-0.124459263673623	0.428925799817622	71
0.067708619396386	0.792887540920812	71
0.006520349601705	2.20861888400309	56
0.059935398656352	0.92711973303018	56
0.112244099142966	1.56630659004265	56
-0.110659842212833	0.499113092209372	56
-0.066672447829416	0.517617445979714	56
0.074791905957458	0.998362570839115	56
-0.085284130668206	0.233398857335129	56
-0.087849240571435	0.427175247641615	56
-0.115472667655592	0.496192615118451	56
0.101170262234756	0.801882768743338	56
-0.108307280529538	0.433364871882156	56
-0.081090189285427	0.997713273144427	65
0.021627240411993	0.785106479522837	65
-0.110577712257098	0.418924128607044	65
-0.00896846753466202	1.1372456915367	56
-0.124897889186713	0.23579154393552	65
0.103553628827075	1.12346879901433	475
-0.049009345292612	0.790083468909122	475
0.040805552818428	1.07352815913386	475
0.04062312777888	1.00519138279184	140
-0.10861957123404	0.704307646184135	71
0.06357837610688	0.775238812206757	111
-0.109049821253179	0.760378753296374	71
0.11924603838962	1.36948876896619	71
-0.078651345225372	0.488806663447345	71
0.101982181695805	0.48200252240071	71
0.02008470480446	0.619605094150561	71
-0.029254319022068	1.12954163456253	56
-0.041675128211694	1.36709690670897	56
0.043766893491374	1.26445560521161	56
-0.027882782803127	0.449137406003343	56
-0.083308777093668	0.348556752102764	56
-0.040441130520959	0.602435222185632	56
-0.081797535214354	0.337368214676686	56
0.043436224307987	0.746173945081981	56
0.013813047394185	0.904661686752022	65
-0.041800131952076	0.793477027548935	65
-0.015997342716642	0.848908341485945	65
-0.016736100390593	0.744399163054817	65
-0.107292628720115	0.422768365595338	65
-0.026139689517241	0.535729569523948	475
-0.068539514143181	0.681540355737788	475
-0.003362670468463	0.760051513400159	475
0.0745042237086671	0.570378350341128	475
-0.043435299002829	0.446868713963933	475
0.026781593681046	0.672705600277243	475
0.025107073472286	0.683991207196953	140
0.102486338377384	0.48308439072013	140
-0.055047950567545	0.160476366144499	140
-0.047304698091997	0.161380339856324	140
0.076671911516496	1.03004393659748	71
0.072311462114745	0.715666673054147	71
-0.01537039050985	0.790421077720301	71
0.049610418381104	1.20861550917724	71
-0.031542631083128	0.868791434882623	71
-0.061639475605807	0.347872351478129	71
-0.051779414584004	0.163302427940867	323
-0.092004725860751	0.499330977672856	71
0.032667790559849	0.455904258100087	71
-0.103260295755914	0.416793950394789	71
0.014764513825183	0.467276969003946	71
-0.120863827902949	0.752485873435046	56
0.077042374427879	1.74413578850822	56
-0.017581991179162	0.829043161397368	475
0.04184050576935	1.06416912199322	475
-0.025172444589293	0.829926335730639	475
-0.023886302321405	0.682893081744653	475
0.083074570463327	0.95404576355727	71
0.041291413136613	0.694828584602784	71
-0.013509680113322	0.951973251414405	140
-0.011558675540165	0.787597581933487	140
-0.097173403691688	0.564215871565119	140
0.030005847330573	1.07412350338128	140
0.085179239004174	1.02061893323059	140
-0.00739904402810399	1.11373132476979	140
0.064105931736383	0.911859164582296	71
-0.119494923791469	0.818993994188793	71
0.042738571685392	0.977918678765509	71
-0.07902786177159	0.471928855518575	71
-0.113544339129499	0.465200106865665	71
-0.0000915969757139812	0.749097445308912	71
-0.055305067111657	0.718624807782286	71
-0.080857675775596	0.592094724498429	71
-0.035922624973173	1.14165233030521	56
-0.081107751905586	0.731144885104442	56
-0.063985514107551	0.687318622134245	56
-0.117290011055659	0.510239509478893	56
0.043790375395467	0.860908141807393	65
-0.095403835520882	0.436235776791384	475
0.074730404977645	0.887563731065861	475
-0.056055261087776	0.677265643489186	475
-0.011641813993732	0.717666342159317	475
-0.115931917641517	0.554246051628983	475
0.046354045058796	0.704930399509613	71
-0.112624756420163	0.544503738000719	71
-0.109504326379266	0.916174525602298	71
-0.122072118946383	0.910950678044989	71
-0.059639424971063	0.689467263134537	140
0.105293340097575	1.35758361535225	140
-0.076780854958466	0.80795322439198	140
-0.00260297277905103	0.536263243678283	71
0.012469544087191	0.663910949931742	71
0.091086686581989	0.727688246285491	71
-0.078570647017146	0.818221490975947	111
-0.118333678579744	0.576703315506974	71
0.00198806323110801	0.543593735787568	71
-0.01685929850459	0.458895533643221	71
0.092170387194153	2.04214544531657	56
-0.017322995229966	0.528017580061451	56
0.00644899494106899	0.535081511500687	56
-0.00152686072807701	0.779247899742186	56
0.0322595026964611	0.632889443125549	56
0.013622577881621	1.18113065095311	65
0.070385111688839	1.48645056061899	65
0.041516556367754	1.24999573844582	65
0.014811534011315	0.366353071808312	475
0.0867746637280979	0.810260175223561	475
-0.068994511377989	0.427050071149497	475
-0.072355789076298	0.746353642783601	475
0.031717515897169	1.07816702198899	475
-0.111241057996829	0.768420003149584	71
-0.036963311291749	1.00443016184072	71
-0.092573824483974	0.752673494985614	71
-0.086630820112392	0.791166648582284	71
-0.033453241982194	0.663521693057331	71
-0.067208866741401	0.333234879313565	140
0.053124399728571	0.51301405183165	71
-0.06253906585045	0.417221110319932	71
-0.103264367355036	0.670951385685824	71
0.00794872710104999	0.969528571710661	71
-0.082373167250319	0.237174322861696	71
0.066434075860194	0.940455131253197	71
0.061002233562785	0.789636818320715	71
0.074006045414536	1.52561028864152	56
0.012665478767607	0.809887287851381	56
-0.00902230194872	0.528569806017437	56
-0.034994576691584	0.357765781211663	56
0.022883122518383	0.269500005090112	56
0.107250832690915	0.284325648817411	56
-0.067210894541405	0.43855418858254	56
0.103904399032956	1.11232312929202	65
0.043394728603608	1.55259379329668	56
0.00142501045866195	1.40364770087818	56
-0.052415317921254	1.08299353092438	56
-0.041183052339207	0.25211555775391	475
-0.019520829286697	0.43231539899324	475
0.012522462194805	0.451032968098151	475
-0.118244648426892	0.668754458776686	475
-0.032702571676507	1.0832078810706	71
-0.097751919487114	0.894554653788639	71
-0.035636547378062	0.244878766168215	71
0.105563226518849	0.486008887647218	71
-0.032906993487238	0.559278938068483	71
-0.017031192792943	1.08316610147667	71
0.023232299946148	1.15139356921126	71
-0.043893004424672	1.01540157025302	71
0.034030267071574	1.19321702839285	71
0.098702773638473	0.264779625537381	71
-0.08630721761452	0.649742211836714	71
0.074868512675165	0.936215358113748	71
0.04455582241421	0.523930556149116	71
-0.05848180768566	0.979089460289098	56
-0.084895000752695	0.868851868751117	56
-0.036973332695069	0.723504860856093	56
0.107029697350698	0.478111388788361	56
-0.091384018115185	0.241104502961101	56
0.107463929825811	0.273193205868845	56
-0.040186611435621	0.249798035251145	56
-0.042345427308285	0.440801879609378	56
-0.045939011848108	0.654971357884523	56
0.053012877054233	0.859403965714055	65
0.028579737124538	0.444283788491955	56
0.000609676878596033	1.18903400171923	56
-0.116231087755145	0.34501297032562	65
0.063810968477409	0.375077357856611	475
-0.048880340637373	0.510897763387573	475
-0.073738429556541	0.332882193179402	475
-0.047957051513373	0.527743900604219	475
-0.103712742927136	0.696734429475869	475
0.0972182515315571	1.35963166349951	475
0.096072748596292	1.17037491307984	475
-0.0953775572432	0.858646134717256	71
-0.094665343005135	0.602696777570652	71
-0.063039943792432	0.601173773728512	71
-0.024614453863297	0.76989733937441	71
0.045677387991959	0.55453781295597	71
0.085130171865451	1.26095135790137	71
0.087309395361169	1.09836080832792	71
0.000721443779643005	0.987848079237038	71
0.12072693007188	0.388712002218762	71
-0.048029174321322	0.851285103164851	323
0.111675249285075	0.731424257939886	71
-0.046230144768729	1.55495650684992	56
0.029896014024749	1.76634328158222	665
-0.08457789359168	0.903360559691628	56
0.089305697558547	0.554176138593527	56
-0.081428160336875	0.236784683702092	56
0.107992218193391	0.283519262852047	56
-0.1222954031729	0.591043096137146	65
-0.076713702518366	0.574736701730789	65
-0.085093545649016	0.655320832555906	65
-0.01499817911931	0.779877432407997	56
-0.00997910003999703	0.360446934044023	475
-0.008796572638885	0.367927982030303	475
-0.064876597332128	0.33654659535319	475
0.025661689006428	0.614933376755237	475
-0.072430830834952	0.351596974505059	475
-0.004479812599814	0.757847036065318	475
-0.019229463249887	0.838746829117257	475
-0.03370123949894	0.833940730169314	475
-0.039730243006058	0.962530557795054	475
-0.012003527123251	1.03993605583478	71
-0.103110061505102	0.751227875334325	71
-0.015651928014954	0.837825685548921	71
0.105567437742641	0.275833872482907	140
0.076229844139743	0.557505258867168	71
0.032567991610318	1.18680738130584	71
0.013703178661705	0.25881596286812	71
-0.032195742694804	0.580519986557126	71
-0.034259689670573	1.27858480281112	56
-0.055108541417192	1.73508357081756	56
0.06492538405533	1.80990275020279	665
0.023899207288587	1.73871480526228	56
-0.115026256953507	0.235984959817026	56
-0.00347781225876498	0.534363088253027	56
-0.087823833933496	0.784857015226783	65
0.044084744819027	0.928532368887183	65
0.112731154430294	1.23109320278643	65
0.103198049213939	0.583054326295049	56
-0.00975209776417602	0.365896400502332	475
-0.094216209539535	0.488293321260375	475
0.033500730345327	0.624434716598397	475
0.017556530603445	0.706681278891567	475
0.006988179992648	1.18718763927767	71
-0.122030556006389	0.719027661626102	71
0.076653041429926	0.83134744478852	140
-0.122096929274984	0.236736370243646	71
-0.09313701197601	0.857640479326779	71
0.00212818093733902	0.681413093962896	71
-0.087845680108058	0.429552303708519	71
-0.118217860355936	0.232685052246362	71
-0.034785364052449	0.353138402366718	71
0.113950606336155	1.06190656961801	71
-0.091845414152905	0.354532731891625	71
0.077456077126986	2.435006650635	665
0.012059184775616	1.51391140220691	56
0.024635745314587	1.04681055342482	56
0.076042817815193	1.18963497798801	56
0.063706135305363	0.373802088277128	56
-0.103168436367186	0.600793623196301	56
0.111762175530534	0.920940314069048	65
0.077319665482071	0.960756539130115	65
-0.01932144257232	1.07632022661363	56
-0.021420957218631	1.24948214871908	56
-0.091185375531218	0.353747246542642	475
0.021978463841039	0.617587073635256	475
0.115366304883827	1.31563617082936	475
0.041251535627579	0.443317192445769	140
0.059967301528452	0.369634708062758	140
0.0813920704473991	1.42138327977243	71
-0.105358791063161	0.532015257360761	71
0.079702986819565	1.31858633643389	71
0.0163460076426391	0.470616541091201	71
-0.114699142883199	0.238283590787299	71
0.050477991992656	0.644086768236366	71
-0.082854988347816	0.802746294815374	71
0.110135021787604	1.3867303791581	71
-0.114216366649641	0.66199676894911	71
-0.060839330434417	0.840563890911531	71
-0.021045396253948	0.442076477183691	71
0.025030960939172	0.360326313595994	71
0.029414793266521	0.840900993746925	71
-0.042423155140785	0.357792950749512	71
-0.08372754231703	1.32254485226987	56
0.069688533963022	1.97168708816858	56
0.100147811740297	1.59164481826589	56
-0.009096235384908	0.521923667758641	56
-0.118261251852085	0.235602661648509	56
-0.114473997465645	0.244180251233108	56
-0.115369537809058	0.752730549613146	56
-0.054907633523357	0.673678029820659	65
-0.115217424620415	0.824267250078611	56
-0.00215233185373598	0.510020491387063	65
-0.00205455175812302	0.582016488416779	475
-0.044275838898543	0.654292664702141	475
-0.113806949993062	0.759310443986572	71
0.068270231985746	1.43646543767179	71
0.024081372265549	1.04024811277725	71
0.084925308862313	1.08543423268291	71
-0.111102924341002	0.701935980275004	71
-0.049007088152211	0.164550979721028	71
-0.104673196159804	0.418739285104664	71
-0.072684616578958	1.67745241978246	56
0.026800011120199	1.94634743455996	56
0.0348521633003021	1.52758945941267	56
-0.076295848336847	0.431138001279156	56
-0.107393980777254	0.40613059767358	56
-0.00685630876083498	0.605354236620934	56
0.078938705646212	0.615447049022807	56
-0.110445988888392	0.791421732861035	65
-0.0232374814208	0.691881512832943	65
0.011273555548919	0.975303316986968	56
0.00117370401110095	1.01236571241887	56
-0.059667973582087	0.9930506874934	56
-0.037688754603086	0.594130747526331	65
-0.082964621466807	0.431244407475207	65
-0.011285626256875	0.8351217499615	475
0.085322355509074	0.986751031742304	475
-0.030067206547878	0.583692142201167	475
0.012707326674641	0.751174046372964	475
-0.057218049562764	0.746023792172313	71
0.104138881346487	1.16824372719254	71
-0.031523898598491	0.897641666758523	71
-0.119128463506654	0.560259819412346	71
-0.066265455326083	0.688011237739033	71
-0.088039146204282	0.578793251911837	71
-0.083415039069793	0.667422938081596	71
-0.124465550860381	1.48843218364842	56
-0.099484309301076	1.35463553887238	56
-0.0579654268098	1.25120921273974	56
-0.07089378459561	0.544855360042192	56
-0.025381064486811	0.671617570494272	56
-0.097874581995483	0.484429348942864	56
-0.108662573983599	0.432270536190553	56
-0.085044404640233	0.438984266743694	56
0.07973790360532	1.45367992333533	56
-0.074661122506666	0.797817213111438	65
-0.080824445923866	0.65259952314823	56
-0.08670640334692	0.733732979134856	56
-0.096826064478435	0.485790773602391	475
0.053196726345712	0.722735392669224	475
-0.056468966078312	0.657403572994289	475
-0.091003397919141	0.658145258367667	71
0.020519969444999	0.95522446046196	71
0.044828535129307	1.07380652492929	71
0.034133098097217	1.01346618102149	71
0.076651732381451	1.26203013313468	71
-0.077885622290338	0.397866821860546	140
-0.099198880084975	0.618181647788711	140
-0.11264829899741	0.546748983650849	140
-0.094525882403245	0.577996413195888	71
-0.061913229854023	0.724435301040376	71
0.020533434179951	0.835482904213879	71
-0.081448512785168	0.427929648104856	71
-0.017308652382353	0.682103542705382	71
0.106042190864297	1.41196634788885	71
-0.004342093810079	0.765475364900236	71
-0.00645070853518098	0.745528153480992	71
0.111985888532434	1.16408572557669	71
-0.03066060667748	0.732609126934885	71
-0.00437532405672703	0.775429030358131	71
-0.052464719168487	0.608747352431636	71
-0.069696835062961	0.607807612116849	71
-0.095181740537206	0.350828864517866	71
-0.091996979115534	0.505559844908835	71
-0.103517603261472	0.502076866002641	71
-0.026822250580756	2.20789914788057	56
-0.058926261650555	2.12406294373671	56
-0.096268164579083	0.917874410949922	56
-0.079220085343605	0.501934204110015	65
-0.121388715117397	0.615923642209982	56
-0.11024808162555	0.577539908386716	475
-0.034763258843248	0.666027643837953	475
-0.107243777767694	0.594009793448102	71
0.017162597278746	0.598361923395808	71
0.109868742529759	0.623693618401444	140
0.120262259357569	0.743879744304218	140
-0.057033433565877	0.761174048353872	71
0.113344228692257	0.888708166418043	71
-0.035241094766426	0.660125252027881	71
-0.069728672284883	0.65816175568314	229
-0.086373715987091	0.575749320727195	71
0.107750091639815	0.708016581787504	71
-0.116500990616865	0.374203869565719	71
-0.099102927722034	0.689986286679107	65
0.093588880512628	1.04902313548582	56
-0.102494482674154	0.472334388480284	65
-0.081800000669406	0.495270529073891	65
0.097722941977801	0.65648948315612	65
-0.046269282342704	0.514953590430243	56
-0.01626055310131	0.837857887867316	56
-0.050986759189664	0.495440418860291	56
-0.078648666452597	0.441032348086379	65
-0.118774412568602	0.421505986927527	475
-0.10071447608046	0.663552373934302	140
-0.115770927048381	0.829919338293606	140
-0.03504729002765	0.438598352498944	71
-0.05989751530805	0.428535747626037	71
-0.00309442297566498	0.448723271857489	71
-0.118790476218395	0.437243742816514	229
-0.120747351639993	0.341596695099729	71
0.0163460076426391	0.470616541091201	71
0.062318861320236	0.569124541606795	71
-0.103795417355274	0.443802806104747	71
-0.091155275796748	0.421936771452947	71
-0.045342344711426	0.252455702334459	71
0.066003014307634	0.744461522019677	71
-0.085617684854862	0.344118388309581	71
-0.00820789977470898	1.12682031288443	65
0.025342399809284	1.00205168609859	65
0.093616989164282	0.478617809443799	65
0.038458232795518	0.626095880574462	56
-0.034673453633132	0.681555291532181	475
0.0504347039436081	0.555879786453046	475
0.093738792391332	0.563067482234365	71
0.080980524084519	0.703964433161836	71
-0.099565755163856	0.601976098390052	229
-0.091845414152905	0.354532731891625	71
-0.00774059131353699	1.28438274062765	71
-0.074300483846502	0.568357324352498	71
-0.074420607970137	0.43617357163734	71
-0.06155941145592	0.358368517917117	71
-0.085169795126637	0.348198284578026	71
0.104826057528392	0.281899977544189	71
0.023778071807019	0.268794665250103	71
-0.095924468591571	0.565682057921964	56
-0.041504231647201	0.742479436598631	65
0.0989916884409	0.978425254543698	56
-0.116140138296095	0.501559034452157	475
-0.080672037937018	0.650609868961428	475
0.066001524317861	1.13077790828003	71
0.038468022061711	1.14511743081631	71
-0.049022394442092	0.859713097316274	229
-0.023306226767553	0.748714964630439	71
-0.00381480323879901	0.68749284715946	71
0.021878654711825	0.505887395125828	71
-0.013822405089016	0.577635729374267	71
-0.043633804828897	0.447101207475328	56
-0.110933486720919	0.67613756525303	56
-0.123178902199562	0.681511571330456	56
-0.00813024479646202	0.990365104470465	56
0.107492940157865	1.04571534603795	65
0.112686719495131	0.890742991466502	56
0.044880395078967	0.911619064634823	56
0.034806125373771	0.698209919731579	475
-0.107547955145602	0.506526387425892	475
-0.039537890846089	0.783786658297329	71
-0.088526967574829	0.572348975831349	71
-0.043332939114153	0.657053128290452	229
-0.052772094860499	0.57287068318738	475
-0.089726714273715	0.827338282815213	71
-0.100747549050397	0.57752532807539	229
0.0189043472266009	0.732565778100155	71
-0.003824533262339	0.601304361167446	71
-0.023589864238992	0.592835635348007	71
0.04475353953706	0.467842834803713	71
-0.04396950615691	0.241749910086299	71
-0.119236878405519	0.517663045768062	71
-0.090504190405798	0.419080328763675	71
0.046306609677208	0.638622001351495	71
-0.073972867202331	0.752801877282978	65
-0.017060422270854	0.846132106757379	65
0.067844964760023	0.824933769038251	56
-0.072489338384629	0.898825878107103	56
-0.113395019184293	0.733283089910287	56
-0.086719130062986	0.803577878882274	56
0.02597864129879	0.982887537961557	56
-0.00506534924389501	0.676346053136203	56
0.014351648530524	1.19944528945934	56
-0.051581861453404	0.86359306511587	56
0.00296096951254898	1.19379292348167	56
-0.050370658807717	0.662596992991764	56
0.011723870897695	1.063037214548	65
-0.103069688366647	0.503866925814806	475
0.118457383562624	0.865751515874328	475
-0.110751666857531	0.503653194601499	475
-0.044310693158694	0.798456355439743	475
-0.050561454886146	0.479121896438242	71
-0.050940118961304	0.515046864740104	71
-0.011934812144994	0.658588985830593	475
-0.03471148955674	0.716159596358053	71
-0.110709558457915	0.69321683523021	71
0.00670884071815703	1.05603184667771	71
0.105142118120573	0.887850632901138	71
0.099170247498409	0.746387572323372	71
-0.102342881008755	0.430184396420788	229
-0.046241465913233	0.521884984780477	229
0.048134968994255	0.717160798599904	229
0.00580183720480598	0.605264391098624	71
0.062565505025406	0.836945574001197	71
0.00928852045377304	0.532353858994427	71
-0.019106516095856	0.53095819500183	71
-0.00984529913019999	0.842458199303334	71
-0.062252407081899	0.593414046210244	71
-0.066102807960094	0.518601074276596	65
0.06584165308577	0.701349529244123	65
0.1014354205583	1.25401408198078	56
-0.003070004779886	0.951612664256261	56
-0.114309730958888	0.551009826516703	56
0.025325918837224	0.602087185832928	56
-0.067808959601734	0.681101857632881	56
-0.036284022966773	0.831267877648194	56
-0.027232156874456	0.883362167503781	56
-0.00891763190327399	0.58912606699886	475
-0.05761327516425	0.627151525201219	475
0.049046077562966	0.61359048719103	475
0.0191445791830011	1.07764329853328	71
-0.028083432307671	0.529049706988867	71
-0.105363491230056	0.412299853418443	71
-0.033347013208555	0.667735300867262	71
0.104439086228154	1.16870735405267	71
-0.014668719587043	0.875756101737544	229
-0.114870646281618	0.518989062306884	71
-0.089724155557571	0.504456415910488	71
-0.029784993787184	0.684435816398005	71
-0.069959249713455	0.4733330961024	71
-0.096538081008659	0.320997135958277	71
-0.040873045013737	0.350743684715328	71
-0.077365730182935	0.66079093691204	71
0.00722340986623005	0.598458706095379	71
0.095740720017641	0.658810716631167	71
-0.072526416043569	0.891043327568046	65
-0.091571037050119	0.81784722772887	56
-0.081691348273673	1.0050544007664	56
0.024009687512708	0.52040237409769	56
0.104569820622441	0.729731278956604	65
0.109648633112735	0.722063580626585	65
-0.106554151866835	0.432025484355972	56
-0.043130240643841	0.701525183429116	475
-0.108919222619116	0.561607911046278	475
0.00773080828102002	0.60171166821456	71
0.05339458544609	0.692751512386872	71
0.000387680818156988	0.427921030012483	71
0.00579117300296195	1.05298665524257	71
0.050165370187675	1.19141584988207	71
-0.039264018928234	0.507785365295178	71
-0.024275362603138	0.835378522057399	71
-0.098287009592045	0.326981845077206	71
0.028847427087188	0.681544475043631	71
-0.057951054503264	0.587808266715733	71
0.107322268086844	0.582639332237076	71
-0.116282234163196	0.33123024114071	71
0.065275111323304	0.602860326772056	71
-0.116644678793393	0.668126507487774	56
0.023419084620496	1.29815908835619	56
-0.107253848784251	0.988927138706636	56
-0.058297197720914	0.640353488655516	56
-0.074720207995675	0.809188781163888	56
0.114503423138352	1.12041904679122	56
-0.024976855459962	0.508210870936047	65
0.00196712820508305	0.601310267163983	65
-0.123428715130026	0.475674310814824	65
-0.090114115995674	0.75020724717307	56
-0.098423871166936	0.83021811725373	56
-0.042881611325388	0.572137605236057	56
-0.020863431288465	0.583703443173527	56
-0.032511683959389	0.523850326266199	56
-0.053232548018889	0.555533902649674	56
-0.00906768376607397	0.677917324841262	56
0.065434720186992	1.19969633519998	475
-0.00201000942072799	0.681729334006568	475
-0.05237177980073	0.678414427507573	475
0.0559632651462461	0.6966866790567	475
0.066443602603891	0.633947545296317	475
-0.122841957885748	0.399794741448645	475
-0.078619635956905	0.478927348801712	475
-0.05038878506106	1.04750596710023	71
-0.074458255834597	0.846571086645166	71
0.071495759053667	1.25572825909263	71
-0.054661680501777	0.555706081295322	71
0.029332953283317	0.595779246679391	71
0.038854054510187	0.685279705450354	71
-0.080553701408377	0.40093559401422	71
-0.112715014588795	0.429574710634625	71
-0.090653281219371	0.508835170517734	71
0.012804101185298	0.587313501746021	71
-0.087458506917536	0.340617168137242	71
-0.051400915524024	0.788994502930589	71
0.0555241949369441	0.826227122571195	71
0.02225192729192	0.457556385108832	71
-0.078833094695821	0.707455475446023	65
0.012747354612784	1.16639686053164	56
-0.064547630733847	0.610345068664313	65
-0.031995773051924	0.602873265286618	65
-0.073429511427199	0.495172292898997	56
-0.082552988595538	1.01464093500046	56
0.010386809849806	1.02041868230738	56
0.0190665075634739	0.982740639346524	56
0.026813543096135	1.22712196117697	56
-0.061109852462304	0.626980418608686	65
0.109138170079251	1.05220507504852	475
0.048507110797321	0.791843145396934	475
-0.036652182425749	0.67512856249137	475
-0.051471290588324	0.551401968103287	475
0.098702812551489	0.794870771151017	475
-0.119038983728101	0.431811868827878	475
-0.097788475422554	0.497878030790668	475
0.024678304488261	0.682234473019315	475
-0.109625597929479	0.598218716498703	475
-0.074153375229207	0.602434080664997	475
0.051205834448377	0.858889730589502	475
-0.084054677517716	0.619074332245622	475
-0.120916679549555	0.515068040716339	475
-0.074052679243114	0.697597337974524	475
-0.115568706095531	0.692568113421696	71
-0.11564271494969	0.789686897204738	71
-0.111798034882137	0.469000064736333	71
-0.099190614482393	0.650566032413942	71
-0.079473913189443	0.619705448579645	71
0.089594917699339	0.788358404391271	71
0.05778425858259	0.793276152293772	229
0.061033409063028	1.02296591867093	71
0.099000276298564	0.487970137604504	71
-0.091674456104394	0.433441475965929	71
0.00670322529689904	0.893934609832142	56
-0.066363435663395	0.584203951972065	56
-0.097360211824943	0.460518737561697	56
-0.044133216840136	0.80425551305895	56
-0.099132080664906	0.510305545122454	475
-0.034705360127398	0.927173792657455	71
-0.108495398777503	0.65816053099599	71
0.099814562469468	0.966455178529568	71
-0.050335622677883	0.653359699428355	71
-0.120543234034121	0.720500579284684	71
0.00466735436930699	0.674772966669992	229
-0.00791865418467203	0.606088113002194	71
-0.097446003175942	0.479367118034294	71
0.100465530139845	0.729720414763126	71
0.056049245086597	0.927992465991712	71
-0.033567224195006	0.674785257626489	71
-0.012096252874048	0.487368002407198	71
-0.046544130536033	0.448177930712451	71
0.114048161845705	1.57560663155142	65
-0.046731351933614	1.0667193374449	56
-0.027856166355929	0.968618246542918	56
-0.10569402810903	0.885203695404665	56
-0.092251056950255	0.889227196362257	65
0.025908657666323	0.965446477298688	19
0.084992726202517	0.624618141215764	56
-0.090583147544172	0.501356593184277	56
0.00183985023250299	0.539572153285525	56
0.094038206250203	1.36572931160926	475
-0.065275764105107	0.572910044901097	475
0.073309402166669	0.936708060060797	71
0.00573389158215498	0.608335625343584	475
-0.082778202235311	0.435239448274049	475
-0.013076840415297	0.875645744288693	71
0.040458128607042	1.2291170506321	71
0.110880869847517	1.47093833266785	71
0.00886683586974701	0.605806955897073	229
0.014820593713379	0.53368624499465	229
0.051313370863778	0.77901567243194	229
-0.086366074147396	0.438483584947039	229
0.048737954969423	0.538673442145455	71
0.0209658894465991	0.895836501762717	71
0.0296002518752611	0.369301664275605	71
-0.067348526236399	0.682362636089394	71
-0.01071352030074	0.880693229972116	56
-0.105187218080764	0.341696154267739	56
-0.032707368422906	1.05769036432365	56
-0.068017031550093	0.618951920123895	475
0.09333468485219	0.784448358865068	475
-0.051688402660105	0.796406678795134	475
0.096089369810597	0.716212917538513	475
0.058411138894327	0.634202240699251	475
0.040290432183929	0.51850566820087	475
0.12278253889756	0.747732690099829	475
0.0425053786463691	0.863546220740733	71
0.042053502867355	1.04366901011481	71
-0.033072414372502	1.06887574554791	71
0.017562787718948	1.2794149980021	71
-0.121637617464821	0.671058813708857	71
0.077128738309509	1.00175892960056	71
-0.037044361727094	0.438502692530563	71
-0.030852372177186	0.605296379421136	229
0.066603655652243	0.519545449561478	71
0.117712618189915	0.628468007962714	71
-0.006739330092637	0.682935345251534	71
-0.049007462565871	0.658619935883389	71
0.016735344488464	0.344473742001772	71
-0.00990072271319897	0.357678012348643	71
-0.119474649754036	0.244929288729493	71
-0.023382381831233	1.4093819644017	65
-0.078519524005413	1.25579750726058	56
0.010778179358405	1.26847876200991	56
-0.018390401229148	1.1331829253828	56
-0.013922710745906	0.605213217663255	56
0.027666749459225	0.719265007884522	56
-0.118556488098065	0.931632219415919	56
-0.069118767389945	0.553635342043939	19
-0.081133710649409	0.886731972236823	56
-0.116429856637767	0.489079431450183	56
-0.124411625128449	0.416912211967013	56
-0.114538462129702	0.409958938810817	56
-0.117349257756324	0.613924243132646	56
-0.022633640430468	0.668692844440504	475
-0.018250980095455	0.934287188919961	475
0.03522778515956	0.869373835608304	475
-0.095792403338371	0.426257165980149	475
0.0489537009225271	0.744333803208509	475
-0.08261347614762	0.557525548991377	475
-0.077962630073071	0.485346853044129	475
0.047295039937453	0.549526380908368	475
-0.078203267348261	0.504078923664213	475
0.013867054686294	0.616246956076127	475
0.0847179130792171	0.769122827957414	71
-0.023296307988359	0.910222280923289	71
-0.043340402625678	0.75660957429497	71
0.099333643907466	1.29409148824572	71
-0.117786140751508	0.599535024828906	71
-0.074333711120908	0.897267564274101	71
0.039914366835768	1.20422011697804	71
-0.075005583998727	0.78627487025246	71
0.092202260185647	1.24172783901599	71
-0.090820047250123	0.76899360346978	71
-0.055745820503277	0.425625449617741	71
0.012441734429682	0.500185605938833	71
-0.083605886761306	0.727492506380954	71
-0.121847677550203	0.44429169783542	71
0.047199901386171	0.947354411481685	71
-0.037962943841274	0.604486640514874	71
-0.021496351132057	0.595574978081322	71
0.02258660147178	0.538204432280523	71
-0.070677284553903	1.41252774768007	65
-0.086108263128022	1.12610868244547	65
-0.089029149464301	1.10987203773976	56
-0.058107980145101	1.07259806393049	56
0.109313808269629	1.15040619919298	56
0.121031731985685	0.814007133967875	56
0.017079915077217	1.40587634802152	56
-0.032890066930985	0.951894928212991	56
0.106535411090061	1.2296281404367	56
0.066149868134771	0.851729376046375	56
0.090863438424264	1.16495236100483	56
-0.021343776797047	0.747791674184287	56
0.052560567510727	0.881524655709607	56
0.095711231709222	0.892814061963854	475
0.067791739919655	0.829383315206034	475
0.107972445318876	0.737849902034543	475
0.00560874247919496	0.670741415131288	475
-0.123052119338136	0.446650102946011	475
0.041039099777275	0.788314892623788	475
-0.113777628108158	0.516644600549673	475
-0.032274681918228	0.504941515587295	475
0.018076070930428	0.742310083117424	71
-0.093824904327619	0.734467349246765	71
-0.100926357532421	0.514687184661369	71
-0.014821161477817	0.804657660469341	71
-0.032215807620591	0.753469612319055	71
-0.019295144482147	0.680123940117973	229
0.054678641209467	0.71807788256601	229
0.031625237981447	0.776435650893155	71
-0.027628206054062	0.586096895538458	71
-0.042865101006704	0.593565843032644	71
-0.114763198132164	0.54091105241265	71
0.062545999653431	1.03762339535619	71
-0.076936273422363	0.528878817343594	71
0.055159902299568	1.15128621781049	71
-0.119808183744419	0.335453100784547	71
0.025112622106788	0.770117212489378	71
-0.109540846722388	0.693942334312458	71
0.086988936617543	0.916130430332402	71
-0.00144866771915397	0.613217290928977	71
0.050150144843591	0.61899440319613	71
-0.034506333590513	0.597932999772017	71
-0.102537031179516	0.490182561641869	71
0.114746946835064	1.99469009323984	56
0.031606400530412	1.80587592342806	56
-0.083388285988096	1.48721712400354	56
0.070897406923447	1.40658942914899	56
-0.07861013041514	0.711620652783378	56
-0.120083178661894	0.426713199675853	56
-0.030215221764881	0.846552018620294	56
0.033989051485933	0.92253643556917	19
-0.121330843364834	0.459506309379933	19
0.10553013396745	0.955663495757176	19
-0.043790667445536	0.757134621296625	475
-0.02221914994161	0.666706098717267	475
0.124232020853837	0.734864191852992	475
-0.012335677164748	0.673781795494845	475
0.11456915287623	0.807898046954763	475
-0.062947155753659	0.506442430156941	475
0.053764759832618	0.688723064311617	475
-0.05347426320174	0.737554265362686	71
0.053122533148727	1.38702979926412	71
0.107113872540327	0.824316571437715	71
0.0603988619954	0.945506620783396	71
0.00212382393038602	0.717869042536415	71
-0.00273187681103199	0.525030749291959	229
0.044250295400977	0.791110191029583	71
-0.020290406701969	0.655190052582316	229
0.048974894016967	0.76742346161224	229
-0.074512357052553	0.502951313959088	229
-0.056001788377941	0.520357683602274	229
-0.019748465125728	0.736813189075281	229
0.081245885432728	1.29529416297432	71
0.037030721259227	0.469831021462104	71
0.0549027264857051	2.38185686121085	427
0.101526920912897	2.37576723525048	56
0.00377696899543001	2.40928272699176	56
0.067947418212136	1.99225545422368	56
0.026491857933049	0.854323823372811	56
-0.074210985499594	0.602217601529621	56
-0.090324427303275	0.746882427711742	19
0.051248563948321	0.703591111485667	56
0.111752627190596	0.888656284975204	475
-0.077538718340755	0.381309311974605	475
0.022060888972501	0.623961236278906	475
0.091261122843927	0.735526273297666	475
0.045292541079793	0.540835330326327	71
-0.10839059142959	0.647869125478876	229
0.052377700650311	0.739519574556248	229
0.09420546084795	0.743193269554043	71
-0.023261358367175	0.690093570262478	71
0.087023441504568	0.834368571207352	71
-0.052611577117847	0.610835412330436	71
-0.012287662142365	0.615656212950867	71
-0.094197156705564	2.3461194290891	427
-0.089444988328744	1.84277441936524	56
0.014518184257029	2.4273911362632	56
-0.081344114928361	1.47029962200103	56
-0.025853659007927	2.03967704762209	56
0.049231805523339	2.19156009601341	56
-0.01398699976044	1.54166373812365	56
-0.074041143413149	0.343109284639126	56
0.016965540286944	0.973592946812071	56
0.117950792653382	0.738825553002342	475
0.072594131113257	0.866596919000671	475
0.012569874281077	0.602604618139698	475
-0.00852266777925997	0.531821302943145	475
-0.011873593310471	0.450481717763224	475
0.016587332000594	0.469240325510911	475
0.037129132896683	0.462946358280631	475
-0.041092040191078	0.351801313964684	229
-0.1090266868104	0.599613276952773	71
-0.037679766897453	1.02638514749964	71
-0.063270568859795	1.08910942282468	229
0.051113259676588	0.434785183979219	229
0.108822695256091	1.29778743825078	71
-0.067403105210498	0.96920818112912	71
-0.087048944251409	0.602279059336713	71
-0.023929646523464	2.10998704956309	56
0.064124856032031	2.40376375791559	56
-0.044711970817621	1.65864146547332	56
-0.07428325934432	1.01593270859549	56
-0.111587632521771	0.336721846968552	56
-0.057177901311267	0.603542339260083	56
0.038826499209237	0.448413163498799	56
0.0668962636266181	0.468760860077438	56
-0.066439548434682	0.684689111018259	56
-0.104222048903838	0.339600728804496	475
-0.048607871812821	0.947167118536318	71
-0.107738235979847	0.840948372138745	229
-0.052513938991559	0.696935454277683	71
-0.109038298820513	0.245074305289449	229
0.015736880803472	0.254354657734278	229
-0.041088679595441	0.25259566462401	229
-0.088742470606921	0.246190362381173	229
0.109609642871664	0.279634542586072	229
0.028785413663833	0.257270647681597	71
0.025593826481278	0.366704016596525	71
-0.109024786490211	2.49788114947394	56
-0.078650998236433	1.44107350847043	56
0.075050112089141	1.52807223625832	56
0.014337872119866	0.44457891421568	56
-0.11874815380929	0.237136778720418	56
-0.10614385143262	0.334262210555962	56
0.014092388872859	0.546452051436956	475
-0.015597143072409	0.500627140888315	475
-0.102758317762197	0.506536272508855	475
-0.090662980961097	0.414698472756236	475
-0.118212711733312	0.422157165950413	475
-0.041353519625758	0.42799911204726	475
0.030209961102587	0.546634907110406	475
-0.044802751487296	0.356173835547834	475
-0.017894641351633	0.357486113520694	475
0.0213779213381931	0.360980850652078	475
-0.00780445605143898	1.09528479168449	71
-0.085169795126637	0.348198284578026	71
-0.043354814838956	0.356897157236169	71
-0.044865882984106	0.339878211628678	71
0.091836626170448	0.568992524306766	71
0.030279411784807	0.53971485497491	71
-0.088105352636577	0.234203171085363	71
-0.082066343840559	0.249095695112046	71
-0.087822182955401	0.248338620855508	71
-0.08177352862647	0.79965234208616	56
-0.022883939681806	0.962795972026082	56
0.106729920389973	0.478470839933016	56
0.056579508932066	0.367021086101453	56
0.064901554807801	0.375829510235263	56
-0.035161713470877	0.356056234215445	56
0.077786800701951	0.47471507285219	56
0.064673626960864	0.721060215237324	56
0.10900838442454	0.693810942756789	475
-0.02870324428118	0.358466592068332	475
0.024204919818804	0.469408458017859	475
-0.029384847068518	0.249359666624973	475
-0.115686655912637	0.244295794328699	229
-0.038513628953652	0.672267541503225	229
0.017715002903959	0.365575066063605	229
0.099383244999364	0.276978097840754	71
-0.098551518962005	0.221982798406925	71
-0.104624224954033	0.320891624883992	71
-0.084633029585171	1.20444713263256	56
-0.079225701677182	0.956071674828767	56
0.00897195572523402	1.15337614862497	56
-0.104176241515288	0.767615724326032	56
-0.018023584957894	0.594069685730356	56
0.022112479523297	0.986860055486908	56
-0.021365814352543	0.529548073452541	56
-0.047940075210242	0.241960214901256	56
0.063681156960401	0.361975597462717	56
-0.031450571324688	0.424836790067161	475
0.055716526440637	0.605240788162108	475
-0.124126891508841	0.235895177705882	475
-0.036904606968068	0.24632154291	475
-0.070572880804201	0.338703533668552	475
-0.00241052641662898	0.511532631219404	229
-0.008455891536648	0.8315852282187	229
-0.032635626705397	0.354843820460456	71
-0.038708785899749	0.363094555840702	71
0.022090769916296	0.371792054331202	71
0.016373404257088	0.260679505826432	229
-0.095706154859302	0.232354450806976	229
-0.035104393498375	0.248695209853593	229
0.023778071807019	0.268794665250103	71
-0.087705699123373	0.839108933043782	71
-0.060984415984839	0.590733786623457	71
-0.044290876892373	0.514296628356645	71
0.120387676055331	0.661672999372729	71
0.109214743833471	0.273451346448481	71
0.060441159604157	0.376237096786819	71
0.00774444022872001	0.60151901484353	71
-0.03893388237511	0.243315943167572	71
-0.025056000276729	2.03716501886677	56
0.0966630539780861	0.717238890192678	56
-0.093367274972737	0.237270886887584	56
0.1027499668574	0.262936979228608	56
-0.117812901062967	0.315952806878425	56
0.114591199076684	0.355551319737266	56
-0.085980710139698	0.248834736537057	56
0.027293402141901	0.965873822792244	56
-0.085369466103267	0.343375250033388	475
-0.08708800768466	0.238382518554377	154
-0.085773403097264	0.240833273750966	475
-0.06220819825453	0.147846194679722	475
-0.111014904165042	0.404226594055709	229
0.108127525175118	0.286693576818328	229
0.111362283562416	0.277686603242218	71
0.109004155777126	0.286758401658841	71
0.10924440730646	0.943880678068689	229
-0.001421467541671	0.530954625410583	71
-0.080312086985137	0.668128921736326	71
0.033218883543336	0.695242075441654	71
-0.117337447224556	1.30923151564081	56
-0.00585467467233902	1.66185813384829	56
0.109067278040664	2.04697759341574	56
-0.081615863968997	1.00429831970805	56
-0.090201934740375	0.810648516562025	56
-0.018966405146515	0.524618806690658	56
-0.052271364684896	0.887667803654234	56
-0.08010915930696	0.406218103017769	56
0.019084122245227	0.364452323576904	56
0.0167711555391969	0.264141525496261	56
0.0167711555391969	0.264141525496261	56
0.042637135210561	0.68309993247115	56
-0.105408486259247	0.481250355301331	475
-0.081694578027609	0.335777198357116	475
0.064872549878816	0.555916584252865	475
-0.083871267314783	0.473935140990589	475
0.065360472596494	0.370115706885678	475
0.108868771561863	0.28586578728005	475
0.016828096305084	1.0572688487808	229
0.00924237349998203	0.34849966958112	71
0.020700302571192	0.258998608932061	71
-0.035603142787189	0.25489489088347	71
-0.015739934042642	1.03035870898592	71
-0.00805157783472899	0.894937196443345	71
-0.00709919518287	0.366262329251511	71
-0.044392747678128	0.160472883725614	229
-0.054051574816429	0.228776496376485	229
0.100389117082717	0.272834998853164	229
0.123132711265033	0.368082985907412	229
0.10320803681388	0.281778725345855	229
-0.026752291836867	0.809690118495703	71
0.005672300585848	1.11280004161289	71
0.049395182013169	0.62125360094149	71
-0.108147689952757	0.579110693233583	56
0.03157504634861	1.0700286731556	56
-0.103706128061423	0.716746406833671	56
0.046124622668143	0.539122589657962	56
-0.034588691030572	0.426011984434406	56
0.07918097409286	0.820852962336394	56
0.079385580799657	0.368831003100883	56
0.072966996500491	0.568007152904146	56
-0.039258184130823	0.255488161361273	56
-0.017740197845556	0.362720945976813	56
0.081480303229619	0.787287871657209	56
-0.111603254294728	0.343453636276747	475
-0.0931911138097	0.42727586213715	475
0.044656902937159	0.636409130634187	475
-0.074961351439256	0.24163464176953	475
-0.016935340747384	0.334157774399616	154
0.06987343980992	0.477101081069568	475
-0.090462574449165	0.240347259083773	475
-0.114035962946588	0.239869024798232	475
0.020177767454157	0.35926944260536	475
-0.110356887590695	0.524605216209101	229
-0.052108041869953	0.652658679446008	71
0.011271642589997	0.336530455319929	71
0.012103327266115	0.615106451669778	229
-0.095410581598021	0.415228822593018	71
0.123171148078804	0.747975168105259	71
-0.056669631066612	0.568915826826039	71
-0.086400698839561	0.350317499003734	71
-0.060976397210759	1.58690339362047	56
-0.062268725402057	1.04018958380826	56
0.0309147421842469	0.918924941661881	56
-0.058086056888934	0.360524668540532	56
-0.040156983918956	0.506121384008879	56
-0.054603636078054	0.44483961040442	56
0.085424175064403	0.430218439689262	56
-0.096265041428338	0.343912401775135	56
-0.101474666041992	0.521965494263792	56
-0.108232602688951	0.548421178627713	475
-0.098881258107696	0.516030100971519	475
-0.10100817390919	0.518887618488449	475
0.043405810074898	0.626060718402719	475
-0.106361340045241	0.411813706793156	475
0.096053434080969	0.579138472822549	475
-0.049561657767015	0.437006633347893	475
0.018837184559785	0.351280540877402	154
0.109876855934668	0.481478037017214	475
-0.089166550156429	0.23831088639759	475
-0.119474649754036	0.244929288729493	475
0.027608550776539	0.545299086559005	229
0.120589528971494	1.03191881991808	229
-0.03663435252663	0.667698927987751	71
0.040704711190316	0.475420195659632	71
-0.073875086619615	0.589686643635645	71
0.064055560239134	0.452029190370535	71
-0.026109888224414	0.449527270767098	229
0.0277462222224391	0.265274260150758	229
-0.104186894867911	0.342160532481916	71
-0.014343385958631	0.36012998153136	71
0.100257918701995	0.276188097828727	71
0.060967665119004	2.41400551803235	56
0.023064805263285	2.09572887277697	56
0.04543482483007	1.33687646520179	56
0.065288067925906	1.27033440688519	56
0.094889396306487	0.475370283264892	56
-0.095696886881853	0.414962103998988	56
-0.081553806958822	0.668586868163715	56
-0.055273260730382	0.681624183467851	475
-0.045219021297018	0.351604681946485	475
0.00550663525912298	0.438942130482167	475
0.0957416838863669	0.628867045276536	475
-0.013401720836234	0.353576736896444	475
-0.086264732947005	0.240955933291981	475
0.0625628638856081	0.632415796168838	229
0.100747923905264	0.555779694178289	229
-0.113053126344997	0.687585294649829	229
0.000239524377552036	0.896713093249651	229
0.093203950449456	0.472462178085129	229
-0.024676834572776	0.732527660757846	71
0.018159904579824	0.262328204106373	229
-0.029258403080023	0.251331638531589	229
-0.096845669055063	0.227974748227881	71
-0.096204098403179	0.23106400268187	71
-0.036087753364863	0.676682890604316	71
-0.054396748347095	0.162653299830411	71
-0.089999460941563	1.39798429073054	56
0.075621379026246	2.07395170523338	56
-0.05478119684659	1.39596442348974	56
-0.058780565352319	0.831551882888038	56
-0.123794108320823	0.728555858546367	56
0.0159046341408829	1.10133308959704	56
0.124945980146793	0.67019664208616	56
0.090942565049207	0.564664423328301	56
-0.023814262578757	0.427594624000415	56
-0.022965173333275	0.499098354243446	56
-0.109196770243621	0.433134924390884	56
0.00843638139257696	0.747392265063977	56
-0.092747723794303	0.354245292298207	475
-0.063113220408758	0.340294884158849	475
0.086312525698139	0.710580236259884	229
-0.054522143789415	0.605762694381185	71
-0.107489362529677	0.495528317595336	229
-0.098416448507597	0.473953471238038	41
-0.04461750369639	0.236190486344943	71
-0.021362813710689	0.350845778461523	71
0.013935303058338	1.68880271860159	56
0.054942610949509	2.13292933713008	56
-0.098862889688309	0.829838080224669	56
0.061056980910332	1.39531926103067	56
0.046594883557379	1.13917013129688	56
-0.033405167664438	0.982938019579754	56
-0.099682425582462	0.433434401799747	56
0.123495620862375	0.704362056758598	56
0.031551778795856	0.76759174570234	56
-0.087559724794799	0.441257415460062	56
-0.013579369603624	0.518585527539344	56
0.093310802553064	0.456958169845405	56
0.069760554449355	0.937874878440496	475
-0.119533510474814	0.344928872480295	475
0.010453782762132	0.500640081548333	475
-0.046548402208896	0.247410132373255	475
-0.048216091179775	0.353898089725038	475
-0.040417715710633	0.235552381542032	475
0.073460326216157	0.571053508403858	475
-0.120619444046281	0.616569048878807	229
-0.074717011437976	0.356834843624549	229
0.073757166437982	0.801050363513522	71
0.00766375294371202	0.673850609928709	71
-0.037400851295857	0.4925678189455	41
-0.010110958956995	0.361111465082157	71
-0.041543640138215	1.33502921451525	56
0.114747377614644	1.22137972102181	56
0.077866292129488	1.5960898379618	56
-0.065289676269864	0.758891888426209	56
0.00272729862019805	0.538748257472081	56
-0.07126708425392	0.425669881025128	56
-0.045705225627477	0.488370121610068	56
-0.110665885341774	0.463610249530392	475
0.0114150785598131	0.456001153984307	475
0.040027033394942	0.541113945418222	475
-0.099442046054681	0.344475566981327	475
0.00687798091718395	0.453673724802139	475
-0.074420607970137	0.43617357163734	475
0.022920176584459	0.522456562243339	475
0.039827750897001	0.767128407093781	229
0.09104561360234	0.809282729911534	229
0.115039163896094	0.94659739855173	71
-0.071620548402426	0.438286669817398	71
0.013642297670557	0.793652717178907	71
-0.033568222640673	0.439786163136657	71
-0.052388327054859	0.652205703539545	71
0.102695079268338	0.955731637593615	71
-0.092857092156704	0.53198065209112	41
0.105665550715608	0.583937139515969	41
0.104861309498644	0.590287450737286	71
-0.077255732047266	0.489966507064297	56
0.052671810715938	0.844360644148408	56
0.056120576774921	0.628135651883787	56
-0.122942325326315	0.345398806920522	56
0.030737237059868	0.786958438463213	475
0.123970645415425	0.560993777958752	475
0.10892479693894	0.632397056885477	475
-0.036063879125286	0.438511466680364	475
0.0160403943765119	0.823545059165611	229
0.0568143501362141	0.978518435252751	229
-0.011550349462869	0.68976492029933	229
-0.108039168851301	0.348464165573464	229
-0.040772867281048	0.354892484265506	229
0.00595657073951605	0.462955574035653	229
-0.042695819543292	0.512319579091869	71
0.00534892026825296	0.534310256509644	71
-0.010854280063169	0.358197890310605	41
-0.107867780144025	0.324007387475191	41
-0.06851743559012	2.42075205924595	56
-0.01523290674143	1.86691739278992	56
-0.048146557447302	1.30758604479658	56
0.124455360409811	0.794107567543067	56
0.06152723780285	0.939415849126367	19
0.101723120108723	0.272137987682696	56
0.064563405956354	0.477460784188889	56
-0.039749206594156	0.676036293863019	56
0.00682251917819299	1.05330642977575	56
-0.091743684063092	0.330569944074157	475
0.095480777421451	0.654004498394601	475
0.022851987044575	0.367833249556896	475
-0.016251428075453	0.361103834334092	229
-0.045211172085123	0.43735532194437	56
0.108127525175118	0.286693576818328	19
-0.09902102687406	0.427495476897772	56
-0.119518659729126	0.238819792002159	56
-0.01222495458533	0.354406322557527	56
-0.122474281366539	0.500185299502751	475
0.026702955075891	0.370558381463788	475
-0.098808618436039	0.385791009971171	475
0.113872238746699	0.365725511364643	229
0.021929452857526	0.362670624208535	229
0.111434075692322	0.276299830241545	56
0.015622676159426	0.257727383248193	173
-0.033168828087724	0.486389986560584	56
0.030974889949538	1.02756265223511	56
0.013284157596378	0.361612639417573	56
-0.089877851967187	0.237451376088798	56
-0.020244246350598	0.348908109107576	56
-0.09733899329738	0.810362744391684	56
-0.063967118161547	0.574665842931866	56
-0.089683248551493	0.240424259453451	56
0.019517148852125	0.255977329410127	56
-0.097352654994564	0.436921217954946	19
0.108339374319333	0.274560719189458	56
-0.100129844557772	0.749883158745345	56
0.061200731512086	0.551678965304276	475
-0.104661249744752	0.330324411450671	475
-0.047576373886063	0.245785035547106	475
0.116809554577256	0.177679351371807	475
0.112647739636594	0.185389565642619	475
0.103815405788893	0.272230046720672	475
0.0191776053120259	0.259348767430264	475
-0.033931605017237	0.255914363453013	475
-0.064912000100763	0.150591296162809	229
0.016910638352521	0.262955097225191	229
0.100257918701995	0.276188097828727	56
0.013843454339545	0.255570810820351	71
-0.108921582720958	0.83265493805282	71
-0.107874695879826	0.42853672345363	41
-0.105914091135485	1.89698018757955	56
-0.084491234902546	1.48707334742971	56
0.025492832766232	1.74241779323036	56
-0.028763428664909	1.34595016020443	56
0.0232389384410711	0.8010731252907	56
-0.077523751087621	0.504482649289906	19
-0.08020471906604	0.248169003314009	56
-0.087612409123143	0.24133916994746	56
-0.030815433604666	0.616505170439404	56
0.073356344217535	1.28228252144329	56
-0.067111194221629	0.348965591038068	475
0.017016078120519	0.470121007571566	475
-0.038742524131226	0.253503643604697	475
-0.059762243839787	0.153542881211051	56
0.022310504135725	0.659411301840161	56
-0.024720437530058	0.243768026800827	56
-0.050440589207042	0.15662695845597	71
-0.086188893372311	1.64705221034739	56
-0.022238099228821	1.0991665020441	56
-0.068670130160615	0.236278999691778	56
-0.038215695125103	0.252650867595504	56
0.092795650455745	1.03810753105623	56
-0.086901595975242	0.249197322395446	56
0.113656278771664	0.272161832052617	56
0.117468462347345	1.58517055083462	56
-0.060810532004869	0.511668115816398	475
0.115022419621417	0.478178643075668	475
0.021845994723162	0.264148445478782	475
0.025439569256436	0.247522769136694	475
0.023634554881356	0.267965507910143	475
-0.051715185497741	0.235463777474626	229
-0.049322147603913	0.499569308822918	229
0.09970524836105	0.266232314529486	229
0.021988792302724	0.268514362548403	229
0.112647739636594	0.185389565642619	56
0.00942725036854197	0.351884032325769	71
-0.044204511457119	0.247222573796498	173
0.0544908687685	2.49933061760283	56
-0.00596719379115801	1.32513744061554	56
-0.028851776569067	0.515289081268126	56
0.053198482188075	0.460922119994857	56
0.12228984425062	0.38749191131607	19
0.057880385749071	0.633910629605979	56
0.116305016102578	0.471119778843337	56
0.112339357050398	1.36526709574099	56
0.064756238331985	0.37921807587605	475
0.117810353092563	0.380802665927064	475
-0.123023059018313	0.720873352330405	229
0.060072802062377	0.940597547591825	229
0.026322171665175	0.356879588005904	229
0.025002639656453	0.821980202612492	229
-0.041466492818962	0.666914207983235	229
0.0605648223238901	0.934463370222991	229
-0.116172653522573	0.244252694304894	56
-0.017204914288763	0.359446336251075	56
-0.086122651836353	0.247338208067854	56
0.038534686971632	0.992586294216575	71
-0.052837172691068	0.741193222171533	71
0.00642131005227398	0.232979137744863	41
-0.099340987952591	1.27755795689725	56
-0.067899650780535	0.416248097708122	56
-0.023659071560968	0.342809297030472	19
0.023634554881356	0.267965507910143	56
-0.055593994499806	0.564257094495319	475
-0.023929950925728	0.444547129389531	475
-0.041738627532796	0.250226338272874	475
0.099882495694625	0.189802499735134	475
-0.033931605017237	0.255914363453013	475
0.020607962041668	0.362916426278607	229
-0.061651416608901	0.639584448392405	229
-0.109092128040873	0.871610281320649	229
-0.087822182955401	0.248338620855508	229
-0.0407379035559	0.72446589424194	229
0.024176072276026	0.258819060817534	56
-0.078509937149472	0.249277470114438	229
0.06010608849636	0.364723094653218	56
-0.036943214048491	0.255265935942314	56
-0.086693058210302	0.241585182949587	56
0.122409665495061	0.66556895098728	71
-0.09818969074144	0.223257685202477	173
-0.062963780452492	1.38675696266743	56
-0.123720360689586	0.40908590248175	56
0.120508173896109	0.375244030783396	56
0.059251354074514	1.71116298778842	56
-0.063584612088385	0.670669989309137	56
0.01649139134624	0.249704905820572	56
0.101401847638128	0.186470065336974	19
-0.054478723911809	0.159509279653994	56
-0.050711630521416	0.160705257369509	56
-0.119395053108756	0.829521006580042	475
-0.11137772633078	0.334179032555464	475
0.102132045563891	0.186772939024416	475
0.109609642871664	0.279634542586072	475
-0.053483547886427	0.163543065590241	475
-0.114728381724876	0.498474713107168	229
-0.044518394644538	0.155324822123667	229
0.105540363795595	0.196883836529778	56
0.109445790014745	0.192936241963981	229
0.111920964376254	0.188915238265414	229
-0.039116483310901	0.251648389849684	56
-0.043809875392559	0.713143475821453	41
0.10367210198169	0.19256980157576	173
-0.057942993818106	0.157837135508987	173
0.012667984896332	0.256609713537138	173
-0.09409695570829	0.491333642495835	173
-0.060795944319645	0.879205308863025	56
-0.100897148368364	0.344333652199028	56
0.020845484770568	0.453301216734213	56
0.121903415630114	2.46067747259856	56
0.069542350079658	1.88274049471563	56
-0.124350852939859	0.591255756248896	56
0.107992218193391	0.283519262852047	56
-0.114102112998226	0.891396412592864	56
-0.065087501148985	0.824437355038657	56
-0.00983949678308399	0.778229415160815	475
0.044480020635971	0.826382767151324	475
-0.035856793988384	0.24425007476585	475
-0.054478723911809	0.159509279653994	229
0.107992218193391	0.283519262852047	56
0.104826057528392	0.281899977544189	229
-0.055047950567545	0.160476366144499	56
0.064974974174024	0.340144086511134	56
0.106261717682182	0.192838259478629	173
0.030872639521448	0.459196246800455	56
0.018767239220096	0.261554448956454	56
-0.084587358853517	0.769184799601613	56
0.035996569975572	0.845916450397614	475
0.110349717605273	0.992455685084357	475
-0.046165245012078	0.430973138224197	475
-0.096114556851819	0.419830315510062	475
0.108961785138113	0.339279741428865	475
0.006723646269437	1.07338506473539	229
0.016593512439506	0.843601827506697	229
-0.123431801554342	0.236278827791564	229
0.049688031876426	1.06734792050612	56
-0.124187015520896	0.227022413141662	56
0.092063336221531	0.462715853262909	56
-0.082287141457307	0.249889478280184	56
0.009611062776399	0.443721194351666	56
0.027651149062462	0.707930842463552	56
-0.043272050791755	0.241400339922174	56
0.020556021233216	0.260455862929708	56
-0.069998131321305	0.510085060286783	71
0.0429901819471989	0.836627745292307	71
0.076590183357324	0.364415285610559	173
0.016524576390001	0.367860161775571	173
0.044685160326329	0.618870179275845	173
-0.016047125284139	0.514431957420111	56
0.098952681887659	0.190014654245685	56
-0.096916239517378	0.212428889965614	56
0.124307358776449	0.384267162620378	56
-0.110548367602963	0.715406171468677	475
0.051202543756768	1.16171311612566	475
0.096740559883877	0.916151735726989	475
-0.098199112655422	0.423303504849724	475
0.044084924383386	0.712122842302131	475
0.114688634736777	0.861261983949996	475
0.055731614586822	0.342473552580217	475
0.024270465328993	0.364623794044433	475
0.063045571310548	0.376124639845542	475
0.104826057528392	0.281899977544189	475
-0.034059054699636	0.253053467797206	475
0.019052258143508	0.355767290439495	261
0.108868771561863	0.28586578728005	229
0.107992218193391	0.283519262852047	56
-0.06021564276851	0.151686920781775	56
0.020378360794451	0.372744444760596	173
-0.109744388811905	0.427617973542965	56
0.020215756978498	0.527613528450612	56
-0.037056427289376	0.453621416609161	56
-0.105051963016079	0.511887235716848	475
0.094963934179837	0.810338553474041	475
-0.07358915177101	0.566951632910796	475
0.070605660195936	0.540745506004277	475
0.028074781834447	0.551110611552545	229
-0.077336399253361	0.414933016837471	229
0.079630606912356	1.22609735506858	56
-0.063012725057892	0.433656176068535	229
-0.089468475457561	0.406036192843105	56
0.057344357953845	0.562293152554104	56
0.022091404568453	1.39392662974343	56
-0.109831973523404	0.882822968876421	475
0.069173540183977	1.25122747158703	475
-0.02551871731507	0.947098635291149	475
-0.006648349062993	0.911885191155173	475
-0.098604596366316	0.572405264735714	475
-0.048355456768194	0.971327990653713	475
0.00240609694791705	0.612077571534643	475
0.063305125247562	0.618828645319029	475
0.0307367200829179	0.687536105974775	475
-0.00814538194833098	0.523444045418591	475
-0.069415272140782	0.425127088294168	475
0.029283172481457	0.594654437495473	475
-0.043371360300515	0.440856006595757	475
0.116606311760805	0.721715563661992	475
-0.120924959106194	0.387820032749611	229
0.040041562057217	1.29276816231208	56
-0.0536686501997	1.12362167838973	229
0.06287005497057	0.538277693858955	229
-0.073640788926098	1.05662448215794	56
-0.054296906143015	1.02117637307525	56
0.0410024292314221	1.50077744955267	56
0.070020486663772	0.648800622837729	56
-0.12208438802914	0.390680388913863	56
0.11973380933687	0.748690411800798	56
0.00446041351258897	0.525909427154055	56
0.101297640372445	0.582182314493329	56
-0.049034408636859	0.433199838865598	56
-0.010687821617856	0.533055567588054	41
0.107888831037021	1.25361321850111	173
0.03689452299306	0.951834125467158	173
-0.037788596114851	0.352753603850874	173
-0.00359806553869602	1.4252124159421	56
-0.122381257906142	0.744642546022414	56
0.101939230420649	1.8517155126043	56
0.063110057718045	0.609358827142863	56
0.0491481595896131	0.818464743956414	56
-0.058376400102968	0.428555402201105	56
-0.113771376013189	0.341162235154685	56
0.022557267570495	0.708283763858929	56
0.028487881225131	1.15261973183423	56
-0.072403541720004	0.801386108874173	475
0.054375850178209	1.27143019701003	475
-0.051968248333076	0.695382430510874	475
-0.119866365164663	0.650125109530161	475
0.0634775913211511	0.638042200489183	475
-0.045661213570934	0.511118316550551	229
-0.09728086118636	0.657855345072534	56
-0.124740790345967	0.778405237153322	229
-0.08235476176407	0.725192338009875	229
0.028726046179647	0.692310065949117	229
0.030216611152295	0.958872264670598	56
-0.109398286372859	0.370675725115493	56
0.051479705934748	0.624102426534559	56
-0.11534317491442	0.32683434712172	56
-0.094623702407497	0.46485815179031	56
-0.123571826632209	0.504127529621519	41
-0.074890151425062	0.526049484410152	41
-0.026658641611363	0.882106363797278	173
0.02540587210692	0.368500339760794	173
0.099830110933709	0.564113953017283	173
-0.111229004951372	0.348974965584153	173
0.063413603535928	1.86674473650329	56
-0.00507463261252	1.53499006374506	56
-0.073864997549663	0.827569622409183	56
-0.02563036632572	0.871337942801295	56
-0.119319478842713	0.638523723174521	56
-0.033080062484788	0.54927445641923	56
0.04564345855944	0.709208568091305	475
0.015473542522045	0.515479411974652	475
0.089299821174801	0.953200695094464	475
0.000207740870281969	0.654230666940632	475
-0.076833932454241	0.750090581261745	475
0.094326186257716	0.961628073441035	475
0.090175303933289	0.953078291166207	475
-0.08446980102991	0.676306981397796	229
-0.118122205241895	0.711061783428537	229
-0.051785158575553	0.424864269973071	56
-0.00540849367621799	0.780750479378992	56
-0.10200272593449	0.681847558926263	56
-0.091054676353521	0.601536682520917	56
0.044355720928419	0.542619116642624	173
-0.067481570795061	1.35207961986734	56
-0.027569796112822	1.13395678779655	56
-0.115108077998253	0.681216439533787	56
-0.069395432972554	0.881128165612869	56
-0.117075735185533	0.837143222319249	56
-0.032723906241171	1.0107243115072	56
-0.023817229361815	1.0900629530198	56
0.02077748807574	0.670944298717273	475
-0.110472897520943	0.421682809683968	475
0.01835479223017	0.696020714952747	475
0.056538460327153	0.877679683424192	475
0.010808381874443	0.7755227300132	475
0.056060693260795	1.01345171894512	229
-0.112550191904876	0.649537531077243	229
-0.013306938532583	0.976987795746958	229
0.00822810980942002	1.14939594420853	229
0.122877926699355	1.26330190594335	229
0.05773861562522	0.941623364629472	229
-0.097133172700235	0.591322228286247	229
0.021720367000573	0.678825017050551	56
-0.00764010178844499	0.700579673108996	56
-0.049107220269492	0.583945941220452	56
-0.000203297022218996	0.620487522894045	56
-0.101267609465549	0.571885639314732	56
0.090086127241952	1.16255219064719	41
-0.001095834128995	0.61250721413873	41
-0.020886892731535	0.50522316393494	173
0.014591555091041	0.6920448614652	173
0.115554987868978	0.930455223132318	173
-0.110148839070396	0.34452374012225	173
-0.102626662384625	1.30026797446811	56
-0.033634363579672	0.902943438333908	56
-0.06784363212755	0.78975672705476	56
-0.049527802010468	1.06989462412209	56
-0.064654918190854	0.556731529529994	475
0.0296988256859631	0.850614643452509	475
-0.057210156472426	0.709331675252617	475
0.079992926361884	1.20312704911672	475
0.010375923131124	0.798577603593863	475
0.11267318282352	0.903327307968726	229
-0.055473109486742	0.980626070377007	229
-0.023737003842505	0.752814366832026	56
-0.067144712593414	1.10913867873597	56
0.01312927621648	0.77081323243625	229
-0.029740484196655	0.735206737379189	229
-0.07415255041866	0.57627027188405	229
-0.054456681472902	0.686981441046783	56
0.083627768520788	0.798457855065854	56
-0.117026178779281	0.497985028552922	56
-0.037711152399681	0.574417896945767	56
0.075254535453485	1.14690726792141	41
-0.04992214525465	0.827916639350771	41
-0.003180411982943	0.52014736104068	173
0.069648164094115	0.849066118897339	173
-0.07843328245299	1.81523094357397	56
-0.021570935841775	1.85555322633628	56
-0.117859127790709	1.13830667447212	56
0.0926948951031959	2.00504819768789	56
0.109743418961922	1.01272106503368	56
-0.025122745295771	0.679475537215717	56
0.06624761697273	0.859533171139614	56
-0.057122016659876	1.13899896573631	56
0.022920494982919	0.967000322956034	56
-0.032816118764791	0.550602604369858	56
-0.07261377673024	0.59502210580154	56
-0.013820402418706	1.06942242296238	475
-0.00495861066626302	0.618769986101756	475
0.00876135136902501	0.620249896553228	475
-0.122041552644044	0.436252574947746	475
0.09199845687372	0.780073909543082	229
0.0458888070886721	1.46584735029495	229
-0.075117392687951	1.07584596520069	229
-0.039638869498037	0.964995735598454	56
0.122514484736003	0.896395626090924	229
0.107603300197356	0.871511703716184	229
-0.117052926980055	1.07180462706437	229
-0.019335820923101	0.6004043694744	56
0.011400014326827	0.915072900882116	56
0.110160517084134	0.672576079394967	56
-0.00270125681690497	0.694112460832567	56
0.014453761658808	0.460389690864689	56
-0.061023561130512	1.13666051277544	41
-0.014017576032688	1.0932084301142	173
-0.039242528236942	1.07551092322936	173
-0.064856444653095	0.436105150777593	173
-0.008873378493926	0.532116319400026	173
0.091147315532174	0.623119183246403	173
-0.00922431279573899	1.50570955434213	56
-0.118839119148497	0.984030760503948	56
-0.095972005206392	0.627196998989831	475
-0.031583533343738	0.600057490546658	475
-0.118130435832159	0.652732467130435	475
0.025783597995378	1.00375999731066	475
-0.035296960583271	1.18246607817174	229
-0.067053474130793	0.911235582608145	229
-0.016913151704804	0.631925483628139	229
-0.031523256889823	0.843809925847386	229
-0.058469731801217	0.743115028592935	229
-0.124521045839612	0.570801676950199	56
0.021566396173454	1.11842857276261	56
-0.051114908327613	0.809080902649644	56
-0.00286350349215903	0.968923701160954	56
-0.121350752055194	0.590669841398803	41
-0.00257784259710098	0.822570840111794	41
-0.03091612471047	0.444018945287324	173
-0.02789432503227	0.601204127170081	41
-0.063679591331035	0.420135204072049	173
-0.122053806337094	1.22973178361999	56
0.028215131769597	0.450148218427843	56
0.112007351550219	0.724852802173233	56
0.077312911854469	1.01501881372533	475
-0.057092842213166	0.893174764865052	56
-0.048188447682435	0.707430287432795	229
-0.011981658184719	0.929844833209224	229
0.073460326216157	0.571053508403858	229
0.071086539170132	1.08745161236135	56
0.054477988543874	0.837631723883029	56
0.107839687428865	1.12049562440843	229
0.024527208358084	1.4458138295929	56
0.055398735082433	0.54116702395856	56
-0.00958875662546899	1.26969111122674	56
-0.09349787357133	0.223975822266794	41
-0.050520538279596	0.427855155976405	41
-0.087469958026952	0.240728467291203	41
0.108721732381752	0.196947833793611	173
0.105326892600321	0.193060090298176	173
0.072409764911811	0.570201142559854	41
-0.029895255849898	2.2690666126012	56
-0.103135196060808	1.31756908822334	56
-0.122939080828214	1.17672217609571	56
-0.01204983985922	0.343435888216853	56
0.064585918693965	0.373976736821692	56
-0.069650863665652	0.590322871309477	56
0.119825754831898	0.906183894122844	475
0.039261661783106	0.536649208857399	475
-0.0000194155111529759	1.05699311514997	56
-0.124915651156729	0.715452996956948	229
0.094995945671926	0.649146800416013	56
0.031858558976381	0.974497624262119	173
-0.067996259726219	0.581653689968184	173
-0.043556044122765	1.82562005764554	56
0.086138199329614	2.4916855433665	56
0.086184255266009	2.45140746429202	56
-0.087123227623876	1.35369305367277	56
-0.110718285581037	0.34786444457718	56
-0.014186054576854	0.524993512590041	56
0.061965672441081	0.861036771287178	475
-0.112709384891073	0.426034715225521	475
0.109573816523793	0.488921952668197	475
-0.080440971823963	0.435851069288508	475
-0.046465459991624	1.26497468231306	229
0.106791004985946	0.862426013537561	229
-0.087196796856057	0.820899086796657	56
0.02811391194728	0.444529470712531	56
-0.047287404736736	0.430815372083577	56
-0.061784751514076	0.672681150398654	56
-0.114302737397975	0.49843561942955	41
-0.060214089966112	0.928575258052554	173
-0.05110941518855	1.76257602837909	56
0.00683600668320805	1.99716734828908	56
-0.058383709492752	0.725274303426732	56
-0.056776563329754	1.14165263235258	56
-0.082981994691079	0.429920412755895	56
0.113372041727843	0.723927157027458	56
-0.110980727277749	0.506096112757006	475
-0.034296157530513	0.680835727801313	475
-0.038408467026606	0.936840974526458	56
0.023814853565845	1.10662120925091	56
-0.078091501025178	0.883249416792893	56
0.094378376141264	1.57889788603592	475
-0.122237666751603	0.649913185560336	229
-0.085937084079949	0.515724047609955	229
0.070314124715639	0.377544100033662	229
0.048739151473532	0.737412001723139	56
-0.028281797763687	0.327918699919986	56
-0.017698508825584	1.29200296912583	56
-0.025285955486008	0.340480106228245	41
-0.048600447871811	0.435382074546248	195
0.114913447740639	0.745133062988548	173
-0.080586626159367	2.28760626709454	56
0.107959779793714	0.585601534340812	56
-0.092446728946328	0.239648221542365	56
-0.02453257773449	0.49854638429133	56
-0.00178220395670697	0.860028788405566	475
-0.033341223301266	0.492966656759658	56
0.031561568387505	0.439460445291793	56
-0.056111528022545	1.10568415553537	229
0.00974273818750104	0.687673140072923	56
-0.104892629213042	0.426496100166064	41
-0.048555726708165	0.489825225097176	41
-0.090480418672758	0.516212194273881	173
0.022253051379805	0.778148004277158	56
-0.046148923146678	0.569361936254957	56
0.027808573078428	1.11538898006381	56
-0.11761783527044	0.433606092612591	229
-0.04735569608651	1.30756265676144	56
0.010812350193016	1.44743637268821	56
-0.049487653340324	1.37587901161343	56
-0.00330142042964499	0.605586089272874	56
-0.081865140392992	0.527442655665547	229
-0.112248697876688	0.34420541104923	56
0.108024541565252	0.657714836916391	41
0.087215707816135	1.3577062657281	41
-0.035943963713399	1.06288388211265	41
-0.110663745005051	2.4548401435135	56
0.103742172456323	2.49224995553117	56
0.106594606757513	2.39500818342408	56
0.054448768971043	1.91129458467829	56
0.072905168488751	1.95319796647481	56
0.018301312589852	0.975298076780781	56
0.00436116847913903	0.772513891465449	475
0.045938814168918	0.721929173478162	475
-0.068582321168383	0.524229355140286	229
0.053167695847962	0.993241878961672	56
0.0544405499014981	1.05162752182888	56
0.0850111266036771	1.2743263591548	56
-0.093278534349499	0.520471725269117	56
-0.020589428270619	0.623430595911299	56
-0.00932733367192401	0.838500975527221	56
-0.00469968077993499	0.735408651515392	56
-0.118889101702269	0.49767056886716	56
-0.117604173345706	0.751520911371035	56
-0.117468575665931	0.822833617561147	41
-0.104826147319645	0.639181141892371	41
0.014976862772302	0.618492157622588	41
-0.02537581438729	0.886371734173068	41
-0.080893851782293	1.58301931487061	56
-0.121179840680797	0.650670759430513	56
0.021302332418434	0.822458809756987	56
-0.104048652522295	0.559308230135334	475
-0.03155686184662	0.740061812662849	229
-0.000205211303555997	0.966741425203731	229
0.0847642435352171	1.29286475606913	56
-0.082389900733419	0.571761679530389	56
0.00224879775266296	1.08782042697736	56
0.12103686207908	1.56003223275705	56
-0.110144733365691	0.661922540572373	56
-0.036424588011851	0.881154322956922	56
-0.082472029230498	0.873803988660643	56
-0.077766750208074	1.76257370000126	56
-0.082455119780044	0.856451357186687	56
-0.015838876312025	0.752469901509184	56
-0.015748224239888	0.921679295972327	56
0.0260474808583731	0.832356811173846	475
0.048250408389812	0.997505518008215	475
0.00457239094978501	0.739335291313996	56
-0.072439903163738	0.576006775143249	56
-0.029145420327412	0.851844111899607	56
0.088233723489844	1.06714744300416	229
-0.106618257376559	0.500379538516219	229
-0.036585193453328	0.776635288264182	229
-0.082360516579705	0.644913295860158	56
-0.102538591157938	0.660171516086481	56
-0.073912680229055	0.487211994850238	56
-0.124151520252482	0.635660564952992	56
0.076119224875871	1.00884338193697	56
-0.032627100718036	1.06102041531366	56
-0.071128066299579	0.607172980967699	56
-0.117456667809606	0.579829157915969	56
0.03579857048085	0.863860820892403	56
0.000307890481207052	0.920467197449483	41
0.040166739805686	0.789833734265212	41
-0.043120290702295	0.643381303502708	41
-0.031861943898072	0.592455099203488	41
-0.114150640819314	0.429504393431214	41
-0.062405930386614	0.711951817384849	195
-0.076259991475893	0.767915122806134	195
-0.06394259407876	0.803844142059488	173
0.098154864039801	0.81314945182204	173
-0.111928940150679	0.346334073979422	41
-0.096190912299752	0.991198844563499	56
-0.053350545731654	1.04464636689539	56
-0.00637822937684302	0.981184525994722	56
0.031444023810858	0.78100657276002	475
0.057741964801315	0.842183998332823	56
-0.047874922800429	0.663231432343387	229
0.094715825372246	1.35227950004468	229
-0.072047074739238	0.897905470246709	56
-0.101460656144086	0.732239758777141	56
0.04907806534269	1.24260095890577	56
0.052156479825981	1.03265049995114	56
-0.100145848930913	0.720638753788217	56
0.068747748123177	1.11229068722143	56
-0.112745580289984	0.656703874374182	56
-0.086251173605981	0.82346016531279	56
-0.018633846111142	0.888211280518242	56
-0.022483513968953	0.805194699432881	56
-0.019852196042996	0.824003950831536	56
-0.121777893502509	0.51832447727649	195
-0.101326159686012	0.561183381381909	173
-0.083119182982955	0.416437378671117	41
-0.04289111596946	1.26224660991395	56
-0.101302746041717	0.518890825646211	56
-0.072814023252776	0.472421669808955	475
-0.104887574043324	0.661094593142413	56
-0.107528526913923	0.591476774361508	56
-0.061081308869868	0.736280736052916	56
0.12021088192837	1.21752007859056	56
0.014983529565518	1.11948363322725	56
0.037710428912194	1.26046638476048	56
0.119592668285641	1.16379688033893	56
-0.103742466103413	0.687899251659832	41
-0.033895308869976	0.763446972700653	41
-0.054867858519675	0.8349146169854	41
0.117747764567456	0.949132803634694	173
-0.055858682063859	0.677929852119127	41
-0.069664308951349	1.08571026324248	56
0.06051268473811	0.722015227328297	56
0.091097596724479	0.888870378964149	56
0.034691526962056	0.896578089879679	56
0.000175680095349962	0.918466377617785	56
-0.120148335527386	0.572877832728894	56
-0.07363411550215	0.847059416428946	56
-0.123683123680569	0.707323835169053	56
-0.042424852248728	0.89115546704502	56
-0.058006101406662	0.638941009736819	41
-0.065811792382895	0.562275989419719	41
-0.103813500716743	1.1195860909164	56
0.000402222090723048	1.58893289071397	56
-0.011253582801073	1.5443266368205	56
-0.034427512739146	0.521445608444077	56
-0.03977047211469	0.517556154616963	56
-0.051660543311833	0.586286069041248	56
0.023080615986173	0.87276806642866	56
-0.098466845727789	0.597443568270795	56
-0.053048435255477	0.895028789007466	229
0.12147007431072	1.24692897564305	229
-0.088749927491979	0.855706599392119	56
0.028678615293897	1.19190443239973	56
-0.017157969064749	0.885747610974888	56
-0.01448503525685	0.950512969000467	56
0.022100253567233	0.682207172519539	56
0.062918983820454	1.08927460500154	56
0.119380650843122	1.26299153737484	56
-0.063893052175848	0.843904135895353	56
0.092295753058519	0.568934771075517	56
-0.122889017482081	0.595457606486736	195
-0.028173469464451	0.763852921953049	41
-0.032512884445396	0.674476752114347	173
-0.108697274162897	1.53959775336146	56
-0.044183187716854	1.70243238824554	56
0.00454890736136904	0.611193745184318	56
0.037169608304698	0.62502075502642	56
0.103381129205083	0.57755367039459	56
-0.07328828754405	0.515510237041591	56
0.020096624899547	0.767151260430013	56
-0.024146288530242	0.614601290800726	475
0.047675225143775	0.643795354825602	475
-0.115662657452748	0.685408939930245	56
0.053226543915307	1.0966391797594	56
0.060382336601868	1.3038866116896	56
0.024536400900575	1.16233854443211	229
-0.024150002188153	1.12973268232512	229
0.024385627206706	0.262097086060961	56
-0.047781591263674	0.439369374179848	56
-0.102964772610352	0.709603768779954	56
0.083147505010302	1.23673019006064	56
0.105532175580988	1.36119290081011	56
0.057956978336735	1.41499871272934	41
0.016980949342459	0.256909465392858	41
-0.045873680737971	0.835249648556121	195
0.094602808028682	0.791363360335894	41
0.028038624147096	0.587368957907052	56
0.014998400597548	0.367727414317904	475
-0.109641069285649	0.343748128825418	56
-0.114690220097095	0.432438619357614	56
-0.049255820923795	0.605380016112019	56
-0.107267482525909	0.427543771474599	56
-0.093707984259703	0.737358028971196	56
0.120384808906082	0.747638925592542	56
-0.058851985246589	0.157000954192857	56
-0.116380212461329	0.516727309138839	56
0.047157613999518	1.33208305075913	56
-0.106042353845462	0.845586817443241	56
-0.07581125204204	0.876754145255847	56
-0.044567070558451	0.25329261100621	56
-0.017034261161148	0.514252343703947	56
0.071414785870901	1.3982054476579	56
-0.047922891416545	0.995163995728722	56
-0.106025384146315	0.828893782789124	56
-0.109165299360546	0.778972879981751	56
-0.106493152629557	0.878925356001495	56
-0.115270987698661	0.878177222506179	41
-0.045010110289729	0.355175475563507	56
0.025956009211666	0.262895278311102	41
0.030359671699405	0.54635099608708	195
0.0530988019004071	1.50750200976223	56
0.017556640796565	1.9522489547511	56
0.124046408562278	1.24239528356829	56
0.0866583602764111	1.33394800426992	229
0.120334569402772	0.819112093134931	56
0.056633782730758	0.638941013082919	56
0.045287758658915	0.637893875488212	56
-0.07680218049306	0.660150076474061	56
-0.04940110996191	1.03302821499095	56
0.111644488845851	0.263565254035098	56
0.104391995793308	0.188752160600622	195
-0.04464758849994	0.34078052383394	41
-0.096082050889794	0.351099705894251	41
-0.049955742965164	2.02196503392247	56
-0.099688823564451	1.4264197696403	56
0.0338861400735589	0.781073120907353	56
-0.117531974920609	0.84010329167027	56
-0.021028322883542	1.2700009571556	56
0.011526663604491	0.870077815017297	56
-0.034768718628194	0.438152211086511	56
-0.05269375213788	0.164143493470563	56
-0.121653044716764	0.230428500860906	56
0.07499626439267	0.480421737639013	56
-0.00237082445248898	0.620558316570973	56
0.057683130269674	1.58481689030451	56
-0.037714491915418	0.257204356791073	41
-0.048218437671463	0.161293793899037	195
-0.063301234435409	0.734711765489426	195
0.0630444433895681	1.16504231406394	41
0.062568633755044	0.468162433646203	56
0.107242553623155	0.776530051940708	56
-0.085627370554607	0.42835334274777	56
0.109294315124543	1.34436045589007	56
0.113838057066867	1.48798049852965	56
-0.062280897027859	1.07300596548488	56
-0.117380670464911	0.577826051501014	56
-0.104915540842772	0.443003625650168	56
0.102414164530041	0.267618091010379	56
0.099775394635542	0.477507080413037	56
-0.018510779210533	1.15970640609619	56
-0.012427169453741	1.25460672847388	56
-0.122988544903195	0.334837577682204	56
0.0182815813737091	0.258416251664534	56
-0.116010763780159	0.247013750190239	56
-0.055267300543933	0.158939031402633	195
-0.049059629926256	0.526300772115234	41
0.063222566104148	0.477704817648328	41
-0.057686861051422	0.776123115330895	56
-0.00896947427897399	0.823348997917775	56
-0.124244249857758	0.635709064096205	56
-0.013753138398067	0.90950290385494	229
0.0993255808689431	0.766882744579114	56
-0.025003931013993	0.826435470455502	56
0.078174743760455	1.02235649732469	56
-0.096014200340408	0.593870451859519	56
-0.075903995024984	0.7348690269355	56
-0.034140134180728	0.767740508618056	56
-0.077021489315084	0.67861501594116	56
0.049578226421407	0.974699198698914	56
-0.065417123367707	0.784609853864837	56
-0.104059500555932	0.752789926260104	56
0.12152221706249	0.720727554586074	195
0.043656705215343	0.853422678873385	41
-0.038481666294696	0.663667587810027	41
-0.085413624392053	1.32987439637805	56
0.023230762254538	0.832887524302436	142
-0.065889077779581	0.50238868398227	142
-0.10163314657789	0.927202658560973	56
-0.097103670775086	0.699783946220738	56
0.124331166883364	0.58008793816031	56
0.070426484083468	0.367153109877106	56
0.109738652212617	0.885823618776895	56
-0.013293817524249	1.46824538270395	56
0.123478765282919	0.574652083410621	56
-0.106159409526501	0.35187006599516	56
-0.00914253945797899	0.452795715927609	56
-0.017150532873337	0.358708058754763	56
-0.012184060251172	1.22455978502838	546
0.033823954530487	0.452692266935714	56
-0.049371660108501	0.431561919629045	56
-0.064098087978954	0.434199073160571	56
-0.00977905667096601	0.436751786054291	56
-0.038486148490711	0.257198126986689	41
0.05862988548071	0.467715721069924	41
0.055839944432002	0.362975693811189	41
0.052618690153606	1.06548836831906	56
-0.020779728900398	0.757811968831121	56
0.083891616207359	0.96797496803816	56
-0.000561868796375986	0.773982287495506	56
-0.088667913806175	0.578661447118855	56
-0.123246972867579	0.586588494933159	56
-0.080371499192414	0.594707081833307	56
-0.024043298031156	0.820000829960558	56
0.00351716380721501	0.800050155517017	56
0.050326793441666	0.855262872168063	56
-0.026581519919145	0.601668606490219	56
-0.086008968020346	0.690679675116501	546
-0.084173682791371	0.566891809565411	56
0.103437380403477	1.30788908976201	56
-0.083264647927835	0.578595132031438	56
0.053285900469453	0.714379164279508	195
-0.098517446049492	0.517059581860055	41
0.056002504517375	0.931767482268958	41
-0.056124605600501	0.804520016128052	56
-0.027177499621122	0.723602798363079	56
0.045094235552639	0.908177856272645	56
-0.00983173754330202	0.817809887757153	56
0.085372444731289	1.39158058590606	56
-0.02628219517319	1.11856748985986	56
-0.036996699107128	0.586324356844028	56
0.021967728549117	0.840751196777823	56
-0.099312626262106	0.398103615062241	56
-0.088535268829616	0.474687319990642	56
-0.069771036354148	0.51989429085782	56
-0.059881439508742	0.861397533974971	195
-0.120308069678102	0.819985690032722	56
-0.099744221399015	0.747421584710459	56
0.07265167987041	1.21636135483808	56
0.100777243304571	1.10572641476236	56
0.047270418211638	0.864371131515854	56
0.030062794599826	0.922872134795566	56
-0.00674010621982002	0.90377927934141	56
-0.00267103828349902	0.915614236251901	56
0.067113999783838	1.17083801852602	56
0.000860266309842039	1.10375420854961	56
0.044805508332064	0.954020421974609	56
-0.099899652003142	0.592508302547257	56
-0.011910533950065	0.905218840401311	56
0.045809154397136	1.10313634292484	56
-0.042660423116157	0.82888971684332	56
0.010780213524471	0.978983826968968	56
-0.100827765899284	0.712358517957503	56
0.115559545083743	1.22323105671919	56
0.102652412629369	1.34711679994649	56
0.014720300843748	0.853317593950796	56
-0.021562830836333	0.931995194664428	56
-0.120589011487652	0.49198367591826	56
0.027603147630472	0.263668747083728	195
-0.056034015194394	0.672072426519771	327
-0.10007286002887	0.578610434916286	41
-0.086084658951871	0.50599805463254	67
0.121254927364732	0.563284117824274	67
-0.083724139150267	0.743616377783322	56
-0.057715075371216	0.421568081820246	56
-0.086779033670077	0.338276994085386	56
0.124752872947603	0.958689299599756	56
-0.024427502555123	1.12264495411928	56
0.014249732070464	0.910814914959012	56
0.019986550938998	0.360529516598508	56
0.030457773840838	0.496422147013781	56
-0.101330638639324	0.241871264677961	56
-0.106619397756144	0.815177645505633	56
-0.053129791606589	0.892276349844242	56
0.044420338563926	0.695673599256445	56
0.124369465535433	0.389655562070503	56
0.012765501700822	0.449580330920696	41
-0.065824793583182	0.584105400051948	41
-0.109534941468127	0.413378371620807	67
-0.089137967651244	0.469183936547525	142
-0.100204335989556	0.347251862734767	56
-0.114096818653691	0.501124339283884	67
0.00880409344722299	0.783183873504229	67
-0.090131328334197	0.892541810805748	56
-0.092931569056269	0.990609584118088	56
-0.092732951636297	0.616410572308952	56
-0.117773697996542	0.24503840479061	56
-0.055267300543933	0.158939031402633	56
0.105564534986689	0.485140571137421	56
-0.039474411434552	1.03203480684293	56
0.110863625490918	1.55460888030261	56
0.099645184945931	0.575281636890578	56
-0.106071540844864	0.987159677132488	56
-0.120233856034353	0.920247072732167	56
0.018550195969577	1.02140924102968	56
-0.056565019557874	0.510060735154362	56
0.040550662552337	0.45567818531361	56
-0.052819754606688	0.160006763411687	195
0.046403040628887	0.60675628302834	327
0.00523364887024103	1.1564668849873	327
0.076352909684637	0.828704474929971	41
0.01801768745578	0.535059567566223	41
0.04917922308713	0.710287961845815	41
0.119930804458095	0.736282343797701	67
0.00731336209943001	0.453577937058315	56
0.10868910224156	0.881228874313896	67
0.047518845515424	0.640871401611797	67
-0.071623958101709	0.563019692421618	67
0.00869512224536895	1.18680918602227	67
-0.098646059575355	0.83900867184382	56
0.059049999460549	1.52942245713665	56
-0.01361315408096	1.29476914764878	56
-0.00846678838102699	1.13978659461178	56
-0.040034003485691	1.17996141196278	56
-0.114398893792916	0.839051365959702	56
0.074827826387574	1.58082015740485	56
0.0696586696723091	0.474710025762926	41
-0.012696461644436	0.712706592590842	67
-0.048476715135376	0.631495217526464	67
0.108183783635993	1.11275189426481	67
0.082039525510451	1.05826208704155	67
0.002750101854889	0.926847942546094	67
0.075962959785971	0.86188528987071	67
-0.062212198387303	0.576092498963848	67
-0.067890495767057	0.679893196242658	67
-0.043651900470593	0.990083421658592	67
0.061514504340308	1.31455996233414	67
-0.010785785838724	1.18362868625532	56
-0.04974776910005	1.00095803513611	56
-0.096372607321484	0.999456414539594	56
-0.053950042273856	1.00753842362064	56
-0.100399758178033	0.569427748735785	56
0.01462500970512	0.360872484314571	56
-0.012862358125314	1.16382521517564	56
-0.039492413616549	1.12746853664711	56
-0.053462743344613	1.10518573538068	56
-0.024500970710949	1.17618727584047	56
0.018623434237784	0.254544434578317	195
-0.082801397520426	0.437387356936674	67
-0.011994142292442	0.823420794496114	67
0.03540876078434	0.788623752689577	67
-0.101792533276241	0.690564214842988	67
0.0746729522944341	1.3884715828441	67
-0.02577893007729	1.03050163564451	56
-0.020266048706237	1.16076829193716	56
-0.074245782465696	0.938606404775595	56
-0.101672635154476	1.07961049535139	56
0.078967838813979	0.643198421515295	56
0.072424871662334	1.68163672412806	56
0.068381270301343	0.539508551101886	56
-0.036292260115176	0.745521274547836	56
-0.010850916658396	0.883008371855743	56
-0.05269375213788	0.164143493470563	195
0.05956361431484	0.529331618191117	327
-0.114234668379525	0.740195248893041	327
-0.092146501097209	0.838127408934299	327
-0.036195945971845	0.57539519343571	41
-0.085828437365177	0.506816056538034	67
-0.064457538783402	0.354051246912967	142
-0.070640539193815	0.581139760244869	67
0.09830938143006	1.04325839607947	67
0.00593247972585898	0.773193167202291	67
-0.082274232877939	0.754077456992486	67
0.065539567479879	1.50742776338821	67
-0.090207142219003	0.820228878895565	56
-0.106208462307475	0.862898252852128	56
-0.050940248373815	0.506193700271205	56
-0.067619581297217	0.636713678124916	56
-0.00979377404367998	1.12643227763072	56
-0.115450504781639	0.241778891414005	56
-0.078039645001721	0.912426005433388	56
-0.095238685817719	0.515505563069574	327
0.021245983637397	0.842179297074922	41
-0.106082920177265	0.430677618953274	67
0.122044073468278	1.38220564850674	67
-0.109235574747998	0.665872539188806	67
0.115773591627453	1.07623274061312	67
0.058082539508507	0.438501927961439	67
-0.027419678226023	0.817553962658555	67
0.0797697018126911	0.843423593643655	67
-0.085960354382596	0.947340957997791	67
0.101292186364392	1.71062916729059	67
-0.059218264664339	1.04837431233243	67
-0.041157820977815	1.18397320399881	56
-0.118788133135076	0.804427114958176	56
-0.087712665438903	1.02201706096337	56
-0.112556250078571	0.92913132459337	56
0.108421026204218	1.18752360575518	56
0.070560532834227	1.52151455433542	56
-0.019525062090311	1.21642336480487	56
-0.015973233185366	1.36358145446889	56
-0.033770280099788	1.18765279151583	56
0.112807004223463	1.71208263832759	56
-0.122145374877994	0.753807665393987	56
-0.044927227663657	1.27511927752432	56
-0.104632223812636	0.819772745085485	56
-0.119487830731012	0.76767486498846	56
-0.027997272025451	1.25361671597105	56
-0.120775980142759	0.916995226618631	56
0.119095473459835	0.377802101981493	41
0.106261717682182	0.192838259478629	195
0.00659425256188595	0.631780713610283	327
0.103492885648511	1.10324846518558	67
-0.071429232842563	0.583992571730202	67
0.122644640486981	1.79936495141549	56
-0.00865200449453302	0.915331010616779	56
-0.074820010462727	0.246434482052558	56
0.074987945872511	0.778362222852248	56
0.030059978011178	0.255904598358545	56
-0.069909050886963	1.044369249659	56
0.0508174535146519	0.993466020488212	56
-0.114710307116025	0.339646009890192	56
0.119585311331026	0.371787745842217	56
0.037695790313919	0.849338182789878	41
-0.016179214697397	0.84023590521409	67
-0.063028241966977	0.579783513085463	67
0.021663383740169	0.828769467727497	67
-0.09432298897042	0.727888750021629	56
-0.121399243054996	1.08726285217623	56
0.030723276128763	0.456402342486314	56
0.026893859784878	0.368758682741113	56
0.025871900505451	1.4779448312309	56
0.054689860320682	1.69856843639034	56
-0.009783019458595	1.32782486557724	56
0.036863556195641	0.624332867799329	56
-0.118443489906139	0.80643696471825	56
-0.05341035128709	1.21224512839091	56
0.10006422732144	0.487897539602647	56
0.103361651729975	1.25294936155866	67
-0.044316843254574	0.72589660357031	67
0.0598188011988831	1.32229460101542	67
0.105294810475171	0.703098505857177	67
-0.001807015806851	0.760317227383433	56
-0.027992428029641	1.15827529891951	67
-0.00780170459878199	1.16777017347039	67
-0.117463351927156	0.893539029491189	67
-0.119303572571964	0.48340555640184	56
0.019427849980046	0.370754159691602	56
-0.070540188613789	1.0151639360303	56
-0.011822129279698	1.22506335615156	56
-0.071851498275325	0.929526081166145	56
-0.119271670256043	1.01014011977036	56
-0.102890754517224	0.819663404903052	56
-0.115633270008297	0.691369707654813	56
0.00196406828741502	0.58525533609652	56
0.108932979962072	0.18877778960956	195
0.085752677083031	0.830733317504979	41
-0.108091796707805	1.28152739609021	67
-0.094156831402067	0.659322303626351	67
0.049289663007799	1.15488339766642	67
-0.105331182675201	0.651317452214621	67
0.019193973484686	1.42048181211149	67
0.038548692193793	1.42973366437274	56
-0.102392148738071	0.953557494132685	56
-0.111994883585772	0.539624067168602	56
-0.00500824520722698	0.362339597597986	56
-0.095200702126761	0.892661804199714	56
-0.097890891176231	0.800780477761943	56
-0.116206379472633	0.900581886840528	56
0.110119840825541	1.81879144067475	56
0.088577625277501	0.762206914311923	56
-0.114473997465645	0.244180251233108	195
-0.055267300543933	0.158939031402633	195
0.05290112038383	1.47775513018254	327
-0.047178240444014	1.56874423655696	67
-0.037588503531328	1.99301073241338	67
-0.071262841935689	1.43744822021036	67
0.035503359870631	1.80703446870298	67
0.046686903034876	1.70775626087554	67
-0.02668584296337	1.3438893697139	67
0.124169289707307	1.81722297932826	67
0.124689642947204	1.83579297471416	67
-0.010112753707826	1.43219080104668	67
-0.007955040506752	1.30275910028941	67
-0.115408746889199	0.817463443403424	67
-0.020455858435557	0.981185106873217	67
0.101367716354676	1.37024659559189	56
-0.000909699108809003	1.23241915157485	56
0.123173221408861	1.48495774625749	56
-0.00130063221383903	1.1968729668607	56
-0.117431330198051	0.889409692535392	56
0.00357594010358797	0.852027158735251	56
0.01287771230052	0.855331216178153	56
-0.114258187171169	0.670646298264115	56
-0.084453703981271	0.790713908344535	56
-0.075042689775211	1.03070777377302	41
0.086642176760241	0.952832330770133	195
-0.073194219275869	0.588973948261599	195
-0.050464826165212	1.79265725048413	67
-0.052445082685624	1.05048342162312	67
-0.057863070766499	0.444055264374424	56
0.00418497019560005	1.63673768821023	56
-0.119187554584517	1.09226516922237	56
-0.07269387866424	1.0192491420049	56
-0.002217115956622	0.45481203911957	56
-0.046134904111764	1.52027988047228	56
-0.044198573897432	1.63944530530787	56
0.091778758690466	1.65976476391973	195
-0.046962651953546	1.23123251004813	195
-0.099233052119408	1.11513223400269	67
-0.071393819040027	0.967622813238133	67
-0.018658629185247	0.922151098208074	56
0.096206585242264	1.28046452578269	56
0.072514559198521	1.1980545222773	56
0.077559394338984	0.798945721742892	56
-0.07678650333761	0.912617744263994	56
0.098541155385857	0.564290221324262	546
-0.041539720104146	0.509251367032261	56
-0.094251587164466	0.432505394978273	56
0.015253881217458	0.456782970987601	56
0.055628241437921	0.717943016554625	56
0.101041893354357	0.666320798571079	56
0.066008498347219	0.374169303644664	327
-0.089917955102071	0.341855891442168	327
0.01904057426985	0.469436587119342	327
0.101771552792603	0.475752971925121	327
-0.035132995983178	1.50305063659726	67
0.00034176881104897	1.06818318648755	67
-0.114631740881782	0.884314908518978	67
-0.117746146542779	0.667130731866283	56
0.00155341170475998	0.872577830484449	56
0.056509070268753	0.629527189423771	56
-0.094440774901353	0.345098699496018	56
-0.066263140172832	0.426678604519223	56
0.064150362804957	0.4795057998949	56
-0.083536701572278	0.34603002996805	56
-0.01110794672973	0.52299935303349	546
0.099112048463023	0.487808964525394	546
0.0140480391233641	0.365120396562843	56
0.0731696420085221	0.45072161190751	56
-0.039094211772392	0.447899426150529	195
-0.05269375213788	0.164143493470563	327
0.0135626425447239	0.258100856768668	327
0.055854602974326	1.89745861551043	67
0.00721853123670802	1.25805847653861	67
0.091915169679489	1.32046357610509	67
-0.055208848655539	0.892809295461638	67
-0.065976721000358	1.02560118008306	67
0.012920489387603	0.974846807002012	56
0.037161140933502	0.94205496672348	56
-0.03904048443313	0.863606248787634	56
-0.027065240954898	0.510566204331989	56
0.038324650354691	0.545155603636041	56
-0.032387813899963	0.24848444608605	56
-0.054411213117779	0.428557044755462	56
0.062930026691047	0.377020612155696	56
-0.020566171803264	0.354282766343286	56
0.044662104695256	0.438937202173645	195
-0.077172666785897	0.849930766061155	41
0.01889859496025	0.362195565341344	327
-0.047024746854439	1.05300914439695	67
-0.011128362837821	0.870779248959732	56
-0.104750969498361	0.330019934227181	56
-0.037714491915418	0.257204356791073	56
-0.12442470350968	0.331588470223989	124
-0.03315951984031	0.254040421124754	546
0.025561991300571	0.366309647131981	56
0.04502730299503	0.618318896737459	56
0.102269329023528	0.566476918332681	41
-0.097266841811066	1.11601803439783	195
0.10738590334938	0.284218486173583	327
-0.045537327829127	0.775504275057071	327
0.099383244999364	0.276978097840754	327
0.021988792302724	0.268514362548403	327
0.117489859275919	2.41270296079364	67
0.065748070395474	2.1622921475186	67
-0.02407052669341	1.15035350017735	67
-0.061602253758751	0.654670623455989	56
-0.001335936345564	1.06047433006191	56
0.031375638681266	0.461959427176103	56
0.082303873656033	0.731553615037461	56
0.072722076582641	0.464231114912825	546
-0.07791794189839	0.349218198597863	56
0.050972215998891	0.463873667814253	56
-0.00936110923073402	0.882289571738634	124
-0.076560025495301	0.417118662651914	124
0.103949930977753	0.280985884086667	56
0.068248198040368	0.565731448075633	56
-0.032387813899963	0.24848444608605	56
0.103966326716629	0.494995837800715	56
0.020360331966809	0.338599398048634	41
-0.08517107707515	0.426485018554194	195
-0.054396748347095	0.162653299830411	327
0.061794171755571	0.477097727580218	327
-0.052660157216167	1.17691540717526	67
0.044048202465264	0.546487530191419	56
-0.11722586974904	0.235276272700053	56
0.122894044494142	0.388313864335584	56
0.107992218193391	0.283519262852047	56
0.05315333576973	0.3561685266376	56
0.022600765687418	0.440224038554696	56
-0.080981677314155	0.247287982487352	56
-0.116620906814433	0.227603608887775	56
0.03236340501789	0.452754378608469	41
0.013788807526096	0.457949696997347	195
-0.020897530710286	1.23879020595295	195
0.023919134506985	1.33471412799002	195
-0.042406006617221	0.249936411795638	327
-0.124154440326988	1.37449295395788	67
-0.088493799348919	0.941106404112693	56
0.081419845089127	1.28272993981935	56
-0.086777114096292	0.429710814616054	56
-0.055234318726754	0.960756240236981	124
0.10373228394554	0.782636372643052	124
0.00486882565952995	1.09442860426944	124
0.043609506062134	0.681439797751019	56
0.117397610406424	0.655367373929551	56
-0.075488230306913	0.516777321250226	56
-0.123490950999297	0.332686531063025	327
0.067687897139751	0.481351987500574	327
-0.109560849913231	0.347946618207821	327
0.011117045052646	0.54229868334081	327
-0.101743464865837	1.41598181200852	67
-0.03512071340057	0.582904784709793	56
-0.019376842802173	1.57275347468334	546
-0.0867290950812	1.23994691835016	546
-0.0133739072721	0.366420579440568	546
-0.124916822600415	0.244715676788193	56
-0.041506067018516	0.249557641865347	56
0.0593776608066831	0.361992973554375	56
0.114015383809854	0.373613833615693	41
0.049121771744929	0.631346310251836	41
-0.057293902404691	1.4364493626609	41
-0.120788880613087	0.661979762177226	327
-0.123108057265526	0.236460138441382	327
0.00748345625146196	0.609178845087917	327
0.043697453409745	1.16757775674959	124
-0.088904912005686	0.743731096066774	124
-0.025898398846888	0.536123289345296	56
-0.08301544587814	0.914068925442418	124
-0.090264613022287	0.621998556609519	56
0.031947014623297	0.631318402220509	56
0.057796134098404	0.628328031641507	56
0.087332667300262	0.703460199644462	56
0.077283722230893	0.654837383000572	41
0.080181854925952	1.33546039879468	195
0.101471217857917	1.04304364926176	195
0.032578363729115	0.429953619181613	327
0.070934825580109	0.568373203578494	327
0.0742017044877	0.566815816344127	327
0.0326245589841661	1.37230193231679	124
-0.029354993670265	0.507554287040884	124
0.017282488637814	0.758869003001558	56
-0.109928469625199	0.41847611804748	41
-0.039824364791459	1.02665134111277	195
0.106984467263658	0.937406462632204	195
-0.00490280894812201	0.600753081152109	327
0.029601491113716	1.03783973948173	327
0.0685758165855031	1.0817390242478	124
-0.037970050892829	0.997984407109515	124
-0.089934755483065	0.437573033285144	124
0.070717022891454	1.26644618176995	124
-0.091460253875559	0.466791106235386	124
0.07055725566414	0.725403258900961	56
-0.05093404846967	0.586899205138342	56
-0.05614354965136	0.802637622165965	56
-0.044506642784305	0.500066355519256	41
-0.048892127163593	0.514931758311945	41
-0.089317754580666	0.429242818568595	41
-0.100534040971775	0.432501532607721	41
0.053486528110883	0.870779797633358	195
-0.081165279941083	0.690194432807982	195
-0.089940500453501	0.506878619810056	41
-0.081527317575997	0.790842276184879	124
0.116103446327258	1.06519001852979	124
-0.09163832595834	0.611094533465332	124
0.119909035960941	1.05820822382355	124
0.061434998418293	0.981743292385631	124
0.01913601724835	1.10967779329092	124
-0.115915388356565	0.483279967333922	124
-0.053021319804263	0.606582449068885	56
-0.00379772679255003	0.673776119464488	56
-0.119234486783428	0.486080229451463	56
-0.070450528208405	0.738642367467072	56
-0.00364506832941502	0.846431190327495	195
0.036379021194099	0.79996463844539	195
0.070702815624245	0.856397963985992	195
0.054958784493889	0.543455028359741	195
0.081829883844303	0.796541687456975	327
-0.00929086545430702	0.854332573283815	546
-0.082686647655262	0.601214129001892	546
0.032907626737319	0.764856608540722	124
-0.068905703105587	0.506669595735961	124
-0.071237986041923	0.578085001398813	124
-0.093888838530754	0.58890273417153	124
0.062499075031787	0.957218569454888	124
-0.048747279933966	0.605798103734403	124
0.056096928004465	0.724498354383109	56
0.075733762028526	0.732852338894762	56
-0.057993069437509	0.536683512719346	41
-0.086767425432835	0.569514072853295	124
-0.028588409994923	0.660391743649591	195
-0.086662893338388	0.59518958661526	195
-0.099093272697317	0.43563126784575	327
0.014704454368653	0.760291121546214	327
-0.068914178166074	0.510745334550811	327
-0.033567124428708	0.584447810606814	124
0.120853298373758	1.04137390323289	124
-0.081317161248333	0.645136602423108	124
0.018459332831859	0.943852749170838	124
0.083866631452969	1.12974279608301	124
-0.043908348606994	0.651835202545246	124
0.012927051131958	0.774595189087047	124
-0.072725834107201	0.698743631524311	124
-0.0489103818409	0.692223957300219	124
0.052714465798566	0.780760702833342	56
-0.069503936304449	0.65155098601088	56
-0.093679190404922	0.510667854892551	56
-0.045187222345975	0.75013082129331	56
-0.02947957049778	0.643448454061093	41
-0.049587041023064	0.678053681079908	41
-0.104401905605094	0.502872749724853	41
0.06264580134378	0.791061798028882	124
-0.118300279468996	0.32573489707404	195
-0.049093023268183	0.574743375985053	327
0.067161948037755	0.709751511714739	327
-0.114827475489926	0.595531576772856	124
-0.088167817815946	0.415218549102215	124
0.017613170833747	0.648053456334417	124
0.121422056252535	0.967166300030825	124
0.115924109628424	0.879202269406787	124
-0.026461956137787	0.691663047005773	124
0.122165712842308	1.03765746465231	124
0.120213960883874	0.978018745565753	124
0.113315552895414	1.12068482099589	124
0.063579512477379	0.932710033739642	124
-0.084551178952399	0.635400563945171	124
0.00519224538910001	0.74145254409644	124
0.079684848539358	0.856102676589539	124
-0.030959592774922	0.805247303568972	124
-0.08968267731619	0.588781397937268	124
-0.065502476490335	0.569302508765743	124
0.012331298219331	0.785620727661059	56
-0.082656907262072	0.598020960100725	56
-0.041610269062292	0.558368646697151	41
-0.084714328643628	0.506838051260124	41
-0.033926298421777	0.517581114178607	41
0.110940732149065	0.788172659989368	195
-0.00955065909917202	0.458281698612707	195
0.071310926002533	0.800767496277534	327
-0.065449734039964	0.51636851338845	327
-0.094297422782884	0.400427320844056	327
0.087248403557709	0.741024538052927	327
-0.023210961665942	0.526943498069998	327
-0.034830722650148	0.489852508846523	327
-0.095636802460246	0.732851798860382	124
0.115654678928222	1.17094221198881	124
-0.096675795331846	0.469362198302616	124
-0.063504390272816	0.58314621835052	124
0.088083616577451	1.23204739647663	124
0.064195551980643	0.901911525554658	124
0.00316211181427895	0.820387176639128	124
-0.064028026231716	0.616229100053706	124
0.095558219042065	1.11426055721058	124
-0.063176539505291	0.564122539856912	124
-0.011715633661425	0.760944477646097	124
0.105486534909294	0.872473875815478	124
-0.062860173204517	0.602532091128509	124
-0.012187471669239	0.688020693194859	56
-0.021802362572779	0.687454765650309	56
0.08372206730607	0.929137169986709	56
0.045640736866989	0.679950145353527	41
0.068109303633164	0.900402073957452	124
0.065978289996357	1.19545679961874	41
-0.096616115976176	0.509958204364516	195
0.115369870115053	0.886962165423601	327
0.078577061577324	0.709530952371415	327
-0.062418769933779	0.669116979982701	327
-0.030739748763203	0.823654501356361	124
-0.031551605994894	0.481755255954051	124
0.041902867074856	0.634415697830024	124
-0.091568158056152	0.475345965511779	124
-0.060438146920802	0.440120680555462	124
-0.006709975899577	0.94924247917954	124
-0.047680318637186	0.785012107665738	124
0.075941390677615	0.85746416998926	124
0.056483317353171	0.868527204046921	124
-0.098642784907962	0.632766313796768	124
0.037747022523864	0.941877099369514	124
-0.02801258019826	0.661346316005304	124
0.075107478067981	0.792935687892955	124
0.089857591542331	0.858251498039564	124
0.077829958349974	0.953718635425373	124
0.085603541076773	1.04214546166741	124
0.10977233035324	0.854997461748733	56
0.12060842117847	0.872216645887082	56
-0.065837612540772	0.570466640956973	41
0.09489704291196	1.18223393383544	41
0.038319107385183	0.769485564108193	41
0.074515134722581	0.758851311327414	124
-0.081317559420626	0.561795424607461	124
0.0498386802329191	0.627177963418077	124
0.045197135894187	0.698589051613099	327
0.026301079206636	0.762203837118948	327
-0.068183749414844	0.432774769565793	327
-0.035337294938866	0.673747691826097	327
0.11502721942032	1.43261166393565	546
-0.065410229371243	0.709466668020094	546
0.024397872585634	0.62173282797666	124
-0.110129878479498	0.501185997060021	124
-0.021434520116566	0.534879960479124	124
-0.057969635163504	0.415515657692368	124
0.109139221291595	0.751284348319235	124
-0.042721243275735	1.02360053678307	124
-0.055573283615881	0.503836912320607	124
0.093148023536889	0.714805813884754	124
-0.047639101751864	0.490546899996938	124
0.037683831236288	0.607212538066373	56
-0.056636998359428	0.519265769709269	56
-0.067922329926092	0.357923007931616	41
-0.122713956688475	0.651098675436855	41
0.044656902937159	0.636409130634187	327
-0.064425539361647	0.684714839388276	327
0.098017620830862	0.915041466643241	327
0.119250989235793	0.740059921697744	327
-0.05538712935009	0.432038337353282	327
0.078198777751803	1.08184931490801	546
-0.020375297966493	0.678860479774583	546
-0.08980694948288	0.495879307471193	546
-0.067118001872874	1.06227726022765	124
0.096547838440199	1.41611221707492	124
0.081093095279444	0.727800520128322	124
0.103308399710327	0.785687326513174	124
-0.012637654062015	0.453528712994189	124
-0.091466224089771	0.684250428203588	124
-0.064250240999154	1.17990225476622	124
0.014118459905971	0.46292528411814	124
-0.062899069194229	0.497369096255183	124
-0.092864786301342	0.341708562004241	124
-0.124652124455819	0.326705780942512	124
0.047995585431846	0.469399078633075	124
0.122922694277045	0.675518567007092	124
-0.072222693699695	0.346317168202003	41
0.120314393921019	1.15667073066593	41
-0.099830963171081	0.508550422811125	327
-0.110504410257751	0.529926927396542	327
0.016642864099545	0.864918391741124	327
-0.03971858037512	0.79995683845758	327
-0.080268588525411	0.909462821114819	327
0.069171833182932	0.77705390541128	546
0.108012228686025	0.704375423755874	124
-0.097809428686755	0.483574750015187	124
-0.00449206337409402	1.05400392858017	124
-0.027123584152996	0.812996910473098	124
-0.01768867434525	0.816226277782567	124
-0.115142847471498	0.60515691070185	124
-0.103817619601594	0.776663239378731	124
-0.087448867652186	0.793511698154005	124
-0.088501846321751	0.426183301634475	124
-0.095716598106366	0.410804548006321	124
-0.077777329055752	0.67992680813369	327
-0.040367714694056	0.35225978094896	327
-0.071880392665515	0.589694200135763	327
0.082308775770367	0.65840927331416	327
0.00857693809858295	0.604229777680054	546
-0.040384526749912	0.663692448233081	546
0.0345653787977021	1.11917065466184	124
-0.072331218306089	0.64241886707077	124
0.076934408308751	0.916493288126708	124
-0.034077745559117	0.43539475637437	124
0.107686797840617	0.663878958836179	124
-0.00977587754192399	0.519446057466703	124
-0.04059448318817	0.935529803436702	124
0.054049827771961	0.630254950303109	124
-0.090890898001927	0.574455892303555	124
0.120120528455732	0.835386334425423	124
-0.044951777766207	0.435701893984966	124
-0.110099962690221	0.656279347542595	124
-0.109856819708684	0.594999665075154	124
-0.110145529711124	0.583893277299627	124
-0.07415255041866	0.57627027188405	124
-0.123534452650087	0.405339729008833	327
-0.074801116682123	0.51546818156165	41
-0.033638863006734	0.347441757263727	327
0.051780491383305	1.15018182398922	124
-0.012599453286645	0.635448929353804	124
0.095113121684681	1.10896980265038	124
-0.094066303891626	0.553880563242463	124
0.046633659575719	0.924557055084814	124
-0.05432577889777	0.767447226836033	124
0.022262533142704	1.02228015188633	124
-0.057222180358461	0.68153726100802	124
-0.093774413837457	0.576453207076936	124
0.0266339389282531	0.784235192842958	124
0.117893626179725	0.89000373934484	124
0.09441131105023	0.913934477687526	56
0.059820690029236	0.909128993778916	124
-0.084056531595012	0.583340899921404	124
-0.028836359983568	0.657099779345035	41
-0.083070294419465	0.575729252708282	41
-0.080896178739896	0.561724661266421	124
0.00295199789048195	0.650722579841845	124
-0.032162748234938	0.787718084779758	124
0.007805309962441	0.751189609052022	124
-0.05256425906999	0.632324114368638	327
-0.03602448973526	0.676066818409045	327
0.00366205526416796	0.624236460336614	327
-0.115178368780128	0.335634232128238	327
-0.038715487509394	0.843983744801032	546
-0.033723655557039	0.911142841968822	124
0.102160677488434	0.858800717250862	124
-0.039493042722119	0.601949501841087	124
-0.060972160744114	0.595288576994929	124
0.074814150241785	1.06874562321892	124
0.111763578091137	0.882821462865353	124
0.101462344653539	1.00642521522925	124
0.021030570295414	0.821833104972793	124
0.108012945124841	0.946605326638029	124
-0.109620064443199	0.480517321135406	124
-0.057966810514707	0.627915811244509	124
0.027623213640676	0.622084187613667	124
0.02410575204059	0.612839852174917	124
0.00854395059664403	0.699456298819371	124
0.071095683886833	0.942633167685896	41
0.051978477256002	0.940713393513891	124
0.077467158339208	0.806381209809912	124
0.00518964230014796	0.763563110417203	124
0.100830963362338	0.773654069255861	124
-0.082948637747721	0.322650188158965	327
-0.096134445073069	0.490748055134713	327
0.010573351109018	1.08579107869535	124
0.123035452007772	0.634551828555289	124
0.114391472879363	0.945677998536062	124
0.116482158422084	0.942661045139838	124
0.0271582297017891	0.931206766922765	124
-0.038403417300921	0.758788856918823	124
0.117428679342132	1.33307627517977	124
0.0574145570058781	1.14799514939072	124
-0.048853647392793	0.754867794013811	124
-0.019179015638452	0.801785104989284	124
-0.00200747123873501	0.898481884154928	124
-0.089408685862716	0.589045524787357	124
0.027145025154932	0.885166963055485	124
-0.030211377497167	0.51203511345597	124
-0.11125388088358	0.607192501487992	124
0.049820564453198	0.8197625482184	327
-0.057672384056242	0.511098123708207	327
-0.09277113344853	0.588015418892128	327
0.101931991108831	0.78337620321717	327
-0.096449966168056	0.33903004475461	327
0.084956519103367	1.2962888541215	546
0.00291672046542901	0.943808723241924	124
0.02984048975549	1.05778690046275	124
-0.113890592644217	0.666662425457375	124
-0.114314872226157	0.485207886546305	124
-0.055441739493014	0.520025244281889	124
-0.027148855361372	0.991278732838227	124
-0.123365133346274	0.767345745906914	124
0.00720555247099997	0.69809580571812	124
-0.010758089601242	0.779636538577408	124
-0.018634091337936	0.602767241734945	124
-0.000989097743551992	0.683288480012649	124
-0.00267844373575099	0.724753723593883	124
0.01051251436607	0.628817700221051	124
-0.038817048362195	0.682684117802235	41
-0.109458659253328	0.430399296262412	124
-0.117014050431867	0.501614878566764	124
0.071865275321889	0.959076814274868	124
0.00808963810051699	0.881231431888676	124
-0.031874882878476	0.440645870590087	41
0.017661289763666	0.455539327920839	327
0.012208253052702	0.89594657172374	327
0.078924151870778	0.800934762911978	327
-0.096234015258266	0.437381604202865	327
-0.082517471683371	0.442098410149131	327
-0.109864007731314	0.837152583406003	546
0.038914772516274	1.036614169979	124
0.079091499934654	1.02301426018473	124
0.059010173716608	0.883917965570912	124
0.024556852897878	0.532679520710038	124
0.072295809276346	0.561349190994727	124
-0.00339168723268601	0.884784759902155	124
-0.00508291830830798	0.902673146676096	124
-0.041369414803571	0.813910281370863	124
-0.058117144793581	0.875251373743426	124
-0.098655351657897	0.473522434858557	124
-0.037219990922762	0.721102443643449	124
-0.052016635027913	0.731716869210407	124
-0.057111387659881	0.827270901820675	124
-0.041737417323233	0.892835884395302	124
-0.110977014409767	0.587236729957382	124
-0.039404156664209	0.896929563783461	124
0.036558492632801	0.944546183167357	124
0.06256225430288	0.828736312033634	124
0.018192909758185	0.914153610933045	124
-0.121788701338124	0.644248690472786	124
0.104880314869975	1.01883200048834	124
-0.035856793988384	0.24425007476585	124
0.051571891433683	0.792883040739274	124
-0.014097425382866	0.812151594224094	124
0.044899262566097	1.08921628023995	124
0.044798221494251	1.22974572787553	124
0.011470465896497	1.16539884988362	124
0.010659882025519	0.596796213435032	124
-0.035610847918207	0.353852424267084	124
-0.018567712890477	0.602032777688842	124
0.00087291022958802	0.771613608983177	124
-0.043216150659075	0.883725933812727	124
-0.098421210625662	0.748350051672264	124
0.097979661151713	1.35450698346221	124
-0.095381271357156	0.828979927525388	124
0.016088737959254	0.250460225775796	41
0.072268427777714	0.488995977666935	327
0.00427887674897598	0.600554374710282	327
0.095597581271566	0.718986755227069	327
0.080135344572006	0.931437158060561	124
0.007234190487592	0.534793145189011	124
-0.050978812714895	0.509989779895022	124
-0.077990081242106	0.771018467332882	124
0.038015157125435	1.01833499127175	124
0.111656687979228	0.669416477627876	124
-0.083408199611496	0.4302154674312	124
0.12141204325507	0.670227793500224	124
0.119936469908627	1.45096329741162	124
-0.039312730904468	0.885424436000189	124
-0.017131855416221	0.955091100856678	124
-0.115749506331536	0.676221134353084	124
0.0354949442836841	1.14007661838391	124
-0.065298104333314	0.88041480982996	124
-0.048237444480135	0.890544976892663	124
-0.090667814701534	0.79756065436999	124
0.102546288055458	0.278614097614282	124
0.05474104133018	1.08140822280591	124
-0.043210451085257	0.878110249306916	124
0.047162179741581	0.902052628795343	124
-0.054295530213209	0.32747731750664	41
-0.051779414584004	0.163302427940867	327
-0.048928949698736	0.43947362756101	327
-0.109234384812207	0.347305693874082	327
-0.00500852821407199	0.535273933142842	327
-0.055609980724208	0.421437101805588	327
0.067438761200867	1.03845092721786	327
0.012463033021107	0.357732673679975	124
-0.11157823304125	0.511460240212952	124
0.02395258754146	0.441460555396565	124
-0.098694021255049	0.751612980272266	124
0.022545865955748	0.673061453881719	124
-0.023644902105418	0.950752335495047	124
-0.06988298094959	0.766158455592084	124
0.079359455963351	1.31562198865118	124
-0.108521650065707	0.761091395462192	124
-0.079646878486443	0.865824319065537	124
0.0818866489750389	1.36374660050279	124
-0.040769303359934	0.858673303333772	124
-0.118204746463407	0.227991638559389	124
0.066752290841488	1.27279864130836	124
-0.088341347582335	0.609439713695152	124
-0.096063174267631	0.230546565332972	41
0.071315933198505	1.02434220222254	327
0.063810968477409	0.375077357856611	124
0.066597852712685	0.644851025706865	124
-0.114091259115668	0.241089793038116	124
-0.032077180431852	0.99278042430903	124
-0.00172941962275402	1.16865623205077	124
0.093550584705614	1.46689366953565	124
-0.118513630395627	0.434457249883524	124
-0.082783659276766	0.815912522597587	124
0.04813443082083	1.28791174445641	124
0.092433876351648	1.35948047506577	124
-0.05003724741186	0.982166601963029	124
-0.079076587197771	0.905432504313618	124
-0.024382944226913	0.97549475920399	124
0.119964675175929	1.04195036207686	124
0.068255665717701	1.12499465797031	124
0.021061688291514	1.10304129831053	124
-0.12034975239748	0.745350122747922	124
0.108627275690939	1.32380369044357	327
0.013602023274821	0.700137419849951	327
0.110511076616891	1.1945803191626	327
-0.111045227673505	0.658064044513992	124
0.000950253540853985	0.767812129793283	124
-0.00920473579424502	0.538188517661049	124
-0.074523426432282	0.906569481140018	124
-0.025149537211597	1.14530150368848	124
-0.036588059341096	0.430028783654584	124
-0.11224224242494	0.734860423479873	124
-0.114392416934135	0.733169373099885	124
-0.00152713670445997	1.0670910331886	124
0.06246563832335	1.24724711547827	124
0.025507498892454	1.16908063824081	124
-0.094574374351645	0.812846015013576	124
0.032530591165858	1.24013825842065	124
-0.080165929403115	0.952571469410501	124
-0.097868574822672	0.576120080765137	124
-0.053797264104539	1.06047312291669	41
-0.04887219472362	0.610035756359639	41
0.118584406165337	0.263436826378087	327
-0.067813717702046	0.348509720042328	327
0.000616298785671043	0.534489706067031	327
-0.112990869251678	0.527737082991232	327
-0.031671863461206	0.357481868967506	124
-0.043696072549227	0.445445718200521	124
-0.073860857510772	0.333613543153684	124
-0.04068052966748	1.03825794340015	124
-0.046262137447533	0.440714845708005	124
-0.000820575940545021	1.10236439697715	124
0.00294097866287102	1.11837953137389	124
-0.039577794945549	1.05633628648377	124
0.063870898224056	1.28950675189428	124
-0.113627328185764	0.429900669118279	124
-0.096320232495708	0.349468773894577	124
-0.089376437217992	0.724998901375242	41
0.09409229733924	0.456972926458088	41
-0.113030184544891	0.423615727415926	327
-0.120529500192301	0.751700084551898	124
0.062203402911575	0.454466188529741	124
0.080231939651064	0.97339963539874	124
-0.055006096731692	0.503115378106673	124
0.070290913848585	0.563483572941702	124
-0.021138389153992	1.15732514164596	124
0.00567009476548697	1.23378329591532	124
-0.098944354979038	0.954139929791485	124
-0.116416810548776	0.684644694240773	124
0.012271318410896	1.31037650250931	124
-0.107064824543938	0.806165602141622	124
-0.021366917392648	1.11481236511926	41
0.00702732617207902	0.970070837349843	327
-0.100975626442777	0.442368804616054	327
-0.045033970941721	0.681140981483022	327
-0.059941250321103	0.843763143758698	327
0.014320328401017	0.4388625418108	124
-0.048425797521769	0.436799044758401	124
0.034728457737612	1.39992513924617	124
-0.015343450052088	1.17546607495175	124
-0.056128837968415	0.153934158140147	124
0.094825621105854	0.742675928408414	124
0.073542758010493	0.645754514092614	124
-0.122944907701745	0.856039331696397	124
-0.045337509511041	1.08897416352882	124
-0.051560901002821	0.559057554166055	124
-0.083130427643677	0.344502402788606	124
0.012068479414833	0.83433362312101	41
0.005179481348358	0.602530054784109	327
-0.00716601511062998	1.28805069193426	124
-0.080653391114645	0.701976554340005	124
-0.041569154965426	0.99665361693717	124
0.024717956069672	0.628215223135157	124
-0.111839478424974	0.429506680326431	124
-0.094636557982791	0.85755986509687	124
-0.00301491282223099	0.967393055374245	124
-0.12354321724936	0.848553332285786	124
0.058862704784584	1.52385665035968	41
0.04707855692937	0.609746837395263	124
0.093502249039461	0.64876054764304	124
-0.080866840056064	0.352051477011193	41
0.040843383363305	1.10823094447477	327
-0.045594189523377	0.881627085273335	327
0.098857762084266	0.6630598724716	124
-0.098311938202713	0.855720069517252	124
-0.094720713417799	0.784936199324799	124
-0.089599840226929	0.901255939240875	124
-0.052819754606688	0.160006763411687	41
-0.025006071083288	0.684366428221246	41
0.022077405391462	1.10054508342961	41
-0.076959004471484	0.347741049186945	41
-0.111270944893213	0.919928813363171	124
-0.030507909728772	0.441992390304624	124
-0.101194295167469	0.51571125360535	124
-0.017920517225134	0.600446788338661	124
-0.04597252551472	0.653193845087828	124
-0.115223356320558	0.699090037976521	124
-0.123823813017209	0.803791044076046	124
-0.090812639471773	0.946800114460235	124
-0.080377427144795	0.878283026001209	124
-0.017797838499879	1.0669243083648	124
-0.076666103470774	0.906713810959779	124
-0.011410074562926	1.06276703249697	124
-0.114491388965682	0.888715912076069	124
-0.058119768318379	1.09519456197384	124
-0.119742284101727	0.603985262864668	41
-0.030223696078081	0.563876324085133	124
-0.107276978825073	0.242974854351269	124
0.072288846604689	1.2267452644979	41
0.123621783483688	0.560611160073397	124
0.09625979132953	1.87103869165073	124
0.111817780227925	0.349814312393549	124
-0.040617970532673	0.917240989485373	124
-0.09871159194271	0.824641461479333	124
-0.03817525142487	1.16361452534461	124
0.048701717995976	1.19897163179388	124
-0.011155091222783	1.11122345315312	124
-0.119056087064192	0.844030034669186	41
-0.07507581899227	0.591351922168369	41
0.018130881750808	1.53993623569365	124
-0.095303193989039	0.509098210900184	124
0.0152169460477271	0.760691044957671	124
-0.019932382195923	0.454351863450201	124
0.00430709164979903	0.522015640228024	124
0.110366106791235	1.61968754904816	124
0.071223738782763	1.1901880562878	124
-0.123406498467544	0.410896407685871	124
-0.086606065088079	0.242886335492878	124
-0.043620941685348	0.934668059315072	124
-0.00652064049955298	0.988572801540755	124
-0.096751875160618	0.745276334824371	124
-0.064276165761633	0.960972402346362	124
0.041425708561227	0.468460639333917	124
0.118584406165337	0.263436826378087	41
-0.093430505810202	0.842351703258174	41
-0.113949495023255	0.862610856392812	124
-0.036837887932218	0.583655430464534	124
-0.04945005401818	0.346729522077369	124
-0.108987536623736	0.511669336721368	124
-0.114514577062098	0.849351991342254	124
-0.097447510334523	0.776083544269016	124
-0.028427628486949	1.00764818693774	124
-0.090966932994141	0.800934241767491	124
-0.079070845185092	0.890496858257172	124
-0.09406080472755	0.822798087867119	124
-0.105721965491762	0.860152703657695	124
0.020534267224156	0.962997889371571	124
-0.008796572638885	0.367927982030303	124
-0.048093121830906	0.164630247528037	41
0.03851693875073	0.767580521633471	41
0.00641241122674696	0.602762524171426	24
-0.044093385682323	0.43491024920533	24
-0.090950020841609	0.650559486642863	124
-0.091568048495129	0.525322321652563	124
-0.093243243560781	0.345220083692522	124
-0.00606249592403002	0.70846954887783	124
0.044701221896668	1.70436488374725	124
-0.110637537345345	0.902002873160541	124
-0.050894993897335	1.1647750211569	124
-0.117355040849884	0.696404594681437	124
-0.097236391908194	0.797246334619337	124
-0.117992888245119	0.742669687727695	124
-0.00376140635183198	1.20716506749098	124
-0.110378501773815	0.733872785759144	41
-0.022714498514254	1.00666557650176	124
0.053412924110317	1.23216421104882	124
-0.024435191606065	0.807385897005222	24
-0.00830097848003097	0.525313275888001	24
-0.017914617479977	0.800585169036947	41
-0.118132205492551	0.704797065447578	41
-0.043485127937856	0.608645252853139	41
0.09540367228557	1.59027293422064	124
-0.01758867335524	0.34172523579192	124
0.038202968585018	0.983468773086437	124
0.050137994033716	1.74410419525445	124
0.068216531599934	1.51955193484556	124
0.041086562025434	1.36510980405226	124
-0.099290633476208	0.849339688625527	41
-0.104057614950451	0.431226737765113	124
-0.052868137028814	0.227297547369587	483
-0.118212454227762	0.42183164382692	41
0.02200699616155	1.19459259345228	41
-0.000022150139850019	1.03693309308203	41
-0.085014086232113	0.893384042964272	41
-0.060494753506049	1.52094919058556	124
-0.112486297964243	1.23476212723862	124
-0.121993966904247	0.58893297885326	124
0.034351914991943	0.637299360060444	124
0.042463906638481	0.966817306186277	124
0.0645979062519641	0.372801408316914	124
-0.119490987849461	0.349508485615249	124
0.108721732381752	0.196947833793611	483
0.06272260188235	0.478902264696021	41
-0.080654272678939	0.424645993314422	24
0.00012881629392103	2.0169395677315	124
-0.06737201816064	1.61426879324805	124
0.091712400995283	0.464999669864521	124
-0.026014890292677	1.61794207835092	124
0.079883785521687	1.85294988217503	124
-0.018703846967519	1.06633656304787	124
-0.00640221920679102	1.20715740078943	124
-0.086839742391227	1.03941805776366	124
0.111478686180283	1.13457457891703	41
0.105540363795595	0.196883836529778	483
0.098334897695036	0.621247394693917	41
-0.047042977395001	0.761068356303015	41
-0.025670624668302	0.891346924995082	41
-0.084139197700189	0.740259673193498	124
-0.1176858167765	0.657059204245945	124
-0.09147888893971	1.14829877994552	124
-0.094978070407014	1.3145729856545	124
-0.115673762067985	0.34970706616731	124
-0.1127744578978	1.06062739007035	124
-0.034171071344686	1.18626986208252	124
-0.033931706179911	1.22627151366531	124
0.00869823095233702	0.446951171948653	41
0.018422313865966	0.264498726595568	41
-0.052568984511295	0.162709811063589	483
-0.095815849594672	0.429481135543132	41
-0.04221777511029	0.524936792903046	24
-0.026529367271168	2.30356244408502	124
-0.045183492201599	1.99021740521585	124
0.120481745874216	1.5412493666715	124
-0.10576336424624	0.694637993441224	124
0.088947139771398	0.712590439226256	124
0.0734849809818931	0.6389459831277	124
0.0310068533325349	0.813042201653758	124
-0.034628938216347	0.434273181666462	124
0.092847341670562	1.00261878468975	124
-0.06038622493571	1.23635149051252	124
0.069549922618421	1.66611754450294	124
-0.00651193627097702	0.834145459660348	41
-0.061686349409845	0.636914770481445	41
-0.067852708073181	0.473603971248376	124
-0.04718042661014	0.161705523270959	41
-0.039622956160163	0.8996975920998	41
-0.027848160518276	0.530850443762486	41
0.00237922291061299	2.35744697993053	124
0.010717637942529	1.60745732487813	124
-0.108092304740634	0.684280412038007	124
0.043176943278199	0.839164770412079	124
0.030777823899991	1.62371433400812	124
-0.104517154002759	0.969052701669442	124
-0.090571977908326	1.11629796332125	124
0.113559496914238	0.491248234944009	124
-0.00304464401959598	0.690970706682707	41
-0.044268724181482	0.804683237678174	124
-0.086487083776532	0.559855698123255	124
0.11721345617134	1.97083047888231	247
-0.077194869760151	1.36538026559246	247
-0.00838783005893301	1.77241157294273	247
-0.063459459661659	1.03846021970552	124
-0.011838681601989	1.45441595359818	124
-0.121574811181828	1.04928041045203	124
-0.041465597126601	0.152742326021975	41
-0.058734086718589	0.160049362864785	41
0.123918605254834	1.20085307994406	41
0.00435750737110996	1.18888861974203	124
-0.082205646467941	0.947249792445356	124
-0.069511071313897	0.578471954876008	124
-0.036276880842361	1.08047296509206	41
-0.050800088843004	0.598535715989021	24
-0.007037320377075	0.893441310111143	41
-0.060123685030775	1.59441825386461	124
0.011020165422455	1.41035118794599	124
-0.095276836895786	1.03565172609346	124
0.05651250601175	1.36428105250881	124
-0.093882495784505	0.844477104884255	124
0.023024298841768	1.15620524549281	124
0.0154711776964021	1.27318494293547	124
0.021154231505406	1.51316793796171	124
-0.075069336285852	0.952806425266034	124
-0.122611843734388	0.595794058571646	124
-0.116885879507019	0.714949365740552	124
-0.084941767295794	0.525261322443256	41
-0.0000935484320179758	0.531988064954541	41
-0.013662524584945	0.447526792336904	41
-0.012679822807405	1.07231083803737	24
-0.119111459213302	2.17983700847883	124
-0.104696712901663	1.42802388713118	124
-0.071522869369419	1.570746177201	124
-0.056645737702085	0.79778940398557	124
0.115353187056644	1.18860420805906	124
-0.101332621621544	0.515979379622981	41
0.119544107675153	1.0222804834335	24
-0.08270865325061	0.658457948043523	24
0.074851645477191	1.37807922931297	124
-0.061227648416911	0.943435183154769	124
-0.072372955566382	0.883861669595323	124
-0.039522637532678	1.3044410294718	247
-0.016512950866103	1.01588110712011	124
-0.115705387025888	0.661213042699654	124
-0.04428086783847	0.771433996023965	124
0.074572562929549	1.03573389271014	41
0.0297100927195521	0.983344845106018	124
-0.064183137805563	0.710893159437993	124
-0.029090958988524	0.445992529790516	124
-0.116172653522573	0.244252694304894	41
-0.044321794624502	0.447303662283396	24
-0.038154507983922	0.751819412634878	41
0.121395632523846	0.827383656120964	24
-0.116254590223338	0.941672079837173	124
-0.121204785299105	1.11610793951599	124
0.072255918214427	1.52690878725898	124
0.069689481763387	1.42970522501326	124
-0.056716888335037	0.728587121957976	124
-0.090037953788297	0.854195016733877	124
-0.040612524081962	0.568569390335089	124
-0.107136785464846	0.67679404243171	124
-0.081697720453353	0.922691727158247	41
-0.043757875564115	0.884686950963538	124
-0.055353405591564	0.415277041627636	41
-0.019833263059902	0.432895549119935	41
-0.116819748223491	0.338488605207323	41
-0.035528730905639	0.901909104917518	24
-0.112600873507553	0.604593386844932	24
0.052350978113507	0.979937994884813	24
-0.081446564080704	0.715811534011313	24
0.113265839899565	0.943545160871674	24
-0.091987802626859	0.585578605419806	124
0.020306187794274	0.627998405368537	124
-0.095461783337937	0.516448132472079	124
-0.035031384801228	0.525125920702693	41
0.039356212015938	0.631157266356508	41
-0.113369024507117	0.438416461990768	124
-0.060608189635756	0.495781806753756	124
-0.094724368032821	0.487162508388298	124
-0.056427873837986	0.507315730154056	124
-0.103177766803434	0.646181238170916	124
-0.076342379644562	0.816799202967091	41
0.046824639022381	1.04908750929408	24
-0.067634395446763	0.496343956542178	41
0.105294269331206	0.900247682229575	24
0.121567388911542	0.912221875676104	24
-0.097184255493904	0.891297675250582	24
0.120350556298217	0.900030436114096	124
0.099474273025244	0.661473178131963	124
-0.066947001370696	0.334038906914939	124
-0.0636990141053	0.723950557887277	24
-0.08198533532255	0.349241478514553	41
-0.079541964511156	0.939203965404604	24
-0.114675048220944	0.351845104045721	124
0.068035021119533	0.472316174454717	124
-0.104169760064856	0.426970157790289	247
-0.00532504481681401	0.357532800561639	124
-0.088809828163458	0.234260932807485	124
0.121364791549322	0.388379228398962	124
-0.069243685763544	0.436906546678551	124
-0.054196337936964	0.200665138824775	124
0.055906736981029	0.458780333491564	124
0.022381818341436	0.260387860977927	124
0.064138138946648	0.377915744771313	124
-0.066882503079727	1.08515633277452	41
-0.121562669626258	0.68454004058473	41
0.011962898968682	0.343605436115055	124
-0.086901595975242	0.249197322395446	124
-0.087822182955401	0.248338620855508	124
-0.103205990506745	0.574620919742201	24
0.073008236824134	1.0284519629369	24
0.053732327304991	0.992920860504868	24
-0.087773696906011	1.36946302733442	354
0.020156380427969	1.37514261755685	124
-0.00535751063093398	1.82954588947252	124
-0.076036296925509	0.690447916191967	124
-0.108247113110237	0.896380567622959	124
0.0135626425447239	0.258100856768668	124
0.108127525175118	0.286693576818328	41
0.068561443842769	0.486050327280042	124
0.064683753544259	1.15733020467601	124
-0.013013373678979	1.12865729693442	24
-0.063279237432495	1.71497883065087	354
-0.042181320588667	1.26706920632031	124
0.000308908532958951	1.31547077219291	124
-0.068198142781606	0.428604219165147	124
0.031961267378153	0.364583506552384	124
-0.11508991816481	0.968115619444658	124
-0.120478055323394	0.236677259412164	124
-0.039116483310901	0.251648389849684	124
0.108127525175118	0.286693576818328	124
-0.11874815380929	0.237136778720418	124
0.00675637464642298	1.04236045549982	124
-0.05269375213788	0.164143493470563	124
-0.019064099805083	0.351690862926643	124
0.0544730962599	0.807473436708553	124
-0.034478521604053	1.21121830251806	24
-0.047449659008895	0.247774682527082	41
0.018609071790072	0.349965395978946	24
0.109009891239972	0.660410355178658	24
-0.076104856680177	1.82099876323671	354
-0.027371617342392	0.59983479312676	354
-0.016211898485641	0.524604552008825	247
-0.022672547918242	1.80965340237	124
-0.020882862750193	2.04011409240481	124
-0.109139425932015	1.45349704746574	124
0.120480404412836	2.19213360552542	124
-0.017810006090689	0.434861967108369	124
0.061677678504326	0.364188858462719	124
-0.019076687137367	0.354463687018763	124
0.028305278202287	0.367804102036181	124
-0.119636634446279	0.245577333867549	124
0.096580456807103	0.487732482429059	124
-0.076459900007331	1.06357256917481	124
0.07070668101309	1.43161411496376	124
-0.01563427777475	0.35518476355965	124
-0.066174718280677	0.833935283195794	24
-0.119798506062108	0.243644692703116	24
-0.112218531312739	0.722878502576108	24
0.038005226637686	0.472511993211038	24
0.0644994078221111	1.84518050432454	354
-0.041559609887645	1.14485386635767	354
-0.101741182583712	0.857656502497007	247
0.061085694118468	1.97896595434493	124
0.00312551259184102	1.48579117696836	124
-0.061725133308076	1.22857308254418	124
-0.026255796817175	1.41535073852071	124
0.065437299622932	0.932870579501497	124
-0.00207502176114299	0.70569920580421	124
0.091070925867389	1.04053920229626	124
-0.112458029742327	0.653318026344954	124
-0.029204395490858	0.708896762435626	124
0.00618895672099995	0.972950650216731	124
-0.00982954803785402	0.728844517506826	124
-0.05113521729975	0.773846827010574	124
-0.119291412495597	0.671335455753775	124
-0.114420157165719	0.913328364243243	124
0.00866069279969095	2.34365719112842	354
-0.095749786241454	0.998276126628216	354
-0.011407034137583	1.04545784560083	124
0.018015511866973	0.900990689215206	124
-0.01015063530443	0.586576634561969	124
0.056946164691757	0.872591102948043	124
0.03103226665419	0.813130732312478	124
-0.100390576254184	0.550760273976035	124
-0.048100798844419	0.589535708299438	124
-0.04271828446833	0.966466633653087	124
0.00812238420306199	0.871282713391077	124
-0.068359762759302	0.50291639066752	124
-0.109740569049694	0.507336086807117	24
-0.095889168241929	0.593858271675217	24
-0.063992936620701	2.18923227188453	354
-0.058404586151329	1.10030483489742	354
-0.107400025029229	0.784189772557241	354
0.011030728465341	1.09136878023315	354
0.00301795763706103	1.06863636321755	354
-0.013639933441084	0.828148218593092	354
-0.097402371466989	1.12646219331435	124
0.034966461019237	1.67195783639808	124
-0.072552422110704	0.432814412864343	124
0.019852843216684	0.538463606642552	124
-0.097416421886044	0.769366516928925	124
-0.055038262372413	0.581697475399839	124
-0.101178747991657	0.412013063168624	124
-0.028381151439936	0.936249686624243	124
-0.039489943227359	1.10370259599455	24
-0.070572880804201	0.338703533668552	24
-0.029820812806169	0.51374198563251	24
-0.00973589706788602	0.523537608670552	24
-0.098046242015354	0.424910588792809	24
-0.092446728946328	0.239648221542365	124
0.066625609305585	0.379488331862646	124
0.00936981547443705	0.447370015068515	124
-0.042839138404492	0.353241102939504	124
-0.084220727067634	0.238296615440317	124
0.077018957674857	0.563459311003114	124
0.015848061353077	0.618619869454177	124
-0.015057834713389	1.10188314727733	124
0.00206862382060302	1.62302306186237	24
0.00459515335895999	0.523685893802	24
0.068433397371953	1.3388038500479	24
-0.040668730035365	0.252092593854704	24
-0.019855825923367	0.353192610419519	24
-0.072843661466373	0.890961373979324	24
0.103113889100452	0.728413700706061	24
-0.042541729631697	0.34642796220228	24
-0.01001374869003	0.341097258889324	24
0.0123798120262349	1.36355821657336	354
-0.028220930373714	1.04610408112675	354
0.104721225971272	1.27711397321448	354
-0.024454389707461	1.52725315911431	124
0.081738453032689	1.11045296804775	124
-0.028351760588346	0.516469576190739	24
0.123551981024274	0.677483454482674	124
-0.061599683218896	0.435870922194901	124
-0.049380772738294	0.524559582044612	124
-0.055653187618064	0.434123332833987	124
0.065061440627341	0.54093627644189	124
0.01771882532631	0.45828888991044	124
-0.059940953054223	0.43830239838766	124
-0.109804851054172	0.246046392567071	124
-0.114219797203913	0.328488105162855	124
-0.04221458369528	0.604161068949103	124
-0.106364641726597	0.42868071186325	24
-0.102947788782229	0.588150850432075	24
0.044639579684795	1.30906330002719	24
-0.087276738375849	0.348757750959457	124
0.022731070797211	0.606544195812878	124
0.056077222773913	0.456814499690663	124
-0.114447100141574	0.341317893079921	124
-0.088063265300365	0.587507079595113	124
-0.115103274718276	0.985738372431465	24
-0.022041488362257	0.538846968898131	24
-0.069423311089922	1.16293177783731	24
0.011779091412648	0.463645944795375	24
-0.061375803183813	0.676966720842736	124
0.026888097488996	0.803656215259446	124
-0.026827590105421	0.623606253098348	124
-0.019416960966214	0.91394973561738	124
-0.035377809108944	0.803163599453353	24
-0.046297565925747	0.516502565551446	37
0.108206210855668	0.2685523758709	24
-0.038655117392378	1.2080471408939	124
-0.046181844297391	1.28816130792436	37
-0.026704071282617	0.446933640872142	37
-0.083809912656127	0.347471652587855	37
-0.049936221736468	0.435004369367283	24
-0.059643305699675	0.159185418917069	24
0.0912197473077559	1.15848187936734	124
0.0217553273882271	0.360399952006267	124
0.031808411874991	0.644218783055082	124
0.070038747488165	0.569217332473333	124
0.00520397669726302	1.44150545470154	124
-0.015552344896875	1.29977783264638	124
-0.1078060085933	0.341936581465541	37
0.032658208612682	0.55751692106837	37
0.00822609291478504	0.449553257311219	24
-0.05703527592797	0.157085368414133	24
-0.038318906844374	0.521304117823812	24
0.090180373530639	0.565703870194384	124
-0.114098660511554	1.25446222358143	124
-0.000918964288511015	1.35414660420984	124
-0.05408682339415	1.23608257897122	124
0.09737137801961	0.649389025315885	37
-0.074610395733964	1.06976162788252	37
-0.027767892964252	0.358707076063927	24
0.01435612016765	1.55655730663385	24
0.016593512439506	0.843601827506697	24
-0.095223665763839	0.92583675269605	24
-0.075073110755746	1.25231218454659	124
-0.1160651845893	0.889917153361708	124
0.058214352659437	2.0446000396237	124
-0.058824606073857	1.38542290746277	124
-0.055422776912201	0.533102034972117	37
-0.038573814982924	0.60298603157019	37
0.123371675460798	0.787387728533182	37
0.09675885459218	0.266747989429769	24
-0.070534112691943	0.838560026406037	37
0.068561443842769	0.486050327280042	37
-0.084127351178188	0.24795406169366	37
-0.074263072777229	1.1831405045906	24
-0.077821005800873	1.00442000210114	24
-0.017997820984535	0.452543467583242	124
-0.103849880059299	0.734835386458747	124
-0.086181713058006	1.22135284140457	124
-0.113669413718832	1.08684943427242	124
0.0327309303162709	1.79393160794091	124
0.112562135132486	1.2815593796006	37
-0.000763067166881015	1.47006183858427	37
-0.082342729104948	1.22273453493044	37
-0.117310842996936	0.431262575120397	37
0.061180306680639	0.780247502522175	37
-0.087012248449854	0.33112414234932	37
-0.116808874566071	0.677252166912085	24
-0.087254580818958	0.571563943709012	24
-0.091318090076503	2.20071490070856	124
-0.112142078650595	1.63496589623565	124
0.052404503465073	1.07222008479102	124
-0.064448717814914	0.340451535402854	124
-0.08258015348878	0.415765452316193	124
-0.087807280821721	1.28057675264027	124
-0.047534262378191	1.34238716708742	124
0.05218990396243	1.29275629808711	37
-0.097658748387573	1.07116800695524	37
0.121900858399827	0.24691703584986	24
-0.042457045794852	0.800438003070445	24
0.070785683705089	0.859744691391065	24
-0.025054909666854	1.17728693577044	24
-0.091512740477935	0.352248052348082	124
-0.017159537792723	0.842861378435063	124
-0.036227120436625	0.874797098519784	124
-0.096781934704071	1.31909689810425	124
-0.033352645254183	1.55128612882903	124
-0.097216168669979	1.24371644206912	124
-0.11471286450523	1.14016290038259	124
0.058215462565574	1.91238254779587	124
-0.049260442933565	1.39566672082962	24
-0.011507507865045	1.38572788471125	37
0.109343893549452	1.30815606945567	37
0.012620312014652	1.62533288204327	124
-0.075915472211624	1.06936734667715	124
0.022798325254359	1.26268219976058	124
-0.105401683670434	1.03922529768471	124
0.067396637917779	1.20060408772749	24
-0.040146120085828	0.908578672649675	24
0.071734922794967	1.32677453680895	24
0.012458986438632	1.06174396553941	37
-0.068709059469243	0.864312844915432	37
-0.077553891384093	0.862065158703392	37
-0.117327869380002	0.672859419682755	37
0.084426266406346	1.43530335545008	24
-0.107228717979775	0.491066286915005	124
-0.047097088802401	0.586721787464915	124
-0.021732536110977	0.510081335102185	24
-0.039151880930428	0.43564766123816	24
-0.084789549551149	0.442211264897568	37
0.0651308858894361	0.630838935031701	37
-0.101613809789364	1.3570682233223	37
-0.07047759765602	0.424141660910737	24
-0.079526593239796	1.15055583480023	124
-0.058913403817158	1.20875760766192	124
-0.09947281171715	1.04017233063521	124
-0.102844301020229	0.837615019707582	37
0.013114868001017	0.937562729960011	37
-0.094381622770712	0.958393508840293	124
0.027558447995042	2.30781936429442	124
0.057264581664653	2.29887770702566	124
-0.103947328263236	1.15656221595122	124
-0.090955402685228	1.19115519318962	24
-0.098696232390465	0.504867100485982	37
0.099261596271734	0.954069702514557	37
-0.023659071560968	0.342809297030472	37
0.00361891422999605	0.445891267654387	37
-0.122800552444771	0.686375730089555	24
-0.091888445495175	1.98717437423673	124
-0.100861369505171	1.73724045790989	124
-0.10667682581536	1.50204474817587	124
-0.088860286749493	0.746774231792547	24
-0.114945131552855	0.343221231609963	37
-0.089312087402633	1.09832435980693	24
-0.109970155531421	0.941475031731904	24
0.041761444167201	0.980193044706671	124
0.065047393891099	1.01891544702368	124
-0.093374556170431	0.801665381706877	124
-0.000305047125818025	0.577428798072769	24
0.08911344679842	0.839939532676237	24
-0.053449034292253	0.517042710697653	24
-0.029727571748934	0.513435664850714	24
-0.015308088692599	0.447148986630519	37
0.084676399184903	1.14454584255113	37
0.06566971352359	1.69577985303542	24
-0.05981213341006	0.513083261998466	24
0.017266343051346	0.262199548559052	24
-0.057154411426747	0.360777629522365	24
-0.08775499707076	0.239613864181426	24
-0.00765613906856699	0.357063383333333	24
-0.037027167130356	0.241571588712574	37
0.0296002518752611	0.369301664275605	37
-0.058051355702268	1.01753048441485	37
0.028689795961039	1.93242697510556	37
-0.016997437922672	0.341488269029405	24
-0.023352540436242	1.13393003908194	24
-0.040792528398303	0.250128220412435	24
-0.105728850922148	0.575394174127588	24
0.106344419171865	1.17420755104104	124
0.057367175921332	0.97152569774419	124
0.0610080220457741	0.928674765767186	124
0.001295243534849	0.688028696034559	124
0.069867994212247	0.682523872114096	124
0.014025023387401	1.00206259908834	124
-0.013559192237369	0.848975441026672	124
0.083165298854716	0.731656703245279	24
0.03731961951684	0.360748514179859	24
-0.00486251572888202	0.508789009411848	24
0.048262763640331	0.560107207658391	37
-0.072405739177004	0.98302963241257	24
0.11678984476398	0.379051742102138	24
0.026084541273953	0.461163056226497	24
-0.091925330790783	0.350893406391601	24
0.012209650538955	0.986318417602538	24
-0.097601615745041	0.926496972312596	24
0.066022848036697	2.40015466184314	124
0.075341113769961	2.18445605409167	124
0.021914624347144	0.877842741141692	37
0.0706847689953281	0.797646941333142	37
0.061556355560623	1.56373671956679	37
-0.057588986454296	0.577329890710823	24
0.047479536474776	0.811995553610759	24
-0.099911062940714	0.82509362530894	24
-0.07415777005004	0.430711891670849	24
0.09202465226247	1.61915834910235	124
0.032384402580203	1.20530135433422	124
-0.103403036964433	0.493549725782543	37
-0.107644764259843	0.345481555790268	37
-0.00263494322989899	0.600262751643822	37
0.012051052658607	0.531288272616788	24
-0.121546238755445	0.242195515898609	24
-0.07795919456711	1.50631284935145	24
-0.036650362660249	0.791668179972407	24
0.000436918513834983	0.618646846431266	24
-0.067463250316434	0.61371605361011	24
0.038075762022343	0.630638270107955	24
-0.112038575076639	0.819509151368052	37
-0.039432393434128	1.07072641005181	37
-0.110999836408554	0.638958553717419	24
-0.111187401685943	0.333154347333042	37
-0.044719132517793	0.408871737936476	37
0.108306998851992	0.351234472921957	37
-0.114183384969928	0.558171234350334	24
-0.061711186327051	0.923517676845068	24
-0.087005179209151	1.21066368804015	24
-0.012755125843262	0.685879419886821	24
-0.099164358094605	1.17992062230766	24
-0.077515231489403	1.14853730738251	24
0.035153342420292	0.909848456074666	24
-0.087637385453385	0.609347247910636	24
0.060881514413748	0.363712985178702	24
0.109445790014745	0.192936241963981	24
0.114669635281439	0.278088842342051	24
0.10738590334938	0.284218486173583	24
-0.020798159918084	0.933185067029714	24
-0.00864267996408702	0.724555498589241	24
-0.092974494688898	0.843754319267259	24
-0.078332604169562	1.10152853476797	24
0.06888627465475	1.01606637552425	24
-0.050564964050986	0.496902632477321	24
0.00110213747778298	0.361836074306709	24
0.0250618243888731	0.25700858974078	24
-0.055047950567545	0.160476366144499	24
-0.023210287439059	1.04224588503336	24
-0.034634771038967	1.0912657896615	24
-0.076927809897701	0.427618594231681	24
-0.0725623195281	0.837819118031419	24
-0.123973774351263	1.80832935839276	24
-0.0650622010926	1.1267883985234	24
-0.090346680930288	0.746727621502151	37
0.109445790014745	0.192936241963981	24
0.020215700052327	0.261371180161365	24
0.00839279801759496	1.04728164148272	24
0.00290607129439002	1.40315538225677	24
-0.058147531467584	1.2789965293198	24
-0.028439941988587	0.629943528602204	24
-0.029129657855945	1.4752792090106	24
-0.057220403444232	0.985734895150365	24
0.081489301860618	1.30802095547449	24
0.000272595458706948	1.50869928984148	24
-0.085909143102709	0.85354865143326	24
-0.026867499523613	0.81469361437875	24
-0.10045084570326	0.343503050983485	24
0.019846234613956	0.364706265015257	24
0.018061486445258	0.831664868208735	24
-0.063542885987359	1.12753120165035	24
-0.030443186493022	0.446666459956149	24
-0.051779414584004	0.163302427940867	24
-0.082197030616321	0.748068586960689	24
0.112647739636594	0.185389565642619	24
-0.041668920924236	1.08716491524127	24
0.09068165505962	1.46455632968321	24
-0.072289071223351	0.731683710165805	24
0.0493422665283591	0.959741258182474	24
-0.111177338994169	0.239988722084732	24
0.012651667635187	0.52113158065427	24
-0.016446764985439	1.17403488847141	24
-0.096852850200531	0.708774317411359	24
-0.00635356738981502	1.24859907609573	24
-0.080829628746584	1.1225411613877	24
-0.105051318487879	1.62801046154638	24
-0.07407699585852	0.743169512332215	24
-0.034572746733828	0.351621085361062	24
-0.110180967826472	0.977982073127413	24
-0.057690997300296	0.681374276610666	24
0.012732315210938	0.46586952479684	24
0.111920964376254	0.188915238265414	37
-0.072276818777226	1.36747107479508	24
-0.083678187673858	1.07630621315311	24
0.045770866686493	0.91054511568501	24
0.047551459303492	1.13790159311983	24
0.032458930020277	1.15295719830588	24
0.048814069409124	0.997396342900777	24
-0.087780156988734	1.95023254823868	24
0.028754022337235	1.05139128191739	24
-0.06441523090486	0.339976042748164	24
-0.043000864342978	0.413324395454283	24
-0.104640336353186	1.98366544397314	24
-0.123630901876278	1.81658304194992	24
-0.080460130267046	1.95969930426225	24
-0.075095044317177	0.435919913365041	24
0.026475640330492	0.254163799537283	24
-0.054930998893295	0.157544484829936	24
-0.05904035206787	0.576792205702519	24
-0.110436088003644	1.87724568425072	24
-0.076382523128748	2.22456909264246	24
-0.112911493617696	1.8795651410304	24
-0.094154484181736	1.84600696432277	24
-0.085556062749334	1.90724649123748	24
-0.056848124104564	1.39473719167886	24
0.033952907642253	1.04280137478349	24
-0.00186894817579703	0.94630516064747	24
-0.03988791772283	1.05822783406758	24
0.118721900126122	0.268689087608645	24
0.02653297684863	0.815282182061095	24
-0.053688925367755	0.526212965369689	24
0.00137786437020304	1.07451835875761	24
-0.098881258107696	0.516030100971519	24
-0.000285905018490018	1.15960846941986	24
0.059187440036547	1.29718762746512	24
-0.100028680842824	0.336471474364646	24
-0.05269375213788	0.164143493470563	24
0.108127525175118	0.286693576818328	24
-0.102894969341889	1.143995903702	24
-0.089723436792624	0.804134398767858	24
-0.109825084350993	1.5177427215047	24
-0.056465150544367	1.50241381005115	24
0.083555517160201	0.834051748012975	24
-0.033551459822513	0.353756142300836	24
-0.060553791501577	0.155588204672542	24
0.0135626425447239	0.258100856768668	24
-0.102075698182605	0.433607003412221	24
0.00574711665806904	0.848529178966325	24
0.122660289318784	1.54888807984917	24
-0.024523465594196	0.847383151238909	24
-0.074820010462727	0.246434482052558	24
0.092032279010467	0.918842457303878	24
-0.087479561771183	0.933208850008876	24
0.061850868625958	0.84805832382582	24
-0.096730312148849	0.74505982474812	24
-0.043666586430514	0.254906306140578	24
0.11844669361889	1.37130210795765	24
-0.034587669552166	1.22381954160191	24
0.096918971019372	1.54049304582761	24
-0.089521763376503	0.246128881255135	24
-0.040507579539315	0.818816949408537	24
0.00301237779682895	2.40682316445038	24
-0.072520553082708	0.880802106777138	24
0.00443935684133301	1.10294400919741	24
-0.065905659221288	0.808583406546498	24
0.072911870306559	1.29382791049172	24
0.108496304849876	1.17871644181042	24
-0.056101487634244	0.849231447634437	24
-0.051472359085553	0.870100394011019	24
-0.106851265534376	0.87928898721044	24
-0.048004351182292	0.66339096962456	24
-0.042865491473619	0.849758724857711	24
0.027852499074836	0.839449284865573	24
0.00527270760532606	1.02768338554389	24
0.023970202484606	1.25575444922025	24
0.023790941076098	0.876681363004208	24
0.055060906712705	0.358713096565669	24
-0.088679519256895	0.841038850042262	24
0.099448235969967	1.66526898509335	24
-0.121182260530165	0.50944531947067	24
0.016631406142817	0.260722173459589	24
-0.104657448253307	1.33248087483423	24
0.122014202614237	1.64329306578696	24
-0.065848289075045	1.12918517783728	24
0.05100002595009	2.41758897397801	24
-0.063521982403632	1.55648954007357	24
0.073307001401286	0.756861655708184	24
-0.061262904466319	0.669881909907643	24
0.082291272743133	0.731866158884554	24
0.099678599237086	0.964745709307966	24
0.043168218976178	1.05966467698801	24
-0.12402509217955	0.767170210167267	24
-0.027404701274159	2.26102917155936	24
0.023279146796702	0.370043303568374	24
-0.034689172848501	1.26586795903908	24
-0.00344037433356897	1.65685340938788	24
-0.09040751922983	1.14847639152235	24
-0.103253358044065	2.34888800422583	24
-0.120438672905313	1.45940089768128	24
0.04619899836248	0.901501580496874	24
0.110382885599145	0.189869757277567	24
0.00639840979537898	0.790642149381822	24
0.018003551617467	0.92982645836897	24
0.046418935338587	1.03114759479889	24
0.065371486019007	1.42054579124568	24
-0.107359146568935	0.791838587319272	24
-0.062169351897139	0.636649556761891	24
-0.067699103598072	2.36569136910658	24
-0.115637487552184	2.05637506731519	24
-0.111377325325445	0.777140515089511	24
0.062116486918721	1.52585039039864	24
0.00783168636822496	1.42858171807885	24
-0.070653869217615	1.06563746686846	24
0.111283444766179	2.25469474155866	24
0.00322485966902097	0.813923226982246	24
-0.112451845780519	0.63338653612388	24
0.047301056307073	0.77788491892044	24
0.11955102084424	1.20986535602075	24
-0.030589045645684	1.094671794587	24
0.017789337493218	1.00909118646848	24
-0.011689059530783	1.63070560981071	24
0.00721668863713598	0.820588089237248	24
0.040899485717637	0.956187458338538	24
0.052338720153157	1.86175715276046	24
-0.124670947541526	0.431042320420496	24
0.025863058064735	0.626362128535662	24
-0.036033668732197	1.59939569263946	24
-0.074300325597027	1.143795880874	24
-0.112942634825606	0.962250860682422	24
-0.039330508155943	0.35335754932894	24
-0.040725038339604	0.342262310905456	24
0.053850590723482	0.636723507034685	24
0.030716510317282	0.549177504541975	24
-0.095487139164012	1.00845756070879	24
0.060538677623094	0.569060618608496	24
0.013926624074987	1.4775623193303	24
-0.119956328342941	0.735874971556851	113
0.033267478816525	0.694633539108877	113
-0.097111579871518	0.438546583346729	24
0.081310429287996	0.809125864441633	24
-0.10475064572498	0.798459236972394	24
-0.090623578255707	1.00655179819645	24
-0.061614834295762	1.20559431371843	24
0.00225887973757999	0.589070587802054	113
-0.049788584432862	0.332394171604873	24
0.048634157144443	1.00032020868159	24
0.002653233629342	1.66912155881844	24
0.078278289529146	1.70735247845454	113
-0.107345984526325	1.67433579431237	24
0.043259903086414	0.632781174773949	24
-0.082160311115202	0.63733971602201	24
-0.049662213269888	0.575355035408786	24
0.039355540726028	0.474225194966459	24
-0.104921188936947	1.34131455846587	24
-0.00487440505770498	1.01919179980867	24
-0.011942209914801	0.624608038065105	24
-0.110239450672169	0.402301677726931	24
-0.011805138252708	1.13211762494441	24
-0.043480449066174	0.158610274536396	24
0.040949222394805	1.97496763683076	24
0.028642251095803	0.263441550384805	24
0.106443369145996	0.275073792013536	24
0.061386626021698	0.815509913677973	24
-0.00120946925848803	1.60303054353986	24
-0.049796172893354	0.163954801888234	24
0.00258795480570995	1.64568753858956	24
-0.077008623000863	1.56705691607522	24
0.09675885459218	0.266747989429769	24
0.074270226834023	1.92947684717516	24
0.014628735335297	1.01158450654641	24
0.0660326241804891	0.725883190902531	24
0.016712129996392	0.3699471445352	24
-0.111856934181429	0.341971252706202	24
0.107890614159452	1.30059716843856	24
0.087182950754602	0.865990465506015	24
-0.078708156048828	0.487827120777937	24
-0.016107955544848	0.997156601641591	24
0.077475569716328	0.988134464277642	24
0.072464496028961	0.907118136673281	24
-0.032301333764753	1.55192171655078	24
0.00570901437094395	1.03920858156676	24
-0.112714150915882	0.667160362709496	24
0.00314542031373199	2.05166428511001	24
-0.122539806659095	1.24216537747269	24
-0.061161060412906	1.76135419533754	24
-0.043775041330278	1.16447328801689	24
-0.067374822833542	0.796112601850175	24
-0.114447133954889	2.09286162575888	24
-0.123483068393774	1.90949173078512	24
-0.100888126720927	1.66599569204966	24
0.055430392586839	2.03488243087421	24
0.062564297996531	1.93656500827149	24
-0.114036555722516	1.24719324050477	24
-0.074666930102266	1.50455432533712	24
-0.10492048887099	2.46439077526981	24
-0.038403306587805	1.85931359400595	24
-0.065577070408503	2.38481560646338	24
