x	y	clickSelects
0.04043819917282	1.70279437749068	31
-0.020058263732819	1.10954325386782	31
0.077972704621586	0.656549895022408	31
-0.042561441285064	0.955015896481001	212
-0.111375382103025	0.594818597117474	26
-0.045823718846895	0.884003836493199	13
0.015672288794857	0.745382586238216	13
-0.085984104088109	0.5895454691469	11
-0.04945313239259	0.395977417753327	235
-0.013725189014907	0.316186421786018	235
-0.0161284235885391	0.304267228775723	235
0.056670882246235	0.87100275216703	235
0.069264134732277	0.439827478899429	11
-0.049283165074923	0.403387762736119	11
-0.121469565480747	0.388181510636661	11
-0.00892885205528204	0.318502007835874	36
-0.013794152332927	0.310263526500163	133
-0.013725189014907	0.316186421786018	88
0.09237049643915	2.26597361123685	31
0.026614042047184	1.17668065633651	170
0.047950971506057	0.720073615549681	11
-0.108868141658339	0.483782275880338	235
0.088900621123305	0.65184422226311	235
0.0698546474516341	0.643611757236914	11
-0.03429485199903	0.611373840103751	11
0.107963744012971	0.539586106555526	11
0.062853655923619	0.428644645115247	133
-0.012838977535801	0.316055292646527	197
-0.049705934127101	0.397910918191799	22
-0.019492454097792	0.309569888581179	88
-0.019492454097792	0.309569888581179	88
-0.0202709493407131	0.303417203431975	14
-0.014809989445012	1.98215962022797	31
-0.117796935594305	1.12680981570977	31
-0.014404717593081	1.30700070017083	31
-0.104455405569771	1.28125174423675	31
-0.081509457352194	0.596186088380602	31
-0.072444886892816	0.68475658302073	31
-0.031270938850322	1.08872229864989	31
0.086343632182924	0.968675350354074	170
0.059254435897424	0.7453157558373	170
0.045726949823673	0.840280797320725	170
-0.0611908591068721	0.694759412454974	170
-0.023011581075068	0.809389853909997	170
-0.115495092501515	0.371816097586433	212
0.050317714924804	0.855056628036544	212
-0.0328592563342081	0.632059465368775	26
-0.056298358754488	0.49506041814202	13
-0.045448927555918	0.615987131372065	26
-0.045697630452237	0.408626708053185	26
-0.035856493804217	0.493971964593274	13
0.00581011919682695	1.05818045921702	13
-0.049494175092198	0.497828665771129	11
-0.114757083923737	0.484521900990832	11
-0.124705996220278	0.389762300618104	11
-0.034101491692708	0.610758506251854	235
-0.048630808774726	0.508978604563644	11
0.103484452983675	0.90256733537771	11
-0.014687898500488	0.311861779805106	36
-0.012838977535801	0.316055292646527	36
-0.0857848362717351	0.685749497760713	72
0.122442676111921	0.811523195144302	72
0.067774573719918	0.437416300979151	197
0.062188198326436	0.427337984884904	22
0.095956462310587	0.952177253353554	88
-0.014574696839767	0.313657849579674	172
-0.084858168401308	0.816890629474281	88
0.061440409141435	0.426289674429354	305
0.119479852878302	1.5858824687285	31
-0.112790203532282	0.941079350729317	31
-0.064951756383379	1.72984667730301	31
0.019626062801244	1.16661040770031	170
-0.102192987802103	1.06508642782859	170
-0.101808043445772	0.887362865412792	170
-0.02565001852672	0.876197207520889	212
0.050127705518134	0.989039539690605	212
0.111973061963893	1.04985912337139	26
0.099323918465316	0.982022194138404	13
0.062022130948274	0.779161272918265	13
0.049279362827212	1.0638330886361	13
-0.071499806374249	0.869720845295735	11
0.00160445016563904	0.729482361995495	11
-0.076757137844385	0.589253673268216	11
0.053949591087336	0.742431688598338	11
-0.115135332660331	0.465132410609532	11
0.01478872811418	0.730101040850942	11
0.104391708341166	0.900306920703158	235
0.124930810749826	0.560056111035905	11
-0.033775444442061	0.713187678724336	11
0.063456856495021	0.428665577714597	36
-0.013018387303469	0.305394747651446	133
-0.020388581089155	0.307110582507366	133
-0.018597349798757	0.309462932848304	14
0.00553292234412495	1.46727255347234	31
-0.0851909246263159	1.57270820552023	31
-0.047290994415445	1.09798734972084	212
-0.079365524747001	0.935019867067127	26
0.096794850890466	1.22689589238542	26
-0.076034968311811	0.833374080597173	26
-0.09213241486754	0.684700936462781	11
-0.09624571135397	0.717084063617541	235
-0.014574696839767	0.313657849579674	235
-0.114038444535238	0.482501471616813	235
-0.038424702447087	0.634763414992288	235
0.115947100435256	0.536280810457781	11
-0.00655662708117699	0.299487038219434	270
0.064483684432268	0.432355787081799	36
-0.014501617581933	0.315189615441222	22
-0.115356644817665	1.07168631553613	31
-0.00156753278378097	1.28573690943038	170
-0.110285390037267	1.04682583862949	170
-0.112417313341309	1.26911626339319	212
-0.115797448084542	1.00007573495037	26
-0.06283150381479	0.990946891091825	13
0.091263338153562	1.21205137874948	13
0.096010374761067	1.13969458663728	26
0.015003721157573	0.822978570204921	26
-0.03586914826063	0.962098108929093	13
-0.026230723930639	0.876630163994695	13
-0.0378980274078879	0.709305264796145	11
0.056185275554866	0.851901565446649	11
-0.027369966634335	0.812342401317556	235
0.116786376495249	0.771780213769093	11
0.015629950332357	0.51056806493026	11
-0.046010917272542	0.516232474989108	235
0.0872336336394191	0.974343781101642	235
-0.0470895787814381	0.515386553151001	11
-0.050399449493757	0.507907117895005	11
-0.032228768701656	0.79171964593206	248
-0.047031440580092	0.400898616070574	36
-0.043130046158663	0.412195598418682	270
-0.014574696839767	0.313657849579674	72
0.06196862207579	0.42635694522763	133
-0.011506240200352	0.309080061396945	179
0.105792892397328	0.745311326315068	31
-0.124632554604818	0.743911373946329	31
-0.03874733655574	0.694594671189063	170
0.011865343023866	0.842685666450896	170
-0.019795519293331	0.9000244358124	170
-0.025889619781499	0.782384314749655	212
0.00325834016376503	0.612368368350688	26
-0.048821766972845	0.522174076293237	13
0.11974770454555	0.544299507369661	13
-0.052905543833312	0.392547553962473	11
-0.050050957364469	0.404578020274008	11
-0.046572571027053	0.40347076543657	11
0.057316629938744	1.66735407280938	11
0.023145389616148	0.813616396162542	11
-0.0471639045179409	0.399312968288547	11
0.116377208701927	0.783611363304781	270
0.068519536271809	0.441380219868766	72
0.066888447913274	0.436059900944306	14
-0.094390087841713	1.691964279293	31
-0.00350920316089398	1.94189464414769	31
-0.051343011455273	1.34336080242301	31
-0.104746639967679	1.34085328907357	170
0.106103294730341	1.03574784547251	26
-0.087341135695764	0.829623582349366	13
0.094664366162001	1.03985106511701	13
-0.069562106183472	0.678095754845312	11
0.105366216552059	0.50825958627622	11
0.006641723035266	0.639700134764548	235
0.064483684432268	0.432355787081799	11
-0.005781566081412	0.307344631201977	11
-0.050861474076802	0.509303340950865	11
-0.116034692925542	0.470885736636467	11
-0.054332969357385	0.499525822994203	11
0.013671736196227	0.652797416166847	11
-0.052403160037142	0.509505009228168	11
-0.098313029701789	0.491093051975064	11
-0.120834410284993	0.39046776638375	248
0.063739138709272	0.428557950325592	270
-0.043757386206409	0.403731831873691	270
-0.120834410284993	0.39046776638375	270
0.066888447913274	0.436059900944306	198
-0.018597349798757	0.309462932848304	133
-0.00892885205528204	0.318502007835874	133
-0.00970493102937098	0.317500836457744	72
-0.00982858021325706	0.31692388691876	22
0.0141876481036139	0.522761386386891	88
-0.1229233785949	0.38747666601983	88
-0.014687898500488	0.311861779805106	88
-0.015278467276278	0.306620397421394	179
-0.015351349554288	0.312675934806691	14
-0.0189642648109269	1.37069321670338	31
-0.03181110961081	1.49539311476759	170
-0.020078416039035	0.800419196960318	26
0.008068819324629	0.821000243106709	26
0.00191987991669695	1.98731193811555	13
0.012998469439862	0.750228198399188	13
0.030998020334351	1.07645040524597	13
-0.033500985744775	0.67765197047391	11
0.0575472358902051	0.870448368432194	11
-0.108396311115744	0.593209445747564	11
0.052883363901066	0.865396730106881	11
0.119487082845237	0.568434385429255	11
0.112419468553903	1.04336395284088	11
0.017613789469592	0.514332054386495	11
0.016142083030283	0.512345160580667	11
-0.088183653976076	0.584231629833914	11
0.066002767339025	0.431490947656493	133
-0.00488274865803595	0.307380231816231	133
-0.01848092677722	0.300871392865518	300
0.015104561643778	0.521618861364361	88
0.119919717252193	0.54538415701861	179
-0.060696259555492	0.490911033266462	95
-0.00970493102937098	0.317500836457744	14
0.050029400503316	1.25848387860705	31
-0.00792182201912905	1.09438598881554	31
-0.057018978455427	1.27355847574936	170
0.035176525740254	0.904837568930607	13
-0.064452407169312	0.864590606753792	26
0.036455852188742	1.33144677422878	13
-0.098878062770654	0.738923034847322	11
0.0209195903346699	0.699963196427752	11
-0.060178158793407	0.779741335679333	11
0.011177678702916	0.627256785851107	11
-0.04841449001938	0.507710096780064	11
0.064625070470834	0.42612507746471	11
-0.10511212740458	0.507791066916886	11
-0.107199297618812	0.488177248813409	11
-0.113268332639773	0.449164437687619	11
-0.00905251348905001	0.309814622997046	11
0.075700534583139	0.406756914941676	248
0.067598962520764	0.653850675459192	270
0.066962559951103	0.403626635558662	133
0.067633286811483	0.440000422425588	133
-0.016979692595919	0.297358655553057	72
-0.014352290137729	1.08021454891703	31
-0.106031587869681	1.36295021663662	31
0.093082548439387	1.57466830109143	31
-0.045081950764309	1.0609969075112	31
-0.070857782033066	0.784657914289932	212
-0.118554745298288	1.12692858348314	212
0.037399401855415	1.08497700504518	26
-0.064194218427035	1.37814152414145	26
-0.04333090381538	1.17413302311813	13
0.026368370582286	1.17806959897379	11
0.123806988054521	0.971619166991244	11
0.00888281657384304	0.64546548063222	11
-0.043325332139405	0.512631545309618	11
0.019020846584976	0.521380675238532	36
-0.124480505176128	0.391034814866633	36
0.007729241569014	0.637805328606207	133
0.119606974347764	0.56510449843305	300
0.058907527201585	0.413988331354175	300
0.069121873043145	0.427973741385353	72
-0.00500693403605201	0.308270041400524	88
-0.121957987859103	1.10346639000629	31
-0.121951228577973	1.1329120101777	170
-0.106601982997825	0.494154876221431	170
-0.043192607653804	1.27062411197102	212
0.005102393169513	1.14727467188277	13
-0.053185403045929	0.805033594343418	11
0.07239771854097	0.6381977021649	11
-0.10328585700832	0.815837384440823	11
-0.040699212599861	0.397503934475301	276
0.0508045446771011	0.836327210868518	11
-0.049579393327674	0.399758982143648	11
0.0686611447762861	0.435925305148384	248
-0.016926051241332	0.302093223186916	248
0.0264070940565641	0.538617054023443	270
0.068876844529042	0.423857543307475	36
-0.124625107063963	0.391765654752861	36
0.068377761739654	0.438459087939051	133
-0.013725189014907	0.316186421786018	133
-0.015278467276278	0.306620397421394	133
-0.00590636495901897	0.302807104737618	72
-0.019492454097792	0.309569888581179	88
-0.053944084331453	0.395711376744076	95
-0.017819707208135	0.304571574191317	14
-0.06263126706263	0.873473279779935	31
-0.04866634129201	0.519929025110453	31
-0.049892632140121	1.10823412571135	212
-0.058667676979592	1.30439250272166	26
0.003112263498523	1.31434408225441	26
-0.101157776665632	1.07220742914306	13
-0.027511952661013	1.01065240027454	11
0.0109918829624031	0.63786631749024	11
-0.026540723393949	0.70363916687684	11
-0.118361194927296	0.587317801537378	11
0.084940938303702	0.640077135548938	11
0.108977199335266	0.542271445161175	11
-0.014501617581933	0.315189615441222	248
0.066236967326775	0.648978816787367	270
-0.020388581089155	0.307110582507366	133
-0.0579156327484111	0.503185717111471	133
0.067915693942553	0.423787067938387	133
0.010389807334119	0.485412772095581	72
-0.041463195022329	0.407165869763048	300
0.068876844529042	0.423857543307475	179
-0.019492454097792	0.309569888581179	88
-0.118609753815626	0.381534191831636	31
-0.077258980670162	1.45470965657964	170
-0.067016665222194	1.35572604034081	26
0.01375622163695	1.20990396657286	26
0.058943174122816	1.43754325253545	26
-0.084049333926656	0.898289303277954	11
0.113063239174387	1.1627660861582	11
-0.08255293670092	0.757404257020784	11
-0.0757219943868121	0.810859166948946	11
0.01810574744159	0.522535980668088	11
0.062853655923619	0.428644645115247	11
0.06522786651293	0.430884513519925	276
-0.045730244860472	0.879662573620126	11
0.00395825698934804	0.820333013752456	11
-0.014501617581933	0.315189615441222	133
-0.021285725827519	0.299934647378415	300
-0.010766658353382	0.302102112406983	300
-0.046401572823223	0.390009367462477	88
0.097723499386724	0.956935306109435	31
-0.092650947108601	1.58106800370461	31
0.076539505193178	1.89056102558109	170
-0.101302952178817	0.469093079724018	170
0.065927437263803	1.10883113584968	26
0.046936355442907	1.1893694617474	26
0.00298500991538697	1.15282818276559	13
-0.007801922882683	1.03194841928993	13
-0.031271445989136	0.708304921855197	11
-0.055246622813777	0.964031921707543	11
0.048283119862263	0.970463226628828	11
0.116047630210828	0.756715723518763	11
-0.052426307065909	0.953632719514957	11
0.090937561523624	1.05972231703417	11
0.00891747752866301	0.735781161136587	11
-0.0409029220707851	0.405288798422532	59
-0.055748520399339	0.38735182253011	11
0.120895810637019	0.793179984131737	11
0.113952587542867	1.070608841769	11
-0.107757559155215	0.484405527133748	11
-0.043130046158663	0.412195598418682	11
-0.117973720494538	0.379653148359012	133
-0.045834710605726	0.404596060998345	133
-0.049579393327674	0.399758982143648	72
-0.013725189014907	0.316186421786018	179
-0.014501617581933	0.315189615441222	88
-0.015351349554288	0.312675934806691	14
-0.072889769528055	1.31229403767409	31
-0.016471403980031	1.47785974237502	31
-0.113089128765953	0.906509834086207	31
0.084308741129806	0.661862791591064	31
-0.10110121097029	0.663314546160412	31
-0.081463366206418	1.4667072943838	31
-0.087250705435875	1.12939839146417	26
-0.111580810317962	0.487794379942026	26
-0.08090723494235	1.29621163512185	26
-0.089857628947927	1.2948156950526	13
-0.033313997221325	0.947492839935197	13
-0.085048761452751	0.900936727429713	11
0.114621811280551	1.12550967465447	11
-0.118482767576063	0.885719956131733	11
-0.088300452771937	0.576172032409193	11
-0.010766658353382	0.302102112406983	11
0.018630978066337	0.733715524779429	59
-0.012838977535801	0.316055292646527	11
0.026326231993374	0.531667426184375	11
0.00502046843627102	0.732971012255407	11
-0.056380819765677	0.484280549320024	11
0.119366783364388	0.56303609799039	11
-0.011506240200352	0.309080061396945	133
-0.00500693403605201	0.308270041400524	133
0.111440722262884	0.489624781951083	133
-0.011506240200352	0.309080061396945	133
-0.00803014611641795	0.316821733039894	133
-0.045972176795279	0.391295502754463	300
-0.0120618899111919	0.308948097380784	30
0.115584000869774	0.548623618235059	88
0.067774573719918	0.437416300979151	95
0.011444488676105	1.33271967350852	31
-0.061324378430815	1.80641844072772	31
-0.053177139412003	0.394591877345298	31
-0.0638587016736391	1.70290668329265	31
-0.056988289123878	0.95400496208864	31
-0.05355765204199	1.38197641047627	26
-0.075442236225408	1.21005042624079	26
0.081868584908722	1.02531068872923	26
0.064637460133276	1.1035174972155	26
0.01494462993871	1.28375094600798	13
-0.122351156640569	0.980850854187757	11
-0.032526403248571	0.720860561414033	11
-0.0586884893530461	0.503544829122289	11
-0.124625107063963	0.391765654752861	133
-0.01361649649519	0.315060797022341	88
-0.00803014611641795	0.316821733039894	88
-0.015351349554288	0.312675934806691	592
0.07089531130795	0.427882389906933	592
0.045617482524434	0.931793962451308	31
-0.051037911168042	1.79695035816858	31
0.016916627046128	0.635444136687431	31
0.087298829338825	1.90340261558706	170
-0.059636572075503	1.3373829142202	26
0.099334810415036	0.864410708757702	26
-0.014111637902011	1.14295906729904	13
0.114178173215616	1.4041531726311	11
-0.089262806219943	0.596933952758271	11
-0.083702746453667	0.777103787893365	11
-0.0976040415143919	0.690678327218484	11
0.045942991683669	0.809113591659812	230
0.124154912340357	0.564054782058849	11
-0.011939976879768	0.313324556273144	11
-0.00410853714327997	0.308303730784552	11
0.0745275951316851	0.651886007852138	270
-0.00905251348905001	0.309814622997046	133
0.066857987228251	0.418520473672826	133
-0.064729368935092	0.476734923933555	133
0.115584000869774	0.548623618235059	133
-0.013725189014907	0.316186421786018	133
-0.00970493102937098	0.317500836457744	88
-0.012717079176209	0.312350436920331	30
0.00466383710311602	1.6691449255026	31
0.105864320538886	1.13142963860134	31
0.040689026782074	0.930711444720841	31
0.097547514269584	0.968623917086272	170
0.046809718548936	0.726884416508592	170
-0.121745763520388	0.99776181174987	212
-0.051671532810595	1.05627318901252	26
-0.082222381760687	1.13745285317647	26
-0.06175573516073	1.10031357320242	11
0.012995552304049	0.958000581864379	11
-0.064721046000865	0.897578935746443	11
0.041855873930719	0.933065257977586	11
0.011031832663757	0.811774079763914	11
-0.042433620147858	0.613489062033265	230
0.012390387321483	0.728207856636595	36
0.064342136965321	0.430975463849959	133
0.06522786651293	0.430884513519925	133
0.0264070940565641	0.538617054023443	133
0.067029246730844	0.425148022094333	133
-0.053673727471072	0.382718036039458	377
-0.043894534424995	0.410996983198176	300
-0.010605077248789	0.315930912800945	300
0.115321479741458	0.561149981076435	95
-0.019492454097792	0.309569888581179	14
-0.005781566081412	0.307344631201977	592
-0.00820703701289305	0.29292340180481	14
0.12113515202905	2.16435822294764	31
-0.115114872982444	0.839688256920823	31
-0.10489354203989	0.486477603329773	31
0.069061346103799	1.43335928246222	212
-0.0920851353690299	1.18681959355634	26
0.075520429079991	1.19557918807056	11
0.122438501612822	1.34271566466354	11
-0.019375430322894	1.02571464600133	11
0.085298154548456	1.28314432549873	11
0.072696162291582	0.427777191415448	11
0.075096016854848	0.401175664383007	11
0.050421809685428	0.945011613629104	11
-0.117251944044917	0.597604680300318	11
-0.043130046158663	0.412195598418682	36
-0.00982858021325706	0.31692388691876	36
0.030086615982138	0.532309079921578	133
0.00698241391211896	0.645817633180086	133
0.020242757542383	0.526486636278855	133
-0.00982858021325706	0.31692388691876	133
-0.011939976879768	0.313324556273144	133
-0.038470989821821	0.405226733464665	300
0.115826467741342	0.548104643779689	300
0.063456856495021	0.428665577714597	14
-0.039688555141381	1.25708622870402	31
-0.09430781456737	1.54185669380345	170
-0.00949278315028101	0.707807638706901	170
0.10084594102158	1.23964837373628	170
-0.014590050485198	0.81372925253833	170
0.061650558079312	0.76890328381634	26
-0.02936675361143	1.22062122321039	26
-0.072887012071982	1.02207254860364	13
-0.112186102178411	0.840758272806394	11
-0.121810620505942	0.761037454947897	11
-0.069139442438929	0.602710124537086	11
-0.104106221805618	0.903244578679201	11
-0.00410853714327997	0.308303730784552	11
-0.0187143913562779	0.304662826642224	11
-0.104559639620586	0.491992907228422	11
0.094929784688683	0.884760294256175	11
0.058882544287122	0.595520585676086	11
0.056409406545173	0.752890415170069	11
-0.045860827144849	0.614020677738034	230
0.120365158317041	0.780158124807835	230
0.00927707114193699	0.611193099087774	230
0.066192365765128	0.63849760356336	11
0.069406231051187	0.439848166989518	36
0.071790792482513	0.67065282068224	133
0.117697679668593	0.56271240244714	133
0.06196862207579	0.42635694522763	133
0.0624309690266041	0.403523086609831	133
0.066888447913274	0.436059900944306	80
0.080048144537206	0.673280040842282	80
-0.097665887758501	1.32303767718414	170
0.043201216793914	1.02798052708508	170
0.025231298282536	0.732329106927393	170
-0.011093377994519	1.09825660438231	26
0.0902196111056121	1.78438678210805	26
0.054925589279109	1.38509986510207	26
0.054877861140771	0.875086401755812	13
-0.0786336319222371	0.679860259194438	11
0.062464888588353	0.421781580667627	11
0.00611532687581695	0.722595219349461	11
0.107845761583207	0.529578865152088	11
-0.0683005413937901	0.708652207050883	11
0.017059079760234	0.627059887806376	230
-0.019375424498721	0.30332921397224	272
0.00152520659869804	0.587525972283878	36
-0.011041991695689	0.306042792393098	99
0.119606974347764	0.56510449843305	99
-0.0504661765987821	0.391805590216346	133
-0.043130046158663	0.412195598418682	133
0.062712920985683	0.430120146475084	80
-0.120546428534412	0.386041246218127	72
-0.052273962696042	0.395551359038016	300
-0.049579393327674	0.399758982143648	88
-0.015425518010333	0.306207484123342	110
-0.014729753210154	1.66963074993702	31
-0.115004537642745	0.89509774430859	31
-0.014501617581933	0.315189615441222	31
-0.050553552055392	0.513914693038641	31
0.015091498840801	1.47431515211065	31
-0.079098287174297	1.32396119991055	170
0.094811222860688	1.50386127311913	26
-0.065787322099595	1.37700074111412	26
0.075472698420643	0.646238539253514	26
-0.112228821887624	0.828779782775366	13
-0.067471867695869	0.703643667802656	11
-0.122634502932779	0.382000752030985	11
0.068737117896616	0.415750865348135	11
0.0776181302999131	0.411643989879187	11
0.07015095311317	0.438316217002579	11
0.012584814457324	0.809404119596526	11
-0.043041370977428	0.689532594046104	11
-0.114599139244477	0.478708704044147	11
-0.00982858021325706	0.31692388691876	590
-0.01361649649519	0.315060797022341	36
-0.045240738777282	0.517806927417824	36
0.021938009527429	0.534450420669703	36
-0.0498569470043671	0.604535426673757	133
-0.012717079176209	0.312350436920331	133
-0.00500693403605201	0.308270041400524	80
0.117817152089475	0.565519775622773	377
-0.124849245414304	0.387285703980688	72
-0.014501617581933	0.315189615441222	209
0.055780386353696	0.406628228645269	88
-0.019492454097792	0.309569888581179	88
-0.012838977535801	0.316055292646527	53
-0.120861199575424	1.84916890754233	31
0.084587483645193	1.19798645680821	31
-0.0570954819920521	1.34404862835392	170
-0.115767106774085	1.32439327657555	170
-0.055033346571016	1.7246479467816	170
-0.060008193359439	1.33447541033771	170
0.015476543548398	0.8233584595193	26
0.0796858821198691	1.96796944815905	26
-0.069482796623577	1.0182066996213	13
-0.0959251824077531	0.725617560467179	13
-0.0807681105850701	0.915619262865869	11
0.00983390435445497	0.994763158983923	11
0.020650485031802	0.533553043380744	11
-0.014570347649877	0.304159738978773	11
-0.056060585433387	0.501228525226113	11
-0.00892885205528204	0.318502007835874	11
-0.013725189014907	0.316186421786018	11
-0.054909366171195	0.516508739984301	11
0.025493223710978	0.537293716394969	11
-0.043130046158663	0.412195598418682	11
-0.049782750312747	0.515490481442162	230
0.083746258640959	0.975632730056679	11
-0.035896087112974	0.692143453111228	36
0.067491834118112	0.433842030818118	133
0.013137019705988	0.515094545076419	133
0.018014753061168	0.537049038205239	377
0.068377761739654	0.438459087939051	377
-0.00892885205528204	0.318502007835874	88
-0.124315198329659	1.13405799846209	170
0.039852273016347	0.995753036955078	170
-0.096541230705266	0.998642310879846	26
-0.0452843688706111	0.845563123793498	26
0.052364730394114	0.935435212451998	13
0.09108447024036	1.40915864212229	11
-0.032987346595677	1.05453430779939	11
-0.048754566866013	1.02196462013747	11
0.00683711981801605	0.720324463896268	11
0.082027439591273	0.928448713817783	11
-0.015351349554288	0.312675934806691	11
0.114361035190063	0.530321665378187	11
0.076587977770089	0.414829219767314	11
-0.06425171385933	0.727577771525325	11
-0.102081935792849	0.500258851037789	11
0.015551102869519	0.643523126845984	11
-0.068957250504638	0.704856993816214	11
-0.012838977535801	0.316055292646527	133
-0.043983895699092	0.622556615548469	133
0.115638657199799	0.779044116771458	133
0.067491834118112	0.433842030818118	64
-0.121288091747595	1.55601269108813	31
-0.014323429089839	1.29085303608181	31
-0.0592948230528541	1.03837177772189	31
-0.094597356330824	0.976639203242285	170
0.070722347941223	1.46540874695045	212
0.0440393875628869	1.27478956504302	212
-0.080288862951969	1.02231760944537	26
-0.049782750312747	0.515490481442162	13
-0.118191193382562	0.718257273108369	13
-0.065165569958853	0.694528706099875	11
0.00898758289524804	1.05364724519079	11
-0.050091219581511	0.503595482607578	11
0.010489024798682	0.754155911379873	11
-0.058996941035096	0.492769151729648	11
-0.035213761005811	0.396510588910328	11
-0.034909720968788	0.618335963332134	11
0.05789392819914	0.854972659858034	11
0.103687539265948	0.512885642766785	11
0.020580349842183	0.516267034881704	11
-0.014501617581933	0.315189615441222	272
-0.01361649649519	0.315060797022341	272
0.0512508088899311	0.836996025183738	36
-0.019492454097792	0.309569888581179	36
0.119366783364388	0.56303609799039	133
0.111853978222814	0.552272839879157	133
-0.00970493102937098	0.317500836457744	80
-0.00905251348905001	0.309814622997046	72
-0.025380073320815	0.290928590921138	27
-0.00908195822837998	1.43451347343096	31
-0.081800785854387	1.95310658290148	31
0.036645406677089	1.26346179519756	212
0.027825983701794	1.8137972151129	212
-0.1249834542023	1.27247375328219	170
-0.093427045477697	0.840216140055453	26
-0.11522899738122	0.735779819146524	26
0.118485803346578	1.09268061654383	26
-0.1218841298561	0.652101466910114	26
0.0507167084629721	1.03457166208978	11
0.024449775409954	0.832712762528445	11
-0.115432288744106	0.604338496863622	11
-0.089040376383937	0.60162757699916	11
0.078520453743015	0.669370481824133	11
-0.043130046158663	0.412195598418682	11
-0.046031897134901	0.398232827941191	11
0.064976752863767	0.761750840719198	11
0.00571427463176999	0.727056599122689	11
-0.026880079312377	0.806245755128417	11
0.06196862207579	0.42635694522763	36
0.121706599531024	0.809156613491046	36
-0.122535777022438	0.388288727700381	133
-0.00982858021325706	0.31692388691876	72
0.064625070470834	0.42612507746471	80
0.060943953407443	0.413844486598949	88
-0.0607685833171761	0.982104872411405	31
0.092204067651257	0.92903961838413	31
-0.093712216786058	0.483736467445274	31
0.00874749990365597	0.996341558557765	31
-0.033584208270339	0.62428423257774	170
-0.048003244856957	0.60838025991912	26
-0.095447237473215	0.698884697097586	13
0.122365390269405	0.560970693567055	11
0.0765718836317461	0.631308259961401	230
-0.094319907013994	0.935158130972683	11
-0.092853014677177	0.581861203934511	11
-0.038925691766281	0.614987932963754	11
-0.027372334933531	0.806957713959739	272
-0.0601748867994391	0.492571340194162	11
0.067042609112452	0.759224491905232	11
-0.00590636495901897	0.302807104737618	11
0.060727857293395	1.08644343497714	133
-0.008805806501751	0.315834023375974	133
-0.088961774538324	0.938431704183435	133
-0.096032774413564	0.498117276190451	133
-0.014574696839767	0.313657849579674	72
-0.025267905147513	0.29279020765773	72
-0.101766696067826	0.681051935989511	110
0.092183812452848	0.864666124350757	110
0.067633286811483	0.440000422425588	64
-0.044493753441435	0.400370986458641	64
0.121496208088582	0.808269760212458	88
-0.046548387030395	0.604797726088143	27
0.110291687418173	0.87593868399658	27
-0.00803014611641795	0.316821733039894	53
0.02535961852622	0.532508722581414	31
-0.116745591844022	0.730582496187914	212
0.005178668740347	0.821187822921411	170
-0.097839595229125	0.777499739801211	212
-0.028857179364714	0.933674498069328	26
-0.017269654512314	0.988381049591815	212
-0.099584747120512	1.12169473747131	26
0.03717513967054	1.26467885806843	26
-0.113054156239298	0.488313332306479	26
-0.122077884801391	0.754858234194364	26
0.07107328718242	1.00670104529317	26
0.015480922019849	0.759527307252815	26
0.0583532840893281	0.839030265277668	11
-0.120850939255969	0.796273052676562	11
-0.075411895752744	0.784610511973632	11
0.010801175692757	0.65564302307655	11
0.121942827829863	0.546976165401366	133
-0.04027476902646	0.399615782537617	133
-0.038226805413301	0.674607432272297	133
0.117178499825798	0.807037909960107	133
-0.112090304953081	0.475946373682371	133
0.064342136965321	0.430975463849959	72
-0.018597349798757	0.309462932848304	80
-0.123458045404253	0.383230313068624	88
-0.102269537683771	0.49701471436928	110
0.024413216614822	0.53494157956292	110
0.063456856495021	0.428665577714597	88
-0.00725491526491795	0.309749652385185	27
0.02471281837396	0.533690535732353	27
-0.102125001471971	1.25376624736556	31
0.038098149018268	1.23975762728075	31
0.107334252212059	1.03007896986097	31
-0.048379676953317	1.26103729119199	31
-0.043993010428205	0.916665378678874	13
-0.09604905938105	0.837654147221062	13
-0.00268522190252396	1.39795540179431	13
-0.049012340933714	0.513693738928779	11
0.116397384341458	0.548469394778649	11
0.116100679046592	0.5592389372444	11
0.120654136253474	0.788298458496037	11
0.063123080849776	0.935754785846067	11
0.06754306334975	0.64114452290925	11
0.059793373009475	0.416144138000219	11
-0.109093811210333	0.596802927015835	11
-0.013917973274954	0.904180825117428	11
-0.082730638817847	0.595480384350995	11
0.116803640979567	0.554419486225621	133
-0.014501617581933	0.315189615441222	133
-0.00410853714327997	0.308303730784552	133
-0.011939976879768	0.313324556273144	80
-0.011163305530183	0.306401520537475	80
-0.008805806501751	0.315834023375974	80
-0.032860570882195	0.626135304761415	110
-0.0196100987261409	0.302302293346586	27
0.082909294628395	1.36932091820444	31
-0.10176800114303	1.53750842003097	31
-0.023009135968014	1.00034578063705	11
0.00996636688708596	0.797320559800834	11
-0.0410327207990741	1.06174040958554	11
-0.00447186969624203	0.976696363598843	11
0.123725214079174	0.535993641521835	11
-0.038424702447087	0.634763414992288	11
0.016831852710239	0.527257182745334	11
-0.052971784638295	0.916870993082297	11
0.113915393379948	0.550155457327901	11
0.064848562991136	0.431730141173306	11
-0.039235949982492	0.407817090531948	11
0.062712920985683	0.430120146475084	80
-0.010729325629781	0.310030096095212	80
0.018750348506379	0.516409189250446	72
0.067029246730844	0.425148022094333	209
0.122601955166331	0.555412761391564	64
-0.016359724992883	0.304204967654687	64
-0.014501617581933	0.315189615441222	88
-0.0113820050460079	0.307388176077703	88
0.05632468162618	1.55554224527799	31
-0.058162593931786	1.32512795836482	31
0.021600536276302	1.29402636066913	212
-0.12176250862649	0.783087959661563	170
-0.078307502486255	1.10532765177424	212
0.000106773611760036	1.30973092149318	26
-0.044014749386517	0.936441336020388	26
-0.013457126985992	0.989608298029191	26
-0.121117666734003	0.82075087062713	13
0.048574609915238	0.960344037047296	11
-0.118967415236651	0.73306497446272	11
0.076185722485897	1.14672012461715	11
0.063598078205158	0.432451499672371	11
0.003193432841894	0.631202731675679	11
0.119366783364388	0.56303609799039	11
0.012621752312158	0.514948551538307	11
-0.104151280279886	0.481984498366117	11
0.010443604820142	0.839593377637423	11
-0.039235949982492	0.407817090531948	11
0.05033625002652	1.10894145667417	272
-0.00000421567518504862	0.614365136487917	11
-0.015351349554288	0.312675934806691	133
-0.053944084331453	0.395711376744076	133
0.063074542353477	0.431840276586403	34
-0.052722025603654	0.380017783850004	110
-0.046892730246221	0.396816564544763	30
-0.089940802126412	0.896954891311126	31
-0.093820812204151	1.08195919865374	212
-0.0169814594013999	1.01637937907559	212
0.00861341737019195	1.07274850709083	26
-0.068779308923543	0.93295649235174	26
-0.094271288813125	0.992653347243991	26
0.04965173632316	0.852674827579422	11
-0.095658586968853	0.68066791867918	11
0.053902200087287	0.843470159748025	11
-0.108327167733423	0.487843046230124	230
-0.107790095819687	0.479186790382152	230
0.00672082665340501	0.827979310706227	11
-0.021363394866264	1.02164485080025	11
-0.0483238076461751	0.486586744400587	11
-0.12476986098788	0.387335221208913	11
-0.035104509715488	0.689598158834422	11
0.070750091846476	0.647252741594341	133
-0.042227551194588	0.409819027309542	133
-0.019492454097792	0.309569888581179	118
0.063213293294461	0.432110750409799	118
-0.019492454097792	0.309569888581179	80
-0.0401378992468791	0.690611013532268	110
-0.00892885205528204	0.318502007835874	53
-0.014463771846034	1.12502135798684	31
0.100984918018988	1.47239662654196	31
-0.056992207783754	1.34385763423672	212
-0.067241418932571	1.23387773461097	2
0.0851309349233	1.39165340152528	212
-0.08782390087986	0.85265489862226	212
-0.103085972301544	0.990286756675485	212
0.00242013870506397	1.22285755837824	13
-0.040267285512068	0.613410971277342	11
-0.086133746632761	0.610442729976083	11
0.015763581821452	0.496147371719642	11
-0.06270342004191	0.669104405633465	11
-0.108165032692478	0.592582446938474	11
-0.0113820050460079	0.307388176077703	11
-0.114967324916928	0.470980035064349	11
-0.04736260930264	0.398645321808799	11
-0.013798465009057	0.30666884837716	36
0.019328584044077	0.524138300730737	133
0.068519536271809	0.441380219868766	118
0.069625057312566	0.415775106467247	34
0.069264134732277	0.439827478899429	80
-0.053177139412003	0.394591877345298	80
0.062712920985683	0.430120146475084	30
-0.102135854517463	1.37868422008347	31
-0.111073194900716	0.756740567411591	212
0.0652716382102621	1.27459515253188	26
0.055892782560048	1.5881792050409	26
-0.108860383618261	0.920892470905429	13
-0.025163737449673	0.720647827292599	11
0.04082130221334	1.03026976036715	11
-0.048394125650471	0.685271190778379	11
-0.0596157449618751	0.501586856623461	11
0.023024414806157	0.635499917935871	11
0.017331845978246	0.928079127359028	11
-0.0948808191663471	0.84790243138668	11
-0.032572288083486	0.777889578792607	11
-0.043171293556728	0.509199795930754	11
0.0247222051611981	0.97736970812227	11
0.01432179104076	0.520134781062672	11
-0.060542740844852	0.497562867006105	36
-0.020984987966621	0.715197903759762	36
-0.109099655292876	0.500721190123699	11
0.063739138709272	0.428557950325592	36
-0.015464516846835	0.305662257601102	34
-0.123171994514092	0.382540040823562	110
0.071808982724743	0.427779730827131	209
-0.055613620426899	0.389576069437807	30
-0.00803014611641795	0.316821733039894	30
-0.104411364700908	1.0768730021902	31
0.037297373603128	1.55706671325995	212
0.016723177383746	0.639124979398826	11
-0.0796794837660601	0.614310242289561	11
-0.105152812801851	0.470247024702907	11
-0.0816052409744989	0.599403825685069	11
-0.00803014611641795	0.316821733039894	36
0.113141429285111	0.548609379574522	133
-0.0423659317523289	0.409488702910371	80
0.113003415411915	0.527778387160451	110
-0.0187143913562779	0.304662826642224	246
-0.0944752393603659	1.09758196152537	31
-0.00529635593500899	0.985019244502948	212
0.122374094335139	1.47770841091337	212
0.018844563844858	1.06272461571484	11
0.083874536040325	1.05777340055503	11
-0.014501617581933	0.315189615441222	11
0.063140220218638	0.766711901016318	11
-0.024377744167451	0.292729772639549	36
0.00187172141641401	0.62649781638734	11
-0.038470989821821	0.405226733464665	36
-0.003211179304482	0.303125080343059	158
0.072554362634933	0.431497486746737	34
-0.011506240200352	0.309080061396945	80
-0.049705934127101	0.397910918191799	72
-0.00892885205528204	0.318502007835874	53
-0.00651393740539696	1.37852111448916	31
-0.122823814860745	0.874729166118885	31
-0.028692196368132	1.76353308898425	31
0.00150733649616697	0.71116427532101	2
-0.121725253770297	0.657389132977674	2
-0.074803658378738	0.777193906748488	212
-0.040053814852653	0.616062036199201	26
0.00898379356053003	0.728633622389613	26
-0.119563005885003	0.76502430602013	26
-0.094057264742876	0.663969552891966	11
0.00997753200749796	0.797989707288193	11
-0.076985676738133	0.647897140085653	36
0.004192052071056	0.817648665200616	36
0.060819032688175	0.421990451458679	11
-0.039445800464413	0.387185211846021	158
-0.014501617581933	0.315189615441222	80
-0.00398496975639695	0.302235888956735	246
0.068377761739654	0.438459087939051	53
0.052311701652094	0.958888395276534	31
0.052736441791406	0.807102365595068	31
0.019902454283897	0.910007853181879	31
-0.020613312197957	0.814409754201981	31
0.00603273900278001	0.642119803282506	212
-0.065119523099926	0.866514189192027	212
-0.043268198451977	0.409487017373687	26
-0.023075928780668	1.74733346184822	26
-0.051866271434757	0.492490221056709	212
-0.054687003800325	0.69938572471276	212
0.072412392212858	0.426651293880761	26
-0.00909895631022395	0.297671649348157	26
-0.00410853714327997	0.308303730784552	26
-0.037782830647582	1.03742960733314	26
-0.067022589416732	0.923406159245251	13
0.00698306904682	0.604226412311029	11
0.011205320980519	0.496698763449818	11
0.023498391977312	0.537633487838775	644
-0.058505722759221	0.7009874239262	11
0.057759222432302	0.411614157522088	36
-0.117830493840223	0.383974057998659	34
-0.015351349554288	0.312675934806691	34
-0.112297979733447	0.483860415534691	110
0.00871900813783	0.806048757286614	110
-0.008805806501751	0.315834023375974	209
0.115638657199799	0.779044116771458	212
-0.06575741784311	0.702366690294003	26
-0.079429630799663	0.615087793841154	212
0.00559428403656703	0.826461541214986	212
-0.120546428534412	0.386041246218127	26
0.118831115696337	0.557933621090343	26
-0.049013504748163	0.403545737929614	26
-0.010647987310205	0.296501818426419	26
-0.039099184923251	0.40538588377002	26
0.07015095311317	0.438316217002579	13
-0.048816568972772	0.400903912739628	13
-0.034447336609018	0.397612350294455	11
0.123259934303114	0.564218063694464	11
-0.015351349554288	0.312675934806691	11
-0.101029722757964	0.487603022358278	11
0.017747597386259	0.532520462693887	11
0.04473720845836	0.835185046773067	43
-0.0121261088119901	0.29929336174782	11
0.063538092379883	1.22334541410657	11
0.026107971770145	0.524634009585587	11
-0.101890532303016	0.460949693279965	11
-0.042504699012591	0.399626911363208	34
0.113645477799862	0.557865576201564	80
-0.049782750312747	0.515490481442162	53
-0.084482517209841	0.73835238386801	31
-0.106679563447325	0.681057222640993	212
-0.047456009158544	1.42317840781542	26
-0.11780505522506	0.463134222387151	26
0.065291226651905	0.645481313766793	26
-0.047344750341463	0.581512818769235	26
-0.106434549883454	0.496689933365179	26
-0.10530179724487	0.508230265065286	26
0.070808513605543	0.762547505329581	26
-0.109987900837306	0.878445007495758	13
0.081628196375604	1.37877934210544	11
0.113141429285111	0.548609379574522	11
-0.040285094895715	0.635108229583835	11
0.103766660042006	1.57664665806166	11
0.069264134732277	0.439827478899429	11
0.063739138709272	0.428557950325592	11
-0.085429744291652	0.609025962932044	11
0.117769708478682	1.21778374052327	11
0.015347396554138	0.63976394340379	11
-0.036991925650959	0.716474269605262	133
-0.041384964469025	0.389798146038973	34
-0.015351349554288	0.312675934806691	209
-0.016202394547142	0.305272347929368	14
0.111172828435104	1.4280130138013	31
0.12195650396352	1.67596527681505	26
-0.0258035440951661	0.803793355837817	26
-0.0279096249765169	0.718154488190335	26
-0.095406324779502	0.565219278292312	13
0.016118160087396	0.747302302887746	11
-0.035304383084819	0.683335909624185	11
0.027159418100382	0.504731773195703	43
-0.0305824691300151	0.602662088295709	11
0.031187635665243	0.988468191081022	11
-0.116129248720879	0.385191281916441	11
0.066002767339025	0.431490947656493	246
0.116758327936973	1.04708593231345	31
0.00610416322023	0.701419190491598	212
-0.102720341950069	0.810764731138442	26
-0.047511458409523	0.487210533960571	26
-0.098850077732476	0.498051821864686	26
0.022614558029709	0.53626818664235	26
-0.046572571027053	0.40347076543657	26
0.088288004677926	0.657383952500779	26
-0.118973295416872	0.969195116287386	11
0.00847977366381503	1.32879851100964	11
0.014848855084361	0.49523330244192	11
0.00329521192302296	0.90195418251308	11
-0.03701708991236	0.393206327989466	11
-0.01480607438424	0.305445501316724	11
-0.0861512642979601	0.602441596087551	246
-0.108511834585531	0.489476459893245	53
-0.00970493102937098	0.317500836457744	53
-0.111641759848214	0.898441407773403	31
0.031346848159577	0.938536397196839	31
0.04466749616374	0.84265818688195	2
-0.12104945883439	0.584260099209221	2
0.053838482030097	0.969866290854048	2
-0.0613402025701491	0.933567568097129	26
-0.0409029220707851	0.405288798422532	26
-0.080299426968664	1.75684463902954	26
0.017019458445562	0.830735491864207	26
-0.115661184087587	0.602533137409193	26
0.00834931225702096	0.633191800736595	26
0.025493223710978	0.537293716394969	26
0.012498092586324	0.652790555883928	26
0.076880311228728	0.662341097982699	26
-0.024673309355334	0.889418535525379	13
-0.116034692925542	0.470885736636467	11
-0.046436860630853	0.399637326292851	11
-0.089304000345345	0.723707026755516	11
0.070192411887924	1.20634035954695	43
-0.048943732879637	0.395425264643665	11
0.081656505148215	0.663751296847882	11
-0.017819707208135	0.304571574191317	540
-0.008805806501751	0.315834023375974	9
-0.0477950826343581	0.399756823259929	27
0.069019778665377	1.40758820704231	31
-0.0784397278703291	1.42619730236301	31
-0.043500338187122	1.2786539168911	212
0.015915426215259	0.930643361571462	26
-0.074118883135978	0.618945130091812	26
-0.094030765839113	0.845278403361288	26
-0.103704963046513	0.495256234232832	26
-0.038232623756056	0.63120242912084	26
0.039839211986221	1.14329333456016	26
-0.090363482667602	0.951569777266462	13
-0.020740496776844	0.970375378942382	11
-0.084282882083911	0.606050854203155	43
0.068722664936809	0.646096499984658	11
0.073224923645896	0.660846555656841	11
-0.059305966129406	0.841376509589233	11
-0.0464620086097161	0.403691276289762	11
0.063213293294461	0.432110750409799	133
-0.0548465412629749	0.392751794697908	133
-0.0423659317523289	0.409488702910371	133
-0.049628374254108	0.512745394805926	110
-0.119588798588731	0.69803113462318	110
-0.021285725827519	0.299934647378415	53
0.062753632314235	1.36875732301738	31
0.081241658507216	1.67310810690728	2
0.011713380603121	1.13988545096523	2
-0.0311258883253041	1.34624686535277	2
0.079739390531042	1.9694104563915	212
-0.034835265016853	1.02589638669282	212
0.00355752406593501	1.18593174495285	26
0.059163687337171	1.45471073004744	26
-0.078351367806307	0.603804383673761	26
-0.102679885901898	0.66876735689745	26
-0.07699366415425	0.942051519883179	26
-0.044323011705559	0.867356474293206	26
-0.09754879777196	0.928301786750877	11
0.00978083000310104	0.877611447038766	11
0.120895810637019	0.793179984131737	11
-0.048689683950482	0.400710670814	11
-0.120607246741553	0.810920009826304	43
-0.0550637865203421	0.518992084506934	11
-0.105875802946736	0.494970814936543	11
-0.090886075657164	0.755152401834879	11
-0.111073547406547	0.820093440051982	11
-0.048731206323131	0.604827646839792	644
0.054082163485339	0.856329796496085	11
0.048300871678316	1.16506449821621	11
-0.042854905822262	0.398787300912701	36
-0.00488274865803595	0.307380231816231	36
-0.054332969357385	0.499525822994203	11
-0.033790183218239	0.623596883077835	11
0.115705434083691	0.552303014239686	11
-0.013725189014907	0.316186421786018	80
-0.019375424498721	0.30332921397224	76
-0.016359724992883	0.304204967654687	110
0.090085930879456	1.21365012732485	2
0.043429716123734	1.83227500854429	2
0.024935228924441	1.0852940541593	26
0.0423469233214609	1.10692103105428	26
-0.11491507558925	0.70547674980997	26
-0.057088161444267	1.10994940885312	11
-0.092890471599381	1.07674472612642	11
-0.101835647095662	0.824878126783784	11
-0.019848450023598	1.02239689122516	11
-0.048816568972772	0.400903912739628	43
-0.098502627706462	0.497091284737114	43
0.115203801435275	0.560862765716498	11
-0.121469565480747	0.388181510636661	11
0.016965237915769	0.536218494113618	11
-0.0292355396484421	0.69634103052885	11
0.10927522648533	0.766463164292118	36
-0.045668098820237	0.398510837200334	11
-0.013725189014907	0.316186421786018	36
0.113021046811614	0.545097722456295	133
-0.053041149730492	0.396676473540463	133
0.108350271018701	0.528616267525502	133
0.059046244396011	0.424444689032444	30
-0.01361649649519	0.315060797022341	246
-0.014501617581933	0.315189615441222	9
0.065220017699805	1.5421155919354	31
-0.044387052766515	1.56076166558616	2
-0.026519024416889	0.869478279738919	26
0.029259983666926	1.2764555471972	26
0.098012238232947	1.65585274502649	26
-0.072246025789891	0.921868951301307	26
0.00550357007130697	0.737846070871516	26
-0.111299403775919	0.911152925526478	26
0.007700457813268	0.697634906476504	26
0.089636254546175	0.960941110891648	26
-0.054685879825531	0.799690886122879	26
0.088928339040935	1.29252538769269	13
0.010096595351535	0.726658494589286	11
-0.036061368350795	0.631015772895501	43
0.076444486121465	0.663803188195753	11
0.02363320041553	0.535382005162911	11
-0.067436963884821	0.973980024995556	11
0.110217302792142	0.765694465267023	11
0.060368473409003	0.750066300339261	11
0.049230699834149	0.732273233388361	11
0.069211128727117	0.765952212814359	11
-0.075865143975303	0.819803093976157	11
-0.048816568972772	0.400903912739628	11
0.068737117896616	0.415750865348135	11
-0.043268198451977	0.409487017373687	11
-0.049916551203238	0.40352177777792	11
0.067989029345653	0.423849487421392	36
0.071694030783801	0.652535502933227	11
0.019290739703187	0.501883274777565	11
0.0653697397049981	0.429862202393052	133
0.067633286811483	0.440000422425588	133
0.012752352320761	1.59684691857402	31
-0.079469518303401	1.68040724561807	31
-0.123665536430941	1.74983301592447	31
0.0463014218826831	1.0353814395003	2
0.032864014786397	1.68482802590849	26
0.056356639152626	0.843418214472054	26
0.068991730209877	0.969603266808562	26
-0.108432155415033	0.654164116100604	26
0.097638546086424	1.22710390831718	26
-0.038348485625711	1.66479834101294	26
0.053847517788632	1.18571522493271	26
0.079856683770574	0.754216690654546	26
-0.120668953351245	1.17182626923144	13
-0.06307124481251	0.716280939240003	13
-0.087211059091535	1.14918894613633	26
0.068842705774377	1.11030681287556	26
0.094171650895765	0.883098325867812	13
0.122204196985781	0.961668187770505	13
-0.056685480289468	1.40824130455558	13
0.014805800545437	0.643477130816486	11
0.048149014857544	1.0049465922413	11
-0.025409502478871	1.2629540915056	11
-0.075837577169519	0.692923987923217	11
-0.025556141471036	0.786293235742778	43
0.101354700369094	1.09804912968269	11
0.075482717937478	1.04721626343339	11
0.103348828332568	1.26824112026	11
-0.122778074001831	0.387856928124608	11
-0.042165908771688	0.69610001987564	11
0.067146949390007	0.779412848611322	36
-0.124971494804248	0.584119021490623	36
0.115462169502841	0.532724518973383	11
-0.044659396905837	0.40601112976775	11
-0.00982858021325706	0.31692388691876	133
-0.049148138909587	0.406938211148577	133
0.00603273900278001	0.642119803282506	133
-0.110998050108518	0.477907369042083	110
-0.050050957364469	0.404578020274008	110
-0.015464516846835	0.305662257601102	209
0.014053357695594	0.518294332973509	160
-0.019492454097792	0.309569888581179	160
-0.020388581089155	0.307110582507366	53
-0.11130137258394	1.90148763540058	31
-0.0993241539769249	1.46459314096291	2
0.082637305349312	1.18399753819583	2
0.014716623643022	1.56052707536864	2
0.108221277702694	1.03590688326413	26
-0.118986246912072	0.717739073117101	26
0.107482755054521	1.13856178187407	26
0.049029662100479	1.27945456471301	26
-0.062076109507151	0.994170877127879	26
0.017533337095604	0.912489248788491	26
-0.062215680883058	0.93717760904694	13
-0.120906540136336	0.811652160262972	26
0.063471552695047	0.83197832117948	26
-0.098932187626824	0.822235162866509	13
-0.099944853188158	0.774057422402499	11
-0.060849673217261	0.477576814305684	11
0.028831104265064	0.526431653361253	11
0.00322554677884301	0.603299578679423	11
0.022481488134288	0.539359691092574	11
0.00514603998143504	0.705624354781665	11
-0.063954171877077	0.482362309304192	11
-0.123637791482563	0.38163746553374	11
0.024179871109717	0.534155904375252	11
-0.010605077248789	0.315930912800945	36
-0.00892885205528204	0.318502007835874	11
0.061828212733795	0.424901892480566	36
-0.013911710834858	0.306910846998919	133
-0.015278467276278	0.306620397421394	133
-0.015351349554288	0.312675934806691	133
0.106380632602552	0.519380882757106	133
-0.011939976879768	0.313324556273144	30
-0.00970493102937098	0.317500836457744	246
-0.00958189687010003	0.307334976280597	14
0.006641723035266	0.639700134764548	160
-0.0187143913562779	0.304662826642224	123
0.053659450125521	2.05925861041485	31
0.000136508822654036	0.806000491656804	2
0.065690943238129	0.763920789992576	2
0.036186713370002	0.799212949490453	2
-0.040268939806465	0.590543118075002	2
-0.038102489897184	0.712423731309287	2
0.0765115228093331	1.59205031657406	212
-0.11591640246303	0.550664982859235	26
0.01683593460306	0.743993565881191	26
-0.087191207407559	0.741660269805462	26
-0.065390551204779	1.08787146366315	13
-0.07110283755423	0.672566594775565	26
0.067633286811483	0.440000422425588	26
0.121161843341567	0.542436883987989	26
0.106641721552642	0.890005887050027	26
-0.057647706267459	1.26079286563335	26
0.010092655249237	0.734915944124314	13
-0.0579156327484111	0.503185717111471	11
0.116226141979198	0.798082661764979	11
0.00332706976162001	1.3237746573481	11
0.022481488134288	0.539359691092574	11
0.065736239611301	0.427190821305483	11
0.097429683255056	1.54573638273819	11
-0.0497637426609811	0.585404173936632	11
-0.04912870076194	0.604609691986498	11
0.109637091634132	0.542822493203178	11
-0.108511834585531	0.489476459893245	11
-0.107870372517715	0.848573323792417	11
0.073224923645896	0.660846555656841	133
-0.049903369105302	0.51473559505039	34
0.118072289910554	0.553833178695733	34
-0.010729325629781	0.310030096095212	30
0.0776181302999131	0.411643989879187	14
-0.061760108072513	0.703290267358441	2
0.048937865295411	0.792049974839272	2
0.118351575315292	0.536738775899344	26
0.02587817886488	0.5168625432304	26
0.066114045175785	0.42842140131474	26
0.015558490155177	0.737443316110518	26
-0.119947065692379	0.988819823485074	26
0.117408364115383	0.554092544294867	26
-0.067586104440473	0.687862780866549	13
-0.075603751379731	0.691041024124142	11
-0.0471639045179409	0.399312968288547	11
0.062484820599372	1.18013535119407	11
-0.045511732712737	0.883428214488993	36
0.047356218704233	1.00427337609307	25
-0.0974338776813159	1.2025007331517	36
-0.014501617581933	0.315189615441222	11
0.050317714924804	0.855056628036544	133
-0.117321478618674	0.665812803216172	133
-0.0839612985542511	0.829867476571364	34
0.122318632575628	0.509519130688256	133
-0.048816568972772	0.400903912739628	34
0.071808982724743	0.427779730827131	34
0.00898379356053003	0.728633622389613	34
-0.122778074001831	0.387856928124608	110
-0.076473678714494	0.667962717782334	246
0.013975739536473	0.512071706565276	246
0.063739138709272	0.428557950325592	53
0.112845958122852	1.99043992538628	2
0.050821915825088	1.42023769470928	2
-0.112556570199052	0.823073701395934	26
0.013038387352633	1.54515671547827	13
0.012748511724437	1.16673295241523	13
0.11329197016062	1.04269202502499	13
0.079964048776634	0.952887933829943	26
0.056655148935179	0.933323730120045	26
-0.119486462585395	0.665363572349533	26
-0.018295990088512	0.861580225124411	11
-0.080851576124652	0.771323021421174	11
0.072554362634933	0.431497486746737	36
-0.09213241486754	0.684700936462781	36
0.066143244699439	0.423865686485192	36
-0.077474617241394	0.590767045751513	11
-0.041476897018632	0.51257609840151	11
0.069743477013786	0.641365924729217	133
0.0195799621035599	0.534891232011781	34
-0.053313511475883	0.383605628909305	34
-0.037568405681732	0.403984477501453	110
0.068876844529042	0.423857543307475	110
-0.011939976879768	0.313324556273144	30
0.113261412348007	0.544115807217931	30
0.062712920985683	0.430120146475084	68
-0.0187143913562779	0.304662826642224	123
-0.105919523874269	1.5002527995448	31
0.027297330467161	1.04935850284948	26
-0.088334277074684	0.771022620479657	13
-0.00706179986309796	0.577428526559331	13
-0.0571256184707371	0.688432544090373	11
-0.013154084478156	0.816581127318043	43
-0.122823811904734	0.761427011866868	11
-0.041355276848198	0.867873526925295	11
-0.0317245631911191	0.699298316300056	11
-0.104149519961963	0.494354685035141	11
0.053625147999357	0.936832001156901	11
-0.089075184912753	0.857688525477379	11
0.00776612499249896	0.638359863931097	36
-0.122535777022438	0.388288727700381	11
-0.010605077248789	0.315930912800945	133
-0.014501617581933	0.315189615441222	34
-0.04792660810979	0.401859322564571	583
0.000721944374757033	0.292376263463087	110
0.00508341506320098	0.635664792416672	110
-0.035757231341341	0.598356690513448	110
-0.046325932372316	0.39442963872434	30
0.044250083319351	0.822543063821358	30
-0.015351349554288	0.312675934806691	4
-0.012717079176209	0.312350436920331	68
0.065404075056539	0.61189105970969	212
-0.010545649861242	1.54054667497454	2
0.086395632656822	1.76376649044801	2
-0.023269105270783	1.85284010717756	212
-0.063110909811545	1.16549841519862	26
-0.06399259770036	1.12681365794857	26
-0.078288749429286	0.779742235612911	13
-0.079325549996682	0.907839496645123	11
-0.113652338219891	0.742675418373339	11
0.020676399950098	0.750036402366909	11
0.114685995396444	0.760153516002091	36
-0.05471140579541	0.392483965353289	11
0.114810189202466	0.552481054222991	34
-0.048816568972772	0.400903912739628	110
0.00665405057122104	0.623385488852334	110
-0.054398233912404	0.384411192833374	110
-0.123846773291311	0.388367314745018	68
-0.00958189687010003	0.307334976280597	212
-0.00151583700423297	1.31731892605434	2
-0.072438737629771	1.45294905025196	2
-0.0647185223215631	1.24352489095919	26
0.02826003819409	1.75020962026066	26
-0.0894166466930511	1.30182874507516	13
-0.055796742050294	1.22816724089708	13
-0.084313482764059	0.781117715075128	11
-0.120687432384358	0.733226587566552	11
0.096003813323623	0.86600257959791	11
-0.053626637073932	0.377976024689147	25
0.093729799208443	0.880052539685724	11
-0.094108106420119	0.534730389787225	133
0.016410646913398	0.518133449479217	133
-0.118988312604788	0.388384751982104	34
-0.012717079176209	0.312350436920331	34
-0.012838977535801	0.316055292646527	34
0.0532315320946	0.719186971838763	110
0.079948436489189	0.654318741936983	246
-0.038333607792602	0.406543551526826	30
0.021803888102507	0.538222699697012	246
-0.00982858021325706	0.31692388691876	4
-0.01439444724137	0.306518173274954	68
0.063074542353477	0.431840276586403	68
-0.086900715848481	0.921842388374147	2
0.114009731631219	0.784603065978	2
-0.052345453368627	0.590929223501879	2
0.116699149037544	2.33328658065535	26
-0.038720301617118	0.693343577841261	13
-0.05206472543412	0.511090116009944	13
-0.11560187720671	1.4549650215797	13
0.123734752916515	0.546863537081231	11
-0.016926051241332	0.302093223186916	11
-0.123701743876386	0.39084114052046	11
0.117447903403116	1.51482444697536	11
-0.00803014611641795	0.316821733039894	25
0.065690943238129	0.763920789992576	36
0.118592160367263	0.567154085347899	133
0.091626752481841	0.964923871154743	133
-0.053177139412003	0.394591877345298	34
-0.044032071153728	0.412201562784315	34
-0.124393578048496	0.560909835342389	110
0.024548289441092	0.529920919107049	246
0.120502547501413	0.560325042814136	246
0.02363320041553	0.535382005162911	246
0.064625070470834	0.42612507746471	4
-0.036115653230652	0.396401800711507	68
-0.038962817290677	0.39658440200091	68
-0.045697630452237	0.408626708053185	689
-0.075204035660669	1.50950603100013	212
0.061679191362941	0.846751398889945	2
-0.011163305530183	0.306401520537475	2
-0.060867599991508	1.45812289697814	212
-0.03690031327902	1.13625956043496	26
0.00306270340133197	1.56741944943508	26
-0.045637847125149	0.621918705333034	26
-0.057320178967384	1.09115722924768	26
-0.025146575321939	0.84625185177104	11
-0.00982858021325706	0.31692388691876	11
-0.014574696839767	0.313657849579674	36
-0.013725189014907	0.316186421786018	11
-0.052791312598368	0.492485133007867	36
-0.021638056567808	0.82557935236388	133
0.00209019915908404	0.618844248742354	110
0.102399240792	0.879702454573889	110
0.116357428522841	0.534887861073121	246
-0.040552326354557	0.508299074432728	246
0.117697679668593	0.56271240244714	68
-0.011806289077136	0.912273998611615	2
0.082881412822942	1.96354901203901	13
-0.066649088931613	1.11358100816658	13
0.101512073868321	1.80367010660451	13
-0.111621980221344	0.845567395427089	43
0.057413150957111	0.421156018212164	11
0.018847851698903	0.921358702243774	11
0.067989029345653	0.423849487421392	11
0.0653697397049981	0.429862202393052	11
-0.02862341519366	0.77686898482074	133
-0.01294918113959	0.309054921406304	34
-0.029382076530414	0.728482874228786	110
-0.056608274983298	0.371101748189133	34
-0.051357025657008	0.391324001438571	34
-0.043325332139405	0.512631545309618	246
0.014969995215034	0.519301140807544	246
-0.044796317471515	0.411001158155085	246
0.067774573719918	0.437416300979151	68
0.062188198326436	0.427337984884904	123
-0.105005434994495	1.63364604010025	2
-0.081385055730262	0.923624911459614	2
-0.071088595796558	1.26232078926209	2
0.006234782761393	1.87142888289111	26
-0.096920889540328	1.22811168198241	26
-0.048182232510009	1.09752934549129	26
-0.030232476605518	1.0581547028459	317
0.031687348173813	1.41059491015546	13
-0.102297241209197	0.492314072495092	11
-0.052273962696042	0.395551359038016	11
-0.010766658353382	0.302102112406983	11
-0.123412142292445	0.38010402438254	11
-0.00107824575835302	0.711249689447536	11
0.017179907746981	0.818101439190095	106
-0.035327217739373	0.621380063207241	11
0.0583640238498711	0.764290083412058	11
-0.044359524281912	0.402874132914225	11
-0.00655662708117699	0.299487038219434	11
-0.00624167199495496	0.87528789252815	11
0.000525881627748026	0.612035165957208	11
-0.116908142165972	0.385351882231132	133
0.000099512719997974	0.788998337027352	133
-0.031285701853351	0.802240151839821	133
0.084617122634153	0.960752928155004	133
-0.122193046299427	0.59210899256253	133
-0.01294918113959	0.309054921406304	87
-0.045071321127014	0.402014235799971	171
0.075472698420643	0.646238539253514	34
0.0653697397049981	0.429862202393052	4
0.062853655923619	0.428644645115247	4
-0.00892885205528204	0.318502007835874	68
0.064342136965321	0.430975463849959	68
-0.097718931637129	1.34052174510717	26
0.005860035757834	0.630316656153382	317
-0.026192765535649	1.55763236386834	13
-0.096329348691244	0.848296788645205	13
0.0765464931225081	1.527041882851	13
-0.014927777315049	0.985178429937485	13
-0.043391735241296	0.619850395315448	13
0.098492353655336	0.87746444472234	13
-0.12235992026464	0.659050863798731	11
0.069699020498228	1.13438381133477	11
-0.055568799834043	0.373993793677394	11
-0.096781604062647	0.674618561928975	11
-0.008805806501751	0.315834023375974	25
-0.12333705787404	0.572099501863154	11
-0.019492454097792	0.309569888581179	34
0.113021046811614	0.545097722456295	110
0.072817173553399	0.64331195837497	34
0.01489391408939	0.512055218766719	34
-0.020810196741868	0.797529924308297	2
0.070720069536889	1.83160495300999	26
-0.090251157174505	0.876791144776635	13
-0.113240608572395	1.08861161374474	13
0.113141429285111	0.548609379574522	11
0.013404900598801	0.521268528078242	106
-0.00982858021325706	0.31692388691876	11
0.102026889610303	1.38478971762438	11
-0.053313511475883	0.383605628909305	11
-0.050707560157069	0.514432618296285	11
-0.0202709493407131	0.303417203431975	11
-0.108155925120532	0.502809675960756	133
0.0941978362788	0.862568337564692	133
0.025626665236938	0.535000136417179	4
-0.047292035913746	0.389102740388089	246
-0.053944084331453	0.395711376744076	246
0.120141021451277	0.548446649977479	246
-0.096595600420236	0.50073338280191	2
0.11339060402008	0.799357077002587	2
0.017881252069146	0.53872925828235	2
0.051484756862447	1.14902378702156	26
0.039733291017483	1.51768198760725	13
0.110810546459671	1.30739628791989	13
-0.119693367684418	0.901796688057215	13
-0.101423994940508	0.774168488170813	11
0.072556014895482	0.663790858827238	11
0.047720057424289	0.922305372886861	11
-0.122778074001831	0.387856928124608	202
-0.01439444724137	0.306518173274954	171
-0.034035035930322	0.379027403511433	110
-0.049148138909587	0.406938211148577	246
-0.01294918113959	0.309054921406304	246
0.065596357219192	0.423152077656369	246
-0.014574696839767	0.313657849579674	68
-0.01361649649519	0.315060797022341	687
-0.11965965303376	0.579377404112617	212
0.047034218330286	0.839610805748991	2
0.034536743478131	0.521044765604951	26
0.066416314670308	0.650658695544356	26
-0.077753018076827	0.833943653635471	13
-0.0515910572283	1.11126999360397	13
-0.099172928353945	0.832371310732224	11
0.01432179104076	0.520134781062672	106
-0.013494612870891	0.30401673575165	202
0.117679531580583	1.05111118188218	11
-0.00982858021325706	0.31692388691876	11
0.116922903455323	0.561102100312294	11
-0.036535050152714	0.782056161521003	36
0.069983845704214	0.63604217825946	34
-0.011939976879768	0.313324556273144	110
-0.00970493102937098	0.317500836457744	246
-0.00500693403605201	0.308270041400524	4
-0.01439444724137	0.306518173274954	4
-0.05150992575252	0.51490668430994	212
-0.107971545010126	1.3524634754888	26
-0.087565776750845	0.837845795569614	26
-0.118282904944094	1.1869250148062	26
0.122950049271068	0.549573881522785	11
-0.042227551194588	0.409819027309542	43
0.10555293073225	0.884304017469965	11
-0.012838977535801	0.316055292646527	25
0.0691823184785531	0.765685742409923	11
-0.101905514730556	0.500531459827806	11
0.084459298278561	0.660851726151967	36
-0.0259905384081081	0.788083569313831	11
0.07089531130795	0.427882389906933	105
0.117817152089475	0.565519775622773	105
0.071667500586969	0.428047218528271	105
0.019368091145528	0.642520963886523	105
0.123496902153742	0.552008830021487	105
0.061687642624523	0.412552602556045	110
-0.048244849856168	0.406955391946174	246
-0.018597349798757	0.309462932848304	246
-0.00970493102937098	0.317500836457744	4
-0.013725189014907	0.316186421786018	68
-0.01361649649519	0.315060797022341	123
0.072554362634933	0.431497486746737	2
-0.117008073978053	0.909055936130904	26
-0.09154161186049	0.670350387946066	13
-0.029292847067625	1.36302815303831	13
0.0334979982709051	1.36136016840071	13
-0.037664582514069	1.55448306602886	40
0.068377761739654	0.438459087939051	11
0.00797350111510498	0.638885232895935	11
-0.040482085718116	0.392974565644732	11
-0.00803014611641795	0.316821733039894	11
-0.00423273049755102	0.301763287629316	11
0.044069319092198	0.816837648081314	202
0.073762198955203	0.640572724890156	11
-0.00513174181076403	0.296603216331801	36
0.118149293780122	0.532357927543526	11
-0.003211179304482	0.303125080343059	11
-0.01480607438424	0.305445501316724	34
0.058160522269658	0.422185832718437	105
0.069689923963954	0.40965738175508	105
-0.100386652938634	0.501541046103365	105
0.058298749280099	0.423405414334592	34
-0.049283165074923	0.403387762736119	4
0.113021046811614	0.545097722456295	246
0.067774573719918	0.437416300979151	68
-0.00905251348905001	0.309814622997046	136
0.044700351477977	0.914209222719541	2
-0.043590399230256	0.401725227091282	2
-0.03352550597587	0.700489335694472	212
-0.014995882898763	1.2976354683463	26
-0.015403396780576	1.12715327368726	26
-0.116837739877328	1.35645666218359	26
0.042276100190485	1.4255681468882	26
-0.044607053305899	0.858951855977601	13
-0.09742833737366	0.954673437451345	13
-0.120768506678021	0.757908946650885	13
-0.037913119539136	0.965410381865896	11
-0.092397244001958	0.856828385139948	11
-0.058470971412306	0.499690049774173	11
-0.116498849442099	0.56932315747958	11
-0.093659509116357	0.679433877569781	11
0.02930615203793	0.528817184178733	11
-0.117141020419006	0.373506586188168	11
-0.011818676804906	0.305117962315837	34
-0.012838977535801	0.316055292646527	105
-0.050387250796685	0.596781163028418	105
-0.00970493102937098	0.317500836457744	4
0.123259934303114	0.564218063694464	246
-0.013725189014907	0.316186421786018	246
-0.015351349554288	0.312675934806691	326
-0.124747056170305	0.677177387207724	212
-0.063459596196601	0.862013914385511	538
-0.037816186199451	0.613545441372764	13
-0.016183593935068	1.6280073214935	13
-0.012838977535801	0.316055292646527	13
0.055089990145152	1.69263292799711	13
-0.070815093347421	1.01539866003948	11
-0.00905251348905001	0.309814622997046	11
-0.036115653230652	0.396401800711507	11
-0.024918526355951	0.818527313058497	11
0.0162764403462889	0.51836032861595	36
0.0146531536951739	0.736472589111033	11
-0.0532094528371581	0.518880295064165	105
-0.053944084331453	0.395711376744076	105
-0.012838977535801	0.316055292646527	105
-0.011041991695689	0.306042792393098	4
-0.114225689651025	0.486178407183222	246
-0.033005371662202	0.37855315479555	246
-0.013725189014907	0.316186421786018	246
-0.046031897134901	0.398232827941191	4
-0.020506824371479	0.295428181817907	4
0.00282157768609403	0.626385754856244	2
-0.063334039233886	0.477096314392988	2
-0.10694779323714	1.80820839567384	538
-0.0968048044659	0.677016764690013	538
-0.018118440437019	0.87372601837292	13
0.079225707286855	1.98926559863642	13
0.056690500428668	0.764640481717093	13
-0.094295330979056	1.22587386406082	13
0.019115519984978	1.53178105084814	13
0.016410646913398	0.518133449479217	322
-0.114567648207354	0.485329281013666	11
0.110652066980186	0.546767291303937	11
0.015090606926495	0.924853474255445	11
-0.120690339961439	0.390740942501888	36
0.117936216193217	0.55955792077348	11
-0.081824735366932	0.593019098735663	11
0.00399136816265699	0.628458018650955	87
-0.015522085872957	0.808458921036621	87
-0.048689683950482	0.400710670814	87
-0.058996941035096	0.492769151729648	105
0.00854981951665301	0.633033261859699	4
0.021631933607661	0.511963733247016	246
-0.116298947392477	0.473456899397394	246
-0.0120618899111919	0.308948097380784	326
0.071203478019134	0.647680538621077	2
-0.045594661164899	1.76147458781408	26
-0.025837574461175	1.52210077372198	26
-0.078724905001891	0.984944349482851	13
0.00916246319663405	0.912984847083479	40
-0.124933933056372	0.366525701957098	11
-0.030481674616505	0.634158849962942	11
-0.105867060450147	0.50280987610918	11
-0.065738459470277	0.706576664761019	11
-0.101703434734182	0.482311295686061	11
-0.110611000592173	0.500929365561647	11
-0.017819707208135	0.304571574191317	11
-0.064036536363593	0.697770555397742	11
0.072281408290036	0.655425253211404	11
-0.0120618899111919	0.308948097380784	86
-0.040862285301118	0.51377850767166	105
0.121102466087909	0.789708886807666	105
-0.0573792655632071	0.377258957210031	4
-0.054178992674861	0.498017280934944	246
0.062853655923619	0.428644645115247	246
0.075503515428696	1.02400636587977	2
-0.107210870062112	1.32335417234644	2
-0.016199746882233	1.66994515015836	26
-0.097548037617315	1.41855243436503	13
0.086668889179662	1.21081582179948	13
-0.067867476880239	1.56255486280465	13
0.00408183711923904	1.19398343302779	322
0.073441666134468	0.431488040337695	40
-0.026539299705536	0.685812212206413	106
-0.057328428184578	0.796178147801311	11
-0.035380494463449	0.702753372892708	11
0.00528526715796995	0.64468207157204	11
-0.013798465009057	0.30666884837716	11
0.011738152148801	0.634001024399011	70
-0.109486425103607	0.480826982022911	11
0.098570969279978	0.852409683030083	11
0.013842082758675	0.829295941353474	11
-0.056727728835794	0.704186785985976	87
0.111353649381914	0.535160218639486	87
-0.010605077248789	0.315930912800945	87
-0.051855181824211	0.388727798583248	186
0.108081324001265	0.539992140352823	105
0.026139204238092	0.527560322714467	4
0.117936216193217	0.55955792077348	92
-0.012283585921634	0.300995823768225	4
-0.015278467276278	0.306620397421394	167
-0.036061368350795	0.631015772895501	2
-0.042202878713744	1.44677976851102	26
-0.048100305549232	0.932663039007874	26
-0.119656541115959	0.895045406429263	13
0.112355650816057	1.50426124542224	322
0.0920594374364621	1.280172760632	322
0.0979468568854131	1.65394356757763	11
-0.03221860069516	0.728274298966897	11
0.046003874468203	0.838950955747166	11
0.023314150733456	0.848283368494783	11
0.017970845615803	0.521156519576382	87
-0.091153579489645	0.590739253717079	105
-0.00995284175892697	0.30332720138209	711
0.112367080675745	0.54186033991125	246
-0.118185850311452	0.471338659326607	246
-0.014687898500488	0.311861779805106	4
-0.011506240200352	0.309080061396945	4
-0.021167496345421	0.301071279976152	326
-0.015278467276278	0.306620397421394	167
-0.00668141700367197	0.301913745802199	136
-0.0484229302814651	1.7254705986797	538
0.10021912798213	1.0139452700889	538
-0.04032265382676	1.19101591878637	26
-0.055547653152432	1.24901542519256	26
-0.098546642617061	0.976308853201568	13
-0.104221124198002	1.27484152869564	13
-0.051683463431917	0.915334225158329	322
0.014060126460088	0.639721783719628	322
-0.092558487816752	0.841780818004166	40
-0.121954457487481	0.582469126448721	11
0.034142548078869	1.43334489200316	11
-0.088084590636433	0.570689150219579	11
0.084842616553563	0.94340978005119	11
0.051215690315481	0.391837590915745	11
-0.048244849856168	0.406955391946174	87
-0.01361649649519	0.315060797022341	87
0.123259934303114	0.564218063694464	186
-0.124237177751507	0.380766419385311	105
-0.038737579803352	0.616683874301372	105
0.122365390269405	0.560970693567055	105
0.015238980453702	0.516807763803079	105
-0.0200772270428961	0.795872938354444	105
0.118711842464746	0.566794476636639	105
0.118745240295484	0.942364828898512	105
0.023498391977312	0.537633487838775	711
-0.111554867246057	0.496635851957818	246
0.06196862207579	0.42635694522763	92
-0.01294918113959	0.309054921406304	136
-0.016548431258572	0.286575488388918	335
-0.01294918113959	0.309054921406304	335
0.078004322432903	0.666082484948606	2
-0.124669022624458	0.831575374567414	2
-0.123681172834152	0.666533836592545	26
-0.07120520630078	0.74978767688951	13
0.0170815614851479	0.842314809426342	13
-0.123924678071962	0.387397962027264	13
-0.056340629194141	1.29892386993079	13
0.00227760694866097	1.24749488523271	13
0.00840041371898903	1.09018727538769	322
0.11430736579056	0.559580271258146	322
0.07015095311317	0.438316217002579	11
0.00169736691864997	0.627511526290924	11
0.024335411665275	0.913721679189569	11
-0.043894534424995	0.410996983198176	11
-0.00982858021325706	0.31692388691876	11
-0.062683133617962	0.684408813370982	11
0.068519536271809	0.441380219868766	11
-0.103238920165784	0.494241754874404	11
0.11170704830818	0.791247014193363	11
-0.048816568972772	0.400903912739628	141
-0.044796317471515	0.411001158155085	11
-0.103992888108332	0.496999731581061	11
0.064342136965321	0.430975463849959	87
0.110770298464037	0.539605675939558	186
-0.042992281470992	0.408635794989607	105
-0.050389308969688	0.38110782269549	105
-0.012717079176209	0.312350436920331	105
0.08160241199315	0.653114385565247	4
0.114035993151764	0.550923549002204	4
-0.016359724992883	0.304204967654687	441
0.067774573719918	0.437416300979151	326
-0.015351349554288	0.312675934806691	123
-0.0568014536536881	0.491606983507779	2
0.020991925440673	0.831801152116259	2
0.072336174747567	0.651977803421423	2
0.037882065906552	1.55920119213082	212
-0.0933132259357	1.15016526616935	26
-0.0763894357287061	1.07415893778651	26
0.0264070940565641	0.538617054023443	13
-0.106501518604312	1.22451322685204	13
-0.10652898838077	0.98895177200715	13
-0.00958189687010003	0.307334976280597	40
-0.034198907405641	0.633466960107151	11
0.047939803175849	0.809157837466158	11
-0.050468507127388	0.396781130439899	11
0.066115350358312	0.761062483970181	11
-0.088729937112592	0.574369842010863	11
-0.047292035913746	0.389102740388089	87
-0.048689683950482	0.400710670814	186
0.064848562991136	0.431730141173306	105
0.0109918829624031	0.63786631749024	105
0.097884996563362	0.85209705542107	105
0.058298749280099	0.423405414334592	711
-0.050185755003857	0.398300343928319	4
-0.0474765729195	0.405749238765891	4
0.119487082845237	0.568434385429255	4
0.025493223710978	0.537293716394969	4
-0.00970493102937098	0.317500836457744	123
0.105667613632858	1.16120429814419	212
0.100443314315877	1.59850050314284	212
-0.051601091618915	1.005091991461	26
0.102077834480456	0.877162015572453	13
0.012090155007622	0.754655032474872	13
0.044349566380276	1.62811072161813	13
0.00559035637013805	1.46518089655652	13
-0.059010471870637	1.12758717896045	11
-0.049616237819717	0.382043433436757	11
-0.048816568972772	0.400903912739628	106
-0.104063900816661	0.768624096397119	106
-0.059817104990858	0.702611758120249	11
-0.038522257537524	0.704671583259802	11
0.110145353363726	0.533733805669636	11
-0.05150992575252	0.51490668430994	11
0.0170707055266059	0.933459400836201	87
0.118188534674388	0.558907626978817	347
0.067101654384355	0.420508562757229	186
0.017970845615803	0.521156519576382	105
0.015629950332357	0.51056806493026	105
0.034912614571596	0.976682552889148	2
0.037287550044167	1.42690915344219	2
-0.00617743787229796	1.4439018179013	2
-0.108156698683977	1.22148686362949	538
0.067156378190661	1.82410811203251	538
-0.00572313533881697	0.831493012940262	322
-0.045395373200964	0.51606217262893	322
0.08071214980276	0.66060462161643	322
0.079351356435226	0.656154276927575	40
0.074186805313105	0.430063180276114	40
-0.105287448055446	0.479248553867602	11
-0.013018387303469	0.305394747651446	11
0.0665953876769571	0.641487170509239	11
0.0826925425812	1.09784454890383	11
0.069920591320394	1.12675689272118	11
0.016172440084021	0.75752250221684	11
0.0578949381356491	0.405915774634925	11
0.00854981951665301	0.633033261859699	11
0.025241109444136	0.529959932942027	11
-0.045771665825408	0.589671587497297	11
0.113794395084441	0.541369367400416	11
0.118072289910554	0.553833178695733	186
0.00506560040325899	0.618460024067168	4
-0.112864041694361	0.490688537332704	711
0.068377761739654	0.438459087939051	4
-0.047031440580092	0.400898616070574	4
-0.00815320300388001	0.311309918899429	92
-0.020388581089155	0.307110582507366	92
-0.013798465009057	0.30666884837716	92
-0.015351349554288	0.312675934806691	4
-0.085703902962846	1.19229049209298	2
-0.083602616478599	1.19741517254847	2
-0.00371700997607405	1.74466594985655	538
0.046731544094352	1.07670840310197	26
-0.00567012709519998	1.22242707557648	13
0.041438626598639	1.70444858572286	13
-0.121805287646417	1.05248475567287	13
0.120499283637486	2.04392854945321	13
0.12331526990569	1.25857077260078	13
0.021162532803932	1.06843347291845	13
0.0777376447363241	1.01652829477614	40
0.080723123162335	1.20034004535337	322
0.121917514731596	0.800564363802786	322
0.057664439604776	0.854934273354639	322
0.021803888102507	0.538222699697012	11
0.107707828415019	1.05139051307425	11
-0.094316578375709	0.697896367709998	11
-0.119569388702981	0.580720325538239	11
-0.116792080328634	0.469497143273023	11
0.064483684432268	0.432355787081799	11
-0.017819707208135	0.304571574191317	11
0.124631354159955	0.540929406632024	11
-0.039373111001338	0.40387775449218	11
0.029015754625302	0.532120119526677	11
-0.044796317471515	0.411001158155085	141
0.015104561643778	0.521618861364361	87
-0.0202709493407131	0.303417203431975	347
-0.041463195022329	0.407165869763048	186
0.113528631060528	0.561504875013397	186
-0.037286755423491	0.623580923251533	4
-0.049705934127101	0.397910918191799	92
0.11200555888986	0.894468429232191	2
0.00870500094524396	0.743148687512746	2
-0.09494533211492	0.560651062180066	212
-0.035155922642091	0.876883871983656	538
0.00725089835783399	0.830975505969744	538
0.027233175098842	0.929183068957136	212
0.05172717637306	0.73640918559473	212
0.065304348935571	0.779529149113994	26
-0.0268671661975251	0.871497039450737	26
-0.013911710834858	0.306910846998919	26
0.023130271003641	0.521094948429814	13
0.061215768392731	0.624480048163606	13
-0.030634113778092	0.713912977513552	13
-0.0967345101562	1.3266221281196	11
-0.035131297405164	1.51259435215514	11
-0.057296807061574	1.23359504435384	106
0.064100401563137	0.430664816638126	106
-0.039853065304039	0.617293745465778	11
0.019942324910892	1.13900816925564	347
-0.026787076867727	0.610048806588281	186
0.109726310246664	1.06877256214321	4
-0.124482671931607	0.678290652386723	4
-0.124480505176128	0.391034814866633	68
-0.049916551203238	0.40352177777792	123
0.012488309575605	0.520253995615699	167
-0.122946665048637	1.43504910578101	2
-0.048074482224704	2.46252395992171	2
-0.040833621000645	1.24847945240096	2
-0.06518325953655	1.06990926017236	212
0.094612362207073	1.61421981716558	538
-0.052657277387858	1.6101292912408	13
-0.027874729371938	1.12379562024501	13
0.074398155844626	1.58090926844445	13
0.115630853518543	1.70806205054771	40
0.102003881025272	0.949533385861176	11
0.062810724635169	0.635718510806116	11
0.00466305122462596	0.781061997286598	141
0.051038523839131	1.03704410394287	141
0.0225838560763521	0.537766539488347	11
-0.014574696839767	0.313657849579674	11
0.119246077339943	0.544355456095367	87
0.037166883530134	0.991605933550147	87
0.071844351707559	0.662383839089998	4
0.02770619417903	0.96586831862605	4
-0.120406483763862	0.596654400573245	4
0.065902769018981	0.766099214151549	266
-0.054332969357385	0.499525822994203	4
-0.054332969357385	0.499525822994203	4
-0.00982858021325706	0.31692388691876	92
-0.00423273049755102	0.301763287629316	50
-0.019492454097792	0.309569888581179	123
0.069264134732277	0.439827478899429	167
-0.0902878232807191	1.17820852542375	2
-0.0212493151568089	0.796790733696615	2
-0.094331695780688	1.40430304908567	26
-0.043131821130898	0.927994163435117	26
0.122960390066212	1.05350729456299	13
-0.057084582100556	1.0152609804231	13
0.038551119828431	1.17596473010585	40
-0.054163442956868	0.498278704672833	40
0.071667500586969	0.428047218528271	11
-0.10057491700978	0.49762977577629	11
-0.111754431266004	0.472549473259881	11
-0.102450920619536	0.504512106641994	11
0.0115720184160329	0.517015879342069	11
0.120761666822316	0.553481089361531	11
-0.00637289781466499	0.682702049401396	11
-0.0463195520773541	0.513606547547021	87
-0.0471639045179409	0.399312968288547	105
0.02166960939209	0.535320735706417	105
0.00918734613590699	0.737589827749823	4
0.064709000774112	0.424509899384148	4
-0.0196100987261409	0.302302293346586	266
-0.015425518010333	0.306207484123342	50
-0.046770181548794	1.01610068798127	2
-0.111456338905685	1.13787122965834	2
0.060489555753514	1.51274311467998	2
-0.023019218410822	0.887340030009259	26
-0.050837521717193	0.842582551976032	26
-0.075413994895806	0.985214687580075	26
-0.119300316388318	0.734685510865651	26
0.108355896723393	1.13647675695101	13
-0.03221860069516	0.728274298966897	40
0.012825074281285	0.899676959850991	322
0.124930810749826	0.560056111035905	322
-0.0113820050460079	0.307388176077703	11
-0.049438199000466	0.516392593341145	11
-0.050707560157069	0.514432618296285	11
0.017501108068713	0.510780296473622	11
-0.00970493102937098	0.317500836457744	347
-0.0155826841517041	0.310339255644924	347
-0.007132467371471	0.310144878918244	4
0.057413150957111	0.421156018212164	105
-0.118155994318641	1.09558572522917	2
-0.021530221241004	1.50119819200987	2
-0.120492723294797	1.36139597440312	2
-0.114963750015569	1.22605264383622	2
-0.123438598548152	0.91087921161703	26
0.024571323547999	0.831413583604715	13
0.076931554099772	0.92907780746366	13
-0.096352412550564	0.930297128935618	13
-0.036748826363091	0.949930487846991	322
-0.043479283831266	0.509898117062369	40
-0.0380247899064	0.626069028231402	106
-0.040559988424593	0.402134005251756	11
-0.019492454097792	0.309569888581179	11
-0.05380871355463	0.393436700624159	11
0.00887598433725401	0.606093492964321	70
0.043593242429101	0.921597148930793	70
-0.120690339961439	0.390740942501888	11
-0.044796317471515	0.411001158155085	11
-0.048977093748953	0.517246364573907	11
0.122365390269405	0.560970693567055	347
0.062712920985683	0.430120146475084	4
-0.04591609887321	0.520402262518428	4
-0.014574696839767	0.313657849579674	92
-0.00500693403605201	0.308270041400524	50
-0.044659396905837	0.40601112976775	239
-0.013018387303469	0.305394747651446	38
-0.031290952747708	2.45051214153907	2
0.054454656076435	1.58423580018407	26
-0.113886028358134	1.14906566579904	148
0.086092578947264	1.63621636184437	148
-0.10201657333301	0.763098524800838	322
-0.0512521758004451	0.92409507292411	11
-0.00517016343459897	1.28322661781344	106
-0.086570627395646	0.769627961874434	106
-0.094661425096739	0.749549890589227	106
0.061109798308736	0.781650421784413	11
0.033970828708327	1.25164258190331	11
-0.101574986414677	0.66258219945278	11
-0.121061510431506	0.583214480888976	11
-0.073529659785863	0.602536552025503	11
-0.065759995427243	0.460095898813845	325
-0.037286755423491	0.623580923251533	347
0.116479477508972	0.548457721640574	347
-0.015464516846835	0.305662257601102	347
-0.049916551203238	0.40352177777792	105
-0.015351349554288	0.312675934806691	4
-0.094135334317674	0.581669023272162	4
-0.065663680774993	0.936487252342191	4
0.118968314691932	0.557036071489128	4
0.120380467019571	0.528332211155392	4
-0.014501617581933	0.315189615441222	50
0.013404900598801	0.521268528078242	4
-0.0196100987261409	0.302302293346586	4
0.062572025062082	0.423499305368986	38
-0.123314940580277	0.385754494453325	38
-0.010458489801066	0.81237943260595	11
0.00700473935545898	0.704236853989333	347
-0.119627990101663	0.888224251312457	105
-0.036503847907875	0.87888158940312	105
-0.100255682688834	0.691210700731809	105
0.015342439599669	0.994271591491303	4
-0.098745135620028	0.993058834065836	4
0.0425306414416971	0.926581939646039	44
-0.107944582516141	0.496869353184947	392
-0.00683355704271405	0.286494219851563	50
0.042914393789107	0.938707283565774	212
0.021168816938524	1.07960425020221	296
0.013313772555847	1.16591556619048	296
-0.033571802471861	0.936118148216599	212
-0.120456272732655	0.58446319588529	26
0.011661632941269	0.746781791276405	26
-0.035949471116633	0.612766078598495	13
-0.113345327941465	0.586185875576629	13
0.0129077945805201	0.641088096270748	148
0.068519536271809	0.441380219868766	11
0.121632659821366	0.793083147693969	106
-0.086978973762472	0.605675521198257	11
0.119606974347764	0.56510449843305	11
-0.0586261798386401	0.500066054995349	11
-0.124336055846485	0.385501377034349	11
-0.056515357323896	0.384274652330071	11
-0.00398496975639695	0.302235888956735	4
0.115705434083691	0.552303014239686	4
-0.094900024419365	1.00638267850229	2
0.0488398441429601	0.952856296598518	2
-0.069919984969107	0.695595415038941	26
0.091567147349589	0.856390379309454	212
0.00359376430509595	0.949458170716913	13
-0.09725981438956	0.652693207253464	13
-0.0549337441059941	0.966175734064627	322
-0.060416701706342	0.955264356455224	322
-0.043130046158663	0.412195598418682	11
0.074329411078503	0.428059980194551	11
-0.093246581287581	0.763178041942775	11
-0.043550060164107	0.790879896459665	11
0.080839083606032	0.651240662337944	106
0.074348000221276	0.66115967442888	11
0.00820300387349104	0.89032417785288	70
-0.029964574610141	0.732248449926336	70
0.014399105013667	0.637241834299464	11
0.062188198326436	0.427337984884904	11
0.116265978207546	0.541477843529134	11
-0.00970493102937098	0.317500836457744	4
-0.00410853714327997	0.308303730784552	105
0.062326629155958	0.430771485978296	105
-0.012717079176209	0.312350436920331	4
-0.01294918113959	0.309054921406304	50
0.121942827829863	0.546976165401366	2
-0.122999809632544	0.385274537316049	2
-0.074891368161882	0.60577304198122	2
-0.042227551194588	0.409819027309542	296
0.019848193512767	0.528886448388673	212
-0.04736260930264	0.398645321808799	212
0.10975550966473	0.546913349967797	26
0.069406231051187	0.439848166989518	26
-0.034447336609018	0.397612350294455	26
0.118592160367263	0.567154085347899	13
0.121824895655344	0.538982919110071	40
-0.05568238086573	0.508570131747362	40
-0.0161284235885391	0.304267228775723	11
-0.01048144037592	0.308865429873861	106
-0.054024917914364	0.491617300220687	2
0.07106323792585	0.416292140785354	212
-0.019492454097792	0.309569888581179	26
0.021803888102507	0.538222699697012	26
-0.015351349554288	0.312675934806691	13
-0.013725189014907	0.316186421786018	15
-0.015278467276278	0.306620397421394	11
-0.064390689774708	0.694053557520309	2
-0.101140137144032	0.5013793410647	296
-0.0409029220707851	0.405288798422532	296
0.123734752916515	0.546863537081231	296
-0.00815320300388001	0.311309918899429	212
-0.01361649649519	0.315060797022341	26
0.069264134732277	0.439827478899429	26
-0.025380073320815	0.290928590921138	26
-0.019492454097792	0.309569888581179	26
-0.044995822363789	0.388388633141508	13
-0.0113820050460079	0.307388176077703	13
-0.01048144037592	0.308865429873861	13
-0.00892885205528204	0.318502007835874	297
-0.052403160037142	0.509505009228168	148
-0.013725189014907	0.316186421786018	148
-0.00982858021325706	0.31692388691876	40
-0.049013504748163	0.403545737929614	322
-0.016926051241332	0.302093223186916	15
0.00299901187320994	0.263140569032392	11
-0.044842347746669	0.374817600752038	11
-0.00595945093363903	1.57964176544038	2
-0.059288710741905	1.09882204433366	296
0.087257194009763	1.68041013050257	296
-0.07984304342045	1.24665304241801	26
-0.115237564648721	0.840872538507632	26
-0.109367209747659	0.908888083946362	13
0.016784493157288	1.08244547656351	148
0.11644562830677	1.47795598727878	148
0.00685383575978005	0.622112767408303	15
0.1234685000835	0.970122447216499	11
-0.014686981337684	0.959127768899739	11
-0.055177640688958	0.918411346111645	11
-0.09574237476861	0.843347028781398	11
-0.040493687763312	1.11265057389428	11
-0.105648249970188	0.49089495903087	11
0.047311215724822	1.03481317977106	11
-0.017819707208135	0.304571574191317	11
0.013856007508193	0.903934271282116	11
0.022481488134288	0.539359691092574	11
-0.044493753441435	0.400370986458641	11
0.109247590850868	0.532542827671707	77
0.071667500586969	0.428047218528271	44
-0.00970493102937098	0.317500836457744	4
0.065085832548796	0.420873157870538	38
-0.112285110562562	0.908059914051555	296
-0.041213467711485	1.37614768331453	296
-0.06759174837782	0.842231471929796	212
-0.116140318415179	1.01238452361993	26
-0.083036101111752	0.776867535980023	26
-0.0452553598064011	0.592838727500926	13
-0.022456404777072	1.18861838992194	148
0.0692654505554951	1.70645635966742	40
0.076846690517152	1.53567592461963	11
0.050845852274559	0.989746742463284	11
0.059932414526404	0.424370453860414	347
-0.012838977535801	0.316055292646527	340
0.00317104509120902	0.70474860853001	44
-0.123239255276923	0.656533993034024	44
0.0783641764352721	0.414981244253768	44
-0.00892885205528204	0.318502007835874	4
-0.1229233785949	0.38747666601983	38
-0.03269026519194	0.959970681977048	2
-0.12008713581541	0.670590937058566	296
-0.04327338035004	0.621540844997706	212
-0.000364327424366984	0.782853720728585	26
-0.091909947484895	0.701333639768734	26
-0.0500081578034171	0.816385394012413	26
-0.090771050830163	1.33300254491111	26
0.00985018187748399	0.652956511249221	13
0.0648801479137729	0.640704706724881	13
-0.108155925120532	0.502809675960756	148
-0.025145791826923	1.62132775378061	11
-0.060620950349067	1.17126324734976	106
-0.087889451446427	0.597378516083918	11
-0.00022278184431801	0.612583138016977	11
-0.04327338035004	0.621540844997706	11
-0.042227551194588	0.409819027309542	11
-0.069598232403752	0.674650132162423	347
0.066888447913274	0.436059900944306	347
0.118304358183549	0.553971449288371	77
-0.044032071153728	0.412201562784315	4
-0.013798465009057	0.30666884837716	44
-0.000575685470103005	0.607101211199856	44
0.0529873467858401	0.398163059420726	44
0.0667474826529491	0.435336018331494	38
-0.013725189014907	0.316186421786018	216
0.064848562991136	0.431730141173306	216
-0.017703273150746	0.306858362541725	38
0.000350586069531977	2.0993842476054	2
-0.030418740278408	0.888572284187829	296
0.053615289613432	0.907754505777205	296
-0.017465419467068	0.828570493120729	296
-0.058434875944311	0.790095059114719	26
-0.021125131757998	1.8012295612562	26
-0.079905829213663	0.618360494837443	26
0.050583134718846	0.831116826834035	26
0.109297252957267	1.62745660039302	26
0.082422939024481	0.968736523034389	13
-0.047459895966686	1.30330350723049	13
-0.117679043034455	0.593341557050413	13
-0.113597783734696	0.587182068914482	15
-0.051137711224641	0.511066248704069	15
0.00919877894583399	1.39629242661083	11
-0.046128846375588	0.397940187471707	11
-0.115433583179749	0.832437344574168	106
-0.067083655404374	1.12757835675442	11
0.117707797042842	0.801226040297874	11
-0.00398496975639695	0.302235888956735	44
0.0575508873124581	0.413496711923441	38
-0.046892730246221	0.396816564544763	38
0.077475858397293	0.416799907259413	38
-0.0466880689511791	0.516881564034729	38
-0.104547403043971	0.506398742406122	38
0.062935620678642	0.4189438911732	38
0.101045056647758	1.93359650715382	2
-0.078186421427815	0.649356535666538	296
-0.042218573187679	0.587752549840704	296
0.12183941022551	0.794364423908924	296
-0.043147335351755	0.956761965966031	296
-0.119054737875356	1.06049169939385	296
0.062853655923619	0.428644645115247	26
-0.0494849211214931	0.382353608293097	26
-0.080833515774836	0.614661719091341	26
0.117115395465079	0.783530719635561	26
0.112247314631622	0.543578440668961	13
-0.019492454097792	0.309569888581179	148
0.0735025006257331	0.660796261980928	15
0.050856514360799	0.738346481871357	15
-0.040795071795714	1.12806637381714	15
0.021803888102507	0.538222699697012	11
-0.046128846375588	0.397940187471707	11
0.069264134732277	0.439827478899429	11
-0.043257206587794	0.878732675457495	11
0.07239771854097	0.6381977021649	11
-0.084924457780563	0.781966468774252	44
-0.120056008331839	0.387144466749456	38
0.113105513136825	1.2754720786496	296
0.00946775774614195	1.16807034382707	296
-0.069135594325084	0.685496495512585	296
-0.026695430438172	1.50267030294316	13
0.02932180952888	1.31624446796103	13
-0.069436135392533	0.697285171062252	26
-0.028555659086495	1.10658066815296	26
-0.112937519646724	0.910323030616771	26
0.057826337870063	0.774857599677388	148
-0.116417242942912	0.367978080106266	40
-0.114027952165176	0.805299990803055	15
0.00627280485946902	0.634626083100335	11
0.05035967074335	0.83740203808006	106
-0.105313293647843	0.8118552606728	11
-0.00982858021325706	0.31692388691876	367
-0.014574696839767	0.313657849579674	4
-0.087745377509212	1.0505727098082	44
-0.052919613874287	0.771628898307189	44
-0.112148839533071	0.479182686622711	4
0.0721537338543909	0.657692049768488	4
-0.101389347864229	0.771168597191918	38
0.120544476093332	0.804970755703045	296
0.060720933627935	0.767674616425777	296
-0.054909366171195	0.516508739984301	296
-0.05369580502112	1.03200679143376	296
0.0190663511931209	1.56777476628176	13
-0.100769434605024	1.74389332900754	13
0.012926235356863	0.646339050242677	212
-0.044383885591994	0.597454754297793	26
-0.0536743476377241	0.496777813245102	26
0.110015196046744	0.774005271473452	13
-0.060348356185158	0.465709410485965	13
0.013110680599499	0.639883420796028	13
-0.046572571027053	0.40347076543657	13
-0.109251200463214	0.494370367609573	40
-0.0773827293731441	1.02846762671827	15
-0.103529871581744	1.20807683630445	11
-0.01439444724137	0.306518173274954	11
-0.093113212396403	0.840613636532199	11
0.072342845087353	1.03298938527967	11
-0.119133078235891	0.387239393058403	493
0.107994115516243	0.756525597315965	4
-0.0222764996688209	0.708077451963559	4
-0.043894534424995	0.410996983198176	4
-0.0568014536536881	0.491606983507779	4
0.020109324122581	0.532154445146216	44
0.121134796143983	1.08365518591883	44
0.062712920985683	0.430120146475084	44
0.070293371164231	0.435109466361679	224
-0.067760790561782	0.689223771174888	296
0.00399130548180804	1.79500611504732	13
-0.042127808863408	0.624566707185561	13
-0.056474271766512	0.376494917433132	40
-0.013517539654809	0.714080179868703	148
-0.0506456820147611	0.801512671635839	40
0.047957746172432	0.950547051786871	106
-0.085632526339246	1.05921713614206	11
-0.043268198451977	0.409487017373687	493
-0.01361649649519	0.315060797022341	4
0.019793511184343	0.968182523353167	44
0.068225314938994	1.32565401730514	44
0.096242609483596	0.887606405681374	4
-0.044249195692433	0.508375383253285	123
0.112324101635499	0.777593320198489	38
-0.112275499269071	0.600546815760109	38
-0.011629622078795	2.10153767308402	2
-0.054197365306886	1.95083521187052	13
-0.095817182624674	0.980611263560676	13
0.0958286399596851	1.12359253027536	148
-0.074684414117442	1.10348153273618	40
-0.024981472128387	0.715726155279715	15
-0.054755521760945	0.502471022121506	15
0.086015801588921	0.652245161859239	15
0.08318233353227	0.663141098399617	11
0.072219569267532	1.10263475072367	11
-0.029114293963415	1.00495231200154	106
0.021938009527429	0.534450420669703	11
0.068235822079705	0.42363119403314	11
0.047834156350392	1.08131149612319	11
-0.014420500395963	0.718607084161616	11
0.058298749280099	0.423405414334592	11
0.0714053183290661	0.400116676871198	4
-0.051233848040983	0.392886952385523	151
0.070844385809211	0.670903547594631	4
-0.080131408929095	0.616526632416568	44
-0.059769643677554	0.497224305779788	44
0.062453598977229	0.409068430729996	147
-0.011163305530183	0.306401520537475	4
0.064342136965321	0.430975463849959	5
-0.043268198451977	0.409487017373687	5
-0.00970493102937098	0.317500836457744	5
-0.065937505771386	1.8108007042491	2
0.105954400874309	2.01875713738225	2
0.00525375130236105	1.607813996416	2
0.00447430711583996	1.44671185572942	2
-0.090843851296435	0.842623370693821	212
-0.029523835409271	1.24115755828406	26
-0.0973814715888059	1.38102098190949	13
-0.11643117503964	0.906386419894424	148
-0.109119297103261	1.13912150829117	40
0.00199944396444296	0.687543075098997	148
-0.073218150918993	1.28515304033787	15
-0.00905251348905001	0.309814622997046	11
-0.017819707208135	0.304571574191317	11
0.060576149313339	0.756547370871255	11
-0.09574588859429	0.836190239399097	11
-0.035980561698871	0.392044289794897	11
-0.01758746114729	0.294260070412212	11
-0.0495496232967611	0.597128086767107	11
-0.029547583140325	0.629373182746785	11
0.122246483039307	0.549875106882455	4
-0.0558365285727111	0.515414931338954	4
0.0146240334960001	0.654168540290229	44
0.048259017814732	0.809375727274	44
-0.120647977640297	0.588826139568893	44
0.0653697397049981	0.429862202393052	147
-0.0436954995279329	1.50593964632326	2
-0.121096273309913	1.31734704171643	26
0.00563439389423404	1.40296959810624	26
-0.1010658979732	1.0452112045595	13
-0.026156135780869	0.725271377913696	26
0.094997828692137	1.56975637303575	26
0.119606974347764	0.56510449843305	32
-0.048380104325118	0.405728264352676	15
0.00703737554960104	0.907432229410938	11
-0.058031516515932	0.478635202130878	11
-0.0509533050562671	0.399443766417677	11
-0.038333607792602	0.406543551526826	11
-0.049012340933714	0.513693738928779	11
-0.102729313404517	0.755760195683528	11
-0.00790770863982404	0.309202841698513	4
-0.105126760834201	0.473745559170937	4
-0.04785999755653	0.51382017834803	4
-0.046128846375588	0.397940187471707	4
-0.0939587202604219	0.493398512854714	4
-0.037195574678541	0.60938199535973	44
0.00401416659032405	0.700414220047592	44
0.026585344449029	0.998868451955139	26
-0.038630767681147	0.632154918673036	26
0.00867461140967096	0.749416238412933	148
0.044774662451995	1.5155665560105	15
0.115826467741342	0.548104643779689	32
0.015968697713688	0.506378801036587	15
0.016182477950636	0.534657297640483	11
-0.120834410284993	0.39046776638375	11
-0.040053814852653	0.616062036199201	11
0.09241457959077	1.32230397862142	11
-0.102277062621489	0.497004300157566	11
-0.115160515224645	0.590216982049061	4
-0.109475543586019	0.471148520958983	44
0.019975733308051	0.530496975644084	147
0.055648182917464	0.391853456875678	5
0.00755928066636502	0.629479735184584	13
0.0195146123464039	0.825166502027134	26
0.0299365821170831	1.17528998968627	13
0.00949822637332898	0.634091165461615	32
0.086358840899848	0.619109149441419	32
0.106532388896707	0.7400878767726	15
0.058220614011788	0.379034404189296	15
-0.055118426266081	0.493286169085201	15
-0.049916551203238	0.40352177777792	11
-0.017819707208135	0.304571574191317	11
-0.049579393327674	0.399758982143648	4
-0.044738431058052	0.58878133861542	4
-0.0857980943455811	0.603363525749562	44
-0.055613620426899	0.389576069437807	5
-0.00803014611641795	0.316821733039894	10
-0.117286277548453	1.64675269279933	2
-0.026886136596616	1.33280564696417	26
-0.092258804031221	0.713500788210133	26
0.020257543990488	0.750909562652495	26
0.00772458839680001	1.53431677046972	13
-0.0266329908631	1.40874040802889	40
0.058160522269658	0.422185832718437	15
-0.046262808511614	0.862132498507885	11
0.068377761739654	0.438459087939051	4
-0.056678056190547	0.494336993092882	4
-0.084060147183336	0.598872900346867	4
0.042982344176842	0.933416465243941	4
0.123259934303114	0.564218063694464	4
-0.008805806501751	0.315834023375974	4
0.109094592367476	0.527727476398697	4
0.00459816997670903	0.73573267657478	44
-0.109268324297524	0.48145705729962	44
-0.012717079176209	0.312350436920331	147
0.059184795538185	0.423332963971333	360
0.065511451244326	0.420960280680482	5
-0.0453653356967591	0.395481806451312	5
0.059184795538185	0.423332963971333	162
-0.118323643998326	1.63375982724929	296
-0.000263417533404975	1.40771019813851	296
-0.052845396834443	1.17370190588095	26
-0.091686672507631	0.858116747943549	13
-0.118561857970727	0.983631237547238	13
-0.018540385980123	1.22377608881086	13
-0.070604140324216	0.700181760746799	13
0.00761498637956404	0.968173949601777	13
0.067367282258065	0.867869172294693	13
-0.059923583977945	1.0160898887431	13
0.062499038520391	1.09045184317347	40
0.100969843784108	1.32156858313701	40
-0.087831722981621	0.76750854470792	32
-0.037286755423491	0.623580923251533	32
-0.104619067216184	1.0961799873348	15
-0.043413867550071	0.862736767540969	11
-0.0297247813584089	0.981204926138391	11
-0.07521497772309	0.925449792981356	11
-0.098717303210838	0.684196427623729	11
-0.048380104325118	0.405728264352676	11
0.112858026127148	0.79155402564631	11
-0.103455188379269	1.00495059056	11
-0.010711131557147	0.809260836754915	11
0.00844981986586002	0.493697167283973	11
0.114541890562627	0.55626234541637	11
0.067491834118112	0.433842030818118	11
-0.053041149730492	0.396676473540463	4
-0.015351349554288	0.312675934806691	267
-0.018597349798757	0.309462932848304	159
0.058298749280099	0.423405414334592	44
0.081294763325278	0.653238773948917	44
-0.011506240200352	0.309080061396945	147
0.067633286811483	0.440000422425588	4
-0.0161284235885391	0.304267228775723	4
0.024413216614822	0.53494157956292	5
-0.0903301524187779	0.997936812155433	26
-0.051386266580266	0.855500262144338	13
-0.100439770780711	0.76151479235644	26
-0.03171463069384	1.07481405721902	13
0.017485227833805	1.01210727730348	13
-0.114602259557063	0.744844950523711	32
0.096504065276579	1.39001513513594	40
0.01791654226541	1.04596057141124	32
0.002650435085778	0.628612768697161	15
-0.057956135144059	0.709621537770567	15
0.014969995215034	0.519301140807544	96
0.119215068918427	0.784138833448444	96
-0.102081935792849	0.500258851037789	11
0.02732124554663	0.537073371815795	11
0.067726308060208	0.64836923344407	11
-0.05568238086573	0.508570131747362	11
0.068519536271809	0.441380219868766	11
-0.048816568972772	0.400903912739628	4
-0.012838977535801	0.316055292646527	371
-0.019492454097792	0.309569888581179	4
0.058782471751054	0.404721274063378	4
0.114688973329587	0.546335743056309	159
0.108198500143352	0.527827231832463	44
0.017857093270903	0.503718399916076	5
-0.081818290302023	0.775051093441982	2
-0.045436837318348	0.626467997516537	26
-0.077135845924255	0.610856919121844	26
-0.118117111740238	0.367305676953013	26
0.061709585649283	0.758270490700417	13
0.00944219555331804	0.628038527858222	32
-0.0614540477580841	0.676652865778972	11
0.108346056026405	1.06598575348878	11
0.020109324122581	0.532154445146216	11
-0.015351349554288	0.312675934806691	11
0.027480123453273	0.518801169023542	371
-0.0470895787814381	0.515386553151001	371
0.0152281486506211	0.503629506307825	371
0.0989315997474099	0.973510807284618	147
0.056882466556879	0.861405633440782	147
-0.100009116687459	0.494062950938052	663
-0.055218104598909	0.515088836186788	5
-0.044204600648167	0.617929053970074	296
-0.048380104325118	0.405728264352676	296
-0.109099655292876	0.500721190123699	26
-0.043894534424995	0.410996983198176	13
-0.036251150201069	0.394293220680395	13
-0.036674451846838	0.604542490225411	13
0.114424834433841	0.562796275344558	13
0.02036196616581	0.521551937150627	32
0.074186805313105	0.430063180276114	32
-0.0187143913562779	0.304662826642224	32
-0.0513703083804981	0.39464993627257	15
-0.122637796014118	0.588208488191911	32
-0.115919116886729	0.917913376344415	4
0.019117724263914	1.09703125620044	371
-0.00892885205528204	0.318502007835874	4
-0.00803014611641795	0.316821733039894	44
-0.103603395093915	0.507556332505387	4
0.020915415991752	0.531098000934064	5
0.031007694787062	1.79363288668824	296
0.0475648495469641	1.30534685753117	296
-0.027369966634335	0.812342401317556	296
-0.063683771066423	0.772879561434475	296
-0.088792978427925	0.772746785848253	296
-0.0539819508160641	0.515321268034523	26
-0.04508601353344	0.513674102815658	26
-0.084666790478755	1.14725705641466	26
-0.036879311423858	0.616455219027511	26
-0.071889965832738	0.644394215502412	26
0.020496581190602	0.532242616982469	26
0.071790792482513	0.67065282068224	26
0.01709846959932	0.537156256322218	13
0.121632659821366	0.793083147693969	13
-0.045512915931794	0.664722988679355	423
-0.0828051763191921	0.92190938887033	13
-0.039753374455319	0.610078917374607	32
-0.050553552055392	0.513914693038641	32
-0.013725189014907	0.316186421786018	11
-0.00658204059770395	0.967894929296459	11
-0.087507799702387	0.756687824097486	11
0.00598893786288701	0.744110226601273	638
0.012876524383325	0.835640713237703	11
-0.01294918113959	0.309054921406304	11
0.005860035757834	0.630316656153382	11
-0.011041991695689	0.306042792393098	4
0.105414708243414	0.687302399150857	371
0.117172009264237	0.791524797726959	5
0.065596357219192	0.423152077656369	296
0.026273230831624	0.536849822685121	296
0.073989783194332	0.658290796230403	296
-0.043492172442931	0.683777393013455	296
0.01489391408939	0.512055218766719	26
-0.05513110906538	0.934101305913811	26
-0.051171187061419	1.73840170973974	26
-0.012193872667244	1.35979436402855	26
-0.040559988424593	0.402134005251756	26
-0.00892885205528204	0.318502007835874	13
0.023263922962493	0.535654714698154	13
-0.0976040415143919	0.690678327218484	423
0.015294654006647	2.01759791995328	13
0.12272342086474	0.545246675486395	32
-0.103498739264897	0.489612258294103	32
-0.0187143913562779	0.304662826642224	11
-0.018597349798757	0.309462932848304	11
0.0290580078855051	0.993225431713853	638
-0.010605077248789	0.315930912800945	11
-0.013794152332927	0.310263526500163	11
-0.111131032599154	0.604926139416552	371
-0.066414166899335	0.703450847333781	44
-0.091597590612404	0.59760834982638	5
0.118592160367263	0.567154085347899	5
0.011213193327914	2.06557355856473	296
-0.036753185456617	0.69492799531676	296
0.040737907738474	0.929995497051938	26
0.00234337490764303	1.11822366726317	26
0.000379396621785988	0.608199481872648	26
0.010414971742739	0.87477829490675	26
-0.121123025451888	0.370925696350297	13
0.067101654384355	0.420508562757229	13
-0.00905251348905001	0.309814622997046	13
-0.01439444724137	0.306518173274954	423
-0.115854851943944	0.751869624131143	423
-0.0196100987261409	0.302302293346586	32
-0.024377744167451	0.292729772639549	32
-0.056583064304375	0.467716581797838	32
-0.043667933914961	1.16404342836238	32
-0.099821972547	0.49121904439672	32
-0.091774852413197	1.40817976581396	15
-0.012838977535801	0.316055292646527	11
-0.085889233880848	1.19830699042603	11
-0.021143056391292	0.81094841648458	11
0.013622412485967	0.841867338675649	11
-0.013725189014907	0.316186421786018	89
-0.120053558995748	0.672346202831821	371
0.072853290848156	1.19360780960864	371
0.00413444210959202	0.626111042326475	371
-0.0120618899111919	0.308948097380784	371
0.026273230831624	0.536849822685121	371
-0.087542743391684	0.603501878228873	4
-0.112880602251655	0.470900459492662	4
0.122442676111921	0.811523195144302	5
-0.013447595803784	1.35452554289492	296
-0.062089397781013	0.820778211429703	296
0.033897255237367	1.20045380211771	296
-0.123227433155196	0.67661033280396	296
-0.013830051637955	0.892825963590394	296
0.011182406220086	0.756370646123417	296
0.017854408509457	1.24310627054148	26
0.00629304877152503	0.914566894841335	26
0.07355560817662	0.669919077043153	26
0.056951035697325	1.1542034466483	26
0.075697634851588	0.652800491928368	13
-0.045240738777282	0.517806927417824	423
0.011438704768466	0.512758337802005	13
-0.031303937980468	0.783027339404602	32
0.063456856495021	0.428665577714597	32
0.011792428994864	0.609021336821814	32
-0.038630767681147	0.632154918673036	32
-0.039373111001338	0.40387775449218	11
0.017881252069146	0.53872925828235	11
-0.089040376383937	0.60162757699916	15
-0.051058068468076	0.866712559547226	11
-0.029521252613783	0.793319623261819	11
0.099950149139083	1.44682617896789	638
0.118583063006736	1.30165131104511	11
0.01714984582047	0.916639164416529	11
-0.012838977535801	0.316055292646527	11
0.021616248956972	0.626838135462407	11
0.062712920985683	0.430120146475084	11
-0.079535230877379	0.602634684671079	371
-0.048430530618951	0.615498209129042	4
-0.071495327913998	0.85525642982262	4
-0.102269537683771	0.49701471436928	5
-0.105355413258188	1.69274037621917	296
0.077736207299014	2.34909140343943	296
0.092074670559363	2.45465407004956	296
0.115390238596529	1.80957570162437	296
-0.031322884426447	1.42842284691394	296
-0.02691165576935	1.25855487258817	296
-0.030219115109508	1.6174716130643	26
0.00571883663042905	0.602656912921908	26
-0.113881612481717	0.729097765092543	26
0.00118429642914497	0.72200470995955	26
-0.027419736978584	1.49081264757384	26
-0.028705156674515	0.804149855013569	13
0.083972233412411	0.949167979266687	13
0.0607838206404	0.849948252291334	13
0.0985973776389289	0.864133639295127	13
-0.064193014987646	0.763376924029395	32
-0.045144526845965	0.519999181933614	32
-0.02430848372231	0.720835464092448	32
-0.115496824278316	0.725639688906014	32
0.058964964526348	0.767374547891091	11
0.120568453136367	0.980869595972427	11
-0.123924678071962	0.387397962027264	89
-0.021285725827519	0.299934647378415	371
-0.053944084331453	0.395711376744076	371
-0.014574696839767	0.313657849579674	4
-0.120423821919987	0.588538276169788	44
0.097639026074669	0.878954130765835	44
0.088868280602841	0.842908144800822	44
-0.065519060784572	0.710647924704442	44
0.076729936470506	0.41342043149666	5
-0.048784173243571	0.508615082117729	5
-0.053763009752928	2.14921724152305	296
0.026436976977946	1.59227188244324	296
-0.073976508490439	1.31938731104813	296
-0.114683346926331	1.18048703683632	13
-0.023265291829993	0.772146642247022	26
-0.106724068261913	0.885439318558248	26
-0.062051306508794	1.09731823667911	26
-0.072601024552872	1.31341236140331	26
-0.051394148012569	1.08613166031092	26
0.093612010439473	0.97565614228357	13
-0.09602907299038	0.824481901558089	13
0.00691623915263695	0.936237166336124	13
0.050351987621205	0.954841176885342	13
-0.051711695138382	1.06170776057804	423
-0.09171785981042	0.791772548305588	13
0.017427420688967	0.931332722967125	32
-0.110000427026069	0.744929874916632	32
-0.124119346763862	0.671853390653934	32
0.046568826936768	0.793886519436206	32
0.0711473310741591	1.32168425365074	15
0.047582709760812	1.07100818129177	15
0.089427774177023	0.974196651994073	11
-0.0251848654312949	0.917578467582534	11
0.06178971476292	0.868653381051581	15
-0.000719614953189951	0.852731576802322	11
-0.036041553796897	0.718271216112071	11
0.106239527207333	0.753758512398273	11
0.115705434083691	0.552303014239686	371
-0.0196100987261409	0.302302293346586	371
-0.049593354606599	0.522594246456922	4
-0.0504661765987821	0.391805590216346	4
-0.019375424498721	0.30332921397224	4
0.01828179879428	0.518320137882739	4
0.070378640621149	0.399216780586625	4
0.063961330573013	0.4331846632987	44
-0.051357025657008	0.391324001438571	44
-0.010766658353382	0.302102112406983	147
-0.050342590035514	0.395043738596431	147
-0.00590636495901897	0.302807104737618	147
-0.015351349554288	0.312675934806691	5
0.073441666134468	0.431488040337695	5
-0.027097616718576	1.98736506792897	296
-0.051420104404741	1.03456843264101	296
0.050399144670685	1.02208687563368	26
-0.106251735834275	0.747286384377899	13
-0.038112083704948	0.602838518758507	13
0.119366783364388	0.56303609799039	423
0.02090760660435	1.00702988990135	32
-0.0701132528098341	0.867999627509008	32
-0.059999613636595	1.14437874051553	15
-0.044101132720239	0.59538725446043	11
0.047083073992725	0.91228785108254	15
-0.00458072709362001	1.06211351766923	15
0.043041086047982	0.837644047320177	82
0.070408097135693	1.09545446146179	11
-0.0783476750866921	0.818541075489836	11
-0.047206422794694	0.938129191187848	11
0.061578348653438	0.4205044864001	89
-0.119723736030511	0.599912621567997	4
-0.0494849211214931	0.382353608293097	371
-0.015278467276278	0.306620397421394	4
0.064625070470834	0.42612507746471	4
-0.115169531313593	0.483446398985228	44
-0.01361649649519	0.315060797022341	44
-0.077784977355456	0.658515542747193	44
-0.11082488883714	0.486159916546696	4
-0.012838977535801	0.316055292646527	4
0.015652006158085	0.729170713653351	4
-0.015351349554288	0.312675934806691	264
0.042071383493886	2.43514961023301	296
-0.019311568110614	1.77030761226283	296
-0.11466613408618	1.19832215644355	296
-0.088037300444009	0.945937077098064	26
0.00765964544718101	0.836093053457737	26
0.0693754155684571	1.34299668128986	26
0.025466431371582	0.806746803553656	26
-0.096575333098944	0.688145108516198	26
-0.062722598423	0.696170374729848	13
0.0869113062504639	0.851472654796058	13
-0.0451728226409031	0.500591386061256	13
0.00481371296048705	0.820662157717447	13
0.058022062523262	1.0171086385741	423
-0.066694714075351	0.687711029314229	423
0.101158037003852	0.866746837257906	423
-0.122392402993574	0.388090797304114	32
-0.0984884085232089	0.692874620650454	32
0.032859481330032	1.32101598874111	32
-0.0508191271172021	0.401202544498716	15
-0.00193551541821402	0.926339185904477	96
-0.12476986098788	0.387335221208913	11
-0.043455949369529	0.401646475111127	371
-0.00987325738313904	0.30214432490915	44
0.062326629155958	0.430771485978296	4
0.11430736579056	0.559580271258146	4
0.0320687390144631	1.83391998722234	296
-0.078098809826454	1.13905072010266	26
0.00538207841918403	0.597676916777394	26
-0.089073088170821	0.860208020867628	26
0.099274809660141	1.13134677071363	26
0.045178543319535	0.848119740104603	26
0.00831013717487705	0.831975291826911	26
-0.112275499269071	0.600546815760109	26
-0.106816825976649	0.490859871577369	13
-0.0911662329430371	0.565177103294106	13
0.018466794230789	0.743517062073867	13
-0.110043091529532	0.496449773832501	32
-0.0449112326583579	0.618044766930695	32
0.116581537022091	0.781528534805181	15
0.070421233263795	1.01189513286749	499
-0.114709288503673	0.580375740893681	89
-0.052273962696042	0.395551359038016	4
-0.032348437973343	0.634488057855464	4
-0.01048144037592	0.308865429873861	147
-0.019375424498721	0.30332921397224	4
0.112247314631622	0.543578440668961	4
-0.015425518010333	0.306207484123342	55
-0.010331095193582	1.36862535621363	26
-0.108884235111754	0.594907299437199	13
-0.052592687895029	0.514714643231097	13
-0.029035650970678	0.375455742786913	423
-0.051324746534175	0.5090384589507	32
-0.039263770807925	0.663813090349342	32
-0.027051341808605	0.284314559779397	15
-0.01407359880301	1.35681430144286	11
0.057417573783349	0.857983625521917	11
0.078768292868985	0.668052985565846	89
-0.016979692595919	0.297358655553057	89
0.048633091166833	1.02333651178499	371
-0.068602880965446	0.766757906715354	371
0.071609823536595	0.664019026320723	371
-0.047706269856142	0.511400510871569	371
-0.0161284235885391	0.304267228775723	44
0.082626606976182	0.910630262110864	211
-0.008805806501751	0.315834023375974	211
-0.0120618899111919	0.308948097380784	5
0.055990024908851	0.772965537595154	5
-0.02598996827254	0.980659158045676	13
-0.060473218950712	0.699273461299585	15
0.00777135483511804	1.05583037767186	15
0.119606974347764	0.56510449843305	32
-0.110423787788153	0.726510744261659	11
-0.120690339961439	0.390740942501888	89
-0.019375424498721	0.30332921397224	4
-0.016926051241332	0.302093223186916	4
0.082419613952191	0.665694110435759	8
0.010044012672691	0.636804304937527	44
0.017970845615803	0.521156519576382	44
0.059046244396011	0.424444689032444	147
-0.014574696839767	0.313657849579674	4
-0.022065060568444	0.294243999053181	5
-0.096068020063371	0.969508794960793	32
-0.032142275378175	1.31897222938954	32
0.00421476789576902	0.612350630374079	32
-0.037620033290522	0.712506650625001	16
-0.054844285576261	0.494941952313026	16
-0.075875143438811	0.773546671449125	15
-0.091662698006423	0.860776241141827	15
0.012769213721355	1.06610449384206	11
0.115717978495218	1.07700706912349	11
-0.0869444157378511	0.557742610258077	89
-0.01048144037592	0.308865429873861	4
0.0728377902566491	0.413212805239708	371
-0.054796886039004	0.483622515524079	8
-0.108141247257852	0.486221897170831	4
0.024579635018985	0.532936786353444	8
-0.04945313239259	0.395977417753327	4
0.018797557864731	0.538618845824405	4
0.06522786651293	0.430884513519925	147
-0.096638347424758	0.841594231678037	13
0.0732297653134349	0.927252400971609	13
-0.0477950826343581	0.399756823259929	32
0.082419613952191	0.665694110435759	32
0.011738152148801	0.634001024399011	16
0.116265978207546	0.541477843529134	16
-0.074859543923929	1.22509819786676	15
0.079307906082442	1.36428764835661	82
-0.049148138909587	0.406938211148577	499
0.069406231051187	0.439848166989518	11
-0.108911192969096	0.504621230759894	8
-0.014501617581933	0.315189615441222	8
-0.102977309882643	0.983212950308733	26
-0.115062564789225	0.380343985199417	13
-0.039309759069298	1.40478235654057	32
0.119952550009677	0.788738683188879	32
0.041150519053327	0.941454139856696	32
-0.0186814245595019	0.722060807795512	32
0.035556423750948	1.00276518079763	32
-0.029291279660737	0.728838693833091	32
0.091273736990687	1.20668837451861	82
0.124751265514633	1.13109213767847	11
-0.025752720608724	0.933162868837347	89
0.114953277979349	0.764279938244825	89
-0.044796317471515	0.411001158155085	4
0.067774573719918	0.437416300979151	4
0.117697679668593	0.56271240244714	4
-0.120563169282968	0.57578494773467	8
-0.114096139258229	0.598974732161105	8
0.113753920726091	0.765020344616615	8
-0.055479104161952	0.382613870902498	8
0.053216186656789	0.761517379715599	4
-0.08647272601901	0.585646347621599	211
0.071972095634426	0.668273185953686	211
-0.118249639101717	1.16154709686779	13
-0.114657263141775	1.10921148552428	26
0.037013888346131	1.57563578901109	32
-0.119262849992267	0.673665390139005	32
-0.060219034130054	0.776589725837788	32
-0.00892885205528204	0.318502007835874	11
0.122601955166331	0.555412761391564	11
-0.103777737395636	0.493959205656425	11
-0.035429766617132	0.623312442587856	96
0.099227718644424	0.863868245225535	11
0.021534026881244	0.849217899266373	11
-0.111001599435088	0.712881917198111	11
-0.068070901475906	0.765178363024939	4
-0.015351349554288	0.312675934806691	89
0.0653697397049981	0.429862202393052	89
-0.048689683950482	0.400710670814	4
0.098317342392962	0.859281557268942	4
-0.0254482759900681	0.718329466245608	4
0.11433543933379	0.801989528344235	4
-0.123846773291311	0.388367314745018	8
0.11827177728236	0.540643508656228	8
-0.110056332624403	0.478807518226864	4
0.013856624479793	0.643649590213435	211
0.112812064124088	0.752859145396329	211
-0.123314940580277	0.385754494453325	4
0.017325424015344	0.519106605236359	4
-0.114406466562258	1.61647535338805	13
-0.023642270346527	1.4454507850322	26
0.042043908145428	1.58796704758933	26
-0.083691057474177	0.652612481738168	26
-0.078566283663681	1.51260296570526	13
0.105860747378165	1.79958076519103	32
0.119156551281907	0.429259329727866	537
-0.066897486753525	0.902917291637761	32
-0.00410853714327997	0.308303730784552	32
-0.094184564564619	1.48672992849126	15
-0.066057770519835	0.916672449163964	11
-0.013725189014907	0.316186421786018	82
-0.048857691646241	0.514311048459363	11
0.0162764403462889	0.51836032861595	96
-0.117196073277238	0.58061179759125	11
-0.012838977535801	0.316055292646527	89
-0.007132467371471	0.310144878918244	89
0.117707797042842	0.801226040297874	8
0.013507186057626	0.715654283877926	8
0.014593955405107	0.824801675364803	8
-0.0187143913562779	0.304662826642224	8
-0.124393578048496	0.560909835342389	4
0.011705184590438	0.513951025452564	4
0.017065469223554	0.65176744728184	4
0.05843680957613	0.413447683181425	5
-0.038293053110967	1.33914841147394	26
0.010978234582257	1.93355932094684	13
-0.020446940554616	1.98308353873718	13
0.111015517091672	2.15172548275874	32
0.0754482063598591	0.675861168213807	32
0.055234994880084	0.391706950652665	16
-0.090050024020119	0.759816874554383	11
0.021136759894558	1.09517670707821	89
-0.111023209560614	0.886528070985497	89
-0.051507152092793	0.387318582253502	89
-0.00565738873681998	0.299537160483406	89
0.073441666134468	0.431488040337695	4
-0.04792660810979	0.401859322564571	4
0.072363245548507	1.03772504776388	8
-0.045943247552137	0.496074233141974	8
0.071790792482513	0.67065282068224	8
-0.003827796592623	0.602405441571486	4
0.021938009527429	0.534450420669703	4
0.103501332237891	0.870607099064894	4
0.116922903455323	0.561102100312294	4
-0.062932569262677	1.3405101913456	13
0.059023877490609	1.63421473037925	13
-0.122964902078159	0.884019607574959	26
-0.049593354606599	0.522594246456922	13
-0.112132467728789	0.981093744621642	13
-0.055186141302692	0.858708407923988	32
-0.01294918113959	0.309054921406304	32
0.115424714474039	0.760116010425865	11
-0.025267905147513	0.29279020765773	11
-0.114000309262852	0.484207403383364	11
0.12183052864134	0.767012247569158	11
0.021698652606995	0.537795437003987	11
-0.121469565480747	0.388181510636661	11
0.00888281657384304	0.64546548063222	11
0.040096487623003	1.01883857745738	89
0.00577991247864695	0.737540186839604	8
-0.124910739527398	0.586538748540991	8
0.067430927142341	1.01856579470287	8
-0.108358741645434	0.480765091039758	4
0.071453394528779	0.641885728788724	4
-0.039867739337634	0.612003282294546	4
0.071025178524721	0.67138615284578	4
0.122365390269405	0.560970693567055	4
-0.00246212604858898	1.61577140115392	26
-0.082799040909464	1.21959302352376	13
0.075768355052363	2.12550154911319	32
0.033600847561479	1.49774978107006	32
-0.092344046617772	1.45605814417519	32
0.00712168736195695	0.818952172437875	537
0.068377761739654	0.438459087939051	32
-0.044359524281912	0.402874132914225	16
0.074497441877651	1.0912495953216	15
-0.082448166303888	0.737815728057263	15
0.081070225614451	0.961753961466911	11
-0.067446993906886	0.740358082859632	89
-0.066928005041518	0.685736253301654	89
-0.049916551203238	0.40352177777792	89
-0.00655662708117699	0.299487038219434	89
0.014652180860572	0.847397658769247	4
0.059551954312568	0.725120671234829	4
-0.028813788402394	0.716072300843526	4
0.067774573719918	0.437416300979151	383
0.075292600024981	0.658190987547213	4
0.01657370231491	1.17494049561227	13
0.012061110648712	0.749478312221573	13
0.047232573201202	1.22906998075162	26
0.068345172733571	1.09659346151767	13
-0.00889427988929703	1.50598907019974	13
0.0118754667866811	0.754370225569224	537
0.0158869318179931	0.518189330076349	32
-0.070272400876685	0.920109155358074	15
-0.117628776215573	0.580018813058242	11
0.035449451689425	0.522793816613246	11
-0.014501617581933	0.315189615441222	11
-0.099616871083128	0.504560593389833	11
-0.060387989420571	0.693190788873405	11
-0.056095341561869	0.933508977683025	11
0.00700563407999	0.620921359317406	8
0.055235189563371	0.851832626462951	8
0.023363426359044	0.532641718411652	8
-0.0480541166185831	0.398368670511565	8
0.064200428948343	0.418688629654311	8
-0.024971088073353	0.801793190538094	4
-0.011939976879768	0.313324556273144	4
0.02575994260376	0.525538416426205	4
0.0792844942255569	0.674006092615306	4
-0.01361649649519	0.315060797022341	55
0.054488886961175	0.399549758228028	55
-0.08279441401309	0.997075495566437	13
-0.103120122672746	1.39741576791974	26
-0.093255766176624	1.38222365351999	26
0.038117938555668	1.90519860515835	26
-0.0754112859530211	1.51946605256604	13
-0.085962083886589	1.39899142840753	13
-0.039976417797694	1.49578094967349	32
0.063456856495021	0.428665577714597	32
-0.033355209387223	0.72535299391948	16
0.036660979767332	1.88238353753012	32
0.072638261111025	0.654996465502123	15
0.00939302949842902	0.482404313565795	11
-0.042417643277585	0.384983170299097	11
-0.01480607438424	0.305445501316724	11
0.023241350616478	0.740662592821852	11
0.07015095311317	0.438316217002579	11
0.066781800969593	0.756942596943437	11
-0.014687898500488	0.311861779805106	4
-0.003211179304482	0.303125080343059	89
-0.115926855166889	0.47889287605189	8
0.118254040275668	1.080833386535	8
-0.052656004622009	0.595289020815708	8
0.0702433301604371	1.03108227864864	8
0.110015196046744	0.774005271473452	8
0.013959846117464	0.739751385521019	4
-0.105501956539279	0.493931778475346	4
0.114424834433841	0.562796275344558	115
0.0653697397049981	0.429862202393052	5
0.00200516191980205	0.936827706147296	13
-0.026749381776331	1.34886195683803	13
-0.045406537094642	1.00973794050946	32
-0.113161927224182	1.05300161143722	537
-0.100951700243452	0.497371189336522	537
-0.056608274983298	0.371101748189133	32
0.016754433024965	0.504965293735641	32
0.109247590850868	0.532542827671707	16
-0.041668389756068	0.400508045598755	15
-0.083434866178718	0.597901253140926	15
-0.012838977535801	0.316055292646527	11
0.063213293294461	0.432110750409799	11
-0.049593354606599	0.522594246456922	11
0.064200428948343	0.418688629654311	89
0.0132662174735541	0.739395546515172	89
0.011970928654126	0.720713370262376	89
-0.108911192969096	0.504621230759894	89
-0.112905684409283	0.471189914652402	89
-0.00905251348905001	0.309814622997046	161
-0.014501617581933	0.315189615441222	89
-0.013725189014907	0.316186421786018	4
-0.0120618899111919	0.308948097380784	115
-0.033566879970844	0.686591396007442	26
0.055087531647888	1.68890187553482	13
-0.00315358390473697	1.66676501915411	32
-0.058047415808364	1.06230192256779	32
0.07249646727185	1.21639684512395	13
-0.038802158326416	1.27784177495998	13
0.00543367969594399	1.39524570321221	13
-0.110970916518814	0.89271203861809	537
0.110736458329105	1.06075150194845	122
-0.0453966441717309	0.396132547466368	32
-0.01480607438424	0.305445501316724	32
0.0522820285621231	1.24842635970803	32
-0.00399980440774195	1.33453377613773	15
0.115696221474722	0.781458014920119	15
0.121344236806033	1.06304560366136	11
-0.078832222486145	0.605809933801632	11
-0.012717079176209	0.312350436920331	11
-0.04556093775951	0.406004438403604	11
0.02363320041553	0.535382005162911	11
-0.0202709493407131	0.303417203431975	89
0.065085832548796	0.420873157870538	4
0.122369145785632	0.787917884068304	8
0.097010654079302	0.864631612395378	8
0.079893877008699	0.659466572180264	8
-0.106056569337338	0.506628953159211	8
-0.043334921914132	0.385511795168705	115
-0.039235949982492	0.407817090531948	115
-0.118609753815626	0.381534191831636	4
-0.014501617581933	0.315189615441222	5
0.016544603816947	1.21994903943956	26
0.11974770454555	0.544299507369661	13
0.01810574744159	0.522535980668088	13
0.02860236751305	1.14621826680631	13
0.064717329803478	2.28393719853829	13
-0.027623853388743	0.8702222147067	13
-0.045253921365063	0.67692854983087	13
0.098451750820773	0.961858684838849	32
-0.052435074894575	0.488934820424268	11
0.07245967296614	0.658896426269498	89
-0.115608339575176	0.582293745053038	8
-0.117850943618979	0.581122969810786	4
-0.071388662479645	0.701841009908523	8
0.078966607245607	0.406674259725747	115
-0.123924678071962	0.387397962027264	4
0.058160522269658	0.422185832718437	4
-0.111967922348598	1.29371396315272	13
-0.007921359351311	1.36408958560824	13
0.04025653667405	1.90887857673069	13
-0.00228450902109301	1.54361264035056	32
-0.115631485308588	1.18038772000553	13
0.076868620520706	1.05528887541053	13
-0.069047400966044	1.16392918872161	13
-0.085631477918642	0.965039027167223	32
0.058537276614187	1.35126039825687	537
0.0749663957665	1.59910718942622	537
-0.043894534424995	0.410996983198176	32
0.0178959565622639	0.60837006764938	32
-0.00995284175892697	0.30332720138209	32
0.061196344356544	0.595407308748406	15
0.040545688679049	0.896011699687722	15
0.090213559379949	1.05608414855464	11
-0.014053533903045	0.875008816101543	11
0.073441666134468	0.431488040337695	11
0.06385502249678	0.764796885449651	11
0.120502547501413	0.560325042814136	89
-0.079488506760983	0.777306674599684	89
-0.113597546156803	0.571469604058855	89
0.010420132447056	0.498059500753718	8
0.00011355143868097	0.710831561492613	8
-0.064272765520725	0.697509533812289	8
0.055479407479622	0.731492202271185	8
-0.048816568972772	0.400903912739628	1
0.02363320041553	0.535382005162911	115
-0.049283165074923	0.403387762736119	115
-0.0522188709082711	0.516508793843917	115
-0.013725189014907	0.316186421786018	115
0.00910369053551097	0.650984500784159	115
0.063598078205158	0.432451499672371	115
-0.00892885205528204	0.318502007835874	4
-0.01294918113959	0.309054921406304	55
-0.061511368109654	1.46519193222337	13
-0.088319298554339	1.36366735419608	13
-0.023677946472912	0.711969996966952	26
0.0458379911003	1.68246991442764	26
0.082651803794918	1.2623445752661	13
0.0578949381356491	0.405915774634925	32
-0.0458564636382	0.508869375923408	32
-0.064709013277176	0.703001466265034	15
0.115051422427488	0.541406136215697	15
-0.034463419097683	0.718069668659039	11
-0.014574696839767	0.313657849579674	11
-0.048559097990586	0.395061576445992	11
-0.042461279143988	0.623465203786864	11
-0.044032071153728	0.412201562784315	89
-0.066984881699981	0.849906671656633	89
-0.0510079417467531	0.830470909554887	89
0.0653697397049981	0.429862202393052	8
0.114541890562627	0.55626234541637	8
-0.055104386842219	0.498028707675197	8
-0.092436966721324	0.58365776096616	8
0.022481488134288	0.539359691092574	177
0.107845761583207	0.529578865152088	4
-0.047552451334424	0.502701248604854	115
-0.01848092677722	0.300871392865518	5
0.051040216083842	0.950401046582001	13
0.033620863863208	1.78175350861321	32
0.066115350358312	0.761062483970181	13
0.120895810637019	0.793179984131737	537
-0.040282957784005	1.43400057071095	537
-0.01934038949046	0.887404644389972	32
0.110425151431836	0.779199788273331	32
-0.03831674060021	0.705845318213987	32
0.104236429316738	1.12548506381905	11
0.059184795538185	0.423332963971333	11
0.103339477187053	1.04825522719675	11
0.120895810637019	0.793179984131737	11
-0.08754154960202	0.747968687938346	89
-0.00892885205528204	0.318502007835874	8
-0.014574696839767	0.313657849579674	115
0.069121873043145	0.427973741385353	115
0.117697679668593	0.56271240244714	115
-0.04208955877109	0.403529249324543	115
-0.013725189014907	0.316186421786018	4
-0.048689683950482	0.400710670814	5
-0.034684090195484	1.13118589822232	26
0.063750954485473	1.49188992376871	13
-0.06876237397978	1.31628876236295	274
-0.078063189765236	1.39346934548833	26
-0.118064815574828	0.383579724490491	13
-0.090159600097483	0.762442542784116	537
-0.048977093748953	0.517246364573907	122
-0.045549917072684	0.507836712494515	32
0.010522990894109	0.503900820089926	15
0.00793243977485703	0.646913516626343	15
0.067774573719918	0.437416300979151	11
-0.049884495525608	0.607634961798622	11
-0.00892885205528204	0.318502007835874	11
-0.0967302393809421	0.694842156211293	89
-0.096527309356057	0.666020991472545	115
-0.00590636495901897	0.302807104737618	623
0.11339060402008	0.799357077002587	115
-0.098479385474096	0.498220157842724	115
-0.019492454097792	0.309569888581179	121
0.045846038983796	1.31558121653395	274
-0.052147139382859	1.26632726941835	13
-0.056144517205687	0.508967020601775	32
0.02130538525171	0.840798663273044	32
-0.044829245284548	0.602679251814301	32
0.067491834118112	0.433842030818118	11
0.112446112742622	0.793558580611355	11
0.00101570271039897	0.716008259370829	11
-0.05129668130224	0.498469835313147	11
0.045557669742181	0.849997300318759	11
0.095895674558985	1.21338054105989	89
-0.0753122328885531	0.689551635623083	89
-0.044493753441435	0.400370986458641	8
-0.050399449493757	0.507907117895005	8
-0.044796317471515	0.411001158155085	8
-0.074897724182849	0.652404295808934	8
0.050052378676697	1.01072023845796	1
0.065704526754555	0.761288197776368	1
-0.089375253067458	0.58650631792196	177
0.016410646913398	0.518133449479217	115
-0.046401572823223	0.390009367462477	129
-0.041706403447648	0.61531978948303	129
0.071808982724743	0.427779730827131	4
-0.050342590035514	0.395043738596431	121
-0.062146682931285	1.36029139047506	26
-0.053163878642343	1.34539716392582	26
-0.056678607379648	1.16409323665861	13
-0.09484048522149	0.931906493439724	32
0.078365082155306	1.07912307092495	32
0.084764962889341	1.07801984237001	122
-0.097196283055119	0.837140854000148	32
0.030561005449418	0.999107747825281	11
-0.036071966333654	0.780943445732793	89
0.119387081657179	0.758954456136298	89
0.018483619790308	0.501196035982347	89
0.064342136965321	0.430975463849959	8
-0.00333475374561298	0.301809081198074	115
-0.011939976879768	0.313324556273144	4
-0.013725189014907	0.316186421786018	4
0.058298749280099	0.423405414334592	4
-0.00905251348905001	0.309814622997046	4
0.064200428948343	0.418688629654311	4
-0.052137737589384	0.395762471219538	4
-0.082232788835528	1.42853511177747	26
0.093263145241966	1.61234918863071	274
-0.066792878709121	0.940480894190124	274
-0.0769619454099451	0.683455881084843	13
-0.02392379242592	1.75732944146559	13
-0.060380401899114	1.2250177981273	32
-0.029280483767554	1.65192813808801	537
-0.039131324297393	1.23196783312361	32
0.081179264917303	0.662739184359357	32
0.010579558165981	0.633646839669564	32
-0.0336099651237139	1.39260479133367	32
0.05716016876884	1.06995304905992	15
0.0525105461311241	1.11902018223684	15
-0.00171604554521698	1.16435458384044	15
-0.05506304325266	1.08486371529866	82
-0.00970493102937098	0.317500836457744	96
0.00705413214106898	0.613593734444721	11
-0.036115653230652	0.396401800711507	11
-0.011506240200352	0.309080061396945	96
-0.064133819417183	0.929807708320707	11
-0.067738611761281	0.60309880105685	11
-0.112029203894105	0.724149509121475	89
-0.077595301957894	0.762565331283621	89
-0.0374308028999361	0.402348817625468	89
-0.0835965228378061	0.616058375738558	8
0.063598078205158	0.432451499672371	115
-0.042227551194588	0.409819027309542	115
-0.049579393327674	0.399758982143648	115
0.015104561643778	0.521618861364361	115
-0.04478067339633	0.494052278407441	115
-0.013725189014907	0.316186421786018	4
-0.00995284175892697	0.30332720138209	4
0.11513573232553	0.536688996460293	129
-0.04792660810979	0.401859322564571	4
-0.00815320300388001	0.311309918899429	5
-0.064389227483696	1.0132003965385	13
-0.0339294200663109	1.06888786229031	274
-0.0712529855379001	1.59030724116833	13
0.0573738461748931	1.78420142476589	32
0.01079855973663	0.913008056348043	32
-0.12476986098788	0.387335221208913	32
-0.014501617581933	0.315189615441222	122
0.02718712462369	0.538169689478596	11
0.118795296653957	0.78095555579302	89
0.116601127824572	0.549642462468935	8
0.120261937706009	0.564299090661773	8
0.022113323368941	0.728144866800495	8
-0.062589024057657	0.712488875212936	8
-0.014501617581933	0.315189615441222	8
-0.049140051604242	0.594035463388657	115
-0.0113820050460079	0.307388176077703	4
-0.051507152092793	0.387318582253502	5
-0.015351349554288	0.312675934806691	5
-0.01480607438424	0.305445501316724	55
-0.080139144641152	0.840786030578373	13
-0.075297117875334	0.854031903652253	274
-0.065835927856882	1.4755402727849	32
0.087866248225593	1.47945651778443	32
-0.106248306683666	0.475852762661968	32
0.060046901487539	1.52962915482903	32
-0.0539900885522811	1.01330296560977	15
0.078221415206658	0.415539966572639	11
0.06754306334975	0.64114452290925	11
0.030372195482826	1.15822872238115	58
-0.012838977535801	0.316055292646527	8
0.124679944902761	0.790603801460867	8
0.07782415879395	0.666775907726914	8
-0.122679309493243	0.383066830732617	177
0.0199362421928559	0.518044328233635	115
-0.0120618899111919	0.308948097380784	115
0.120502547501413	0.560325042814136	115
0.069264134732277	0.439827478899429	129
-0.047341090372616	0.404650034537384	4
-0.047206000889669	0.3963883980918	98
-0.094030194441224	1.19814470686825	13
0.00810820717302896	1.14018396234425	26
-0.045159657660456	0.859528572396638	13
-0.010949788108593	1.46272253071284	32
-0.067120950208344	1.25724900873543	32
-0.081760741123363	0.608246272321788	32
-0.104789096068493	1.17431111767269	32
-0.040620665424483	1.42745131005382	32
-0.104180310119667	0.494218020937872	32
-0.01294918113959	0.309054921406304	32
-0.018597349798757	0.309462932848304	32
-0.108722384049866	0.503033576928002	122
0.01460219635139	0.643694942612456	11
-0.0958338456211409	0.680231154259853	11
-0.06940043511901	1.01518832775464	58
0.064483684432268	0.432355787081799	8
-0.045262635972152	0.401510425047226	8
-0.016926051241332	0.302093223186916	8
-0.0579156327484111	0.503185717111471	177
-0.005781566081412	0.307344631201977	177
-0.049593354606599	0.522594246456922	1
0.0575508873124581	0.413496711923441	115
-0.014574696839767	0.313657849579674	115
0.064342136965321	0.430975463849959	4
-0.04675440077844	0.38703734351708	4
0.06522786651293	0.430884513519925	129
0.068519536271809	0.441380219868766	129
-0.014574696839767	0.313657849579674	98
0.050916436937441	1.37283913117437	13
0.00501096503154797	1.1457506488286	274
-0.077774276105102	1.3173557541421	32
0.117936216193217	0.55955792077348	32
0.00369333241084402	0.731149881405739	32
-0.078074198743077	0.775941685647169	32
0.030865117060521	0.524268832207431	122
-0.09010537831805	1.24269624119383	15
-0.014052557943167	1.05481755878201	15
0.073441666134468	0.431488040337695	11
-0.107000721107088	0.503069763082274	96
-0.026856775190959	0.923140412575102	58
-0.01294918113959	0.309054921406304	89
-0.039099184923251	0.40538588377002	8
0.112062136101821	0.756441754539866	8
0.060397453571592	0.712349201490545	8
0.021803888102507	0.538222699697012	8
0.121589569633863	0.559379656313962	177
0.00282363371298799	0.67174159684695	177
0.064987953965519	0.426148939682177	115
0.025493223710978	0.537293716394969	4
-0.015351349554288	0.312675934806691	55
-0.014501617581933	0.315189615441222	482
-0.00701728007026103	1.7827544332023	13
-0.091080905253064	1.32523374642399	13
-0.02498092263021	1.72210116889083	32
-0.080942237157946	0.587662351812857	32
0.11780596926269	0.789345730761832	32
-0.093134466087595	0.900353672123206	32
-0.014574696839767	0.313657849579674	122
0.044954958867312	1.03760305862885	15
-0.100752849422289	0.50869605510743	174
-0.048022363853247	0.609648748600785	96
0.052752674649445	0.866625532952856	96
-0.079312684849872	0.594500170980936	96
0.046596443629923	0.900360216688526	11
-0.123422273546416	0.681361865274829	11
0.102002312061859	1.22095864030704	11
0.11286573115565	0.542498966221552	8
-0.00909895631022395	0.297671649348157	8
0.08743128041368	0.977158535336396	8
-0.051587674692536	0.390861039106026	1
-0.044032071153728	0.412201562784315	177
0.113141429285111	0.548609379574522	115
0.11159234718201	0.526100511710935	115
0.013404900598801	0.521268528078242	115
0.0621088697757231	0.416873605895701	115
0.11415619299791	0.543957813397956	115
-0.011818676804906	0.305117962315837	129
-0.00970493102937098	0.317500836457744	4
0.059184795538185	0.423332963971333	98
-0.012838977535801	0.316055292646527	98
-0.08687496705832	1.39951378503594	26
0.028866051864494	1.71144600858441	13
-0.023696522534557	1.60160122681216	274
-0.07954687511828	1.30353855696978	32
0.016912220618843	1.5599822946437	32
0.062709741704122	1.62113085626963	32
-0.039769174047616	0.621660200009408	32
-0.048508534643067	0.871774898412184	32
-0.121613208378138	0.390655039514768	122
-0.072779470870455	0.931257614827978	32
-0.082694107894428	0.778197164363699	174
0.069264134732277	0.439827478899429	11
-0.103805129378366	0.494860775062084	11
0.019800797006674	0.520987060950246	96
-0.00970493102937098	0.317500836457744	11
-0.040349347491596	0.390026941472507	11
0.060176397175036	0.748819924182588	11
-0.063226908849714	0.756856974343412	58
0.113212114148396	1.0787086242604	58
-0.021167496345421	0.301071279976152	58
-0.045962103064321	0.617199164806089	8
-0.052241292032539	0.589088526658568	8
-0.08185217339136	0.580679923751217	8
-0.099616871083128	0.504560593389833	8
-0.010605077248789	0.315930912800945	177
0.015104561643778	0.521618861364361	115
-0.01048144037592	0.308865429873861	115
-0.047632385975424	1.25510004488028	274
-0.008188934695464	1.32296059969197	274
0.026413362284024	0.994480997372814	32
0.033209146406741	1.39946859622556	32
0.119184122300171	1.4818166582289	32
-0.122434384019247	0.878118333563783	32
-0.091408075366161	0.853929608781515	13
0.017019458445562	0.830735491864207	32
0.030219576643901	0.528758362731808	32
0.068895431512239	0.642313776043818	122
-0.062604577108784	0.707224685451172	122
-0.0967302393809421	0.694842156211293	32
0.096326095676638	1.24730071914894	15
-0.085489449420269	0.938719930617262	15
0.00789367727364498	0.823557265517429	15
0.103987927647891	0.876581074923276	11
0.038970729552429	1.19978654126045	11
-0.116300504629604	0.576649826300006	11
0.017325424015344	0.519106605236359	8
0.105498481384589	0.746617068883627	8
-0.121954521321598	0.360045656958683	1
0.011006573127947	0.653460929944601	177
-0.100943513689667	0.504302341562758	177
-0.124480505176128	0.391034814866633	1
-0.0471639045179409	0.399312968288547	115
0.06522786651293	0.430884513519925	115
0.066143244699439	0.423865686485192	115
-0.00803014611641795	0.316821733039894	4
0.066888447913274	0.436059900944306	497
0.066888447913274	0.436059900944306	497
0.118188534674388	0.558907626978817	129
-0.014501617581933	0.315189615441222	98
-0.109944656831739	2.23438541027456	13
-0.022971468578567	1.21468274318022	32
0.113193633704176	1.55390209830142	32
-0.035585733261681	0.968030396957434	32
0.0553139657309401	1.42186782398974	32
-0.037024154184397	1.13660871857787	32
-0.027884044574632	1.19787722368761	174
0.100713482585598	0.883523791533966	174
0.03104696824299	1.34014448250989	11
-0.072895311606591	0.658798430738398	11
0.00598893786288701	0.744110226601273	11
-0.02931439722846	0.726116188083465	58
-0.00132435443786005	0.791464416506105	58
0.115424714474039	0.760116010425865	58
-0.103617033100874	0.488019106159971	58
-0.013725189014907	0.316186421786018	57
-0.11976717226565	0.38856150748364	8
0.02575994260376	0.525538416426205	8
-0.044315955556358	0.515230260752825	8
0.064483684432268	0.432355787081799	177
-0.051665638711757	0.513552509517697	1
-0.018597349798757	0.309462932848304	115
-0.013725189014907	0.316186421786018	129
0.115826467741342	0.548104643779689	129
-0.008805806501751	0.315834023375974	4
-0.030102962373593	1.0457774597534	274
-0.022530611732636	1.12821840628116	32
0.012711472475139	0.83199451081504	32
-0.100590620059464	0.997382810960038	174
-0.112525034194613	0.488625363634764	11
-0.050553552055392	0.513914693038641	58
-0.008805806501751	0.315834023375974	8
-0.05571124410464	0.500019387530213	8
-0.00892885205528204	0.318502007835874	1
-0.053041149730492	0.396676473540463	8
-0.0453653356967591	0.395481806451312	1
0.067350216538007	0.41338570019123	177
-0.00982858021325706	0.31692388691876	177
0.010921658470104	0.499253260359801	1
0.121932235004508	0.548135232036858	115
-0.00958189687010003	0.307334976280597	115
-0.014501617581933	0.315189615441222	497
-0.038608766906759	0.394479713058964	497
-0.002619934895562	0.284412939357606	129
0.01709846959932	0.537156256322218	21
0.052217012626519	1.20782591875153	26
0.018428374371761	0.902864491156462	32
0.015315832109167	0.923684000915529	32
-0.034340858770042	1.2834973214897	32
-0.0399156945118631	1.09640444439883	32
-0.081922063717515	0.746894864584312	13
-0.030054148134441	0.726379020721191	32
-0.096575333098944	0.688145108516198	32
0.081533121763526	0.953439299103167	32
0.08602908391524	1.50448536853616	32
0.026876706722442	1.46895004671115	122
-0.123194138727844	0.578097475533818	32
-0.000873406304002011	1.53479708194814	174
-0.108358741645434	0.480765091039758	11
-0.0577609743954231	0.503537035390011	58
0.119487082845237	0.568434385429255	8
0.069625057312566	0.415775106467247	8
0.01906494353453	0.522432173029196	8
0.067915693942553	0.423787067938387	8
-0.00683355704271405	0.286494219851563	177
0.122601955166331	0.555412761391564	21
-0.013725189014907	0.316186421786018	3
-0.00933083603559903	0.934608357471094	274
0.057568203981732	0.864458947859504	32
-0.108532830570576	0.477216728776645	32
-0.034670168259418	1.32635797665478	13
-0.014574696839767	0.313657849579674	32
0.019735409744128	0.525383330426322	32
-0.044986769179057	0.99961498062243	32
0.015618457049739	1.01211642029059	13
-0.102707604693148	0.667623907941028	537
-0.0557760457073631	0.786486741339041	206
-0.025380073320815	0.290928590921138	58
-0.121854097906801	0.38239197857576	8
-0.120877096692876	0.593744111674043	8
-0.00410853714327997	0.308303730784552	1
-0.068052620132454	0.754808911599419	177
0.076057214005983	0.660125792351056	129
-0.0474765729195	0.405749238765891	21
0.013465189674805	0.650141161050406	4
-0.109300541793455	0.481544744424571	98
0.062011524989857	0.943457179442268	13
0.096174006051067	0.871116736678324	26
0.042814265369935	1.00322457216748	274
0.00261558431244602	1.09827073729835	32
-0.109099655292876	0.500721190123699	32
-0.057107264257631	0.487623729391078	32
0.0146531536951739	0.736472589111033	13
0.070620929721686	0.65175268189962	13
0.028880955334886	0.531613086862313	13
-0.038495671250245	0.69811948904186	13
0.051947376223819	1.2399306870425	537
0.067029246730844	0.425148022094333	145
0.104785195118212	1.4944430870168	11
0.063739138709272	0.428557950325592	11
0.08879085836949	0.983445688008033	206
-0.01439444724137	0.306518173274954	58
-0.061608737304241	0.700732471847775	8
0.0680298016888981	0.730169947655129	8
0.077475858397293	0.416799907259413	98
-0.087771101119687	1.84808103447793	13
-0.097923002839384	1.41331673917536	13
0.013653635755006	0.641137501401197	13
-0.044102372176078	0.604258223467436	32
-0.0423659317523289	0.409488702910371	13
0.018663634009229	0.534990112330086	32
0.023363426359044	0.532641718411652	32
-0.013798465009057	0.30666884837716	13
0.010790549772923	0.632947982464967	32
-0.105831248754554	0.992472096733663	32
-0.048226831655019	0.615784031565242	174
-0.00815320300388001	0.311309918899429	11
0.0659716852961491	0.420808491619225	11
-0.055990573915228	0.51549214947701	8
0.113021046811614	0.545097722456295	8
-0.056144517205687	0.508967020601775	8
-0.011939976879768	0.313324556273144	1
-0.052905543833312	0.392547553962473	21
-0.067818613093118	0.683986665071473	13
-0.06359269913293	0.948257380657657	13
-0.124971494804248	0.584119021490623	32
0.044089414197878	0.844557311650377	13
-0.023594143809377	0.815297367608986	537
0.071092572724738	1.22146148942073	537
-0.0775970789123071	0.672001159197	537
-0.06110295542946	1.23214395349945	537
-0.124120280666072	0.642715027650727	32
0.06379057403776	1.37532152796347	122
-0.117850943618979	0.581122969810786	11
-0.010605077248789	0.315930912800945	243
0.020755652401629	0.530068720506354	177
0.0667474826529491	0.435336018331494	115
0.11513573232553	0.536688996460293	21
-0.049705934127101	0.397910918191799	4
-0.012838977535801	0.316055292646527	35
0.117286001675542	0.881787586689326	32
-0.027554151725902	0.805467716188457	13
-0.0782680610782171	0.786851634835462	13
-0.074884625216039	0.76335919402779	13
0.00486342561099096	1.34014785717059	32
-0.088727418577198	0.900840608261731	32
0.00611532687581695	0.722595219349461	537
0.069111175176374	1.01763582701916	32
0.045205958424566	0.848504242449888	32
-0.089375253067458	0.58650631792196	145
-0.059811516525343	0.872332963403295	145
-0.111506291997502	0.970498470619695	174
-0.086905756706999	0.582297561035521	11
0.066829247081745	0.767293752549762	11
0.121278252199609	0.561923353593699	11
-0.043455949369529	0.401646475111127	8
-0.013794152332927	0.310263526500163	8
0.060071289758812	0.420965801098386	244
0.02223729387479	0.50563981508802	177
0.027966757323164	0.533095789480438	355
-0.120928757323045	0.384530412907281	115
0.019127084640159	1.46623737299654	144
-0.079852350455884	1.08473397683309	144
0.043955008987924	1.23886154935581	274
0.067726308060208	0.64836923344407	32
0.040257628745499	0.801950379140654	32
-0.110043091529532	0.496449773832501	13
0.065445419399593	0.615872285955154	32
-0.089646656564777	0.859253641664087	11
0.028503940834981	0.49880032212627	11
-0.123781156717485	0.387591184771052	11
-0.109830211173486	0.475598108839202	11
0.072919307472418	0.662202886904938	11
0.113899875354792	0.735193413882699	8
-0.051632120771246	0.511060771813981	8
0.063598078205158	0.432451499672371	243
-0.0120618899111919	0.308948097380784	177
-0.00790770863982404	0.309202841698513	129
-0.11933954582604	1.07009019316164	144
-0.022619740908762	1.01451453671124	32
0.047072086377672	1.01015314029357	32
0.012157225330384	1.46602414012788	32
-0.111755671300789	0.580481243236312	32
0.059793373009475	0.416144138000219	32
-0.048025815771623	1.6365661326329	122
0.071950293437869	0.416311549002824	145
0.059932414526404	0.424370453860414	11
0.103955023509074	1.02957060779735	8
0.112240934303539	0.781089976841731	8
-0.102836010805802	0.49733326355539	8
0.069406231051187	0.439848166989518	244
0.008363684656574	0.698500400352234	21
-0.046097929070788	0.518571947020064	21
0.09079176691835	2.26269722617996	144
0.078578769534261	2.15545287640119	144
0.102027997698977	1.31754711265377	32
-0.052240332893997	1.38686021719768	32
0.012019890571378	0.882750774947176	32
0.120968331885366	1.23866602348664	122
-0.069044508181254	0.682559066408323	11
0.097329117037384	0.887912931540708	58
0.00616342045983598	0.729832990122863	8
-0.107966953398305	0.504623399114934	8
0.023498391977312	0.537633487838775	8
-0.045420692173067	0.6043052273542	243
0.114290402266525	0.757077906755941	244
-0.043325332139405	0.512631545309618	1
-0.01361649649519	0.315060797022341	115
0.067029246730844	0.425148022094333	114
-0.013725189014907	0.316186421786018	129
0.093346871261554	0.62984324324746	4
-0.01361649649519	0.315060797022341	21
-0.062881440202726	2.26138750398963	144
0.066092121917692	1.19819176259805	274
-0.059171426672112	0.711253144472038	13
0.016134632898402	1.15763191995768	32
0.062541682937711	1.52378092405372	32
-0.046894278783726	0.90265182130841	32
-0.013228727811409	1.24948073394281	13
-0.09528090837891	0.491776279647628	145
-0.055351261161017	0.875616200126419	145
0.069085532560399	1.40025599694742	145
0.00612304909610295	0.98748766918776	174
0.113402030554381	1.38557806915555	82
0.123378627270175	0.562449660472841	82
0.117853217819258	0.778485961024708	11
-0.089593852481024	0.590089456916091	11
-0.023267676906687	0.893290498989248	11
0.009704147517405	0.900755291065631	11
0.00405457040284796	0.893529269697633	11
-0.01361649649519	0.315060797022341	8
-0.041324586423602	0.404681668646965	8
-0.051866441627976	0.375315212712301	57
-0.111939473377542	0.475307060128473	8
0.070293371164231	0.435109466361679	1
-0.013725189014907	0.316186421786018	1
-0.053944084331453	0.395711376744076	129
-0.01048144037592	0.308865429873861	4
-0.12062286305145	1.6819761945295	144
0.072230752791836	1.77362200814792	274
0.108117788520088	1.24550936008541	32
-0.10155731905755	0.791579085693562	32
-0.062320786145054	1.11022229234759	32
-0.069475214950572	1.12761256465798	32
0.053185790423287	0.85681249506386	32
0.12412492562507	0.807531732769902	32
-0.106781004926613	0.478731290443388	145
-0.119579894033092	0.749008021134165	145
0.12272342086474	0.545246675486395	82
-0.014751540652718	0.861065493794657	11
0.0482039517696941	0.903527757107197	11
-0.038196622284597	0.40121621481423	8
0.074168729851587	0.663363054629746	8
-0.109266559213285	0.484609059831673	8
-0.048244849856168	0.406955391946174	299
0.071258900906254	0.655515306079478	115
0.052852125807643	0.402776124430366	115
0.062853655923619	0.428644645115247	81
-0.120834410284993	0.39046776638375	4
-0.014501617581933	0.315189615441222	129
0.069406231051187	0.439848166989518	21
-0.119890829471966	0.461954347672395	4
0.094024743382613	1.90553256415349	32
0.064159180811458	1.10176316402166	32
-0.097080480180968	0.96532113674569	32
0.02889923354164	1.16464419465955	13
-0.021087466505513	1.2516047810346	145
-0.051429692468984	0.80436710629895	11
0.063456856495021	0.428665577714597	11
0.015253984482582	0.694749431375852	11
-0.019653246817283	0.958231074651605	11
-0.088012511436502	0.792922055878495	11
0.015362233285491	0.512712233980732	8
0.116601127824572	0.549642462468935	8
-0.081041528051027	0.616681911124078	8
-0.05560631829567	0.490004610916838	243
0.011738152148801	0.634001024399011	299
-0.040001284917993	0.406650564037102	4
0.059046244396011	0.424444689032444	393
-0.012838977535801	0.316055292646527	35
-0.092077775671406	0.938470902319519	32
0.00621306567442503	0.972731841623789	32
-0.050793296401961	0.802728872359073	32
-0.00290011118320799	1.28576011668083	32
-0.077797453976532	1.02031085194909	32
0.024142599334652	0.518499911483447	32
0.023130271003641	0.521094948429814	145
-0.115350751621873	0.382048353722809	145
-0.109442194632847	0.490608276158084	82
-0.046708673578055	0.397035264741389	11
-0.038940100075661	0.618173211956759	11
-0.051354109967488	0.509144826285884	11
0.121701316552933	0.793898439953539	11
0.071872439410269	0.643501409209018	8
-0.0532094528371581	0.518880295064165	8
0.117408364115383	0.554092544294867	8
-0.0579156327484111	0.503185717111471	244
-0.024281819127867	0.81911700063141	1
0.02471281837396	0.533690535732353	355
-0.051231452232375	0.39214336654497	21
0.027857763692145	1.03474519513181	32
-0.046097929070788	0.518571947020064	122
0.056706226205208	0.772843405789519	145
0.008112127319018	0.706778471383563	11
0.00623521308511799	0.64841897106115	8
-0.111726082224366	0.485565839199314	8
-0.049705934127101	0.397910918191799	8
-0.037568405681732	0.403984477501453	8
0.00759326677171601	0.635771455070167	8
0.074329411078503	0.428059980194551	8
-0.014574696839767	0.313657849579674	57
0.068089798000994	0.763676652236924	299
-0.043894534424995	0.410996983198176	299
0.067491834118112	0.433842030818118	355
-0.0187143913562779	0.304662826642224	81
-0.014574696839767	0.313657849579674	129
0.123378627270175	0.562449660472841	143
0.11678529801754	2.26521021309642	144
-0.01176250458978	0.953871831216663	32
-0.068448076647283	0.862941650466318	32
0.047486149399619	1.17660945641996	32
-0.078502576452019	0.618777658543689	13
-0.04508601353344	0.513674102815658	537
0.116117014323939	0.789379387482577	32
0.063140220218638	0.766711901016318	145
-0.050520122057695	0.522647780101721	145
0.0374307038769069	0.879626003358067	57
0.062853655923619	0.428644645115247	8
-0.102127144922556	0.817891582839559	244
-0.030726517747739	0.720326600621297	1
-0.069899997065033	0.68767732205774	32
-0.119041297256629	0.600300371320669	32
-0.00448587142600199	0.691947432723791	32
-0.07188647479914	0.61034199640481	13
0.0665953876769571	0.641487170509239	13
-0.115870500062834	0.756831889858037	32
-0.062277823048482	0.924894222286984	145
0.070691521448536	1.19269130388346	145
-0.103704963046513	0.495256234232832	82
0.040060083851913	0.980267188045731	11
-0.083761623639414	0.771741317398338	11
0.00698241391211896	0.645817633180086	8
-0.043130046158663	0.412195598418682	57
-0.044032071153728	0.412201562784315	57
0.073299378002798	0.430068934762967	8
-0.106056569337338	0.506628953159211	8
-0.008805806501751	0.315834023375974	8
-0.08635417140128	0.608081551883588	1
0.06437766612609	0.937119783542952	299
-0.121586836753338	0.584997101890094	299
0.062572025062082	0.423499305368986	355
0.065470060939347	0.649625902085023	355
-0.00565738873681998	0.299537160483406	129
-0.014574696839767	0.313657849579674	129
-0.049616237819717	0.382043433436757	21
-0.046436860630853	0.399637326292851	21
-0.050553552055392	0.513914693038641	21
-0.110022238039271	0.484916966200723	21
-0.016810229125789	0.299886442326274	3
-0.0290034977081201	1.21896979132041	32
-0.119879262641531	0.572587720202833	32
0.038669454232468	0.80338987263398	32
-0.086538767351503	0.594032619027491	32
0.099924197158003	1.88057836395143	32
-0.040701756188679	0.616251513923518	13
0.040613672588674	0.829879720694298	13
-0.070670857060495	0.69362660488875	32
-0.110658677785984	1.20291950972286	145
0.061612062333677	0.765097763871494	145
-0.034334772105485	0.69148603133757	11
-0.08017242855656	0.786612990830228	11
-0.092563922023213	0.847663631495211	11
-0.0497361220807671	0.77350047866476	8
0.068622190293497	0.638864883642769	8
-0.121613208378138	0.390655039514768	28
-0.011506240200352	0.309080061396945	28
-0.073516055320893	1.01299902431652	20
-0.11437963410236	0.71950004012266	299
0.059468327762919	0.782197290096793	129
0.00737841606622802	0.735788381982925	21
-0.09898801104449	0.889404281871048	32
0.061113282559276	1.26961357504619	289
-0.01223047922416	1.19658246020669	32
-0.087463186295228	1.1348059265044	13
-0.124880170235398	0.753620539813563	13
0.066540423906762	1.01203348941279	13
-0.102327921938607	0.899790179729464	13
-0.109659240039436	0.899664852361045	32
0.010676868126044	1.07521482864122	32
-0.105055114997126	0.675395235838612	145
0.013295325491519	0.723308625262894	82
0.081475473325447	0.662532901611904	11
0.00774629511229097	0.710146201166184	85
-0.044620804304033	0.683893862895504	11
-0.107756088454078	0.498173294371747	8
0.122053570899475	0.557939066556716	57
0.0133230811824669	0.509314867186932	8
0.016831852710239	0.527257182745334	8
0.074541244726561	0.400916839915063	28
0.109806606114624	0.748568847137412	299
0.015347396554138	0.63976394340379	299
0.017056315499688	0.517973092589529	355
-0.079259212139258	1.10455648384306	32
0.00465930177970297	1.42152690694119	289
-0.111424791714033	0.926088171502488	289
-0.00785808831091095	1.19430552862716	32
-0.080637819655296	1.00966034991582	13
-0.091563679349367	1.16617595059925	32
0.00263725143704796	1.24115458483918	32
-0.086210835145397	1.00750073458913	32
-0.121921254482224	0.786407051528553	32
0.023498391977312	0.537633487838775	32
0.0402424654340831	1.33809199949253	145
-0.00725868213147196	1.03256281904735	174
0.069488995322228	0.64791043334096	11
0.070430146378529	0.836706906241628	11
0.060078095052284	0.741606215647275	11
-0.05757377571295	0.483554857385924	11
-0.013725189014907	0.316186421786018	28
-0.052172617567966	0.482001179132583	8
-0.047031440580092	0.400898616070574	8
0.056289816639416	0.751710548402823	20
0.124930810749826	0.560056111035905	355
0.058160522269658	0.422185832718437	355
-0.014501617581933	0.315189615441222	6
-0.015351349554288	0.312675934806691	143
-0.015351349554288	0.312675934806691	21
0.06522786651293	0.430884513519925	145
0.122174903088104	0.497368947765653	145
0.031780151201804	0.531831050300605	174
-0.017703273150746	0.306858362541725	174
-0.083115720123187	0.605026205924012	11
-0.011939976879768	0.313324556273144	11
-0.08314977492078	0.611090062911928	11
-0.114709288503673	0.580375740893681	11
-0.011506240200352	0.309080061396945	8
-0.124480505176128	0.391034814866633	28
-0.035349471205215	0.397504544552055	28
0.122442676111921	0.811523195144302	57
0.091700553207299	0.869417878017133	8
-0.098313029701789	0.491093051975064	28
-0.020388581089155	0.307110582507366	1
-0.049705934127101	0.397910918191799	194
-0.044087093475379	0.578909933394333	194
-0.01361649649519	0.315060797022341	143
0.11430736579056	0.559580271258146	277
-0.053295495457228	0.957371780040336	13
-0.042233171453418	1.63335168120254	32
-0.066355736123365	0.457803982208942	32
0.059985477404863	1.18338970800192	32
-0.102702735549804	0.73913829773315	13
0.00847569639704204	0.619008199937716	32
0.017190945212919	0.521554520705518	32
0.068377761739654	0.438459087939051	145
0.063074542353477	0.431840276586403	174
0.024579635018985	0.532936786353444	82
-0.113430447115596	0.480101839285183	11
-0.050185755003857	0.398300343928319	11
0.063598078205158	0.432451499672371	28
-0.005781566081412	0.307344631201977	28
-0.0719014528438749	0.60816485354351	8
0.00738169165146896	0.617657631795047	244
-0.109538878711953	0.603993251319243	355
-0.102862735970669	0.490827415350816	194
-0.056763437621662	0.511962691079879	81
-0.1209786389625	0.384834420111539	129
0.059046244396011	0.424444689032444	18
-0.023663027265069	1.13518439210168	13
-0.04799603016083	1.40471591785629	32
0.047087790020803	0.835770115949653	32
-0.082512149696086	0.59882616170712	32
0.071023739289782	0.76744052221492	32
-0.124705996220278	0.389762300618104	32
0.05693490255169	0.743010520526066	32
-0.00725491526491795	0.309749652385185	32
0.072218680041957	0.639537750454374	122
0.0808877273931961	0.959959416877008	122
0.068952457174451	0.662656105932296	174
-0.08365258612986	0.592580539945762	174
0.00753023024062904	1.04259338320685	174
0.00831159357118205	0.915741264974193	11
-0.121558939082017	0.591947181745368	11
-0.116809115819662	0.59682942323082	85
0.102565120836684	1.1368421439787	11
-0.00892885205528204	0.318502007835874	28
-0.00803014611641795	0.316821733039894	28
0.074186805313105	0.430063180276114	28
0.015186309388887	0.505143964385342	8
0.021565844663458	0.537992674976471	20
-0.043998209948292	0.624005564062639	355
0.117817152089475	0.565519775622773	194
0.12272342086474	0.545246675486395	21
-0.00958189687010003	0.307334976280597	21
-0.015278467276278	0.306620397421394	143
-0.064466935271279	0.924698984420842	32
0.016049515879463	0.530857771828957	32
0.067633286811483	0.440000422425588	32
-0.00982858021325706	0.31692388691876	145
-0.10799636923116	0.738955637151162	15
0.068737117896616	0.415750865348135	174
0.01316712026	0.973670756676663	174
-0.0672175054084731	0.781385860629822	85
-0.072795234037853	0.779758201010599	11
0.019714154824622	0.535906863122848	11
0.060679666890223	0.416091010943002	11
-0.096129187477842	0.575898454961979	57
0.064987953965519	0.426148939682177	355
-0.054178992674861	0.498017280934944	6
-0.048244849856168	0.406955391946174	422
-0.021285725827519	0.299934647378415	3
-0.123825615963768	0.806449928304788	32
-0.082595419157401	1.19315378372197	32
-0.109367167451993	1.04225559911219	32
-0.084063905756077	1.01648831817678	32
-0.057483986342425	0.948160335270341	32
-0.104747233450392	0.496832860696892	32
-0.107249988704943	0.990535670219859	32
0.070096260076709	0.764411926225551	32
-0.123556866702413	0.388038099672542	32
-0.044032071153728	0.412201562784315	145
-0.0877848127626501	0.753131690382615	145
-0.064960105105682	1.09599301659258	145
0.049384138593835	0.736293136095171	174
0.00929202180754596	0.635326829752601	174
-0.047031440580092	0.400898616070574	174
0.117936216193217	0.55955792077348	82
-0.0155826841517041	0.310339255644924	82
-0.013794152332927	0.310263526500163	57
0.061514512802093	0.752109136543521	57
0.080531614978381	0.65568800794323	28
-0.107385720790226	0.491912623414445	1
-0.048816568972772	0.400903912739628	355
-0.039209972230982	0.485637576216431	355
0.053423153646957	0.763594435735849	6
0.067887749988597	0.412453925227016	6
-0.114377855400941	0.480009614214014	54
0.076475210132768	0.64805587519221	6
-0.01439444724137	0.306518173274954	3
-0.059081886951657	1.26929788661881	32
0.070027037016742	1.6597203920553	32
0.000819970043536955	1.76055708109638	32
-0.100284636075159	1.11251311437867	32
-0.117466335863598	0.908463547799407	32
-0.101671783194097	0.967847574816196	32
-0.065728577561917	1.00467908024154	32
0.072369691643523	0.919885933669946	32
-0.0426656645721299	0.627538672137407	32
0.124471580244857	0.792142201073027	145
-0.0155826841517041	0.310339255644924	145
-0.000466616845913981	0.802066712060032	174
-0.01672018763905	0.968627985933533	174
-0.01048144037592	0.308865429873861	174
0.069264134732277	0.439827478899429	174
0.0199362421928559	0.518044328233635	174
0.0264070940565641	0.538617054023443	174
-0.10189399835257	0.49844637326202	11
-0.104357572401717	0.509395695091534	28
0.115321479741458	0.561149981076435	28
-0.103767630986112	0.679312596425023	57
0.00856954892502504	0.714596403349436	28
-0.110242048170816	0.480639998571158	28
0.014108699342344	0.513545401509458	355
0.02427798641845	0.5325245117889	6
0.113528631060528	0.561504875013397	129
0.055834381538901	1.68239983207246	13
0.074374484192304	1.74170920836582	32
0.060639346083077	1.58711636316711	32
0.041541555633936	1.24892635940594	32
-0.092457615459136	1.11672885176476	32
-0.0494528774743001	1.39521943645486	32
-0.06679929161611	1.31685134568261	32
0.11305083152736	1.42434604339532	32
-0.00516768624973396	0.286056153835538	145
-0.092223573339133	0.840124727353966	145
0.022334965797968	1.34029358364173	145
-0.01294918113959	0.309054921406304	174
0.0739183269228491	0.671886276171522	82
0.117380780020532	0.779508058262466	11
-0.022710869235709	0.290802993420401	11
-0.0480541166185831	0.398368670511565	57
0.0754482063598591	0.675861168213807	28
-0.019375424498721	0.30332921397224	28
-0.013494612870891	0.30401673575165	28
-0.102836010805802	0.49733326355539	28
0.045111838612048	0.841351313207089	6
0.016182477950636	0.534657297640483	6
0.062853655923619	0.428644645115247	54
0.062853655923619	0.428644645115247	129
-0.015351349554288	0.312675934806691	21
-0.015278467276278	0.306620397421394	18
-0.09202533202739	1.47150987102408	32
-0.08274718745351	1.16391852801039	32
-0.055690152903636	1.46642779772093	32
-0.065849939704134	0.710875430064094	32
0.010260254995302	0.646945013690487	32
0.00540782141305696	0.704315621919079	32
0.028322498814685	1.26190650925798	32
-0.121838367392903	0.94198282127444	32
-0.073778076006652	0.999313888451152	32
-0.068198558486941	0.757857488968589	32
-0.089040376383937	0.60162757699916	32
0.1201422271916	1.0869300444984	32
-0.1082858129542	0.616302638090347	145
-0.00946946039343699	1.40140163503938	145
-0.106676803162364	0.840567043807809	174
-0.035349471205215	0.397504544552055	82
-0.116271773848795	0.474108396953111	11
-0.11659739307392	0.913364048349266	11
-0.00803014611641795	0.316821733039894	57
0.124273806767685	0.558925326940756	28
-0.104559639620586	0.491992907228422	28
-0.0844440426829151	0.778694952823833	28
0.0667474826529491	0.435336018331494	129
0.119606974347764	0.56510449843305	129
0.0621088697757231	0.416873605895701	129
0.064342136965321	0.430975463849959	21
-0.00892885205528204	0.318502007835874	143
-0.062499299141121	1.71866482018029	32
-0.0721541842606021	0.699440535247264	32
-0.119639222485751	1.28831850642899	32
-0.099124680725694	1.25137612067814	32
0.101768689685479	1.81144882077229	32
-0.098937758107449	0.994748782837323	32
-0.039366307288537	0.962877147572618	174
0.114101926044449	1.07986039114889	174
-0.114027452670817	0.721276129839345	174
0.074186805313105	0.430063180276114	174
-0.01480607438424	0.305445501316724	82
-0.063486536083218	0.715110980053406	85
0.00655499068586296	0.798724865414874	11
-0.015351349554288	0.312675934806691	11
0.115826467741342	0.548104643779689	28
-0.083216396640023	0.598416422022293	28
-0.0463195520773541	0.513606547547021	28
-0.00905251348905001	0.309814622997046	28
0.075877262451725	0.660545318220594	355
-0.106630572802615	0.494801673527274	355
0.064262219779003	0.755597542028809	355
0.114810189202466	0.552481054222991	6
-0.00982858021325706	0.31692388691876	54
-0.014501617581933	0.315189615441222	129
-0.074721561283388	1.0799638451116	13
-0.0327852495308471	1.28178051729778	13
-0.099376887675241	0.75687955734941	32
-0.058285558261426	0.819270749688518	32
0.042028219603588	0.943433707350894	145
0.0899646781668571	1.32833722556681	73
0.010304395765916	1.40051453962256	145
-0.046133520813172	0.886246985734737	145
-0.091578907436645	0.758364299611862	145
0.00278452729595502	0.894958684617341	174
-0.116953984053465	1.0711280570475	82
-0.103193708190479	1.15563193229326	11
-0.113391770461629	0.578584633813444	11
-0.070093850320939	1.13009919648325	11
0.098210435743627	1.21533482148423	11
0.059109928596092	0.876139748426239	28
0.067887749988597	0.412453925227016	6
0.0578949381356491	0.405915774634925	6
0.067000672989746	0.423196884375745	6
-0.0202709493407131	0.303417203431975	54
-0.043130046158663	0.412195598418682	143
-0.024542313434588	0.721868639055757	33
0.06522786651293	0.430884513519925	33
0.091045547963896	1.9114055011865	13
-0.0000589162565099999	1.68304963022306	13
-0.0735262632864681	1.20875321485382	13
-0.01656286649267	1.03944860209319	32
-0.025749102048383	1.11867988219581	32
-0.108936663727413	0.898512477213475	32
0.123184589841596	1.13984194211238	32
-0.038275509855601	0.893536819396949	32
0.087536784247683	1.25601969045	32
-0.055341580294571	0.696126265861025	32
-0.051478480785542	0.512859978526031	32
0.035659478598942	1.0839069807243	32
-0.038333607792602	0.406543551526826	32
0.076761740893929	1.02845376500715	145
-0.068771113749263	0.847866164542485	145
-0.00149531090159605	1.03690184067584	145
-0.124749378343616	0.648915739873693	174
-0.104532403683273	0.488268288874867	174
-0.01361649649519	0.315060797022341	174
-0.098880814152497	0.492306029315528	85
-0.056833200467901	0.501576280001739	11
-0.046892730246221	0.396816564544763	28
-0.013798465009057	0.30666884837716	355
-0.053944084331453	0.395711376744076	6
-0.019375424498721	0.30332921397224	54
-0.117251944044917	0.597604680300318	32
0.122897713444331	1.12704520431395	32
0.044462250055935	1.39493040522729	32
-0.116270701837804	0.995417940210048	32
-0.117312308017692	1.04800857327227	32
0.069121873043145	0.427973741385353	32
-0.01294918113959	0.309054921406304	145
-0.00500693403605201	0.308270041400524	73
-0.093460230407672	0.695680208703133	174
0.0474058281123621	0.854581622290379	174
-0.066763765884171	0.87035465499868	174
0.104700430089064	0.51822679652282	174
-0.10067620329332	0.829587818349167	85
0.021803888102507	0.538222699697012	85
0.079101191174393	1.06326938486025	11
0.0000752376152399759	1.28513315380164	11
-0.00803014611641795	0.316821733039894	11
-0.116764819187423	0.381800282820091	28
-0.0522497942543	0.507996460877183	28
0.019848193512767	0.528886448388673	6
-0.109442194632847	0.490608276158084	6
-0.013494612870891	0.30401673575165	6
-0.019375424498721	0.30332921397224	21
-0.013725189014907	0.316186421786018	18
-0.098608392075855	1.93044787675193	13
-0.108749408142854	1.08624357430816	32
0.024109387004968	1.79095562472607	32
-0.124495835415938	1.04669826141533	32
-0.121303734704322	1.06159356300649	32
0.015551102869519	0.643523126845984	32
0.028907511911492	0.502927178002992	145
-0.102739718791062	0.598810842704129	145
0.112478188285976	1.4115228567004	145
-0.018356281985158	1.22542626675517	174
0.069016395053646	0.419567014000366	174
-0.113913572926049	0.37442817415944	174
0.048231398731618	0.856252755193853	82
-0.096974096868832	0.495661224891674	82
-0.058842489884982	0.783355785221587	11
-0.036882453639975	0.678798642071828	11
0.00813615852076999	0.648048810734036	11
-0.04626817147429	0.398377752494294	28
0.0225838560763521	0.537766539488347	28
0.121157533630464	0.562641411840886	28
-0.089040376383937	0.60162757699916	28
-0.049464736507834	0.789396622147809	28
-0.087378429025732	0.576175180025295	28
-0.082730638817847	0.595480384350995	28
-0.108545129641411	0.481730786602245	28
-0.040779969096049	0.617409836481238	6
0.016049515879463	0.530857771828957	6
0.063739138709272	0.428557950325592	54
0.06196862207579	0.42635694522763	6
-0.012717079176209	0.312350436920331	18
-0.114692268556188	1.50609925674351	13
0.00678561335785	1.91727020207088	13
0.034823093582426	1.06601440893892	32
-0.064479261763752	1.00238467583454	32
-0.087058487643777	0.609494898556995	174
0.068128264090242	0.422836259406612	174
0.023711239220686	1.01552009479199	11
0.0151068908016579	0.706194716507792	11
-0.03465318372547	0.697376904341202	11
-0.082670465763436	0.618266993981632	28
-0.124625107063963	0.391765654752861	28
0.053701565529278	0.831305509453979	28
0.078004322432903	0.666082484948606	28
0.113589375577457	0.763395414823835	355
0.066236967326775	0.648978816787367	6
0.061706098906555	0.416924372472529	54
0.07106323792585	0.416292140785354	21
-0.033790183218239	0.623596883077835	32
-0.079608248288745	1.15656741857605	32
-0.091070607149372	0.912543190072137	32
-0.082565650893995	1.01593990816697	32
-0.053132482268605	1.13518565008395	32
0.069264134732277	0.439827478899429	174
0.0778920099685551	0.641464868686825	11
0.00681290402327495	0.635764056469365	85
0.0686611447762861	0.435925305148384	28
-0.0120618899111919	0.308948097380784	28
-0.01880623021728	0.807765925235768	28
-0.013494612870891	0.30401673575165	28
-0.015351349554288	0.312675934806691	28
0.121705949766656	0.935419061546411	355
0.114541890562627	0.55626234541637	130
-0.045697630452237	0.408626708053185	6
0.059932414526404	0.424370453860414	710
-0.014501617581933	0.315189615441222	18
-0.038477706249415	1.29533071678074	32
-0.07085935200092	1.08516764229213	32
0.047576447962949	1.09795799021053	32
-0.0832950460710991	0.994335159751049	32
-0.097810752960342	0.891782218708198	32
-0.02576571845191	1.26554212883908	32
0.00372172328284803	1.20837234651697	32
0.020849498712911	1.03263933835666	32
-0.107145705439125	1.15659985974582	32
0.00583109425413197	0.827226491325674	145
-0.044796317471515	0.411001158155085	145
0.03046610239596	1.15454480705087	73
-0.097619957834607	0.668182342817988	174
0.113692432654022	0.773329072717745	174
0.00529371526397604	0.741936795953544	85
0.017773178717412	0.747731662891691	11
-0.101829594795911	0.712890477411307	11
-0.010605077248789	0.315930912800945	279
0.083118425189315	0.661548704781841	28
0.086796511473721	0.975037571674493	28
-0.120533717707307	0.559015693258399	28
0.073299378002798	0.430068934762967	28
0.061514512802093	0.752109136543521	355
-0.050173610031332	0.484377420313713	6
-0.121613208378138	0.390655039514768	130
-0.013725189014907	0.316186421786018	54
-0.014501617581933	0.315189615441222	21
-0.013725189014907	0.316186421786018	18
-0.0120618899111919	0.308948097380784	18
-0.103728610528736	0.974937829695181	32
0.091897948101989	1.14675422510824	32
0.036205723584122	1.0108054168515	32
-0.108495899047345	0.776404420248279	32
-0.119692405219996	0.805065324804122	32
-0.071790380729988	0.868441346670739	145
0.00397481847502301	0.919796927336114	145
0.112980022571067	1.047058181863	145
0.046277386892958	1.25473827816001	73
-0.014513221288849	0.846318432598047	73
0.047339954331887	1.033055111544	73
-0.09679117208321	0.995553820961893	174
-0.024066199188882	0.884713243954633	174
-0.097998341150852	0.774515734270556	82
-0.033330804050334	0.720873022905355	11
0.048231398731618	0.856252755193853	11
-0.095186818941041	0.669694920845104	29
0.121632659821366	0.793083147693969	28
-0.03173598227363	0.612244337553786	28
-0.068819570303517	0.697783000446186	28
-0.056923305947541	0.497935346301768	28
0.009478381109431	0.604549839391118	28
-0.123314940580277	0.385754494453325	28
-0.040392270512566	0.604869398820466	28
-0.080681360485209	0.603781867834612	355
-0.021285725827519	0.299934647378415	355
-0.014501617581933	0.315189615441222	6
-0.012838977535801	0.316055292646527	130
0.0729036866928871	0.409862435667617	6
0.06522786651293	0.430884513519925	54
0.063213293294461	0.432110750409799	54
-0.00982858021325706	0.31692388691876	18
-0.05258833746897	1.26363928808518	32
-0.064318533725205	0.674776815219982	32
-0.118321758221575	0.560671536183773	32
0.020403421476009	0.836076437666873	145
-0.101840084715151	0.899655192028796	11
-0.094901099362272	0.498464702569666	28
0.00640953325957105	0.73754549629172	28
-0.048689683950482	0.400710670814	28
0.00832920664689496	0.615485801048222	28
0.005205051001964	0.724073861548919	28
0.00390073067244801	0.735840929114296	130
-0.054640629636102	0.486909629244639	21
-0.113054888134042	0.999836865915428	32
-0.051507152092793	0.387318582253502	32
-0.046299071219139	0.386324407662055	145
-0.055529804069879	0.496396181363055	145
-0.106816825976649	0.490859871577369	145
0.00753192419466398	0.488535818913612	73
-0.114629800879923	0.740369405955191	73
-0.103703345111051	0.975956686287459	73
-0.095236094329393	0.693750341185238	174
-0.082626306105319	0.608794804490873	174
0.024579635018985	0.532936786353444	82
-0.120143899652125	0.584226613354346	11
0.00569053095647498	0.641110408823484	11
-0.102119260398439	0.821492578356492	11
0.00351783115600601	0.721866074749512	28
0.117817152089475	0.565519775622773	28
0.120261937706009	0.564299090661773	28
0.02002193585509	0.811802801450898	28
-0.055104386842219	0.498028707675197	28
-0.036031865033503	0.698247097209264	28
0.00399085511496899	0.612178389995574	6
-0.116113074306661	0.478807928336337	355
0.0305747151040759	0.513678124951138	130
0.0225838560763521	0.537766539488347	130
-0.013725189014907	0.316186421786018	6
0.111853978222814	0.552272839879157	6
-0.014501617581933	0.315189615441222	6
-0.00970493102937098	0.317500836457744	18
0.00944530396448495	0.832750066534031	32
-0.097380481822805	0.754042241599132	32
-0.03820138075772	1.34968210222088	145
-0.070506319187071	0.840206253813105	145
-0.117363033327679	0.93332974447692	145
0.00793210931091903	1.06130205210123	73
-0.039149099027228	0.634741488462381	174
-0.120402056422794	0.673588820615453	11
-0.061437240189693	0.781722924951198	29
0.094882674204772	0.862327710325502	28
0.123849671539492	0.53653232689412	28
0.010245241150961	0.637812318416408	28
0.063578451666399	0.639972494441199	28
-0.053493865100161	0.386536200234228	28
-0.056763437621662	0.511962691079879	28
0.119215068918427	0.784138833448444	28
0.025463666399832	0.521074118730746	28
0.00643820738624501	0.647558046511652	130
-0.118170018479058	0.596429018401542	130
0.116100679046592	0.5592389372444	130
-0.045223645095993	0.500783814635566	130
0.067362867559422	0.649269667735593	130
-0.018597349798757	0.309462932848304	21
-0.00590636495901897	0.302807104737618	21
0.013863518898205	0.635173920002125	32
0.11339060402008	0.799357077002587	32
0.022968356408565	0.753307038375601	13
-0.0464620086097161	0.403691276289762	13
-0.053141299933628	1.34558084101739	32
-0.119110085082942	0.741737669039122	32
0.00634826543857303	1.22987544154511	32
0.098834465642994	1.03185243725275	32
-0.115322021948903	0.810966232359539	145
0.0667474826529491	0.435336018331494	73
-0.050520122057695	0.522647780101721	73
-0.033584992115832	0.718391332515196	174
-0.086679426461308	0.678401556222797	174
-0.036071966333654	0.780943445732793	174
-0.077118179470799	0.779972515557861	85
-0.052372917684809	0.514642502272467	28
0.00623521308511799	0.64841897106115	28
-0.088131856287517	0.918511797827018	28
0.121047504633347	0.541103228183326	28
-0.013725189014907	0.316186421786018	28
-0.028073406963718	0.954862086525709	130
0.015884685076447	0.821690960557373	130
-0.01294918113959	0.309054921406304	130
-0.07798403745105	0.863402051375466	13
-0.101123742651402	0.68164947194911	32
0.0176691174231139	0.831329650845661	32
0.0777431767772639	0.931599166004794	32
0.01007785988554	1.44816306224999	32
-0.01239705997461	1.05930405043105	32
-0.018114251054414	1.2694283626416	32
-0.044413636830557	1.02862288984928	32
-0.026039651509518	0.964959080537361	145
-0.08396860691357	0.974595388816315	145
-0.034440861188062	1.41369548549392	174
0.048941572622254	0.812504299869186	29
-0.025722516616593	0.729338840414287	28
0.072412392212858	0.426651293880761	28
-0.015351349554288	0.312675934806691	6
-0.045235068099042	0.62486058618875	6
0.0593647067013821	1.52211550915285	13
-0.010605077248789	0.315930912800945	13
-0.00893662100449599	1.38578899129078	32
-0.067194576643558	1.02375166141362	32
-0.025123775818008	1.30320110061476	32
0.0627644919709231	1.29479927028055	32
0.116719089318347	1.09362874502975	32
-0.055257990295458	0.497638986282184	32
-0.044066424998073	0.786860525052497	145
-0.014687898500488	0.311861779805106	145
0.018885672934138	0.522135944160828	174
0.121102466087909	0.789708886807666	82
0.097624997851484	1.09219310356485	11
0.120924702938664	1.27568285668881	85
-0.053944084331453	0.395711376744076	29
0.011071283219851	0.487565215004648	28
0.006547382622618	0.917044288206347	28
-0.046031897134901	0.398232827941191	28
0.00877625134760896	0.724561284698051	28
-0.053177139412003	0.394591877345298	28
0.065736239611301	0.427190821305483	130
0.020915415991752	0.531098000934064	130
0.117041758160061	0.558310828630404	6
-0.046401572823223	0.390009367462477	6
0.061828212733795	0.424901892480566	249
0.062994228998809	0.416815515902731	21
0.071038216896865	0.433632880550008	18
-0.01361649649519	0.315060797022341	18
-0.068620121743231	1.48902952514246	32
0.103809824455772	1.46107101349895	32
-0.065447151945697	1.31280729388886	32
-0.056153692944235	1.28189461249641	32
-0.022320994294086	0.890313125252215	32
0.073989783194332	0.658290796230403	32
-0.035138523144704	0.72137919804858	32
0.00714509066593205	1.42764842870449	73
0.06316437818109	0.630545543098726	174
0.119487082845237	0.568434385429255	174
0.055235189563371	0.851832626462951	11
-0.068886518597425	1.0158283436845	11
0.051190345458541	0.864709564110495	29
0.012782910312284	0.75267404541598	28
-0.050747492905854	0.7921726770293	28
0.099170072473557	0.867763017895686	28
0.030765949486433	1.07216645812196	28
-0.120533717707307	0.559015693258399	28
0.069396507977211	0.762561491389306	28
0.084126541414943	0.662918274873535	28
0.0133527840465471	0.846549932341689	6
0.079712713238549	0.666277125554913	130
0.014108699342344	0.513545401509458	130
-0.028813788402394	0.716072300843526	6
0.122246483039307	0.549875106882455	130
-0.050342590035514	0.395043738596431	6
0.031780151201804	0.531831050300605	21
0.00643820738624501	0.647558046511652	21
-0.018803945465121	0.293919747587114	21
-0.014574696839767	0.313657849579674	18
0.059455485151246	0.399823342296104	18
0.00998292299871895	1.67203843611085	13
-0.040828433934676	0.966281108776696	32
-0.062650174105861	1.08981363993265	32
0.105970048018696	1.04732389599942	32
-0.07153487033652	1.10273888580097	32
-0.093277542980401	1.2700806411486	32
0.12484262747483	0.97201628735676	32
-0.045118444866727	0.607684085880044	122
0.054074150798794	0.385970136974915	145
0.12103640741782	0.549651620545827	145
-0.120818559473461	1.20564633875757	73
0.011585575846185	1.22827017527341	73
0.010399827905315	1.07118328086536	11
-0.057107264257631	0.487623729391078	29
0.118054870542133	0.541189778338777	28
-0.057245885701703	0.375574580264334	28
-0.102648236910994	0.492659169999802	28
0.012711472475139	0.83199451081504	28
0.067633286811483	0.440000422425588	28
0.123172930946341	0.780588270738592	6
-0.066694714075351	0.687711029314229	6
0.022481488134288	0.539359691092574	130
-0.044032071153728	0.412201562784315	130
-0.049628374254108	0.512745394805926	130
-0.03133633685695	0.38449529793694	130
0.020650485031802	0.533553043380744	130
-0.01294918113959	0.309054921406304	130
-0.014570347649877	0.304159738978773	6
-0.015351349554288	0.312675934806691	21
0.073156919764257	0.417000706429446	18
-0.00892885205528204	0.318502007835874	18
0.000811347958114994	1.22411827323426	13
0.063209970953344	1.5716675230674	32
-0.068221285602603	0.848563164951252	32
-0.079978056884248	0.604188028410218	32
0.019010857546771	1.22671490414696	32
-0.043983895699092	0.622556615548469	122
0.059046244396011	0.424444689032444	145
-0.109831433466822	0.470775606087137	145
-0.11725722075799	0.594144379318662	174
0.111283364052787	0.760083120454517	82
-0.028909713778658	0.974105891216298	11
0.056754031620657	0.865782023499747	29
-0.024720919812163	0.786520905764939	29
-0.045673607045684	0.789159124514654	29
0.068377761739654	0.438459087939051	29
0.00834039893503602	0.6420597188011	28
-0.057606209978303	0.49825704807011	28
-0.10057491700978	0.49762977577629	28
0.112651809650361	0.79701666363231	28
-0.0187143913562779	0.304662826642224	6
-0.052437348927203	0.518468276514385	6
0.115321479741458	0.561149981076435	6
0.053602586738145	0.397566556532643	130
0.066114045175785	0.42842140131474	130
-0.019375424498721	0.30332921397224	249
0.062712920985683	0.430120146475084	79
0.111549073679063	0.544176112628596	21
-0.013725189014907	0.316186421786018	33
-0.050468507127388	0.396781130439899	33
-0.113062249339332	1.17228045208334	13
-0.101162614600024	1.20068051399117	32
-0.024130140733901	1.13453847931146	32
0.112407926355049	1.29107241259905	13
0.060971732245354	1.07087845556584	13
0.0198298547846349	1.05728769406537	13
-0.059926701978566	0.765133428139025	32
0.102027997698977	1.31754711265377	32
0.00965057391226098	0.994205347061015	32
-0.105262178021764	0.756793131246912	13
0.016097781882781	0.62714801955528	145
-0.043405596933641	0.937662776160177	174
0.0125503651368371	0.638240906110692	174
-0.116800745166656	0.67295303876524	29
0.00450750322960203	0.699379079285491	29
-0.113093791243797	0.481709793630492	29
0.074168729851587	0.663363054629746	29
-0.122778074001831	0.387856928124608	28
0.108081324001265	0.539992140352823	28
-0.046364401436788	0.613358451823598	28
-0.04180409618886	0.400974906839417	28
0.042391042057855	0.784583034869213	12
0.012131310454356	0.631569540508293	28
-0.0541367460278051	0.520095356113035	28
-0.00803014611641795	0.316821733039894	28
-0.110427426875207	0.478203186771741	6
0.093341490764379	0.883555292033628	6
0.064483684432268	0.432355787081799	130
-0.108911192969096	0.504621230759894	130
-0.044032071153728	0.412201562784315	130
0.060819032688175	0.421990451458679	249
-0.118287740998969	0.815473505284843	32
0.010917484653325	1.04127861209125	13
0.021356753647804	1.00499898952066	13
-0.033117754026521	0.751118768299588	13
-0.122970197536321	1.06469515749694	13
0.093300283837836	1.75615946912946	13
0.028824210164711	1.27801076338765	32
0.00113735746437205	0.85163286168088	32
-0.087911978389994	0.844443597042039	32
0.027266000079491	0.825912475550698	32
0.102987034174829	0.883619306251357	122
-0.089323560816003	0.573822663956261	145
-0.117656476541035	0.584601443432367	174
-0.11268520921388	0.481524091030697	174
-0.122285061293116	0.683696010979826	11
-0.065437744986594	0.771385766676545	11
-0.070694221381488	0.783051647337363	11
-0.071388662479645	0.701841009908523	29
0.096538512571521	0.863399352223217	28
-0.069367286416991	0.682394679474402	28
0.078587952520003	0.664180207984068	28
0.01299766988772	0.716561658190831	28
0.065283598528452	0.746372103462078	28
0.0693881074346801	0.636533943558011	28
-0.049195913911556	0.34117623057991	28
0.104584786669741	0.517357524812373	6
0.117115395465079	0.783530719635561	6
0.059184795538185	0.423332963971333	130
-0.014574696839767	0.313657849579674	21
0.058022129437211	0.409200749150713	21
-0.021167496345421	0.301071279976152	18
-0.048816568972772	0.400903912739628	18
-0.115227603966669	1.13434982827995	13
-0.02011594166644	1.05654134673398	32
0.113601048940261	0.928187721101966	13
0.010021636822799	0.876148064078671	13
-0.061733748534654	0.86376326122559	13
0.026976463875386	1.01180109752086	32
-0.086791449077283	0.739663301511465	32
0.00240403273339096	0.940019332097591	145
-0.062514239597267	0.712849744694972	145
-0.036449785593456	0.906314875122326	73
-0.058842767950268	0.501233914446157	73
-0.117023921259812	0.59889642428422	174
0.041903542975571	1.02124182821256	174
-0.043130046158663	0.412195598418682	29
-0.029435728463526	0.885354657013628	29
0.017080144807106	0.641616841970818	28
0.028393000794848	0.5256888800681	28
0.104584786669741	0.517357524812373	12
0.10171445410947	0.87517507939398	28
0.012621752312158	0.514948551538307	130
0.115203801435275	0.560862765716498	130
-0.00892885205528204	0.318502007835874	249
0.115705434083691	0.552303014239686	203
-0.012838977535801	0.316055292646527	18
-0.107310123405589	0.670769032435122	32
0.096373683252701	0.972981852137129	32
-0.087105020584491	0.918266482167655	32
-0.025691725790301	0.7357259603366	32
-0.087693038998435	0.765566398556551	32
-0.082309186881722	0.596278535111857	32
-0.111100297182374	0.592858876599054	13
0.00698136058543597	0.974813070149476	32
0.034686908596989	1.33777320527332	145
-0.110603411063733	0.750833626203607	145
-0.0207333101592601	0.956523192096577	145
-0.031364743383054	0.764186685045402	73
-0.106622371886252	0.493957662469552	73
0.031791072565217	0.984720919866406	73
-0.0329105054604441	0.715136181981974	73
-0.06884114516701	0.866147502556907	174
-0.111368134775719	0.473752267828078	174
0.046140967069039	0.935671024150398	85
0.077765740362223	1.11009522825735	11
-0.11625454455012	0.833147577455286	29
0.06385502249678	0.764796885449651	29
-0.051478480785542	0.512859978526031	29
0.0815742761238341	0.64800929939763	29
-0.104688309311601	0.485197269472643	28
0.061084224387806	0.748271208637085	28
-0.042155074862508	0.386774224377699	28
0.023799253331619	0.529394668349071	12
0.064483684432268	0.432355787081799	12
0.062572025062082	0.423499305368986	12
-0.0508191271172021	0.401202544498716	6
-0.042853460710501	0.628530273034479	130
0.119598574474585	0.807078413272533	130
0.120813362445055	0.552413219663207	130
-0.012717079176209	0.312350436920331	130
0.058541922168191	0.779557975649806	249
-0.00333475374561298	0.301809081198074	249
-0.039545961815467	1.42812541063604	32
0.056268179803279	1.43665470211795	32
-0.047236106829853	1.3528189433255	32
0.122421282593407	1.49937682636907	32
0.033086708563015	1.39715329626973	32
0.0787386817996401	1.4844957299335	32
-0.0937249174639691	0.974760966015564	32
-0.119343997581559	0.908477534574946	13
0.075545094426529	1.34729689449438	32
0.088288004677926	0.657383952500779	145
0.077390868805613	0.670943884363265	29
-0.121931913403737	0.574769287209825	28
-0.106797147247991	0.584702393238818	28
0.11110100690173	1.04552449067757	12
-0.089829948951925	0.593474275981459	12
0.112062136101821	0.756441754539866	130
-0.013725189014907	0.316186421786018	249
0.068235822079705	0.42363119403314	18
-0.00815320300388001	0.311309918899429	18
-0.093185672629309	1.57180371040763	32
-0.021712648551822	1.1827897743717	32
-0.077632206191058	1.03596063821851	32
0.00362700265775096	1.36307573304812	13
-0.066719037723014	1.15911039606372	73
0.014164215118304	0.92918835945605	174
-0.097220999257424	0.931553346352507	174
-0.051446643223971	0.520071723013377	82
0.123601102779539	0.804600223688045	82
-0.028075937613925	1.34785924944967	11
-0.107542264694247	0.72644915052438	29
-0.050342590035514	0.395043738596431	28
-0.047962791075272	0.788232138002282	12
-0.027937896826155	0.733086554586931	28
0.013538619620449	0.513861749911066	28
0.111710016544602	1.05960542719027	6
-0.124237177751507	0.380766419385311	130
-0.043268198451977	0.409487017373687	130
-0.01361649649519	0.315060797022341	21
0.123378627270175	0.562449660472841	21
-0.014574696839767	0.313657849579674	21
0.064200428948343	0.418688629654311	21
-0.00982858021325706	0.31692388691876	21
-0.0356398934414101	1.18064821752203	13
-0.00802239505480196	1.75944913788943	32
0.026135912985479	1.33980372135388	32
-0.104219223426705	0.996389710527388	32
-0.022409889962668	1.20932111244847	32
-0.091223690510109	1.16461742185203	32
-0.037577502232533	1.3425254381233	13
0.112632695591141	1.78190063150089	13
-0.018315877981156	0.897086748596018	32
0.108081324001265	0.539992140352823	32
-0.099605676421245	0.682116300333381	145
0.017325424015344	0.519106605236359	145
-0.122535777022438	0.388288727700381	145
-0.041852230934514	0.50270750658265	145
-0.114225689651025	0.486178407183222	174
-0.041463195022329	0.407165869763048	174
0.02471281837396	0.533690535732353	174
0.0317184258658439	1.30535263107901	29
0.113915393379948	0.550155457327901	28
-0.041463195022329	0.407165869763048	28
-0.013725189014907	0.316186421786018	28
-0.052119719290769	0.386834569949617	28
-0.038071045801331	0.691608045143212	28
-0.0820889579797191	0.594657062358709	28
-0.051587674692536	0.390861039106026	130
0.10533156495715	0.875970131058783	130
0.064483684432268	0.432355787081799	21
-0.065876173333985	1.56895957399219	13
-0.02950258784144	1.84411272953073	32
0.047784728654483	1.54530275812173	13
-0.115543916045044	0.950625941975353	32
0.111279544037546	1.74000840370547	32
-0.0172498957457859	1.38216138037224	32
-0.075522925548403	1.4598011329428	13
-0.064782853718985	0.686670826043893	32
-0.063936336247323	0.77883705005161	32
-0.108155925120532	0.502809675960756	145
0.040388865204301	0.827656599877918	73
0.080415662333721	0.658299444010403	174
0.068519536271809	0.441380219868766	174
0.0107846229079021	0.634766215741387	28
-0.103940613761116	0.737975030373018	28
-0.082164209513791	0.765771722642543	28
-0.01084747772628	1.06278871982827	28
-0.088131641618788	0.602631445838515	12
0.050361258582989	0.810666673850274	6
0.069406231051187	0.439848166989518	130
-0.008805806501751	0.315834023375974	130
0.057007847448918	0.4047257283383	6
0.108741201592368	0.537860701807074	18
0.021576387164522	0.933971971112575	13
-0.017194120850924	1.84473021594857	32
-0.04640811327266	1.24034026469959	32
0.043935834829145	0.841158977351076	32
0.070008369446861	0.429275087938185	13
0.016866036359804	0.739975446498821	13
-0.056500971632152	1.25198551744497	13
-0.099616871083128	0.504560593389833	32
-0.0516188906976081	0.585390680442475	122
-0.120290461482826	0.372578406085811	73
0.045128261437632	0.822916978748438	174
-0.003211179304482	0.303125080343059	174
-0.012717079176209	0.312350436920331	82
0.00057801055612805	1.22973573600053	11
0.116653924655148	1.23131706136786	11
0.0721537338543909	0.657692049768488	29
-0.049705934127101	0.397910918191799	28
0.058298749280099	0.423405414334592	28
-0.058827445393276	0.69668666917626	28
-0.058842767950268	0.501233914446157	130
-0.0374788913333221	0.616265564083427	6
-0.104532403683273	0.488268288874867	249
-0.060389116768128	0.498244519448297	21
-0.014574696839767	0.313657849579674	21
0.118592160367263	0.567154085347899	21
-0.069626636116768	1.476342725469	13
-0.088553292885598	0.956869542511129	32
0.060008685935426	0.873992470688273	13
0.00262037346573796	0.628357936185853	145
0.11341137235664	0.555217461599008	145
0.0700785563372111	0.671640251045666	145
-0.00410853714327997	0.308303730784552	145
0.0435457475515439	0.941272983967812	174
0.094551365488601	0.841133373984006	73
-0.068001667131512	0.930479262512062	174
-0.053041149730492	0.396676473540463	174
-0.01848092677722	0.300871392865518	29
0.01139707911078	0.752455047970956	28
0.090125551383953	1.10035586245107	28
-0.123168083547709	0.683838224438226	28
-0.016757732379428	0.951753894629411	28
-0.01294918113959	0.309054921406304	28
-0.062485550913244	0.697149885513146	6
-0.124679233409942	0.679996552550758	28
0.00403908894153504	0.982113088739242	28
-0.096032774413564	0.498117276190451	130
-0.124425120225469	0.677316542950329	130
0.021023522052901	0.534576756713749	130
0.010245241150961	0.637812318416408	249
-0.05351948489061	0.513630822372894	6
-0.110427426875207	0.478203186771741	6
-0.010605077248789	0.315930912800945	225
-0.07242605054376	1.28673080144009	32
-0.045551497026182	1.10295600697612	32
0.120485869305495	0.950963026110873	122
-0.017437867963178	0.281929937287568	145
0.122442676111921	0.811523195144302	145
-0.0796315578151	0.784733260360847	73
-0.032006529665769	0.722343080375229	29
-0.104941623249885	0.480533209738047	28
0.023114528942303	1.18147030932264	28
0.019975733308051	0.530496975644084	28
0.0224491553527461	0.5302491473318	28
-0.109798818921592	0.729779076360646	28
0.119487082845237	0.568434385429255	6
0.00721598351935004	0.72855716331921	130
-0.085120697477579	0.603293295584836	130
0.00520370614932597	0.731321806148228	130
-0.062249912770222	0.485619871439027	130
0.120365158317041	0.780158124807835	6
-0.014501617581933	0.315189615441222	79
-0.109691469088111	0.480687670103726	21
0.119919717252193	0.54538415701861	21
-0.013652169787876	1.45126976319321	13
0.043902040010841	1.67092032938297	32
-0.08701992035438	1.23132393165917	32
0.0416514704595819	1.27880125168469	32
0.067633286811483	0.440000422425588	145
-0.00815320300388001	0.311309918899429	73
0.081699639383883	1.03386839663085	73
-0.039501093795024	1.40144956510628	73
-0.114478399813281	0.589479870840096	11
-0.107324434268911	0.766024939871077	11
0.0609375008272111	0.772213928515871	28
-0.052273962696042	0.395551359038016	28
-0.123615995001324	0.577052074129932	28
-0.082840340051389	1.07646656538333	28
0.067633286811483	0.440000422425588	28
0.042559840504185	0.903202932051762	28
-0.0680196745070299	0.775633064215621	28
-0.087203979577915	0.607155583290088	28
-0.052273962696042	0.395551359038016	130
-0.020755035484437	0.825178573568994	130
-0.113597783734696	0.587182068914482	130
0.00568330833616204	0.741246495839095	130
-0.0450325379330681	0.617080593095599	130
-0.017174347386289	0.892235062829725	130
-0.03638531838383	1.25694502419401	13
-0.02218779413924	1.33177007680464	13
-0.104576710956888	1.81841594204534	13
0.045472851609168	2.08889641227588	13
0.025726842747767	0.734025654534995	32
0.074186805313105	0.430063180276114	122
-0.012838977535801	0.316055292646527	73
0.060553426206045	0.840429656663827	73
0.109585329895571	1.06747744830349	174
-0.042551911443933	0.397551467027817	174
-0.00803014611641795	0.316821733039894	174
0.11263286986509	0.557100088519251	174
-0.115359732705147	0.748793898478027	11
0.010186974188451	1.48450922936696	11
-0.0779985735329271	0.781291685880335	28
-0.048857691646241	0.514311048459363	28
-0.107022419995306	0.502534703875951	28
-0.048310282523445	0.946723723691179	28
-0.071922546668564	0.903199774419375	28
-0.016979692595919	0.297358655553057	130
0.035264470262976	0.905260772171107	130
0.123618310434189	0.959371907585663	130
0.031913782939608	0.528960042259243	21
-0.046935578756901	0.516286859478654	21
0.067029246730844	0.425148022094333	112
-0.117455763906304	1.82505858424381	13
-0.079981244321464	1.15524445803382	32
0.050723814895859	1.44173962514473	32
0.013777912786204	0.718025754222747	32
-0.064330724376139	1.01567622856816	174
-0.0374308028999361	0.402348817625468	174
0.074683462214519	0.676610102974206	82
0.057137179684906	0.399070254228859	82
0.011386311437568	0.637836243768121	82
0.067331691338939	1.18269137834642	11
-0.122246024796353	0.153339508259478	11
-0.014501617581933	0.315189615441222	28
-0.045655263103616	0.618496263726103	28
0.019665200877395	0.51737484120167	28
0.046227677388804	0.829516537757596	28
0.012165070943094	1.22059546433511	28
0.0167884943803051	1.08778599296373	28
0.053873635329815	1.24795787462827	28
-0.0559723744396901	1.1486262513624	28
-0.064753019898235	0.921137676632449	6
-0.05749078844638	0.900439383903692	130
0.119864773757357	0.556910287058086	21
0.015104561643778	0.521618861364361	21
-0.015425518010333	0.306207484123342	112
-0.0486910560930079	1.37868183618014	13
0.019390039179952	1.63335457844168	32
0.063598078205158	0.432451499672371	13
0.079101406885071	0.673515727160863	122
-0.04677422367975	0.615228477455813	73
-0.066421761114027	0.829191953087705	174
0.019841985579096	0.521335206452075	82
0.096458443619564	1.78165301788056	11
0.00888281657384304	0.64546548063222	28
-0.035552032976197	0.708234685754476	28
0.035015061409273	1.33485150179276	28
0.063769705245671	1.10199434747283	28
0.08417883604981	1.4666689198109	28
0.015496167333433	0.514981352882576	28
-0.105978548402422	0.747934432118903	28
0.050016563403666	0.847709282072369	6
-0.005781566081412	0.307344631201977	21
0.115584000869774	0.548623618235059	21
-0.11695762225541	0.960178737199476	73
-0.063197953833588	0.77450002362549	11
0.0667474826529491	0.435336018331494	11
-0.110056332624403	0.478807518226864	28
-0.078964840166303	1.04721020053329	28
-0.00815320300388001	0.311309918899429	28
-0.090295963216366	0.757511356886477	28
-0.00836262630804796	0.948933948592112	28
-0.020668124575359	0.898285570667938	130
-0.036691540873484	0.695845675269378	130
-0.108545129641411	0.481730786602245	130
-0.087378429025732	0.576175180025295	6
-0.034558926455042	0.762150937007941	6
-0.110897338238962	0.600402288689861	6
-0.113850851388402	0.473589539896744	21
-0.102846129603267	1.27460504999481	32
-0.093824926945568	1.01664424064842	32
-0.119911511007264	0.390554838515144	82
0.044403068676123	1.02093078580316	11
-0.082117174567461	1.21713694363258	11
-0.051683714062796	0.38461033269255	11
-0.086500872176863	0.60718411851893	11
-0.108193024141635	0.664964208370318	28
-0.106434549883454	0.496689933365179	28
0.064100401563137	0.430664816638126	28
-0.03916411637533	0.625637053545743	28
-0.081892934176087	0.961374206144927	28
0.070201827312245	1.71981054497	11
0.110824403818065	1.0607221838917	28
0.070815313145868	1.22581070463603	130
0.081120146096506	0.963746073567122	130
0.00771146969005099	0.595043086549837	21
-0.082418123844075	1.40782735842771	13
-0.091546769954542	1.04881798583079	32
-0.034210716474388	1.17372656658442	11
-0.101944048478921	0.661826913731293	28
0.021358555390221	0.734194261353482	28
-0.108832561481948	0.575775172323895	28
-0.064366344180318	0.701565949795101	28
0.097420495232616	0.875768312235985	28
-0.122397683685405	0.758941599717954	28
-0.106975316381251	0.742364943884714	28
0.112078030736274	0.895674412839227	11
-0.108950284075388	0.730804583958651	11
-0.021197252464916	0.879933695813033	28
0.071025178524721	0.67138615284578	28
0.010489024798682	0.754155911379873	28
0.06196862207579	0.42635694522763	130
0.059534096043333	0.411581847250775	130
0.00927707114193699	0.611193099087774	130
0.0540357215908031	0.703258350112488	130
-0.053407692961132	0.49951132574629	6
0.071872439410269	0.643501409209018	21
-0.048403523270068	1.30605829771072	32
-0.039389504341467	1.2639834384112	32
-0.072621147653223	1.08210118428344	145
-0.042851582584112	0.935778694630568	73
-0.049884495525608	0.607634961798622	11
-0.037808680885137	0.617754836743917	11
-0.086133746632761	0.610442729976083	11
0.025463666399832	0.521074118730746	11
-0.105107413527559	1.03497334857954	28
-0.055905167951086	0.497587970362514	130
0.00834931225702096	0.633191800736595	21
-0.014501617581933	0.315189615441222	21
-0.032915615274861	0.386521728843321	21
0.014894145810999	0.71304873646525	21
-0.059160366331007	1.27041518703493	32
0.056324059327312	1.48914906114957	32
-0.062988478218542	1.30755483723125	32
-0.047603000362795	1.21846315603135	32
-0.055485564404214	0.957507997906155	32
-0.00174309180449905	0.897889921813783	13
-0.012683130073514	0.91027829380204	13
-0.103023448844895	0.496847257871476	32
-0.07368891461979	0.615530786842177	32
-0.044189987530833	0.604218047320676	13
-0.111577027513941	0.594329392541296	32
0.079385719752616	1.0514227385934	73
0.121426421144649	0.783554098615403	73
-0.093194027507695	1.30349936115351	174
0.05458315804743	1.01709079995277	174
-0.081233966658098	0.864225430614107	82
0.016926538132821	0.843117290762185	11
0.023498391977312	0.537633487838775	11
-0.105894727997324	0.592376042206891	11
-0.087607778472368	0.75681867764888	11
-0.011396169543576	0.911580229027152	11
0.047137415933196	0.943014275824661	28
0.116173390454809	0.778042245863442	11
-0.039235949982492	0.407817090531948	11
-0.0388685667301371	1.44492210403297	28
0.10404021364154	1.67916072218017	61
0.119382506876284	1.71535332134591	130
-0.079693390202662	1.25181514161552	6
0.121157533630464	0.562641411840886	130
-0.043130046158663	0.412195598418682	130
-0.100386652938634	0.501541046103365	21
-0.019492454097792	0.309569888581179	21
0.118711842464746	0.566794476636639	21
0.115210024049845	2.05712419771902	32
-0.017990915085603	0.715132463991474	13
0.103002895687192	0.885137284372589	13
-0.110499589624328	0.814964735416497	13
0.114867098124382	0.785543925708955	13
0.114424834433841	0.562796275344558	32
0.016723177383746	0.639124979398826	32
-0.101783320746444	0.543395203333961	32
0.018885672934138	0.522135944160828	32
-0.083169172185107	0.783520043435214	145
-0.00526567606788397	1.04414181786704	237
-0.010605077248789	0.315930912800945	11
-0.01361649649519	0.315060797022341	11
-0.00982858021325706	0.31692388691876	11
-0.09212019816503	1.12542076118552	11
0.00241968795670999	0.623897988224852	11
0.069016395053646	0.419567014000366	11
-0.007132467371471	0.310144878918244	28
0.064625070470834	0.42612507746471	130
0.060268028272325	1.36019012038061	32
-0.017849746683785	0.815439383497251	13
-0.100695877474845	0.688853272082109	32
-0.048711606863172	0.383293544058286	32
-0.108619125885401	0.731108612392967	32
0.010044012672691	0.636804304937527	73
-0.120690339961439	0.390740942501888	73
-0.049099535622711	0.936462019056258	73
0.070008809791296	1.9736075273409	73
0.060740401730762	1.3224195303235	11
-0.013725189014907	0.316186421786018	130
0.094243763579256	0.887257243175131	21
0.10203871985208	1.38782136371959	21
-0.110969804395824	0.488856928584301	69
0.060267730580288	0.618726992671559	21
0.082831650020498	1.75753996858228	32
0.061911136116565	0.846042921500495	13
0.08435546503652	0.953340344333974	32
-0.08643031161739	0.68238884324334	32
-0.074950069940351	1.08800294137475	145
-0.087982768181724	0.606416749540462	73
-0.094674292924771	0.486606798283274	11
-0.03337747230414	0.619135238186065	11
-0.122535777022438	0.388288727700381	11
0.0325149476505821	0.99115534826038	11
0.0162764403462889	0.51836032861595	11
0.109094592367476	0.527727476398697	11
0.063880037127976	0.414575116397757	11
-0.048689683950482	0.400710670814	28
-0.011939976879768	0.313324556273144	130
-0.03221860069516	0.728274298966897	21
-0.112124178887123	0.473556920105155	21
-0.013798465009057	0.30666884837716	21
0.075198693331715	1.52106270025573	13
-0.099258539361987	1.0534970189617	32
0.019537733582096	0.920749102466683	13
0.10147465662967	1.22050767323306	145
0.00828832053040196	0.724873263680558	73
-0.00387879065414898	1.37919372251132	73
0.093557428008782	0.88475003545576	237
-0.087629559064701	0.591446216148931	82
-0.046216505558522	0.867889919840226	83
-0.064578902399795	0.748692706377068	11
0.011486011387136	0.730784832245139	285
-0.086412022310685	0.587579048048436	11
-0.065567966075041	0.681115750732699	11
0.00671556059733303	0.709636161815454	11
0.112739510655212	0.767815628594268	11
0.061500381336509	0.76200379413314	28
0.069806444498554	0.63881390449338	28
-0.062110679569241	0.447454444821999	130
0.118472070840108	0.558676548173919	28
0.115321479741458	0.561149981076435	28
0.064483684432268	0.432355787081799	6
0.116922903455323	0.561102100312294	6
0.118831115696337	0.557933621090343	21
-0.124480505176128	0.391034814866633	21
-0.069113018016545	0.662231654497957	13
-0.015945576329445	0.827429450357345	13
-0.064857313867003	0.832225340335855	145
-0.119723736030511	0.599912621567997	73
-0.0470895787814381	0.515386553151001	285
0.073910261374675	0.637659766774922	11
0.044194023560192	1.01139175113068	11
-0.104927362796431	0.758875800302622	28
-0.022130436330883	0.816546949545969	28
-0.013725189014907	0.316186421786018	28
-0.064154086913646	0.942884362843956	28
0.097440413398825	0.864239210567535	130
0.071038216896865	0.433632880550008	69
0.06922456115701	0.77836783742782	21
-0.00488274865803595	0.307380231816231	21
-0.019375424498721	0.30332921397224	21
0.108859401940829	0.544594433826639	21
-0.014687898500488	0.311861779805106	21
0.066888447913274	0.436059900944306	21
-0.0429325529740771	0.496307384499471	21
0.078745570105658	1.62637495060702	13
-0.062193490015693	0.93589016119493	145
-0.047532961776661	0.808159670326273	145
-0.075702125789968	1.06660156025049	73
-0.097722956718023	0.578169239548856	73
-0.124758046872549	0.581040975769958	11
0.0533163775433691	0.86796273770118	11
0.117292742240857	0.555675716623816	11
0.078136891279706	1.04011750481361	11
0.00356413623139595	1.03700168866851	11
0.10097154764754	1.07720350760895	11
-0.0862162519453	0.920245994242905	28
-0.115477023650961	0.745819065421239	28
0.010582197123107	0.731054888875654	6
-0.090517274709063	0.590127192160875	130
0.070750091846476	0.647252741594341	6
-0.034921660858129	0.637506554278371	208
-0.053177139412003	0.394591877345298	208
0.115705434083691	0.552303014239686	21
-0.048702947790611	0.509307627888848	21
-0.013794152332927	0.310263526500163	21
-0.027216999498264	1.88877987512868	13
-0.124922487783691	1.05677145715383	150
-0.108333542814131	1.39768708139693	73
-0.116154934010854	0.94316557858715	73
-0.00692968383584203	1.03909265497669	237
-0.112862655709886	0.823672233690415	398
0.00664560738129505	1.05079736770688	28
0.041782302020727	0.939618231708845	28
-0.066175839817986	0.708593421368873	28
-0.038414026174053	0.621880685977562	28
0.109154944307525	0.765010460917681	69
0.118262774655676	0.785733541460907	69
0.011276723803894	0.727861137232778	13
0.00341832420344201	0.731304280602787	150
0.113271811133613	0.785576887414259	73
-0.04178614229441	0.512435244854986	73
-0.077858242072973	0.935273493674618	73
-0.108438296172153	0.839599198397947	73
0.065649229392496	0.646265926294387	73
-0.076435006398099	0.615932704564225	237
0.075849967668526	1.01120940738825	237
-0.019492454097792	0.309569888581179	82
0.023717607686422	0.896773524307388	82
-0.044032071153728	0.412201562784315	11
-0.0435534716720239	0.689937130822003	130
0.064699686802547	0.730192773651244	6
-0.045860827144849	0.614020677738034	21
-0.063954171877077	0.482362309304192	324
0.000832318479371041	1.97142390661757	13
-0.065236885276004	1.44683988350269	32
0.094859586223676	1.29969053430856	13
0.076057214005983	0.660125792351056	73
-0.0584178639310849	0.946020896061351	73
0.048425676520555	1.54731084486205	73
-0.047226760847444	0.392259396330917	237
0.11528061866114	0.801555670071677	237
0.109818558530247	0.769201044413695	237
0.042810623241732	1.17132710490557	11
0.084581203455221	1.03416685665942	11
-0.015351349554288	0.312675934806691	11
0.06681588125377	0.739438606709575	11
-0.012838977535801	0.316055292646527	61
-0.048816568972772	0.400903912739628	28
0.00559428403656703	0.826461541214986	28
-0.0310672736020851	0.70460601263342	130
-0.037872485918066	0.715121374361056	130
0.068885889453098	0.748768741679356	69
-0.119439200212203	0.58184728014575	21
0.067849618770633	0.412566869807877	21
-0.050916630851332	1.17639248396865	13
0.017435530196964	0.813583945461549	150
0.085460695523387	0.935765667961795	150
-0.11719528377913	0.37662445844043	73
-0.02585826107712	1.34841539605658	73
0.0976131425768459	0.897730775896143	237
-0.075816390225245	0.602281787035382	237
0.00967894396519398	0.728998434638883	11
-0.060414281573547	0.780749152280104	11
-0.073241522927886	1.01268909580787	28
-0.011163305530183	0.306401520537475	61
0.057276191959626	1.1828602191318	28
0.02363320041553	0.535382005162911	28
0.065201925688168	0.754949127654966	6
0.045633650914065	0.998365100457649	6
0.036371972083442	0.893307520781908	6
-0.0513703083804981	0.39464993627257	208
-0.012838977535801	0.316055292646527	21
-0.00982858021325706	0.31692388691876	13
-0.010231771539124	1.50065414019062	13
-0.013629368206446	1.21106506836867	13
-0.092714149133686	1.68714350271623	32
-0.027387752853606	0.877840855297532	150
0.045126121738145	1.40937854143638	150
-0.0419199286705501	0.609634382228425	150
-0.049593354606599	0.522594246456922	150
0.113361246561898	1.13498794719932	73
-0.0811690574556641	1.11636270244629	28
-0.038333607792602	0.406543551526826	28
-0.052214172565102	0.77604711883953	6
-0.05270960966804	0.494384381633556	21
-0.043130046158663	0.412195598418682	21
0.11430736579056	0.559580271258146	21
-0.09214645946735	0.586592646890934	21
0.018885672934138	0.522135944160828	21
-0.042869286408908	0.624805129620573	13
0.039169784028924	0.926030923515649	13
-0.067608391821299	1.00269676384986	150
-0.0196100987261409	0.302302293346586	150
0.015894880192757	0.749043961627358	150
0.075807665998637	0.64731140329128	150
-0.0675166911130271	1.2376139187636	73
0.019421569824369	0.489445217543449	73
-0.032752371628885	0.723311445380183	73
0.016293242463868	0.80395583718691	73
-0.082948378817142	0.587069570756744	11
0.061828212733795	0.424901892480566	11
0.063598078205158	0.432451499672371	11
0.071694030783801	0.652535502933227	11
0.113794395084441	0.541369367400416	28
-0.051550882208889	0.379298395254485	28
-0.020468980221116	0.294967017444376	28
0.0308666815351341	0.531895505798313	28
0.048378348306562	1.02207880206166	28
0.00952958600609099	0.884827451281299	6
-0.121217936587184	0.561994540170732	21
0.015906010117145	0.644080883800528	13
-0.0377064040806659	0.395765639293211	150
-0.011506240200352	0.309080061396945	150
0.110240973228617	0.881938705867049	73
0.0136884595254621	0.92746370520501	73
0.008688346337836	0.907258566800206	150
-0.043479798599578	0.610424927295681	73
-0.05700607673556	0.952736492205696	237
-0.12476986098788	0.387335221208913	73
0.0264070940565641	0.538617054023443	237
-0.0726980819316591	1.57650199370339	11
0.0392154996705441	0.782809375753793	11
-0.062997496208336	0.901782823049589	11
-0.0548465412629749	0.392751794697908	28
-0.124910739527398	0.586538748540991	6
-0.103777737395636	0.493959205656425	150
-0.080131408929095	0.616526632416568	73
-0.117830493840223	0.383974057998659	73
-0.11725722075799	0.594144379318662	237
-0.072756904950684	0.696607214979672	11
-0.075897317370121	1.41876426580354	11
-0.027656448598282	0.690643949742809	11
-0.015189387284447	0.795121008215027	11
0.044076414465685	1.11024661163299	6
0.11528061866114	0.801555670071677	6
0.00909649014544101	0.633252934305705	21
0.116601127824572	0.549642462468935	21
-0.122798935892409	1.06723622989868	13
0.118493024403985	2.09053909234589	13
0.01683593460306	0.743993565881191	150
0.069406231051187	0.439848166989518	150
0.075518330379822	0.631706700746393	150
-0.043983895699092	0.622556615548469	150
0.095210810546993	0.849220599092849	237
-0.051729849707211	0.875082828473057	11
-0.053124159001598	1.2914250288153	11
-0.075797580104261	1.41588747204655	11
0.113528631060528	0.561504875013397	11
0.013057859061583	0.509773245218961	11
0.014108699342344	0.513545401509458	11
0.014157106454021	1.18751877459615	11
-0.099672912246519	1.08480481737509	11
-0.086204846470629	1.31163817621616	398
-0.077828805420834	0.755903741188852	28
-0.0411494210744791	0.794482068028271	6
-0.119920219226518	0.5880687867468	6
0.079311257186377	0.634274214100736	6
-0.078916453469787	0.66818931935286	6
0.117915939195016	0.809414457942693	21
-0.02828237517748	0.722312220427508	150
0.072554362634933	0.431497486746737	150
-0.044493753441435	0.400370986458641	150
0.00698241391211896	0.645817633180086	73
0.0683258658079861	0.387782085644817	237
-0.071937390635038	0.944894819714855	11
-0.088956954960382	0.924385813179358	83
0.041211169359357	1.33674317269699	11
0.038143819110654	1.87206097521498	11
-0.00209805493721305	1.61747163112842	11
-0.120834410284993	0.39046776638375	11
0.08421847276894	0.955362775250325	11
0.019185474472445	0.715849022778394	11
-0.106661658375795	0.478473944779951	11
0.068802586349346	0.419509122072025	28
-0.039355134698558	0.636220813027255	28
-0.035611121131367	0.941733181902433	28
-0.04616527999583	0.517864786173998	28
0.109260648523505	1.22729207280749	28
0.00978083000310104	0.877611447038766	28
-0.072813028233596	0.697411966162429	28
0.00868503209015303	1.05722810701204	6
0.122347739004806	0.985100628517406	6
-0.04792660810979	0.401859322564571	21
0.04054921465114	1.56748640264755	75
-0.037902587235477	0.624112737473883	13
-0.069937158114896	1.03535402733955	150
0.014053357695594	0.518294332973509	150
0.032352863938261	0.997752862956459	73
0.01411728950651	1.24678778681757	73
0.00130305869851899	0.698090290856579	237
0.118592160367263	0.567154085347899	237
-0.013911710834858	0.306910846998919	237
-0.054079838398569	0.391657119358985	11
-0.047916750864759	0.476338630342967	11
0.099498381198222	0.864969900509365	11
-0.06591898067036	0.705312285316169	11
0.11339060402008	0.799357077002587	11
-0.00157344481931898	1.30763819942482	398
-0.044321719216733	0.613566317242113	28
-0.039235949982492	0.407817090531948	28
-0.021836475125232	0.777256923492691	6
-0.038470989821821	0.405226733464665	21
-0.047894877134074	0.519521980441625	21
-0.062195819287272	1.90276813945025	13
-0.105466790859829	1.48981841351946	13
-0.019008168147285	1.28542691012607	150
-0.018597349798757	0.309462932848304	150
0.016704961582365	0.629413231999549	150
-0.090850513512837	0.686061201819529	237
-0.050185755003857	0.398300343928319	237
-0.115324964370471	0.478042873542063	11
-0.00679350762841302	0.987446455373977	11
-0.099979575753168	1.36503898467177	11
0.020251787712215	0.839282649605057	11
-0.00405054001782901	1.11708200675854	11
0.03194821453358	1.49459509716092	11
0.114375539831805	1.30963025735005	398
0.116377208701927	0.783611363304781	28
-0.087982768181724	0.606416749540462	28
-0.00410853714327997	0.308303730784552	28
-0.086288470717465	0.666481465605436	6
-0.093728630096878	0.496745236534066	150
0.06335187258491	0.420443627348521	150
-0.12298499375941	0.916622330901006	237
0.109873524225372	0.54213624830064	237
-0.039545179638944	0.608919213698119	237
-0.112318230755347	1.02035544909529	11
-0.00909895631022395	0.297671649348157	11
-0.105501956539279	0.493931778475346	11
-0.080131408929095	0.616526632416568	11
-0.0647261004216531	1.20697063411759	11
-0.107422732830875	0.650760675977401	28
0.054354094029253	0.731780320553492	6
-0.00500693403605201	0.308270041400524	21
-0.04616527999583	0.517864786173998	21
-0.03864598804271	0.620483975957727	150
-0.0480541166185831	0.398368670511565	150
0.026794712745621	0.50935775209355	150
-0.083579508159376	0.604677791917381	73
-0.110894245685138	0.819524857622992	237
-0.012838977535801	0.316055292646527	237
-0.123960741590027	0.913863902170263	71
0.00151344423949196	0.784506049363167	11
-0.0454906218768	1.09891465237963	11
0.0423469233214609	1.10692103105428	28
0.080511372337212	1.04613938077954	28
0.014993261866062	0.812749839304024	28
-0.058577592539799	0.788683216964924	6
-0.056504084688885	0.760169403942226	6
0.01330252957554	0.790652553836019	181
-0.0470895787814381	0.515386553151001	21
-0.083200096378339	1.45333545491956	13
-0.055743630765604	0.861980825226513	13
0.110524041460236	1.39981400737962	150
0.02427798641845	0.5325245117889	73
-0.018985696812078	0.947122105229031	237
0.116025303560408	0.796394357586833	237
-0.0120618899111919	0.308948097380784	237
-0.119013237398755	0.584281527305039	11
-0.055311624546614	0.90712186726446	11
-0.00803014611641795	0.316821733039894	61
0.113915393379948	0.550155457327901	28
-0.122487922682265	0.369635567210302	28
0.046411239939552	1.10105501146345	28
-0.0978266218235751	0.672635279763984	28
-0.083801498451434	0.60293360981798	28
0.084082028455097	0.807094748379579	6
-0.069054348495886	0.695611995839932	181
-0.121999677362541	0.384577812075351	21
-0.0568014536536881	0.491606983507779	21
-0.109870279404386	0.472711603230699	21
-0.019345123331819	1.58126474850687	75
-0.047932384567056	0.510849796890195	150
-0.118995758544534	0.574270266312152	150
0.014668970515186	0.588012130181061	150
-0.111554867246057	0.496635851957818	150
0.076880311228728	0.662341097982699	150
-0.015464516846835	0.305662257601102	150
-0.020388581089155	0.307110582507366	73
-0.050468507127388	0.396781130439899	73
0.071003200586085	1.54428096746169	73
-0.036506379526706	1.01236739136071	237
-0.068270964466652	1.18759337869452	73
-0.109666839465039	0.503027685890686	237
-0.040981585334411	0.363118101749388	237
0.015886116092924	1.22336877409247	11
0.01558163077233	1.06648805199874	83
0.00393627650998396	1.31049258367951	11
-0.044032071153728	0.412201562784315	11
-0.050468507127388	0.396781130439899	11
-0.063556745628465	1.18721278140474	11
-0.107239122089075	0.739131721398152	11
-0.00613648634922903	1.31803697779277	11
-0.01361649649519	0.315060797022341	28
-0.025162274154189	0.818346006195417	28
-0.052454999172829	0.590549745506615	6
-0.076740953520414	0.596248586414696	181
0.021938009527429	0.534450420669703	21
0.117618736798022	0.534242991013229	21
0.059932414526404	0.424370453860414	21
0.076504211747651	1.96507634544497	75
0.070844385809211	0.670903547594631	150
0.013044197753236	0.779295407558015	150
-0.079757021080968	0.605893791628595	150
0.025057183516072	0.518422306253853	150
-0.049616237819717	0.382043433436757	73
-0.013018387303469	0.305394747651446	73
-0.018471527741463	1.73481088180551	73
-0.105784116897951	0.67146264777698	237
-0.039578751189759	0.393100738709007	237
-0.044359524281912	0.402874132914225	237
-0.045707015090658	1.22255305608468	11
-0.071985870792768	0.86500750267079	71
0.060006802606865	0.841181888950925	11
-0.017916685678933	0.288360564036777	11
0.00314673824950196	0.30445504393939	11
0.00663398511218905	0.617571614358204	28
-0.014574696839767	0.313657849579674	21
0.113915393379948	0.550155457327901	21
-0.102269537683771	0.49701471436928	21
0.00720248846010396	0.617895455580192	21
0.012220981689036	0.509463563745416	21
-0.124758046872549	0.581040975769958	150
-0.01294918113959	0.309054921406304	150
0.124800092635096	1.54446473520022	73
-0.00551462394259306	0.782506970892506	237
-0.124705996220278	0.389762300618104	237
-0.046031724580946	0.85503044057572	71
0.015577310240698	1.64028449317879	11
-0.052273962696042	0.395551359038016	11
-0.056485745192235	0.494002023632646	11
-0.000971820178610971	0.608535934781842	11
-0.066263649065732	0.704207205608558	11
-0.114281945551209	1.05102800153324	11
-0.0122346038904541	0.810412474213728	28
0.038516090567599	0.925599607250421	28
-0.034005615705196	0.720533463244962	181
0.117115395465079	0.783530719635561	69
-0.015464516846835	0.305662257601102	21
-0.090927634565181	1.64589304327664	75
-0.0245967742527869	1.43146969830562	75
-0.040559988424593	0.402134005251756	150
0.00538207841918403	0.597676916777394	150
-0.022249644717029	0.287800543842118	150
-0.101516003565439	0.49427178291409	237
0.116226141979198	0.798082661764979	11
-0.053407692961132	0.49951132574629	11
-0.056884012255293	1.07183293223419	11
-0.094731709828633	0.899320880304332	11
0.016321259282548	0.654370407598451	61
0.059577678910826	1.18813581613282	28
0.117819911351376	1.23277384586404	28
-0.038200174270106	0.613666065589772	28
-0.077503480714239	0.672153153723505	28
0.014510300084168	0.844291512274675	28
0.012621752312158	0.514948551538307	181
-0.016810229125789	0.299886442326274	47
0.111667521840053	0.5344989958117	69
0.072554362634933	0.431497486746737	21
-0.00970493102937098	0.317500836457744	21
-0.058842767950268	0.501233914446157	21
-0.00892885205528204	0.318502007835874	13
0.019848193512767	0.528886448388673	150
-0.085650185752833	0.603091093874802	73
0.026273230831624	0.536849822685121	150
-0.124849245414304	0.387285703980688	150
-0.051507152092793	0.387318582253502	150
0.078746423416053	1.13665158765712	73
0.028880955334886	0.531613086862313	237
-0.093437472753974	0.561073836005177	83
0.039854253977673	0.994880872723139	71
-0.09891671506573	0.977253152264386	11
-0.073855268313558	0.914639589077139	28
0.117402170644586	1.28818808605192	28
0.110587081136066	1.07516582632491	28
0.091780932568083	0.858210380856223	28
-0.022139087225502	0.711545509685491	28
0.071790792482513	0.67065282068224	47
-0.00892885205528204	0.318502007835874	21
-0.048816568972772	0.400903912739628	21
0.105732849629902	0.884569726016024	75
0.023498391977312	0.537633487838775	150
0.015104561643778	0.521618861364361	150
-0.00444688987767805	0.99627352332663	73
-0.093438339287175	0.695767801621291	237
-0.00982858021325706	0.31692388691876	237
-0.05351948489061	0.513630822372894	237
0.01355929952744	0.994683591518488	83
0.038703538122411	1.39296162445702	11
-0.107000721107088	0.503069763082274	11
-0.057690092921226	0.505906085143532	11
-0.123846773291311	0.388367314745018	11
-0.027323487203932	1.04364750917783	71
0.075451248059348	1.58714439401841	71
0.103907993330819	1.28377258446788	28
-0.072284026188307	0.700965979758425	28
-0.120969450180853	0.668792718095733	28
-0.111742146827356	0.491419822984435	28
0.013702633703108	0.825176654442364	28
-0.056988238449636	0.503179693683846	21
0.015033565452495	1.75614135132844	75
-0.093018097743569	1.35052615805187	75
0.0932891762550731	1.22807341153448	75
-0.0437015569990959	0.510194608316731	83
0.110105008107065	1.39897641059724	83
-0.118160925340639	0.590553165426703	71
0.071972095634426	0.668273185953686	11
0.057649634655663	0.756728914344134	11
0.039022559742502	1.19123786390447	11
0.067003481006338	0.642626188908654	28
0.069121873043145	0.427973741385353	28
-0.00655662708117699	0.299487038219434	28
-0.104547403043971	0.506398742406122	28
0.049990535784011	0.863927679868024	28
-0.112230744878245	0.81371164686416	28
0.033939427547069	1.08271446741144	28
-0.122535777022438	0.388288727700381	28
-0.044933626021029	0.40981511450052	28
0.121917514731596	0.800564363802786	28
-0.01048144037592	0.308865429873861	357
-0.013907393366294	1.43294407009693	75
-0.050482042198403	0.597161497186122	150
-0.119979571297661	0.733453789154375	73
-0.122535777022438	0.388288727700381	73
0.111310965239026	0.532872397078695	73
-0.00995284175892697	0.30332720138209	150
-0.00995284175892697	0.30332720138209	150
-0.0754449708546841	1.00268692319541	237
0.022214868018242	0.516990361783781	237
-0.091733647614436	0.585389563268144	11
-0.120831118699126	1.36141050598567	11
-0.107861183194842	1.09736710204961	11
-0.016275678766395	0.908932485112336	28
0.092682512180108	0.855325279187717	28
-0.043129503242024	0.941951657437739	28
-0.053777981043304	0.857850037112734	28
-0.070814427441505	0.692589243360342	28
-0.084282882083911	0.606050854203155	28
-0.052096334122076	0.500378582581261	47
-0.037568405681732	0.403984477501453	21
-0.052905543833312	0.392547553962473	21
-0.084058178001181	1.05598492716543	13
-0.048821766972845	0.522174076293237	150
0.036233365476614	0.780496312110327	73
-0.028046339608889	1.46909253297414	73
-0.109004223673496	1.13325732597718	73
-0.055009011911021	0.939582904836166	73
0.00894073554180996	0.62976295664235	83
-0.071079407669417	0.855504364593391	83
0.006830837345284	0.817591682747562	83
0.012130918704686	1.05691907475771	11
-0.053041149730492	0.396676473540463	84
0.102399240792	0.879702454573889	11
-0.110815416769745	0.731067167089396	28
0.070293371164231	0.435109466361679	28
-0.058830100067228	0.790000748252138	28
0.064483684432268	0.432355787081799	47
-0.049782750312747	0.515490481442162	357
0.041698892003377	2.19008576441736	75
0.092805195086285	2.2637656416688	75
0.083336904050181	0.957311873718929	75
0.043106310528531	1.90577641780861	75
0.00946552387208399	0.631916764326648	73
-0.10057491700978	0.49762977577629	73
0.037099220360999	1.72981083527938	73
-0.105630121574517	1.36189545061939	73
-0.110242048170816	0.480639998571158	237
0.117160203658832	0.542660719808251	83
-0.123663154828584	1.2167403664605	11
-0.08975950603226	0.472532504840739	11
-0.066638339059934	1.1723094007115	11
0.000172411943065054	0.603075003853077	28
0.096624000503069	1.32969947020813	28
0.013295686347904	1.05456258375679	28
0.061364385270843	0.99755100256348	28
-0.108115130848704	0.655028272195013	28
-0.078276207014316	0.621375890184173	47
-0.015464516846835	0.305662257601102	357
0.067491834118112	0.433842030818118	357
-0.101085797693682	2.16690106586557	13
0.025663699323899	1.53368350842116	75
0.00463363277286499	2.02248183219389	75
0.025831520664972	0.917224832899753	150
0.016200631850233	0.724269479610572	150
-0.094454723668786	0.634644298365779	150
-0.00970493102937098	0.317500836457744	150
0.018223911664521	0.851721236841562	73
-0.116368536904916	1.1516404173093	73
-0.095219237216109	1.42288576690796	73
-0.032022813522524	1.0336427790431	73
0.101705475325526	1.36216242136057	237
0.078105885922757	0.662229842119475	237
-0.042704807081509	0.390963259345767	83
-0.042992281470992	0.408635794989607	11
-0.0178320888401911	0.861913075115197	84
-0.11063628855734	0.485177970985438	11
0.04749926671411	1.12525106169986	11
0.069205608203716	1.23790061287455	11
0.05366193978886	1.43418222702245	11
0.076923627726599	0.944609089761249	28
0.022200563254039	0.90000247368524	28
-0.078335611557855	0.582113852133222	28
0.00968891530095894	0.827099407005546	28
-0.0403922056692499	0.607195509976847	28
-0.040053814852653	0.616062036199201	28
-0.038331643706919	0.703318639494616	28
-0.027312468386077	0.80244191119371	28
-0.041010136669826	0.635087522877757	28
-0.023771186518402	0.821787780102464	28
-0.122805584028008	0.563347553745342	28
-0.011163305530183	0.306401520537475	7
0.11433543933379	0.801989528344235	357
0.0123547192221199	0.518489851984098	119
0.026326231993374	0.531667426184375	150
0.015991670027049	1.29500963342604	73
-0.022819187608946	0.88886225054371	73
-0.101616926121555	0.671473233284667	237
-0.027937896826155	0.733086554586931	237
-0.124819041688663	0.895076266681	71
-0.120546428534412	0.386041246218127	71
-0.0835965228378061	0.616058375738558	11
0.035011417529118	1.33043369854928	71
-0.074944957945885	0.694740634959343	28
0.000172921113687052	0.61842050055225	28
-0.113637405219134	0.465704426860631	28
0.053528203507224	0.736704751443958	28
-0.041706403447648	0.61531978948303	47
0.0783641764352721	0.414981244253768	47
0.063598078205158	0.432451499672371	357
0.014510300084168	0.844291512274675	75
0.068377761739654	0.438459087939051	73
0.111524553289614	0.734465845996641	73
-0.061104118225038	0.489385547100558	73
-0.120056008331839	0.387144466749456	150
-0.046826104407779	0.785407065280222	73
-0.101516251820025	0.917796619189749	73
-0.049782537955589	0.393095839783174	73
0.078567385300743	0.382330835892317	83
-0.033629238660133	1.00055957157786	83
-0.061743508829847	1.24866589553818	71
0.070687717524996	0.640037783496533	71
-0.036502798913981	1.26737687068972	11
-0.01361649649519	0.315060797022341	28
-0.039578751189759	0.393100738709007	28
-0.023400885236096	0.817587650857677	28
-0.036561872463322	0.622199700806582	47
0.06108403712569	0.421243823302343	47
0.011212828139469	0.631978769031636	47
-0.044779516666059	0.511114125379161	47
-0.050050957364469	0.404578020274008	357
0.011022136138317	0.633864465391961	357
0.100374405148294	0.8727440921097	75
0.071632252812043	0.636374045420771	150
-0.079832127390129	0.664766198257646	150
0.00786069595830496	1.04906901010931	73
-0.00815865514118297	1.01126232502019	73
-0.048048759684709	0.794723452891789	73
0.117817152089475	0.565519775622773	237
0.077348413185742	0.718865986407097	237
0.122072604899222	1.19868219836779	71
-0.029519512250179	0.724469356390454	11
-0.087070074374067	0.678104824346647	11
-0.116274823983614	0.823618938774855	11
-0.00803014611641795	0.316821733039894	28
-0.077945317614019	0.851578930461297	28
-0.108629771883616	0.899325992956428	28
0.114912294754157	0.526366854241581	28
-0.114204918956256	0.747496166289764	28
-0.034923751053644	0.608497110892449	28
-0.119948715504801	0.597218271826048	47
0.070927996727133	0.64112240831113	47
-0.014501617581933	0.315189615441222	357
-0.04792660810979	0.401859322564571	357
0.073299378002798	0.430068934762967	119
0.00111452839213799	2.11708251123104	13
0.000492781336642989	1.89826512562377	75
-0.07387483328394	0.674447752765692	73
0.023263922962493	0.535654714698154	150
0.010596300676636	0.650325042394398	150
0.011628071149614	1.47233025373617	73
0.052821255822242	0.730173611348734	73
0.119366783364388	0.56303609799039	237
0.058771794728539	0.863030600252847	83
-0.10749375649154	0.766541751508734	83
-0.080887420883909	0.900148279459083	71
0.058310470470942	0.932074686904253	11
-0.115405992125692	0.59157336207534	11
0.019152629416228	1.01567973889095	71
0.065470556207157	1.06911827405392	71
-0.018970472344995	0.886012479390486	28
0.101683457358248	1.10170989938555	28
-0.0477950826343581	0.399756823259929	28
-0.121613208378138	0.390655039514768	28
-0.030620457327072	0.704697671088	28
-0.067859891083506	0.868362398579013	28
-0.049628374254108	0.512745394805926	28
-0.0358373419095041	0.617271011485551	47
-0.085767193893706	0.591460019340172	47
0.022852786067489	0.53179501496772	63
-0.011939976879768	0.313324556273144	357
-0.11161820367012	1.57801557744409	75
-0.0069810467443	1.28506491906541	75
-0.120561530139609	0.676489995627195	73
-0.056640195922892	0.767899219199592	150
-0.00862352901788899	1.5632697431348	73
-0.08704842960021	0.917153373258859	73
-0.094813588814715	0.741363770975586	237
0.120398258565133	1.09175208835969	83
0.0125356684346269	0.915926903856704	71
0.027210347429048	0.904105938923285	11
-0.00933882932708596	1.13296122338786	11
0.116928364595621	1.40413275886478	11
-0.0188228926699709	1.23862929280302	28
-0.0286242023201641	1.05237420478891	28
0.00126199817135797	0.814935453624319	28
-0.061420220532282	1.04181181720361	28
0.046116231970736	1.1063156568766	28
-0.123128857346868	0.580810415806851	28
-0.098667809115217	0.493219775930969	28
0.042753596891508	0.844538169349168	28
0.00685383575978005	0.622112767408303	47
0.122575991058342	0.79426578102127	47
-0.054291438751225	0.518575807754953	47
-0.053364520060616	0.519676272979715	47
0.066484157934528	0.41887339855024	47
0.062326629155958	0.430771485978296	47
0.019062091169413	0.521730196843113	7
0.032047243774039	0.518610473191323	119
0.116243891754192	1.09102741025224	13
-0.082791436342467	1.49130086994341	75
0.117802927686812	0.783244870852985	150
-0.020574838572856	1.40795226849257	73
-0.025693211618126	0.873139035610339	237
-0.068236314148231	0.687008322020399	237
0.121496208088582	0.808269760212458	237
-0.049283165074923	0.403387762736119	237
-0.107037251050244	0.589132526380839	71
0.030488897680978	0.867319166498465	71
-0.026153214020758	1.02470883220015	11
0.116397384341458	0.548469394778649	28
-0.081985286532277	0.921183742472862	28
-0.107864256123627	0.911446920563128	28
-0.117628776215573	0.580018813058242	28
0.010579558165981	0.633646839669564	28
-0.122737300102771	0.665215576994504	47
0.069264134732277	0.439827478899429	47
0.063456856495021	0.428665577714597	47
0.106264146696608	0.51027599295221	119
-0.00892885205528204	0.318502007835874	119
0.00726255111616803	0.809771914671302	150
-0.0900287877099471	0.582511270630319	150
0.120484035024524	0.775804583156415	73
0.00958153575334397	0.753158843264922	73
-0.059958703886606	0.372790761365448	71
-0.040137829271028	0.4064492847758	71
-0.114579295648509	0.753847052297383	28
0.07321219152671	1.02276633991252	28
0.0440839174543271	1.07161114617738	28
0.060071289758812	0.420965801098386	28
-0.010882779987117	1.86817090695234	13
-0.048930331404204	0.607469192319565	150
-0.100098673908572	0.668314823121811	150
-0.014574696839767	0.313657849579674	150
0.078763030853376	1.36702266346652	73
-0.112305440539235	0.862589439510458	73
0.067633286811483	0.440000422425588	237
0.123140824723935	0.557016585706143	237
0.063213293294461	0.432110750409799	237
0.07696407624139	0.937353398392036	71
-0.043406736921898	0.397409255459741	71
0.114810189202466	0.552481054222991	71
0.021565844663458	0.537992674976471	71
0.014497760402623	1.20129776308617	11
-0.079128629220705	0.841366029736822	28
0.00459816997670903	0.73573267657478	28
0.014313006867854	0.958738841204369	28
-0.01361649649519	0.315060797022341	28
-0.029910353989838	0.691561306209656	28
-0.063501182676913	0.695918103835016	47
0.071385897574359	1.1731659718912	47
0.00340028264612302	0.812780504414927	47
0.114035993151764	0.550923549002204	47
-0.00892885205528204	0.318502007835874	47
0.011205320980519	0.496698763449818	119
-0.012838977535801	0.316055292646527	119
-0.048217867042936	1.96694196925659	75
0.020161835069161	0.904012925185825	150
-0.097615740119673	0.691764096110579	150
-0.117414449127263	0.892307821827207	150
-0.078824439309501	0.785220985673369	150
0.118322604465838	1.23907097179696	150
-0.056648088791002	0.704164974709286	150
-0.057921538573758	0.782114052980028	150
0.00554103884493096	0.898041027525828	150
-0.048339816863035	0.85076215627068	150
0.055661393949115	0.911451503402795	150
-0.005236832192829	1.60353550020224	73
0.059892938191887	0.76412615216038	237
-0.119129923165113	0.966420568800929	237
0.120151391267282	1.50339235316022	237
0.00414674741391996	1.45134899369279	71
-0.076270483715646	1.19419426881235	71
-0.02340265710928	0.81886708250729	71
-0.058184958442998	0.845386055742161	71
-0.067562402978643	0.6666558958957	71
-0.06979451112922	0.682251480894552	71
-0.00216866081598099	0.884390797038648	210
0.071638811847473	1.18483980681276	11
-0.081011502286515	0.611102903008821	28
0.00000114441708098934	0.712472057200155	28
0.0434216526307401	0.846914949700531	28
-0.049782750312747	0.515490481442162	28
-0.121787188950439	0.594834084720299	28
0.00167114051732098	0.626264075384744	28
-0.030281772992434	0.730078163813832	28
0.121102466087909	0.789708886807666	47
-0.08811342741717	0.600545452930951	47
0.119864773757357	0.556910287058086	47
0.076729936470506	0.41342043149666	47
-0.096785661269092	1.46666868995453	75
-0.077097110142569	1.11061968109253	150
-0.061108438827004	1.06091042438745	150
-0.06949411464832	0.895144708997834	150
-0.07516757336494	1.11658984529997	73
0.081125862761442	1.84283000948182	73
-0.036643724353477	0.708379785902483	237
-0.027802276410982	0.913139643041541	237
-0.115092980653746	0.977166519581626	237
-0.07447518122168	1.36173782591726	237
-0.09856991896657	1.07816906834877	71
-0.117370156459123	0.884168054441531	71
0.0688209895126341	1.28802919342634	71
-0.106829458747244	0.924894644510068	71
0.00494188790360806	0.82414953003953	71
0.014165388483193	0.877642157490318	28
-0.04620399781762	0.783489245690758	28
0.0881940461187281	1.0961694610276	28
-0.12102947127237	0.679778326553373	28
-0.07571490640582	0.929900261876274	28
-0.0571767560112521	0.797311539259464	28
0.093265166579959	0.880647115434839	28
0.058160522269658	0.422185832718437	47
0.121157533630464	0.562641411840886	47
-0.101117421337181	0.649185399931604	7
0.063456856495021	0.428665577714597	7
0.0399450453228311	1.59098068265379	75
0.06574558337422	0.949096491429128	73
-0.035651581924671	0.930433691646272	150
-0.098332373584601	0.49091029597346	150
-0.095984905626389	0.576344060939169	73
0.00194001682190204	1.27183387427671	73
-0.113301277401119	0.911901182816677	73
-0.04945313239259	0.395977417753327	237
-0.0571767560112521	0.797311539259464	71
-0.10967197186779	0.475700719866243	71
-0.059924950642401	0.986896764424374	210
0.114250278644537	1.31427478094731	71
0.115826467741342	0.548104643779689	28
0.057236727467807	0.765964486397174	28
-0.00982858021325706	0.31692388691876	28
0.114816020144505	0.72049268584421	28
-0.037505318493788	0.876582689693943	28
0.045755553102218	0.949155646200239	28
-0.036561872463322	0.622199700806582	28
-0.07941308842884	0.609223378747202	28
-0.045638569836566	0.615191615968821	47
-0.083232920829039	0.589553171507773	47
0.068519536271809	0.441380219868766	7
0.11232745992697	0.542422127634312	119
-0.092853014677177	0.581861203934511	150
-0.124068355025114	0.378468314165927	150
-0.091983272496486	0.98902763078561	73
0.080474427090898	0.9611252479046	73
0.019579786428194	0.511910211840987	73
-0.07188357529596	0.860643774505562	71
-0.052866996791194	0.46575905359725	71
-0.091251254248161	1.25162567566158	71
0.034794092535719	1.77589669665284	71
0.014744357772612	1.01152738627233	71
-0.0423933456783691	1.15339726559419	210
-0.013725189014907	0.316186421786018	28
0.046394115853709	0.937634243089245	28
-0.042777014499126	0.507746887077871	28
-0.031520871019597	0.711492661238785	63
-0.013725189014907	0.316186421786018	47
-0.017703273150746	0.306858362541725	7
0.075112826705757	0.663115572108359	7
0.017835793177896	0.513296204562799	192
-0.044373352488878	0.515144794530882	7
-0.039656312125721	0.391686646980518	221
-0.00488274865803595	0.307380231816231	75
0.064625070470834	0.42612507746471	73
-0.00671377362003001	0.284974711145153	73
-0.066486118795274	0.810212490383115	13
0.050474502166789	1.64262762631375	75
0.067491834118112	0.433842030818118	75
0.024179871109717	0.534155904375252	75
-0.0155826841517041	0.310339255644924	237
0.016049515879463	0.530857771828957	237
-0.034035035930322	0.379027403511433	71
-0.043290731920245	0.785293625016937	71
-0.00590636495901897	0.302807104737618	71
-0.018597349798757	0.309462932848304	71
0.113528631060528	0.561504875013397	210
-0.068244487620311	0.687258022586445	71
0.00685383575978005	0.622112767408303	126
-0.048689683950482	0.400710670814	28
-0.048244849856168	0.406955391946174	28
-0.049579393327674	0.399758982143648	47
0.11232745992697	0.542422127634312	47
-0.014574696839767	0.313657849579674	192
-0.00970493102937098	0.317500836457744	119
0.052034745773041	1.60259081493944	75
-0.076325838116326	1.90806047808128	73
-0.00772180929206401	1.1442518226306	75
0.063334692762791	0.584222261898615	150
-0.077347913865314	0.619983756871626	150
0.00457327903444404	0.824733013519758	593
0.112106531339305	0.521366580665311	705
0.016912833787243	0.513339085270154	150
-0.119147864174531	0.901639933088553	73
0.110234794103438	1.0315237791239	237
-0.0687637703638611	0.858594388213724	71
-0.076712358055092	0.840539428049096	71
-0.08637637581839	1.3496078591375	71
-0.043894534424995	0.410996983198176	210
0.0191558689957601	0.514696581477713	28
-0.0442522546529121	0.809117329600602	47
-0.123781156717485	0.387591184771052	192
0.042025476024195	0.813798677530741	75
0.012488625647101	0.88502752957032	75
0.120266752801627	0.536673333952327	150
-0.018597349798757	0.309462932848304	150
0.114684255689507	0.521137338854314	150
0.019867692787883	0.532016652689034	150
0.011416368579805	1.61284146953852	73
-0.035312971098679	1.0466917751376	73
0.058510227092356	0.406143649820346	237
-0.079792900216797	1.2273090444632	71
-0.053493865100161	0.386536200234228	71
-0.089201848275863	0.758114121421234	210
0.017970845615803	0.521156519576382	210
-0.108911192969096	0.504621230759894	210
-0.080381615084145	0.6056352841235	210
-0.086120508284639	1.06497276307411	71
-0.119793254548068	1.05695239879852	71
-0.0550637865203421	0.518992084506934	28
-0.00790770863982404	0.309202841698513	126
-0.12471622314249	0.574047442942515	28
0.120796428231655	0.976156470828598	28
-0.101423994940508	0.774168488170813	28
-0.12017284064159	0.589428190617854	28
0.113105457582985	0.530380928076321	47
-0.022710869235709	0.290802993420401	47
-0.123781156717485	0.387591184771052	192
0.069488995322228	0.64791043334096	221
-0.049903369105302	0.51473559505039	150
-0.045395373200964	0.51606217262893	150
-0.075201735636995	1.02392661273688	237
0.064848562991136	0.431730141173306	73
0.011193727585457	0.636438242220796	137
0.022210812550059	1.05948284478974	237
0.067949306953123	0.643643066536413	83
0.022544190265851	0.901567566618369	83
0.0197914657079949	0.986262345090256	83
0.014969995215034	0.519301140807544	71
0.054629020448723	1.21519310654435	71
-0.00711856074554396	1.40099115776809	71
-0.011041991695689	0.306042792393098	71
0.114912294754157	0.526366854241581	210
0.084521099601514	1.01982305511828	210
0.00928915695055899	1.04884963901719	71
0.025211389203958	0.989628759441728	28
-0.0472093892074	0.944184388453774	28
-0.048244849856168	0.406955391946174	71
-0.011404041512164	1.06671990774339	28
0.096534506463401	1.19157630912571	28
0.0535465150518401	0.86130925882901	28
0.072874087399013	1.04104551595867	28
0.00749367735343298	0.819530995409897	47
0.068876844529042	0.423857543307475	47
0.119864773757357	0.556910287058086	192
0.122828503972471	0.543778081313159	119
-0.014933374265388	1.46437139544218	75
-0.00317935340992703	1.36967183618851	75
0.075074674136618	0.426674458278382	150
-0.017916685678933	0.288360564036777	150
-0.027301006692294	1.05914392250618	73
-0.087312497669762	0.688650280729452	73
-0.118382952033118	1.03100036861229	237
-0.12017284064159	0.589428190617854	137
-0.00892885205528204	0.318502007835874	237
-0.0187143913562779	0.304662826642224	321
-0.030985618175807	0.783496962957068	210
-0.012838977535801	0.316055292646527	28
0.110145353363726	0.533733805669636	28
0.017257925638072	0.896961797930698	28
0.102087742385214	1.7338728945568	71
0.066857987228251	0.418520473672826	28
-0.04803117830063	0.856298711581467	28
-0.0399555819695691	0.932814746159111	28
0.11071797661478	0.895700909324992	28
-0.015351349554288	0.312675934806691	119
-0.046711343488246	0.590809647446861	119
-0.101519652756778	2.06009275971956	75
-0.119285208551564	0.589246186940484	75
-0.019677099624793	0.904069040934291	75
-0.069758085388831	0.973703470983452	75
-0.115350751621873	0.382048353722809	150
-0.05351948489061	0.513630822372894	150
-0.044169994961996	0.407139792394907	150
0.011547022070064	0.652985195995697	150
0.0510711124209881	1.08205004271371	73
0.018670687106853	1.16208863410601	73
-0.033869159575368	1.0319423194659	73
-0.0626930340430451	1.23984258003435	237
-0.020755035484437	0.825178573568994	83
0.092095222727484	1.72468769292664	71
0.12149071960688	0.79951417468766	210
-0.013100852390576	0.867274058315791	210
0.0821270791859871	0.650625990953337	210
-0.120928757323045	0.384530412907281	210
-0.082446696530543	0.61625865401819	210
0.065735846267476	0.777580781550864	210
0.012305699255412	0.748058172355984	210
-0.049792853961302	0.863049440525811	210
-0.06545535268154	1.02653831538023	71
0.069983845704214	0.63604217825946	28
-0.042821652696179	0.393335032693113	28
0.107568378102535	1.02328162676711	28
0.063655587136739	1.08904978220392	28
0.048772865409462	0.934040916516823	28
0.00813615852076999	0.648048810734036	47
0.017370853484888	0.731839752713157	47
0.063418087836018	0.399592537027254	47
0.121942827829863	0.546976165401366	47
0.00264935967595703	0.595988274796284	7
-0.040001284917993	0.406650564037102	119
-0.055170211986657	0.383457922685242	119
-0.106909040883201	1.31998276838043	75
-0.088233109195731	0.811391082100548	150
0.032470405676259	0.905894629505759	150
-0.087108030484706	1.27799956121402	73
0.0467199940462471	1.10621401894442	73
0.122760242714326	0.974094947750158	237
0.081528887111384	1.03242436335305	137
0.018351006793215	1.77410505690193	237
-0.07448719846092	1.42527748464245	83
0.033637609755293	1.07850617329533	210
0.00327445282434602	1.12884207191625	71
0.0209604256713249	0.935115395928765	71
0.04164291964511	0.933337742248453	28
0.01180881642944	0.836700972395084	28
0.012360838831725	0.735824500451366	28
-0.0120618899111919	0.308948097380784	7
-0.120855571652729	0.591935995848686	7
-0.056381076248064	0.379870725668892	7
-0.038470989821821	0.405226733464665	119
0.0653697397049981	0.429862202393052	119
-0.038401746583398	0.611127157415398	295
-0.07031247978123	1.18740595852353	73
0.055596883564814	1.44274645065111	73
-0.124962795278996	0.562371563375542	237
0.10637508151219	1.25341067624308	83
-0.025249382089543	1.06225439171207	71
-0.018987549753989	0.816986005383772	210
0.079307263267267	1.18281679260522	28
-0.116064951259724	0.680702839753611	28
-0.080997227050465	0.741128892582527	71
0.064990358012645	0.763165938501736	71
0.01460219635139	0.643694942612456	28
0.117178499825798	0.807037909960107	28
0.0881118197673581	0.957261349154858	28
-0.075592770607395	0.608266063692403	28
0.114696118426248	0.773608602970549	47
0.00793243977485703	0.646913516626343	47
0.018459330975387	0.842080421656872	7
0.057759222432302	0.411614157522088	7
0.026273230831624	0.536849822685121	119
-0.068312980259382	0.748812557681272	73
0.045135625471089	1.12609755575089	73
0.014103228944643	0.953403079245811	73
-0.047445229356275	0.647321612220569	150
0.075877262451725	0.660545318220594	150
-0.033503558769418	0.795291092541201	237
0.035412375274387	0.995100027680472	237
-0.100520107994615	0.915768304113122	237
-0.045760127556895	0.943615996661982	71
-0.106011609671142	0.987238905786485	71
0.082866091008108	0.972064608988581	71
0.043836771655714	0.706059051354572	28
0.119597099140214	1.071626244838	28
-0.10511212740458	0.507791066916886	28
-0.049140051604242	0.594035463388657	28
0.011044494581879	0.813498530138139	47
0.109637091634132	0.542822493203178	47
0.068006935596176	0.653665016645174	47
0.111585541995412	0.77230010441659	7
0.024243922921018	1.41334734158752	73
0.050260727881028	0.748996775419962	237
-0.049037468032069	1.01266601817156	71
-0.0645018425295391	1.37768639151418	71
0.047759300645783	0.939141115760197	71
-0.0667644320305359	0.93618291834594	71
0.021885390942469	1.44935370950942	71
-0.038656944873304	1.08190569652067	28
-0.00181177103997099	0.701408853057723	71
0.00684402364937298	0.948000782672552	28
0.00251110492306805	0.731583411422487	47
0.044310618291886	0.906698916093852	47
-0.087889451446427	0.597378516083918	7
-0.107603540671056	0.48095231336501	7
-0.052172617567966	0.482001179132583	119
-0.052556431749378	0.50513104065426	119
-0.051995596788519	0.495380097447564	119
-0.056642570289426	1.25894057123203	75
-0.080879757122359	1.13580250094708	75
0.015385905076055	1.60415220564928	75
-0.055415056087174	1.00118190798078	150
-0.072686558457822	1.06843034086854	150
-0.017794786428624	1.83880058647649	73
-0.03719414561886	0.87290183830341	237
-0.078029943715006	0.605233129135279	237
0.075032612843099	1.50347036662448	83
-0.029916671538006	1.41671835600384	71
-0.081515192776153	0.859226923420268	71
-0.048776965476911	0.779384850495763	71
0.024622023939002	1.10140825821009	71
-0.124521057980383	0.811972595248319	71
-0.032173814877636	0.707459086102393	71
-0.119948715504801	0.597218271826048	28
0.032077743927671	1.30998685735083	71
-0.118096687345859	0.738789317383357	71
-0.04785999755653	0.51382017834803	71
0.065257687830916	0.419599052217922	119
0.117697679668593	0.56271240244714	119
-0.109666839465039	0.503027685890686	119
-0.014574696839767	0.313657849579674	119
-0.048242158661865	1.42118842680397	150
-0.065465554105159	1.00401657265333	150
-0.119123764434454	1.26613442072686	150
-0.031971213593497	1.3819075480914	150
-0.013503166057979	0.809038683665415	73
-0.081958739578734	1.13453737986182	237
0.00139871242878498	1.3941467699864	237
0.0176621268809229	1.31392948584311	237
-0.122740633761704	1.559746504162	237
0.048842039193439	0.929640889044076	139
-0.069396992605454	0.839918213858227	71
-0.093945330078133	0.915327122105415	71
-0.063197953833588	0.77450002362549	71
0.123339960196806	2.18351490825987	28
-0.00947476989120199	0.751923635798159	71
0.075116647984624	1.65329984227127	71
0.020131777899136	0.515469625487819	71
-0.107356990585798	0.494496762766147	71
-0.058068487094977	1.4771081549097	75
-0.109043826222962	1.23280351208131	75
-0.02625847392682	0.875387314258363	75
0.098763421367464	0.866649584624609	150
0.105201841692455	1.65424589993945	73
-0.115703156447771	0.478084265991393	237
-0.035092477405236	0.77745459404797	237
0.095588281600451	0.868127441441557	321
0.011216066858999	0.842442562817583	321
0.106852027933906	1.10877252359792	71
0.014211009188519	0.926702620564676	71
-0.064456979080931	0.687232136313448	71
-0.117712838427964	0.823381995833513	438
-0.052573639092762	1.19191134430354	71
-0.089698915985807	0.82186951890985	71
0.075679790892175	0.659300905760965	28
-0.109300541793455	0.481544744424571	71
0.059612030764618	0.942096253951319	71
0.070616631457067	1.04169055542801	71
-0.031626735168055	0.721862702670471	71
-0.090356703773519	0.56866104429251	71
-0.055042575437106	0.576807679597154	71
-0.100016487278307	0.491300874520614	47
-0.00803014611641795	0.316821733039894	7
-0.123701743876386	0.39084114052046	498
-0.124237177751507	0.380766419385311	498
0.112367080675745	0.54186033991125	119
-0.04556093775951	0.406004438403604	295
-0.044359524281912	0.402874132914225	295
0.023931278761532	0.733390835228837	150
0.118831115696337	0.557933621090343	237
-0.0979393711688889	0.491294338703416	237
0.0667474826529491	0.435336018331494	237
0.066214719661567	0.411106870311268	321
-0.105689047990273	0.496817518399787	321
0.0871545841485341	1.00240908587866	71
-0.050173610031332	0.484377420313713	71
0.061687642624523	0.412552602556045	28
0.001379156843899	1.31752924828972	71
-0.091163804685254	0.925183613363668	71
-0.0453653356967591	0.395481806451312	71
0.120466949653821	1.34131936518488	71
-0.107725340903961	0.86201603059542	71
-0.039352643308455	0.906049816653412	71
0.017687830430162	0.935996511935316	71
-0.043590399230256	0.401725227091282	73
-0.049782750312747	0.515490481442162	73
-0.060296350749575	0.699116398519697	73
-0.048244849856168	0.406955391946174	150
0.043840373755251	2.07205424964438	73
-0.10225028736907	1.05701312605509	237
0.023723647371976	0.640124813685884	237
-0.00282823700317303	1.39889731545607	139
-0.0794151301741301	1.3730989577615	139
0.030086615982138	0.532309079921578	438
0.089813821413769	1.72326461193661	71
-0.071175526337566	0.894317768096078	71
-0.109114321106959	0.478044763244641	139
-0.105887059852154	1.22447543792669	71
0.062365028671867	1.09963477622541	71
-0.042992281470992	0.408635794989607	71
0.113021046811614	0.545097722456295	71
-0.01361649649519	0.315060797022341	119
-0.033850293544507	1.40759937446334	75
-0.070281460706249	0.596248312931702	75
0.055191332711553	0.86718683109802	75
-0.107211901198406	0.502817666100458	75
-0.052709118938947	1.0374027940618	237
-0.061320190904985	0.485687509479052	237
0.061440409141435	0.426289674429354	237
-0.014574696839767	0.313657849579674	237
-0.103395032181937	0.499111402323719	237
0.06635332258857	0.419500359514162	71
0.070242128934605	0.61506910899975	71
-0.077220149760907	0.604333896348628	438
-0.097799445338867	0.800098756414894	438
-0.00637359722103703	1.19827936103928	71
-0.102801911047352	0.722526841845325	71
-0.123701743876386	0.39084114052046	71
-0.103336591433347	0.686897297314279	47
0.063961330573013	0.4331846632987	47
-0.0196100987261409	0.302302293346586	166
-0.054291438751225	0.518575807754953	166
0.00813615852076999	0.648048810734036	295
-0.085824431579002	2.01386277027713	75
-0.046834738269538	1.08028816071435	75
0.022555048943018	0.915183234683244	75
-0.025722516616593	0.729338840414287	73
0.045205958424566	0.848504242449888	150
0.116209729686209	1.15053592248326	237
-0.036667209732657	0.883394173566521	237
0.082818724470754	1.29292997213151	237
-0.09622201637805	0.489389591417893	237
0.075472698420643	0.646238539253514	438
-0.107676655072526	0.657385707381	438
-0.034561629487244	1.54209148991415	139
-0.074534630111212	1.2342313852395	71
0.067849618770633	0.412566869807877	71
-0.044470952143236	0.516010248994798	71
-0.023724026037133	0.8573697468392	71
-0.029503893157277	0.981557828739893	71
0.004998098043416	0.819355732086489	71
0.00528526715796995	0.64468207157204	7
0.114810189202466	0.552481054222991	498
-0.097605519800341	0.891929918156464	75
0.00167784240409996	0.814109151009708	75
-0.10057491700978	0.49762977577629	73
-0.115382123909334	0.834749877306308	73
0.072412392212858	0.426651293880761	150
-0.078350003012473	0.566437235680629	150
0.040254091364296	1.17081606835839	237
0.122212965370984	1.02628798471866	237
0.06040943364778	0.951183745547427	237
-0.010766658353382	0.302102112406983	237
-0.0423911619038591	0.790243143384999	237
0.0124483637396871	1.05835360674281	73
0.063112755479496	0.62884337154173	71
-0.043455214455886	0.950868587507432	71
0.0682105244461581	0.624613905613754	71
0.010709104836669	0.995363424337845	71
0.048139189833474	0.933425336391075	71
-0.023200152845098	0.785460012955936	47
-0.011818676804906	0.305117962315837	7
-0.008805806501751	0.315834023375974	7
0.118831115696337	0.557933621090343	166
0.11687948885458	0.546287275110238	119
-0.0225231829981291	2.27156321374086	75
0.023794397241257	1.33172814909657	75
-0.0425401433036891	0.861489368547638	75
0.0526249845894941	1.49044722656026	75
0.01513408643212	0.521965623043793	150
0.026964040600446	1.13466243222236	150
0.096108629065749	1.00614235923811	73
-0.042359541640111	1.22203472373536	73
-0.051850895496996	1.24500084223149	237
-0.050252792533788	1.27096927307855	237
-0.107866623702282	0.91736055434501	139
-0.124758046872549	0.581040975769958	438
-0.119115145356839	0.748312536950022	438
0.019928105776456	1.08325950300237	438
0.031798897728375	1.32274122928394	71
0.023397414936465	0.537821187773379	71
0.074900791491941	1.21386219009306	71
-0.075901046245713	1.00439197322416	71
0.04676154570825	1.32096419752922	71
0.106714709351975	1.0083600760546	71
-0.100926718792922	0.687463873516361	71
0.0783487141772	0.631252616602486	71
0.112247314631622	0.543578440668961	166
0.065061075574278	0.615086675452856	498
0.029173442019833	0.529139054308102	119
-0.049628374254108	0.512745394805926	166
-0.121910791110796	1.95292915839262	75
0.044229363272173	1.56937264933508	75
0.013051673686813	0.821283717282423	237
-0.123053338390411	0.56335665656711	73
0.050300344141259	0.930119304266668	438
-0.0392394871301091	1.19130156497578	71
-0.088627579836466	1.09164553097206	71
0.102622542023314	1.58802318720061	71
0.019663232333655	0.907595822569755	71
0.114429112191257	1.42685196177782	71
0.068000915921776	1.02827457721702	71
-0.0677784987330891	0.872337754633411	91
-0.101920053424784	0.48451317327562	47
-0.051446643223971	0.520071723013377	47
-0.046279431027317	0.509400378136396	7
-0.011163305530183	0.306401520537475	166
-0.123089390674182	1.8744253563625	75
-0.110981550224589	0.439258638722966	73
0.027957306801805	0.722327038974792	73
-0.121732497978452	0.59003307503681	150
-0.035391880409255	0.694979698799358	150
-0.0979554549178721	1.12620876264983	237
-0.041940634751532	0.502654951582293	237
-0.052403160037142	0.509505009228168	237
0.07603051119764	0.648819404407028	237
-0.050631793576998	0.48427752270206	73
-0.026863361627134	0.9222128231191	73
-0.072409529804789	0.671123590867711	73
0.124320664789998	1.94299512323045	139
0.031528580041134	1.80679995545708	139
-0.045262635972152	0.401510425047226	71
-0.041010136669826	0.635087522877757	438
-0.079408800743672	1.0238120023668	438
-0.057475952581769	1.14093566057765	71
-0.026921419980445	0.968339997838877	139
0.04163374125146	1.01132572740273	139
-0.078728181111229	0.61003714490878	139
0.069753579461867	1.36536216829466	71
0.018203648321831	1.05057851713141	71
-0.096338613548605	0.840023917186752	91
-0.121136802122895	0.870070667371978	71
0.038139590539261	1.00534303464472	91
0.036302346039722	0.966889176583505	47
-0.058002887344925	0.760361680485892	47
-0.0196100987261409	0.302302293346586	166
-0.04945313239259	0.395977417753327	498
0.05652800053971	0.416143122703038	498
-0.017819707208135	0.304571574191317	498
-0.059227140082779	2.25245582002214	75
-0.058212925209293	2.1867482586267	75
0.073977606783923	0.840405458801595	73
0.083000201674998	0.389509530618177	150
-0.099317978144145	1.00757346017988	237
0.062712920985683	0.430120146475084	237
0.122584129673626	0.774505880371969	73
0.010998527834421	0.729851978008541	73
-0.074441826182208	0.607689637217472	438
0.036428031829705	1.01062378420263	71
-0.111126426188367	0.795111044436406	91
-0.121712342713957	0.574279096484971	166
-0.04027476902646	0.399615782537617	166
-0.053981639717654	0.503940506525869	150
-0.105073998114569	0.470997212640637	150
0.068179317608024	1.59857623784754	237
0.117590843028853	0.78015916506856	237
0.0200118912649641	0.750224443159933	237
0.084417808390243	0.934513677752842	73
0.093152415438112	0.964879447762325	139
-0.1080907455844	1.16614348389027	139
0.063456856495021	0.428665577714597	71
-0.017849746683785	0.815439383497251	71
0.048953745950697	1.66934010620893	139
0.011628806245972	0.83763887643301	139
-0.039149099027228	0.634741488462381	139
-0.021638056567808	0.82557935236388	91
-0.03266076683244	0.708998823279833	47
-0.0161284235885391	0.304267228775723	7
-0.078609659902902	0.600405786382171	166
-0.054909366171195	0.516508739984301	166
0.036121213248475	2.0267025922433	75
0.046264738581419	1.40828206560524	75
-0.031094787303223	0.607609484623322	150
-0.096657859035444	0.959676247444403	237
0.0631157579532871	0.873460533320644	237
-0.036784768624023	0.635030923862844	73
0.038431518329797	0.905821756628665	139
0.025062184323187	0.734182812199013	139
-0.099196486872272	0.66568148203139	71
0.117853217819258	0.778485961024708	438
-0.059290230696557	1.10283645256225	71
-0.115124359010162	0.806645247403024	139
-0.061203907524733	1.32213636742793	71
0.08988688705448	1.78605475861266	71
0.062712920985683	0.430120146475084	91
-0.00975521732485296	0.291788645777122	47
-0.015272970857384	0.809698252642252	75
0.068737117896616	0.415750865348135	73
-0.017819707208135	0.304571574191317	150
-0.039373111001338	0.40387775449218	150
0.0139661237604271	1.47100502627831	237
0.015027425608546	1.00944282961089	237
-0.047184270211136	0.594162142661757	237
0.0251928350501091	0.529916442477946	237
-0.052791312598368	0.492485133007867	73
0.100988050671919	0.899658438730931	73
-0.107469024066704	0.761654230082694	73
-0.011841383815543	1.0531211974688	73
0.083583073330079	0.91536527859264	139
-0.095150348818856	0.835829506154806	139
0.073809470725106	1.25744372846034	139
-0.0474765729195	0.405749238765891	139
0.10021754047843	1.09445754286025	139
0.123378627270175	0.562449660472841	139
-0.032842938551326	0.992919082998333	91
0.046063274751033	0.901482104351603	71
-0.026037953897288	0.800268242828896	71
-0.043492172442931	0.683777393013455	166
0.072281408290036	0.655425253211404	166
0.053252069138141	0.832666873454711	166
-0.110986233645659	0.489743540147046	166
-0.010184121011853	1.20776546115845	75
0.059932414526404	0.424370453860414	150
-0.0471639045179409	0.399312968288547	150
-0.043130046158663	0.412195598418682	150
0.018175715372836	1.98328432268729	73
0.040299500648258	1.61478650332075	73
0.042694567286393	1.33092647406367	237
0.0252382639927991	1.04618690438915	237
-0.046935578756901	0.516286859478654	237
0.051275066741884	1.00475249243249	237
0.016296033771858	0.639604947918739	73
0.071722841670106	0.732113286131246	73
0.102887121564407	1.15978825111585	139
-0.0662777421925	0.952124885446361	139
0.120800394385091	1.34749340635313	139
-0.108618038104504	1.0314316436764	139
-0.0810664225451579	0.762607059403123	139
0.117375403047557	0.545858384158351	139
0.071632252812043	0.636374045420771	139
-0.04616527999583	0.517864786173998	71
0.010166333067588	1.27363425950687	91
0.121406458084734	0.947974959658164	71
0.06522786651293	0.430884513519925	47
-0.055613620426899	0.389576069437807	47
-0.03406571118349	0.714287710261721	166
-0.031414349707263	0.619826536504379	166
-0.043268198451977	0.409487017373687	166
0.03730768810477	1.86683873893377	73
-0.051586703964066	0.849720112177635	73
0.063961330573013	0.4331846632987	73
-0.124942255267012	0.73199269040806	139
0.119807943605989	0.808501803560608	139
0.08023845270854	1.05343076374902	139
-0.070038713921165	0.867777210510735	139
-0.095774075303752	0.915606872056834	139
-0.116573414594696	0.950691118547221	71
-0.044997804412017	1.14705601151906	71
-0.031384775562306	0.858864091246499	91
-0.100198053106288	0.50028231125801	165
-0.110998050108518	0.477907369042083	166
-0.108740995414227	1.21143759306735	75
-0.063410592117685	1.08219979783454	73
-0.11864983376852	0.894142689423449	150
0.123373269871325	1.37316087928882	150
-0.118434626819052	1.05515565465799	73
0.051610357832849	0.946365511098877	73
0.00713452859831498	1.10026629561387	73
-0.123395307909188	0.5694732454575	139
0.016895269654569	1.01130567032643	139
-0.078172729385022	0.92217177620256	139
0.042602637808917	1.12747110345145	139
-0.118188936989323	0.562375539273839	71
0.0495759616879911	0.826981877166054	91
0.112088309630601	1.01350229483194	47
-0.083115720123187	0.605026205924012	47
-0.00995284175892697	0.30332720138209	166
-0.120911765064723	2.04905591955373	75
-0.051671695440176	0.795629085882075	150
-0.052569728130385	1.19772889858296	150
0.071667500586969	0.428047218528271	139
0.012161581150032	0.63734730212933	139
-0.0470895787814381	0.515386553151001	139
0.080276980438182	0.656250262905153	71
-0.108533227674711	0.496103613733451	139
0.119747013553629	0.780769947134824	139
0.058037455101431	0.767733112966401	139
0.019867692787883	0.532016652689034	71
0.0635547530160731	0.404789234562038	91
0.00135118984889604	1.05343506822799	150
-0.014005097740134	1.28046229462731	237
0.072475814020996	1.07552931896672	73
-0.073768599162624	0.85809974179762	73
-0.02882403544418	0.724020341768268	139
-0.013529240121686	1.01888057283022	139
0.078243949818903	1.66751655650324	139
-0.070670857060495	0.69362660488875	71
-0.038113268390234	0.616633440324874	91
-0.038942297132805	0.626934073936219	91
-0.049782750312747	0.515490481442162	71
-0.026537958201765	0.932993986558801	420
-0.086133746632761	0.610442729976083	166
-0.050468507127388	0.396781130439899	166
-0.063849489275973	1.50353342019349	75
-0.104278181196296	0.91024181465742	73
-0.022619740908762	1.01451453671124	73
0.116059445390788	1.62919674910268	237
-0.028758398037626	1.3629080106407	73
-0.021842019436571	0.789347365068404	73
-0.060748477122837	1.10733049841186	71
-0.053614933746251	0.780840155516142	139
-0.022312413366941	0.70649852246022	71
-0.106614777492251	0.592002262730391	139
0.059468327762919	0.782197290096793	139
-0.051478480785542	0.512859978526031	71
-0.051478480785542	0.512859978526031	71
-0.056562838137365	0.49552580215755	71
-0.103238920165784	0.494241754874404	71
-0.018910255669743	1.03350122730813	420
-0.107000721107088	0.503069763082274	166
-0.046534005403425	0.879022942066863	166
-0.01361649649519	0.315060797022341	166
-0.096023706236199	1.17052869702335	73
-0.033700662427269	1.29896013493897	73
-0.011721323301643	1.28010564307919	73
-0.045032614639908	1.06738204809924	73
-0.112661327056942	0.738807743423048	139
0.018641995889886	1.17076018779252	139
-0.0782680610782171	0.786851634835462	139
0.106020736693526	1.3054395349706	139
-0.034877616970131	0.691907882933206	139
0.093341490764379	0.883555292033628	71
0.069415514940225	1.36675166879817	71
0.017804399760149	1.01274514378949	166
-0.104922110994925	0.50169142469444	420
-0.049782750312747	0.515490481442162	166
0.07340369113431	0.66140196640353	166
-0.054015156322659	0.79294663494781	73
0.044551751278979	1.03416428131419	73
-0.097336807740252	0.99938254611273	73
-0.038032037927176	1.06958289850313	73
-0.081725428996305	0.66331645614062	139
-0.104706814592196	0.930155839020106	139
0.100462004498963	1.00554158136317	71
0.00679992478577196	0.895647577823053	71
0.007070421194043	0.736190705327686	420
-0.069061261690636	0.838029140666272	420
-0.031288990989976	0.703042145145565	420
-0.06980672474854	0.766602585165876	7
-0.080524044034272	0.608614578214967	166
-0.122397193662732	0.567759595138146	166
-0.068840136307465	0.708241706663402	73
0.0189313278590399	0.534355046176976	73
-0.109718008214117	1.28150316537178	73
-0.082556476285758	0.572223048986814	73
-0.119408801025247	1.1333461821451	73
0.111195317273967	1.82343188402112	73
0.00606865082772301	0.82194163982856	139
-0.114157420526033	0.650768705930036	139
-0.11165053412549	0.731689965258094	139
-0.0838323973017731	0.776667136812499	139
-0.051233848040983	0.392886952385523	71
-0.074351376876962	0.85056772783207	71
0.067967404752353	1.29458963971767	71
-0.044101132720239	0.59538725446043	166
0.061728328344961	1.3627158360795	75
-0.098970969391968	0.689510060464048	75
0.029140169214367	1.26039367411702	75
-0.044390764000885	1.0385697690089	75
0.066888447913274	0.436059900944306	75
-0.053944084331453	0.395711376744076	73
-0.064066745561369	0.855210406834395	73
-0.089830847554316	1.46421878833339	73
0.116523720669242	1.33931385834297	73
-0.040699212599861	0.397503934475301	73
-0.0117180614894949	0.993199789505012	73
-0.109649707951253	1.08212659177271	139
0.092087378362768	1.70149648617974	139
-0.08569062037371	0.599255953295038	139
-0.09233035778353	0.497732108796072	139
-0.051446643223971	0.520071723013377	139
0.0151644947445601	1.39922755455582	139
0.072023652945963	1.30771655739369	139
-0.075530429573399	1.27175595559417	71
-0.091300265382899	1.09462486481909	91
0.062953694794142	1.09635111616159	71
-0.102304528538459	0.774380807188518	71
-0.023910340372329	0.883465810849235	71
-0.124679233409942	0.679996552550758	7
0.065291226651905	0.645481313766793	166
0.095832310387891	0.885607254220892	166
0.046167381227373	1.32706035230729	75
-0.102218845216182	1.41700391942079	73
-0.042478610905006	1.60263192443445	73
-0.0390210042540891	1.27635967832229	73
0.01351629318723	0.831773363191355	73
0.084220547492868	1.04507277773708	73
-0.122453995934233	0.677741614154206	75
0.070663926742673	0.661459424540945	75
0.02978587359096	1.0989057350508	139
-0.01414936098788	1.59597536748937	139
-0.038731960806656	1.22172018868615	139
-0.115136295017755	0.794663370000392	71
-0.0554565617475929	0.783842153591787	7
0.101235012340871	0.889177634352796	166
-0.033100628499423	0.716957235545067	166
-0.00349595001446601	1.31256909052367	73
-0.071495624416687	0.698360018745554	73
-0.107002744009607	0.481824344530706	75
-0.038542373278397	1.18956829256602	139
0.080020107591651	1.63019276792669	71
-0.114543769115327	0.830607795248758	71
-0.123854925847314	0.678870188136474	71
-0.0441608679714141	0.508429125307223	166
0.077390868805613	0.670943884363265	166
0.00298148413894495	1.60096711451074	75
0.012989508343542	0.836155914221784	75
-0.091981498658674	0.846935042347164	75
-0.09233035778353	0.497732108796072	75
-0.014404809538346	1.36991854095325	75
0.010903695956574	1.86112172542179	73
-0.037475009728755	0.608905651474823	73
-0.030954104967702	0.727960531673568	73
0.049418401460957	1.03099466673003	75
-0.038990665563242	1.39299419854417	73
-0.122392402993574	0.388090797304114	139
-0.030569684477162	0.738190820862068	139
-0.049782750312747	0.515490481442162	139
-0.116973455104515	0.58633201754311	139
-0.01657604818406	0.816328608078424	139
-0.107614605855398	0.884036192574482	91
0.123427521765245	1.47407410421708	71
-0.0721541842606021	0.699440535247264	71
0.076057214005983	0.660125792351056	166
-0.000751741005103002	0.795627936640738	166
-0.123361628500085	0.656454122024075	166
0.058837106106642	0.748468364351924	166
-0.045751951521143	1.01003990055828	75
-0.035434805650423	1.35119478079275	75
0.106380632602552	0.519380882757106	73
-0.042274830212094	1.11034698601913	73
-0.105596692411871	0.993031813045961	73
-0.077801442460813	0.61365476356867	73
0.01343173101354	0.624076844648299	75
-0.040579254837578	0.615460628274682	139
0.0585592404134681	0.857310893290284	139
0.00401641098414696	0.589244790276573	139
0.011456022713446	0.729558967542124	139
-0.00204894450703497	1.42373037868543	139
0.0182636382870059	1.5821850467658	139
-0.065198548010214	1.43804926966384	139
-0.099716907370595	0.842626077898694	71
-0.113186572973728	0.594276257656529	139
0.087910963451703	1.70384378828122	71
0.027180819704749	1.44456837230508	71
-0.00679350762841302	0.987446455373977	71
0.048635299345725	0.735434836258168	166
0.066857987228251	0.418520473672826	166
0.00394090494351096	0.624984487095682	166
-0.083115720123187	0.605026205924012	166
0.078221415206658	0.415539966572639	166
-0.040707349389634	0.514114235242719	166
0.080225024341143	2.33412874751365	75
0.080588280250058	1.05967950036456	75
0.02272111185514	0.936877583476064	73
0.00877625134760896	0.724561284698051	73
-0.046935578756901	0.516286859478654	75
-0.055168009126588	0.757430974023589	139
-0.00489435637922897	1.27763782679467	139
-0.026712816776167	1.05840586883457	71
0.07782415879395	0.666775907726914	139
-0.00735796895133201	1.27097393670271	71
-0.0553889205242331	1.1128352066311	71
-0.075841143540153	0.937398051678782	71
0.019579786428194	0.511910211840987	166
-0.079792752357983	0.569138325046628	166
0.062621153157991	0.737885735420243	166
0.072554362634933	0.431497486746737	166
0.015629950332357	0.51056806493026	166
-0.070560489427697	1.8943517670923	75
-0.066100531590143	1.19647832126815	75
0.0602334518001551	2.07592398114338	75
0.077621192862768	0.950042426822736	75
-0.015351349554288	0.312675934806691	73
0.029027769949062	0.62866630156853	73
0.029537212870248	1.77715467706704	73
0.119487082845237	0.568434385429255	75
0.060679666890223	0.416091010943002	75
-0.104761524704407	1.05484575777506	139
-0.074118883135978	0.618945130091812	139
-0.070273742735903	0.608477508191523	139
-0.104532403683273	0.488268288874867	139
0.051093460139698	0.905164905152507	139
0.096568936055901	1.36644775535811	139
-0.081384994091275	0.600613946084509	71
-0.00421913202040902	0.797530720693885	91
0.042949592058483	1.3119697004876	91
0.076105076096887	1.45130407777698	71
-0.044933626021029	0.40981511450052	7
0.11433543933379	0.801989528344235	166
0.056197083692221	0.733542065233967	166
0.063598078205158	0.432451499672371	166
-0.081420244921143	2.18775514537025	75
-0.070659704802028	1.35817323304928	75
0.118067045768627	0.769065700839854	75
-0.122658675462954	0.743466301317328	75
0.078768292868985	0.668052985565846	73
-0.096331680716647	0.764640022430465	73
-0.096962208141674	0.691273566639117	73
-0.088265669562076	1.16647890925053	75
0.073582782627551	0.654773152811973	75
-0.062720765127698	0.773970349432805	75
0.113581386284042	0.490972531084869	139
0.0225838560763521	0.537766539488347	139
0.058041650657626	0.937554589502788	139
-0.06913650862018	1.15086043787124	91
0.118252847564723	0.740348397961915	7
-0.113378058254099	0.75266370764748	166
0.067183007066263	0.650009057233071	166
-0.024282141628894	0.835729099502222	166
0.0896401688022051	0.981336178265835	166
0.036667787331813	1.63315800879328	75
0.090921802164362	2.40837690428007	75
-0.093902978562438	0.680863607608609	75
0.015760443720536	1.1505086450158	75
0.04355759409366	0.819674435296773	75
0.00507683992004504	1.1319023350644	75
-0.018597349798757	0.309462932848304	139
-0.022520596980221	0.82349005369056	139
-0.083685449993033	0.760395683943806	139
-0.0558365285727111	0.515414931338954	139
0.118711842464746	0.566794476636639	139
-0.106652529809671	0.655202079217772	139
-0.0914185236992619	0.848113381806251	139
-0.037568405681732	0.403984477501453	139
-0.115076327005931	0.976973998504868	91
-0.061280535536513	0.938365456047437	71
-0.0937298725633	1.07399002049617	71
-0.06749024621608	0.695015927873726	166
-0.110336102201255	1.18659467852777	75
-0.00332699139144399	1.65678800732074	75
0.030329482501085	1.30375924542077	75
-0.00565738873681998	0.299537160483406	73
0.11430736579056	0.559580271258146	73
0.018562127540546	0.832218593635434	73
0.077333410561631	0.413585336870388	73
-0.11718338372301	1.02449927082488	75
-0.085663285543544	1.23574030933832	75
0.0148352816066361	0.505862908400054	75
0.124976393637841	0.786274113366696	75
-0.040492745050744	0.500076369706429	75
-0.049562372270563	0.601827425122947	73
-0.092150772826034	1.07535827822566	75
-0.098639282896683	0.97860585398545	75
0.00755928066636502	0.629479735184584	139
-0.013794152332927	0.310263526500163	139
-0.102269537683771	0.49701471436928	139
-0.068581930748901	0.741185321185974	139
-0.078824439309501	0.785220985673369	71
-0.115141598892436	0.638291073329439	91
-0.00982858021325706	0.31692388691876	166
-0.049628374254108	0.512745394805926	671
0.083851466126621	1.87617050525666	75
-0.012098887844604	1.62007483890405	75
0.117744867353435	1.90349091610851	75
0.024259788692193	1.89357993265328	75
0.060948837068566	1.07168278260693	75
-0.048821766972845	0.522174076293237	73
0.013054118584867	0.923729365394925	73
-0.0633676924104321	1.01682228804007	75
0.025072086235577	1.47067079217066	75
0.113365151217295	1.32424395615412	75
0.021449216844179	0.730320597151719	139
0.058160522269658	0.422185832718437	139
-0.123924678071962	0.387397962027264	139
0.020899408272635	0.841587912722442	139
-0.110774408839502	1.11933854887049	139
-0.040001284917993	0.406650564037102	71
-0.031924987569091	0.630401018875751	71
0.021938009527429	0.534450420669703	91
-0.119944557839729	0.813073709607853	71
-0.075837577169519	0.692923987923217	166
-0.032874049515234	1.81735262040877	75
-0.025469702042233	1.66748676037636	75
-0.0219115014685211	1.89319545071636	75
-0.091199179665576	2.48960018316515	75
0.085445473361659	1.6563586310634	75
0.016183966330907	1.0444916627958	75
-0.0549781460105599	1.02178693441476	75
-0.090629732505062	0.699581408449303	73
-0.085061993389663	0.594559331920776	73
0.080787972185311	1.65780893632734	73
0.0326517071340851	0.996843188465568	75
-0.072527873494459	1.42856455765099	75
0.112758663890285	0.735644096734641	75
0.081732414744706	1.03667111978365	75
-0.048943732879637	0.395425264643665	75
0.109832199034426	1.06395714028663	73
0.118262774655676	0.785733541460907	139
-0.075064057985701	0.817837456855062	139
-0.08994478551049	0.760827665450888	139
-0.0670267119733921	1.18978389082203	71
0.082243755614525	1.02578223611509	71
0.110448078931617	1.39376493462611	139
0.059460357068801	0.755080215343428	71
-0.0388361178298861	0.624236604338895	91
0.013361589852985	0.83430426701469	71
-0.107589823970751	0.481095861527196	166
-0.101871692923496	0.764045352278196	73
0.068009803684429	1.10931413262653	73
-0.010315318428305	1.6638807498221	75
-0.075122075098181	1.16958521505441	139
-0.104260186367465	1.13397575702765	139
-0.062875502275483	1.17299803937593	139
-0.075615332867491	1.02757501524188	71
-0.011449902709302	1.10010737729207	91
-0.118759815058568	0.875329697618725	71
-0.00322252436789705	0.947091485161624	71
-0.00892885205528204	0.318502007835874	166
0.049030017556172	0.956938361489314	166
-0.087763134758328	0.607636246896249	166
0.058753063258882	0.77747123949009	166
-0.105420115286276	0.491850225193471	75
-0.0330845911040421	0.782845703496446	75
0.015068819932293	0.808878679560331	75
-0.113563953724942	1.65239996595806	75
-0.00491730531892398	1.11719599564574	75
-0.035856493804217	0.493971964593274	71
-0.051478480785542	0.512859978526031	71
-0.039865137429834	0.400622648323206	71
-0.013725189014907	0.316186421786018	71
-0.085477884776756	0.572157864719995	71
-0.050399449493757	0.507907117895005	39
-0.044165639066209	0.87052787267625	166
-0.108533227674711	0.496103613733451	166
-0.118652092564503	0.996468269270259	73
-0.061044540968519	1.14483306051352	75
-0.013181543050371	0.901653962263028	75
0.063627504859925	1.29237438236728	75
-0.088454297062097	0.920719976820297	139
-0.104811748356264	1.0515314854896	139
-0.036533325877986	1.28532779000633	71
-0.052930888058955	0.803579955711495	71
0.090845522799561	1.29304163970641	71
0.0296770617130691	0.995677109930825	71
-0.053579029725631	0.846400006561583	39
-0.054616736158607	0.925454852323581	166
0.00307440817589699	0.818319508464295	166
0.017921213503391	0.740867617944195	166
-0.032006529665769	0.722343080375229	75
-0.094436655581106	1.5621067889159	75
-0.041613708173451	1.47857392824185	75
-0.067332781330633	1.53160308617555	75
-0.0555743750505861	0.797673882703395	75
-0.111993590271296	0.815801779444912	65
0.11430736579056	0.559580271258146	75
-0.0798948629309451	0.824978663214981	75
-0.111395587190367	1.04279211661866	139
-0.084299902320425	0.614178685569143	65
0.013507186057626	0.715654283877926	139
-0.046405678803643	0.588414967390543	91
-0.035962179494508	1.2361565411885	71
-0.041040396667719	0.870737503135748	71
-0.055107061911091	0.838771876394312	39
0.091828982941945	0.802780219547933	71
-0.017160572291107	2.26550943389969	75
-0.0988174597913321	0.650428525133584	75
0.061291928072966	0.758710511129315	75
0.118375587861734	2.07829539260923	75
0.054614026922335	1.32741477778941	75
-0.062292050728108	1.35984217513343	75
-0.106601982997825	0.494154876221431	75
-0.111204540824438	1.03739813660397	65
0.062736087408056	0.779028352577544	75
0.086225253896044	1.76123427260415	75
-0.114971052167631	1.1630360102821	75
-0.047489671121949	0.880418997113593	75
0.065140879305831	0.86186430504607	139
-0.09873001736763	0.693656200460639	139
-0.083005174364707	1.09408249667941	139
0.079979641180882	1.35985201103454	71
-0.02039992563064	1.10327513110017	71
0.110955862762028	0.744280029594344	71
-0.109783930613122	0.704740707205675	71
-0.013911710834858	0.306910846998919	166
0.098028679900653	0.869117963296958	71
-0.00892885205528204	0.318502007835874	166
-0.09580499263563	0.642195507600354	166
-0.107603540671056	0.48095231336501	166
-0.112172698818343	1.08020576461708	75
0.094496404590472	1.3735502183915	75
0.088548355556351	1.40042323516801	75
-0.10028847819441	0.969156515493908	75
0.00570282991115301	1.30913996671058	75
0.018053384421906	1.21271660736464	75
0.086973689098742	1.59812739798961	75
-0.119510649455816	0.679213533278344	65
0.061179346625785	1.03140778536697	65
-0.00441592646233502	1.07267908942831	75
0.063826058505857	1.3750006535183	139
-0.103292134414922	0.678785130986309	139
-0.052549516967501	0.785873166216666	139
-0.00163907547567099	1.06255881581532	139
0.01355929952744	0.994683591518488	71
0.112832022700712	1.08299391076936	71
0.0250375258844821	0.737179732919035	71
-0.0238421314033011	0.794032797019219	71
-0.064080884338543	0.741828628734695	71
-0.121286026052847	0.590162942483061	166
-0.024675927245246	0.807507835474588	166
-0.010885961029942	0.292576118013267	166
-0.070651570547528	2.04198903796612	75
0.034513988004975	2.49039676858807	75
-0.014284867632445	0.698666096552877	75
0.011112388588864	0.744700752662471	75
0.017824596061886	0.834547151500403	75
-0.053808672249088	0.802777929756232	75
-0.00264558512215696	1.14003428996444	75
-0.0195161623679569	1.37763495953359	75
0.078357004137492	1.0609851465302	75
-0.089755232853414	0.999524607203052	75
0.06452410654565	0.646114965388743	75
0.117041758160061	0.558310828630404	139
-0.088186403439705	0.908870837887825	139
-0.109306713294752	0.589748193415947	139
0.012344767465111	0.916429695987043	139
-0.040009631644687	0.702219714436137	139
-0.117941839315397	0.374964937852756	71
0.074501761916065	0.674529245680133	71
0.107999430734613	0.769298149555332	71
0.013110680599499	0.639883420796028	71
0.067240573262337	0.422826856256187	71
-0.0155826841517041	0.310339255644924	71
-0.109486425103607	0.480826982022911	71
-0.015464516846835	0.305662257601102	166
0.076626391545516	0.666338041962669	166
-0.119469739017392	1.9129404634471	75
-0.042633845134296	0.579114423402383	75
0.078254745461865	0.955060453319847	75
0.00949822637332898	0.634091165461615	75
0.063790303308034	1.21555619712936	75
0.0977049219115001	1.48109007782319	75
0.071038216896865	0.433632880550008	139
-0.030569064819732	0.385526787249587	139
-0.111783801715016	0.743233856944194	139
-0.076740953520414	0.596248586414696	139
-0.084207954495472	0.598704965738782	139
0.00506560040325899	0.618460024067168	71
0.075217597457691	0.418545870081284	71
-0.019492454097792	0.309569888581179	71
-0.101540602222609	1.55939339203202	71
-0.029497197495289	1.7606693256023	71
-0.054796886039004	0.483622515524079	71
-0.0499883828264211	0.56531459640735	71
0.072554362634933	0.431497486746737	71
0.114810189202466	0.552481054222991	71
-0.111863257900746	0.739427460748409	71
0.020376033087006	0.510030935486796	71
0.0199362421928559	0.518044328233635	71
-0.123490720949266	0.561716350710827	166
-0.081807138559935	2.15310010520403	75
-0.088601299325168	1.55054660242275	75
-0.032613130413349	1.19944401986451	75
0.037704608642494	1.98050889030976	75
0.011547022070064	0.652985195995697	75
-0.104559639620586	0.491992907228422	75
-0.117024157254592	0.584803687154256	75
0.099931580721821	0.862455452629691	75
0.05712870500845	1.39408529310725	75
-0.038621261511923	1.33004636930241	75
-0.079315931731115	0.758602446889651	75
0.121589569633863	0.559379656313962	75
-0.068245315886617	1.09321481913911	75
-0.072004521225429	0.664208262207548	139
0.06062753825447	0.618536086805473	71
0.058950611434087	0.755741098405719	71
-0.052437348927203	0.518468276514385	670
-0.03149842353595	0.706434724526951	71
0.019020846584976	0.521380675238532	166
-0.00725491526491795	0.309749652385185	166
-0.116987640294914	1.62732543824047	75
0.019749210885659	1.12010583813513	75
-0.00629436736663502	0.966855580411652	75
-0.10585756670834	0.898827229384479	75
-0.091155294165974	0.760360572104362	75
-0.0624543898137589	1.4594809010083	75
-0.066705736312797	1.2724957878042	75
0.056070096927437	0.84373683166241	75
-0.113571386058386	0.588458889374403	139
-0.089222017972458	0.574475715305983	139
-0.067403468718684	0.71079701482286	139
-0.116331872875532	0.815316796709628	139
-0.00145744792847002	1.07526369251863	139
-0.039413269081217	0.942657064540979	139
0.00854516214747403	0.629209138125274	71
0.00632924225272902	0.71610629918084	71
-0.095822729526153	0.975126212836208	71
-0.081400900183488	1.33933600276347	71
0.110459371349179	1.07377520879076	71
-0.058111916973601	1.33231378184277	71
-0.089040376383937	0.60162757699916	71
0.114160458656458	0.754663445845189	71
0.017325424015344	0.519106605236359	71
0.114889812814365	0.751924693309177	670
0.064848562991136	0.431730141173306	166
-0.0147711174906709	2.12184287136619	75
0.010367194732803	1.84298967480955	75
0.011299494769503	1.14901512242024	75
0.00867389198400503	0.913579749842751	75
-0.091590633313998	1.26103851852693	75
0.00352129491632702	0.686268862488403	139
-0.119859674615393	1.1985958839978	65
-0.097426038051557	1.00385365232849	139
-0.003681260298106	1.41296580488169	71
0.00139607162889899	1.15230776133604	71
-0.00162248963036205	0.790148200614117	71
0.117453398437524	1.02297592662201	71
0.066328688730569	0.748793313233005	71
-0.100740142624324	0.480720801947411	71
0.064342136965321	0.430975463849959	71
-0.113719644283279	1.48445624620496	75
-0.0754574863498581	1.53394354128494	75
-0.01054501080074	1.06714770735199	75
-0.114162059006904	1.21532997341312	75
-0.00246713214012795	0.972910305952338	75
0.00836706924866404	0.979850415167317	139
-0.093903068692258	1.12768663402743	139
-0.07523072477306	0.85861992944394	139
-0.116965050915267	0.675181848446345	139
-0.083076029250469	0.732676715109527	71
0.014142660960314	1.07928001220165	71
-0.079715585215217	0.841900600136918	71
0.055901244989951	0.850397696888596	39
0.068365792237467	0.664355045882492	71
-0.025380073320815	0.290928590921138	166
-0.095139369245944	1.3457083393457	75
-0.046595077200315	1.94669526049293	75
-0.112250063164318	0.599689628824912	75
-0.098282674829251	1.29755203167667	75
-0.015645971069528	0.900417057867439	65
-0.060696259555492	0.490911033266462	139
-0.039712112202148	0.391935144153941	139
-0.08727813824251	0.605024047259685	139
-0.067581075807576	0.681282472756579	71
0.016758151477489	0.507834003161369	71
-0.054291438751225	0.518575807754953	71
-0.083387565500185	1.5112117394383	71
-0.118843705787318	0.383738042842082	670
-0.111203589577752	0.474832613906629	71
0.121157533630464	0.562641411840886	71
0.00701965137501504	0.639010015115666	166
0.045434336269449	1.74533630908016	75
0.124167212824615	0.974712969214388	75
-0.085061993389663	0.594559331920776	75
-0.051845261131098	1.26894956388863	75
-0.122823811904734	0.761427011866868	75
0.101210916890289	0.901560792601744	65
0.049422256348691	0.859655779751708	65
-0.096436683984409	1.07325514860904	65
0.027892424053759	0.529647096901553	139
0.031349692517577	1.31784580888016	139
0.096990061840745	1.31890252947429	139
-0.053177139412003	0.394591877345298	71
-0.0939587202604219	0.493398512854714	71
-0.051866271434757	0.492490221056709	71
-0.086133746632761	0.610442729976083	71
-0.099955514505829	0.548194478027764	71
0.061302298484198	0.416718129582035	71
-0.037056295283719	1.88558819038488	75
0.014541412817448	1.23593651637749	75
-0.091491331129061	0.686629089309888	75
-0.0461639001338861	1.09981481020798	75
0.103600670210563	1.74109974887378	75
0.121706599531024	0.809156613491046	71
0.106413214683862	0.901609103631645	71
0.061367160309963	1.08405739966718	71
-0.120631455095769	0.596828553431646	71
0.00758176737449801	0.615396142872366	71
-0.103413057865801	0.508226123016062	71
-0.053041149730492	0.396676473540463	71
-0.050468507127388	0.396781130439899	166
-0.00301671972520601	1.67764327912795	75
0.023693650145275	0.902618591016862	75
-0.04150919606369	1.9629724721964	75
0.121942827829863	0.546976165401366	75
-0.050389308969688	0.38110782269549	65
0.00930836571990601	0.647123592366433	139
0.016400798218297	1.03268160994681	139
-0.099533580593993	0.816840826529935	139
0.0775852707124151	0.649752591206041	71
-0.012717079176209	0.312350436920331	71
-0.014501617581933	0.315189615441222	71
0.011838202854716	0.500210323100136	71
0.064342136965321	0.430975463849959	71
-0.05379964179597	0.587510682428172	71
-0.0155826841517041	0.310339255644924	71
-0.120563169282968	0.57578494773467	75
-0.04125019136731	0.882135443602373	75
0.075337155809599	1.20496489637829	65
-0.056029525305808	0.496149812543601	75
0.016142083030283	0.512345160580667	65
-0.110522925293326	0.817864029995072	139
-0.092863114408072	0.674067356761781	139
-0.048354699111411	0.50110799996615	71
0.063456856495021	0.428665577714597	71
-0.049012340933714	0.513693738928779	71
-0.10057491700978	0.49762977577629	71
0.071038216896865	0.433632880550008	71
0.066114045175785	0.42842140131474	71
-0.013725189014907	0.316186421786018	71
-0.053944084331453	0.395711376744076	71
0.069264134732277	0.439827478899429	71
0.072039966356611	0.633447884390045	71
0.110145353363726	0.533733805669636	71
0.016625710295213	1.45515402510098	71
0.032931234189807	0.872700630286816	71
0.067143197529042	0.413721561731096	166
0.070428143093615	1.43749869806845	65
-0.031774368165728	1.10882745349403	65
-0.070619083332036	0.903582638147324	139
-0.068266081120389	0.678158729257189	139
0.021156287849189	0.911144395351069	71
-0.124068355025114	0.378468314165927	71
0.012292496495062	0.644824374709109	71
0.05172717637306	0.73640918559473	71
0.063756593159647	0.641774895025068	71
-0.068443406329139	0.864458708396617	71
-0.045697630452237	0.408626708053185	71
0.052656637739572	0.741690500182952	71
0.035059628963788	2.05319131692034	75
-0.0648752179326641	1.23930149744704	65
0.056706226205208	0.772843405789519	71
-0.019471514985313	0.882574232566611	52
0.121824895655344	0.538982919110071	17
0.067240573262337	0.422826856256187	166
-0.020965699013584	1.22079457512721	75
0.05104954033721	1.11609898242508	65
-0.039038344619779	1.25338863641432	65
0.108971803773135	1.06606623767208	139
-0.102968975077765	0.886942025913196	71
-0.035574999486136	1.07568494460059	71
-0.090555895557251	0.865101151757522	71
-0.114905384320876	0.747664658954473	71
-0.056609665283429	0.507498977364362	71
-0.04479710633934	1.60020539701246	75
0.02636908515892	1.36737511909299	75
-0.00575009251819603	1.53246687245472	75
-0.101160242278121	0.847575477151991	65
-0.109691469088111	0.480687670103726	65
0.043777596148898	1.07234216608388	65
-0.00676703652215904	0.994293041912606	65
-0.09520283601994	0.699182458215285	139
0.119206068785757	0.782477657275007	71
0.0839405956693841	0.976237031789055	71
-0.055152781288265	1.01648036524491	71
-0.00148038979116605	1.05412887542952	52
-0.046616389888674	0.577325669189051	52
-0.071863121991031	0.701977016774208	228
-0.068839838076856	0.873791752301546	71
-0.025215298480878	0.719833431571168	71
0.00906117017527297	0.907254100500559	71
-0.045697630452237	0.408626708053185	17
-0.043028322814457	1.70416447289622	75
-0.072521488742224	1.01275736169256	65
-0.018807969155659	1.36364298063461	65
-0.079442589262044	1.46276182685925	75
-0.089593148172928	0.750204863769982	65
-0.088693660252408	0.678781270711479	65
0.00871900813783	0.806048757286614	139
-0.089523208687466	0.67711335389982	71
0.012967701994988	0.733355838738374	52
-0.057166931189944	1.0143058285093	71
-0.014673414872006	0.817965940474016	52
0.062164110081714	0.627804370064741	71
-0.115661184087587	0.602533137409193	71
0.025626665236938	0.535000136417179	17
0.059793373009475	0.416144138000219	166
-0.045107827702629	0.603204224823408	65
-0.121911273794873	0.752966122858571	139
-0.10890460265911	0.723756896075479	139
-0.119911511007264	0.390554838515144	71
0.120878516359679	0.547944106475187	241
0.115826467741342	0.548104643779689	166
-0.052682147453132	0.476198446929307	65
0.115203801435275	0.560862765716498	65
0.034243691893547	1.07930711693648	139
-0.124914766425955	0.374892471942878	71
0.062994228998809	0.416815515902731	52
-0.104504000358197	1.15040372360937	75
-0.020308280735816	1.55417559083906	75
-0.00360262281641599	0.969215362564465	65
0.0118754667866811	0.754370225569224	65
-0.099055713802126	0.840096070157792	475
-0.046734427868432	0.704256700517414	139
-0.075437163039213	0.718830786001176	71
-0.114225689651025	0.486178407183222	17
0.0251299140576921	1.32513296559934	65
-0.069261856750951	0.704065077836232	65
0.00829080165057405	0.905079487727927	65
0.0617876344157881	1.16994838126148	65
-0.093653098576379	0.957146663399923	75
-0.032343321443342	0.617347529467757	65
0.00203691837008502	0.886010842651255	475
-0.059245397927764	0.493639978917186	475
0.01957295463093	1.0150640716472	65
0.015915426215259	0.930643361571462	65
-0.122469335029965	0.593026168931517	139
0.020676399950098	0.750036402366909	139
-0.120834410284993	0.39046776638375	139
0.00358835325846696	0.588330935237298	139
-0.07912881061081	1.00942848527036	52
-0.085055927456647	0.777900193510946	52
-0.037906752626276	0.623115931735126	52
-0.04626817147429	0.398377752494294	228
-0.00898091293898695	0.297180828288876	17
-0.122778074001831	0.387856928124608	71
-0.108021209540476	0.908206324455645	65
-0.043066190548379	0.625119181834725	75
0.00797350111510498	0.638885232895935	65
-0.117628776215573	0.580018813058242	65
-0.059341569620479	1.25712304128549	75
-0.023169931385354	0.94797685116879	75
0.080909314430111	2.43226776757199	65
-0.049283165074923	0.403387762736119	65
-0.0864036949705101	1.65572689723404	65
-0.099055306462825	0.506900071938948	475
-0.0744965356756629	1.18798014144381	475
-0.105875802946736	0.494970814936543	475
-0.055411496165888	0.492159540551057	475
-0.01464906254928	0.299656524393565	475
-0.111670104694344	0.968482257316299	139
-0.034923751053644	0.608497110892449	139
0.009478381109431	0.604549839391118	71
0.00473946987384299	0.615659379765439	52
-0.051087873950578	0.387683002181688	17
0.063822088595932	0.423220865484865	75
-0.124933933056372	0.366525701957098	65
-0.075851983014296	1.08631085960684	65
-0.080965174679473	0.783729588518533	139
-0.113693223326479	0.701584339326704	71
-0.109089507057857	1.40491989253486	52
0.067633286811483	0.440000422425588	52
-0.045834710605726	0.404596060998345	52
-0.012838977535801	0.316055292646527	228
-0.011506240200352	0.309080061396945	228
0.067000672989746	0.423196884375745	111
0.00561478486217804	0.698144877034118	241
0.0308666815351341	0.531895505798313	65
0.060119346221676	0.855392232768689	307
-0.015278467276278	0.306620397421394	65
-0.043937526356677	0.374970718360346	475
-0.014501617581933	0.315189615441222	71
-0.01361649649519	0.315060797022341	52
-0.0474765729195	0.405749238765891	52
0.115705434083691	0.552303014239686	52
-0.025380073320815	0.290928590921138	228
0.049262169920107	0.919296251038388	71
0.00936801818113897	0.496657539128271	71
-0.015425518010333	0.306207484123342	75
-0.04626817147429	0.398377752494294	75
-0.083165371113605	0.572963735006243	65
-0.081349576836196	0.688855545346946	475
-0.122150641182503	0.57094188275082	139
-0.00982858021325706	0.31692388691876	71
-0.013911710834858	0.306910846998919	71
-0.0155826841517041	0.310339255644924	52
-0.079266575105253	1.99232152477131	52
-0.00815320300388001	0.311309918899429	228
-0.02615910602496	0.290615290165557	71
-0.013725189014907	0.316186421786018	71
-0.105063272855172	1.6544834270303	75
-0.049596638940606	0.860468204228219	75
0.00818035820614804	0.986005216514912	307
0.096297222084463	0.832317182703162	307
0.013137019705988	0.515094545076419	65
0.069264134732277	0.439827478899429	475
-0.014574696839767	0.313657849579674	475
-0.098091453465215	0.8141036677965	71
0.055460367801085	0.861055097622703	71
-0.052410570678911	0.386393637471831	52
-0.0120618899111919	0.308948097380784	242
-0.017819707208135	0.304571574191317	228
0.0885136321314059	0.97130456205532	75
0.061635106596233	0.749560743248465	75
0.116505171784899	0.720465222719683	307
0.045953389915695	1.30342821826208	65
-0.00905251348905001	0.309814622997046	475
-0.046301219789003	1.08331478520571	475
-0.09406221992954	0.988289702906357	475
-0.014574696839767	0.313657849579674	475
0.065085832548796	0.420873157870538	242
-0.014574696839767	0.313657849579674	242
-0.085847371987083	0.856627138691339	242
-0.00333475374561298	0.301809081198074	228
-0.015351349554288	0.312675934806691	228
0.026170989402394	0.533210213921264	71
0.048646252041556	1.20122233881146	71
-0.045019499596339	0.503698292142864	475
-0.032171739725796	0.943969482900809	475
0.036037047388212	0.982872928572026	475
-0.034605676305319	0.613943259606198	475
-0.033124578633566	0.726120681435287	71
-0.090744493564359	0.488970338947129	242
-0.016018352475916	0.789238943972507	71
0.00418104084985305	0.732109343768121	71
-0.019384796076652	0.894953193525711	75
0.067349358343609	1.10561581003885	307
-0.121974825499914	0.901333676517146	65
-0.062268981595158	0.711037647791923	475
-0.044796317471515	0.411001158155085	475
-0.108331118151435	0.930166189163242	475
-0.02983663044003	0.720821006428124	475
-0.102081935792849	0.500258851037789	71
-0.0474765729195	0.405749238765891	475
0.00367041550331204	0.977180244396326	71
-0.061475631929992	0.482648052869048	52
0.01460219635139	0.643694942612456	228
0.06635332258857	0.419500359514162	71
0.057295259447408	1.1583694182302	75
0.071338183984259	0.646757519042731	75
-0.017146498683572	1.10879062179754	307
-0.026881722111591	1.10660207759296	307
-0.102107254136353	1.23950846479581	475
0.017059079760234	0.627059887806376	475
-0.0636822582268271	1.47141758857414	475
-0.080712344389571	0.686715499294028	475
0.11806867810097	1.46354312614284	475
0.020889665776884	0.535768691647365	475
0.11232745992697	0.542422127634312	52
0.029771703430798	0.513418668075697	242
0.017558456528823	0.743828129595335	71
-0.078565748293072	1.09189851082893	71
0.059046244396011	0.424444689032444	228
0.120695692037236	0.552141621377123	228
0.121229822708646	0.983549453419071	75
0.056540324246511	0.832838759596244	75
0.024671041662286	0.98945883430466	75
0.058557129858596	0.766638831396353	75
0.077208790574652	0.663117020874367	75
-0.00489664132522405	1.11127496151785	307
-0.073040255409993	1.16641327992709	307
-0.108511346501882	0.889066486196501	307
-0.12306883511224	0.378769658499883	475
-0.0453966441717309	0.396132547466368	475
-0.0869137159307219	0.771580057339304	475
0.017040593591522	0.63084121642964	475
-0.054398233912404	0.384411192833374	475
0.085613062995746	2.02158610478864	475
0.110332948902765	0.755861406214171	475
-0.0458681285014521	1.41358597346898	475
-0.09082505301387	0.740578871866486	475
-0.000987844971571006	0.580229314797784	475
0.117577800364069	0.550542313940201	71
0.024076545560343	1.16367661704997	71
-0.124625107063963	0.391765654752861	52
-0.044225696122706	0.398379735289878	52
-0.045668098820237	0.398510837200334	111
-0.00892885205528204	0.318502007835874	17
0.00750953925947695	1.39925679510527	17
-0.102008629914263	1.92478294322471	75
-0.066414103559805	1.33254075565038	75
-0.050331531819022	1.39352898804839	75
0.040892794208345	1.10140944741863	308
-0.106216535042772	0.809239030542722	475
-0.076279193185644	0.599471616027081	475
-0.109005721385723	1.36191699364875	475
0.045832668578953	1.0382740671208	475
0.010489024798682	0.754155911379873	242
-0.116164067071985	0.735374265477854	242
-0.089624778311607	0.718315205067907	228
-0.04706746887363	0.387337739291914	71
0.078020900591314	0.95071127819095	71
-0.0590549094741451	0.375440024894687	71
0.0775551556423451	2.09916504947419	75
0.0406941822940891	1.50477984116405	75
0.100270430104201	1.14143004908264	475
0.040264033792294	1.18577977247278	475
0.111374816869924	1.00421121732344	475
0.070928849973729	1.04156525712256	475
0.117878053440418	1.11962862061848	475
-0.042202839312557	0.758872420824645	242
-0.059155685505684	1.59986465981785	71
-0.045494086033916	0.940315541454987	228
-0.100695877474845	0.688853272082109	111
-0.105121410874768	0.49223034451618	71
-0.100634920637987	2.25458641092238	75
-0.119636067323785	1.69734458069473	75
-0.116810751490201	0.966423395749197	75
-0.098436939337304	1.47336700161167	75
-0.12244497840301	1.61158315992903	307
-0.052708999647294	0.990801890668986	475
0.098648863479071	1.6964169696261	65
0.106185568143985	0.904749207582815	475
-0.033799941081911	1.86047075378793	52
-0.0470895787814381	0.515386553151001	71
0.027146997021995	1.96008259999111	71
-0.013725189014907	0.316186421786018	71
0.033598679493569	1.73432520952844	308
0.026273230831624	0.536849822685121	475
-0.0120618899111919	0.308948097380784	475
-0.0471639045179409	0.399312968288547	52
0.0739183269228491	0.671886276171522	52
0.015972435847825	0.509274359460021	242
-0.00905251348905001	0.309814622997046	71
-0.041602190851987	0.399652270293723	52
-0.052905543833312	0.392547553962473	71
-0.00591878271076496	0.902621577615254	75
0.00794924245234097	0.63814387434173	475
0.077208790574652	0.663117020874367	475
0.077333410561631	0.413585336870388	242
-0.07871838411454	1.23014294220595	111
-0.115326083807186	0.914318456437696	52
-0.11533645942093	1.09188008173683	71
-0.08994478551049	0.760827665450888	71
-0.00734187837769496	0.969701858167088	308
0.101918598433675	0.886704033762854	65
-0.028714466403388	1.61785186461749	65
-0.0451001491972191	0.86722224302689	65
0.104706577863269	1.01523623468084	17
-0.0843909788684431	0.776120291510108	71
-0.023635795819737	0.722871380751996	71
0.110935854268072	0.888865606571621	308
-0.105858355461016	0.846184928028722	308
-0.010808246898194	1.28537462270607	65
0.067146949390007	0.779412848611322	65
-0.091516957501074	0.697456737216364	65
0.074279334873939	1.42375190629655	475
0.00172052502768305	1.14221067881068	475
-0.086819045102533	0.771840789690122	475
-0.092973903274629	1.27928198990145	475
-0.034906717150862	1.16424045026029	140
-0.069782690794213	0.778269623023346	71
0.122211799000944	0.928978893795971	71
0.069264134732277	0.439827478899429	71
0.0700785563372111	0.671640251045666	17
0.016321259282548	0.654370407598451	71
0.060522413770885	1.35484186017275	65
-0.118591975359755	1.40931276890784	65
0.017275941969855	0.972601200388969	65
-0.065331256555489	0.86907827346361	475
-0.0326807186531251	0.72568871942722	475
-0.0856123702501041	0.580117275705244	475
-0.00596503610232901	1.27156379086507	140
-0.022668309747968	1.12651445169032	71
-0.039648555214321	0.756140292050517	71
-0.039712112202148	0.391935144153941	71
0.013027083638706	0.704572757872594	71
-0.039197703731326	1.0079708280304	71
0.061847106025382	1.61275499317521	56
0.06844568026541	1.17568788667497	475
0.0211201544947039	1.09703577323911	475
-0.100046854755838	1.35865589838877	475
-0.103530208944132	0.68134975352999	71
-0.071808100334663	0.682339134111917	71
0.044101220399006	1.70847941328015	56
0.101052075377355	1.14661457354047	65
0.00490915260137503	0.71419022949864	56
0.108350271018701	0.528616267525502	56
-0.00905251348905001	0.309814622997046	56
-0.116467559402537	1.71061369454866	65
-0.020348847179111	0.808713950674485	65
-0.0150132265891429	1.03871632114043	475
-0.00732607045519296	1.11466091837765	475
0.037768220634836	0.984761725651922	140
0.067828005670395	0.634304124293051	71
0.071888668933213	0.929288126225579	71
-0.115985498972971	0.384232432655218	71
-0.079375694366861	0.748675458953549	71
-0.122014575573754	0.592477989226406	71
0.118711842464746	0.566794476636639	56
0.016335835479224	0.639741947154873	56
-0.00803014611641795	0.316821733039894	56
0.108815609550881	1.65924532928135	475
0.016754433024965	0.504965293735641	71
0.067383121357627	1.14832040121248	71
-0.037286755423491	0.623580923251533	71
-0.00905251348905001	0.309814622997046	71
-0.079204038611304	0.620242453132527	71
0.084541736022316	0.650074322719014	71
-0.039182243742396	1.11083159327192	65
-0.0886659043052011	1.15493341693203	65
0.0141876481036139	0.522761386386891	65
0.010596300676636	0.650325042394398	65
-0.0954390456372179	0.503702007514185	475
0.096953909519202	0.881384889471605	475
-0.053896251166216	1.69454414216869	475
-0.0280067348962491	0.813799308082306	111
0.013035695275025	0.892775266861249	71
-0.094710691627066	0.493223949421845	71
-0.042869286408908	0.624805129620573	71
-0.013236477553803	1.20024064467392	56
-0.044106963760462	1.9477578377183	56
-0.010160455966211	0.711878635219445	56
0.068377761739654	0.438459087939051	56
-0.018659197569101	0.721120303148828	65
-0.00225593311386596	1.64900378802604	65
-0.096436587968542	1.15651451999066	65
-0.039463521844252	0.608269428591151	65
-0.047909197100539	0.599867575773826	65
-0.018324875822718	1.60601179743698	475
-0.077829177414196	1.24239592760778	475
-0.021708770144215	1.74687116995443	71
-0.10694365431923	1.62351796058601	71
0.028974658157138	0.494173675778347	71
-0.11909016667697	1.27278459577283	56
0.076057214005983	0.660125792351056	56
0.069406231051187	0.439848166989518	56
-0.0364743105470881	2.09758600411893	65
-0.053799496957859	0.502525385255566	65
-0.050430600797725	0.867771842725579	475
-0.046711343488246	0.590809647446861	475
-0.022194282517205	0.959822289979498	475
-0.079429427039647	1.08366771893114	475
-0.063926889943165	1.36871168590128	475
-0.048689683950482	0.400710670814	140
-0.013751323278568	0.981289291857508	140
-0.064312940930459	0.76887519051657	71
0.06196862207579	0.42635694522763	71
0.021157220748833	0.526381945606607	71
0.056087687584767	1.6805582924197	56
-0.021539156848938	1.51965221930359	56
-0.117281205711032	0.735706189304881	56
-0.052273962696042	0.395551359038016	56
0.029173442019833	0.529139054308102	56
-0.121247386120565	0.576465427860282	56
0.069306684020746	0.635833169763735	56
0.00667288095201901	1.0650272984446	56
0.05010132540143	1.43882472446595	65
0.013959846117464	0.739751385521019	65
0.068300727915745	0.619809558113848	475
0.042421745069844	1.74235801970111	475
-0.080681360485209	0.603781867834612	71
0.0000461799035720301	1.14945284648793	71
0.074935940570219	1.23951596515465	56
0.081099034844597	1.65737528318543	475
-0.015087013128765	1.35891940781865	475
0.011385282190858	1.40533541121539	475
-0.064623417283473	0.715276677524526	71
-0.055042070712896	0.778679256980658	71
-0.071949485970819	0.842458320389545	71
-0.046552345070292	1.32392803018161	56
-0.037480358888072	1.2048962672613	56
-0.083942240205286	1.15585400938855	56
-0.07747929670344	1.09148948101115	475
0.027465910486094	1.73839511025763	140
0.083223403371436	1.18396202863821	71
0.109613354442759	0.878141322549878	56
-0.052337238643986	1.79628636654351	56
-0.122653177274882	1.55271863250942	56
-0.116007693029185	0.764390275732151	65
0.115982379180357	0.547785535164212	475
0.084541158717687	1.2090716401201	475
-0.036976964923936	0.621773623255378	475
0.094437852447922	0.953654047950723	475
-0.033274871362478	1.16537362456745	140
-0.029787047737214	1.83977731835515	71
0.021938009527429	0.534450420669703	71
-0.056746941377599	1.53458154046569	71
-0.092000907351186	1.08240450281173	71
0.082107918702341	1.15006745956678	71
-0.093882119979819	1.28618735290527	56
0.016910648539062	1.00572054215077	56
-0.02301474932935	1.52830013013582	56
0.074353913235883	1.29501149526363	65
-0.010797211415572	0.886451407215269	56
-0.039570969237762	0.720218662268034	475
-0.07517881478247	0.69325584307077	71
0.062572025062082	0.423499305368986	323
-0.020388581089155	0.307110582507366	323
-0.0841255020350859	0.86484108531375	71
-0.05170209766915	0.7591018809635	71
-0.107813004734805	0.766633748613641	71
0.063112755479496	0.62884337154173	71
0.07517214035763	0.652516793490271	475
-0.121826650057809	0.681081902511418	475
-0.10394879583341	0.773271592166034	475
-0.033456962038187	0.621154266722611	475
-0.023638065901848	1.20386648462571	475
-0.0213021722786551	0.934888444053562	140
-0.046586660068855	0.612193250162627	140
-0.122572286452721	1.22883349284097	71
-0.068928114909666	1.46988842889981	71
0.066888447913274	0.436059900944306	71
-0.00240021407231905	1.2138893296888	71
0.027259185838078	2.32835565376107	56
-0.06903484743521	2.21158179483232	665
-0.111013141453499	0.481566809538931	56
-0.051936033216364	0.867056670042392	56
0.114567359818567	0.528057469980672	475
-0.051366809648608	1.0406300906465	475
-0.029434219270041	1.969572069241	665
-0.038470989821821	0.405226733464665	56
-0.099412314242355	0.68975890667492	65
0.079101406885071	0.673515727160863	65
-0.111013141453499	0.481566809538931	475
-0.064671971889624	1.06667727116388	475
-0.120690339961439	0.390740942501888	140
-0.117503807394096	2.302349291405	665
0.071609823536595	0.664019026320723	65
-0.0899668627374171	0.600674924405982	56
-0.114775502029703	0.597182504648865	56
0.073299378002798	0.430068934762967	56
-0.1209786389625	0.384834420111539	475
0.123140824723935	0.557016585706143	71
-0.111255298854502	1.33737196145095	71
-0.078720920309593	1.39775654398906	71
0.015763581821452	0.496147371719642	71
0.00502046843627102	0.732971012255407	71
-0.045109904952337	0.877192929135363	65
-0.09908524742005	0.491225280733245	56
-0.019570214731837	0.705707049393535	475
0.00894246093722995	1.07428987899865	140
-0.038125820563491	0.788265440740994	71
-0.087074960298319	1.3771142218384	71
-0.05093706543955	1.03099521682851	65
-0.0769643327026151	0.781856505825784	56
0.052311701652094	0.958888395276534	56
-0.051062482548078	0.800845528990242	56
-0.0769088048241961	0.946086374566484	475
-0.123315927719324	1.14102481446698	475
-0.060764254354418	1.31185433114992	71
0.048818794351516	1.0367349609323	140
-0.065331256555489	0.86907827346361	71
0.0225838560763521	0.537766539488347	71
-0.0796178352429861	0.889420755219074	56
-0.023694713271205	0.885898481584382	71
-0.103336591433347	0.686897297314279	71
0.0168393615250479	1.53617947820285	71
0.016277437312808	0.832935115047903	56
-0.081242927628164	1.153295673735	475
0.0651963302576371	1.29616725025863	71
0.082750210634192	0.665727866051783	71
0.086947331536948	0.934293223286332	229
-0.114567648207354	0.485329281013666	71
-0.045962103064321	0.617199164806089	71
0.113551415928887	0.757110578112317	71
0.092297785102794	0.964941182549012	71
0.1142798896703	0.756026195153041	71
0.073354523136026	1.88480037845879	65
-0.070625901815458	0.694963476711946	65
0.117778846103886	1.00974873707834	56
-0.107017484365771	0.67095376626194	475
-0.036771350317876	0.621949379212473	475
0.014410824960611	0.923436390293979	71
-0.086978973762472	0.605675521198257	71
0.030086615982138	0.532309079921578	71
-0.010539898342146	0.984987084518344	71
-0.066747296741637	0.711111468095649	71
-0.09210001940609	1.25416108224081	65
0.031351065125209	1.61663034781896	56
-0.057252335259943	1.76650455888283	65
0.087908322168922	1.28827985161435	475
-0.123480947309264	0.896663204723558	475
-0.057419650456205	1.19152310012833	475
0.085234004675526	1.55995213905443	71
-0.079586372717084	1.07747287036994	71
0.00453309414118597	1.20437685089652	229
-0.12263415960757	0.880459805018957	71
-0.070564238363522	1.00907402934013	71
-0.041678073869448	1.12765575318901	65
-0.02830853250594	0.967451277179885	475
0.089993222164642	1.06179394200434	475
-0.065966882598213	1.17851081081621	475
-0.014612398974055	1.2294510001267	475
-0.086829820516761	1.14915967406032	475
-0.069381619810739	1.06684668670764	71
0.033685162822252	1.4603096710855	56
-0.040893152691528	1.50714843998994	65
0.116657359275743	1.34715827790538	65
0.033773544931927	1.25357446248176	56
-0.0269558126880191	0.978132805587347	56
-0.112287156513403	0.9117166061999	475
0.123827584065806	1.39704742525447	71
0.033921285039917	1.175755305683	71
-0.124906827374409	0.836000534247006	71
-0.073717944729974	1.13057916479225	71
-0.00988966181052198	1.19441298051713	71
-0.117973066995901	1.40630576492761	56
-0.0562604860800749	1.54733218458133	56
-0.028250653041322	0.811572165852844	475
-0.051102312927285	0.945564680265533	71
-0.093897232506966	1.68960346944819	71
-0.12309950492374	0.592168095983787	643
-0.110093366180789	0.867503351247117	56
-0.107266159848708	0.65282608236363	56
0.010143609306913	0.976350532358844	56
-0.116261576734825	0.810418376946891	475
-0.089819089030583	1.22895623637552	71
0.124976393637841	0.786274113366696	71
-0.043591486547454	0.988482129728355	71
0.013691656043161	0.727662961435445	71
-0.077870123343018	0.58631401885804	643
-0.045119061785135	1.82086949315273	56
0.029818016489314	1.30307054055767	56
0.0345455159893741	1.9420747628645	56
-0.092027991565519	0.982920419110783	56
-0.021572252218293	1.34440296939713	475
-0.0316943230751851	1.20748384182147	475
-0.116646889745276	0.841238913170648	475
0.101422083162814	1.24520656246866	475
-0.0211583603086321	0.90214319314232	71
0.091196303314694	0.863781112939059	71
0.00678636202308303	0.904674641305237	71
-0.118531381556749	1.43884557765087	56
-0.017012216551761	1.34798040278825	56
-0.065678950231664	2.33867600591998	56
-0.029632438960752	1.35587762674891	56
-0.124198244338147	1.22264158586925	56
0.00743199549098705	1.36336449065688	71
0.077275819613537	1.58862325213074	475
-0.087712692194199	1.120768744166	475
0.03347884446025	1.31193290253163	229
-0.117363033327679	0.93332974447692	71
0.118795296653957	0.78095555579302	71
0.083964987855067	0.941524039537284	71
-0.001921888597331	1.31838501293856	475
0.117412217246107	1.5864120493911	475
-0.07710847632975	1.13351468935181	475
0.00284403565431202	1.18335515520306	71
-0.018244749168557	1.57927809523324	71
-0.115908585584638	1.04593775583997	71
-0.000312479893900042	1.14453740166005	71
0.105204838008169	1.25041636509731	71
-0.060253242985801	1.40327557847865	56
-0.076016620338775	0.928719798461625	71
0.056271621461977	1.09236936434565	71
-0.069079844209077	0.747546460044332	71
0.112504281238116	1.05497609149624	229
0.074525674179551	0.935001046447769	229
0.093836126183242	0.844643027458995	71
0.051734135246451	0.929457243508551	71
-0.083449309602081	1.44457489706935	56
0.046433137151966	1.03684203587935	56
0.0507429984614281	1.29111641663503	56
0.00155340996519204	1.08410627415512	475
0.0796734920980871	1.57678190951671	475
-0.030723510437151	0.94343699576493	475
0.097175880675022	1.24044159671874	71
-0.073365825806421	1.01268569146772	71
-0.056233793946125	0.869719512871546	71
0.088115838558791	1.10442705276992	71
-0.0000781893179000459	0.955384289605408	229
-0.026171863807503	0.879197246119402	71
0.048745488324434	1.55232537344823	71
-0.055990573915228	0.51549214947701	71
-0.086855604196621	0.597489587783663	71
-0.083351368816879	2.18419591280767	56
-0.087080493166145	0.763627922260145	56
-0.092024588913326	0.980212528339729	475
-0.00246713214012795	0.972910305952338	475
-0.05417579534005	0.791756276403406	475
-0.085930258544927	0.775215484192472	71
0.039391663275723	2.41378057332011	71
0.063622904860091	0.991617090275018	229
-0.013753680646565	0.812798819319992	229
-0.0430560878691541	0.624706163613762	71
0.040518477402677	0.9388725552646	71
0.046741720635842	0.996807173399004	71
-0.033203715649241	1.19488942875938	56
-0.030551620517454	1.0588653150121	19
0.058159359346687	1.40717613620615	56
-0.076308153817645	1.0051628492208	56
-0.119641949673121	1.1851232882481	56
0.017614519675997	1.16834194588416	475
-0.105649394220063	0.905558691740218	475
0.0321590150179	1.32188875653814	475
-0.036149164893193	1.15836530957292	475
-0.002391395633356	1.19959276659122	475
0.013291292533309	1.1951058512236	475
-0.116276346069531	1.38068133075989	71
0.033921318118655	1.43187935423124	71
0.070659305534608	1.63328364673667	71
-0.021291080839037	1.13542650819654	71
-0.101455981926913	0.896992670645009	229
0.100940959471559	0.884878871048597	71
-0.077927300014764	1.95291660362924	56
-0.103493994349157	2.04444091348106	56
0.081368500112334	1.34797792440488	19
0.053796077281708	1.49477682388161	19
0.012342468552438	1.38776253204484	56
-0.041349923856556	0.855450361135046	475
-0.029949587181068	1.0994023390913	475
-0.124567730910164	0.832211533025538	229
-0.026577685305445	1.02509521191081	56
-0.016926582518013	1.03981170417271	56
0.072579246255675	0.973733535100718	475
0.03333823926561	1.17525188850563	475
0.085886589412848	0.916551428895188	475
-0.050991481723388	1.01312851008768	475
-0.0394505370052271	0.68568918460603	71
-0.040459001780124	1.05212120879222	71
-0.09742523121626	1.59157103139361	229
-0.061890396508256	0.94016818553966	229
-0.00797061318862202	1.0775793536063	71
-0.013307114092046	0.714442468818828	71
-0.097088062469215	0.609758895518933	71
0.01040091540643	0.884445486991913	71
-0.093449975128331	0.811811329144278	71
-0.122604489966385	2.14342575358607	56
-0.118368975781626	0.686483491299743	56
-0.000445946241577011	0.878857555019283	19
-0.065823180846578	0.693924844693538	56
-0.089405305688569	0.49163017792247	475
0.071609823536595	0.664019026320723	475
-0.124497299811773	0.661854980599985	475
-0.077906964425234	0.603546802268265	71
0.010703682356327	0.746141607107898	229
-0.097021034646356	0.665905521237497	71
0.011804253239814	0.749146623527803	229
-0.03898028382097	0.681892836486095	229
-0.103910651339214	0.49484262386837	229
-0.085025680339645	0.756414182065266	71
-0.06672812274345	0.83690290405279	71
-0.109855138521064	0.502513862491103	71
-0.107711626547098	0.593886662275546	71
-0.113417082652819	0.597579592817106	56
-0.117056318458258	0.472019834907124	56
0.04263467589019	1.11241512330287	475
-0.063660447576078	1.4925267523955	475
0.017334592380483	1.08518503834419	475
0.09123066413285	0.636663967658614	475
0.111435655056997	0.515025313873934	475
-0.124625107063963	0.391765654752861	229
-0.088450395787081	0.546751308902585	71
-0.105689047990273	0.496817518399787	71
0.02718712462369	0.538169689478596	229
0.06522786651293	0.430884513519925	229
-0.04792660810979	0.401859322564571	229
-0.016202394547142	0.305272347929368	229
-0.123854925847314	0.678870188136474	71
-0.092872491926986	0.804053132471896	19
-0.0986918889148179	0.497670169234174	56
0.056735965831357	0.766702959129155	56
0.043226599813851	0.997223902157897	475
-0.052549557114251	0.579067029755158	475
-0.063024589741488	0.484225923395264	475
0.048674474138846	0.852849005431486	71
0.11430736579056	0.559580271258146	71
0.043162293829211	0.938068833406171	71
0.084375167344468	1.473673650241	56
0.078489240625053	0.951336916018448	56
0.016432934247306	1.57518970559514	56
0.00988099528099595	0.725626021517353	56
0.116815656124447	0.938983851290677	56
0.088708444685613	1.24946968291892	56
-0.109746723747018	0.760080996509913	475
-0.063987879448236	0.853229884547596	475
-0.124226481601386	0.586935897704274	475
0.082733313430622	1.89943145323012	229
0.00549286011267403	0.817657557293958	71
-0.027061841947966	1.46736136877451	71
0.119943453854571	0.78240069622289	229
0.00949822637332898	0.634091165461615	229
-0.088201645093989	0.599773961706474	229
-0.088300452771937	0.576172032409193	71
-0.119229656833538	2.47255310092717	56
-0.108187368061471	0.983259014950932	56
0.080202404915744	0.740223394957033	56
-0.122535777022438	0.388288727700381	56
0.066416314670308	0.650658695544356	475
0.096629784121098	0.854989311370928	475
-0.068965364152953	1.39294412159289	229
0.00320607890121405	0.735948582453698	71
0.016544702270455	0.511521827475042	229
-0.00322411366414499	0.995611262567825	71
-0.119470298468267	0.580521174638782	71
0.00305188895019704	1.66005779528186	56
0.017970845615803	0.521156519576382	56
0.020416040981186	0.844077004414251	475
0.050205299403163	0.854376296529039	475
0.066962559951103	0.403626635558662	154
0.020915415991752	0.531098000934064	475
-0.010766658353382	0.302102112406983	475
0.067774573719918	0.437416300979151	475
-0.038942518129834	0.384177320676877	475
-0.116908142165972	0.385351882231132	71
0.071782698640863	0.423517618567006	71
0.01822324121428	0.719612705256901	71
-0.012838977535801	0.316055292646527	71
-0.052410570678911	0.386393637471831	71
-0.101274878266068	1.8597872098383	56
-0.056474271766512	0.376494917433132	56
-0.10611320104015	0.913199119317636	56
0.120644395747189	0.544206201658953	475
0.115203801435275	0.560862765716498	475
0.018008651023695	0.509194013053143	229
-0.12476986098788	0.387335221208913	229
-0.114038444535238	0.482501471616813	56
-0.070311615982645	0.701787785076729	56
-0.106113293279018	0.928698250218963	56
-0.096930627908984	0.930462570708265	56
-0.106257057722742	0.488214329338999	56
-0.04208955877109	0.403529249324543	56
-0.082923415284281	0.906079731740119	475
0.073846158135662	1.04486307536597	475
-0.015770546056126	0.80165591511279	475
-0.122535777022438	0.388288727700381	71
0.108642136051769	0.752737053587506	71
0.082601142819799	0.663524758121138	71
-0.048977093748953	0.517246364573907	229
0.119845527657246	0.529359671841745	71
0.124361455808111	1.04356824930497	229
0.072168448019019	0.761268024863894	71
-0.053118813657826	1.26916587907911	71
0.042059961737859	1.09529809491797	71
0.028000975096325	1.92832526305842	56
-0.0294577014328971	0.954641666399777	56
0.085071030844204	0.659366160426744	56
-0.118988312604788	0.388384751982104	56
-0.024918526355951	0.818527313058497	475
0.074887761898492	0.606897548077035	475
-0.089593852481024	0.590089456916091	71
0.067217205170824	1.72543058668591	71
0.064200428948343	0.418688629654311	229
0.0546827117390451	0.755346353474204	71
0.123163424334004	0.964459967316416	41
0.011661632941269	0.746781791276405	71
-0.046506090832191	0.50775672815635	41
-0.110392728307292	1.7673122899242	56
-0.052246462896973	1.59936455468166	56
-0.05206472543412	0.511090116009944	56
0.07355560817662	0.669919077043153	56
0.00193825296941896	1.42690353273798	56
-0.059143133043707	0.549366945938834	475
-0.0397312607999	0.731612814630119	475
-0.110897141626792	0.58210309692629	475
-0.037533572418514	0.889143226201504	475
-0.098302604525451	0.501073263824239	475
-0.044710189516437	0.626503841852876	475
0.114121204790119	0.757815288262745	475
-0.064051969759383	0.592599768551921	229
-0.103976871503535	0.498261686785876	229
-0.034719325423311	0.618248546563052	229
0.00930836571990601	0.647123592366433	229
0.09576321472789	0.887826647263472	71
-0.116908142165972	0.385351882231132	41
-0.047206000889669	0.3963883980918	71
-0.034422972734283	0.962774470714085	56
-0.112581418675622	0.468546595307601	475
0.024447217350728	0.523562863655695	475
-0.121613208378138	0.390655039514768	475
0.05959270559084	0.733000223960685	475
-0.028385087008444	0.726160475981081	475
0.054314736747216	0.860716439167262	71
-0.119041297256629	0.600300371320669	41
-0.00305850408250596	2.11743617956202	56
-0.11780505522506	0.463134222387151	56
0.037193951024771	1.00474310800259	475
0.059552818731542	0.93047529918109	475
0.012495798317792	0.749013717587656	475
-0.039336420027878	1.05884003429909	229
0.055613540453253	1.50036600227078	229
0.00640100135976396	0.599535156831554	229
0.069728587212179	1.53080897225282	71
-0.117637080113641	1.27684447956139	56
-0.031271445989136	0.708304921855197	56
-0.00718889606309403	1.14542429968308	56
0.108840640183593	1.07680403162472	475
0.120335015422949	0.796472166600504	475
-0.083036101111752	0.776867535980023	229
0.019702879331112	1.22764538949196	229
-0.050241561432829	1.09946733153768	71
0.00890187750666705	0.83641651637205	229
0.00889953745630101	0.647238087814972	41
-0.066146954820453	1.11402365593093	56
-0.08544273684481	1.23743848957761	56
-0.097255305124324	0.668652679177199	475
0.012538722961541	0.740864285243244	475
0.0763668201101661	0.760442483284247	475
-0.054079838398569	0.391657119358985	475
-0.0587457859224591	0.695920910533213	229
-0.115217240971161	0.589705582433447	56
-0.024725453132648	0.820820675961737	229
0.00779908349039005	0.745930614575579	229
0.053423153646957	0.763594435735849	19
0.091129090384592	1.0230227832842	475
-0.10624573219622	0.504653174333484	229
0.015217364617468	0.636165148118177	56
0.017747597386259	0.532520462693887	475
-0.010605077248789	0.315930912800945	475
-0.052843169899527	0.50019555076314	229
0.104081917296774	1.1658249612792	71
0.124472370168804	0.953946818934852	41
0.0144483244728399	0.503965191508668	56
0.0927848353038651	1.40706761632814	56
0.109491561682538	1.70454102657979	475
-0.059422951325933	0.786526576791066	475
0.079351356435226	0.656154276927575	475
-0.086927876896517	0.669384050878881	475
0.084084147985198	0.912093813866931	475
0.115705434083691	0.552303014239686	475
-0.015425518010333	0.306207484123342	475
0.115462169502841	0.532724518973383	229
0.108350271018701	0.528616267525502	56
-0.066904633163281	1.17834280735267	56
-0.030579803815134	1.04474714984488	56
0.0670299492870881	0.95091750145152	19
0.039001723675289	1.38228265428864	475
-0.117742205644565	0.683166004679477	475
0.071896174773306	1.16995022650926	475
-0.01464906254928	0.299656524393565	475
0.118072289910554	0.553833178695733	475
-0.0423659317523289	0.409488702910371	229
0.0225838560763521	0.537766539488347	229
-0.0121261088119901	0.29929336174782	229
-0.01361649649519	0.315060797022341	229
-0.030569064819732	0.385526787249587	56
-0.017703273150746	0.306858362541725	56
-0.037568405681732	0.403984477501453	56
-0.102175350418392	1.05438998059595	475
-0.014421286642015	0.826121192897434	475
-0.093075766107952	0.672011755961186	475
-0.014501617581933	0.315189615441222	229
-0.00892885205528204	0.318502007835874	229
0.060819032688175	0.421990451458679	41
-0.032137284797233	0.624752406996813	173
0.063818599095031	1.25471335391625	19
-0.108545129641411	0.481730786602245	56
0.032414588769307	1.12640320968301	56
0.03644010938169	0.894144670176966	475
-0.099168439827077	0.693948618403752	475
0.091325216915674	0.852013298155456	475
-0.045697630452237	0.408626708053185	475
-0.078729424464295	0.608999313159056	229
0.094099275081961	0.966418174160234	229
-0.09471936066816	0.575480287446325	229
0.120141021451277	0.548446649977479	56
0.00539738940183698	0.799942511252417	229
0.01441686537659	0.654759683337975	56
0.016584853295235	0.744079681110636	229
0.0118754667866811	0.754370225569224	56
-0.065696159663265	0.766842728728439	41
-0.044796317471515	0.411001158155085	173
-0.103023448844895	0.496847257871476	173
-0.017703273150746	0.306858362541725	475
-0.0196100987261409	0.302302293346586	475
-0.010885961029942	0.292576118013267	229
0.0779499668359001	1.00499736848073	229
-0.0388085349412119	0.39206361803622	56
0.074106189412428	1.21441760697312	71
0.058160522269658	0.422185832718437	41
-0.072637785822662	0.845176195054297	41
0.019633797875015	0.733521044624725	56
0.0765718836317461	0.631308259961401	56
0.036919314374355	1.7544321009369	56
0.034787935691895	0.978778999821925	475
0.062712920985683	0.430120146475084	229
-0.056474271766512	0.376494917433132	56
-0.029053951710339	0.876916532682973	56
0.095670259475738	2.00958722352955	41
0.067101654384355	0.420508562757229	173
-0.089106793639558	0.829135443395089	56
-0.013015861293141	0.914044976487337	56
-0.01448815419099	1.21595513993784	475
0.017747597386259	0.532520462693887	475
-0.11780505522506	0.463134222387151	475
-0.040137829271028	0.4064492847758	475
-0.023437652405318	1.01558229847507	229
-0.037715614226296	0.629409076020378	229
-0.104934490259078	0.496984142635582	56
-0.057079055734873	0.485184230694513	56
0.057413150957111	0.421156018212164	173
-0.0263442457990259	0.781271824487434	56
-0.058544349259246	0.787324404292027	56
-0.122074640592813	0.380540067646756	56
-0.118631792370409	0.59474376797796	56
0.070008369446861	0.429275087938185	229
-0.021728247796038	1.08930006494253	229
-0.00892885205528204	0.318502007835874	56
-0.00668141700367197	0.301913745802199	56
-0.047177721672402	0.937980455380842	56
0.056754031620657	0.865782023499747	475
0.078626415172358	0.933764924437103	475
0.022279327059845	0.755241203092932	56
0.046458448665655	0.809065258946008	56
-0.00390848467354799	1.49152521464611	475
0.115551380233322	1.03835957337734	229
0.073827629475499	0.920789491347171	56
0.0562383982928461	0.851149492901218	173
-0.094492126011903	1.60844101113639	56
-0.117417279535642	1.73254978902137	56
0.026709944192122	1.13844745435501	56
-0.059418943434836	0.705538290571752	56
0.095271480466314	1.5821305245076	475
0.099090418700662	1.59265171014029	475
0.01716780567843	1.56753918923926	475
-0.071462721160253	0.654905909457276	475
-0.121309535087722	0.715582011391251	229
0.083488444525252	2.14436558823452	56
-0.09036846025459	0.680467229309531	229
-0.0202938124525081	1.90164311474273	56
0.083250199063295	0.950904845014558	56
-0.077785146144398	0.595301824873339	41
-0.055531566748027	0.936987563889661	173
-0.0437086880391731	1.04842569947262	56
-0.0775736427375811	1.72567829451547	56
0.058642636480008	0.866739319922319	56
-0.069241095152432	1.15491003315676	475
0.063755436796032	1.44306855346227	475
-0.079386074264385	1.32511140760414	475
-0.000294078555494015	0.693744527662737	56
-0.092754180644303	1.34961249681862	56
-0.0321042300147421	1.55368086529883	41
-0.019195894238704	0.802408117123628	41
-0.060188090091555	0.792802529351135	41
-0.084526254557636	0.576230928553774	173
-0.060534385556676	1.05772372278135	173
-0.102863210732841	1.78653760319003	56
-0.097931000542527	1.66958924959555	56
0.080579602316614	1.46523945742447	475
-0.02151164300952	1.15648846050089	475
-0.105145712131818	0.768968563826587	229
0.08336403663016	0.665462555259972	56
-0.026755036403448	1.05893890689233	56
-0.095032108271816	1.07552572345802	56
-0.029061922604377	1.21319906646171	56
0.019881384793676	1.33163832320086	56
-0.123167581960338	0.826979741421508	41
0.013592034729329	1.82621811619266	56
-0.05376254815126	1.27196249085595	475
0.041503343583312	1.33792329179534	475
-0.025266079289114	2.30623140945198	229
-0.094438989394575	1.72279874669013	56
-0.051094505991949	1.40655131853389	56
-0.0596226124134041	1.0044673294349	56
0.043120423633389	0.930216750425443	173
0.090126831550286	0.968366476280378	173
0.045658067673892	1.66608811103049	173
-0.105751236600877	1.20755344517106	56
0.015585148114447	1.1696460531528	56
-0.103600583313753	1.22400589892585	475
-0.019053299398923	1.21943095030826	475
0.0661318927269831	1.21091787354327	229
-0.110893855216114	0.517730315890878	229
0.099132074161105	1.23275404678274	56
-0.018148826027054	2.25274578115893	173
-0.096167904599466	2.49262486482384	56
0.014359464679911	1.0801050975434	56
-0.106094438128106	0.82714856266718	56
-0.053188037686156	0.926259281471503	475
-0.030302986465477	1.43249143507141	475
-0.026481577656863	1.89998792095527	229
-0.06964447962899	1.6402156607281	229
0.015552384179063	1.62787983305587	56
-0.031222861121291	0.966616705379777	41
-0.044032071153728	0.412201562784315	173
-0.023038626682109	1.55907566034334	173
0.020889665776884	0.535768691647365	56
-0.048767640486243	1.00836620778017	475
0.049493569730091	1.54656486885428	475
-0.083306676514615	0.773276099890165	41
0.0506232968452111	0.843533417909576	41
-0.015464516846835	0.305662257601102	41
0.123880450391696	0.992123161029404	56
-0.00168805056923405	1.07682390879857	475
-0.058094626529694	1.33026608082357	229
-0.116513372092383	0.577369033826301	229
0.112610800898934	1.04360288995194	56
0.055990024908851	0.772965537595154	41
-0.120834410284993	0.39046776638375	56
-0.022630381951478	1.08232840090893	475
0.00155598065666196	0.830444098994401	229
-0.028065599060664	1.24867546542351	56
-0.017819707208135	0.304571574191317	173
-0.014574696839767	0.313657849579674	41
0.064349003977479	0.855089127313982	173
-0.121586836753338	0.584997101890094	56
0.083687458950702	0.938856631673565	56
0.00656428679937104	1.54994584883727	56
0.00809005503287896	0.801236542075862	41
-0.081910911911114	1.30920100419876	56
0.086088550469187	0.935129131607034	56
0.028885895748234	1.2606805390578	475
0.019093536452254	1.22223324358331	56
-0.084866066315857	1.58605072145322	56
-0.029033946711841	1.47581587873774	56
-0.106586528391093	1.08022821477143	56
-0.0562183666496881	1.2500528726381	56
0.07060462146352	1.02955624678413	229
-0.092519102269463	0.655027934838994	56
-0.00705728100834602	0.965020636330263	41
0.086521668864425	0.842731779816796	173
0.029039487658989	2.05126009545358	56
-0.110943318473181	1.34256095778061	56
-0.018518560162388	1.84890337441805	56
0.052119823333371	1.64606791787762	475
0.11194149265552	1.68439765755775	475
-0.016323161296952	1.12342941931014	229
0.066316335783249	1.69166065599518	56
-0.082853676392935	1.90808771378285	56
-0.054438186683633	1.08441858713211	41
0.00500753111808905	1.21523960382007	475
-0.122524030946458	0.835586917845549	475
-0.00524688410493401	1.27486688501169	475
-0.027787817097322	1.31909901411933	56
-0.099458772532819	1.14422772299651	56
-0.117414449127263	0.892307821827207	56
-0.092816168419239	1.14673146835399	475
-0.014334236381106	1.54517665956239	56
-0.048233718781871	1.03981389165137	475
0.034812069266318	1.15434641412291	475
-0.077442841265796	1.1097942647056	56
-0.079231231002536	1.39982857580803	56
-0.094316578375709	0.697896367709998	195
0.112504286105117	1.3148028690712	475
-0.112942063013744	1.11113032130437	56
-0.069902573793857	1.17244055426482	56
0.0530955186555629	1.4271700935541	229
-0.092673650553975	1.29462754638177	56
-0.036590018583531	1.54387951374894	56
-0.107063708348521	0.827160671113347	56
0.041749945841576	1.31498965588832	56
0.073544175428512	1.59775611506648	56
-0.017738571692104	1.3496980171379	56
-0.054560811301384	1.43289888842554	56
-0.101927863098792	1.25212676076734	56
-0.108294101059219	1.46434794207614	56
-0.085597419190007	1.32085444666325	56
-0.045946007798815	1.7443910542578	56
-0.079757021080968	0.605893791628595	195
0.053471077521474	1.24915465501279	475
0.043677750257918	1.02966289592517	475
-0.120754832952274	0.902301043637778	475
-0.082422112942497	1.13750544741754	56
-0.065628863577505	1.40601309724521	56
-0.091732548923121	1.5550239756664	56
-0.049232204467926	0.932339566932663	41
-0.102659097722461	0.506406358309919	56
-0.090501157573907	0.991766190206845	56
-0.05990394395193	1.79067428857929	56
-0.084908380523235	1.69989851275503	56
-0.045310684985627	0.827765640657328	56
0.01471549607627	0.507514152848855	56
-0.0599466874719951	0.861169776553872	56
0.019567586142489	0.757457543854335	475
0.044171187501828	2.14199563031429	229
0.070843442944337	1.10072819691174	56
0.116953290114826	1.223219872014	56
-0.051512013838774	0.596038318801309	56
0.017280735759292	2.41635463731988	56
0.036268383774168	1.19396235853859	56
0.012161581150032	0.63734730212933	475
-0.069468485969837	0.675017640565185	475
-0.008390722187402	1.05511235200514	56
0.040210953838368	1.55735396103725	56
-0.017085540196893	2.05478876414465	56
-0.061557356350248	1.79422067173747	56
0.069121873043145	0.427973741385353	195
-0.038735414456443	1.1985520850059	195
-0.0125208735819879	0.805756041522914	56
-0.065883457137763	0.604289284199857	56
0.010525945498795	0.960958729011606	56
-0.063047301808721	1.18849430511646	56
-0.031632241797411	0.711040164441138	56
-0.028275880384231	1.91065524687519	56
0.116163068684133	0.755465771608819	56
-0.109478193501775	0.498114578925344	195
0.042144204851417	1.00799515000805	195
-0.014032188278069	0.978262895833977	56
0.039647924102313	1.52296913257956	56
-0.036026780803719	1.32696235148328	56
-0.061923807444027	1.09768300074546	56
-0.102490014190131	0.664294184086275	56
-0.108404586452533	1.28394121847246	41
-0.020581647485359	0.293922441430953	195
-0.016926051241332	0.302093223186916	195
-0.085133946609803	1.52363728518455	41
-0.101777051812923	1.18055603626955	56
0.060434806702477	1.99102751702034	229
-0.0691636297575911	1.40428696146622	56
-0.083982948250762	1.30445717980034	56
0.043163839792593	1.77686082706929	41
-0.047724687259862	1.04135179466775	41
0.10903988475382	2.12085793146977	56
0.043733846886476	1.30190284429816	142
-0.11955583212952	1.6994293192271	56
-0.070331339153492	0.687458320991724	56
-0.0326807186531251	0.72568871942722	56
-0.056298358754488	0.49506041814202	56
0.010391946951824	0.636750498194819	56
-0.04785999755653	0.51382017834803	56
-0.0579156327484111	0.503185717111471	56
-0.11394523705578	0.838109933229972	41
0.050657363227601	0.868560137100991	41
0.017321920948777	0.80944121484638	195
0.078184809697606	0.657925761384496	41
0.020416040981186	0.844077004414251	41
-0.067191512638976	1.10166566684678	56
-0.111151322546276	1.42843623701376	56
-0.039014643341861	1.26796331080621	56
-0.0130358023067521	1.36845117751034	56
-0.115589418625912	0.954846818134832	56
-0.111684591277688	1.66730589279805	56
-0.07492084739782	1.8739264068524	56
-0.091672718127749	0.991649905864654	56
0.055974277187645	0.760121142072826	41
-0.077196779207189	1.66402974688693	56
-0.036054396064907	1.46066496538565	56
-0.10224369711898	0.679729031264134	56
-0.0918109927166439	0.626704853137424	56
0.110652066980186	0.546767291303937	195
-0.104603296431304	0.984020038719625	41
-0.00205439215432401	1.16249012917737	41
-0.113186572973728	0.594276257656529	142
0.124134151163618	1.17432200084335	67
0.015784994169596	0.641202068486162	56
-0.055418467518265	0.696748843628838	56
-0.051729849707211	0.875082828473057	56
-0.075431918685264	1.61469936943711	67
-0.120116327695644	1.46110277983189	56
-0.0762369032210311	1.22748340939309	67
-0.022453716633772	1.06553835593304	67
-0.121483454349461	0.81774911413476	56
-0.120500917959004	1.64116062664483	56
-0.052526866067079	0.505332021901349	56
0.108707646706447	1.05137625250401	327
-0.08163837200377	0.927219886650538	41
-0.067654455130667	1.02366434002958	56
0.00991641933893705	1.68626288752355	67
0.081393573156513	1.4433108660124	67
-0.061727660184564	2.14789090816975	56
0.045944963927857	0.927874123715302	56
-0.060294935213903	0.718219615686471	56
0.0792430494404081	1.35701451720576	56
-0.121685346648834	1.08003761292833	56
-0.10302785801746	1.68489012568328	56
-0.057696487797153	1.36629076648703	56
-0.027588171327084	1.32075895530367	56
-0.028059077873979	1.47566068628959	41
0.08559670806376	1.41023515211417	67
0.049693750741574	0.819934096685961	67
-0.040994845085527	0.621247222414005	67
0.0406726361908381	1.42165433712652	67
-0.046485835829699	2.15675098334738	56
-0.083133242904095	0.564045850448249	56
-0.017437867963178	0.281929937287568	56
0.070844385809211	0.670903547594631	56
-0.053963206943129	0.355684036104647	56
0.0188044440395519	0.480133582019951	546
-0.035034720883963	0.954194405583841	67
-0.086411884340069	1.11014175854671	67
0.073331229157653	1.04243583807681	67
-0.06034425224192	2.19341272742832	56
-0.023816953698975	1.43193360623291	56
-0.039489850859618	0.638396982331155	56
-0.049012340933714	0.513693738928779	56
-0.072424503379562	1.00650773534039	56
-0.035485585937251	0.391974838976067	56
-0.114283611505855	0.380203143670537	56
0.00272475660712601	0.711831468650956	56
-0.116005489153077	0.828982347861684	56
-0.037427686675448	0.706318798730882	56
-0.101415091836472	1.33951806872118	67
-0.117183877308676	1.31252669455759	56
0.029632144057681	1.72014967732295	56
0.049350286731948	1.39668781131264	56
0.0826130510327781	0.959713295292652	56
-0.058002887344925	0.760361680485892	56
-0.070623513723007	0.868381476013071	327
0.059259048055112	1.26650667101743	67
0.00685649722762804	1.61789817764632	67
-0.095237343974566	0.894391505217566	67
-0.022816395242653	1.34001604506593	67
0.084319972859659	1.5188348827463	56
-0.077204598140592	0.603950998132458	56
0.00941544308012399	1.9679807222925	56
-0.08827460259006	1.64336143013674	41
-0.081202697849006	1.29881589793526	67
-0.089147270052557	1.59461588612588	67
0.00579269736307697	1.95497932445744	67
0.0427759829148831	2.19802452565026	67
0.022833824555588	1.0714353028572	67
-0.021661410462507	1.7852790159613	67
-0.0377600953359	1.3554102261919	56
0.041472911594837	1.14567688193983	56
-0.079429630799663	0.615087793841154	56
-0.090399108947395	1.82029463405012	67
-0.047343355234451	2.08249918003519	67
-0.00234622340489898	2.38273640358702	56
-0.020171055310761	1.18973907744202	56
-0.06798438481425	2.41675549816462	56
-0.062346295096674	0.862481570573098	56
0.027844344039993	2.36438383117847	195
-0.096214344585503	1.05509876792974	56
-0.124309481765684	0.672606310868156	56
-0.021893538692785	0.961382929006646	56
0.071095503101169	1.13657448597171	56
-0.0304981266883531	0.610064364985434	56
0.081223093349689	1.05976782845645	56
0.043369564659519	0.941986350112249	56
0.013033474114388	0.912631745941139	56
0.021238498181517	0.833566108597961	56
0.033441766055867	0.954909101930606	56
-0.05616951145878	1.00314750655044	56
0.010424272734576	0.925318061234269	56
0.049076438266914	2.0968125093734	67
0.093005424289349	2.4213862207169	67
0.016470658984381	0.91602627811696	56
-0.09144023675613	0.588350411251557	56
-0.049231021887579	0.642495096642822	56
0.0708213202565851	0.754479819527683	56
-0.105868735914237	0.469087069220126	56
0.107068536081261	0.531225025495977	56
-0.073904335031692	0.620243603652282	56
0.111156134581114	0.881411808459007	56
-0.024392694980884	0.62204664539458	56
-0.061872072763664	0.904072858618826	195
-0.1092877718797	0.4907674062252	327
0.020639328496989	1.88906498560044	67
-0.106056569337338	0.506628953159211	56
0.058037455101431	0.767733112966401	56
-0.051512767324474	0.785806815831225	56
0.070008369446861	0.429275087938185	56
0.02535961852622	0.532508722581414	327
0.067101654384355	0.420508562757229	327
-0.072310667313222	0.774469605983214	56
-0.062094954953003	0.779068495585022	56
-0.033995398674596	0.616918389533562	327
0.020214709430703	0.744747383960304	56
-0.049148138909587	0.406938211148577	124
0.060267730580288	0.618726992671559	41
-0.053364520060616	0.519676272979715	195
0.120596407632454	1.53040258328648	195
0.076723487964376	1.25620743997424	56
0.04823316572005	1.00495921797133	56
0.080846567331632	0.958096175178214	56
-0.062198221770865	1.80191043536163	56
-0.050707560157069	0.514432618296285	56
0.067633286811483	0.440000422425588	56
-0.0973444415873031	0.497885518535189	56
0.075012954876953	0.743744238384549	56
0.113141429285111	0.548609379574522	56
-0.056763437621662	0.511962691079879	41
-0.049071174490691	0.381246965440917	41
0.0104378500021241	0.49836418418366	41
-0.084941716709898	0.770491293899412	56
0.07864879170072	1.27647460321098	41
0.110838944969769	1.19399000714541	124
-0.077316879936318	0.786098900093509	56
0.0927359601030791	1.21924960005622	56
-0.048084627275187	1.3885854732741	195
-0.060939124181706	1.56862702336043	195
-0.103807170632079	1.51634874725773	124
0.109081042446369	1.17267606158336	124
-0.067391370140343	1.11954716992327	56
0.066747939029539	1.11443294125172	56
-0.0722638897501851	0.688214702114463	41
-0.00673756331467701	0.987515411009901	327
0.025982765881306	1.43089483633212	124
0.00224578650841101	1.16882537620778	327
0.078141545626892	1.92902802888986	124
-0.011918422172439	1.04146788376137	124
0.019763474922909	1.32801193762624	124
-0.063314034029753	0.937908954257585	124
0.094454139238013	1.85151438294768	124
-0.09445861800828	1.05711563361489	124
-0.036282762113805	1.03370009600149	124
-0.055076807665693	1.003761362163	124
-0.027329707866938	1.28343020388019	41
-0.117023910314483	0.573321503627679	195
0.097437617471696	1.47469162310089	195
-0.093902821410128	1.3770664783468	124
-0.111101048083821	1.02367053991625	124
0.0119159591253249	1.05260179080359	124
-0.05506981661137	1.18056761566801	124
0.076581791570657	1.17953823949132	124
-0.027726821429174	1.29242124695696	124
0.044678628262608	1.11399542303119	124
-0.111668485586848	1.14057961503089	124
-0.080315652597117	1.35498260021521	56
-0.009207182452171	1.19439184986037	546
0.011608911715861	1.06222834882231	124
-0.05983973682454	1.29986106885309	124
-0.108772070049789	1.17484192995208	124
-0.031288572346008	1.35305475399358	124
0.026263828866271	1.44836515625368	124
0.105361438569816	1.43200341821668	124
-0.013439527930683	1.15459022608049	327
-0.093385501967146	0.932096272499828	327
-0.024039160913425	0.814884294527325	327
0.010841111164247	1.36670466036375	124
-0.027513885734532	1.27358969450001	124
-0.087583232593359	1.14258952506373	124
-0.054122489641842	1.1216773109825	41
0.00246042312005701	1.30127227455144	124
-0.108717362273734	0.956236616251856	195
0.00336022392572	1.05219227175065	327
-0.095350118002538	0.91676411332968	327
-0.0979843976888129	1.16322962060133	124
-0.089746242338184	1.077815773334	124
-0.076469703988271	0.834858795691902	124
-0.06720709828444	1.02971618092539	124
0.119543381647244	1.3198267120795	124
-0.094779894774371	0.951840160172042	124
-0.047478938675165	1.02168032275683	124
-0.031213139744701	1.02433930804829	56
0.047674213063672	1.20372973643997	56
0.028068915620133	1.10528385443121	56
-0.034500537579604	1.02710196950762	41
0.061195043077751	0.819547412975628	327
-0.121618909665775	0.760364293626422	327
0.00702468774966403	0.963606705133337	124
0.079579650469327	1.25809180239058	124
0.00915326944364503	0.824897984577823	124
0.077621192862768	0.950042426822736	56
0.004546659791131	0.900217078892197	56
-0.046997807368071	0.801520544391668	56
0.085271500436671	0.979033874198983	56
-0.04125019136731	0.882135443602373	56
-0.0397629388320609	1.12764914006586	56
-0.027094284073497	1.03548693821682	41
0.043513783379144	1.07740165684685	124
-0.084671648226508	0.7547420727281	327
-0.101787668970837	0.970780869525797	546
-0.123226346897817	1.71389074506725	124
-0.039355134698558	0.636220813027255	124
-0.120313470955622	0.678352516766641	124
-0.108561056230328	0.76324007269983	124
-0.09981689783435	0.827505694417093	124
-0.10444396882068	0.672581163618245	327
-0.099549600652967	0.795651511907571	546
0.015231750795597	0.730593663649731	124
0.099028871889486	0.866885505250679	124
0.095832310387891	0.885607254220892	124
-0.036358496068691	0.624661900627155	124
-0.017288658674656	0.808965064831059	41
0.037037123893507	0.974754624417555	327
-0.045770459359311	0.591704443266472	327
-0.101651514814592	0.820176053111263	124
-0.115740138271413	0.822653529877263	124
-0.072585650869983	0.94264363807451	124
-0.029488278688353	0.714046113875558	124
-0.042191289702971	0.945936129746319	124
0.041196918452742	1.08764877866235	41
-0.0562547395787391	1.09144959765283	124
-0.0456521126183	1.11781295824684	327
-0.094860554275413	0.5746887977961	327
-0.103479555647532	0.561978509857288	327
-0.058719699913777	0.771983749694187	327
-0.0427629325528141	1.11348607546152	124
0.038793448624592	1.79961341324617	124
-0.053471345785103	1.26939053100708	124
-0.121337240265317	0.633632281630191	327
0.03757449288784	1.79603771483612	327
-0.057205191233894	0.885163103463631	124
0.00339020057498496	1.27738881200978	124
0.059256110252516	1.7799363701868	124
0.029639914913521	1.56929213533298	124
-0.059847320560885	1.13725691407918	56
-0.098846041531283	1.13848533794097	124
0.080087491395119	1.45355989534641	124
0.079569913797457	1.57780711140518	124
0.072646099012011	1.09584250219485	124
-0.1010177204222	0.980541685209259	327
0.013811334724688	1.4804518681735	124
-0.036485248474679	1.34986688194265	124
-0.100739814996256	0.865702840824569	124
-0.103397320655483	0.479472470025302	327
0.069111932197614	1.13356861401878	327
-0.071059805464493	1.37526405313903	124
-0.060269330774948	1.00809662593112	124
-0.088991037318495	1.05223122053879	124
-0.067298353561132	0.92948352775791	124
0.0834313267145051	1.47923837878218	124
0.021621322415202	1.44207163742345	124
0.065650793872678	1.89051909131628	124
-0.00805720567478896	1.65859244289004	124
-0.041865437072917	1.20713926890556	124
-0.07780952526028	0.91874158948198	124
-0.029366333174887	1.10561335483241	124
-0.00598931042374096	1.53796614152212	124
-0.032842932530799	1.56970996736619	124
0.047516905031661	1.88692411294463	124
0.109165387878947	0.838890463341084	124
0.105973009570853	1.39262737787696	124
-0.078034954132293	1.67634543933845	124
-0.00461413870467098	1.66496217200486	124
-0.020609398288348	1.14574978799944	124
-0.00574931255986599	1.05424152631511	124
-0.117859799394928	1.09416813079134	327
-0.116152680956866	1.15282146758534	327
-0.064862564243469	0.709524554828349	124
-0.053280470217147	1.73088097239331	124
0.015426154002211	2.03961173899553	124
-0.114884656834952	1.51517677661447	124
0.076888577559219	1.85109938036243	124
0.058826639033965	1.94575403524602	327
-0.072284565984306	0.742034978074524	327
-0.048624919153725	1.57976331700508	124
0.030373505866754	1.98975503645685	124
-0.022530874325248	1.21635791971764	124
0.041891622625689	0.819406500262216	124
-0.0725058823832641	1.37358291028586	327
-0.097885953827867	1.20500269081371	327
0.112828336014525	1.73551893101713	124
-0.115703156447771	0.478084265991393	124
-0.110153711606616	1.60501010835023	124
-0.0368771690126291	1.84100766853407	124
-0.088050164884189	1.67383688310552	124
-0.046618200453318	1.69145258784984	124
0.119053868563919	1.34799243874856	124
0.101113760302004	1.20722540765592	124
0.00315335143824302	1.35563770208177	327
0.051831327179742	0.383940015105264	124
-0.067069315815858	1.67974841580186	124
-0.085167599646878	1.53343556556552	124
-0.03446869171056	1.81248826940917	124
0.09974773376525	1.41365830106497	327
-0.077891064325092	1.39944047104176	327
-0.040615233633823	0.388784260544515	124
-0.029377959564487	1.83286417820718	124
0.01709846959932	0.537156256322218	124
0.027832051962502	0.517841688019523	124
0.050906520960292	0.92271138590624	124
-0.029992961258998	1.12848758846876	124
-0.079548904709399	1.57861335107943	124
-0.088715223479624	0.988692258891468	124
-0.076740953520414	0.596248586414696	124
-0.039623568134361	1.73353203050493	124
-0.093728630096878	0.496745236534066	124
-0.066234765567563	1.7383256333975	41
0.122505530838252	0.963263408940853	124
-0.12427863296996	1.18227804948781	124
0.014320962334023	0.910412189391601	124
0.051694107378727	0.686742192723251	124
-0.122810881058076	1.66657191041564	41
0.091071846011938	1.70681903503476	124
0.116541793820857	1.3817896841582	124
0.040105073033425	0.929415602085614	41
0.104075648427955	0.489771245054855	124
0.077875067298289	1.05341440316191	124
-0.067028665368024	1.45462006895576	124
0.044439303453536	1.18335585716641	124
0.00815602337554799	0.993697142916218	124
-0.014574696839767	0.313657849579674	41
0.083722598182347	1.0500449943276	124
0.00946552387208399	0.631916764326648	124
-0.122794122599912	0.756192941235654	124
0.027431309977165	2.31746654691444	124
-0.121047152143736	1.90460645704196	124
-0.023153225763251	0.714795595357893	124
-0.00590636495901897	0.302807104737618	41
-0.092882393834252	1.00369540094375	124
-0.057482162548837	2.25205874987515	124
0.016040064256202	0.906577199371049	124
-0.068735766457284	0.845950635952868	124
0.105017177367394	1.55605627358677	41
-0.053676385965851	1.54108007549617	41
-0.10086334908513	0.657452980093258	41
-0.01349383331763	0.932168895638983	124
-0.02624276116285	1.67434049562172	124
0.069312334748904	0.666949888368174	124
0.083055672804386	0.943558372168669	124
-0.016801300690983	2.31537302248042	124
0.015799271983958	0.629221284640765	124
0.00200696132241296	1.07763089561781	124
-0.119309320350413	1.52732774585734	124
0.065121610572868	1.01246331605814	124
0.049018177167523	1.39820567434522	41
-0.083845353920141	0.856117085964072	24
-0.049227852397796	0.800901837297517	24
0.122151955578247	1.23199606361643	124
-0.035163798916466	0.707937435302354	124
-0.100694896965758	0.666906312307708	124
0.00469123437849295	0.787145323772273	41
-0.101272522497398	1.76558860673189	124
-0.081267130185965	0.776546759183018	124
-0.086073765171228	1.49260532727241	124
-0.008965115336802	1.67152231162505	124
0.082238407426106	0.660010687040403	124
-0.052991492841764	0.508624553463801	41
-0.010766658353382	0.302102112406983	483
-0.080375607057958	1.46666535446522	124
-0.054266086080274	0.385574521321677	124
-0.069063295285872	0.905988714858794	124
-0.050674809414376	0.519658486079474	124
-0.09028060202757	0.764955065871758	124
-0.121817135286278	0.580989375064166	124
0.012292496495062	0.644824374709109	124
-0.00820703701289305	0.29292340180481	483
-0.100831367120028	1.14892332524773	41
0.050322894513661	2.4145089678716	124
-0.064439174371931	0.774071668547358	124
-0.00556824536457101	1.05406904711305	124
0.0694212174601599	2.40264014345001	124
0.012163319444138	1.93936697663225	124
0.02456532841589	0.890215587787484	124
-0.011118813290829	0.987928058262241	24
0.102430272372077	1.35760824090746	124
0.00322602112613501	0.95026690443456	124
0.0218586280654171	0.641828814581928	124
-0.0735034134924461	0.819908871657398	24
-0.104374996125129	1.98873496526913	124
-0.054305945565403	2.23539454492588	124
0.058087021950802	0.379394716763534	41
0.0422346058086131	1.16450022673036	41
-0.073474049095678	1.50450846369545	124
-0.0271634569436769	0.799093096707049	124
-0.116351635485731	1.38297173759098	41
-0.078572438590064	0.596034386865249	124
0.0271874920072031	1.07837324432418	124
0.117235952936652	1.07749853999189	41
-0.090586847587397	1.54782336923784	124
-0.020442915859373	1.04170951404924	124
-0.073232517684352	0.582265254470243	124
-0.085818034529035	0.773615325804087	124
-0.026470173419084	0.784037646090733	124
-0.06561060301024	1.59779894768131	124
-0.0349878169047561	0.957833259008758	124
-0.106601982997825	0.494154876221431	124
-0.075056233174941	0.669709037199318	41
-0.09659318848951	2.47771647104318	124
-0.043734340156221	2.03755516833359	124
0.014993261866062	0.812749839304024	41
0.041724854438315	1.80729000522959	124
0.043730285977469	1.65310753026578	41
-0.113038922460198	1.42678924918602	41
-0.028545770814536	1.93674443739032	124
-0.034435437835417	1.41269275439077	124
-0.09715954519709	1.2409773614537	124
0.049322845089508	1.11566282730511	124
-0.058361016742932	0.874089892673954	124
0.018942337021993	0.740877961231639	124
0.026916515958651	0.615610495383512	124
-0.085429744291652	0.609025962932044	124
0.020889665776884	0.535768691647365	24
0.00272475660712601	0.711831468650956	124
-0.035472620744236	2.47089173436263	124
-0.00958189687010003	0.307334976280597	124
-0.040137829271028	0.4064492847758	124
0.0609482877020841	2.02938198210612	124
0.110119104798368	0.728770192474092	354
-0.086573839169406	0.60009093571943	354
0.069406231051187	0.439848166989518	124
-0.050050957364469	0.404578020274008	124
0.072554362634933	0.431497486746737	124
-0.00892885205528204	0.318502007835874	124
-0.014574696839767	0.313657849579674	124
0.016315286211115	0.530408765012928	124
0.056860367435929	0.919465610328228	124
-0.111435788931419	1.0073672955258	24
0.056527598995779	1.60147564798331	24
-0.026967368334371	1.21487663462308	354
-0.0777831164571941	0.782104076011929	354
-0.037838526873649	1.01386838992344	354
0.0976131425768459	0.897730775896143	124
-0.054909366171195	0.516508739984301	124
0.115321479741458	0.561149981076435	124
-0.047243488343406	0.508426820298255	124
0.06350076392328	0.614214128174205	124
0.023291094978108	0.789808456340078	124
-0.062029021418077	2.38017337263676	354
0.00222858377183799	2.36532608651924	354
0.063140763976713	2.15392176173093	124
-0.112581964367192	1.03572875497658	124
0.058010491562938	1.60058758113742	124
-0.120310045131579	1.02612808928262	124
-0.00892504955661799	2.02993340899067	124
-0.057345058362006	0.981311168561171	24
-0.0430279126475041	1.23568393933848	24
-0.107179132095302	2.26978622316855	354
-0.03793291458857	2.24530844518111	354
-0.0897269847057089	1.95774966202339	354
-0.065472512566791	1.40232801786169	124
0.047297606491444	1.653548269217	124
-0.073741381651554	0.94427053767284	124
-0.035603495084493	1.38011931122775	124
0.026045635663936	1.25679017711904	124
-0.114771436992198	1.61894060939659	354
0.022022538534488	2.19983401496249	354
0.0170707055266059	0.933459400836201	124
0.013654877843657	0.89982894277095	124
-0.028931625720351	0.963025884936127	124
0.012090155007622	0.754655032474872	124
0.044602522880003	0.931173940605321	124
-0.037620033290522	0.712506650625001	24
-0.030146578783675	1.30088069838628	24
0.11445987577063	2.07617590256166	354
0.036800012026592	1.4819897019734	354
0.071477729163967	1.85490721908391	124
0.016965237915769	0.536218494113618	124
-0.085154676130403	0.59679753641588	124
-0.030063556076883	0.8952358174654	24
0.119389726912995	0.795270161063639	24
-0.029130860766942	0.808501966471658	24
0.00983354429111205	0.641455029443201	24
-0.057382781100255	0.703590763103971	24
-0.052837123536861	1.19516171439131	24
-0.098433638024086	2.20525803035813	354
0.045051636062137	2.10050550011835	354
-0.083618656260071	0.672444099986789	124
-0.034419622165158	0.893324473556829	124
-0.011823264142202	1.02233446167534	24
-0.102694033394255	0.685805379754823	24
-0.117224772232987	0.600134776186461	24
-0.084706303045643	0.773998737012677	124
0.064259332487565	1.01751574184787	124
0.077928763178816	1.00716711745366	124
-0.016405565822601	0.802434195169509	124
0.12396011932637	0.935642027732398	124
-0.027004908196544	0.717920317595097	24
-0.023590119923693	0.726956263253294	24
-0.037092027517905	0.625926661935536	24
-0.08381597890947	1.21978564891681	124
-0.098323529659992	0.714531984547415	37
-0.06569998131081	0.843808085743262	24
-0.052954766545306	1.48809492115484	124
0.10750909166653	1.39746520483245	37
-0.047605663145403	0.885849186415642	24
0.106342620632535	2.30430634481787	124
0.063961330573013	0.4331846632987	375
0.064342136965321	0.430975463849959	24
-0.094009433279684	0.850564465374515	24
-0.011635734726801	1.79165329815794	124
-0.023766480381245	1.12480149858952	124
-0.121216793570826	1.16490744184348	24
-0.060456814561114	0.680270957668741	24
0.02039812390681	1.66834391869714	24
-0.0876356026491411	0.839598453493388	37
-0.028878447475623	1.96341093766848	24
-0.087206600377251	1.29059930207536	37
-0.112681435747981	1.04837279562943	37
-0.059703720754037	0.87560637083149	37
-0.124304122095235	0.677469300437131	37
-0.026985926482283	1.79421787869542	124
-0.07723065897224	1.19559254412805	124
-0.092752103275545	1.22580859243264	124
-0.033822762559359	0.869048338427613	24
0.027618455723497	1.34485425383812	37
0.024404070304673	0.916787962008941	37
-0.097213881210388	0.843343606465418	37
0.108595914713383	1.06253327156537	37
-0.040751038457889	0.692403875378281	24
0.123923257539856	1.65132384326147	24
-0.1132439143363	0.479848756044333	124
0.069565630215803	0.642236387481827	24
0.067774573719918	0.437416300979151	24
0.121738489813875	0.977824342219097	37
0.051779055923717	0.862914313208047	24
0.0218605394274261	0.743576258270109	37
-0.08811342741717	0.600545452930951	24
-0.049300464492117	0.85987439792256	24
-0.123796474849271	0.681856651337052	24
-0.093717020258794	1.28698754459278	24
-0.0943257176647711	0.953005525014186	37
-0.000287738947895022	1.14110716010566	37
0.03939653111103	0.929626746222372	24
-0.094190046290737	1.58525329904648	124
-0.055091376841206	2.09176665828541	37
0.077133189093771	1.72493458101971	24
0.052925317738977	0.926813246310961	24
0.02386876162898	0.924866270636312	37
-0.021502821636462	2.16385491599606	24
0.04130142224068	1.02424823554324	24
-0.121900969636338	0.379907543004758	24
-0.089815986947108	2.25532375222364	24
0.072554362634933	0.431497486746737	24
-0.120895425517831	1.20844828746863	24
-0.111143599818421	1.04212809786795	24
-0.029005287550128	1.0485515643564	24
0.00635812227422306	0.77814818785001	24
0.018317957312288	1.61875783651403	24
0.092492195408507	1.31628313835245	24
-0.00132415728037805	0.60539623513167	24
0.026953997523936	0.529663040874003	24
-0.014574696839767	0.313657849579674	24
-0.082803538980698	1.01187814762353	24
0.074477595260411	1.87081969326623	24
0.123005658144202	1.08512641928014	24
0.0864975793270381	2.11716375968178	24
-0.095738718215205	0.900842511252016	24
0.000168752562554997	1.64409061318023	24
-0.083395311610446	1.65889437337511	24
-0.119508246624969	1.04475764488814	24
0.0120738506032489	0.826316979058234	24
0.067101654384355	0.420508562757229	24
0.12453991909215	1.63307409949835	24
0.00390307768187703	1.96714380819324	24
-0.115591781596843	1.62635767397184	24
-0.0279270265978701	1.6518743076055	24
-0.019682919365257	1.0480583244	24
0.023498391977312	0.537633487838775	24
-0.0341754744299561	1.66044753050289	24
-0.00469861158444596	0.979739589792556	24
0.016770872561911	1.21102256103363	24
0.058599531228397	2.27523385710558	24
-0.112293497808201	0.757829926102937	24
-0.116980769810483	0.974991310085105	24
0.096195224630378	1.23849838828647	24
0.00908715799440996	0.643982327667755	24
-0.019692267756694	0.295281774946703	24
-0.041619064224701	0.505869989770906	24
-0.064278219190655	1.3139789311281	24
-0.00905251348905001	0.309814622997046	24
0.105429263503455	1.79613235109636	24
0.012140273137686	0.50495446915339	24
-0.073003152116647	1.38020159661697	24
-0.00303078075365104	1.81095993770217	24
-0.0761550005417691	2.43971599757116	24
-0.077683465245777	0.999777870845704	24
-0.046819999367265	1.39410766495095	24
0.067113359226331	1.02798241644649	24
-0.012940498466289	1.09277752398655	24
0.054541884598188	0.729889797673785	24
-0.09650894031104	0.690138818737486	24
-0.055101868158679	1.00094160660115	24
-0.023353464769426	1.16052673048345	24
-0.060222882224658	1.1045322414927	24
-0.117260820515376	0.67093855623642	113
-0.038042503961815	1.22008494587954	113
-0.100014827403346	0.689635297000499	113
-0.0248662941025229	0.799568034755587	113
0.096942231565787	0.978608885736031	113
-0.098343728277511	1.58182865507616	113
-0.00618721431442804	2.0091560336619	113
-0.038925691766281	0.614987932963754	24
0.027501579382423	2.22658054026425	24
0.077333410561631	0.413585336870388	24
0.028360700480528	0.514907215184307	24
0.067228110217382	2.08623783587877	24
0.069121873043145	0.427973741385353	24
0.060771687563598	1.02630714293416	24
-0.118209849169422	0.385133347059242	24
-0.042686581742471	0.40051321598244	24
0.071038216896865	0.433632880550008	24
0.076880311228728	0.662341097982699	24
