x	y
-0.400417503814005	0.191953792334397
0.372409255375716	0.139539801963172
-0.691085260506743	0.349577153347283
-0.393883484124643	0.19145585023457
-0.29696742949926	0.560591702970437
-0.286892082874725	0.264062886202604
-0.549888553650048	0.371791501985629
-0.235996718509706	0.163701740222112
-0.139881792895707	0.13175533740748
-1.12994556670981	0.882740125248395
-0.926283676020925	1.02028942684928
-0.444633256358326	0.740946266971301
-0.015855488684305	0.0155419695154763
-0.447772225824299	0.841571884199498
-0.369099644872052	0.60625401417435
-0.265340986899597	0.424332663559171
-0.494702225442766	0.468122844899183
-0.272483940241949	0.262110910258369
-0.268543038472013	0.278347348671542
-0.309162337527539	0.403902508823605
-0.188336526296685	0.208333086575321
-0.162507426580435	0.188382768002949
-0.358892613896682	0.469779396958861
-0.280256202828454	0.40098954264125
-0.502262893684987	0.89210550855795
-0.539449183703473	0.812249941003892
-0.314287232141401	0.478390172248872
-0.407204602096099	0.668323801666526
-0.495888199550522	0.909530195849059
-0.441010374682559	0.579242126315505
-0.272116894842373	0.395662693438033
-0.165650256467733	0.179358564661322
-0.584391586865215	0.927295878665442
-0.292094629144463	0.376968451948677
-0.430514644576856	0.6204854292141
-0.533838072840372	0.881098035110565
-0.545539499812196	0.924581734229993
-0.141133861952167	0.176491571515735
-0.138570235552466	0.169339985589916
-0.363356820944288	0.549411615536611
-1.07472350745596	2.54532414988108
-0.356522149001229	0.684346746922229
-0.344572354361253	0.653421236775855
-0.720216896965791	1.95308236631373
-0.294592983864908	0.507425723181954
-0.636651952950837	0.545781135144994
-0.686181250454784	0.779090481916741
-0.541509543517245	0.873358489158472
-0.705527463943525	0.879565478661968
-0.233505800222834	0.295557867355612
0.0518564825831151	0.0619249843729693
-0.58627325776572	1.10933998586427
0.0572930883256646	0.05527848987329
-0.295039597022784	0.370025901851897
-0.0226487703620044	0.0216895075825915
0.430271327715117	0.65816175568314
-0.384161822486135	0.605802236460305
-0.0178644197881041	0.0133814007147275
-0.106014507751159	0.0938269245920866
-0.596281839525324	0.708852639280497
-0.791900935090762	1.0817526073106
-0.626372424633656	1.56421410974861
-0.177376752876234	0.269163116991382
-0.493931990485627	1.25369763882355
-0.37491166582049	0.561458565515922
-0.210794341073175	0.315364780332803
-0.290769068271582	0.590307320282086
-0.432756822834834	0.816438967414497
0.0449288340820292	0.0616151729501767
-0.00506365808203292	0.00684497153892918
-0.0621383889370066	0.0928336419555186
0.381209523781605	0.437243742816514
0.836947331536948	0.934293223286332
-0.159639057516578	0.116043287627465
-0.447217962792329	0.450610245465961
-0.206888185282116	0.150166056894848
-0.522312479196511	0.537644016643834
-0.244589453596452	0.290222589652935
-0.653155637463686	0.653024597576546
1.04954125241545	1.42169692485599
-0.118232131427397	0.0782442898401748
-0.419287399281455	0.377401029799865
-0.0588839863567665	0.0421950015732109
-0.223357649000344	0.193382638032167
-0.239287005232149	0.16352845885876
-0.192450750398961	0.311518181549181
-0.388496262371658	0.725280127463685
-0.357253675044945	0.846364374192473
0.400434244836144	0.601976098390052
-0.133703019011099	0.18232849825554
-0.590569014630916	1.88216711716259
-0.222521203118207	0.431246589843206
-0.0957091871455188	0.177044445377997
-0.530852800778072	0.407679035605516
0.0683567328239415	0.0314245012157804
0.334323684669379	0.230736140156767
-0.418834102314532	0.348932972693206
-0.866921778529062	0.908150895587018
-0.738999178076074	0.457418424079449
-0.427878957841233	0.341230777946269
-0.475194800163443	0.579050871630636
-0.796426620264033	0.867455816968239
-0.295029802296056	0.340483895782571
-0.397679327465295	0.504963109972308
0.195928095027338	0.206819407150718
-0.284894202715001	0.291767849961623
-0.0971179269339605	0.106443853699227
-0.00903664511322709	0.00868072179065301
-0.227586248415072	0.313069760407754
-0.377364142045759	0.665425526710324
-0.348630671982606	0.530862465577537
-0.273456489461248	0.341647354634027
-0.377939958971895	0.670975066864983
-0.58094932904522	1.29405478544112
-0.461087557223651	0.97279120692889
-0.629317102825278	1.43864393386431
-0.326486197435186	0.613852943690153
-0.272707319497752	0.446718993903114
-0.559681777403315	0.80201065190781
-0.649230504170797	1.18529034589339
0.450977605557908	0.859713097316274
0.218571675271011	0.275040009244468
0.754533094141186	1.20437685089652
-0.0875495075922814	0.0842793400676001
-0.454479636971443	0.524030228962302
0.139126858552057	0.13138163436069
0.320769288787067	0.406855195795851
-0.266481970789847	0.347834577864216
-0.405635164724721	0.644798509695898
-0.272000204403251	0.307248374330494
-0.213464656829373	0.259199048810107
0.456667060885847	0.657053128290452
-0.444944474457499	0.536581525241092
-0.531314189978404	0.847369847838381
-0.329816198645642	0.439240490543334
-0.564051782945424	0.931723321462415
-0.274764917894808	0.389486222370993
-0.22906139226982	0.341637799221271
-0.302503611843157	0.479116974662057
-0.458778071048478	0.791752033996238
-0.426355319872002	0.668395280691109
-0.919380241398956	1.95242806663139
-0.446662854343366	0.50849668998435
0.399252450949603	0.57752532807539
-0.187328745633589	0.228569276632095
-0.144710369599158	0.13179713320804
-0.394494179809252	0.455272131114071
0.294845831507679	0.251686002521473
0.111874846097167	0.118149040701322
-0.173447718067349	0.175693021607443
-0.241459695024624	0.264299107440107
-0.904128236518789	1.30168264922264
-0.191378478189992	0.219395345233496
0.0481090291000873	0.0451058743358636
-1.22899381985783	2.09441743600626
-0.0719630180112944	0.0937307215705455
-0.82908091102637	2.05649473839243
-0.599504898447877	1.27795456775785
-0.206159038585417	0.316893343377484
0.397657118991245	0.430184396420788
0.891893120217414	1.17444540513134
-0.172349923257692	0.14462075813702
0.453758534086767	0.521884984780477
0.548134968994255	0.717160798599904
-0.310267200260364	0.292623297316363
-0.198932120068618	0.178098929330511
-0.363576583874486	0.393929347396974
-0.251198310594534	0.255236702473467
0.00329595004355785	0.00287406034851096
-0.158595139523422	0.212450868016894
-0.00973567497627826	0.0108800373796117
-0.369724713983036	0.60504738261102
-0.801382205533358	1.04324264396558
-0.202962839645355	0.230994692595944
-0.113087354969198	0.1258885783685
0.485331280412957	0.875756101737544
-0.0579273904288564	0.0570652638244887
-0.0917378184333682	0.0947361615443404
0.0966797955129411	0.0877720601450571
-0.0708105478487505	0.0571709292417598
0.162617129100952	0.191190865010831
-0.240197541347708	0.31442621975063
-0.0855744649585147	0.0899832325151521
-0.746590695849874	0.838777730396127
-0.344458376758897	0.583649248402659
-0.524296923820218	1.21352720471236
0.250222032230128	0.481915944195513
-0.0901532745502407	0.0781733771523352
0.947502770180874	1.12719616850755
-0.0167654569611941	0.00994965335870553
-0.478741336982783	0.33874820398866
-0.425136485749305	0.316587021762242
-0.3621807525643	0.235378131440581
-0.36933529507293	0.270159235234162
-0.182016837505378	0.132869645649987
-0.707309848597727	0.654331744530706
-1.12222928592756	1.21928326286304
-0.357595356097253	0.444777052548751
-0.147722859676965	0.20843420611134
-0.289952641974563	0.483266953126206
-0.199129005070927	0.182968328044122
-0.195494109541696	0.161078868058166
-0.479417962469906	0.990109402741291
0.329998961873214	0.636582739088502
0.165940497921354	0.178090107020965
0.249509804980767	0.258328782124969
0.0224022860886708	0.0185581328178175
-0.798733956563674	0.917048176299815
-0.515222557003949	0.758538236140032
-0.413189302350108	0.366581789218272
-0.295946673981238	0.277587463014447
-0.0483166065641178	0.0403780538222894
-0.387388749712431	0.348999538923667
-0.505655202336773	0.444280299892044
-0.00816348661450832	0.0062038204613151
-0.421414256594442	0.415857311489792
-0.0244091690796385	0.0183456147668461
-0.315721183719319	0.321848706812979
-0.421778539012418	0.707645996923275
-0.279157945693812	0.391823539121006
-0.465645099691526	0.836420138594132
0.78347884446025	1.31193290253163
-0.766295621274282	1.24162440440559
-0.251565872280523	0.406331698656972
-0.23204641054532	0.204643631755725
0.0298804748073562	0.0313248386521154
-0.206564697173576	0.273871393702096
-0.147777999602134	0.200663939086193
-0.669914885854396	1.13402179153085
0.0504898947442111	0.0440165583765863
-0.246003374042172	0.290236632220167
-0.058934740511833	0.0534450331113989
-0.0551685997058563	0.0598794746063941
-0.157534145041818	0.172749008979524
0.0874249118706859	0.0982611536381887
-0.632852966698902	0.971412545720016
-0.090792136866435	0.0995834049403697
-0.17359569559923	0.184646137418031
-0.404341805599622	0.588612328506653
-0.12911062882203	0.143052932274858
-0.168355908530664	0.20506369373741
-0.069402424969773	0.0704887511469893
-0.00964220103290195	0.00926423280195893
-0.331485100393234	0.420797868292545
-0.422791737392166	0.611076029310062
-0.115451670796003	0.124752780680153
-1.00166657965332	1.70114849264104
-0.356287962861502	0.449432139868983
-0.625897950979118	1.15754268492654
-0.126652403914541	0.131725629280687
-0.10772431235571	0.113121499313422
-0.176377591072405	0.192906113104403
-0.0540265425975053	0.0540971442864613
0.55778425858259	0.793276152293772
-0.143043002936544	0.147607704796341
-0.506606683581271	0.797909721515334
-0.123332078296596	0.132330492614988
-0.261825083374247	0.292238811925493
-0.685736179094078	1.03382963654956
-0.209575501254094	0.251009613465591
-0.0201230307859334	0.0191009692272668
-0.300505218308274	0.459167227311836
-0.244275690139611	0.274773525259936
-0.65742343966807	1.04961948015938
-0.982578216298392	1.45262440467617
-0.406926066756224	0.477848353287346
-0.003429382908821	0.00354680941839717
0.0422357727697371	0.0551716413447687
-0.104827926867489	0.131891850255792
-0.0532782821483304	0.0659553533632494
-0.509255383031634	0.682951600060211
-0.400268366268111	0.552940353053648
-0.0856100048813306	0.0809478699268413
-0.138119940417296	0.131122321480841
-0.412579673792383	0.618579438345515
-0.0683819818996569	0.0565524738205961
0.504667354369307	0.674772966669992
0.269114244668349	0.31777326196807
-0.0716598933696675	0.0696762218503504
-0.424474551416276	0.723754719787089
0.0172333063857411	0.0154184717600352
-0.0250173602404496	0.0206185278307372
0.31214240580834	0.365410534574
0.356501489647661	0.342360666026447
-0.354532949540774	0.377288409305228
-0.668553255443235	0.926647806041612
0.00351490080862423	0.00328594072770392
0.2966453812142	0.327463531634728
-0.597001176964643	0.767218327512065
-0.234822234749562	0.246178642244629
-0.450993086428747	0.74542179023086
-0.723158242633298	1.04230019032066
-0.0688530176116301	0.0627727029948851
0.0375743871730714	0.0323399527602519
-0.859803789315216	1.21482418391444
-0.274740911953345	0.302309441578423
-0.146552477080767	0.206041545435919
-0.444144885860939	0.74966001027879
-0.213592046630118	0.227365181501234
-0.201066891248329	0.20566435123825
-0.0926821657566201	0.0890352835506991
-0.363157245019509	0.33652189228405
-0.230019843358953	0.205138140136448
-0.167406258923356	0.139261456086919
-0.89865142772374	1.29464649271458
-0.237184371597387	0.202717056422275
-1.44013468282175	2.3796916668125
0.508866835869747	0.605806955897073
-0.279035176085884	0.258550319130891
-0.53904927173061	0.724142540454291
-0.629940121588638	0.685822004361118
0.0193011708743153	0.0255904580620408
0.144919786235222	0.214853216610148
-0.111258181728697	0.149436077242845
-0.312019325575612	0.549238852601031
-0.117188680951116	0.177392121026161
-0.326806112950093	0.304732191920596
-0.16361386085895	0.139748611754465
0.862504281238116	1.05497609149624
-0.237507304319314	0.290555980188786
0.514820593713379	0.53368624499465
-0.0512580051327433	0.037118685842036
-0.158305733777149	0.13292750841157
-0.458772118513684	0.577429247154455
-0.238067083123166	0.235778725451488
-0.488040098226636	0.510486677244692
-0.339939862474142	0.258461984348627
0.551313370863778	0.77901567243194
0.413633925852604	0.438483584947039
-0.329242160713212	0.254377795649665
0.824525674179551	0.935001046447769
0.346108896378773	0.334848108216201
0.211950444786053	0.169054406011408
-0.416755549143331	0.410426618853243
-0.244156959399051	0.172071594513625
-1.04470944586612	1.65116359368377
-0.610247987702746	1.41574403945608
-0.876224717010926	1.84239364053167
-0.242606849813109	0.235270983932949
-0.0684340415224908	0.0606798893872503
-0.792532523733597	0.759596615296545
-0.587138730648937	0.449022773941021
-0.0583485741798472	0.0689136654583551
0.0763422168206247	0.0657782637349061
-0.0831166757759422	0.0675974603716322
-0.262473458743024	0.25161415141477
0.125825125993013	0.181224949796666
0.0286900802344592	0.0399238503661927
-0.484989357945195	0.490541183417576
-0.308055741742142	0.288407028337487
-0.120650082342502	0.114477810000869
-0.135467092180215	0.101432165612618
-0.231882798870106	0.201335786828892
-0.0637077727237207	0.0916567089047293
0.0139207620786872	0.0184398712663125
-0.151478732786551	0.203507929019643
-0.285301746962795	0.467791564448471
-0.299011655753867	0.530546645888663
-0.0264431951646202	0.0357501701799498
-0.582405945670142	1.17627592927247
-0.698385570813047	2.00939449090023
-0.173586511560578	0.125414744216468
-0.212077699065948	0.171034822942433
0.291217719422544	0.296491687810904
0.27663569084544	0.245233502477935
-0.276007620004708	0.264234896752664
-0.483483408318335	0.498966301872784
0.7499218106821	0.955384289605408
0.469147627822814	0.605296379421136
0.116014760250199	0.0887401422039334
-0.506426904325426	0.507111113214326
0.188619480909818	0.156641266757776
0.116148135498848	0.0854392286450851
-0.594775185569472	0.547802173922484
-0.420621214066828	0.350293453047826
-0.368803017327497	0.327987931697531
-0.299620669491356	0.27233805260709
-1.08326548347751	1.49087285107466
-0.329154635656275	0.637865010873646
-0.255202206877216	0.258814359436258
-1.07081239307339	1.56335011921358
-0.342484961676195	0.294712528910799
-0.211668947417177	0.172392778937728
-0.504703883680162	0.992264042809284
-0.18657310583107	0.217670799861162
-0.359451587419409	0.593785545954046
-0.206881056222367	0.185182088942099
-1.09865906004763	1.70587696716233
-0.373477599634859	0.385248433446087
0.0943679049143536	0.13243111312146
-0.0507856302184971	0.0734734797441774
0.0246477682889296	0.028274491595544
-0.015159667413165	0.0131158457135141
-0.145070706503816	0.136063231474867
0.191408882647687	0.156102391311783
0.264777558334761	0.277607417467159
0.0122323569686521	0.0102127196120464
-0.369248792479271	0.318346304575933
-0.0334790184790324	0.0436904736550074
-0.130550350197521	0.192687873334907
-0.0282945903565478	0.0342106366738799
-0.200874810069258	0.216477132241093
-0.97386575109964	1.24328960005951
0.264005332248168	0.278278978542816
-0.15177243704781	0.127587173798936
-0.357177088919466	0.368168387690818
-0.0659236858686672	0.0593451940846619
-0.042725042509968	0.0385184815411904
0.284884627572707	0.263324926956361
0.813622904860091	0.991617090275018
-0.39342382269645	0.397461215597277
-0.0349755175142706	0.0315199229089107
0.979080934676653	1.22643136404058
0.275561258253743	0.244957294169858
0.736246319353435	0.812798819319992
0.247757537935553	0.261226894551047
-0.308715847253504	0.302320756747187
-0.312134493876903	0.284804693912691
-0.33648957900741	0.385292558620716
-0.900688463826075	1.22921409289272
-0.227534569622408	0.179173867345297
-0.295352627462831	0.392453918889246
-0.368502577305045	0.502080319759403
-0.414228133891137	0.650095890118895
-0.399172361920598	0.362589873674617
-0.152672671100388	0.141561249916629
-0.179800104404085	0.19235317515652
-0.357586703664692	0.817676775338395
-0.000286060199431658	0.0000951024514742501
0.174350794686324	0.211316121810669
-0.632750490215808	1.07340196400589
-0.453765121157902	0.64233745042325
-0.0869418832101389	0.0761360447448951
-0.000177906566899941	0.000179609230260693
0.19318675399522	0.276507395673029
-0.117675138424254	0.11864623301628
0.0361697850737849	0.041849793860748
-0.0721883729883457	0.0870388098365714
-0.229448626976436	0.310229027281639
-0.122497416869566	0.106577369769722
-0.318418640775202	0.365408729212245
-0.800996981394526	1.24813510625019
0.0380363168507512	0.0351401498394701
-0.235553439196433	0.292814546196837
0.480704855517853	0.680123940117973
-0.0497755958767282	0.0537886725933825
0.554678641209467	0.71807788256601
-0.12606378504888	0.121582163935372
0.345547005166042	0.478200731070375
-0.197402265289718	0.19336264122296
-0.42328117204385	0.486999374535082
0.648544018073087	0.896992670645009
0.279442806312594	0.359957224910886
-0.277052827411911	0.319845896381351
-0.303519054487779	0.324709863241859
-0.840845295080085	1.42950464110935
-0.371417231435078	0.42611700184696
-0.358698983696924	0.378729712995013
-0.439762851140251	0.661091309613269
-0.437514892952502	0.668337803329506
-0.627799270548983	0.957824186333587
-0.10718299545339	0.103045395967144
-0.601998122685601	0.792587063413928
-0.117871452571657	0.102348833825167
-0.0108238719793886	0.00941989526136452
-0.319899089195984	0.373745565545643
-0.57907544636514	0.714648946350002
-0.657164498970367	1.1309302067842
-1.14147574516782	1.42401452639697
-0.282127526480899	0.329751302892324
-0.373228200602096	0.43789498147146
-0.354809884522282	0.453246228147693
-0.111014540889223	0.0735255857262172
0.100331983767346	0.0987054123407545
0.147347360257606	0.251751797782981
0.130420823059896	0.152585419375227
-0.0549549234479502	0.0499207866452879
-0.133505002674921	0.138717048799909
-0.188746882338253	0.171312759920429
0.281637850693845	0.347461684236591
-0.396480823944186	0.576134722485034
0.497268123188968	0.525030749291959
-0.0853518372931907	0.111793574565366
-0.30760592962391	0.4187831951215
-0.646420795839005	0.917558936149664
0.479709593298031	0.655190052582316
0.548974894016967	0.76742346161224
-0.0115525852570107	0.00976741881234568
0.425487642947447	0.502951313959088
-0.644237523997402	0.902352937220904
-0.00370212999572342	0.00355862312082246
0.19378451404614	0.198170681394556
-0.164227895445478	0.17144155853192
-0.27227954882682	0.304683169957829
0.625432269089836	0.832211533025538
0.443998211622059	0.520357683602274
0.232100271124799	0.260552237130699
-0.214251944468908	0.266254313172054
0.480251534874272	0.736813189075281
-0.282489205227536	0.329955478251387
-0.271391863285015	0.333861690238708
-0.349235465547915	0.42264997154481
-0.465209275903539	0.622009551909447
-0.373224745253583	0.51159743143057
-0.357243340335804	0.525145486460914
0.0543401151251169	0.0500703577742784
-0.258145548324662	0.282388376639453
-0.0887404958781521	0.0844757333558153
-0.0964159888418775	0.0947609272252566
-0.0393133838632221	0.0325516285949073
-0.059437272594696	0.049496480311021
-0.0261641308087091	0.0217616654767753
-0.465261767388268	0.468017637310052
0.0150964708037542	0.0138767338841838
-0.671149077885077	0.914136602378545
-0.134296713043492	0.146780568102115
-0.509210008064071	0.790737699101422
-0.124353724750572	0.120523423518982
0.200602892031728	0.170971111231324
-0.277809953644309	0.299234795214698
-0.580220276593766	0.30621167402426
-0.109987355560697	0.0865585994055109
-0.514210264144172	0.871586195760873
-0.576496357306258	1.12418015300901
-0.349546045970504	0.420788444819281
-0.153026680345859	0.138664802324906
-0.289869939813765	0.284836254077087
-0.0650152600102179	0.0591968204279914
-0.460184040222	0.57881634705085
-0.226041171132887	0.276951484861243
0.113764087208851	0.120510442443045
-0.058896644312872	0.0817959314218738
-0.151670249458629	0.218169965879914
-0.229314488896079	0.224415671507277
-0.256291203877819	0.332905653290952
-0.158443226793433	0.137951671560009
-0.467272295880801	0.567426491075885
0.267982764008781	0.269638551052789
0.0750637729267914	0.0673731251403084
-0.174780133216979	0.156512139158352
0.39160940857041	0.647869125478876
0.552377700650311	0.739519574556248
0.65257476878374	1.59157103139361
-0.0367806018332084	0.0402572645613789
-0.202536964952861	0.242495390939834
-0.790285282413669	0.997625948648433
-0.0999042039204505	0.086878154921973
0.315004592652512	0.335293895905364
0.00964207665406589	0.00876790653101781
-0.611112144946826	0.714195840815622
0.362961873357748	0.421955200171427
0.00108367300902949	0.00111468338670058
-0.201496663039215	0.201279353943393
-0.561228262953733	0.95555072603552
0.210400126649698	0.222414738770162
-0.748771818867027	0.882852307489983
-0.120686621949463	0.10229060945544
-0.509422696212115	0.518466799672429
-0.477640901986004	0.626053316133005
-0.451678920983257	0.52159656223694
-0.937735291044172	1.40791846862397
0.050312101017141	0.0380146952895022
-0.101673821560369	0.0797479220435573
-0.337119712515054	0.358428318830688
-0.541208297705892	0.659067924146222
-0.534913423426595	0.828619863866503
-0.167590657980611	0.181154904927348
0.317547106869937	0.344260794659172
-0.3958532209938	0.471928446742021
-0.824099837051934	1.2764524187866
0.0310710147205543	0.022065285029058
-0.415141463823518	0.442533936915438
-0.480645352209373	0.50040474672206
-0.618097433682543	0.787631391433542
-1.06387615715418	1.75404714050098
0.11275187940135	0.0864987959022557
-0.188344216683468	0.174267470355094
-0.168129862196368	0.166762847869471
0.147429476521661	0.132361547593726
-0.39701853484668	0.47585363019444
-0.267243294886132	0.181082217253821
0.688109603491744	0.94016818553966
-0.114741499976002	0.130713008624456
-0.159986065393369	0.172211999330842
-0.058190898053116	0.0523455851678449
-0.515841806902299	0.631343618900383
-0.384248123511817	0.355750103622367
-0.665941105008478	0.49502732583759
0.458907959808922	0.351801313964684
0.096647044262157	0.0618368940076167
-0.290464263554999	0.225628622321943
-0.594627613594952	1.00314350333605
-0.0123906404665861	0.0157003045297028
-0.214419555352923	0.409943189619634
-0.2744435165858	0.54719651972058
-0.187515491229706	0.302264607489532
-0.168283281821615	0.308812117857255
-0.0310070280341221	0.0444324526464911
0.436729431140205	1.08910942282468
0.24883379458206	0.43811661027934
-0.149948362116248	0.109694974536396
-0.22474525543481	0.182177696327415
-0.594364766434161	0.53294347714237
-0.50625978288642	0.450761032199988
0.760703682356327	0.746141607107898
-0.0868814435264446	0.0433933540611252
-0.0212191919401202	0.0259374398510891
-0.172152348507442	0.316696544034055
-0.915350074947213	1.93914316166214
-0.219802191997258	0.221331265460264
-0.633338784479207	0.584525742869891
-1.26551860454892	1.74182686630762
1.0702020464278	1.20489239133018
-0.178984052351388	0.181703066485563
-0.18990522322632	0.136710344089448
-0.273280373231882	0.1853427240428
-0.479235699294849	0.451940513345404
0.761804253239814	0.749146623527803
-0.660721572444647	0.823717774077185
0.71101971617903	0.681892836486095
1.09697503345762	1.42392169583639
-0.674080231731848	0.493557385001634
0.210276199620305	0.131674659594111
-0.489612179948901	0.279481443539796
-0.882509558451093	0.820353677538331
0.315350739823283	0.246633640912768
0.646089348660786	0.49484262386837
0.361612281635978	0.241951600504551
-0.489909670703116	0.348380238213984
-0.255018575013316	0.199623454752657
-0.45761464510211	0.887231912958492
0.189647478170984	0.270745331965971
-0.312103055668455	0.480214545478558
0.0127858598437678	0.00849150232152548
-1.54482250226456	2.03505727370261
0.301809440140471	0.232861008240934
-0.489616041427844	0.28953598518632
-0.766078895285635	0.536345494511886
1.31246886013232	0.971874695249375
-0.565589708197009	0.486515908029585
0.551113259676588	0.434785183979219
-0.203276870279686	0.143579080583315
-0.597764739725023	1.02574918911731
0.073248447657924	0.0940349377882714
-0.30919311389138	0.534872770226505
-0.12005488130851	0.160745141440682
-0.765168368754887	1.64180432693648
-0.0234907392977787	0.0305752989542801
-0.0803938959773534	0.118709785833484
1.38968151848748	1.76698522797084
-0.0500914741329686	0.0352626421242683
0.251177467287271	0.261347990201904
-0.875350312755377	0.759547149363138
-0.422905951243893	0.354054658740497
0.625374892936037	0.391765654752861
-0.311399617151973	0.211098690971375
-0.58272992428402	0.307878117502097
-0.358864606493541	0.463324191609125
-0.298178345422836	0.360700919520471
-0.326528193315976	0.299570338364327
-0.577653493899831	0.786385482308895
-0.575696527568139	1.51012811268892
-0.144129799184977	0.245769999016743
0.0827251707328662	0.142412851226749
-0.298937507921623	0.499421867222913
-0.164099392787054	0.222830724764215
0.392261764020153	0.840948372138745
-0.0444629317406102	0.0619274996518815
-0.350347674416098	0.712519827756777
-0.476316583567764	1.21353787170001
-0.353880706753668	0.66908514759238
-0.37041668282	0.241295274433159
-1.8897354876879	2.61007393412826
0.0573646586181468	0.025778546687376
-0.365002468063981	0.236478942094249
-0.690931057905569	1.56754110980022
0.088650930763812	0.142590088510545
-0.000248693793203104	0.000323736296523154
-0.372164988868515	0.814119193125854
-0.204841090323873	0.125781683275844
-0.371681696968217	0.274606803304711
-0.191213907819995	0.0763753374315231
0.325286461325856	0.240550372881913
0.77718712462369	0.538169689478596
-0.360792420458584	0.232290493363148
0.390961701179487	0.245074305289449
-1.01240489437248	0.768070455840443
1.27473432561101	1.09057938535661
-1.68179227087058	1.27630582516682
2.04823038198999	1.88617304224483
0.515736880803472	0.254354657734278
-0.322994250447446	0.166983642401502
0.81522786651293	0.430884513519925
0.70207339189021	0.401859322564571
0.458911320404559	0.25259566462401
0.079236144437955	0.0423653330220141
0.305159384041042	0.133987817857224
0.411257529393079	0.246190362381173
0.0643527646834696	0.031393211725437
-0.293441182368927	0.465504138013008
-0.522340487811434	0.994316792142548
-0.0830332724200507	0.0881898803416148
-0.110517634626634	0.07242125657382
-0.0102663007632561	0.00632602358715173
0.609609642871664	0.279634542586072
0.733797605452858	0.305272347929368
-0.0929079914944357	0.0477274459664277
0.0768690269749797	0.0378007105526301
-0.143452230560665	0.0657766127683
0.307159230524682	0.13607121958506
-0.775234666396512	0.599312091952225
0.175635248933599	0.215694681426618
-0.437696061403068	0.800988539807923
-0.555564387385898	1.20918032110365
0.300054236990287	0.500830667922478
-0.355182601822612	0.520603734250186
-0.36353060337744	0.710763028116216
0.0967924104626638	0.149867825997271
-1.51011073718304	1.80472640309058
-0.198121323368098	0.117454238130909
-0.409208024565699	0.36021220030545
-0.0918366685680042	0.0464883435336077
-0.61435997214504	0.860239681454935
-0.420856896063296	0.577120206334669
-0.595297209563789	1.6574493055674
-0.544783752758722	1.07578492394552
-0.276374683982841	0.147708567925396
-0.0652134203586104	0.0362750414682899
-0.276647018369321	0.189555870053356
-0.242639857490106	0.139555717365858
-1.0254323386515	0.735876803841591
-0.318674619953102	0.216267645486602
-0.490874391336066	0.347634995461745
-0.47980263780352	0.381903812353269
-0.219455387654632	0.226208556663097
0.300828947357651	0.341956969650904
-0.63642081587241	1.298796662441
-0.299779245890039	0.323895977099394
-0.362697706822531	0.484542429688172
0.112503914185476	0.145699952517634
-0.0698141878826571	0.103097920571933
-0.433839221530544	0.857078284031885
0.333455798121571	0.644588873947681
0.0188473884168506	0.0244004393211415
0.214858974871065	0.290109820405954
-0.0113393032670258	0.0107838337760629
-0.440187367465956	0.772478310570342
-0.218786784766358	0.34162143323779
-0.333171652920167	0.605539171023047
-0.442797799589678	0.922166254423518
-0.0481561282679068	0.0475580293996843
-0.242816949877086	0.137919653884066
0.0349995192649861	0.0233343809903111
-1.04190518617032	0.953035509993061
-0.127546429836414	0.061022946241806
-0.852313254253223	0.740407620978974
0.100152095635746	0.120696016586435
-0.540825622897046	1.22186240963651
-0.54038090548549	0.636537956629419
-0.138560067286546	0.120354586414571
-0.361290784508182	0.483493417423041
-0.262460102985325	0.428247470337301
-0.411785209416735	0.24497939310676
-1.83027212920358	1.87590547877641
0.200582170364008	0.129872861636526
-0.00248114734277414	0.00165927067357459
-0.66176231596079	0.475836794249772
-0.0527115830641284	0.0382259854201364
-0.424457402119018	0.341493585201841
-1.29002772141044	1.43564831338548
0.358394602043438	0.244286207202237
-0.367768989323444	0.268401321271909
-0.594171176621018	0.584245831283361
-1.2478709437555	0.730947284546841
-0.0925178412848624	0.0492427189785493
0.302759085678151	0.133478881365727
-0.317937413244498	0.216009194530378
-0.883623472612057	0.680362868940966
0.0785649568725023	0.038077075251129
-1.25296502011569	0.743536503943463
1.38310017495373	1.25110430288198
-0.629714964261828	0.402301173473541
0.340398914867654	0.235398092408341
-0.162614871062189	0.102084879393424
-0.247871069003899	0.354076562182323
-0.947336090472333	2.10137193679954
-0.546102524155644	0.768228178956733
-0.696364772759934	0.575113046272807
0.875237691828432	1.05614687715741
-0.329385974103302	0.169481080863341
0.350528861710152	0.229100287966334
0.219085725802808	0.139099714535726
-0.0952276463706981	0.0495352893293596
-0.486886657202604	0.339705244931002
1.01603233485881	0.735817098781656
-1.13802039692537	0.903336794661405
-0.792265815278355	1.451027606017
-0.224411255074854	0.291861613814489
-0.788696578676704	1.72760487698561
-0.373074030943681	0.60998753364288
-0.719759129201093	1.36372358215015
-0.095478864549692	0.110998037057314
-0.74511420144191	1.73308429685467
-0.0330349431492859	0.019685522297093
-0.522873533092958	0.420551986237435
0.000544147595642421	0.00034236166431336
-0.591013779372085	0.44372014505631
0.227024826762494	0.232558417351075
-0.923357220353043	1.8177479755682
-0.941726819336697	2.64411572751968
-0.51839979952752	0.890532176061058
-1.29964659689083	1.46454246596285
-0.0689082193978449	0.0367669390126456
-0.235264203791168	0.14017424524187
-0.419221661125825	0.260460985207303
-0.268456619863681	0.144871355233328
0.384313344087363	0.244295794328699
-0.432897462381628	0.254535641747343
-0.422153517741877	0.443681598270422
-0.166064309118012	0.134380463638923
-0.880200352262605	1.43530913073831
-0.379943069544371	0.350406453503562
-0.0804726148494721	0.0644038126284089
0.146101415292107	0.159620636185914
0.01407598086451	0.0144276377643332
-0.00018845469525762	0.000291769384038461
-0.0716534003202408	0.0684368283185802
0.832733313430622	1.89943145323012
-0.193715743093733	0.267470531133084
-0.115480351821466	0.117654694837955
-0.46086722646586	0.747726783823977
-0.109669036180477	0.13049021020493
-0.0391849547190129	0.044351112156845
0.123292512685321	0.137748750580185
-0.2152119870387	0.283000689415935
-0.121076239429363	0.113626023757864
-0.0260461196184772	0.0154261368239523
-0.386925697938918	0.327588033288497
-0.87457427427941	0.816685500332986
-0.089880741464248	0.0802380400932986
0.461486371046348	0.672267541503225
-0.251279050241852	0.257936363324233
1.04753517794545	0.980801637230491
-0.68826641486879	0.567634992463943
-0.684719093799335	0.955097098108776
-0.183292681768935	0.134426326066479
-0.48002605908969	0.383712791720223
-0.0604256593881361	0.04265185386797
-0.312448309708166	0.207601994136185
-0.630863506339137	0.525269989506265
-0.476273580772742	0.326869921846304
-0.695099244933517	0.576402989718655
0.869943453854571	0.78240069622289
-0.745233447618714	0.441871449629537
0.0964158286653935	0.0611166688569989
0.29359222396894	0.24732583080668
-0.576114661400676	0.318361095193802
0.273178143271071	0.131494129903483
0.759498226373329	0.634091165461615
-0.468407933195095	0.312374534046198
-0.186400746570437	0.110561144102134
0.242644016945179	0.126031391309615
-0.266606498028878	0.182276872448039
-0.240030753552199	0.140100865490625
0.0870232002669762	0.0532631680265526
-0.162939101648155	0.102510165748568
0.517715002903959	0.365575066063605
-0.142646539333119	0.146305807040969
0.050093946370738	0.0459513790248849
0.0457337316319742	0.0326071048289296
0.0843787013288322	0.0505501257786707
0.661798354906011	0.599773961706474
-0.48928246012492	0.287912361390785
-2.7940908599461	3.06331848432123
1.50116155365447	1.3789674097068
-0.644044460699124	0.413359667210352
-2.28181109802121	2.5343000438182
-1.43067772981525	1.20438078488779
-0.440360532076761	0.461861737734045
-0.542198288285919	0.695115361568046
-0.390741117794313	0.413237357529263
-1.77512482137249	4.30345703825558
-0.484281472343013	0.613005670513062
-0.760170478520621	1.22127019532592
-0.208306736647781	0.239747313418295
-0.00128821897024606	0.000791029790127801
-0.280954941643462	0.192170959959602
-0.0579845021095236	0.0414205803935496
0.208272440108454	0.145535933710136
-0.64410181450708	0.937932665239763
-0.144209914844527	0.0657375487247991
0.0807718136914752	0.0425069281161114
-0.164859351732312	0.105527792216724
0.497589473583371	0.511532631219404
0.0505062219837	0.038662861302335
-0.893546149706572	1.32807041952368
-0.331485299284012	0.280444390571895
-0.425279791347046	0.495871442292239
0.285062369603718	0.371531704990181
-0.69927381884893	1.40607579213409
0.946788323193008	2.17974013332851
0.681034635847047	1.39294412159289
-0.198939826954209	0.287455745665953
0.313446277834458	0.430252013205368
-0.0327238368331963	0.03089035839401
0.366685335615518	0.477538191616749
0.343066102460334	0.527325701577387
-0.308496320390616	0.506897398589655
0.491544108463352	0.8315852282187
-0.181457906282785	0.218800363081546
-0.503760703385934	0.65303785305631
0.0510833794426815	0.0207687010291857
-0.276374683982841	0.147708567925396
-0.14794546249915	0.0677384088874005
-0.454050987288287	0.495266359287725
-0.241305846933147	0.312220641377209
0.135325555872973	0.123478938964318
-0.435146967870326	0.395507935438046
-1.41024887186916	0.915154223545965
-0.335622726267978	0.259805310132226
-0.678289602259723	0.486534520842845
-2.19834806163681	2.20713924859283
-1.54763093525511	1.32378030089175
-1.55127932775511	1.37677368242772
-0.418553651478209	0.299669900018507
0.321229034914379	0.251498601065547
-0.229395895115693	0.129341213695629
1.14772931682978	0.878716827364183
-0.488510694485883	0.287082497005345
-0.143299555190581	0.0652321498598093
0.766544702270455	0.511521827475042
0.0775085284465772	0.0435016533752995
1.94777532169307	1.70189732453796
-0.781112321956504	0.620463089268042
0.215713879431877	0.14341102517261
0.516373404257088	0.260679505826432
-1.09245038928008	0.965555413305229
-0.548089248874914	0.666582279160676
-0.270834416393242	0.297569773897613
-0.0559726656277396	0.0500216547268555
0.404293845140698	0.232354450806976
-0.0157097526785896	0.0093294899842595
-0.743574663160862	0.456863274161153
1.01525015901998	0.733681583761043
0.464895606501625	0.248695209853593
-1.06622212592981	0.560230840275366
-1.02344406735204	0.749410204678404
-0.329562353559503	0.173518629321042
-0.650897326034176	0.820672873775042
-0.0973901637821545	0.0944978464733565
0.0942182155581729	0.0890183712291342
-0.775664250370342	1.41404258319324
-0.519952596704201	0.647255816864869
-0.258379562385632	0.35084001614769
-0.567681892220231	0.968188377892242
0.3002620307311	0.229009151086964
0.0981894876865916	0.0615160020621515
-0.937912454497152	1.00099923244034
-0.315158321950896	0.213108057185603
-0.855424042899855	1.03868810397916
1.50565910834447	1.89278491299352
-0.0626068132871021	0.0513535410447166
-0.728482426536573	0.426751007483743
-0.619596128793815	0.531552138445051
-0.067130505742477	0.0763874418523782
-0.168338096724504	0.228786556527788
0.0887558886789498	0.126064561387026
0.0992570473727047	0.141242354134594
0.116279527053131	0.172774836480613
0.251846913279191	0.423080396093149
0.388985095834958	0.404226594055709
-0.0352082280201013	0.0290799222000671
0.24174754099612	0.307974022787003
-0.194586480860843	0.281086815552424
-0.150507496708126	0.210612668130105
-0.0435707979720345	0.0548473199620082
0.232601526698457	0.296054896077123
-0.141784067894643	0.0649922035134489
-0.987310387631796	0.808500423621796
-2.14423301701905	1.0434047947284
-0.237230479818005	0.0886039987515568
0.608127525175118	0.286693576818328
0.0327999325916672	0.0325288840818477
0.231464155345168	0.319191197173552
0.125750325696023	0.107779452954399
-0.690270926201759	0.584292294465333
0.276589755021844	0.132732508022321
0.359914683604787	0.240209808138335
-0.872927753854746	0.496910787037679
0.0608756218213699	0.0231750801902003
0.354457184563231	0.139583498231866
-0.575807912796508	0.312759471781369
1.02256862733103	0.725089945599963
2.31819402931403	1.82786648029501
-0.605107464173874	0.248281748462392
-0.391769137253118	0.186666235281736
-0.688066806731474	0.336088896783844
-0.862284872051274	0.391144163893194
-0.151555007225679	0.068684797805953
0.60924440730646	0.943880678068689
-0.481691560804811	0.653502889207028
-1.09507533553705	1.19422139674976
-0.0657830725486308	0.0361571744927986
0.907899884051993	0.700943412453842
-0.363688650010807	0.237771602809689
0.0672751826874867	0.0283344127347126
1.19313061526282	0.649000078078441
-0.299943484909118	0.10402142414042
-0.309031762543853	0.286815129583871
0.109265326112195	0.102181289473528
-0.549737872461336	0.767255995413336
-0.102506189670779	0.107241400450532
-0.251460290494483	0.292586931590803
-0.143831386599837	0.176528006980644
-0.17403199780855	0.228059625869577
1.02555745852731	0.715838367256819
-0.327257245770174	0.169927397120716
-0.234501175310374	0.13927343752513
-0.393134754351243	0.19071099290903
-0.298613232277272	0.100471141673739
0.0369507470347735	0.0267970614967084
-0.851122882650683	1.10578227863663
-0.726822914398558	1.04680303761944
-0.122050737982553	0.094270491359584
0.20494625381305	0.187679703333044
-0.297087207128436	0.382851319210055
0.168235143820824	0.218375372140543
0.292758071847337	0.500758034609473
0.234395324727589	0.366183069041614
-0.263863444257658	0.439065234123625
0.0915461294652927	0.119993052892124
-0.258592956243525	0.296050935750504
-0.659050652404016	0.839480841887173
-0.203978186269743	0.240417607640092
-0.0318029875233901	0.0399591427262309
0.516828096305084	1.0572688487808
0.221714207088509	0.338800977815131
-0.315413135643878	0.380657442759967
-0.392671920674084	0.188985628995604
-0.571773597355512	0.312488527181359
-0.146121240739964	0.0672150207490817
0.0682706777120354	0.0226529948446976
0.197912389972825	0.250679396914491
-0.090831735524332	0.112637364318896
0.191026193356786	0.175207444644844
-1.56567230398738	1.06335132162913
-1.06784571882473	0.548106046604442
-1.04559901765313	0.648575889409067
-0.121690253285117	0.0598210644634879
0.768008651023695	0.509194013053143
-0.280887480039054	0.154878781947643
0.0545580436785516	0.020569555715066
0.0677245312453651	0.0312593255377548
1.2645802596184	1.06504338664791
1.75612035288613	0.682142348903932
-0.574152704555539	0.309306708140621
0.455607252321872	0.160472883725614
0.445948425183571	0.228776496376485
1.88743935310463	1.11900230961652
0.600389117082717	0.272834998853164
0.278727246096612	0.135052756515797
0.623132711265033	0.368082985907412
-0.380281733758371	0.427987905207211
-0.170695642304297	0.203608164411327
-0.495033378774175	0.610025160784399
-0.123557849456117	0.060624468210314
-1.05083764051914	0.607760585851172
-1.07424387357509	0.543656124489077
0.60320803681388	0.281778725345855
-1.04131698282551	0.614552531647831
-0.633614813932105	0.402970685854776
-0.847251677859337	1.49783415994114
-0.353347303681976	0.500949513569324
-0.259535483847345	0.287187988954474
-0.349050402538888	0.500508001697281
-0.599237347856171	1.17997678499912
-0.0403331685283196	0.0229868789231598
1.88166492457259	1.1629817188046
0.0775356556584588	0.0419498402088468
0.62523013901212	0.387335221208913
-0.523244854335021	0.495362581257785
-0.169733154146743	0.108038249882975
-0.734427731607432	0.778755269469959
-0.162111869739298	0.119390676662169
-0.408703254941731	0.36221268400793
-0.294893961294103	0.227509855749099
-0.198461723469237	0.173936840443193
-0.0891849199090409	0.0797582819631981
0.389643112409305	0.524605216209101
-0.20718084792003	0.256328707504763
0.344460195768651	0.435038480207851
0.238106255313001	0.246874954133562
0.0772244447759752	0.0789413644183329
-0.265597900183647	0.32153910817614
0.329189976594038	0.412509716131859
-0.0215135693956314	0.0222608389823418
-0.312833495886012	0.366550090335896
0.151167204846636	0.153467073441842
-0.324343970919099	0.391115663308808
-0.367191065496697	0.413922960987796
-0.991050939595112	0.853390895053755
-0.284448486725331	0.155929439235387
-0.114645974786243	0.0564478464869976
-0.471569259861649	0.498783340156505
-0.487667038069103	0.604723101050752
-0.835089859769693	1.19161186985259
-1.09311477879305	0.962879187995062
-0.518759713982822	0.401145167869216
-0.969964732667394	0.896256808411917
-0.74434991763479	0.815109192911298
-1.81845689327639	1.48324237665371
-0.780887349944002	0.758883706994424
-0.277749305830117	0.195272236831529
-1.35912391677433	0.643157178038856
0.0669252295870925	0.0338564565028414
-0.738234421079762	0.456321422035079
-0.273295635773088	0.151362027563039
-2.07398116906385	1.41803385902666
-0.406707888988247	0.121566231332134
-0.55005448582292	0.381263467014341
0.359342843974022	0.24411516567441
0.226678025997296	0.135187189932686
0.701022906251047	0.517246364573907
-0.421272512943593	0.347892199959104
-0.112680981626515	0.0877575776359256
0.512103327266115	0.615106451669778
-0.2087733623407	0.186161850190386
-1.41525223890735	0.931580941021172
0.0832693294833599	0.0487931486489411
-2.08400336988753	1.29352811395771
0.0969169844250617	0.0571209955973835
0.241466397594568	0.135215023742793
-0.689447647285737	0.344950326208421
-0.737320429537467	0.457608995174182
-0.49315976251124	0.584146707481137
-0.312811186932043	0.280160925513888
0.874361455808111	1.04356824930497
-0.202927517041289	0.201633874911147
-0.387779573618738	0.186296723764712
-0.372095773185034	0.304718332905957
-0.694398710474752	0.349993880829744
-0.862495066208609	0.809056525770604
-1.27445152103854	1.29447879725491
0.527608550776539	0.545299086559005
-0.371057903715586	0.305348637604952
-0.289256239072116	0.29144569736591
-0.268437685055681	0.215745293712113
-0.383672380705469	0.452504350087953
0.0916857208880638	0.1019018048712
-0.506937608825976	0.890970081763819
0.163616642577396	0.212269515195546
0.620589528971494	1.03191881991808
0.27240917936888	0.385000299447445
0.0314462384521414	0.0349428239236581
-0.322899254362992	0.427666871364879
-0.308953624575048	0.400134401597425
0.0116148131245346	0.0114923879193186
-0.247723825623146	0.322953111923668
-0.591737607971882	0.959536628366181
0.136937938746761	0.168251331036574
-0.87019614408642	1.49587054971415
-0.552952466701283	0.372078574411275
-0.639384279102155	0.417178990833032
-0.430015399758684	0.312076960581237
-0.20987447161368	0.15168513581069
0.06877142283232	0.0286795359570388
-0.170227818512964	0.109229860239338
-1.09906546172244	0.985171838327303
-0.319037415174	0.217327671126792
-0.420993895206142	0.255177842255174
-1.0948186421674	0.95068106753394
-0.21122169452804	0.154890001611718
1.35506131426898	1.39482201516833
-0.481515229139961	0.334983851393021
-0.776935787967869	0.607781596023949
0.0630275615755957	0.0312539648599613
-0.557163545994678	0.488386291129843
0.473890111775586	0.449527270767098
-0.24852602679795	0.132357196977969
0.345650912986032	0.240786241345617
-0.884607798785833	0.599729029190116
-0.872021007116914	0.492038131551969
0.257041686757659	0.134618084408763
0.814200428948343	0.418688629654311
0.27391314078191	0.131861193865485
-0.94881973136482	0.958108079836664
-0.889553123241272	0.599123422450399
0.527746222222439	0.265274260150758
0.307307793343166	0.136173831072171
0.212697573060072	0.214019787923814
-0.17813864762874	0.204551404029303
-0.463271364511928	0.497122487360577
-0.877789726447889	0.771455133053911
-0.459973484055997	0.412288154671892
-0.2360276080163	0.140474917452041
0.21561646725611	0.146348568550466
-0.662032312761334	0.481363700404584
-0.727788833248464	0.776054078057646
-0.762911656574628	1.09485732193848
-0.319945640841903	0.414362734223515
-0.549118272635426	0.765992135430873
-0.619169772200838	0.882950037676612
-0.0128691205590831	0.012159792773703
-0.478052006141069	0.62411259024788
0.018919218705376	0.0123380872046728
-0.480460757907314	0.211573977492915
0.562562863885608	0.632415796168838
0.0506724525787416	0.0399574703252082
-0.208055132733297	0.221925740580037
0.600747923905264	0.555779694178289
-0.0416242872763357	0.035511694480224
-0.0720469319584815	0.0751689959614956
-0.313141619327597	0.492950817984156
0.386946873655003	0.687585294649829
0.500239524377552	0.896713093249651
0.0279674673736891	0.0313502950645342
-0.166815344148404	0.226089819335117
-0.277147437534721	0.339743942023023
0.227147166847042	0.268425022892799
0.0891448304318068	0.102826187492562
-0.332461782619698	0.565453234659663
-0.0312185687028833	0.0318163045763867
-0.0604397148049592	0.069698813067707
-0.537752493951338	0.728727341533357
-0.559828829071887	0.461291006314357
-0.314306051997593	0.213312261322345
0.593203950449456	0.472462178085129
-0.78613295000378	0.708442822545373
-0.637673791710891	0.415082361167742
-0.241285156587466	0.141973401203205
-1.18069663769538	0.820191681461844
0.518159904579824	0.262328204106373
1.14876542950251	1.1748666294228
-0.88437189269064	0.680959937960969
-0.0527089290265386	0.0305573312609685
0.685948030240617	0.592599768551921
0.646023128496465	0.498261686785876
-0.937977799291265	0.987356941776111
-1.32377699365891	0.985141792512897
0.715280674576689	0.618248546563052
-0.794919489450051	0.908490085405359
-0.152769446649939	0.0690353412124953
-0.73611485213746	0.444063376525644
-0.326482484018311	0.165414574802619
-0.739912461267741	0.447059857308555
0.266523470930639	0.127095652821258
-0.364892488288184	0.225366406955308
-0.578150132917987	0.428078900725501
-0.578522772609846	0.312426496830549
0.470741596919977	0.251331638531589
-1.57550989811741	0.826738259114081
-1.24822625847176	1.0878896915929
-0.486107533759852	0.634874884008802
-0.10853966336043	0.114944029919307
-0.258594821992438	0.239713813308062
-0.0468576146258663	0.026035758803799
0.759308365719906	0.647123592366433
0.985301294707125	0.469347235751354
-0.144777021437094	0.0648487233471138
-0.690193456086598	0.555138579118212
-0.485948557469016	0.569650262757028
-0.218769417928535	0.195800578866585
-0.326354424435963	0.413345469453828
-0.25012016901064	0.279618278437805
-0.271967626629014	0.329735631658289
-0.942002710833764	1.97054886042901
-0.339019390468197	0.252259503085964
-0.565182543772495	0.557569530194872
0.269279863285642	0.254989781542297
0.586312525698139	0.710580236259884
-0.208249351432824	0.152723299307989
-0.0707448340509385	0.0627641607105584
0.16428408572824	0.168839546096521
-0.261842687756109	0.306039970652331
0.231025210051306	0.301072304603752
-0.14490808426021	0.149958929710079
0.227419789589769	0.271928977010769
0.184381553249451	0.204020550276342
-0.0377824464301109	0.041818581569773
-0.0713466313240829	0.0864143303581272
-0.0772333236661792	0.0813234750130798
0.28140503340314	0.35156161187274
0.0453500624256497	0.0429538239240903
-0.121067651004313	0.113396935695542
-0.106703782640229	0.0938731092025571
-0.273969680829767	0.215837532946467
-0.192350658814722	0.115891117098268
0.973357842200406	0.969206230656632
0.983573297500417	1.02897980368505
-0.273244223856508	0.234374963871337
-0.739703540620157	1.37954257264927
-0.643229742510798	0.898385477749127
-0.408685428526636	0.450440868782238
-0.415526267284347	0.510934597433252
-0.71067286981438	0.684503443492819
-0.113462307437056	0.0745420883952486
-0.503941509080782	0.445394512171718
-1.36003671442133	1.65903703394413
-0.317781122747748	0.207601293294035
-0.789847192052269	0.787622399307297
-0.00375956784792663	0.0022331282176588
0.319647644837745	0.238161767962504
-0.0754481877147841	0.0406833798913901
-0.0663743933547988	0.0367412007268471
-0.0162996866748284	0.0100287105760098
-0.471976467083528	0.366436853941055
-0.11623585744446	0.0779631334790153
-0.31697268635683	0.216633955740967
0.221661137600031	0.133395322934121
0.104465250278829	0.0659059586083445
-0.787487416138235	0.699055236341977
0.0625421455369854	0.0290904246869161
-0.160033226034397	0.120674991000794
1.23767041836876	1.35322125830217
-1.43536811726133	1.20758891149514
-0.16892608372107	0.104565116055076
-0.0193703073057368	0.0115390214325998
0.392510637470323	0.495528317595336
-0.353719170158211	0.352193563552073
0.262688936254998	0.257801420415502
0.197297756709313	0.139788506571306
-0.326714917052256	0.251575367323079
-0.0182837524607295	0.0109968125189655
-2.20932685902204	2.42222109920073
-0.28477815626888	0.150393981113867
-0.633847174229991	0.577434008024662
-0.965063367059462	1.34584657673629
-0.583327390405123	0.635071610919269
-0.900684075778385	1.30989328607523
0.200794575354551	0.199149259054632
-0.0442541619885051	0.0318436004709188
-0.16430583614825	0.123717841131092
-1.17535334596278	0.810354401580927
-2.28308068056672	2.47730658467208
-0.530319861305297	0.416674598593658
-1.22253799742585	1.86581442692743
-0.384508412052195	0.45514193814851
0.0140891325797909	0.0119414362054436
0.0928661568900073	0.0556506432402971
-0.513679296735253	0.667204545070126
-0.505698336264994	0.771193737534845
-0.546298896411148	1.02013480198397
-0.0993480223805528	0.108710996123999
0.710663579972122	1.05884003429909
-0.212854970448927	0.236462742070386
-0.1830750113143	0.197526031347376
-0.00778316679811153	0.00944876276617075
-0.357279183763971	0.508726064532185
0.379380555953719	0.616569048878807
0.805613540453253	1.50036600227078
0.205199989111818	0.226597008930046
-0.306848638458791	0.368815913025027
-0.0922407969042683	0.0790132661508615
-0.735673320920856	0.765917336380916
0.0852528917113062	0.0514121447451941
-0.13360472721429	0.0850798967518374
0.0905673132954862	0.0579072752165398
-0.0442154386118705	0.0320067236337344
0.756401001359764	0.599535156831554
-0.788737051782845	0.699047339874655
-1.1427393862317	1.22878467993598
-0.47758276459645	0.626928200698026
-0.146069687284696	0.151328180350043
-0.356303192639349	0.451644819738189
-0.306621410451335	0.261770920685177
-1.00964174186164	1.17014112230037
-1.60676448284038	1.76583040851175
-0.876099954152577	0.668991859929085
0.425282988562024	0.356834843624549
-0.874234790055983	0.753340761064798
-0.777020135282089	0.642381025501432
-0.169499583337109	0.108667067450407
1.15278330300631	1.46570123628266
0.0925757588288548	0.0590632161760956
-0.243978640333233	0.173798860659549
-0.505393329383332	0.449920527054794
-0.00541695212734599	0.00329233217838039
-0.0644574363754939	0.0357588897734099
-0.886110248618946	0.595241816371305
0.208201717131495	0.125862927012673
-0.562374601729692	0.48194578034346
-1.23593248870595	1.07106702330002
-0.289891993823817	0.15609683548306
0.199068789114122	0.143268696624913
-0.552417686890238	0.375152943561188
-0.369307635960514	0.239029693755916
0.0691551508482144	0.0367639099862625
-0.598741802445941	0.591400632024167
0.338096326870959	0.404542969941967
0.0620472539192245	0.0508289975370588
-1.23930773212408	1.91400409775276
-0.0415576782407957	0.0233615847705608
-0.230341660987081	0.159816143612753
-0.317564638685814	0.21304704324636
-0.609183256394777	0.489836490121519
-0.171714966629238	0.122111782667382
-0.586332104283289	0.555029042697491
-0.147647915176893	0.11186159187369
-0.585805324048235	0.455940215733182
-0.682072231583574	0.770794042005398
-0.85844060089482	0.964303695381498
-0.385187770866939	0.396683015081695
-0.22824899835959	0.182442740896186
0.137599418252942	0.120447914074845
-0.909974431090905	1.08670118343325
-0.042198005785306	0.039643943683714
-1.19912065679496	2.17311214866758
0.539827750897001	0.767128407093781
-0.0471845619848186	0.0514871854114876
-0.226813196121069	0.28597021857502
-0.330950207625642	0.454595428891255
-0.471265036180213	0.892926542888068
-0.578701274023182	0.835457739560037
0.666963898888248	0.776867535980023
0.59104561360234	0.809282729911534
0.142133325258642	0.169318432633384
-0.00519213384171526	0.00709256777279168
-0.0174233729447406	0.0221094622244006
-0.263039641201136	0.374752083462911
0.345107175014836	0.340916288066406
0.769702879331112	1.22764538949196
-0.0444711530746986	0.0378078393717716
0.12600686221621	0.105638871646485
-0.11116805715211	0.0737300403688903
-0.706995944460594	0.886016876693026
-0.228943575228992	0.1789810779646
-0.645256148879745	0.587288520151893
0.157248174502092	0.140972087316383
-0.495044559155904	0.468619603120872
-0.334618907474399	0.332313125350357
-0.0283002682923169	0.0207632697236014
-0.350045573413801	0.309774004880603
-0.288215870911254	0.338605758654987
-0.523020845351071	0.788352170224312
-0.691481776549586	0.584876065804176
-1.35169772623251	1.46747453873587
-0.527660286836892	0.418444710431568
-0.463346868120134	0.509678975048814
0.758901877506667	0.83641651637205
-0.277033163056564	0.194244061403265
-0.526386649934133	0.567133343987889
-1.03167157550515	1.12456796154282
-0.96681877063068	1.34672042269385
-0.0864991065275036	0.0600359291161576
-0.232983906505627	0.184860538997833
0.37087808402914	0.347204417727326
-0.425421286537406	0.379252208225061
-0.134080622575394	0.0864840960272175
-0.911838305474667	1.1600965085555
-1.24318118406456	1.55119541122227
-0.411929546390947	0.40338315130203
0.00165675592343065	0.00102479155022217
-0.624038589866183	0.675575047463319
-1.01350098879851	1.36237384409913
0.337693769315993	0.233293040272846
-0.278999219319517	0.149072693587685
0.0612905437759612	0.0564408100640439
-0.277100965381321	0.304892180988897
-0.312702201923441	0.268733219684207
-0.54712276228911	0.596623082775529
-0.288506927346713	0.249577483549422
-0.74729424271523	0.904951651395214
-0.578573883275835	0.623574805234287
-1.50292434358049	1.93988008616703
-0.668707154841103	0.925427595268836
-0.358619747033911	0.448293618450341
0.134274901844824	0.118953527683376
-0.476240423499042	0.491959614096651
-0.375152435147836	0.274156627272251
-0.414660641092083	0.327800560504528
-0.292942006187722	0.225571055095248
-1.70448780508511	2.2389345440484
0.313270005861531	0.234584756228551
-0.422484494704931	0.312972479019215
-0.0296500612466741	0.0208860303104662
-0.323185040625996	0.216680515710756
-0.47372479094994	0.436697020001077
0.128193917546985	0.116311001648745
0.294590819552429	0.349034696920031
0.516040394376512	0.823545059165611
-0.716030708133627	1.07253949202674
0.0790747486287797	0.0829938300761285
0.556814350136214	0.978518435252751
-0.268091710929554	0.440711947312953
0.204023255753393	0.257663976799381
0.00786761498765859	0.00637493126565268
0.277988360990578	0.33458755343517
0.307437319263846	0.434304412226843
-0.403538792586064	0.929653525067696
-0.453942166880721	0.961474777784373
0.0844982013304551	0.0986293847566904
0.310379604696886	0.428029000213639
0.488449650537131	0.68976492029933
-0.336189266510486	0.440392207696582
0.089840218041603	0.0866544113726554
0.391960831148699	0.348464165573464
-0.0760370108046865	0.0525005061970465
-1.1146911491839	1.58517036881338
-0.689842520271831	0.579024173728482
-0.145247506075199	0.095120135060492
-0.164925222143152	0.105305263813109
0.113729067000005	0.083042326227722
0.459227132718952	0.354892484265506
0.0355693316713565	0.0246316430163215
-0.0825956251356594	0.081613077135458
-0.419113371227129	0.513506265555587
-0.655649074210296	0.999285847352331
-0.713298317382444	1.19769346894153
-0.249721814253689	0.334748178954796
-0.885437908769407	0.746104189185607
-0.675983961883089	0.504917198472143
-0.995959298249238	1.21623300899997
-1.3403100404362	1.27978500150509
-0.183474601741272	0.133924338898646
0.0622872625820624	0.0310239481417527
0.191593859550939	0.177786210818904
-0.60624855947772	0.609497938634414
-1.25455567650678	1.67026586208536
-0.711160269873207	0.638244210586075
0.505956570739516	0.462955574035653
0.00822408598877039	0.00536782117448863
0.691254214077541	0.695920910533213
-1.00637828233778	1.15363567045059
-0.0911976192022705	0.0465654069078843
-1.34596775397054	1.25039831662213
-0.0894875753713558	0.0450022882277461
0.725274546867352	0.820820675961737
0.192924290239411	0.14099165117174
0.75779908349039	0.745930614575579
-0.616759894259516	0.519362289757146
-0.125485222142365	0.0982902055118343
-0.267652410585696	0.312485189826152
-0.11947414124356	0.111756822776648
0.204480219465698	0.192828770841765
0.201891301948835	0.151305160042165
0.200757920787648	0.149770799570025
-0.916675864335485	1.17910086331344
-0.374186175484531	0.306841876925211
-1.13460780568974	1.38862597272358
-0.592318321118324	0.758507392136379
-0.830176957169084	1.22708513917371
-0.591472100826722	0.572417384341756
-0.305920052114858	0.196567579733579
-0.687864118275845	0.571062416872248
-1.14382341656425	1.16760136939772
-0.419035741691123	0.332056785017477
-0.0851252687915382	0.0441285953613018
-0.709828911890126	0.686134736561397
-0.231164033249189	0.15745018627922
-0.365067325181132	0.238768681547945
-0.0594775387863085	0.0624146208977719
-0.670176394947368	0.894179715984713
0.0550637139380493	0.063204335613029
-0.136572168992958	0.118130882433668
-0.376194917837825	0.517286937468653
-0.0333225089908114	0.040536749866407
-0.0383863036964348	0.0551549048379343
-0.274753809128884	0.465074558852071
-0.042338544561869	0.0570397200257235
0.170891465483775	0.239871785493959
-0.291753737097111	0.528686460134652
0.13782213237785	0.214762887570287
-0.64429119587077	1.23633467036376
0.105232106671656	0.131183460829801
0.33602718545829	0.592916561546135
-0.578601398015639	1.19959486035577
-0.387266157333319	0.712272714648437
-0.557052518618641	0.903243276578755
-1.0092426806957	1.0919821290038
-0.271121727127853	0.214549848305663
-0.124332847879201	0.0609396228942192
-0.42921968753893	0.308520840519398
-0.271505002059949	0.245935229539286
-0.936696579705082	1.0283410898859
0.64375426780378	0.504653174333484
-0.877645265019899	0.762310784011423
-0.715216888657968	0.604176780232567
-0.50819704735498	0.837477397078024
-0.0206178562631341	0.0239382703508984
0.0454069962299891	0.0424327542465236
-0.481979078351804	0.563527022757898
-0.228900620418852	0.199470977295453
-0.283322255887026	0.360568616540211
-0.0640176502006496	0.0786643505098002
-0.240680385294474	0.418954811820425
-0.266071589856305	0.414062574749281
-0.441086983620494	0.865714973561346
-0.459523817071138	0.892241442296888
0.0121286773303848	0.0080522876488177
-0.0673331728793082	0.0363769863816545
-1.91516472967005	2.06843836925096
0.483748571924547	0.361103834334092
-0.588719294563054	0.460142039995711
-1.01594815117854	0.731041113511883
-0.640451814177111	0.58427190312027
-0.0748775328482061	0.0498870450725766
0.076993553364613	0.0420762349231298
1.04677852997969	1.00493971223124
-0.142893923223296	0.0922434567102552
-0.420509147515	0.415557887522247
0.230296438748472	0.127652716231344
-0.41631785956073	0.255885236897142
-0.988179591664983	0.821356075309751
-0.786774579142167	0.695777804832015
-1.36331208841507	1.47060644954005
-1.03868202322364	0.659211619822743
-0.499296293737954	0.279898850960738
-0.434362774904035	0.313232956667555
-0.0498519786017357	0.048108846807584
-0.801790380412209	1.32891010552333
-0.676022550127066	0.696241703834477
-0.712184515053345	0.646564098067884
-1.34105605876791	1.28355970349826
-0.233915571560637	0.136177220531511
1.56247875780245	1.36548938382551
0.31298265334592	0.139851142442603
-0.115554626067496	0.0557137190645579
0.224668630520457	0.122543761666162
1.03451529362389	0.84904911191274
0.697156830100473	0.50019555076314
0.274942835721565	0.128409063236034
0.0504766220928192	0.0457315005520252
-0.44720247700679	0.4962075116435
-0.114098954394295	0.131135643917337
-0.312816405019954	0.283788501190797
0.348372469195623	0.482411828964288
-0.0208872352087288	0.0253002651268588
-0.221577483868053	0.42791824937777
0.0257400451433961	0.0377709120920449
-0.595869862753319	1.8263241368574
-0.0743450768569409	0.115965031671963
-0.377936387948048	0.915630347807399
0.0161360720731734	0.0190126310522582
-0.482243884457644	0.877991846657283
-0.864763103402273	2.16884817797342
-0.0077431056361872	0.0101975896012678
0.0456733056124162	0.0543256045399932
-0.409130889189156	0.824785574874972
-0.256131951244715	0.336416268249465
-1.31406736515521	1.00224664155688
-0.877444471728009	0.647698536380245
-0.622414015633176	0.507770447968793
-0.660747147767474	0.480597307383055
-1.82221059751713	1.98679272010956
-1.13553559221537	0.858047268004406
-0.977728130411512	0.87722399095581
-0.230858594715521	0.135803627818603
0.231095542507469	0.139608666437172
-0.390059505735577	0.605774389252652
0.216174774722775	0.335607357531991
-0.388120904970885	0.454841783647409
0.109588999741482	0.0785846047661169
-0.37764234210957	0.288374554017336
-0.157832637774828	0.152570292696397
-0.433843512330941	0.683164901134603
-0.452870867499488	1.0054798176822
-0.431235970274891	0.881589645055029
-0.965209333451053	2.35335659832819
-0.395138087805468	0.76295153075186
-0.619593063778755	1.21819105496871
-0.204859774736083	0.295112841749944
-0.243803689962635	0.171550330147013
0.613872238746699	0.365725511364643
0.26659056918898	0.119011506204462
0.0775294818134359	0.0436581734211629
-0.208219996160547	0.124396416497806
-0.116009499783691	0.0571105259950739
0.251323699260089	0.132414137935911
-0.0492943036352449	0.0282558222971034
0.0493227018526265	0.0212058531299642
-1.06711094545387	0.550020509612296
-0.366196062681376	0.231701663285721
0.521929452857526	0.362670624208535
-0.0436693957290751	0.024616241064096
-0.490445501676176	0.210328433328119
-0.424062051807306	0.251953668096547
-0.385286952125545	0.178248421823858
-1.53716280242236	1.32032872673606
-1.40087448089983	0.794636914851237
-0.23565832698552	0.295534324810885
0.0532556411030471	0.0419481114672312
-1.1822157709665	1.06096391640564
-1.57550989811741	0.826738259114081
-2.35961621792053	1.19448074832748
-0.860046745728292	0.403589764487181
0.0743983356400168	0.0295201506029983
0.0731607291715365	0.0363216745097402
0.251323699260089	0.132414137935911
-0.0672941159857651	0.0363985327668688
-0.879035209091031	0.548012559626143
0.312091901785669	0.139613382892612
0.865462169502841	0.532724518973383
0.330701944892879	0.338585285627249
0.135800994871403	0.111868194962453
0.166066852294042	0.175131629020459
-0.363294294404246	0.359535465477768
-0.0081475677400087	0.00702947812426533
0.0926627706242303	0.115306274972326
-0.126433978403437	0.227755235208449
-0.176722571144277	0.35077927815959
-0.04509145065853	0.0708732909056361
0.0649496435376516	0.110036228391063
0.000846178026438419	0.0012879647010687
-0.223902650342232	0.277030133156065
-0.300755275112876	0.493347176243811
-0.730420505960289	1.66544033284216
-0.520837042970146	1.35798557663435
-0.156273023615224	0.246556015264271
-0.141389586245442	0.190417223990199
-0.310028144467139	0.47445400191433
-0.549294638531512	0.378706729354073
-1.06095277849871	0.543147724491633
-2.19633775517539	1.63854330331075
-1.04484220745725	0.645076760813546
-0.11598545622532	0.0559576458907166
-0.158449080268984	0.0602713659891633
1.54305959142532	1.04772555565252
0.0672183044650445	0.0213771239946822
0.966727005109568	0.359197706999677
0.0480589992948574	0.0581199856201731
0.106443677046931	0.146020111285758
-0.564818411452797	0.651873241048214
-0.158841032741767	0.0993496693928107
0.0660308578827498	0.0302428340876434
0.151368826386794	0.121734683991662
-0.0674698804174512	0.0862553404639914
-0.44755638790007	1.24380125309548
0.221746826520112	0.384980221962446
-0.16416161622949	0.217317019600169
-0.289731233260491	0.549872539903134
0.268778656098836	0.416794914426478
-0.270655386736406	0.390836381169212
-1.0356726663642	0.661632478819647
-0.480460757907314	0.211573977492915
-0.854433079355249	0.387882719501559
-0.704069856988194	0.32658652320503
0.0627212477552118	0.0235614608823039
-0.479426517431911	0.212131776935875
-0.760050514620929	0.533581060024048
0.065885684757479	0.0224844838123869
0.435087999899237	0.150591296162809
0.516910638352521	0.262955097225191
0.0651926018913605	0.0222724605734126
0.997852029459208	0.584900020699768
-0.324047556090943	0.1648345011562
-0.873050045005042	0.486253897558015
-0.576114661400676	0.318361095193802
-1.91903908160186	1.27107997138628
-1.35429388864077	0.642054326102691
-0.414410721684745	0.661864067040931
-1.42060546644881	0.907707699961773
-0.477636566934967	0.200996122203395
0.0639405546343664	0.0213114453720592
-1.24602651532525	1.04547437470963
-0.239680405223186	0.0914386274621855
-1.19122455004626	0.369529285196244
-0.476107320317772	0.210973237230806
-0.695135999590627	0.353626971167267
0.0555075762464324	0.020418370821198
0.707634068247671	0.409488702910371
-0.892950918933844	0.449271993477797
-0.318426512177223	0.158761320391851
-0.278841471577885	0.151533840300721
1.37016022948464	0.839733472936166
-1.35793345720697	0.645374537831979
1.30824120344925	0.953728786055638
-0.46799103201972	0.51114054793554
-0.0909104245175151	0.0693134691170477
0.0856865461943941	0.101223334911266
-0.674131870379866	0.499997333737865
-0.187198551007701	0.186574517353445
0.196793291254749	0.305741623675377
0.176213606827627	0.29425916407261
-0.00590810269490597	0.00892086016436029
-0.332823130779603	0.860570196669827
-0.137351194032928	0.252501816397092
-0.367783998516537	0.911632060620938
0.249557026313885	0.274649490419977
-0.318142842572551	0.462875107264225
-0.293520687170314	0.393700026160268
-0.034135595825616	0.0501340284436413
-0.317640476886583	0.564625232926121
-0.228973050951348	0.388934724710674
-0.114947091308724	0.111619136807433
1.15352946371809	0.911290375436999
-0.389427862673458	0.188160594783897
2.04460662398045	1.41125668387712
0.772583856076352	0.537766539488347
1.00041428820984	0.573000221955597
-0.610365538445366	0.237847978068263
1.37050840182267	0.82662252796704
-1.26004878037705	0.703791734154267
0.0822998201095202	0.0244639580863817
0.00629060309765753	0.00589766965838431
-0.0587626071009199	0.0735741245600002
-0.853581692810538	1.04307921617952
-0.189606120247306	0.136887580986221
0.73787389118801	0.29929336174782
1.20318596916876	2.11627788779716
-0.25060403546229	0.421387477010818
-0.0281626620182452	0.0387909662762625
0.101800277991235	0.152991507321953
-0.190109316942634	0.249669987216989
-0.473866494054807	1.05581538936453
0.331962497547153	0.505710991169425
-0.0716757615770411	0.0898825106098974
0.31298265334592	0.139851142442603
0.106515133433568	0.0267328578181176
-0.69076263416367	0.348035566536793
0.0572635739975241	0.0209825745599542
-1.06574557399248	0.564904946258386
0.0689859924869706	0.036184861615818
0.73638350350481	0.315060797022341
0.318659067046332	0.136981819828002
-0.33642264185439	0.171200193375398
1.27707639006477	1.05186553920429
0.0703382189430128	0.033608008751559
0.347207667536616	0.133726872557481
0.067591519015291	0.022948956655519
-0.422331242840744	0.60803702331712
0.0610180809847373	0.0256360105381204
0.0773056188961423	0.0413259761638488
0.0848555114773096	0.0256163091913079
-1.57797895885305	0.841324170107905
-0.798292438113117	0.293257647460578
-0.485002779442085	0.214725591705819
-0.148371410032907	0.0668391118961684
0.735498382418067	0.315189615441222
-1.31117584093806	1.01173692669221
0.306049978235467	0.135223601471463
1.49311997327656	0.746458390852879
1.24322655164328	0.543087524317864
-0.145819673639631	0.0660526629997299
-0.684172782160699	0.339713255506618
1.69889926268369	0.951358165787285
-0.0929344392429724	0.0826006663234219
-0.314143640780162	0.263091495186512
-0.410690303820188	0.581501784532204
-0.657835581803706	0.648752089651985
-1.37879621998873	2.18527058506959
0.137614452249054	0.212886709319851
0.0202152981078133	0.0301833410903027
-0.110858753039213	0.215853172196937
-0.210381146395437	0.466497151353821
0.0532414532946624	0.0964018648642483
0.132833410749487	0.240844942298963
0.0874897956218934	0.0972090524008455
-0.688566052818408	1.55937067268437
-0.0381883273740417	0.0460961881484843
-0.300250233083593	0.692044813819681
-0.187458639125487	0.31255854998831
-0.0591697774360173	0.080118745805942
0.217697164286519	0.27352479769242
0.448284814502259	0.235463777474626
0.0577981380649598	0.0218596779256084
-1.93337978748871	1.18609132944918
-0.793458934798463	0.284215957331135
-0.851847799978847	0.384386356557171
-0.69149680669124	0.349928620978064
0.0601541120185976	0.0205535882618133
-1.11354359994128	0.357044578928079
-1.08057945549301	0.522918673843276
0.0432695448420775	0.0484427998070923
-0.0366913658384153	0.0471337456069131
0.0528772780599718	0.0397645503605151
-0.0818792756038131	0.0419372350444206
-0.124739204883973	0.0594260717490878
0.450677852396087	0.499569308822918
0.235445446590588	0.413919408951739
-0.0673966397651087	0.118427675921217
-0.0775203857516474	0.108940598970478
0.0397535157342768	0.0494170910867957
-0.0534722356457972	0.071767875983549
-0.0645691499697692	0.0768408882451256
-0.399432635322726	0.753527488187946
-0.571321120200272	0.298608011972677
-1.57329975220439	0.571771338237262
-1.1114585714939	0.46327110627455
-0.232338113641188	0.0874290389558595
-0.226712350304147	0.0832000760850116
-0.611911286966867	0.243952463278285
-0.864871376946494	0.389845073099351
0.0648406293384588	0.0219385084564766
0.59970524836105	0.266232314529486
0.741071147944718	0.318502007835874
0.272411252276822	0.125754262210954
0.521988792302724	0.268514362548403
-0.485662338799668	0.203480156237572
-0.408587259070592	0.122778214287602
-0.386542514158983	0.50024102675062
-0.00668194733000447	0.00419197741491148
-0.0975273261619772	0.0504457147051742
-0.0226853620251915	0.0135988445056124
-0.161252880278258	0.102996164942774
-0.490826437798721	0.342200322270385
-0.277937995518464	0.157041259898577
0.0637284193956562	0.0329040436628462
-0.36779721160306	0.236663587726789
-0.197703018578259	0.121051970120782
0.0618396413726405	0.0299533965290498
-0.198658010364025	0.120979225031191
-0.697612664248461	0.571802642663543
-0.120931295282158	0.0586712800489212
0.219156017503658	0.128390124952177
0.207031108247934	0.138588587791657
0.199201696318295	0.135208521993364
-0.298169051178863	0.233783599149729
0.0134176782546417	0.00797340314016473
1.05054857706652	0.946341385277602
-0.436188587965201	0.471883051612715
-0.0552453873043488	0.050999846426282
-0.16064986664578	0.183737817462027
-0.496276927775587	0.781565336646088
-0.206239947319606	0.287582959854451
-0.304389125978233	0.488200054417369
-0.309587909958107	0.651922301279759
-0.00689028023488125	0.00846933277735814
-0.530502665095142	0.793062682723003
0.20462663425778	0.303307545640126
0.376976940981687	0.720873352330405
-0.340097185746027	0.887125646557803
-0.696909529941761	2.07990872167248
-0.239253505967501	0.407527649547446
-0.21948136314277	0.332095565722339
-0.187335380298006	0.234108574340541
0.560072802062377	0.940597547591825
-0.411614218805698	0.493539111926067
0.671270575535705	0.608999313159056
0.210018003159367	0.149316721956142
-0.386388024908065	0.315132773083982
-0.646687551920732	0.399092323521099
0.844099275081961	0.966418174160234
-1.1801002814734	0.811109553536319
0.526322171665175	0.356879588005904
-0.544885096405218	0.366783597373107
0.65528063933184	0.575480287446325
0.525002639656453	0.821980202612492
0.458533507181038	0.666914207983235
-0.507041553182449	0.661224397950395
0.348048382380054	0.348258274449794
-0.23848282020541	0.164293231127178
-0.0350532030794824	0.034115259363017
0.086691167795811	0.104168937314343
-0.494090216716371	0.887477892253125
-0.312579503505174	0.592065751298962
0.206142069014304	0.247750293387347
0.0282607438978625	0.0309519319242271
0.56056482232389	0.934463370222991
0.0691651990228718	0.0356564338998143
-0.120073562334317	0.0893452050897406
-0.0972923727992732	0.0506416516786344
0.0747059057838435	0.0358635803135444
-0.765654214014236	0.521727240703352
0.755397389401837	0.799942511252417
-0.1343534034517	0.0831222547330983
-1.81927823614074	1.95327675890174
1.04658005646552	1.01088913306772
0.206309024293538	0.137870375671005
-0.21304376039828	0.150094426105793
-1.08410664259027	0.949255788837109
-1.19049147157182	1.12816239104878
-0.380443625416986	0.321007572544758
-0.510919434723174	0.403877453944492
-0.42301069708162	0.255035400608658
-0.665403485705075	0.491497960495153
-0.0952955682043603	0.0480011578999266
-0.232670315025273	0.132580623728441
1.15770961720982	0.755527786375987
-1.55071054470595	1.03756196555347
-0.691660287216967	0.340218869706224
-0.771499117363498	0.544932825186057
-1.35302587139756	1.46073254502832
-0.358066056620777	0.225631800098251
-0.0436693957290751	0.024616241064096
0.245612525680546	0.124283961764709
0.245820384762423	0.130145842733748
-0.636130420428982	0.405672831878984
0.520607962041668	0.362916426278607
0.166054513778392	0.171770705298633
0.438348583391099	0.639584448392405
-0.744563646577453	1.70143285806731
-0.274920465493364	0.33278971361737
-0.492102921080093	0.780037560438073
-0.558474517956622	1.32331771120432
-0.747698402461099	2.51159499182982
-0.0596506654086457	0.0915585823512403
-0.0411542242211874	0.0587286518856068
0.27473604841589	0.538310054206382
-0.394450949594738	0.941855666793941
-0.371593828561157	0.980806651382498
-0.0304508573332743	0.0427713461480421
0.390907871959127	0.871610281320649
0.372300978383858	0.75877946845598
0.170450394873052	0.273716012900068
0.336191887693696	0.597152664053938
-0.106059138134037	0.114706471479595
-0.116472685180778	0.0782817871753571
-0.58977611879893	0.435255164290003
-1.53597372458424	1.26694801931155
-0.199820735027439	0.118892611762668
-0.552355680834292	0.360643835091005
-1.09388564751128	0.983590771159117
-1.02190609507624	0.746568793504159
-0.0701641743437142	0.0378315368436522
0.412177817044599	0.248338620855508
0.4592620964441	0.72446589424194
0.163910883072262	0.222129580025035
-0.214990822255556	0.206586011722708
0.0617661211574208	0.050563314679249
-0.0150402933579941	0.0104582633038783
-0.700850426574082	1.02635312356284
0.0206955123176429	0.0223974580944629
-0.274988794646348	0.518692112273724
-0.0519187462419442	0.0608629501774055
0.01920674989076	0.0219017448649757
-0.210979430092702	0.318340327528419
-0.257434345833595	0.200936812648864
-1.30968523888489	0.9489343175396
-0.634719100668342	0.421493491112584
-0.0113384712152173	0.00694007328650918
-0.229408539883348	0.131961081562043
0.766584853295235	0.744079681110636
-0.481326461739084	0.345279316503538
-0.889478372050063	0.682690570896528
0.421490062850528	0.249277470114438
-0.878751107787468	0.678618988035909
-0.666903777667566	0.460879573453151
-0.365274643083298	0.233966188642619
0.0638903973546065	0.0265164321040001
-1.42106647522695	0.840472359576467
-0.735027648883437	0.434655459286631
-2.14801264546988	1.00970365965629
0.307539374285487	0.136222807585778
-0.599806274080228	0.232975057638589
0.0838435020676426	0.0244567278390479
-0.601347289716107	0.24016620508867
0.739114038970058	0.292576118013267
0.0603614563821772	0.0227931595589578
0.354553377667267	0.141925254956489
0.0839639145488446	0.0254365526375156
-0.477636566934967	0.200996122203395
0.113328931524797	0.0833974939385986
0.8279499668359	1.00499736848073
-0.296464866287579	0.308869287867645
-1.09559155161153	0.989604934426428
-0.385328022138011	0.318128372518603
0.14608563985912	0.235815900577064
0.271210731467456	0.594716717114247
-0.132929917254346	0.257394393981135
-0.210338407039683	0.514304982359751
0.0983850575017523	0.199661983734918
-0.308440218253867	0.732043985806573
-0.27324056482148	0.29634800293167
-0.074302293063557	0.0741188435643753
0.24688779990984	0.33422912121552
-0.150151328445259	0.272949845317118
0.279711645427654	0.542656556076601
-0.25062798811743	0.48922704875996
0.385271618275124	0.498474713107168
0.0614730147705426	0.0231476064358316
0.967618003388061	0.366400884871091
0.957115554065287	0.361633933790533
-1.0433296481499	0.620236943810675
0.455481605355462	0.155324822123667
-0.664212702591029	0.172057081317188
0.0838435020676426	0.0244567278390479
-1.89186594636911	0.791918617266046
-0.186654848123737	0.076866606694493
0.10617830921035	0.11942824213802
-0.126279695717585	0.203141819656732
0.26666506294435	0.247632539002789
-0.429855308295741	0.262731619687357
-0.1541875741706	0.224194793602869
-1.10160751533824	0.460599551365656
-3.09950705418866	0.995493427876299
0.0880226229197132	0.025486383099034
-0.387034739864544	0.185183489808875
0.609445790014745	0.192936241963981
-0.146121240739964	0.0672150207490817
-0.487760000136458	0.186171396139042
1.40602219165467	0.463746187788158
0.611920964376254	0.188915238265414
0.0881412318493209	0.0263614188927434
-1.0998975011754	0.456225192401684
-1.57637252340686	0.855336885706142
-1.18644403433955	0.376991864933128
-4.04095333395785	1.83145583954507
-0.273574987938006	0.14705263016285
-0.800609206593065	0.284969027461076
-0.685072259668114	0.340762676199374
-0.803242849964794	0.294303878876669
-0.273295635773088	0.151362027563039
-0.178255854231605	0.0727666825367328
-1.57170198964708	0.804114051154041
-0.128338032557837	0.060279394201579
0.0653284527822989	0.0268574817176094
0.360305973628205	0.145365632066036
-0.153044108589952	0.0680886335252236
-1.75613099538971	1.06087954786067
-1.03659326852065	0.64664768454335
0.0139762479682801	0.0132155081248161
0.143991255474957	0.139176933468821
0.252734760782732	0.297653417540331
-0.204194949858709	0.148799746875001
-0.0607814845456975	0.054042594983859
0.208847610152973	0.386395422847286
-0.0705024321371236	0.130625985097191
-0.0988915082741725	0.204187950712674
-0.0987613933346128	0.218437952565439
-0.134518478660383	0.330416459442021
0.0447299885151822	0.0816518219980415
0.345405238881968	0.441256192557701
0.0916992120087995	0.102042731754659
-0.214276616829918	0.325089073595167
-0.424588999587901	1.34597906669046
-0.0257393448600443	0.0386435881988492
-0.126522993429555	0.198677202329136
-0.179036482500002	0.239061366890782
0.0573127801197332	0.0229519851896799
-0.190469603543912	0.0758477746751117
0.812712920985683	0.430120146475084
2.66998471631497	1.59607176858152
-0.28112226921496	0.144429378467221
2.04173542738398	0.895625129679882
0.445521276088191	0.159509279653994
-0.296389466750986	0.0987004948217709
0.266705829636562	0.124208582870307
-0.503799957698239	1.05290211077708
-0.0380579662180625	0.0511955076785074
0.130799413214977	0.107755389932383
-2.53019944592599	2.32920926810852
-0.182848639650162	0.0708798442749364
-0.462055534265424	1.08149879753334
-0.170634816659679	0.393702985310259
-0.363229862719418	0.843484262026212
-0.116713115278982	0.1386886307796
0.0630918690298575	0.0234122798796058
-0.408587259070592	0.122778214287602
-3.79239611960979	1.55226650837426
-0.325431534435113	0.169735848592927
0.604826057528392	0.281899977544189
1.53032977277118	1.0190474473229
-0.305191298781304	0.103411512771553
-0.63954845516232	0.411778643791916
-0.162509809571703	0.1018591126197
-0.138781858055853	0.0619062307531737
-0.432954771969231	0.312611131666785
-0.0578762317307936	0.0305736468812853
0.0593858866597546	0.0269593962151763
-0.876787396136217	0.4815723692748
-0.22289011163818	0.125370149173357
-0.725441500602801	0.399655969861182
0.0682869517611693	0.0332288194173908
-0.236289505724217	0.135636951496395
-0.0855105885194972	0.0575760976286408
0.228327176282906	0.12819679836256
-0.611102075374909	0.714830165674677
0.726562347594682	1.01558229847507
0.0178218843229768	0.017208007719804
-0.25547339152567	0.248721330964933
-0.435416491913377	0.691624917921067
0.506723646269437	1.07338506473539
-0.532113039052321	1.46815793164827
-0.159863175339244	0.260820865511815
-0.19532926691113	0.289555036786556
-0.703540067504405	1.54356248570245
-0.186958552236644	0.256233530894543
0.151732745056219	0.253035881605639
-0.600852486765043	1.31467022592659
0.153393329152285	0.20732695825792
0.516593512439506	0.843601827506697
0.968652568793978	1.22054487003857
-0.0492943036352449	0.0282558222971034
0.376568198445658	0.236278827791564
0.252936689518229	0.131677140975106
-0.239262177378565	0.167916612334154
-1.76623708988952	1.0316556169266
0.712284385773704	0.629409076020378
-1.34499490735996	1.26136902291177
-0.720575154561748	0.711745992116856
-0.0362261488740665	0.0334501432239416
0.334255277428351	0.526656112059434
-0.333552798746728	0.399967569862123
0.00574133787591768	0.00354972704900413
-0.481302527789064	0.33773213674539
-0.222952479656482	0.203552092586724
-0.038432768177444	0.0402456442854004
-0.129951422220416	0.182057856940083
-0.308300827557823	0.53829965036814
-0.289559039251958	0.430731467083941
-0.271238514764071	0.147096773628292
-0.491877658634367	0.260326626246387
-0.865907418805369	0.380859172777307
-0.0575995618702932	0.032088921621792
-0.73611485213746	0.444063376525644
-0.0259583999241647	0.0150816660399429
-0.0882066262542575	0.0461560297739515
-0.151858037867632	0.0691673933768456
0.272553258115704	0.130667311171288
-0.588095637139869	0.453024821984108
-0.269984608112183	0.185394747175728
-0.237982370092234	0.136172816708018
0.0729566201210094	0.0361006180895449
0.274942835721565	0.128409063236034
-0.126769349658392	0.0601838491354798
-0.743574663160862	0.456863274161153
-1.57872210813906	0.843581263692127
-0.238257810287138	0.13637657887808
-0.0624942280952076	0.0342474368111845
-0.488022460366692	0.205112852174214
0.608868771561863	0.28586578728005
0.820008369446861	0.429275087938185
-1.43085673480773	1.20408894607279
-0.167096998573027	0.179920791443462
-0.102947430530461	0.0882425635879883
-0.297175321015677	0.543334205810199
-0.365919392520343	0.368798540808207
0.0221696060925433	0.0196950361882704
-0.164519918537817	0.308442652963516
-0.391843984439515	1.01739392136913
0.0473176487127518	0.0813987842860687
-0.220319381913815	0.507437708104779
-0.0749115980445106	0.0941426940930892
-0.230442359746268	0.364882378176043
0.191860606697225	0.412929407512757
-0.35027013331073	0.839923720880331
0.179608654240656	0.347589462310461
-0.224234663747608	0.389322157544375
-0.335308222501024	0.164365067290809
-0.34624985095747	0.15618383542176
-2.20972668237931	1.56254914597136
-0.147185010131333	0.0668530039379211
-0.357858921031935	0.228056539450941
1.93429778976563	1.65518945529513
-1.32466673403944	0.966017657614037
-0.776935787967869	0.607781596023949
-0.394317831955728	0.18994603125229
-0.216147110895799	0.366445725096813
0.183318896028553	0.373389677322351
-0.305891231429597	0.381256120955652
-0.656156261422731	0.647410733202248
-0.883077889767699	0.591357840998516
0.728271752203962	1.08930006494253
-0.113622700613599	0.178087128870993
-0.322280943911367	0.922915034828482
-0.79739423199285	0.284668676734627
-0.792557824282279	0.283664835390322
-0.727418346259717	0.417790820508345
-1.58054691553334	0.577249134929289
-0.876670081028871	0.767810047870642
0.367544757722523	0.142983247303461
1.70295027911686	0.923066707946867
-1.76291235275634	0.99764701344343
-0.313184284889682	0.208914073940451
-1.0356726663642	0.661632478819647
-0.29183938906009	0.22858492496444
0.134740255092183	0.111842301532369
-0.414500645518603	0.341253071280087
-0.850789208056834	0.981216138108946
-1.09082112749903	1.72499404690064
-0.347644406532545	0.299618080032213
0.0728499625824026	0.0566824534758156
0.528074781834447	0.551110611552545
-0.864366806106839	0.982431896266258
-0.46458271650265	0.553786617323751
0.422663600746639	0.414933016837471
-0.132313591594252	0.158416416278687
-0.941717331133248	2.31893858346585
-0.0358607042788252	0.0504386782374397
-1.00297537834044	2.7903580784563
-0.487603485805823	1.03515643202918
0.25559455505348	0.496316441505148
-0.16439632050785	0.319735701963689
-0.0435984807706582	0.0655672092825233
-0.360899299903767	0.753046078273183
-0.0648917406218654	0.0931974246458785
0.0519001683076482	0.0763091165949159
0.095404190340235	0.138015098799642
0.245833143258046	0.466081540496298
-0.603462338283377	1.39061081642235
0.0756047692512322	0.0619348711740887
0.0516813967464275	0.0403575019003067
0.0306019447787746	0.0246533896761202
-0.281882656087875	0.289812578487862
-0.594254363517158	0.686319234596404
-0.282862279573135	0.246659598439794
0.0565494974361211	0.0428626351633942
0.436987274942108	0.433656176068535
0.281575532137606	0.24385617912735
0.114082256118649	0.170741244583784
0.074028711873851	0.110305878503343
-0.441522318324968	0.853519879844928
-0.659650488559916	1.00493218773418
-0.189718228397506	0.179394091931934
-0.0361513003992942	0.0442990123221191
-0.164479551687411	0.290901058173231
-0.393809505076025	0.353662980486901
-0.68015994848866	0.780524295443374
-0.747570075592895	0.887996503068991
-0.786993219314819	0.905968534900422
-0.698915272760844	0.8383254456232
-0.47295473524078	0.388459180396033
-0.986819075323729	1.55955650519104
-0.389935723983503	0.390544481271651
-0.267235764709702	0.211791442753184
-0.866921778529062	0.908150895587018
-0.230306640868828	0.183920212239346
-0.266581241489835	0.252931873955891
0.379075040893806	0.387820032749611
0.368480330562603	0.341690794970858
-1.49875933154428	2.77070761545409
-0.357655820895073	0.334652192117248
0.247227662278166	0.231129209432305
-0.2707916671402	0.446884109094154
-0.177043768924956	0.259844566920416
-0.373861718397071	0.792126599120564
0.074203804254183	0.0921010456503152
-0.103968763742712	0.138951635735527
0.135117132468866	0.233036551832287
-0.189314355763528	0.372252009221348
-0.175730432040612	0.279565615878512
0.0276799023941749	0.0387712401448538
0.4463313498003	1.12362167838973
0.247083258624627	0.535866952882306
-0.139620634831475	0.234903914762373
-0.059102138420398	0.0905847623215233
-0.375914619327892	0.862214095520398
0.196279108965487	0.191850549478629
0.185158749816153	0.150995798680904
-0.222518664591646	0.151532741090228
0.56287005497057	0.538277693858955
0.865551380233322	1.03835957337734
-1.20114132321601	1.58830926949995
-0.278944757702704	0.267934103835684
-0.161724465793494	0.133725940146279
0.0510374864722247	0.0369689295105937
-0.479834562416745	1.13596409749747
0.0296030472235452	0.0476258215742933
-0.560444659226818	1.31792297373827
0.0038091513375502	0.00353910824642475
0.0629475458279811	0.0489077119085069
-0.482913060930895	1.04495382943685
0.017892581769016	0.0246948354207184
-0.273198163125265	0.494715133274846
-0.510943123675172	0.515310780490703
-0.656273655167796	0.88413071116935
0.13053390931732	0.109670771241977
-0.232953509597958	0.205632998145195
-1.00835755416635	1.15517655633625
-0.789209146253018	0.811192410179667
-0.137864540208942	0.119213755820686
-1.07179957058836	1.2451940361341
-0.69822338950785	0.846117452689357
-0.21772287279118	0.196452203804652
0.197554012520188	0.175708954795534
0.454338786429066	0.511118316550551
-0.138366978307267	0.105340656961035
0.0619094537701391	0.0477288714519951
0.217042440902476	0.155767829412475
0.628690464912278	0.715582011391251
-0.342120306103133	0.549405672885498
0.267021714470275	0.43218386336268
0.0816309326625688	0.11783706387699
-0.176367896227357	0.224608272227512
-0.0393319409734749	0.0496624535473797
0.0182754255253942	0.0251284628882277
-0.10533743491913	0.148537387834803
-0.20268299185645	0.326319996031831
-0.0597906152521729	0.080970096690828
0.375259209654033	0.778405237153322
-0.142690416760851	0.220397157026202
0.215037556503185	0.339956944711057
0.126882359007203	0.19802001330993
0.41764523823593	0.725192338009875
0.303690408894322	0.311580870839855
0.65963153974541	0.680467229309531
-0.0585278780455917	0.046782617905996
-0.419335967612905	0.379841074613283
0.528726046179647	0.692310065949117
-0.277883497699524	0.282551631291878
-0.234823727137946	0.210535564378305
0.0236850176709853	0.0162410517617563
-0.783253499022554	0.901688261682784
0.0697151437897132	0.104525849013845
-0.44712043623746	1.05329865490823
0.267800981321579	0.501667974940274
-0.862972286644421	1.48830158942869
-0.552375792816861	0.711441037036858
-0.200855479556697	0.264194432981313
-0.144407849731472	0.177874055829367
0.253754525654485	0.302533785088259
-0.139102644297798	0.139753886990899
0.223294198427824	0.278226809406265
0.283381938245505	0.38869069565359
0.41553019897009	0.676306981397796
0.199305051849865	0.27529617209306
0.107934504995095	0.153310220602189
0.381877794758105	0.711061783428537
-0.0113083624633526	0.0127007552869959
0.182671399446776	0.238995793746439
0.0528142813750765	0.0665250815042334
0.24591110383012	0.410711746627858
-0.019826709675368	0.0257980831903319
0.177237925046194	0.28067212870761
-0.117819734998624	0.185734156577416
0.159277353001324	0.26697243677153
-0.0978301318794617	0.124335782749014
-0.271151750217974	0.403687642612147
0.295137222695934	0.343423374548577
-1.18419190043861	0.836566759552984
-0.234954228352895	0.425316452334078
0.201019642242695	0.2681036084742
-0.214448465405183	0.201042244436257
0.138343629731735	0.111739734533829
0.20407620690524	0.214867991874468
-0.225380546719636	0.276721846977904
0.0945478305568177	0.107184507307953
-0.0125361128237241	0.0137151242653783
0.205500321084716	0.2491936326071
0.229980801996723	0.324075496866427
0.0773017946614454	0.0838142791395948
-0.0575177841804988	0.0658394822705529
0.138656824170721	0.176174251854155
-0.120894859268849	0.133705612656339
-0.108926744927263	0.119455939683526
0.336461830020741	0.508827411086121
-0.10712526871556	0.104371122795745
-0.226897700049066	0.390226638888995
0.0593644727069522	0.0798066424668398
-0.444226982967215	0.905983120331081
-0.463810974535577	1.10315028385431
0.202014670947574	0.232653979790522
0.102372331270481	0.115900191011887
0.0492913562904201	0.0443362861149229
-0.150121085974741	0.155853344971896
0.961609228681326	1.93303656624077
0.0945845892264453	0.103411188184499
0.190826455897385	0.239387389793497
0.556060693260795	1.01345171894512
0.387449808095124	0.649537531077243
0.486693061467417	0.976987795746958
0.211820349823469	0.293965643057937
0.180279098300194	0.254624926223928
0.171655964854321	0.244903535546654
0.23445808103094	0.350470340584436
0.191804692781036	0.311327981376435
0.50822810980942	1.14939594420853
0.231969558797115	0.423576750606271
-0.0669474386935581	0.100960212323764
-0.228274517006538	0.304199431827983
-0.00749057550094956	0.00837155166733213
-0.669453108632022	0.868739610154656
-0.481431741918469	0.544035331741947
-0.270467100554009	0.560196968090387
-0.481836133136069	0.95833177042836
-0.102252449740746	0.122492936187278
-0.116115606291269	0.0908734889216274
0.353991298205373	0.338455445344913
0.644854287868182	0.768968563826587
-0.2394184659333	0.286008097003097
0.622877926699355	1.26330190594335
-0.138984925990247	0.174055001876545
0.192090918177142	0.256031192321112
0.00667834158719573	0.00627757533441924
0.55773861562522	0.941623364629472
0.102201276695661	0.119065305793843
-0.0703778018362252	0.0808373170933228
0.402866827299765	0.591322228286247
-0.000553270786742513	0.000554779203318652
0.260598642222376	0.399080399651333
0.0424348020836676	0.0313537464940796
-0.205390739592571	0.311796613881147
-0.231235055679336	0.37076240469611
-0.36318861110958	0.66561295064662
-0.195199102923181	0.190358424833253
-0.0695168167877466	0.0672468107681914
0.61267318282352	0.903327307968726
-0.432406198218107	0.53775170444263
-0.0479464778440285	0.0379615898346941
1.1619323927103	2.6839038160018
0.0371195352147367	0.0381096368190299
-0.168065390725155	0.17121574408696
-0.489930341636074	0.781189364337585
0.366612268183786	0.519768266342804
0.306956617313754	0.424641375262879
0.275747700096669	0.385161256627416
0.162545983068479	0.192272480864688
-0.460247891139954	0.67606570245164
-0.0854981313554182	0.13690251869084
-0.275012450321383	0.544665846533727
0.315082741314155	0.679108911840714
0.444526890513258	0.980626070377007
0.121517813641732	0.219345868252723
0.724733920710886	2.30623140945198
-0.338227763910013	0.676725316983461
-0.139644151113557	0.209039778454233
-0.145480844445037	0.211087620183257
-0.0215480226138547	0.0257139122113072
0.323149282670427	0.623114641365426
-0.217648519270676	0.361853400728415
0.161675654497336	0.199200846836773
0.0611266932374569	0.0592366148384874
0.51312927621648	0.77081323243625
0.30136375552532	0.359726225018418
0.289403125506327	0.423358463183947
-0.150798296017773	0.176421128761415
0.470259515803345	0.735206737379189
0.42584744958134	0.57627027188405
0.0531541855981942	0.0473632106740883
0.0555921815139837	0.0857387345854903
0.0115746136782431	0.0163280653780581
0.207321693079069	0.387630780072575
0.210730266279365	0.335071951309505
-0.117065609735534	0.165545553806266
-0.143795559221437	0.134705722625487
0.941956284255441	1.2121933074124
-0.164536501172108	0.14035212066276
-0.47725438373039	0.339817672628808
0.0620775008969464	0.0510138088963401
0.816131892726983	1.21091787354327
-0.0179133110471495	0.0153189294495232
-0.490056848701219	0.574231246814885
0.0965683885103157	0.0876055326179299
0.0962148580704656	0.0864057757676379
0.59199845687372	0.780073909543082
-0.253460833370391	0.244009197853863
0.639106144783886	0.517730315890878
0.545888807088672	1.46584735029495
-0.0510699595693906	0.0747263206906274
0.235848530762723	0.557737769822483
0.203764845303867	0.30820954740013
0.424882607312049	1.07584596520069
-0.299533314734492	0.71489669448701
-0.388722259196641	1.06716626757196
-0.14717227411075	0.217986160446078
0.0719342566574463	0.116476714564238
-0.147772003288786	0.285908760117076
0.148905264156157	0.280689246085773
0.237042242062683	0.270381024889586
1.06346741999172	1.96874787106152
-0.0319063065063293	0.026666953034127
0.622514484736003	0.896395626090924
0.00701075068124015	0.00599435698523412
-0.294791128015221	0.343311737935952
0.607603300197356	0.871511703716184
-0.4550462403071	0.46457966544917
-0.0694947623653853	0.0567381437101498
0.382947073019945	1.07180462706437
-0.159183825917472	0.323901776175374
-0.0227672661371571	0.0323982134776538
-0.249885479749352	0.384104106215465
-0.339999081766995	0.406568450525215
-0.297065429134756	0.458846564606997
-0.0449756187290544	0.0511108428023229
-0.263576239149866	0.389754128722261
-0.0651675619593992	0.0778381338927571
0.110553599914224	0.139341171957227
-0.366504096116829	0.555768948902792
0.142271320832469	0.194633166383085
-0.260378973366087	0.387406763820988
0.189830996287708	0.291895549548935
-0.146085714953203	0.205650297588865
-0.0146808020875625	0.0172845808912389
-0.376058967659663	0.788605729806749
0.0272316074360749	0.036446377825432
-0.232937705305919	0.380550337744714
-0.00755169139334339	0.0100490426261716
0.0418789141291239	0.0577960926531835
0.464703039416729	1.18246607817174
0.253205484876574	0.488664157793556
-0.42854059812094	0.935050804962393
-0.140759837605157	0.205543228267731
0.0649321956438713	0.0864076476979306
0.432946525869207	0.911235582608145
-0.317679722285115	0.411521433809709
-0.355939311904426	0.411567566403433
-0.216577224185253	0.17436251993518
-0.148924134368834	0.195080263235093
-0.0647891842222885	0.0687660446119041
-0.400931358598647	0.483600423125132
-0.265377682865336	0.224356237104237
0.483086848295196	0.631925483628139
0.468476743110177	0.843809925847386
-0.193086591801272	0.273273341768322
0.441530268198783	0.743115028592935
0.361062875387492	0.628335881680374
0.723518422343137	1.89998792095527
-0.0926598423770015	0.136457811303719
0.118270293051903	0.171514772132735
-0.129430442195393	0.176419548020284
-0.157363991287151	0.206518517577796
0.68035552037101	1.6402156607281
0.0944190746211787	0.133315084654085
-0.390950574181489	0.596263734566629
0.071113661851798	0.105664715726993
-0.254698450430179	0.479643378624279
0.120458083600757	0.196303887596829
-0.406247625551462	0.996601471158991
-0.1154510727074	0.182945152342133
0.00970286566859631	0.0122743814022242
-0.0943288792628195	0.132607353170017
-0.258382001400929	0.454268012404621
-0.379132818870546	0.759974204283667
-0.0652895895392529	0.0885094170486604
0.12097135867376	0.188645114526551
0.154827375175181	0.267758133728799
0.113237491576852	0.198540420515297
-0.251691490855933	0.500939955011405
-0.50285179340133	1.53503356765052
0.0890514869824206	0.1666389313197
0.283388419431867	0.700783530132854
0.0500685061150671	0.0855897645465746
-0.386186051006589	1.03284697470848
-0.445457003426229	0.963480641229695
-0.459929468884978	0.900741328670891
0.451811552317565	0.707430287432795
0.122143564956141	0.14712422134223
0.488018341815281	0.929844833209224
-0.129428964606933	0.120979138750646
0.573460326216157	0.571053508403858
-0.07338210464735	0.0382109050160952
-0.117289204294355	0.0557869722655363
-0.634547283997083	0.405892400322703
0.0646919280899826	0.0294644221888756
-1.0193835752127	0.755519301853946
-1.03940485502263	0.605919992612331
0.607839687428865	1.12049562440843
-0.0463916929180452	0.0575061014584509
0.256637037928038	0.500845331512229
-0.430915901026275	0.981078642742024
0.350300632327611	0.770026348248335
0.0417802574418313	0.0703984763757671
-0.0166881224739263	0.0262077211429367
-0.242688526265384	0.485097870069896
-0.447162279574145	1.06254227528634
-0.0863749782501495	0.143317105061607
-0.276209116526137	0.399480402284427
-0.488619398893172	1.41576463631275
0.0415266976973251	0.0647339113690564
0.0273701870153118	0.0377104567905418
-0.315609497858088	0.60583557955484
-0.153895898944373	0.256713938054978
-0.053087917358496	0.0769096578282434
-0.185988639345745	0.366297467615907
0.100943948890308	0.172929554302483
-0.28469401805448	0.667568490965952
-0.19299471502585	0.404095964857288
-0.212693725644687	0.499534758114919
0.185031758946778	0.417466872348149
-0.0401842563129938	0.0715799717685064
-0.167606299247769	0.354366217964756
-0.504741176466268	1.23885976148734
0.040539143963184	0.0511896035241354
0.691905373470306	1.33026608082357
0.375084348843271	0.715452996956948
0.0319531593071708	0.0359637141319936
-0.494163868580293	0.525890305528151
0.0327373098522939	0.023260861440263
0.633486627907617	0.577369033826301
-0.481196530439831	0.213755792718274
-0.316464056184501	0.213034634408703
-0.265891824103623	0.181423756191481
-0.689710972519377	0.555410583158406
0.0177623754484837	0.0116249556894718
0.0920260506640736	0.0853189921515865
0.125979051997196	0.19520084074576
-0.0740646911535441	0.121695570017901
-0.279360969719949	0.580138198938689
0.163610257206072	0.313165767217462
0.104392005004075	0.200298745234164
0.258406904279862	0.617152069994345
-0.0816186462755631	0.143123885684581
-0.112475536366482	0.211378848232562
-0.183811267784253	0.362873374053407
-0.330068518032762	0.479161447295278
-0.114313788510781	0.168636401215432
-0.0413081876070128	0.0581379792372962
0.0418416313837895	0.0638582690829802
-0.0694251785457965	0.0921674226270924
-0.0769956446391857	0.116839485581385
-0.079605246808498	0.115217145279371
0.236656599682101	0.421746428042988
0.2294440514203	0.39525754839746
0.453534540008376	1.26497468231306
0.162498124959134	0.296209949952403
-0.062972311421618	0.102956667785059
-0.129604961255591	0.251291333139118
0.0762409995518715	0.137684990412947
-0.33390155297729	0.888533123977737
-0.171266394300284	0.370862831630177
-0.206113481547334	0.477285475291779
0.146552808522104	0.2346629762278
-0.778172591775287	1.8049522956524
0.0378261723220836	0.0330614628653851
-0.129710792640868	0.160657111317131
0.1415838737763	0.190001691710934
0.606791004985946	0.862426013537561
0.751555980656662	0.830444098994401
2.18372408875355	1.62396872349243
0.28248630895947	0.130500364790656
-0.882553416138419	0.489886186285131
-0.0733481369113964	0.0403667464086685
-0.123538536750621	0.0817833450206065
0.203743115766048	0.139978401000567
0.250801071950205	0.275757017580072
-0.162631693992374	0.250216547503913
-0.456465059273453	1.21987796633561
0.164070719341785	0.292004068322307
0.101398576596702	0.175928331792913
0.0526542367059993	0.0863844546761375
0.166024696324881	0.332427175076343
0.3199271839691	0.793005087356811
-0.257661708988502	0.520252693067382
-0.162815815183019	0.325323182301227
-0.195085305469707	0.33354321360028
-0.150217817714685	0.234688279821008
0.0815737813182203	0.112359344684157
-0.550027516239466	1.41993801771856
0.0183724209973278	0.0229362363880542
0.00698106729175594	0.00961778660521188
-0.102766936183067	0.173290286920254
0.000474730626912626	0.000671696973612752
-0.0239252706384199	0.0358435866718997
-0.250752352176469	0.56369325190376
-0.0684102217280562	0.120512231844445
-0.294176143331255	0.683317506279711
0.0840802480906086	0.156417546563126
-0.485276208273111	1.52784575383989
-0.261667766475399	0.48247078503735
-0.0532606925572933	0.0694345094699547
0.0504800693191493	0.0504857052149375
0.262145917858006	0.387806845928413
0.377762333248397	0.649913185560336
0.414062915920051	0.515724047609955
-0.524633470016872	0.488373331913166
0.570314124715639	0.377544100033662
-0.182886866740271	0.0767727710543764
-1.57300704062121	0.839249644489881
-0.732454540323307	0.427459103545287
-0.0786864895310978	0.0411216819927103
0.324430823000555	0.237815466468875
0.0204854271140507	0.0169139398401312
-0.172528137901701	0.284331266513286
-0.189165820682994	0.365912103324113
-0.241004491798887	0.477750686723144
0.0296215279713063	0.045024426257891
0.0186562440776254	0.0286801672165684
-0.382467082405992	1.02916751229966
-0.207683959671873	0.440748693897819
0.255656338996036	0.562971005338783
-0.337441109359882	0.808295201070846
-0.30372639268139	0.46597060753832
-0.338322496086815	0.632081580175926
-0.229324918986735	0.443054652703595
-0.111845654100183	0.161762967867698
-0.0113713137209999	0.0145680340537754
-0.417604767495607	0.787562536129615
0.188576619687881	0.303348234938998
-0.222064391751053	0.370386133987425
-0.266117456411514	0.45154699731653
-0.0246261853793049	0.0336248545006474
0.374351467117098	0.846324431726296
-0.22412882486459	0.429740630238237
-0.163359773634055	0.314892312730007
-0.189860668477565	0.396718169114933
-0.0572762445933536	0.0898778321375649
-0.455540698787093	1.27849387667864
-0.337634761800485	0.891256150791116
-0.147782006238529	0.263806106899327
-0.0842662341556702	0.11836288231478
-0.265254309283819	0.422015489816077
0.295774965101831	0.551820465981449
0.325699513489269	0.610755445326052
-0.215096336917469	0.263236511477591
-0.759131543230394	1.04981622847344
-1.07049167326446	1.26934960865254
-0.287254056906056	0.156920770788212
0.321627495501086	0.254270418014338
-0.326961436095153	0.476132885854227
-0.264108392063699	0.491033754109378
-0.00753949236804286	0.010847474248742
-0.155211198229938	0.2551152973528
0.443888471977455	1.10568415553537
-0.0756625801823331	0.128060302475015
-0.119289980839189	0.199824793356628
-0.221349807547409	0.447749799004295
0.022847837998726	0.0298030934029611
-0.310240523389012	0.671430153993036
-0.146567484476407	0.220504790610518
0.136439851705665	0.114932473918109
-0.407179721169646	0.421834564970449
0.38238216472956	0.433606092612591
0.244856786433386	0.244271440579125
0.131936416176994	0.111175080021934
-0.129182120604331	0.112658131961338
0.82060462146352	1.02955624678413
-0.469119999004182	0.519602606520746
-0.0959603839086019	0.0852922634848705
-1.15908438088491	1.77327938608887
-0.751701863116307	1.13910256996157
-0.199969425006452	0.199820126059625
-0.949742191295395	1.33655570306989
-0.64567435896663	0.903525804538629
-0.625572465271198	0.83179874173127
-0.521469003911706	1.63662972296037
-0.198938317168119	0.373536780750274
-0.115209087611484	0.251315546239419
-0.324672311655531	0.449295087029341
-0.301660570039194	0.57002936956982
-0.174843631723538	0.369584019464206
-0.0310406136878196	0.0580998381644629
-0.0236683159338396	0.0402528346098124
-0.650771747462503	0.808453900715352
-0.00734062655436407	0.00540807149018082
-0.184836462667622	0.153056318120231
-0.367122919710327	0.394699323857304
-0.358044796855981	0.433619454521805
-0.453414315943674	0.472900494888035
0.418134859607008	0.527442655665547
-0.0243472874115832	0.044665983324397
-0.773927272724178	1.14610980567121
0.733676838703048	1.12342941931014
0.113142097996937	0.120366857166111
0.431417678831617	0.524229355140286
0.240793183547439	0.295402662872825
0.0057822003670195	0.0050140267735147
0.143943397666209	0.137222787455612
0.1046350658944	0.0962381119740927
-0.243544253133099	0.284235411425616
-0.172448528034155	0.183339717453629
-0.228854813658133	0.272811188501406
-0.0987941930888978	0.1586128776436
-0.179611302726254	0.364699434116407
-0.223640191068681	0.41528079006997
-0.261951941589148	0.564951421505853
-0.103844459980088	0.172266524894786
-0.23224503045977	0.287625740173912
-0.210838373403823	0.249921398227307
-0.146270360700723	0.138746586386782
-0.501353694123979	0.710921692244479
-0.219221787298365	0.485241289355064
-0.0999632054490087	0.119223137775889
-0.222712463136823	0.291808190168555
0.46844313815338	0.740061812662849
0.499794788696444	0.966741425203731
0.0297118293711426	0.0331311405861182
0.243902028213167	0.334266130863696
-0.251953718009489	0.329680242892484
-0.0297367077318276	0.0338602951478668
0.260631930851895	0.438878169040681
-0.474243175766343	1.27079759338696
-0.0196362093436915	0.0276480065370469
-0.180200040680535	0.283830463577026
-0.415973520749666	0.801811270229852
-0.0560562759703591	0.0545833798550975
-0.136295664083864	0.197800916968527
-0.106228708485088	0.13768354724312
-0.319383502187458	0.521044725723772
-0.20500270505102	0.310456109569598
-0.183981970092473	0.263232056934055
-0.175275666381421	0.294572913710454
-0.471904711164179	0.663913536489367
0.588233723489844	1.06714744300416
0.354520124759355	0.522300981852721
0.203650062878904	0.227963072436804
0.393381742623441	0.500379538516219
0.204798060085942	0.211551031308665
0.463414806546672	0.776635288264182
0.118931294646987	0.151746406171133
-0.132296973044462	0.158113726429838
-0.190922455158849	0.257665675046214
-0.353864444935557	0.755676805371805
-0.371175346916354	0.722983650284948
-0.0428073516700488	0.0619827096206677
0.0584814711863833	0.0652530975488371
-0.509375378211317	0.798452902354112
0.322219184468497	0.493517409704537
-0.210526508680293	0.240443396812841
0.279732733801646	0.333561095222326
0.452125077199571	0.663231432343387
0.594715825372246	1.35227950004468
-0.0058614814484905	0.00609476303202647
-0.163482070169795	0.248141952285607
-0.317757956586249	0.469780568070206
-0.225869388017069	0.265204811619923
-0.540603273712446	0.780143718223935
-0.105570895511098	0.124691197351118
0.803095518655563	1.4271700935541
-0.00970703718250376	0.00937794293786236
0.204514046035116	0.241508167566123
-0.35064111608925	0.444657963326225
0.0534873048675202	0.0552568660970148
0.13699185645727	0.180923280512735
-0.0352567749505713	0.0382887420138699
0.179059711365574	0.227979859859755
-0.106741313344416	0.12355743146297
0.363074571866086	0.594729906115087
0.303287676258951	0.488562316199769
0.324470854422972	0.522015065435173
-0.0869218269902426	0.114436953710226
0.0994980606557371	0.138555990767444
0.0753126603919545	0.0999429123989244
-0.156224580990323	0.209599083858248
-0.409801309321281	0.687590610981094
0.446951564744523	0.895028789007466
-0.29548326918832	0.454568689243717
-0.248857452901198	0.302059159618783
0.0788929564305156	0.0981539722149969
0.158137708762693	0.218351468242086
0.186930089377273	0.298073758148862
0.62147007431072	1.24692897564305
0.028226525256875	0.0368806729599443
-0.465544898356235	0.851800971209388
-0.123725741935614	0.163900254575432
0.524536400900575	1.16233854443211
-0.102989067437867	0.141829954184969
0.307927626910317	0.595608950366491
-0.261656743444987	0.449166215911662
0.475849997811847	1.12973268232512
0.0396651867344916	0.0537260120184205
-0.450681451569285	1.03771926090272
-0.0979610338486642	0.147890854625936
-0.118837976688585	0.177508562190028
-0.165848517059544	0.260713563389987
0.794171187501828	2.14199563031429
0.0105364878947141	0.0130786746366995
0.0419379713646463	0.054569458254894
-0.149220138918135	0.234188473001686
-0.167669231593011	0.27637416844664
-0.0772917538644329	0.117297504388413
-0.283082413934329	0.578253376554204
-0.128478591153093	0.231928234437217
-0.319343511598529	0.714678890372241
-0.311765359631531	0.582157574925602
-0.105515417727822	0.15638296766897
0.112448902176132	0.173290390133511
-0.00835449999425217	0.0110399112487456
0.0803309425114996	0.113973011537939
0.121081574576469	0.181895689288683
-0.102575131269183	0.14105747387814
0.586658360276411	1.33394800426992
-0.0922967127565544	0.143698205064162
-0.108111615336435	0.175674813377547
-0.220842080687163	0.403971685534939
-0.111594740791458	0.194237784302825
0.110680595632662	0.193747116550282
-0.0151910689464722	0.0229033300948155
-0.242304685491801	0.512944766790194
-0.333995894199652	0.717530733284086
0.14309062933104	0.229016950366828
0.100544772234697	0.157817834242407
0.00967641008878121	0.0131354567705485
0.0773111855285935	0.112649931703631
-0.0743979590345181	0.111981026933594
-0.0929253201644723	0.162274900144181
0.108272230538855	0.183724703764438
-0.13472518269926	0.24237797068627
0.17584680822365	0.347179828799548
-0.235957387480182	0.542553861186068
-0.222014687715265	0.42166016762591
0.369393280491616	0.836790534367808
0.334160526778088	0.715883784021178
-0.0931267939188	0.127804899832004
0.256074579290083	0.462854288885316
0.0145180915075233	0.0197472772841557
0.237527030558291	0.472197443042978
-0.575209772046941	1.54384612814727
-0.108692788970767	0.184852893924874
-0.112685916408055	0.209002408983432
-0.454669790080015	0.730590860882048
0.159772706154755	0.215603539543043
-0.0715809253746553	0.0826139501877434
-0.485405263541707	0.987863930609788
-0.178077003883008	0.229792805305234
-0.124172924007898	0.145447217523831
0.00710412884510347	0.00639704281257855
-0.242815243181208	0.374607304499037
0.486246861601933	0.90950290385494
0.810434806702477	1.99102751702034
0.0191493942715479	0.0229855011684026
-0.551900485824588	1.26875410042705
-0.0727821278303918	0.0398506728573499
-0.301516308286375	0.237236082590247
-0.197426287177595	0.177390115141037
-0.774108869688932	0.612958187213654
-0.187027250102642	0.13658058923899
-0.369302410759249	0.514745009362393
0.0609910299661295	0.0622584229923206
-0.28078686035677	0.326969803681724
-0.0281870374930235	0.0262608304308997
-0.148263448339953	0.158670087055146
0.0985434310926738	0.0995474817182431
0.10905043875817	0.107081218842759
-1.61397082204231	2.70733499538167
-0.0886556339768304	0.110251232307686
-0.798537246557282	1.54317298343911
