x	y
0.666154646079859	0.856117085964072
0.700772147602204	0.800901837297517
0.342695791995764	0.590911564152524
0.0582757720712062	0.0602529785432065
0.506412411226747	0.602762524171426
0.455906614317677	0.43491024920533
0.19238423979869	0.200005402341453
0.219177368065161	0.336241522845577
0.475564808393935	0.807385897005222
0.491699021519969	0.525313275888001
0.20463903744801	0.160094360266122
0.101446150433013	0.133524427046149
0.336199358380368	0.337701658334732
0.192486584219887	0.161796262534341
0.00633651890508561	0.00683464500604219
0.738881186709171	0.987928058262241
0.419345727321061	0.424645993314422
0.0915211832464037	0.140571103912584
-0.124023368506799	0.178024043550874
-0.167213036415929	0.246519746768656
-0.072909798220648	0.0660409650745094
0.676496586507554	0.819908871657398
0.0498401711781318	0.0736045665045851
0.287906897394437	0.543999930888705
-0.115738980308573	0.188324919190938
0.304786619469128	0.515961015461702
0.45778222488971	0.524936792903046
0.146846980728974	0.264067268867969
0.263733277190782	0.513989130870415
-0.0595408962705964	0.0914841259062712
0.188102707438274	0.321901787440549
0.0949115208158644	0.158042431357288
0.0435097863026735	0.067494561508427
0.250652308429147	0.444878861633369
0.449199911156996	0.598535715989021
0.234980484818547	0.487219230516207
0.0670203702105916	0.106028111164152
0.245108686573368	0.471709471913828
0.3339528920687	0.772456442735508
0.0631942462146894	0.0754064216934587
0.03871157872023	0.0491847130209094
0.261054823665997	0.399349446420292
0.0608601932065739	0.0752387271030524
-0.11334122542676	0.147550718726496
0.0665172699364	0.0924613453549508
-0.110910706619139	0.17520617623407
0.0755483961601116	0.0885222689897286
0.102295171404232	0.0975216694174197
-0.249431713590324	0.453682655851971
0.202046658967425	0.372522003115957
0.487320177192595	1.07231083803737
0.0932829465049478	0.0890919574363964
-0.0236116067715264	0.0273642806786613
0.289426573429973	0.447031234579078
-0.0696505908115051	0.0871115284515707
0.172346900916875	0.244511729175882
-0.305065468394939	0.467048786238922
-0.0379941490817196	0.0478567590304206
-0.297054562834115	0.600623323758811
0.125955906809989	0.200702891450194
-0.0111950480297175	0.0131493879499172
-0.277599620429138	0.342251214618138
0.161708044239196	0.27007737351642
-0.0650422266152057	0.120517491915715
0.149408887758598	0.193006502800364
0.210551822155299	0.189326938011823
0.0845383875593704	0.0857365184937342
0.619544107675153	1.0222804834335
0.0571125174786183	0.0614722413233973
0.173348053789996	0.30695066447712
-0.156655042719832	0.266826648141019
0.41729134674939	0.658457948043523
0.201165118187978	0.207147947457924
0.455678205375498	0.447303662283396
0.190131965353776	0.272710583098016
0.156615476117033	0.210130737446867
-0.201878601856336	0.311320934804371
0.205031358385134	0.353324610665815
0.00103660765528594	0.000883686834303948
-0.114680434580565	0.14349248073416
0.127332395362412	0.142044699515089
0.119992367650907	0.141984877894661
-0.125375085892004	0.135909080563925
0.166490820930169	0.21403521850076
-0.425564849384339	0.65825011837932
-0.453858191414109	0.768320792354493
0.145656554141337	0.202575218849154
0.242196872390526	0.337114840236119
-0.0973302270827607	0.12062148286204
0.621395632523846	0.827383656120964
0.0314349548440467	0.0469862035939865
-0.0155850025127958	0.0205622580456583
0.266446906295834	0.577654709097325
-0.00533622836128348	0.00730468633415928
0.161806864541528	0.187735159390255
-0.00742131499950746	0.00741422108144171
-0.010997662927799	0.0111867154095539
0.464471269094361	0.901909104917518
0.387399126492447	0.604593386844932
0.552350978113507	0.979937994884813
0.268819612201818	0.367783591710078
0.058790583922496	0.0720193600753543
0.0531325744836292	0.0684675328410705
0.418553435919296	0.715811534011313
-0.0368351422671011	0.0396983889591936
0.613265839899565	0.943545160871674
0.265844576773225	0.685056333839699
-0.241926211219448	0.359603028122077
0.546824639022381	1.04908750929408
-0.286918555249262	0.609217162594557
-0.262037841124204	0.547792042571173
0.176194193030011	0.26864704898586
0.0213809965528466	0.0207751824162863
0.130622085760735	0.244751412312968
0.00673863983790056	0.00922095660922277
-0.0817409137431367	0.0664088466703093
0.35123892516053	0.330402458566855
0.605294269331206	0.900247682229575
0.621567388911542	0.912221875676104
-0.518828432534463	0.665266119285785
0.0153514753985528	0.0180352646060571
0.402815744506096	0.891297675250582
0.300229559852018	0.349936661736424
0.299316412658343	0.251151700230759
0.4363009858947	0.723950557887277
-0.0298261572639664	0.0334880006053513
0.0657390911431518	0.0926687427324366
-0.452571834457373	1.11635043452864
0.282561576598826	0.482584579951648
1.49655072032107	1.42913993517476
0.263501308248008	0.288932305917134
0.420458035488844	0.939203965404604
0.000335985539916068	0.000463377469637746
0.0481197352253432	0.0641446922676886
0.928195276804	1.22126442204731
-0.387064565330153	0.322793829141407
-0.0550918431661881	0.0460290256342635
-0.206035383793413	0.260348556108094
-0.217162431597842	0.320797972019513
0.0538981061816769	0.048073199383833
-1.03484401070631	1.10739496072312
0.158559100883082	0.339326263348564
-0.500137306501232	0.608755732285066
0.20511260498546	0.197200195976812
-0.0717719257982996	0.0878506935049354
0.111117476277166	0.152074278447757
0.396794009493255	0.574620919742201
-0.490553907602647	0.288073631417937
0.0654590005548988	0.0297033431727213
0.21316372224691	0.155679694385544
0.0145650480621879	0.0189882754847593
0.235869927574999	0.50614777843673
0.573008236824134	1.0284519629369
0.770889665776884	0.535768691647365
0.357642046314666	0.243960896574741
1.18847590107885	0.648476010495438
-0.97264312180539	0.905936748032978
0.153116939947774	0.153619762474215
0.553732327304991	0.992920860504868
0.0591706454765491	0.0288609399370745
-0.481196530439831	0.213755792718274
0.148442905005939	0.287576060567922
0.486986626321021	1.12865729693442
0.297198588703451	0.666876487356539
0.331022236374212	0.234552155197662
-1.59686086932606	1.62477123222739
0.300041790992515	0.34688609976729
-0.265822722922535	0.344277445225956
0.0582361260589798	0.0683880022780362
0.0737438035660197	0.0239472389078835
0.0675119676412619	0.0226367788598995
0.977249131808759	0.474287984247415
1.81131567033595	1.42829965873575
0.0832980210685033	0.10851779738264
0.322289376083459	0.700252000600022
0.0542943005313228	0.0576286080465848
1.48653959819663	0.731467854949781
2.03870213518819	1.3549734583557
0.12013109673159	0.0856348852898257
0.173509197245597	0.220683795406757
-1.2493778017126	1.0788058551547
0.0782322272528534	0.0232612020511044
0.106741354311047	0.236844420603172
-0.0298074275671297	0.046824838183858
0.286884123301983	0.518879615283561
0.0643689549082681	0.108656900371433
0.210448088363755	0.144040680518434
0.638564211068581	1.0073672955258
0.0753880325603519	0.096992446164413
0.806527598995779	1.60147564798331
0.972520721348482	0.449913091032116
-0.300596991802432	0.101515964990096
0.31224106097321	0.139321413343348
-0.795086232845343	0.278564959869584
0.974712737502115	0.342868707804237
1.00067172788686	0.605170876230918
-0.684658790558651	0.322377474170768
-0.35847013397639	0.712980249115472
0.465521478395947	1.21121830251806
0.324760759235519	0.427247021508241
0.518609071790072	0.349965395978946
0.609009891239972	0.660410355178658
0.36417346010727	0.512914086850363
0.0727492271483721	0.0295804500207954
3.60831963834254	1.39870057661956
-0.158013211222506	0.347112589847382
-0.304415065852413	0.901444461904842
0.167062881922205	0.297120078910583
0.137701927667864	0.240565960278992
0.234273724500828	0.642528198955617
0.433825281719323	0.833935283195794
-0.147877042159224	0.220951014013659
-0.0837689730876532	0.108522750906163
0.251538257346751	0.133108330149832
-0.272806007940383	0.142976631349711
0.963684774137595	0.918307888199179
-0.300579125123939	0.18959037965639
0.380201493937892	0.243644692703116
-0.0965841940831462	0.0502114562629656
0.209934312128289	0.154909919378563
0.0294607413240005	0.0380395232557359
0.31744843299292	0.725979566022374
0.387781468687261	0.722878502576108
0.237262663008978	0.132123006027704
0.344700183753574	0.241304537933822
0.235474405867043	0.247304665238004
-0.0659570253119856	0.0816990702312078
0.538005226637686	0.472511993211038
0.351176282958249	0.231840589781711
-0.0981388521419767	0.154621891026729
-0.205959335776396	0.51524265026808
0.106851545974599	0.166913532818221
-0.119923625570713	0.204343738245784
0.166607531552118	0.267634255844608
0.242220663584079	0.422283470194861
0.0862839032994846	0.136984721247944
-0.0646622595794227	0.100162859487806
-0.0788910374364355	0.11351143676119
0.692654941637994	0.981311168561171
-0.155565811759666	0.156382954820173
0.369779026091531	0.590667941054546
0.706972087352496	1.23568393933848
0.0797315898388597	0.0839887368710699
0.0455960812307998	0.0421379905579168
-0.201757410947051	0.235148764622379
0.186592172348645	0.258487077919411
0.291689828224625	0.465667868710172
-0.181709018795113	0.227941388474332
0.222985494921979	0.301640121161958
0.115842427381479	0.136853814782033
0.188065601608585	0.221773063250931
0.0702299620734988	0.0672166711905719
0.368202989519128	0.6005331144646
0.374914268306873	0.637914563068823
-0.0647832340533204	0.073657536726909
0.294646803869825	0.370502983683101
-0.352641849541934	0.324318651883535
0.00852367788981139	0.0118889801674571
-0.223876974230251	0.531799510905156
-0.236684430324662	0.437459623162704
-0.130584362957855	0.226735905223822
0.234247183647583	0.439233635131134
0.164768307996391	0.25493933849795
0.07038214426114	0.0944767688666435
0.316132680866673	0.484195034324722
0.208717815234052	0.178424293799911
0.315249702684881	0.322351988202761
0.155868706018354	0.155764313593941
0.390259430950306	0.507336086807117
-0.314547806699817	0.306091774843936
0.150916074402885	0.14831532250524
-0.383106443739799	0.474603192291325
-0.125956274090818	0.158686063782747
0.28886718159958	0.466693054284561
0.269150866663003	0.406868692564599
0.352413205246549	0.521892942468266
0.0580438222018618	0.0540545613430241
-0.212287658482001	0.17374560737094
-0.564004613620829	0.718101984454652
0.404110831758071	0.593858271675217
-0.107528950038052	0.143518857159129
0.136140446559897	0.161330861471423
0.000442807900013728	0.000309093269354556
0.358042120951333	0.346397820350379
-0.0383800955635056	0.0698829949078264
0.0220483109655576	0.0373565190453305
0.0416230763961246	0.0660050539072641
0.202067233043091	0.436605413453818
0.321040912594575	0.755052922576505
0.201002429975583	0.197387437114338
0.143891836634664	0.237663129774751
-0.00191716880218956	0.00224372444077523
0.460510056772641	1.10370259599455
0.221502989070859	0.340212669326472
-0.541397918581847	0.855325448111183
0.429427119195799	0.338703533668552
1.49862271856643	2.21496777541421
0.712379966709478	0.712506650625001
0.470179187193831	0.51374198563251
0.490264102932114	0.523537608670552
0.0980154407804313	0.0627007367502085
0.132953133726334	0.111509383935558
0.307348945148867	0.336755359763501
-0.00345656087569737	0.00259645432203802
-0.549232376855409	0.559183821659143
0.913437956575272	1.10366079131246
0.401953757984646	0.424910588792809
0.719853421216325	1.30088069838628
0.320226046399656	0.579764470263302
0.116966193789649	0.0921591043293676
0.228006509664277	0.150098822553936
-0.0511104112773083	0.121909437840434
0.106572605977396	0.277703189970745
0.0435943070299696	0.0852228004444513
-0.0445347039547829	0.0935761704874722
0.274519520718341	0.72295340782928
0.0899150728889388	0.186886573434352
1.16933517184818	2.08232472552855
-0.454249230539553	0.39497622832093
0.206733812165658	0.403113787760348
0.364370231681308	0.795497002579977
0.502068623820603	1.62302306186237
0.719936443923117	0.8952358174654
0.50459515335896	0.523685893802
0.227681251496789	0.368684700635385
0.199849015169956	0.318834789528774
0.568433397371953	1.3388038500479
-0.335182439927553	0.174502224315209
0.869389726912995	0.795270161063639
0.333792469288245	0.240225002879317
0.459331269964635	0.252092593854704
-1.24631692744171	1.03385220829223
0.480144174076633	0.353192610419519
0.720869139233058	0.808501966471658
0.335583179673396	0.734288922568042
0.427156338533627	0.890961373979324
0.759833544291112	0.641455029443201
0.692617218899745	0.703590763103971
0.603113889100452	0.728413700706061
0.306442797883884	0.254369887120911
1.03650250385491	0.862639567826103
0.457458270368303	0.34642796220228
0.208184604387456	0.157099291579208
0.697162876463139	1.19516171439131
-0.0405711483041002	0.0528433077363733
0.205346754453078	0.155084643993581
0.48998625130997	0.341097258889324
-0.369188099692928	4.84623248746137
0.436912854627107	4.26595809929709
0.071448882865102	0.163145693774212
-0.0097962061186706	0.0210890192293623
-0.471682432812818	1.96309985515506
-0.190071421379567	0.480672253543303
-0.248790320144722	0.781976056228837
0.19860577801236	0.501067183242983
0.102006897877692	0.220255235977217
0.471648239411654	0.516469576190739
-0.161473698567008	0.128488186995184
0.291934258992209	0.654492987979971
0.0296260902192841	0.0436770251530993
0.0694601987526102	0.109538979055383
0.232909027175243	0.587920472950609
0.738176735857798	1.02233446167534
0.373993194384327	0.396366961631281
0.121298596247497	0.159677531651433
-0.0389278166485696	0.0550809343538943
-0.0640177254784483	0.0860843763343469
-0.114645974786243	0.0564478464869976
0.647305966605745	0.685805379754823
0.208632420272276	0.141670244614982
-0.410141182349083	0.45896085710046
-0.000421057536985996	0.000221308057369292
0.08478455181157	0.0489387585915159
0.25421655871071	0.237276589242303
0.125068800487139	0.0962503925672026
-0.625547161400029	0.680375783053167
0.632775227767013	0.600134776186461
-0.338500934364924	0.289471561874138
0.393635358273403	0.42868071186325
0.397052211217771	0.588150850432075
0.544639579684795	1.30906330002719
0.0396031124705201	0.028093978197744
-0.69196737892659	0.555894861998282
0.0174805071453757	0.0873174661152035
-0.112370036035291	0.753567990075607
-0.248292717288193	0.747735156867002
-0.385363523627856	1.27561399990666
-0.210205638144411	0.685918219566012
-0.466227201883768	2.18940440477871
-0.186949326044975	0.603935541761192
-0.0468033469206095	0.0942198666494354
-0.147420625398289	0.416719870633172
-0.0366304447135815	0.0766116487563844
0.0607031737351728	0.136652200094456
0.356382725875269	0.79854984267735
-0.0232426916316087	0.0354383498436288
-0.0239449129962855	0.033227317250286
-0.165719324322514	0.27619077588236
0.0331036334596465	0.0553169166245378
0.061466522767906	0.0877670932049429
0.0949893037052994	0.161963026460409
-0.143778594698176	0.320817585999832
-0.171015758527034	0.186196849733112
0.371701784891283	0.390182276779965
-0.19091708070448	0.319228223365783
0.384896725281724	0.985738372431465
-0.295687187965381	0.559010999347658
-1.50770420002001	1.73641459277037
0.722995091803456	0.717920317595097
0.311855463867685	0.239218921787889
0.0984184988479693	0.0654912617408535
0.880539340884807	1.00968778350381
1.27560345382325	1.95923355868202
0.374402685870827	0.417211491842262
0.726409880076307	0.726956263253294
0.0717648743345072	0.0580056141962728
-0.174255720159783	0.14327131142788
0.712907972482095	0.625926661935536
0.128659205466839	0.105063127007141
0.477958511637743	0.538846968898131
0.256450142897854	0.395956295080472
0.430576688910078	1.16293177783731
0.246374814941115	0.263542922297056
0.511779091412648	0.463645944795375
0.0607285595576465	0.36268408607698
0.284222235000743	2.38838765748685
0.130282405554994	0.601259589634237
-0.234822289364409	1.20818366935933
-0.28159039416107	1.38605190442588
-0.503658403428116	2.8185488820888
-0.63687862738759	2.74393359569016
-0.342429841083859	0.916192771136038
-0.39796581252768	1.61322544128128
-0.431902953174744	1.81357628250959
0.223212911708476	0.641840956546894
-0.394299620332453	1.37499024481958
0.142132315862577	0.298239318050097
-0.239656729535367	0.718629449966645
-0.462219673960478	1.53466498308312
-0.275956909655838	0.875511413018554
-0.36466654265953	0.659003949947622
-0.518138268748919	0.908641689621629
0.12837868269692	0.148276109668845
-0.194986392759217	0.23033914937924
-0.444302711849457	0.611348336539277
-0.207366646916959	0.339377823755856
-0.317092170964622	0.58135972390832
-0.30817998824914	0.376700073019376
0.125025196130651	0.169788030809846
0.200492654533178	0.30065136690893
0.278055964894519	0.402472689236921
0.03168389810955	0.0361680674422098
-0.0741811000255506	0.087929551626363
-0.59210656284577	1.27037823849886
-0.681380989785031	1.23199813227839
-0.353401418366537	0.787166940742238
-0.113927793019803	0.23713854619747
-0.126328434589562	0.166663003426382
-0.304677537444611	0.516299758611258
0.0288066940608426	0.0415758712069966
-0.166169085649765	0.358511058049357
-0.351037856670344	0.747231828467629
-0.499391305149049	0.5471255561765
-0.217991711345078	0.276516632612121
-0.372412101892894	0.552668599702692
0.135396575638818	0.154201498392627
-0.123208263008529	0.12757992149424
-0.0338373676614609	0.0311186664609827
0.101397087838962	0.135517204459211
0.18305134413524	0.206738653589288
-0.704580008673124	1.32550787627648
0.464622190891056	0.803163599453353
0.0916518430514469	0.0873305544500211
-0.268982055675912	0.32349272612954
0.132472374909551	0.164315144649928
0.280987067611369	0.580458371251226
0.194141903163775	0.372117362921294
-0.0999307152110738	0.137846794758016
0.234989347844875	0.267376502169465
0.0768859988096859	0.463880153886484
0.0195590349385296	0.0818928332915044
-0.0840722464570868	0.385273231066109
-0.283641895665295	1.93672518511476
-0.403249254148868	3.24927137698215
-0.44949051851404	1.81807030325774
-0.340312752360698	1.20376160714532
-0.277968671186363	0.972461435246942
-0.200879566156537	0.52636666759595
-0.0621420255723638	0.0741869638760519
0.111722156013912	0.0765593649233406
0.200823215272602	0.203551581182774
0.00670396829369591	0.00705578886603719
-0.220030891366121	0.180203426620401
-0.706019786082982	1.1884407243174
-0.00273686175517003	0.00392377504298573
-0.0995638831419458	0.156386394833298
-0.0100201278721456	0.0141603857919978
-0.448185051612916	1.06890426359927
-0.0744957882921698	0.116285006923975
-0.305707894062797	0.647943631326226
-0.171537713763063	0.324840096173194
-0.200254824195209	0.384047748783964
0.0937896575544414	0.160353370966568
-0.308309615941403	0.620661805525365
0.68430001868919	0.843808085743262
0.608206210855668	0.2685523758709
-0.860017119322988	0.383245763440631
-0.230659184505107	0.0885083408720353
-1.57637252340686	0.855336885706142
0.968533865442561	0.36612528175925
-0.31443176467414	0.259843031617836
0.129906471384426	0.179599652407919
-0.238229832391174	0.253355329941049
-0.300358521584076	0.585614198539442
-0.419034267613997	0.934643227781597
-0.00004155867734797	0.0000945475004631695
0.374953973066433	0.631876340476518
-0.277464092969194	0.335855154368371
-0.187698227232435	0.25423190646952
-0.441115794343545	0.997043447883299
-0.0000322353381024773	0.0000118496527163099
-0.187467564973221	0.330547399800291
-0.646606533071578	1.89607645419438
-0.603992876172478	1.60106301952493
0.117760082846504	0.178996708376423
0.100504370235604	0.115060776703537
0.205588016810217	0.21653490495383
0.102583982437742	0.114327919951849
-0.0999355122262224	0.152520586776113
-0.101356557409649	0.139246186196984
-0.058750004692799	0.0802304611330993
0.18068804885151	0.285498771906942
0.324808553996141	0.655953400188781
-0.156327928320037	0.269944339375643
-0.192869748515142	0.310813842067776
0.138530200445678	0.168925108564871
-0.130770365843366	0.187228879556453
-0.331508751291876	0.5460812959779
0.00519371386849114	0.0232520288936069
-0.097247016599418	0.558544375292169
-0.340872352768636	2.9905687440748
-0.145615508074556	0.764415609887382
-0.294684358500295	1.94476557228063
-0.512375230017882	4.47979598976022
-0.442716731068141	3.06022820911429
-0.487600315161084	1.10522278289211
-0.18151433246907	0.463276371073414
-0.156819246751049	0.460646696308653
-0.00281080266670277	0.00607233946763659
-0.103470742283729	0.226072456246353
-1.35008211479079	1.26395136415237
-0.0882787261860141	0.0709287536885554
-0.0341545778729086	0.031857822050177
-0.45554757692321	0.600394272459466
-0.00236250270793096	0.00346441912188797
-0.0186157239072476	0.0291059077171617
-0.0961115608383183	0.163700263527315
-0.0899016065760121	0.172188218041482
-0.38609574653022	1.02479680562439
0.902390209239341	0.913941795797561
0.450063778263532	0.435004369367283
1.19730166670096	0.648222866344743
0.136365592898716	0.0275626354515824
1.49054980784151	0.76115133671035
0.440356694300325	0.159185418917069
0.363574509120042	0.145720495447757
0.0764283683243878	0.0662682323730451
0.1236272465585	0.180198558376348
-0.146152568316379	0.149474987498541
0.129038384839636	0.204816830336407
-0.373465991361869	0.837686139899027
-0.294509490320441	0.478329605821226
0.289555838601894	0.443282011382488
-0.0436192436702828	0.0356889533502395
-0.346444034260038	0.600371187727484
-0.0430450596663074	0.0666859818622264
0.15431741569995	0.270891219006345
0.0888837849334958	0.147149639847206
-0.222279153105178	0.43973123736518
-0.202947302218523	0.397578181160681
0.252922058745402	0.431646853076076
0.194695909210467	0.210152606813624
0.331353153891783	0.433869070346973
0.0645785014692505	0.0996918644338411
0.214686824197986	0.398944169234523
0.0173689306841868	0.0230424203925832
-0.346785114712671	0.752950722510872
0.0211627547152222	0.0302853397333415
0.0127294991608994	0.0146826096763513
0.0924296182849303	0.108345048730838
-0.113110435876634	0.181013375162897
-0.120126723577333	0.151184966718606
0.0162546160543505	0.0767002313110177
-0.0375777492329354	0.17137531408435
-0.244870366222415	1.77130331325259
-0.228074855786249	1.43336370038061
-0.463050291464418	4.02113956990861
-0.345352204044262	2.22531970206287
-0.385756395714753	2.59781876750606
-0.50081204278099	2.78938492443041
-0.286200015194457	0.523847640029671
-0.481871410058584	1.89650579737734
-0.0248669923714242	0.0544310847000985
0.253467761043353	0.919495761346309
0.197991562869473	0.522191159884587
0.17840246428635	0.228108505889847
-0.427911683484805	1.20220593185557
0.0681344705824381	0.112117126864802
0.0121020142863159	0.0181700185584971
0.0536376930484737	0.0878591736328943
-0.141233915855951	0.27252181788454
-0.0570660659468918	0.100627812584888
0.319849136302008	0.652729812967667
0.284279439937043	0.401576634247908
0.206186848872722	0.138317385116575
0.508226092914785	0.449553257311219
0.311427451706879	0.12913152542322
0.981916144613256	0.459197682086713
-1.17503393038372	0.791278221649884
0.44296472407203	0.157085368414133
0.0660303995646527	0.0241635786378821
2.27773907594925	1.13038817326981
-0.599823179165184	0.602803665484618
-0.0953217849335073	0.122586511746427
0.461681093155626	0.521304117823812
0.116054386785328	0.207132087643714
-0.851577841654436	2.85367062931836
-0.0638206803717737	0.0762118462137534
-0.548482572281249	0.99304985285892
-0.96288766661154	1.54778460352017
-0.452803852787848	0.791996232222035
-0.1974195139753	0.385742676719045
-0.0960473252806436	0.157020501685133
0.0656359599520013	0.10425218313476
-0.151249561164046	0.270731200595295
-0.0779211137501583	0.130061704447909
-0.385607077881489	0.818197835444193
0.324536660643191	0.462218442854778
0.356103679443029	0.42049992146216
-0.0570632887864398	0.0917931050656167
-0.43692188491764	1.00474609048072
0.145936165717607	0.255881744837306
-0.0719692152859712	0.103261305796918
-0.478819078179335	1.26478145762386
-0.14406817471531	0.245544132616226
0.131696795855193	0.198441554308635
0.199021183685657	0.255258943254424
0.126020313087673	0.217828657890361
0.227558999752798	0.345594296580137
0.0132793613726093	0.062305445241661
-0.158335844732084	1.11071598289144
-0.18388487186525	1.12793571174154
-0.237035508300131	1.53364510686215
-0.327336432877086	2.17862596895232
-0.257637344534067	1.37929247430128
-0.677790512889406	4.50985040234736
-0.141017998109296	0.238455747219132
-0.0368959010176952	0.0792703244100915
0.0849406629783562	0.215414310123926
0.0210879608005465	0.0474839894719352
0.234831300135959	0.665239550771483
0.304929679294206	0.494852159842028
-0.660288014379856	0.636405922686552
-0.477031488451256	0.872971527095453
0.0854169807784549	0.156247919492997
0.472232107035748	0.358707076063927
-0.185760192617321	0.0779312984307236
1.76078442243247	0.694609309137267
0.36814799991155	0.143752629352006
-1.57946564112749	0.840225418954705
-0.506028083155722	0.56002947104878
-0.131469757582655	0.192079822115811
0.702394336854597	0.885849186415642
-0.14256564455826	0.251657477194054
0.19093982178081	0.367310033034619
0.222128272885041	0.330171085450459
-0.177834235710121	0.192908160525855
-0.874832773134961	1.58752680622462
0.0261387791502589	0.0288689584876003
0.51435612016765	1.55655730663385
-0.285674263580576	0.584465535149371
-0.00176936758080999	0.00242037317554775
-0.192032174819699	0.365640350895042
-0.134147548973257	0.234872194003865
-0.354933160344663	0.687047340150736
0.516593512439506	0.843601827506697
-0.229717447416829	0.439882701883552
0.404776334236161	0.92583675269605
0.0411330894122541	0.062098039011899
0.0292542674463051	0.0428060996159246
-0.056432239706841	0.086876110749777
0.10020999467229	0.160186342995929
-0.692982672615257	1.62134065703143
-0.678735754571709	1.46671366986969
-0.155837503703576	0.242710373344277
-0.307018626661356	0.498531580356763
0.0000323131986214565	0.000145139369985542
-0.200555024183452	1.54031857452371
-0.145040962136227	0.819119565303074
-0.220728568385363	1.32178747613468
-0.281470556485654	1.85329980611916
-0.411859654261705	2.47231477239617
0.0355644098469032	0.050606653236807
-0.119264617881026	0.30532903241188
0.134560291273688	0.431988383331734
0.124031312165964	0.32816332208889
-0.236457267884236	0.135571604513614
0.59675885459218	0.266747989429769
0.919878890758331	0.238027791949177
-0.485935171970703	0.517208164202891
-0.243027842560489	0.419552968392498
0.0373356754409231	0.0356653734526038
0.0735369089699409	0.120042354426158
0.235205170057902	0.519790963348934
0.247015948584231	0.431087416240164
-0.102233994279835	0.12161552087775
-0.210413162775435	0.220632279294816
-0.0782211446672498	0.11065639161634
-0.168758924450005	0.336851604346309
-0.255884509727304	0.593220180497576
0.00157465224867029	0.00259522907509782
-0.495349210171745	1.4879134537812
0.0803632896358813	0.142205907221879
0.0711668181666166	0.111419083033201
0.356008119156932	0.494576574042471
0.0570501461043398	0.0704636786163919
-0.0353610168080856	0.0487563504935407
-0.0434959516377175	0.0687869043979667
0.120708042645201	0.206366377554649
0.20649621360676	0.433630640469383
0.0609818956499955	0.0972698214582305
-0.134353818016061	0.244370100758916
0.0667101857398212	0.103512283566449
0.066037297481911	0.0835246687729632
-0.0509322789351687	0.060363802722486
0.203243707589098	0.370762623930303
-0.00714887098730785	0.00850802289125163
-0.0262448589224352	0.127848201475786
-0.112694217558826	0.674945107126975
-0.142476766962058	0.737403721647255
-0.281394628615491	1.91129178077899
-0.420195648199261	2.6227962028683
-0.0430461344734919	0.0652009325391948
0.0633823636965919	0.171339629410328
0.0793092589706862	0.023302316802261
0.814342136965321	0.430975463849959
0.968533865442561	0.36612528175925
0.25125846780125	0.250462324778116
0.197660435149743	0.310356710388936
0.186235526132105	0.198405301192289
0.0868055495186037	0.143918095264807
-0.0805296758471729	0.13193548917176
-0.810202426049873	2.09713331859558
-0.192400764701926	0.270265940969738
0.346045495811395	0.397775589190028
0.256444813285548	0.458268888083884
-0.147742966452057	0.282494976666098
0.425736927222771	1.1831405045906
0.0789510963904962	0.133747864256991
0.221671989719169	0.472224820295575
-0.0757611996706376	0.130809026998437
-0.269572776002524	0.548036930945484
-0.262541014593626	0.354019649015278
0.655990566720316	0.850564465374515
-0.36049708140995	0.564838703347111
-0.418967278542358	0.982044914315058
-0.153678246572937	0.264318540437028
0.255114041608906	0.512929536380604
-0.188430400210622	0.370100165270959
0.422178994199127	1.00442000210114
-0.113852750817598	0.190124850161227
-0.0435943205880955	0.0654349009734392
0.165168946678576	0.279871076237521
0.016294450067812	0.0150377674543327
-0.103255373995234	0.142576548549965
-0.232259480448612	0.305964433121296
0.0129467819975639	0.0613288405133699
-0.030742523091087	0.135626201647502
-0.139286428827902	0.777709646193348
-0.378667038631877	2.52816122374212
-0.234520481800798	0.472379045901227
-0.0920203128397872	0.161862773980993
-0.28486340021692	0.731220692554771
0.0567804518019103	0.021043018304851
-0.299943484909118	0.10402142414042
-0.387346910520791	0.177671821719739
0.906983740828699	0.246420429514861
-0.320529318197701	0.342931508394519
-0.0483388176773558	0.061829184469475
-0.0982472528781823	0.0854141820543543
-0.482942518755948	1.27773796164236
-0.589322203836318	1.59966183357056
-0.288839494850493	0.487886562762554
0.0985181370761598	0.117763388100754
-0.365652963522195	0.415008115258758
0.383191125433929	0.677252166912085
0.0747921656699274	0.128659294511912
-0.0323543135238973	0.0511100420890107
0.0708002826511682	0.126528039122939
-0.301483026271901	0.769827219266898
-0.225359962453901	0.498775223100306
-0.348475860921653	0.72874670098535
0.117665452291273	0.138004423840597
0.412745419181042	0.571563943709012
0.0539937020524581	0.0681742051261598
0.145094321771856	0.252087191867587
0.3106138221332	0.721367586902891
0.219050526257141	0.443594163709291
0.0688991692142008	0.113585836346076
-0.00245478942265018	0.0034069659290815
-0.0421065374242129	0.0661042506983889
-0.378323808706202	0.939950596603303
-0.593245168401637	1.45480240691971
0.174217155319265	0.238685564451521
0.353282846338644	0.733431405315815
0.248451695968737	0.39328009100634
0.0224347734870564	0.108443757087994
-0.0311042873638141	0.137031717991794
-0.0751826089511609	0.275402189210316
0.174023680844282	0.340925148333642
0.08963370250494	0.15329820192026
-0.00395015585433171	0.00631951170979036
0.116446079864694	0.236150593853827
-0.100035298871275	0.188931418384651
0.079242472978166	0.135200119135964
0.304175842964202	0.792235867451485
-0.308597310491665	0.104286557507685
0.621900858399827	0.24691703584986
0.457542954205148	0.800438003070445
0.570785683705089	0.859744691391065
0.0793740099327689	0.117585191343255
0.0735473866727839	0.11337684894051
0.312756371601997	0.486019328148519
0.330981932788599	0.517614090436738
0.0201976012353629	0.0163948042328016
-0.0434322352400583	0.0525514672543307
-0.0161837848133067	0.0247888806193646
0.0562588840853819	0.0908371502549302
0.183564256913993	0.362872979201356
0.115344653481032	0.215306527280937
-0.0909318862733546	0.155819725365789
-0.381036267340644	0.826559120094954
-0.319226274663882	0.404455168239241
0.1489182933925	0.153461734435387
-0.311473738026292	0.461203720576842
0.349396740125787	0.814625025371035
0.197722074987134	0.374809090718976
0.474945090333146	1.17728693577044
-0.0286805746221241	0.0435180833825645
0.138630062649843	0.238968352865862
-0.221240711017469	0.454033126901267
0.0721306218465326	0.115568313147024
-0.0366577676847272	0.0456871718683403
-0.296255891190845	0.487395597589512
-0.0108281167259478	0.0138595587828318
0.211792246651681	0.353389633495496
0.0486279214806014	0.268734124029668
-0.00510722610881173	0.0186941000288511
0.0514832801215649	0.0946958491676809
0.163895399496086	0.582843369104323
0.135630064059756	0.239612058254906
-0.00359840859787529	0.00553093365176764
0.0181932478325097	0.0306884810440625
0.334105555175802	0.892836264709128
0.450739557066435	1.39566672082962
0.0460278584254147	0.0791942595927301
0.127842988488468	0.26014900537083
1.39646987242209	0.452928906603584
0.982995716262758	0.454748913701127
-0.224606431478185	0.356310935952624
0.128346808441811	0.105062508699634
-0.151098024398148	0.276327456034037
-0.112662230949103	0.195643326275415
0.100901542049667	0.140574098733559
-0.176659659019459	0.231758297388126
0.0898200225996607	0.0855043349491717
-0.148512445953773	0.216547330515491
-0.107500011710174	0.193785435320396
-0.230190914640021	0.539600178150464
0.183327689189684	0.365960661082472
-0.259904997073582	0.572409246253028
0.0227083145448054	0.0374220248583336
-0.372422838326106	0.834398681692567
0.628783206429174	1.16490744184348
-0.624759664920486	0.677249787162602
-0.0274989934239876	0.0324294256696431
-0.0339007073585463	0.0502075909575818
0.0476803849545309	0.0776849749884358
-0.114376589613677	0.199782412606931
0.144561624950967	0.264179249707076
-0.197790518041412	0.377118043210926
-0.0628757741211312	0.100595885072436
-0.240395044381489	0.50287874369683
-0.783147282149073	2.05405411672011
0.241525599268543	0.323123708167392
-0.300930929179779	0.650670768165476
0.370684235683543	0.603609326730249
-0.0141306861945166	0.0692480645116446
0.0428720762234961	0.209240421215375
0.395634311852671	3.63458650957455
-0.00853036019921612	0.0116695023792444
-0.0219263313477566	0.0279699710667647
0.193663831454384	0.313319519726407
0.133176168020998	0.189181885076592
0.567396637917779	1.20060408772749
0.126488472587106	0.168764337590542
0.35331117853592	0.656390383838235
0.459853879914172	0.908578672649675
0.571734922794967	1.32677453680895
0.0445245528757485	0.0742785315005184
-0.0476318053759425	0.103257552237384
0.144142888148151	0.239781240545783
0.354914655148728	0.767787115444816
-0.191816751429884	0.477698739623497
-0.170302490409321	0.415418439640266
0.0140360640034747	0.0196723063658
0.29258275481632	0.368258596567705
-0.13577766793392	0.196878571608829
0.233657232819324	0.382987131330077
-0.292186157776734	0.507974849957799
-0.357559949224387	0.621141961551369
0.0326675628911603	0.0385152759835523
0.0858497271169635	0.139592346890542
-0.315160180409782	0.87069923845481
-0.431959829002781	1.35853593193244
-0.196394955564897	0.436462981327413
0.045858683031301	0.0518465480305692
0.197046322598151	0.316190201100295
0.144773172856983	0.209426573241313
0.584426266406346	1.43530335545008
-0.43117594036118	0.789250508007947
-0.61477985660602	1.43197797247827
-0.200300627848899	0.321759490531491
-0.472933077279428	1.4362167881652
-0.180361804917523	0.421824395676136
0.246220989497321	0.46592105726757
0.095308358398532	0.106738179630749
0.0934005259911437	0.642734971693183
-0.140946143860306	0.962245481285081
-0.146322953406504	0.607019503796914
-0.309935400477112	1.19093048255897
-0.501251554408851	4.29991434596078
-0.318446728496111	0.409349623759968
-0.0820131141713799	0.0881637824459191
0.0609895698893077	0.059574420598968
0.01532171471061	0.0176455210909513
-0.280995889425239	0.326761862312483
0.940170376429829	1.48892196441004
0.478267463889023	0.510081335102185
-0.495025548787823	0.565854997346836
-0.331282505904171	0.344366739170459
0.689543185438886	0.680270957668741
-0.138119583223891	0.118031454737836
-0.107936555309486	0.0927417810231624
-0.26748201551925	0.223679779060843
0.460848119069572	0.43564766123816
0.77039812390681	1.66834391869714
0.103506459702442	0.102661025651603
0.10604301064831	0.176801959526908
-0.17326635253381	0.379452110824688
-0.110408128441368	0.200729458735397
-0.336375713370758	0.274313590643713
0.209460014579466	0.17794653185398
-0.514447583575101	0.542831013998082
-0.35679564077884	0.333002342968118
-0.182819169515717	0.133754512710779
-0.464707031441068	0.512427403086473
0.0114411060931029	0.0115787877699066
-0.0983084815906062	0.19976618531415
-0.227268893510379	0.667303974983725
-0.343962920563396	0.922812165868168
0.42952240234398	0.424141660910737
-0.618780693255234	0.783163737125965
-0.356444142646745	0.467311696019932
-0.255897756739801	0.286256377073135
0.0714476725553084	0.0586007502502784
0.203384516536084	0.190490437717256
0.0870777962563391	0.0870545388359478
-0.147029368521645	0.247498168189418
0.102820586841794	0.192422328646307
-0.0108626446451632	0.00937102347191632
-0.228767733577567	0.206382105068964
-0.012202165103683	0.0581512939031747
-0.0937340072781472	0.526227682742339
-0.330993050852884	2.7068151911079
-0.574750818588888	6.94685554052099
0.0582778639124984	0.102029562276021
-0.0120767246319564	0.0187781856801219
0.112978597594664	0.209374759088016
0.0835051748867748	0.128394026073509
-0.174705792311092	0.313483801613066
0.0431013825241766	0.0586777108132142
0.0678279709283407	0.10171944957273
0.268386155971516	0.481669427988124
-0.0970213950756546	0.142825611761012
0.147360692765474	0.240966131728512
0.184432424831337	0.319679075834497
0.324524900371837	0.67016342888518
0.0496525999611541	0.0717414736110674
-0.00230927746097618	0.0033610818551949
0.193109250724182	0.405571423555637
0.164433583512532	0.325076028419076
0.120162091033048	0.181699072322874
-0.0303925042911343	0.0356703801863531
0.154498627188715	0.237841478025212
-0.0331807615800545	0.0466210588460645
0.165671405015214	0.280863573890897
0.277385454737648	0.547411751956763
-0.250213455472388	0.467713177980717
-0.0251569855197946	0.0354631637009199
0.227779522226891	0.440410210020596
-0.11814407723551	0.195804582664617
-0.0831345181529526	0.140352424788691
-0.351725219248138	0.692835328831304
-0.178968165900214	0.303619899041097
-0.329892254926827	0.667877059000955
-0.810073290359255	2.3531017604293
0.721121552524377	1.96341093766848
-0.096455567039087	0.141067061769458
-0.0861665141836936	0.137490468140598
-0.412725737160915	0.972473075051066
0.216846518608034	0.421084560026356
-0.184168773656179	0.330958088576645
0.0953452862669406	0.112136967039697
0.028268958917477	0.141137895744335
-0.118681920802523	0.74587832297469
-0.310844877069175	2.6996970176265
0.197664333520146	0.482980200170844
0.213672450391809	0.492883353241172
0.158875969661557	0.378925008261723
0.0493779491797468	0.0924357822997943
0.175998009173248	0.446606873468838
-0.240767027407596	0.647668325974181
-0.130247639244615	0.272993608833412
-0.0191939831420337	0.033374078782969
0.0237373051669957	0.0385804603268811
-0.206730081404825	0.452988307074014
0.034338249040435	0.0563009446337664
0.130681329562889	0.276119916555921
0.118579251523235	0.235773360390577
0.25917903578727	0.577873538619958
0.122372346778129	0.221669574805679
0.0838366652176805	0.149363786231711
0.0282243016204582	0.0437048206852522
-0.151483293460229	0.2909477401638
0.0795358886478748	0.145946512307258
-0.0840655265459643	0.161915159217023
-0.0507634960656563	0.0811882193371718
0.0411379792051922	0.0556877623230722
0.174657171218821	0.294374314167328
0.409044597314772	1.19115519318962
0.377199447555229	0.686375730089555
0.154351438202154	0.294945983648642
0.196965864578105	0.435619171383733
-0.161534921473067	0.276286806950339
-0.233997088569545	0.402475895076506
0.260437450372306	0.354571345610045
0.167678373204693	0.253587157204596
-0.253194524382855	0.539239484507546
-0.0249677891143328	0.0390720241106299
-0.0517412030360504	0.081475211379492
-0.402796664553955	1.09274761390425
-0.304441152621207	0.686812617354829
0.0859523568739078	0.145835430598428
0.155257265480697	0.218086236986765
-0.299717746152968	0.502296904633963
-0.0602768643202237	0.0917014349912093
-0.0936482633894025	0.156039711730312
-0.10652537847814	0.184256368924112
0.329754176451018	0.726773379585739
-0.0452359255662337	0.0745437329312989
-0.273416731171457	0.55432730210078
-0.0933278249356694	0.156007367364677
-0.432984415926624	1.13241613118269
-0.290056800944249	0.633911697482997
0.0815397123980376	0.117554415992814
-0.0418948029092023	0.06038565614696
0.00566214298147072	0.00670595482131445
0.00893218240328885	0.0415405231389655
-0.125487961698441	0.771084147285465
-0.0733676573682636	0.159947651853055
0.0694028717544045	0.146262932630885
-0.0585606625803334	0.122770510910928
0.164353444501507	0.39761492975117
-0.0149854572885751	0.0292395752598351
0.162093404548416	0.417256243693053
-0.106768593144118	0.239128884617634
0.305418851228379	0.85052493819791
-0.186132695118453	0.420732272147887
0.188482587205254	0.433407005610457
-0.098928356808573	0.195254069530978
0.0627041956155198	0.125349666726285
0.295573044570322	0.780169569252593
-0.00258498023550757	0.00445218172933438
0.263644473270924	0.669977027224393
0.160447343601279	0.367868175101267
0.0626502696422921	0.110319928880465
-0.0922085112591127	0.17342038730884
0.0659457765680757	0.122178125931389
0.411139713250507	0.746774231792547
0.0954486147159564	0.151392730081391
0.206608421258439	0.191438838981604
-0.158844419364885	0.304406088403847
-0.284717409572972	0.710083861892374
-0.404552318675123	0.813882704407387
-0.0330981996886791	0.0402223008811266
0.245868847731671	0.288419549629529
-0.0598643460191628	0.0885269035405722
-0.0183689706380056	0.0315179969940335
0.082741991451551	0.152988454453873
-0.23307225598061	0.574076192798447
-0.203513132696545	0.428312460393404
0.0349047676266763	0.0570916143179447
-0.347817208743457	0.876725040443398
0.129134697454456	0.159769242989868
0.0398009716646077	0.0363192168849348
-0.193237364325545	0.312595522334591
-0.0157967224942473	0.0228927993920562
-0.112697181902367	0.215467294088149
-0.228868572480928	0.480106562546728
-0.325792612026381	0.782332117053217
0.123305857511967	0.228702852952768
-0.142964259820615	0.295518685489098
0.221584842728081	0.517821353571159
-0.112666585958779	0.191232300083528
-0.493698105107285	0.902321641021183
-0.0158146981663752	0.0214864754922061
0.137864721090515	0.195550119880103
0.00860340990578378	0.0407620235127414
-0.101760257979231	0.605567590258359
0.0741413781268489	0.15361627791694
0.108915780720641	0.230481934939631
-0.15950142171309	0.350747424305363
0.0459726967855711	0.0807420521798686
0.137596967545832	0.281178795071878
0.199516391770235	0.492702881811028
0.324814095828349	0.804505404424024
0.115511032685371	0.208710479145728
0.0714623729253984	0.122928494039035
0.190265248992949	0.403275972142979
0.348103093638751	0.887690524177326
0.0928632632358638	0.149357137799365
0.410687912597367	1.09832435980693
0.0208875489386432	0.0306435740847024
-0.102910608385227	0.108362600562854
0.182999572202241	0.394458578286056
0.128569476418444	0.246424961200153
0.161529661913669	0.322619503203184
0.146718144143103	0.31824148966737
0.180408409196818	0.373808780826338
0.0709163598112408	0.0895936995434144
0.326455452800992	0.544341891272668
0.390029844468579	0.941475031731904
-0.019872724537295	0.0293808130014618
-0.0499199469326134	0.0728704807758157
-0.259970172168788	0.552340256746563
0.142991819996331	0.25920670911605
-0.102829602163106	0.174460091003803
0.322381662291785	0.813776594114764
-0.282430028215368	0.615854904223039
-0.168768855611577	0.338271701942783
-0.539111654680503	1.32634027703083
-0.235262102287734	0.446668692540943
0.215848589708811	0.438833825712682
-0.227802469628867	0.405404830317533
-0.350036678119357	0.736344608460061
0.167240753393653	0.306523729398216
-0.130469227301905	0.252165025718667
-0.200394245156703	0.443774311607146
0.0133276115448146	0.0205673135365566
0.186375771766512	0.335936888119772
-0.0221403227718476	0.0260264193389153
-0.0256007561957707	0.13440424863834
-0.176751469649912	1.48432169538859
-0.603113251797734	6.88619587251269
0.268711937670543	0.45344884880794
0.335627001041294	0.404258857088106
0.192608679393419	0.170790873476865
0.499694952874182	0.577428798072769
0.716177237440641	0.869048338427613
0.58911344679842	0.839939532676237
0.337959228820197	0.326030767879711
0.446550965707747	0.517042710697653
0.0816575417393495	0.0755955019302934
-0.130653347703297	0.0987983692714724
0.470272428251066	0.513435664850714
0.00474074242546537	0.00683070510895062
0.230244054027498	0.436932121050934
0.0590863070172043	0.0894009940744167
0.354593970579291	1.18995455621415
0.293848700146924	0.473608456256144
0.336999102296987	0.482552086303583
0.56566971352359	1.69577985303542
0.34037477325268	0.854560207767292
0.23053219388461	0.404950081488134
0.709248961542111	0.692403875378281
0.270040396555542	0.250614700418953
0.307861349217138	0.343420681657304
0.275271469899796	0.276561517544364
0.193301184049711	0.167192678366473
0.90906347095206	1.27803007930814
0.245271024159848	0.311636980916887
0.250871874985579	0.633176691995767
0.245056087459941	0.670377763221331
0.336434478988745	0.774504424964927
0.203302968474206	0.168577878037771
0.873923257539856	1.65132384326147
-0.189730075034241	0.214003894341146
-0.296039442523122	0.304843512026874
0.105593596941463	0.0729227428375101
0.44018786658994	0.513083261998466
0.261809062593381	0.31928485451027
0.242697452882984	0.420035902071993
0.0793772816188944	0.128301443890226
-0.25405206275588	0.298314067566571
-0.450667257699651	0.4640248017381
-0.0193023898838503	0.0877292099573722
-0.178321785710564	1.37232584364821
-0.0316798101925937	0.106354328265039
0.102948132816505	0.0651338772106646
0.217718307248444	0.152559861647916
-0.057107114630842	0.0306360824226971
0.315730474484314	0.351896220096361
0.0840672897548917	0.0510723884858071
0.100766971143343	0.062870092854213
-0.116943756639762	0.0582056658877358
0.517266343051346	0.262199548559052
0.819565630215803	0.642236387481827
0.817774573719918	0.437416300979151
0.442845588573253	0.360777629522365
0.41224500292924	0.239613864181426
-0.886608629155597	0.541325086823051
-0.188908292394891	0.0792026888870073
0.492343860931433	0.357063383333333
0.120086054655535	0.251449915216274
0.167844610925336	0.304613542089031
0.166613843137581	0.408440177714331
0.483002562077328	0.341488269029405
0.313580418668106	0.239905103358571
0.0583475583452511	0.0660069889095436
0.150913021309591	0.260052408164257
0.16455737310275	0.278191683996361
-0.854433079355249	0.387882719501559
0.364221081212323	0.147280099102689
0.0672304561572915	0.0307182507703125
1.19575576112846	0.599207692594845
0.993895993989644	0.571748396350131
-0.677528716559764	0.504659194199541
-0.343294463357249	0.285317629359334
-0.135344190685257	0.274649616893853
0.156550985206102	0.38607800999725
0.476647459563758	1.13393003908194
-0.309269164432276	0.192956351743771
0.977791527763567	0.962146675559698
0.0872754829029655	0.0547710921306922
-0.596626172674304	0.46414216138811
0.459207471601697	0.250128220412435
-0.0604776754495181	0.0327732715139662
-0.783778822411954	0.601782061781299
0.394271149077852	0.575394174127588
0.124059800091135	0.210498738962174
0.094775875434613	0.056891269241497
-0.102303832763896	0.0519927969239399
-0.00533603721392342	0.02465072182165
-0.079813211359057	0.452652248419471
0.160062722757777	0.222911763695097
-0.0460518342980129	0.0417627132396633
0.20794343349861	0.219991027451534
0.583165298854716	0.731656703245279
0.361034999731693	0.332489332528654
0.000695010481295835	0.000630186749661417
0.0167352228155402	0.0107305751441925
0.331021596279818	0.246936870931482
0.53731961951684	0.360748514179859
0.214774655597941	0.155472558113199
0.801779055923717	0.862914313208047
0.495137484271118	0.508789009411848
0.105408692273126	0.213596118233655
0.0531324300465996	0.0848378152990427
0.255730466032274	0.575963149364963
0.142899725253872	0.338859305319139
0.0271722461569797	0.0229914147141931
-0.0773109336857859	0.0683858636700413
0.245838673949708	0.44373006771534
0.246409712830008	0.477627605112533
0.427594260822996	0.98302963241257
0.61678984476398	0.379051742102138
0.66188657258283	0.600545452930951
-0.66336441799697	0.476940276806425
-0.240734101460731	0.171535504902767
-0.0511035748964201	0.0278208601271936
1.14817384767578	1.3733468032305
-0.0497750699378317	0.0458776546307317
-0.298554516074735	0.718815143533252
0.189212468082437	0.432482226099121
0.00768283703193892	0.0110158703516281
-0.0657830725486308	0.0361571744927986
-1.0252881434222	1.10231894512058
0.700699535507883	0.85987439792256
0.626203525150729	0.681856651337052
0.526084541273953	0.461163056226497
0.408074669209217	0.350893406391601
0.127769513347297	0.10185295587193
0.512209650538955	0.986318417602538
0.402398384254959	0.926496972312596
0.347636740238479	0.330334483970545
0.941018561987036	0.810911423053741
0.0654963461939232	0.416055628473505
-0.139503701618878	1.04585829398655
0.29785582372409	3.00334358266065
0.109509992719422	0.200171366515315
0.0111109452610221	0.0187253444269275
0.0329456817100246	0.0478096459269079
-0.391172396318648	0.967352381270452
-0.239192052839464	0.461568058180677
0.278184184076895	0.676354198906843
0.0937167955030428	0.161722533665465
-0.141255856764348	0.20710233521578
0.204264266425156	0.290200763139983
0.656282979741206	1.28698754459278
0.127839614189972	0.168046080253049
0.146948801681071	0.171414777962593
0.0616237845956361	0.0745354372700124
0.0531774223352178	0.0557085578571386
0.0734870835111058	0.13840440617795
0.108414701486924	0.158563807631582
-0.435100792529927	1.00016305109172
-0.14992451256758	0.275208606030051
-0.067963175438796	0.0813016843675042
0.78939653111103	0.929626746222372
0.161620205072675	0.170711394922063
1.26992561893876	2.37148223305463
0.340263523194725	0.426846173099337
-0.0300702670931019	0.022298596710523
-0.12744385653785	0.122652026038456
-0.39117856187471	0.624440046836694
0.103635115561404	0.165454769646532
-0.0977223982989622	0.181650282767919
-0.354766839558878	0.785710440465777
-0.0966840751963183	0.0834622113051521
0.229819210839222	0.279497273845417
0.140195302167254	0.167377624335108
0.442411013545704	0.577329890710823
0.547479536474776	0.811995553610759
-0.472822733805568	0.712042438682451
0.164221552762921	0.214049291550486
0.400088937059286	0.82509362530894
0.16400382487966	0.274603630078779
-0.175966483072412	0.215754023311271
0.42584222994996	0.430711891670849
0.0348914833734679	0.191560540008931
0.390059981882174	5.03064987756991
0.0777011772459676	0.384744210119489
-0.295424259046578	0.468011960064522
0.0532774521723833	0.0641181803069866
0.00907223165287441	0.0130762604241775
0.0612369517228586	0.0738081306527156
-0.217310750704332	0.29633599362687
0.108484804841237	0.131376879749774
0.364441639670216	0.798246436006017
0.20120966789503	0.168597581081551
0.264734179789832	0.24052663913732
0.033584795156136	0.0325914080424067
-0.0499541051880067	0.0706736079707574
-0.34749451871693	0.822952564273925
-0.340360438294704	0.777999466623875
0.35870416173247	0.145477496238099
0.214810416084196	0.166435677011059
-0.48562170997066	0.404342491305008
0.512051052658607	0.531288272616788
0.378453761244555	0.242195515898609
-0.872154026801938	0.893356353368359
1.20321587839873	2.32686248276355
-0.586830891335742	2.0944647871116
-0.267621716743121	0.820267385121765
-0.374259253387764	0.907628370974922
-0.175201960170874	0.126924971055497
-0.223681564701565	0.196140560839083
-0.155809660879629	0.135792625504078
-0.850637490491236	1.16246166587221
-0.18176374116386	0.13054216327014
-1.10059573069861	1.39810144564652
-0.179211949042026	0.165547909960153
0.297839246722409	0.519363556506061
-0.0925777267528401	0.154393438966271
-0.194891227348275	0.175689509114017
0.103218377814826	0.0698115961600582
-0.0134917560638399	0.0666543026711799
-0.0474047298856653	0.248497546371794
0.292729748343349	1.21746620675177
0.42204080543289	1.50631284935145
0.156915352704891	0.331185738017956
-0.0712329073335943	0.130807038546084
-0.121888511414672	0.239738802337408
-0.468861412481209	1.43582917033619
-0.666229320006579	2.18922030172146
-0.319500125008063	0.650588556619878
-0.14680927952514	0.355022962862948
0.463349637339751	0.791668179972407
-0.576748477039414	1.64107451044357
-0.484588793205831	1.41685072704966
-0.664619812103918	1.76953140030077
-0.864112955889877	0.92737997119339
-0.00340619258589538	0.00297019333470619
-0.810048873229824	0.939557945464383
0.100085453516214	0.0939595590466792
-0.0205512239527068	0.017635104759849
0.500436918513835	0.618646846431266
-1.19025671253804	2.87403626281229
0.00705291195073728	0.0106269158648766
0.117389643433556	0.244901761531691
-0.275773079395196	0.568269573568356
-0.458066539900185	0.538458292731023
0.432536749683566	0.61371605361011
0.0964563986984835	0.107577799076328
-0.169866865052505	0.18540938815193
0.141554594314775	0.125499670693786
-0.411492504161663	0.442970565449536
-0.251698962232528	0.305721944956258
-0.457668465167174	1.03508511883214
-0.091365683604565	0.151296152793864
-0.35580538394821	0.499482410260864
0.538075762022343	0.630638270107955
-0.0455308862925809	0.261855139809064
0.46219889723243	4.90026476409178
0.16659232920775	0.616739232397754
-0.0562396013358339	0.143618470866342
-0.101491345206571	0.271404133518431
-0.400342569975031	1.83337234085434
-0.537251938473472	2.75004002428175
-0.0555818183859925	0.0797539766402061
0.0765738463923333	0.090786440139388
-0.111523716358419	0.272903308911172
0.0671191292590419	0.130650445069703
0.157749635657801	0.223801062101599
-0.255906346583335	0.433628833046639
-0.194529089658904	0.443357346025948
-0.202314997815791	0.513675965472369
-0.373356719142206	1.04820548749153
0.0296520447470825	0.0261388781595595
0.87602059307833	1.65118329267984
0.294442103063549	0.367894575955562
-0.000751775884681726	0.000704111599051173
0.140595339287402	0.147748296812817
0.341352928002339	0.425290468627183
-0.145134587839504	0.226861436824913
-0.162398660789038	0.388874568291812
-0.205074886753213	0.583770154231022
-0.0742262348862764	0.149671527483806
0.277833234650983	0.326629998054076
-0.409080389537258	0.59326208944684
0.113554656779914	0.13369126782842
0.258052984969854	0.363912734384679
-0.397641506459248	0.548924711347611
-0.165315437161506	0.178947016075578
0.389000163591446	0.638958553717419
0.100296160185652	0.171054782290475
0.0293874011202641	0.051580567922283
0.284862205378459	0.503499847210628
-0.218071526174434	0.253493793984525
0.134312248212485	1.03019948321268
-0.0440914010755162	0.208779305522184
-0.275727768748286	2.13677791495031
-0.382375066873638	1.99264017802795
-0.231285456110238	0.795081726465085
-0.395609195465085	1.61428847468058
-0.332160280262655	1.18386590743424
-0.0605559994988974	0.121940491164177
-0.108720800546202	0.238903023567643
0.31862911323063	0.893280937449054
0.0893987151844004	0.177873419701169
0.0776522091109419	0.123002411379107
0.301808194411036	0.462591555406086
-0.108283623882262	0.119114999428645
-0.178703156638392	0.165806573304736
0.244044897409733	0.290552433184516
1.94967010514075	2.58229735429009
0.385816615030072	0.558171234350334
-0.26870819502192	0.601854240712157
0.089502782006155	0.164061434964026
-0.123294638132625	0.201831219312556
0.0563603063895561	0.0764444795946351
-0.456050714157714	0.679836714080071
-0.0463355082583864	0.0645604369971125
0.0950750045180241	0.181483049491606
-0.142272289077591	0.274685462086762
0.0533387767475734	0.0963459674384186
-0.0577409907266114	0.102086536292258
0.00621428149305645	0.0101027231663282
0.1220193927334	0.206670364360438
-0.374241133927913	0.642247619315074
0.338074966521382	0.457626796524428
-0.203391654299317	0.35795598130846
0.068470831543746	0.115188788599932
-0.0247312090995016	0.0387839433612138
-0.176881125057473	0.368486133934257
-0.412907583228304	1.17108526788111
-0.175705478702238	0.352703514699528
0.306066595776029	0.80911026049171
0.0272884484773963	0.0448059283414647
-0.154069633622178	0.292364929004747
0.438288813672949	0.923517676845068
-0.0777718469575295	0.133801645330304
0.338169804835889	0.64901894549509
0.0133801063093213	0.0622907951594845
-0.0976857878332171	0.539900208017311
-0.191111778479015	1.11560959258402
-0.165206591642521	0.834642834189404
-0.217558771813066	1.11261927680747
-0.369109137847205	2.46686809276737
-0.344071781236848	1.96134265534382
-0.370235807045901	2.07843460596942
-0.515004313728035	3.25739604806158
-0.856239118619664	6.82384761871419
-0.296515319358413	1.04643012941473
-0.0396621775826866	0.0924815000633934
-0.116757866621248	0.300254439628631
-0.106131267595912	0.270911702599948
-0.122406055796568	0.310113063680891
-0.00507128904384745	0.0101844159822413
-0.206078269114385	0.574371413813839
-0.222661367433801	0.644882743459637
-0.324376353161872	1.09767991999933
-0.154731195363548	0.385171530591833
-0.270245010406749	0.801191142708739
0.252837673051589	0.49765197785533
-0.219414574290946	0.560433607982082
-0.124048886301793	0.247127377597702
-0.0887400325370028	0.167047942757853
0.185795418090963	0.421085939165703
0.0704540027942768	0.135865828685656
0.0404998189012313	0.070587001304944
0.0267388252519506	0.0472611677613617
0.0391943763344502	0.0671205771694193
-0.0637585324512988	0.125916095875648
-0.0538208946564362	0.0750353853111206
0.074295202828932	0.067153071868992
-0.205174969259308	0.182587836457758
0.17327215124577	0.144344843002707
0.280819751337136	0.12996574617128
0.113396301724051	0.108124235188044
0.0599292419816322	0.0930105883757924
-0.0868674832792124	0.148816558182676
0.104506898159235	0.135778985417816
-0.30927477854334	0.456503385472149
0.244937963831225	0.258078175060104
-0.315275011891093	0.545219258962202
-0.125166354189438	0.227898184961325
-0.121412742877797	0.228602300935434
-0.182172110776901	0.384070751116007
0.368198111784387	0.937587246343709
-0.100273480688938	0.180114261914552
-0.134055209088767	0.220373148066242
0.181126515454095	0.241340957973668
0.237756136398474	0.263986435615312
0.329273667000253	0.516337432761631
0.245969903334109	0.53490969306988
-0.352727029569427	0.872617520802528
-0.377424926530593	0.933376118942414
0.0438085900158279	0.0730795257602738
0.0941654646271375	0.165111754599506
-0.0193676155691168	0.0311414459769397
0.219073627690752	0.446509537624412
-0.220520526705274	0.37001306842746
0.253711268097921	0.392814648751793
0.25107044320652	0.478667316091769
0.0146134801682335	0.0173119517869902
0.0342924232662084	0.175725846804892
-0.0701857823219632	0.357953767039514
-0.116159991856996	0.575932300876943
-0.204210188941413	1.14877179729466
-0.313945962177647	1.97348190052286
-0.401778856090269	2.61284365577802
-0.312037139505939	1.65408882875664
-0.354409323137346	1.94099662311381
-0.56728325080939	3.65163420226988
-0.187518776052707	0.572331399912817
0.0572438294267783	0.140948287253393
0.075363848550014	0.181157985693634
0.103621614319422	0.272696653941894
-0.0163895175809944	0.0345164830357614
0.156742437131634	0.401966758896594
0.234491972564588	0.671976260506156
-0.109261798414753	0.259263116785011
0.039893129562105	0.0835443066469949
0.00592644231136353	0.0105987306178149
-0.0863211468936269	0.182908168122996
0.186249372649255	0.32589034963819
-0.221832203529386	0.515954289571584
-0.229413266517077	0.501285319181485
0.221292405807919	0.503950775373702
0.412994820790849	1.21066368804015
0.268526634729354	0.680859174651251
-0.045721760296996	0.080770248831683
0.120545207670045	0.259945503112675
0.190768803883335	0.396194363335945
0.245570679613522	0.646213442850621
-0.0533828062157261	0.0724526462360443
-0.168173001314894	0.177727555042061
0.487244874156738	0.685879419886821
0.0692769195545389	0.0382525006746247
1.03087001703058	1.26403430929945
0.961768678861857	0.365024879458195
0.0947910983664294	0.13172089377397
0.120005723823316	0.131025361203257
-0.15716300748031	0.27324237077823
0.243153062620617	0.503768476336752
-0.314173456685393	0.489036697819817
-0.241163931463045	0.318295055193093
-0.184696178212652	0.185892435934939
0.317249472543936	0.610335310439126
-0.14648806333277	0.307180233568256
0.266735017141708	0.579827198969987
0.284722268503692	0.637752413342959
-0.0413875255142741	0.0678198036963155
-0.273641868489555	0.627163704271885
-0.381486646747794	0.814636839299795
0.244048548979936	0.347802324088312
-0.212250871757448	0.237067958575587
-0.651780803556317	1.33929125695694
-0.0607150798072118	0.0959432453663084
-0.00571338174036578	0.00802420510529784
0.0422297142432273	0.0662247858162608
-0.140149424230962	0.255762445231167
0.272210485373432	0.579775716598108
-0.0860210841249296	0.145819365276266
0.30806544456018	0.695592083507422
-0.14745801972413	0.223594436374517
0.128862798618564	0.14942733510184
-0.458063217732315	1.11795292713259
-0.132285697326481	0.191574341017983
0.0334008181150806	0.167732725478079
-0.087220684049172	0.456822603662247
-0.212786067838015	1.33101102825599
-0.25866879653978	1.58405107727965
-0.531480567794983	4.36449907399123
-0.198855831665711	0.932528340077614
-0.0601485999985253	0.188870931761524
-0.149591555344596	0.551257216756264
-0.638443157056835	4.43900589149396
0.140022550669772	0.395810750973434
-0.000595604001346342	0.00118055634399807
0.0990917520133565	0.251781037760519
0.0621669020760428	0.138334224765719
-0.0163329592778455	0.0330551631473554
-0.170497696267769	0.469581140804904
0.040726925253996	0.077469032844823
0.091635912913428	0.210798547174514
0.0192338706937564	0.0352879449294568
-0.0089921058387465	0.0170858597088607
0.0141857431609475	0.0258765480273475
-0.0465855123302219	0.0632036853055469
-0.527797738972951	1.24903188408561
-0.184973499023323	0.414962571201776
-0.18242740074387	0.362455194094184
0.257786472206242	0.613253586074286
0.400835641905395	1.17992062230766
-0.029330489493372	0.0475097273657237
0.422484768510597	1.14853730738251
0.0497817350539645	0.0843022895027358
-0.20277749801806	0.42332861636926
-0.0992829690648611	0.193691100411199
0.104892303005908	0.147202321864806
0.535153342420292	0.909848456074666
0.412362614546615	0.609347247910636
0.100527041517979	0.0701793698557156
-0.0945089367266533	0.0802761553598321
0.560881514413748	0.363712985178702
0.190458135256757	0.149340867774695
3.89849634660684	1.70053967886911
1.75705498491494	0.676966082290169
0.609445790014745	0.192936241963981
0.614669635281439	0.278088842342051
0.60738590334938	0.284218486173583
-0.170637450390953	0.232643026338152
-0.0695161172551627	0.0623313145709297
0.114821199757564	0.181403137774067
0.0299248136432252	0.0431030899450298
-0.116200005489128	0.145288494644353
0.479201840081916	0.933185067029714
0.491357320035913	0.724555498589241
0.407025505311102	0.843754319267259
0.150423892235203	0.280690946301685
-0.0102176290784829	0.0158469968860039
0.421667395830438	1.10152853476797
-0.027478194340446	0.043995497851031
0.100176043175195	0.171811010316717
-0.0237884918931978	0.0348028760453555
0.56888627465475	1.01606637552425
0.449435035949014	0.496902632477321
0.21535712690837	0.277736803335194
-0.1159770207187	0.180683980950918
-0.222879357161498	0.455415421239993
0.221010695864389	0.465678103862701
0.028542245610626	0.0418097919128704
0.127276669249126	0.21178732945961
0.23520500778774	0.485800993870652
-0.117137273131959	0.197280248871931
0.27395704811199	0.477760491204369
-0.0595128975410274	0.0718673071315816
0.368212441073972	0.774316230468137
0.10678294765439	0.136906315999392
0.0428743738127013	0.229651543433565
-0.0893607941475014	0.489531202665732
-0.167305223413986	0.952786407218709
-0.422984970232245	3.42640548491856
-0.13162819292279	0.56197471216247
-0.180126830969638	0.822599557044471
-0.0588119454299273	0.178549094559805
-0.612473036709008	4.37204746907038
-0.189771909200935	0.597103321920824
-0.090114314044467	0.238435395908956
0.160176814169571	0.472495850637685
0.26295880751469	0.90828647525096
0.0181076907865988	0.0390004282380987
0.145192850188757	0.388991669420291
0.226532854083648	0.648961031764964
0.115230952619833	0.26364062761032
0.0665841123845739	0.13814548062988
-0.157891217930433	0.405961410752063
-0.121367796899696	0.249350598615362
0.00224202666308194	0.00269452710600609
-0.151774150468047	0.263158076363037
-0.205053816094346	0.459212259700162
-0.0561158581565697	0.0918313180630272
0.125764588061776	0.249901234173678
0.116139077811239	0.236498702073413
0.0365208879633475	0.0645452851374641
0.183938355747604	0.411052846017626
0.351912880913542	0.935386116564227
0.0724263022223722	0.135658494445462
0.0821005366584599	0.156270346354159
-0.377081746928842	0.771098677209396
0.827133189093771	1.72493458101971
0.00611103720580719	0.00589477332799779
0.802925317738977	0.926813246310961
-0.0506924528299794	0.0423681107216689
0.501102137477783	0.361836074306709
1.9354710979887	1.67936345494594
0.978141962089772	0.47571314471737
1.3770428031844	0.775759560792079
0.525061824388873	0.25700858974078
-1.10277961256567	0.447480954013491
0.444952049432455	0.160476366144499
-0.0679001699214772	0.0530903522429998
-0.458944650529174	1.01366185312727
-0.480855229386035	0.68692684600433
-0.175361924460209	0.309096022567284
0.0542356264901837	0.0852685324476146
-0.119332272617315	0.177536849558778
0.0182477066357886	0.0197072750811166
0.0650609553453227	0.0664847391114883
0.0454725719314725	0.0587228336008822
0.112573699039934	0.205533246162316
-0.241404513522967	0.470230904872707
0.0112326454031559	0.0171682221611111
-0.0111530565497568	0.0167842440542803
0.207047164947207	0.425025210885796
-0.0664438240933165	0.0970722797674784
-0.152191616249502	0.200921002230095
-0.0511833348496057	0.0509947683062642
0.164401194562466	0.238420303007439
-0.300335191570822	0.61750090642192
-0.4160053048542	1.09745530218117
0.00777577894894986	0.0107925112996788
0.204975662445428	0.408137891556917
0.0716216156115941	0.116710575803588
0.128256547258455	0.239726335977745
0.0787301841483865	0.130357010042654
-0.0807845723779509	0.114939937068465
-0.320217112151246	0.504167102232175
-0.15352780914812	0.251226530940737
0.476789712560941	1.04224588503336
0.0354325484892991	0.184753728142852
-0.0842182918285016	0.456212860672942
-0.238048222425319	1.59714520794069
0.0358590230744513	0.123547675516228
-0.0436997089204953	0.150598357546479
-0.0327332500024511	0.101115790253852
-0.529050104933787	3.75834524377398
0.0923822813468302	0.251192317967447
0.159478879807065	0.539577721932692
0.169540443790199	0.53666244466263
0.254010116386932	0.920849274200078
0.227967857412911	0.780576723954217
-0.0247335176232662	0.055126348521424
0.0854837788588103	0.202613332850738
0.164882049606341	0.45576043134279
-0.117264385212124	0.286089501706461
0.00622826433428898	0.0119955702555424
-0.0558060754500975	0.117536601751444
0.08301463238	0.114095939537967
0.24449572196963	0.482647233970917
0.0960308515699852	0.198518782483351
0.343301974798557	0.95534165623833
0.652239699284493	2.54325641251087
0.352184646873155	0.996165227245118
0.346167503418374	0.970628472059379
0.23081017527477	0.609660996496875
-0.122373195053168	0.26546446970344
-0.140970811313148	0.301458663970048
0.109750947667566	0.236159558711739
0.465365228961033	1.0912657896615
1.06989155734662	2.41689975858459
0.273469593713293	0.351095238346739
-0.164945950505155	0.124263337687118
0.0143478954992704	0.0133024103540851
1.19730166670096	0.648222866344743
-0.861510666939091	0.383238020028914
-0.408364610250408	0.125062886124958
-1.57329975220439	0.571771338237262
-0.183382411340408	0.0768003093638437
0.0831912650560584	0.0251825611572787
0.423072190102299	0.427618594231681
0.0665763839730156	0.0920469224156771
-0.206616536111992	0.215004923238241
-0.34379436091398	0.769476692726238
0.109832205260734	0.190951288798078
0.4274376804719	0.837819118031419
0.0599026879537755	0.0735648583898765
-0.535582159742294	0.846127113258997
0.284699190302595	0.48648110544831
-0.13216857219453	0.246344206730778
-0.149803754502926	0.283164191246128
0.134027145556591	0.25306890260387
0.235765081430111	0.520510367442394
0.121953695905815	0.233276970787093
-0.122477899792852	0.210979743096133
-0.211089782599441	0.265888053552664
-0.614563288733287	1.00628327631975
0.283043858807869	0.448918599990851
0.0308210352091566	0.0463265993205756
0.0223215201911916	0.0343257637673905
-0.0371758542885033	0.0573597119182843
-0.141947560997642	0.252349946920987
-0.158587610358844	0.284572746270988
0.0672607426497946	0.11243638689463
0.0545025689161094	0.0867535169769285
-0.314031396940967	0.594122601022594
-0.306556309805619	0.489208200278863
0.298054581010408	0.579349674372016
0.198357210413462	0.324478725566584
0.0282701119494088	0.141489610502456
-0.0376244009658637	0.167755537152007
0.153697013104348	0.876582687719508
0.00447703113626445	0.0145928369589399
-0.0693431829656713	0.258056824401614
-0.383226690191557	2.36086437090807
0.229591397783977	0.893265073792233
0.150793557258632	0.50880980591558
0.376026225648737	1.80832935839276
0.105333078955443	0.30849598642724
0.00582556840331019	0.0130144578321015
0.17272378156198	0.536122755376869
0.234097064341815	0.730817248768684
0.0258611100040022	0.0556997104981334
-0.129044700074694	0.327031017401592
-0.0174112478487705	0.0360389156599497
0.0406184139671036	0.0830252227923055
0.0926007778802031	0.214671283675668
0.4349377989074	1.1267883985234
0.728497178363538	2.16385491599606
0.245679145497064	0.511556625504925
-0.100002818376185	0.215240477347206
0.197396611812646	0.463684633823565
0.30746702222969	0.849386147929297
0.25477637409363	0.65611822271507
-0.25022469365313	0.638810916224989
-0.170662842853553	0.380578970505454
0.368015334256402	1.18110976207905
0.246862254989556	0.663968455771853
0.0529641551473751	0.1014708943464
-0.0784385544705949	0.114910492759896
-0.0221414509631892	0.0218431928169035
0.301420739645521	0.389599111718575
0.79130142224068	1.02424823554324
0.125377200148592	0.134929718620415
0.609445790014745	0.192936241963981
-3.48138797289842	1.25307895187167
2.4790364254484	1.34773472579704
1.24755329195453	0.559223311435058
0.520215700052327	0.261371180161365
-0.24447089862381	0.090737886466425
0.336794702216279	0.344437728149565
0.158572989840859	0.239087872519432
-0.656208918097785	0.924840334870635
-0.105738937107902	0.169867559829062
0.0341221642716787	0.0524387710238046
0.508392798017595	1.04728164148272
0.373928561039739	0.687216287605926
-0.380964728210672	0.478570374662476
0.213151598055636	0.339495913837402
0.50290607129439	1.40315538225677
-0.044574332354537	0.0736034759858344
-0.192393736220468	0.405293497419763
-0.0831192235951694	0.147655526872813
0.441852468532416	1.2789965293198
-0.49546479302631	1.22925275687638
-0.0895309896594538	0.109057670741442
0.471560058011413	0.629943528602204
-0.411047755273504	0.740439097683967
-0.0413074698360916	0.0627917547949779
0.333197399139253	0.795851536172822
-0.128318946870151	0.223392652883684
-0.420681568228322	1.10006089140022
-0.25448638883003	0.506578808322626
0.260006199376155	0.594684213465411
-0.0698975858435324	0.111871723216107
0.285362664688437	0.49952509792347
-0.566105793924017	1.22740756314399
-0.105829329660742	0.16366025849576
0.19524506233909	0.314689826594582
0.060265367295086	0.347115664767811
0.1073937025967	0.624945227515778
0.000412876475855386	0.00135561052968323
-0.189934165781745	0.989122285894222
-0.698833643231765	7.51706085273385
0.121039879446417	0.431092423373173
0.273690540078433	1.29778235788608
0.237669369268772	0.908912559735085
0.273945601849074	1.06696891734839
-0.000608623866985423	0.00134698078998309
-0.0651227025207068	0.152754371740301
-0.199862324677695	0.556003980863377
-0.0665199141520228	0.152797107037636
-0.036040291733639	0.0742312206693959
-0.0472908886783874	0.0988376667794616
-0.451654196304347	1.56003732054768
-0.130961663115843	0.335557171108107
-0.430038211848972	1.58545027538555
0.131345593027982	0.262789015390201
0.23107961253786	0.543288616495661
0.145590553264869	0.349266266827395
-0.0224063723093743	0.0409961340358092
0.0376651501827049	0.067804084380015
0.0347418104430001	0.0607240970535963
0.279723751543517	0.719630735755553
0.470870342144055	1.4752792090106
0.0984681830317387	0.193551106715681
-0.140743691262981	0.290228629274642
0.037170132734046	0.0707068427697621
0.237105292170899	0.560095534249339
0.442779596555768	0.985734895150365
0.581489301860618	1.30802095547449
0.90611589682159	1.64986366352742
0.059447173105087	0.0722565426165996
0.314759790365173	0.329663541206549
0.0585055696177742	0.0237751421829662
0.374007364999596	0.229572723635779
0.263860595356731	0.122537041912561
0.628099030363662	0.379907543004758
-1.76461230113185	0.987407244782242
-0.895359133841424	1.13614897225851
0.0921626191630837	0.142448520227664
0.0664336598992362	0.0840076537901341
-0.177894289119691	0.341175167265488
0.660184013052892	2.25532375222364
0.0502644397734803	0.0736941786137119
0.0975921542167893	0.147649998656484
-0.232770822115834	0.360689874931394
0.097072584854061	0.127894425540378
-0.0288319417971336	0.0439830116465301
0.194193440416748	0.389393821335686
0.500272595458707	1.50869928984148
-0.116599545016703	0.204678340224352
-0.045720243467604	0.0681140449775549
-0.129234424097013	0.224417990426574
0.414090856897291	0.85354865143326
0.0799624090445938	0.103823060972233
-0.129864961187433	0.2225757896532
0.0970740566474075	0.157284862234158
-0.0680452265034701	0.1086191853102
0.2329080160927	0.427258983337405
0.0908783289291091	0.150723775401678
-0.0571461481212889	0.0865727422236787
-0.0618791504179742	0.0968523540502466
-0.0137176888649359	0.0212079674437867
-0.289261483752398	0.646190973865627
-0.301571143374718	0.548623515121788
-0.0508868366038881	0.0768393002065445
-0.190211127294703	0.261311693444434
0.022362103817234	0.109687032726074
-0.142289808193181	0.971244308002088
-0.257625802796907	1.85678526780073
-0.551864694137336	5.40385066199809
0.0717113464824463	0.226139903563163
0.204218873756553	0.922194508302495
0.474626614934679	3.02079539990046
0.237567583071111	1.05379833740374
0.12317696083899	0.413152542772534
0.214503328145262	0.838261121620361
0.154748478120826	0.488862419690493
-0.213310328804205	0.774892670875533
-0.299869595835633	1.18447048394908
-0.326732612102259	1.30643095984536
-0.10220951331502	0.25200170462231
-0.199096013003429	0.60727153521561
-0.246136799466414	0.516497099830878
0.0271429319220754	0.0395504200953665
-0.0782665515041778	0.13609012751242
0.10748878112447	0.256001146593494
0.112897423747887	0.253219789783675
0.202587100495829	0.531732844781523
0.263682046252601	0.761956938871168
0.207209488862529	0.56663562637374
0.0529427154573779	0.0998451294366366
-0.0242158962438287	0.0463964234124476
-0.0434874584690542	0.0849027530610436
0.114190954793196	0.266788494863414
0.114789372714496	0.195812954176222
0.125647464268842	0.141634482738647
0.473132500476387	0.81469361437875
0.39954915429674	0.343503050983485
0.0181924302415117	0.0168454488247647
0.519846234613956	0.364706265015257
0.278079627633106	0.255420722486554
0.822554362634933	0.431497486746737
1.53480858876119	1.03507209116371
0.0907696743483798	0.0259310915486844
-0.407647544276453	0.125048986852886
-0.491723600825062	0.200425750820607
0.962282456983093	0.361337923461705
0.297870809480915	0.330333222401641
-0.0539447072501547	0.0777597411260268
-0.154160849391756	0.154483568959485
-0.157566774085008	0.310962861363172
-0.073313056494603	0.11838339109111
-0.254792648942401	0.465168292168269
-0.184243531624332	0.256027937488905
-0.148918810432357	0.16085065882171
-0.027621910562012	0.0372409860540277
0.235076432029435	0.538638747914441
0.140168954862345	0.286426503499208
-0.276233541568856	0.650572408153997
0.251071750876971	0.609152396286167
0.0476716567936395	0.0817808055020045
-0.216440502629823	0.419113481228993
0.033817663037272	0.0367687482294362
0.518061486445258	0.831664868208735
0.118453559846394	0.164947486205718
-0.148031449407797	0.297675069743979
0.0323949422645806	0.0534083770007406
0.0478397345409168	0.0792479046276666
-0.0254500662610217	0.0411336596272318
0.29654623868008	0.68134541043662
0.185611933086058	0.413839582859472
0.0728998591127016	0.123680389638198
-0.000495565990625391	0.00059407809122637
0.0739144555696445	0.08821977052706
-0.107408044917852	0.170020928516418
0.114038612884867	0.155768098179203
0.0536218544319477	0.306790271471016
-0.149597972257944	1.01103003898427
-0.311567567182756	2.41601014130715
0.322146888056629	2.05744686464402
0.555468184449001	5.07458110199443
0.433424499924312	3.19180643305471
0.421570444515104	2.85720098780127
0.427157831790369	2.77077974383669
0.0579130503651492	0.165408132376474
0.266288633687756	1.1158857971448
0.0307844377533722	0.0775354029998627
0.0161034907372771	0.0389322991337887
0.104356283301147	0.303532806134664
-0.0515744510202302	0.12484440660235
-0.577758349717141	3.26682706746303
-0.398847023426248	1.0022897234307
-0.145592163424611	0.249703150985657
0.209561991418113	0.470163881532699
-0.137704783210581	0.364705766722694
-0.128098258231171	0.303678099292475
0.300410315461723	1.01569513842893
0.222482678342609	0.669153318526891
0.0988451244111124	0.23821139733939
-0.091617266082682	0.212014441065233
-0.0591571831445744	0.124912083878636
-0.0229716988688457	0.0438147924395741
-0.338592249139697	1.20637180145249
0.436457114012641	1.12753120165035
-0.37177873653299	0.598543115532999
0.629104574482169	1.20844828746863
0.0558400726016969	0.0433604959440931
-0.304849391920444	0.338628925625555
1.02684032617247	0.865789471627056
0.469556813506978	0.446666459956149
0.448220585415996	0.163302427940867
0.0573415862763404	0.0237806170915911
0.0716265412894518	0.0238653547584123
-0.14657544718403	0.0666385577977354
0.259440817929938	0.249535628715876
0.00630538061029912	0.00796043503905835
0.288471282904153	0.345410773537106
0.0657038553672614	0.116030524781502
0.0194194848433765	0.0323748218995282
-0.0750039575628171	0.111471407607624
-0.14315842507128	0.199823891200421
-0.270801914017225	0.340013613511229
-0.281518971069108	0.564977507592601
0.157996531771604	0.319148871256959
0.0560431046664685	0.100343307848103
0.120008709894097	0.254039519607231
-0.0718177340149146	0.138873394021973
0.0824373476468102	0.161452881825087
-0.317964654352871	0.713328202944798
-0.411881368990052	0.668313923981402
0.638856400181579	1.04212809786795
-0.190436853258543	0.284436798172028
-0.340064587494816	0.832021527666607
-0.205932667746394	0.449881017316985
0.0811033035713462	0.146062348549126
-0.156943240072019	0.291244947227099
0.373685969266206	0.989430276738338
-0.191407292972002	0.406957186266646
0.25705734694933	0.624384810606141
-0.242582962251527	0.479349632148875
0.417802969383679	0.748068586960689
-0.0131853574610371	0.0188787089819358
0.00161002026546642	0.00196940581226346
-0.00442031009155184	0.0199400850282597
-0.105999097760946	0.589358292952774
0.60999900092103	5.67225307568512
0.45311394561528	3.43348686978436
0.138465462149941	0.530637013370748
0.148307843256088	0.542427048433349
0.0529317783834946	0.142477744861476
0.0285389578620536	0.0718854259373676
0.0504889631345352	0.130242214841747
-0.319686143868432	1.35114073947475
-0.137161514852287	0.397415740395824
-0.354746108499973	1.53683887473698
-0.269854123338028	0.588946471052375
0.216066808183334	0.411012565901714
-0.115135361502594	0.231440153454142
0.0377138786185313	0.0843765531932424
0.221687595631708	0.605811546268339
0.107224123442167	0.256011447686407
0.111660965782651	0.270496100674118
0.35372689306192	1.19717824951732
0.172397271944525	0.453230865247393
0.229921089594841	0.693044410776127
0.273917560116569	0.865361198616299
0.321218469083461	1.12754366427434
0.182209097115795	0.329669620357835
0.931977173399506	1.95853499463793
-0.204337616802119	0.266350966046352
0.720994712449872	1.0485515643564
-0.324610947113976	0.405870705238149
1.15189829958263	1.25578074852674
0.756358122274223	0.77814818785001
0.612647739636594	0.185389565642619
2.28668261106178	1.11786087983548
0.0761905732260862	0.0244582023508815
-1.56659575282084	0.825554684261866
-0.582011928703886	0.30865882860686
0.0552992181632537	0.0209404688823635
0.0367022295889412	0.0302127498716403
-0.504720097308149	1.1297010577853
0.300645738440607	0.327852594349125
0.263784322875515	0.585525994318124
0.0586521735411302	0.0984812861573563
-0.311304419486227	0.535513354992797
0.215391885284448	0.342266699007804
-0.173232795583478	0.182137246009816
0.310511473955631	0.537403280612905
-0.040023380623391	0.0688047659291106
-0.0425373537398206	0.0720663338458155
-0.282896799951613	0.726117920848509
-0.0360706139213187	0.0599522220693028
-0.391107775046631	1.06923723568939
0.0480580466636586	0.0734085460500769
-0.548857244593427	1.0131139563068
-0.234501080545594	0.296999033577233
-0.176297653369834	0.253844317187862
-0.421466644747861	1.15498591332989
-0.36310963936446	0.964671595223205
-0.314132612170139	0.800224947429638
-0.118424124210887	0.213064654241441
0.253205324460689	0.560524274683084
-0.301287837632255	0.750716477142122
-0.0497340812253597	0.0840856113194529
-0.0190461331098702	0.026407427613802
0.184143057248061	0.23880634744896
-0.416089348620264	1.03875948732871
0.0245590047348135	0.0326923396281421
0.204054970190783	1.83975383082366
0.410005067465527	3.56176472628106
0.243872117130849	1.34140371453948
-0.101142198807644	0.359647681537278
-0.177057146343809	0.705047417498403
-0.242311124487283	1.06766689610878
-0.315531871315925	1.43673791816597
-0.83993770594023	4.88184081789171
-0.345340923034403	1.20748690592467
-0.235345095275449	0.768723087635699
-0.187325438665729	0.526775852361981
0.0386379164949556	0.0742534792214724
-0.0626512757133234	0.125801048060695
0.0100297281010063	0.0170917965257891
0.0361311819805721	0.0692239241515783
-0.104021194633693	0.214877130682207
0.00221854659078518	0.00378635969720471
-0.286102606955975	0.845121991754219
-0.176681638848154	0.411502598570058
0.458331079075764	1.08716491524127
0.59068165505962	1.46455632968321
0.768317957312288	1.61875783651403
0.427710928776649	0.731683710165805
0.842492195408507	1.31628313835245
0.549342266528359	0.959741258182474
0.748675842719622	0.60539623513167
-0.116943756639762	0.0582056658877358
0.776953997523936	0.529663040874003
-0.308597310491665	0.104286557507685
0.388822661005831	0.239988722084732
-1.08679229970946	0.97695645944467
0.512651667635187	0.52113158065427
0.483553235014561	1.17403488847141
-0.157162026851961	0.221845526155239
0.287016162151754	0.641396564613104
-0.317676415892933	0.647061843695323
0.176104904904723	0.312554797313344
-0.453162829239004	1.00019236462355
-0.549574312890356	0.942139498243284
-0.0978048071288971	0.13341362831083
0.15883899495986	0.286248053505874
-0.106161239134471	0.189980768046926
-0.157989856777495	0.302342572739777
0.112891976144263	0.200897677767015
-0.150543129248837	0.265016015489894
-0.100176065845185	0.163364975570783
-0.32723726422052	0.57570860357238
0.403147149799469	0.708774317411359
0.117900128101875	0.187190011176372
-0.29093941590227	0.501977858108584
-0.074910824978691	0.11445292972644
0.256815173627079	0.516162597476852
0.172925466348841	0.330424303097305
0.190926840324777	0.327372335041625
0.493646432610185	1.24859907609573
-0.236851728657818	0.458838106703359
-0.0354848050377031	0.0486944778251692
-0.0667132864419551	0.0822391685422021
-0.20652881010575	0.365320913603953
0.00253861982210861	0.00292865368265105
0.0184785271469036	0.0853660904287492
-0.0809240840228882	0.428164325213781
-0.334892052196741	2.51347160157397
-0.492249282627018	4.18098414730908
-0.394774404061014	2.72690176868175
-0.505443899905649	3.59911568367971
-0.725203967827593	4.18941492698833
-0.440959636184952	1.73744326033752
-0.326649463753097	1.36236621636615
-0.307868192644596	1.0814356655594
0.176272303700081	0.481020107912587
0.318965447806798	1.063670093067
-0.336686597954304	1.12167264576328
-0.386276669215142	1.32134408690029
0.0483626464339321	0.0935494152688582
-0.0793223596514004	0.166439326384649
-0.214046367996397	0.601761895955169
-0.392994597231805	1.31821019813955
-0.0314551362900495	0.0471534632926722
0.192898623068637	0.35624478447895
0.328219365243647	0.575149692291937
0.328176774678441	0.624550613024858
1.23947020080252	1.3273676540169
1.31445148039758	0.957905990448898
0.735425303160233	0.313657849579674
-0.231035442330583	0.134674828254084
0.229185955340555	0.137999811979443
0.22122753762211	0.140952352164532
-0.129401537264356	0.106593471022695
-0.00672606810975637	0.0092124694707115
0.280811515626249	0.464740356399673
0.419170371253416	1.1225411613877
-0.0840469002732361	0.148642381218573
0.144125108091822	0.267252247295779
-0.175192723233628	0.311752682955506
-0.437853302818369	0.692337694052105
0.261030889458114	0.425833277331486
0.217683273987242	0.459949201360041
-0.226261729343962	0.494143333073027
0.0344353450541569	0.0536808461543841
-0.20193644397811	0.397479211938537
-0.0396797486295131	0.0617808069182799
-0.246488110026646	0.535641164718256
0.0202914984069457	0.027898128743527
0.206084525056063	0.326692938296834
-0.128459183907445	0.228294565095888
-0.0396080836437818	0.0577216871106954
0.290218883981732	0.616270433572146
-0.131473040682136	0.227358424160945
-0.139187868896017	0.256252925697613
0.309269749629453	0.592497440722726
0.218028715906157	0.420894920497458
0.0635591357974809	0.106468677798029
-0.15715347947085	0.286154732712999
-0.03736548415776	0.0525549641431331
0.352176718818822	0.699267400572708
-0.481662956249326	0.872262008256657
-0.0480267342464836	0.261179548784798
-0.083516454179772	0.443178169207622
-0.1969115269463	1.22945769349605
-0.29277619558496	2.0751829976055
-0.331223577643656	2.27693721464199
-0.421719278276754	2.86666360020835
-0.385406967360774	2.41578026953953
-0.355569097574775	2.06762470010945
-0.553349478156526	1.95586255618682
-0.301823899482936	0.939932840002776
-0.147981491118969	0.457932475936577
-0.0377375757364716	0.084201333510423
-0.0431575853934314	0.0957224539559288
0.394948681512121	1.62801046154638
0.149169563030789	0.397920711426043
-0.0530225575741275	0.112992852741531
-0.152973749762178	0.411859571219128
-0.0799512232020366	0.187548915202269
-0.138157329409975	0.373153205074193
-0.0656309068820775	0.120812298119507
0.42592300414148	0.743169512332215
0.0379450945444456	0.0388790107800153
-0.385673416462268	0.411982297300013
0.200615961725923	0.240007505912098
0.465427253266172	0.351621085361062
0.195658047340829	0.497160240960969
1.03727503429108	0.85337229973886
0.360204446824642	0.142480722564538
0.282632191026304	0.134196763389287
1.53769376334162	1.00835780601231
-0.649147925832871	0.769912365454296
-0.0818864014849791	0.113484467319346
0.232753667133253	0.24685817189872
0.21105084401941	0.443287235835704
0.0673800523133147	0.113078157674199
0.0173303432124424	0.0227728685261765
-0.107623600961233	0.134792385269446
-0.416292634510744	0.497308543549073
0.037418013060181	0.051615979591065
0.151658040567472	0.321348315440277
-0.0928469362049873	0.172275875283659
-0.121255922618221	0.263189443339029
-0.0279171143153831	0.0469570906804438
-0.0548714527320514	0.0996639082777131
-0.32620791096988	0.787466870722955
0.317651453251568	0.467347691398625
0.243982436181614	0.33149597176224
-0.610937293402889	1.26455751305918
-0.693368564220733	2.47701445254753
-0.105093292940896	0.179964391452988
-0.0976257921665449	0.177123794208562
-0.245531161523106	0.506773596871114
-0.231850341905075	0.471631700350004
0.389819032173528	0.977982073127413
-0.304788121782057	0.689832218444818
-0.535769606561509	1.29278007562241
-0.370423745795538	0.592497576039118
-0.432294776007183	1.04007194033764
0.328914622456993	0.591790438160994
-0.0085040870607038	0.0384161745202367
-0.112397910535203	0.671947409091509
-0.143976600282461	0.788130470289969
-0.195453778445946	1.0797854707655
-0.295438788979004	1.76164098586086
-0.352217903261924	2.14593798157059
-0.272646548595298	0.675118088709695
-0.173311264145336	0.430949402854454
-0.287307000568725	1.13359807819079
-0.308680848310484	1.01277071484416
0.0452967779070219	0.107888902352759
0.318964014219532	1.25562365970279
0.119252859344158	0.320465342518167
0.107589120797639	0.285775720834201
0.139164684652508	0.367793629197626
0.0538354950053048	0.120966002030159
0.010368678498452	0.0215154665417477
-0.0736209641642419	0.117095874038311
0.0289737812084033	0.0313110675059258
0.214987455828597	0.308742136244079
0.253395299630787	0.287264820928094
0.442309002699704	0.681374276610666
-0.274029431898739	0.152250810556079
0.208183276581265	0.140335124772684
0.110978986795361	0.218011568926255
0.275208660857446	0.799017610016457
0.166509664196868	0.363809923253968
-0.0657728096958619	0.128024082899827
-0.029340310055171	0.0445397660211679
0.512732315210938	0.46586952479684
0.961354570132191	0.361591412302932
-1.36318946706586	0.662331111128015
0.112988531215602	0.0287108076421722
-0.452934747405551	0.622407520347873
-0.197885405182428	0.309421248895111
-0.451477378924967	0.555470807225514
-0.103434272338218	0.178018733655662
0.116585120130165	0.222569746952301
0.20524804783604	0.298257918044004
0.122654209098802	0.151068748313951
0.667196461019302	1.01187814762353
0.270322746194712	0.47749590378991
0.0296866835724293	0.0480525462788624
-0.136625722285938	0.274998024842906
0.427723181222774	1.36747107479508
-0.366113863944865	1.06976103072834
-0.0363656311287342	0.059649910223387
-0.502355958466612	1.30270800375453
-0.0253814783757927	0.0263313316398836
-0.108051947093439	0.101103192308535
-0.716362035967559	1.76136175936744
0.0933133946740431	0.154897146150051
-0.281084717484125	0.617134973495856
0.416321812326142	1.07630621315311
0.000532077049233283	0.000794290152642319
-0.147081969817062	0.266472592648788
0.236601985796047	0.520842110256995
-0.100235789709184	0.171900128688659
0.296320482952943	0.540036453578891
0.545770866686493	0.91054511568501
-0.0457869868456026	0.060058179598698
-0.0779937132386184	0.0950422248197623
0.0227874688590476	0.111498010036232
-0.103486988045895	0.604085987511245
-0.234466859372954	1.64318218570478
-0.251333898398806	1.57444495312301
-0.242228564900406	1.34407181938084
-0.291399569045176	1.61557211004046
-0.2614190262738	1.39227184386786
-0.343273634300626	0.893258859254648
-0.282129773220307	0.899311573682534
-0.0901527983124064	0.261970403445388
0.112435821368922	0.288698511263897
0.253057031536006	0.946854298017467
0.294813532390016	1.13077640707644
0.117535795722595	0.331048364945296
0.0608742179775226	0.144662008915899
0.0565771226115781	0.140620946599185
-0.100032714655651	0.261809066472679
-0.0360472364616564	0.0819781129004893
0.0723829467051722	0.126646134740241
0.547551459303492	1.13790159311983
0.824477595260411	1.87081969326623
0.129535094188764	0.106174167622376
0.110445835667025	0.116959482150508
-0.546587404891058	0.37243446478059
0.0420076032503786	0.030527542271341
0.202182015626472	0.519730380952482
0.368665647418255	1.2422564901141
-0.0756714394029295	0.142599646580281
0.0309137314345898	0.0596718140652791
-0.0890440394013047	0.143929376757133
0.532458930020277	1.15295719830588
0.873005658144202	1.08512641928014
1.40290262296238	0.473801590956212
2.2763858409882	1.11091431966293
-0.615092866829501	0.241262756193267
-0.255681501367466	0.252937207238507
-0.25755598323259	0.453999448605709
-0.434372603416442	0.54816883359195
0.119679693300989	0.234596579186216
0.155486866472516	0.308022566454945
-0.199685777721373	0.298214429781206
0.303497641700183	0.520137605518301
0.193340686768733	0.21636127500793
-0.233909881439485	0.395605071121332
-0.049494376776768	0.0919974007160146
0.076224392656009	0.146599290952727
-0.135738412060447	0.295844567367553
-0.132062088935769	0.269728674548554
-0.227752609621403	0.530255203308324
0.253652760314605	0.511502157382277
-0.0519779139656918	0.0557444685886991
-0.0436174651436667	0.039658788422081
-0.0987056807223426	0.131115969232805
0.20091937584108	0.409630746275116
-0.041517708811752	0.0710363263076266
0.131742639421806	0.231194177419913
-0.27786508841305	0.631337422039537
0.140585036259013	0.266031111823441
0.123667966568426	0.243847927214373
-0.204048657066538	0.428027390151474
-0.425453398995656	0.892660921839779
0.548814069409124	0.997396342900777
0.200450933378686	0.331450895335419
0.183596988739819	0.258069741023429
0.0187265796315678	0.0916984116767052
-0.115220191465597	0.701990986153465
-0.195656143241613	1.24162180519311
-0.38496627772407	3.22190310352028
-0.404293406358749	3.2483675335043
-0.278111357166488	1.69963276140708
-0.3418802690881	2.11288028711769
-0.365495545923372	2.17927916469668
-0.0456463628251786	0.0857942936022083
0.24524224984948	0.768839409966541
0.138838006602954	0.510814692074915
0.315950833192151	1.29469200770273
0.507456955774166	2.91180935023714
0.182726196963134	0.644658112447137
0.309377403432703	1.33964393956636
0.412219843011266	1.95023254823868
0.313333143726916	1.37766819869536
0.0555334139733614	0.140234290373618
-0.182931284888713	0.601634604250756
0.0285430349934675	0.0476203375497633
0.239779480180988	0.366883610877947
0.528754022337235	1.05139128191739
-0.247654709999863	0.245450245062622
0.147573667713543	0.176878127324043
0.43558476909514	0.339976042748164
0.0800236957350242	0.0673475740425497
0.178493125469329	0.462998509071713
-0.234958473968275	0.617848290296337
0.0872937438776345	0.182325314774823
0.0177922868324107	0.0329755030981075
-0.0938222848760224	0.167410330713085
0.046358129227086	0.0677668743941082
0.456999135657022	0.413324395454283
1.31169016186604	0.976325291649455
0.962544437705122	0.357033478852194
1.48663750605301	0.758598303689936
1.69730229486213	0.97603788221596
0.115286609781096	0.0286234996120476
0.270632085749864	0.128695860591686
-0.118598368274533	0.110550332031187
-0.0439864615918283	0.0638882876376191
-0.0533766533689383	0.0485672695102829
-0.0405627090180113	0.0695379341894338
0.0584803437618857	0.10529908320676
-0.0450716306406653	0.0628030063718363
0.30392857406895	0.521955400750474
0.328683484959824	0.448698919332586
0.333047856033751	0.683635140305343
0.0866431260775864	0.180651277427263
0.0728904819796577	0.145694425014863
0.296836623843276	0.884022190153332
0.00100638755903803	0.00172043755943164
0.247069842848972	0.650440681238724
-0.336533448303145	0.830872845852355
0.114346073522785	0.134968536051833
-0.0671837145837723	0.0667405379364507
0.0743567512652427	0.0977396555468717
-0.0171636387092469	0.0261538735472176
0.109290413721906	0.206705863841051
-0.105739135467761	0.189516690168428
0.132551937000113	0.248446217573117
-0.0146417073412684	0.0229138216267469
0.152529393048812	0.320130853411134
-0.11402607418413	0.220325751267115
-0.341138528178105	0.66310162247249
-0.390672790847383	0.671606399076228
0.11355233046592	0.182218034534263
-0.00771377075655469	0.00943959641470724
-0.00797153121457256	0.0368103342502219
-0.0993436833678485	0.572915629659669
-0.162647199523242	0.965781690927783
-0.190468536237871	1.10048854043657
-0.362910282670338	2.70999948973444
-0.437702227480514	3.34846116387561
-0.448578295948691	3.39782284063301
-0.182856330042926	0.539270086283985
-0.197756845359906	0.489497111836516
0.212480096971977	0.632613991811446
0.0230903343272482	0.0612979469523394
0.250611705602342	0.978739339093878
0.395359663646814	1.98366544397314
0.470563550973695	2.53182805964547
0.684696372805924	4.47857847491643
0.376369098123722	1.81658304194992
0.419539869732954	1.95969930426225
0.18904129240023	0.628586777654365
0.195918552775405	0.66254076106195
0.0204083251825488	0.0357272734589929
0.35182712492902	0.688511026498056
0.836497579327038	2.11716375968178
0.654261281784795	0.900842511252016
0.750168752562555	1.64409061318023
-0.386754148144844	0.17552379061745
-0.875521644973819	0.936276941703864
-0.0794838888843659	0.160403555658674
0.00538616846956151	0.0100085276155533
-0.215493651812149	0.526260048646068
0.0607588431004113	0.124284937468482
-0.112397259414732	0.19791268652264
-0.653309880053138	1.642266365293
0.268863495795474	0.250859880872224
0.424904955682823	0.435919913365041
-0.402465400473475	0.187414568861171
-1.2516664052591	0.712843850462749
0.526475640330492	0.254163799537283
0.445069001106705	0.157544484829936
1.1916424340285	0.664638040442373
1.44931795103691	1.16988872658364
-0.0572330895573708	0.056863597535785
-0.242513008970916	0.433162282750107
0.162656986456151	0.180532378634001
-0.377218967650291	1.09757528026989
0.272082304362873	0.649111901226651
0.360301395159484	0.728523794128478
0.370840745286349	0.681321252099353
-0.300097914939753	0.365141850444431
0.00687998236257921	0.0086733265903712
-0.300601593690763	0.862288215660788
0.147711865492781	0.3341903714646
-0.379488597195654	1.2313549901092
0.0687927413300627	0.134207717381953
-0.148990100519988	0.328141713104266
-0.241265504665752	0.513035037905875
0.194264792815985	0.26363333960462
0.44095964793213	0.576792205702519
0.216832585369188	0.317366657989423
0.00642893531471436	0.0099046045262178
0.0329654486186785	0.0539290996073998
0.117899236943393	0.214413950966607
-0.264866277313973	0.634151030288796
-0.0215484459715104	0.0355415157239028
-0.181697840357753	0.378387964317244
0.282052076132399	0.638301407419593
-0.0673685413823409	0.0894917632296395
-0.0103382194979336	0.0112435775746939
0.132126761132001	0.228748925304534
0.666604688389554	1.65889437337511
-0.00797965073718297	0.0359218515338797
-0.163071759682818	1.12475268729171
-0.19246694915526	1.15798433352563
-0.260473171200961	1.66761545547699
-0.457159692226153	3.6459223086923
-0.362614304785498	2.40085258608493
-0.491120016389533	2.30820423625539
0.14646302132569	0.351461699942724
0.360773523475037	1.3664836838437
0.118546994577662	0.405342789112498
0.317241080056956	1.41539588854123
0.389563911996356	1.87724568425072
0.423617476871252	2.22456909264246
0.387088506382304	1.8795651410304
0.583770751867477	3.40994056496782
0.405845515818264	1.84600696432277
0.414443937250666	1.90724649123748
-0.0167259530331446	0.0371482327586316
0.443151875895436	1.39473719167886
0.533952907642253	1.04280137478349
0.498131051824203	0.94630516064747
0.2535672681153	0.253338078473126
0.125331118148166	0.136235510460194
0.356830817556617	0.246164479378458
-0.996428660855145	1.18883655378405
0.0119775980829374	0.0209201869287355
-0.036139897650504	0.0695866189939288
0.0795555668055487	0.146756820378607
0.174538127086982	0.451150616295743
-0.0114770792328448	0.0168964592022608
0.46011208227717	1.05822783406758
-0.193635138882423	0.159340772066996
-0.583041259280322	0.620300286049159
-0.226712350304147	0.0832000760850116
2.27821499142969	1.15272679240282
3.89748006657388	1.71426718004543
-0.413296082833356	0.123702559230249
1.49548766951204	0.71897462777334
0.618721900126122	0.268689087608645
0.124138921732262	0.106973937966315
0.257875102935345	0.498402124591629
0.52653297684863	0.815282182061095
0.10521915472654	0.193151299318694
-0.117470249396233	0.225275686820795
0.157128408575227	0.227946605199374
-0.0993999506933147	0.116453533008802
0.446311074632245	0.526212965369689
0.501377864370203	1.07451835875761
-0.209633995226314	0.481786532548696
-0.07138292964021	0.132868387937602
-0.00315734030502912	0.00522127571015127
0.17552651117549	0.369563048041564
0.304872073512898	0.796418011424185
0.0631086674584908	0.0920087525949434
0.346438169142223	0.525157263061224
0.401118741892304	0.516030100971519
-0.289662793546443	0.486740270910642
-0.271621968003712	0.578543765997809
-0.00261522631892769	0.00385402371579668
-0.00723617779033809	0.0108322166521008
-0.134926051806122	0.247252130943275
0.0678256225309498	0.109557065043711
0.20006421046747	0.413968596918947
-0.155815918887551	0.305986251764571
-0.472541051388298	1.05024237583738
-0.21428116451017	0.295379659926114
0.49971409498151	1.15960846941986
0.0940337378742347	0.119645297655923
0.0237005554109805	0.11727172881265
-0.0667655328504378	0.343934019503386
-0.180711542009127	1.13391915125919
-0.201869001124633	1.18704631198948
-0.190954935846642	1.04068628316793
-0.265016495624838	1.06499931808888
0.042857113723148	0.0909920181466645
0.345646960306816	1.54433354516356
0.239370892497533	1.17545205300787
0.486744094865016	2.9781924551072
0.312183649837459	1.47997793319808
0.515726766205297	3.21953013705385
0.264494526294704	1.06580571428047
0.265475409532003	1.01783107832467
-0.0880935432538309	0.250483499137908
0.24599529246307	0.65604073331266
0.559187440036547	1.29718762746512
0.929739006633062	2.60145509938591
0.630491753375031	1.04475764488814
0.240014942690678	0.351588338360264
0.399971319157176	0.336471474364646
0.762073850603249	0.826316979058234
-0.156755529437499	0.361101989892604
0.252898418978496	0.797364441635217
0.157911079609349	0.380714365042796
-0.275060798107672	0.832140845329788
0.201919876797265	0.463649402188126
0.247081812089486	0.472862569165199
-0.80319812156724	1.02325765163479
-0.852856547508915	1.18029858452623
0.817101654384355	0.420508562757229
-0.874867327565519	0.500498930572146
0.44730624786212	0.164143493470563
0.608127525175118	0.286693576818328
0.96242432306685	0.353768082333416
0.0779004718200757	0.0437660288771577
0.138527478133413	0.123392769228343
0.03187258425227	0.043806936586376
-0.432129799688182	0.551602840147888
0.120253329957331	0.224907403490016
-0.00472931601490863	0.00767781167226315
0.117000347863987	0.171459843143943
0.110634239456632	0.153783680380533
-0.065519123323299	0.0636101585448447
-0.136097441311386	0.230650999574262
-0.182878232702795	0.437252596738274
0.34111590831826	0.93189029508744
-0.218512221650279	0.563742743920513
0.251099569781909	0.615694264921183
0.0640802968160935	0.120867604011849
-0.352270681951386	0.825010395062232
-0.164073382077295	0.192951174095006
-0.0236322758691875	0.0223927700251195
-0.641037836130967	1.50020522193181
-0.21860773285982	0.481450015346207
-0.111508756389879	0.21678486214815
-0.0066746885262512	0.010936914789045
-0.0653808015475981	0.115728474639829
-0.00176295326144294	0.00277572647991089
0.397105030658111	1.143995903702
0.209961273862067	0.46355661468225
-0.0663137018742981	0.09492194141115
0.347784524265541	0.582283948891663
0.274582293720703	0.50696958718262
0.410276563207376	0.804134398767858
-0.0498510308088731	0.277183862343904
-0.153346223508224	1.05757896334974
-0.191737478444076	1.21611664353055
-0.315045246498703	2.37314920416993
-0.289551087318593	1.32342242542954
0.390174915649007	1.5177427215047
0.512568617045227	3.45657911285704
0.54959536082368	3.57536722715691
0.532203495306327	3.48747508415466
0.371093201905188	1.85676369954723
0.220789685450798	0.804795724865034
0.0866080909704648	0.243651045613077
0.443534849455633	1.50241381005115
0.284828679866588	0.502593845623895
0.28514443603383	0.503185645443433
0.583555517160201	0.834051748012975
1.03919759994293	2.45995794224815
0.466448540177487	0.353756142300836
-0.135740887496156	0.12930337965541
0.113053213918763	0.258486407673498
0.12357469074345	0.299350571725161
-0.115666108379949	0.240848851777642
0.136015377664158	0.320749870097156
0.294955308086814	0.68501613719539
0.000414246557983491	0.00055392033625616
-0.036957086118581	0.0271825502036816
0.0207233678200806	0.0173442302007591
-2.32011382683834	1.96732921564164
1.49054980784151	0.76115133671035
2.20200295991967	1.50736263262051
0.439446208498423	0.155588204672542
0.513562642544724	0.258100856768668
0.0620482790232145	0.0217909106185124
0.397924301817395	0.433607003412221
0.0491652358429092	0.070436353803108
-0.153261305842161	0.157359338571671
-0.102213396071831	0.191657884408876
-0.184969272802895	0.384029865284103
-0.0818157727364059	0.109805056469607
0.15438241338866	0.20584059655933
0.184400118726378	0.228134430107342
0.246971136001061	0.467356101182513
0.347502894476067	0.99519432721188
0.0387436321069259	0.0700262198363038
-0.171387378264278	0.386135390485782
0.146769679665089	0.309752951618539
-0.464092652764542	1.40685885749207
-0.158244564637095	0.292278389076461
0.505747116658069	0.848529178966325
-0.511183752822324	0.682242903186349
-0.184412793862275	0.266401387347944
-0.108994939237843	0.192783353342094
0.0340656805008296	0.0566650084151612
-0.225730081105452	0.498888867074198
-0.0908602367867722	0.165152476778283
0.15608660581884	0.299733711752701
-0.175956547213291	0.352159900024384
0.0176333799749493	0.0271286028325336
-0.0836806223146112	0.123436228212335
-0.0299352903456201	0.0326281646027834
0.184399331934593	0.320745632042213
0.345252711158579	0.584385670735024
0.0471751309018618	0.263161920195947
-0.0581975900047474	0.290204448773382
-0.0927092527115022	0.448930058138409
-0.351692125917612	2.05382959261119
0.326814859169858	1.60413725493195
0.509292867130952	3.26807987887683
0.30517674087646	1.3997671481749
0.141035418854016	0.459286688275445
0.124771969777563	0.278265446684051
0.311979754249122	0.517590953368545
0.622660289318784	1.54888807984917
0.2682290895038	0.282238930501679
0.475476534405804	0.847383151238909
0.314487386033764	0.221220405928203
0.268830500371852	0.233695107661617
0.226868811816753	0.619656229635696
0.00344493349931678	0.00663761493297912
0.21308770977923	0.545198136483668
-0.00918335989133416	0.016895607657122
-0.165576746531117	0.334310154409056
-0.443389388092708	1.00986014902672
-0.229404102591853	0.181386776150376
-0.10232761553345	0.0975130182643694
0.425179989537273	0.246434482052558
0.307392567065937	0.132757706069059
1.40701221931372	0.47203606268307
-1.10444322726406	0.472808117329462
0.364969186295681	0.144480409742996
1.24925865504213	0.549810217976804
0.592032279010467	0.918842457303878
0.412520438228817	0.933208850008876
0.318806588798103	0.356625356215809
0.159628103555527	0.312090082527572
0.332498905426228	0.881824238865404
0.275403266558554	0.505929810436802
-0.20422256639852	0.339073593831046
0.87453991909215	1.63307409949835
-0.11040679326184	0.170548847655213
-0.0511768703445339	0.0956006274498135
-0.269079193433177	0.738518357573217
0.254110194763403	0.647102071101746
0.268715129543387	0.743497019736429
0.0426088791278156	0.0786429871443585
-0.221443107787507	0.489200890031802
0.321805083215506	0.485706060175837
0.561850868625958	0.84805832382582
-0.886313018751552	2.03773869143463
-0.2307216900634	0.492250290202135
0.145595443239882	0.286637252425903
-0.090889007895733	0.167174187710441
-0.206214279175662	0.470555542802559
-0.0253795281861098	0.0410633221025048
0.272681832303951	0.692019370644581
0.0430061875411745	0.0702612487990491
-0.266876564193593	0.455422710165848
-0.393821666207958	0.658777290809471
-0.0920999569651149	0.144610071949638
0.0447686369260703	0.0577631154098488
-0.0198317108141245	0.0958778532322747
0.0339672268705141	0.153463757188071
-0.0465894350753708	0.152384056300913
0.5049241736398	3.38822339174419
0.522512694005271	3.47610720774167
0.455401979590735	2.78599466173763
0.212742244134519	0.81287921386621
0.0773474298181049	0.216950841319159
0.0235393269824866	0.0437576911889735
0.313285431877787	0.578745851816462
0.947300779647289	2.99138793323771
0.261685005015814	0.278454501654999
0.403269687851151	0.74505982474812
0.0738422305846614	0.0389454874163138
0.0931498831317904	0.0769825463218525
-0.164400690931209	0.40004359209154
0.0660332264304648	0.142823431011758
-0.0680809024090169	0.135424939217532
-0.0175551055980961	0.0335894870232623
0.0655476410687883	0.116917396839464
-0.502573914071072	1.13584811897354
-0.503964303366434	0.501972966702037
-0.464824746769824	0.551847366039168
0.456333413569486	0.254906306140578
0.912889390104767	0.252558480562074
-0.294550650995923	0.0979092887315734
-0.669511973462212	0.169187072363845
1.18909312831908	0.637671917930329
-0.695135999590627	0.353626971167267
-0.160768096231195	0.154747231038739
0.0576126929874366	0.0839750364620244
-0.401805153733228	0.531496544040562
0.24061594377292	0.550416880061044
0.210896496215226	0.458393439785011
-0.0902249753260418	0.123272831231195
0.61844669361889	1.37130210795765
-0.230348368589696	0.30855426554225
0.332494002819448	0.655286930724797
0.029106443071079	0.0514214136394416
0.19251842514757	0.433239270470921
-0.0480454028428469	0.0860350214814913
-0.0756474625525456	0.149629687461162
-0.18450075215806	0.429052902458788
-0.0799400054513268	0.137753043001048
0.338386319537485	0.507605869753902
0.0444000378235798	0.0375229899817128
-0.130079669166673	0.182398716942781
-0.53027172891487	1.68471961351888
-0.126134921571645	0.233057631718398
-0.160434006758402	0.323630272939898
-0.343188430896728	0.8585895028246
0.0254943045191292	0.0393664130625159
0.229116531418719	0.505391086722775
0.0890004341513814	0.159991600519164
-0.221711546822589	0.364195476231635
-0.25721341291152	0.354957639293546
0.340359235837367	0.758732678982742
0.33185331823413	0.60573115425926
0.0818640635749883	0.520694330411916
-0.0471554307703709	0.207113474792281
0.267439712083781	1.19416925685371
0.240359713621827	1.00983468946533
0.298300829648421	1.37605153763318
-0.0335325049822942	0.0836454497257684
-0.148540799713797	0.428292277924563
0.465412330447834	1.22381954160191
0.0563279559315196	0.090311073810098
0.942247147428722	2.10986918273793
0.596918971019372	1.54049304582761
0.982574369281398	1.27872546942083
0.128298847067588	0.147903709174572
-0.0208361501819641	0.0423445936487105
-0.150985195026867	0.394850841818643
-0.206795091895629	0.533657470960623
-0.00534498102030216	0.00988946348700048
-0.0181526153469106	0.0330629122632134
-0.318621813858125	0.815391626609103
-0.100893564518995	0.0891955919993281
0.0129040024937052	0.0125119066591279
-0.994560410641647	0.853067318995648
1.37896252580739	0.809166726423634
0.410478236623497	0.246128881255135
-0.601484776137713	0.230483293077563
-0.876766903503042	0.578932317848362
-1.18935641674259	0.813030671523514
-0.149754795718379	0.149570673616332
0.139727730978197	0.226239704852775
0.459492420460685	0.818816949408537
-0.108507763211774	0.20196126335129
-0.156227454295745	0.326835733764256
-0.184597841715532	0.354266021538446
0.0673916147572805	0.0970305706089938
-0.0127166746049606	0.0127952080306991
0.158798012841873	0.271118587194345
0.284552501373559	0.810275794977653
0.034413020881393	0.0599284740933553
-0.0314647276261726	0.0565797363715105
-0.220669987695196	0.547059765247361
0.162132428560841	0.360318884388671
-0.0612015704668004	0.102773576960202
0.334997938933992	0.62508554560626
0.00706972791434548	0.00715593775399846
-0.230703898008084	0.410531053114836
-0.600242109044368	1.97606243956212
0.00402600003937752	0.00639894381820621
-0.132737367441016	0.243166456637197
-0.279859489875848	0.655482175336637
-0.0325191510054632	0.0541600189106994
-0.0399661808518316	0.0672631064698561
-0.118446149598006	0.235186917836754
-0.174355289666287	0.34049184577661
0.147864400856923	0.236031541990409
0.101240617461257	0.166371638647594
0.187455019177932	0.302769614013353
0.0268065021097381	0.144674864766177
0.117121765186637	0.530539766157184
0.108392069123775	0.43747450641595
0.113733433284243	0.347471967235355
0.120006494832259	0.347528095684794
-0.0689309026997169	0.158272598563465
-0.0825505135539034	0.187746301851276
0.041186792131736	0.0853988453218634
-0.241650101736745	0.6427438494119
-0.464186936127357	1.93196846503635
0.0418159553234221	0.134070446076538
0.171117163995311	0.67273526900909
0.369330245406811	1.78697299355251
0.308055754605396	1.08900081491994
0.503012377796829	2.40682316445038
0.14876591639039	0.47449946463002
0.0237940754346079	0.0428000690282864
-0.0936148179445884	0.173481973363974
-0.240381939108643	0.625111709374895
0.134427013164019	0.237847112026517
-0.182256106640324	0.561693476453095
-0.104403934856567	0.269611055588357
-0.279066997897745	0.931333558741822
0.372744355141057	0.923165665681895
-0.016188200948135	0.0265434075922139
0.427479446917292	0.880802106777138
0.504439356841333	1.10294400919741
0.753903077681877	1.96714380819324
0.434094340778712	0.808583406546498
-0.0908073428980956	0.131128850354461
-0.0815349280584889	0.122475829603578
-0.191985077430175	0.464463678098753
0.00641278673235647	0.0138053778856078
-0.0489820469122893	0.0777042678832047
-0.173116066054226	0.315264796899755
-0.0414475299921835	0.0823492123295022
-0.0222987924736318	0.0445235369765854
-0.393309297855758	1.20532819008175
-0.450538984216512	0.633520849493934
-0.00856364374485114	0.0105867947204284
0.0224684776049229	0.0277916917521929
0.572911870306559	1.29382791049172
-0.342195944079432	0.578321503237061
-0.230335642134566	0.340399851970991
-0.102370436226145	0.185634445759068
-0.0692585529966007	0.163002704172341
-0.107147808882136	0.259720138799589
-0.0974766551226791	0.21374661018717
-0.184395487704921	0.257141022351186
0.608496304849876	1.17871644181042
-0.044658715288336	0.0638966632080395
0.115173868486517	0.164147696711087
-0.252766637654943	0.38628398179321
-0.288322965288406	0.44731737640473
0.279982258918699	0.57223662701348
-0.564503640843129	1.95955642856029
-0.164295965570338	0.396102813603423
0.220843723214731	0.395318017201569
-0.253303359619112	0.339715677713464
0.024024709946514	0.130281327699794
-0.286370357980591	3.21197857161465
-0.358649963803022	3.08593323386015
-0.208998287949192	1.15487663601508
-0.23885800136086	1.02774481107904
-0.297766061553647	1.28976376608717
-0.219649292913131	0.795786644292599
-0.301087014261084	1.15927122093877
-0.813231178995713	4.9857993167298
-0.482461276034492	2.08389236805415
-0.255150255345401	1.38172089685702
-0.171388355480733	0.709645079481752
0.269919395471199	1.23008908510501
-0.0149439935118429	0.0333748988900894
0.352659688124691	1.60010189877499
-0.00614695120332519	0.0148516021530724
-0.0136319716262343	0.0229161412913548
-0.272246334869355	0.70800262408725
-0.0687255852384208	0.135006746205798
-0.0568097821626254	0.0856382039286969
0.0279312758894628	0.0589927399677736
-0.0146692788831163	0.0282193695337844
-0.0952158542035847	0.221146337159899
-0.258367444926649	0.503685921751235
0.0400746243880653	0.0754686777536595
0.634408218403157	1.62635767397184
-0.0522573421796578	0.0736413256026306
-0.00927275657302734	0.0101277422589227
0.174182525405654	0.240301597995105
0.0041946321158162	0.00569002888491736
-0.330486826165375	0.651475415385945
-0.0262207509416312	0.0464181083326171
-0.105987752531991	0.283443007352095
0.327475889334353	0.69798125336262
-0.456220338923436	1.06126479447146
0.0386622236140196	0.0747940778256219
-0.102295662971959	0.238271342998259
-0.0665312436594481	0.128624026092223
0.189990919715882	0.224467274599149
0.117635978088222	0.163550577782533
0.443898512365756	0.849231447634437
0.0158345569813893	0.0181723456900541
-0.388940966974721	0.685081754513293
-0.00955510274906773	0.0118370436994705
-0.279223206746487	0.593749339217484
0.185514609337322	0.498497039630837
0.0259173331476127	0.0535856934520674
0.0520424138932017	0.102007657763134
0.0201806339833262	0.0207564500313773
-0.301260521060361	0.548710225924376
0.448527640914447	0.870100394011019
0.0326048882505654	0.0413228894281233
-0.19867052164256	0.255248680795615
0.103422717053472	0.139044543611191
-0.228453383032795	0.351992201324444
-0.134611539737202	0.284777841072523
-0.128315267925856	0.286460491883824
-0.00455900462877673	0.00560209801317275
0.0163855320285352	0.0164356863117611
-0.0567791009559804	0.350484945717097
0.0418177472636461	0.190212154947257
-0.0176786086351449	0.0607157680125112
-0.227792732600848	1.2175534652059
-0.25156413422384	1.27246661050381
-0.188249130910708	0.720534639944968
-0.364593211836639	1.86452071215393
-0.317731977978571	1.45504760581933
-0.350630832281797	1.55825909812142
-0.279898553182212	1.28469036991787
-0.0350411623867761	0.0901139063940997
0.0870377002506934	0.224427272215121
0.253150954157826	0.747047468282958
0.280668553150212	0.890594950634693
0.0531423147241037	0.121579377797187
0.015307850524044	0.0270855879880129
0.0636847448287908	0.123673508345942
0.265070139704524	0.689036410903956
-0.24098926989199	0.567344235677861
-0.157609727119619	0.392722903410888
-0.178573239331181	0.45218643231966
-0.287113401354674	0.717075306938767
0.0184271139012341	0.0236197565989996
0.393148734465624	0.87928898721044
0.334251700974958	0.579717312168094
0.72207297340213	1.6518743076055
0.451995648817708	0.66339096962456
0.269026200705438	0.358011495574967
-0.297913729806866	0.418782516134447
-0.680403412349496	1.47739340874353
0.104744036892134	0.212355515182825
-0.0397218159327263	0.0701849094826178
-0.154499247844022	0.311696049748922
-0.154147344309065	0.306864327366003
0.0385889368141477	0.0645643023379425
0.0389839775519608	0.0661305594950664
-0.0924268165370932	0.173671082021711
-0.0130254512574642	0.0152789854893959
0.10155754373263	0.170633300663067
-0.0176173571929825	0.0269091323913638
-0.0190218227628773	0.0277143673459392
-0.316393137481035	0.682001425791839
-0.205409338857728	0.347381548817816
-0.432950117194659	1.07979929273132
-0.131294341268765	0.25908530912644
-0.343181703409323	1.04911227175734
-0.171970875392126	0.374235491480411
0.145345753509977	0.224319906665872
0.0848748463140574	0.129582885367583
0.00241346432910667	0.00329404863570159
-0.105775988926823	0.168198767247758
0.100437532889858	0.139288830417313
-0.235836560552265	0.41525448981012
-0.0125086270263841	0.0151541032516963
0.0509134991318568	0.08211019966118
-0.141047165827303	0.270079262619134
0.27122861031345	0.509878953184269
0.143662138863606	0.185621876928152
0.0225559561551061	0.108837911427634
-0.00440971440870828	0.0172948303513206
0.0435529849931792	0.183474292844583
-0.053196762443878	0.21132243663999
-0.198430477338835	1.11310897753468
-0.416156504360272	3.28585495794892
-0.193262319053839	0.969606837006408
-0.379209308105082	2.68921269923032
0.12738132390415	0.268659661144232
-0.0504802285269684	0.0903066848207332
0.278046075087652	0.466736805968576
0.15853993890492	0.296935353220911
0.730317080634743	1.0480583244
0.457134508526381	0.849758724857711
-0.0831921368178237	0.216162785757069
-0.136243099476782	0.391926214792302
-0.220441520824923	0.718812586734732
0.148558299625773	0.412137831285648
-0.207516333165383	0.58668122752968
-0.182923949726651	0.419012520588218
0.0534681417893858	0.0519066245762694
0.211616608550092	0.292390397572131
0.230542478124389	0.13825213977492
-0.884210245186012	0.489886680145046
-0.225981386998051	0.0828924233844352
0.0627212477552118	0.0235614608823039
0.24275158046302	0.125404501384815
-0.140692853636091	0.0614744374181309
0.527852499074836	0.839449284865573
-0.00545619586617545	0.00822483292995579
-0.0697133192961256	0.0825886882976161
-0.00755775080516239	0.0131996350589424
-0.0546043826469937	0.105319218838229
-0.280022536168606	0.59376690500205
0.00249300298756741	0.00323659753691872
-0.199803380097849	0.273780768201206
-0.223128267998318	0.432657495026693
0.311270664261505	0.944814688968125
-0.122512765186067	0.274106494437246
0.116118747625972	0.254858924290921
-0.0938790900332828	0.198571317655984
-0.456917042346174	1.4956044745239
-0.318230262966468	0.842577312262128
0.505272707605326	1.02768338554389
0.100033003350638	0.113090410174946
-0.051178023699298	0.075147770640944
-0.20281739753209	0.424782727887383
0.00430728167159419	0.00705892770491732
0.0807477302457033	0.151636125057688
-0.00692578195708725	0.0115924925835265
0.054300006155299	0.0949543089108833
-0.232283415141414	0.534773833401941
-0.52169262136333	1.67635599601294
-0.428670536651159	1.03832509649482
-0.26813978628614	0.473396223368694
0.170714392361085	0.306933806333652
-0.0859752878739122	0.12117081151048
0.0382498295686614	0.20307016164858
-0.0906574194601673	0.518242067776514
-0.216821112927133	1.52010285668236
-0.235566215541287	1.45451157563295
-0.347416482140308	2.57752205044274
-0.43881526960488	3.45463761286004
-0.468038875495077	3.64165733932446
-0.210628528756393	0.612927370350342
0.2125361212292	0.600006216129699
0.523970202484606	1.25575444922025
0.066638358685342	0.107345612973336
0.523790941076098	0.876681363004208
0.370183580880258	0.8153688398327
-0.0201351369685813	0.045724422031458
0.0557436120202841	0.1354929240041
-0.184671534429	0.527843908198611
-0.0642406402543504	0.145705801666265
-0.209468599796545	0.63170999719504
-0.192969320180023	0.414819262114372
-0.221595491594322	0.275719934684359
-0.243309709712646	0.341888158795975
0.203172140344414	0.167962394868173
0.243488904584569	0.119454422331774
0.773498391977312	0.537633487838775
-1.54655677450116	1.01414872673158
0.555060906712705	0.358713096565669
0.229287655084317	0.141585170953648
-0.303670171864267	0.334614664766033
-0.241167948986065	0.545467589117441
0.411320480743105	0.841038850042262
-0.253634737698322	0.671863023709243
-0.0797159992369032	0.150409223654346
-0.0843331625239406	0.134278550067167
0.196377154372909	0.363203419320941
-0.0370250476028829	0.0439054598275044
-0.37854075822376	0.842992133372413
-0.198424732301526	0.478520931497328
0.0407495607002357	0.0740397333759165
-0.237413473350438	0.614057651373579
-0.0454376537089348	0.0809713529506002
-0.131643925713417	0.26186122068627
-0.400450701074502	1.25809405550443
0.0448374106635569	0.0626529449917461
-0.073674476153906	0.0793629399896651
-0.187161696783933	0.334404011805946
-0.222200633969652	0.46155943662202
-0.0736191441802792	0.127253792801391
0.0909558834027046	0.15189760623717
0.179122359010893	0.39448639456447
-0.227329466495888	0.475552692674967
0.0912399355231587	0.172846404974945
0.0803282769588139	0.143339273816831
0.0000015449602485499	0.0000643802905532421
0.0511319230806568	0.0753277741549158
-0.0382890785847555	0.0586536701915021
-0.138516405512583	0.203862611539615
0.0230680623520139	0.113808072961926
-0.137518194255098	0.919979562541105
-0.236506349288419	1.70913944749075
-0.168776696341022	0.959019408447531
-0.17617803235488	0.958532679351584
-0.306885397302234	1.95102607498682
0.266876915720019	0.690665111784916
0.15854458731474	0.332943871869978
0.715824525570044	1.66044753050289
0.599448235969967	1.66526898509335
0.745301388415554	0.979739589792556
0.378817739469835	0.50944531947067
0.0717719486405552	0.185297910274128
0.217709615219316	0.780292753135556
-0.025708742620993	0.0517394314732329
0.0165630996394416	0.0362737529946718
0.154994239586111	0.398704136918154
0.0719512796992878	0.117334855709087
-0.25844006607978	0.215146735536188
0.766770872561911	1.21102256103363
-0.466094992104671	0.400633912315003
-0.772856090589753	0.615038814821286
0.360204446824642	0.142480722564538
-1.8862287055777	0.808520291897279
0.516631406142817	0.260722173459589
-0.408364610250408	0.125062886124958
-0.0517504467056534	0.0476358628009605
-0.172461890667529	0.321107286353228
0.170502957530601	0.20768070387495
0.173859430573815	0.398433500710556
-0.0257066255970603	0.04580509977256
-0.178966681185393	0.288015981678063
-0.106426463477618	0.155214283094926
0.327734874548521	0.427308622983711
-0.200488518061789	0.420856064287485
0.137129887234574	0.325169047392814
-0.105118294854064	0.236096201490498
-0.0911652910809608	0.19297707160893
-0.0272872452671263	0.049158009695719
-0.255900898969134	0.6925291912278
-0.356866885167961	0.892344145177185
0.256971687720175	0.375883471463858
0.320275698303147	0.405202983240337
-0.295610853700647	0.497470922406464
-0.336780115034867	0.827189446386259
0.188480714472812	0.421403725572022
0.081707239719362	0.148821955442672
0.26196982215129	0.632022021817481
-0.132054673480834	0.257505138870517
-0.0253029839438818	0.0414470600230011
0.189563404873692	0.397244055517697
-0.436169206682436	1.00594925681116
-0.242956185346362	0.336341082757962
-0.315205172739211	0.679200452373194
-0.304792083250356	0.539258027757645
-0.0252829512536209	0.127475571940029
-0.0951382226947523	0.534070805939394
-0.102963915666619	0.527364564536831
-0.320253778755987	2.49199963645493
-0.240944014000111	1.52494227858004
-0.115287155241894	0.512325280193609
0.222413602313552	0.618011912661273
0.360295820226117	1.12502598030067
0.808599531228397	2.27523385710558
0.0580507862879985	0.0868125106040221
0.637706502191799	0.757829926102937
1.16355627223202	2.86005956200753
0.24294199573973	0.872426547949447
0.112394577845706	0.332785897197207
-0.243275098572216	0.842121474700838
0.107430160956061	0.290723090352318
0.19944984772326	0.54514393803526
-0.230961718075588	0.494987817475509
-0.543113519520193	0.685893919852686
0.324862164267525	0.422735739364402
1.60421543664062	1.6947721092888
-1.00991551818932	0.700590661392121
-0.79889194014585	0.284438306185666
-0.610098840791516	0.248270143505648
0.0586964350520086	0.0244900142054178
-0.501825030081899	0.274172093673514
-0.15173509371421	0.163853629523313
0.237214548399981	0.45863705006672
0.204972703501733	0.249452876629905
0.145215606960188	0.322309447645172
0.286862529382983	0.713901022352803
0.0829276337673192	0.125149381225352
0.0716942767891585	0.097497882597277
-0.301809435630733	0.423029036482727
-0.0799041508945741	0.126448726753756
0.0579310656428509	0.117827719688006
0.0800806052661348	0.175166806340142
0.0661480197505066	0.140873282562985
0.24731380496388	0.658996634714941
-0.38694907087568	1.2158844984425
-0.100873970529151	0.194622237550054
0.146246428422769	0.190594932866186
0.633019230189517	0.974991310085105
-0.099427910031737	0.13669481548964
0.145114555965278	0.291122933606933
0.103204917365331	0.199877224852921
0.000569930427611872	0.000912725564937489
-0.42169091932268	1.34629290249204
-0.324413382420021	0.829314013646625
0.32975464277181	0.87792827461921
-0.298640754326217	0.715986382517127
-0.0524485476286387	0.0751731957774166
-0.111913024468257	0.131425480078842
-0.133396332678329	0.22603254520243
-0.093051208282989	0.131504232237159
0.00528846752824773	0.0240328053792997
-0.0781371909706346	0.422447103186809
-0.109577214207499	0.558047983599487
-0.202513620721252	1.23509187012098
-0.459680502444196	4.41667227901248
-0.320010132738423	1.71615448366173
-0.0141722062460844	0.0277394056674353
0.395342551746693	1.33248087483423
0.622014202614237	1.64329306578696
0.434151710924955	1.12918517783728
0.846195224630378	1.23849838828647
0.189783947360562	0.238637951207951
0.172382113425087	0.569893215574001
0.138242686000373	0.433191376710142
-0.166248319381543	0.51590187986361
0.103386532310995	0.296036664698184
0.0755761435483348	0.170070385147579
0.143399392586638	0.304151032050446
-0.172608193556634	0.155887077565906
0.298487900499528	0.387749541186345
0.75908715799441	0.643982327667755
-0.694398710474752	0.349993880829744
-0.401165518258687	0.190327323560899
0.730307732243306	0.295281774946703
-0.0277171925998489	0.016400333419616
0.708380935775299	0.505869989770906
-0.118196498812105	0.120115778151556
0.136600112314125	0.229590335511954
0.0147764203002498	0.0148806227573931
0.00160830870017958	0.00265121861050969
-0.0369073903403348	0.0656531258713916
-0.107272174538076	0.175338876094118
0.239040060507859	0.406992205296835
0.0442570927994028	0.0472404585429984
-0.034195740484744	0.0523599905357871
0.00428736389861724	0.00750740195532536
0.0360824650295347	0.0730867593214818
0.0834351078561893	0.190368114845235
0.250963004620718	0.757995822966581
-0.0358693712040432	0.0688785465731022
-0.300260321469359	0.77442794260153
0.31578690987736	0.491404612191301
0.287749294073746	0.379702033776044
0.127039989525359	0.204156015130551
-0.34560177619472	0.928337238357971
-0.0744394920381683	0.145982532433575
-0.0592109746193186	0.10985319552249
0.0352158488047426	0.0613320718459943
0.119433054649858	0.239847213154201
0.086727991246403	0.163391721700127
0.0677874421092419	0.121724255368437
-0.319707443994113	0.675131736698825
-0.43524919621148	0.848720731287624
0.19919856473199	0.354693519735647
0.0582724083589021	0.0785984059154683
-0.000950649600086093	0.00429508579442344
-0.044697877521429	0.215012602536263
-0.128875446187851	0.729693682828374
-0.199143466424662	1.29614874474891
-0.206006478668581	1.00216114042081
0.55100002595009	2.41758897397801
0.436478017596368	1.55648954007357
0.79516873443246	2.53827361435129
0.821973914407634	3.4018907533843
0.573307001401286	0.756861655708184
0.438737095533681	0.669881909907643
0.205729317846276	0.749808638066226
0.179028312993854	0.664017293013283
0.285652423966178	1.03264257122057
0.010294672272469	0.0236654668330408
-0.0197718923040317	0.0389452245614276
-0.197475327167617	0.434984564142702
0.582291272743133	0.731866158884554
0.201612279906068	0.226508598989914
-1.23783113102656	1.03781855210121
0.0731607291715365	0.0363216745097402
-1.11210669916936	0.473905596439928
0.310756801524134	0.134226555015681
1.19400270639484	0.646508529484968
-1.09696712727228	0.4372016850646
0.599678599237086	0.964745709307966
0.151963445606248	0.284651702067143
0.122316189458885	0.140563539789291
0.0869168893777965	0.163933170356474
-0.0271066074208043	0.0487378722867251
-0.00184914253365068	0.00261942679542008
-0.229173095646329	0.387804240708538
0.685721780809345	1.3139789311281
-0.0791215486066841	0.131039078615259
-0.135994458050025	0.325061952460217
-0.0299642979940743	0.0585740335562644
-0.183430222512074	0.472628942899503
-0.02332270077691	0.0448031874930433
-0.279820187617974	0.828442778543958
0.196170341465249	0.454221211542029
0.543168218976178	1.05966467698801
-0.20480919530742	0.213360256291957
-0.287202116263003	0.544339102395605
-0.0433981831470368	0.0771836472449666
-0.475858757236536	1.63641631909261
0.164932545563437	0.356443761151124
0.152958517794347	0.331428052840313
-0.236337750466418	0.570580964383276
-0.0109539037057343	0.0180227262731983
0.0292081066275635	0.0513780137331277
-0.273749235941403	0.527532395280788
0.37597490782045	0.767170210167267
0.128015137941495	0.230891370169636
-0.116589978218748	0.174016078259506
0.0531815050855917	0.306928653262678
-0.0224639895175885	0.100143866192714
-0.175236049577802	1.16737831010913
0.066160573637823	0.238328546734934
0.472595298725841	2.26102917155936
0.732053580659793	4.06933448108744
1.07316032021278	4.1808923738606
0.31239902330782	0.79781324074902
0.946671642604861	1.84831139046805
0.363845865771421	0.599528410046577
0.210455965749809	0.820610321067378
0.24338874869539	1.0891038663498
0.273104692759942	1.09195453154036
0.123604743822799	0.377816651161931
0.260409255328222	0.829009454760335
0.188193159684761	0.411570567881788
-0.275194528708843	0.280982798265714
-0.272580013249971	0.349340365963226
0.523279146796702	0.370043303568374
0.74094748651095	0.309814622997046
-0.303992316559791	0.102484866349445
1.70384045246718	0.922392800957831
0.0719645735222767	0.0378634508676052
-0.183780968744792	0.0772663682137425
-0.140061884376232	0.151947146624098
0.210888404369649	0.437918634158724
-0.613090132469924	1.14491705551144
-0.314028503279642	0.915007301214078
0.171988003164897	0.406949938352052
-0.130788126352957	0.219758528624092
-0.0360766103444776	0.050381111788121
-0.524700498010592	1.0158554967824
0.465310827151499	1.26586795903908
0.191485293200456	0.507299999904727
-0.109556949546983	0.245282693004365
0.169239316408117	0.452115630784358
-0.0586602514693874	0.124385438788491
0.351610074247513	1.16809490916567
0.0819068288091272	0.153418507372079
0.0809967158096422	0.10020510900542
-0.0358009965967694	0.0380628490129657
-0.15093920093084	0.217245217029466
0.0797595494061732	0.158414761001349
-0.161985415127684	0.366892148071475
0.144773220802576	0.316780229487299
0.496559625666431	1.65685340938788
-0.0679807917157854	0.125602471775236
-0.0846886270377986	0.174563960370986
0.132381120297973	0.272735198750133
-0.201984615957487	0.367731003455334
-0.338219295255458	0.526783279370691
-0.240352231161463	0.50334877174765
-0.178311514675936	0.296006333088216
-0.00551014397656794	0.0253467142256476
-0.0400183962339806	0.190509946180854
0.111277427295635	0.51362376040319
0.596704796625548	2.79858177511185
0.828735794383962	2.78865460991213
0.40959248077017	1.14847639152235
1.20650217381165	2.52531038286896
1.15897769062638	3.87161453869864
0.295194657740006	1.35771987133565
0.396746641955935	2.34888800422583
0.291612897967094	1.25610103506022
0.271709094934011	1.21990563056918
0.379561327094687	1.45940089768128
0.0272908911241848	0.046552024871862
-0.158773414703766	0.159861679205475
0.54619899836248	0.901501580496874
-0.23363802326964	0.133769515042138
0.0701838575954847	0.0337197999197029
0.075946236116057	0.0372911874017005
-0.120486066525932	0.0579062468981034
0.0623534896099734	0.0235982996171794
0.610382885599145	0.189869757277567
0.177347832353815	0.208339290137184
-0.253180650607223	0.576464284168323
0.506398409795379	0.790642149381822
0.0554206893601062	0.106658179874819
-0.209727414338497	0.51781657163958
0.0426385052707202	0.0614209760080622
0.22192340030938	0.377568483819206
0.518003551617467	0.92982645836897
-0.0206808925463558	0.0316013025256173
-0.0849896254546085	0.178516694911362
-0.0247425536479292	0.04798149051281
0.158165309686053	0.412477087418144
0.127071618822004	0.307220866059013
0.133668163010334	0.315821659902479
0.227857477588368	0.540090204524012
0.546418935338587	1.03114759479889
0.045947070314433	0.046953317364678
-0.486731158797213	1.09120734606038
-0.0967102383623648	0.180006470216793
0.00602001638354501	0.0104472198173996
0.14019595586921	0.292791902130561
0.224641042150023	0.575360834647875
0.206549026834341	0.477853109876735
0.0137691398230824	0.0236855055667497
-0.368072066820404	1.04221666489118
0.243502679221951	0.453882644719587
0.191809496800405	0.269367131188266
0.122339301515725	0.228853063252389
0.190901486039702	0.33691061669353
0.0160256788778736	0.0773859972887265
0.28971098942096	2.6500444381728
0.552837742945618	3.4572515183754
1.20236877256184	6.37588225131818
0.788875428654988	3.98412921069345
0.855429263503455	1.79613235109636
0.565371486019007	1.42054579124568
0.245933466687852	1.16310211133014
0.1948297078448	0.865069116837835
0.189102888857732	0.704127239391532
0.220705598485472	0.917953931838632
0.10404664281685	0.289191046654822
0.175878880624458	0.448329952079463
0.188517818051942	0.198161989902981
0.193931203753096	0.237567328733566
0.322884915398603	0.234504110014789
0.242071374032927	0.135586865356408
0.275707663638622	0.128018654469073
-0.41423151958002	0.121559855808552
0.762140273137686	0.50495446915339
0.273313156599962	0.131603527801188
-0.0713029527704174	0.0792658257704977
0.0793478289293568	0.146967665424807
-0.319075365853827	0.499524006217038
-0.0923655371455214	0.205987916075879
-0.289946317714319	0.902539417441033
0.0638050654706278	0.105989447618817
0.090315106605274	0.135419020965747
0.392640853431065	0.791838587319272
-0.312966643148447	0.754125309938683
-0.0376289227338553	0.0762145317668165
-0.115767247736093	0.286507818760905
-0.0557067588744487	0.122856089342834
-0.270138811787827	0.799036902699581
-0.462678936779676	1.80499645178565
-0.439623483743069	1.46454125003544
0.37099446648002	0.755163534338856
0.437830648102861	0.636649556761891
-0.212358708414674	0.432415713728877
-0.25366111128221	0.638289608072312
0.0547881989695529	0.106649393275996
0.0376020249157834	0.0703000418445325
0.183151788185327	0.460742278994194
0.233117869054874	0.59635385621852
0.0570974670341206	0.109690902478932
0.276839381066285	0.709975262199285
-0.17238236043928	0.350514516349503
-0.0620566686147865	0.0854602390638307
0.319775203844075	0.743310872459319
0.162061183398466	0.268547490294783
0.0478879084540152	0.267980768212773
0.234635424623353	1.44597404011287
0.388328768234185	3.01818603029145
0.432300896401928	2.36569136910658
0.289998541782872	1.58611636737446
0.329620144161039	1.69862976590792
0.487506442096972	2.64842684304297
0.361946409957019	1.69069383428768
0.384362512447816	2.05637506731519
0.247124118290258	0.988719941206419
-0.415196573818278	1.69504792203941
-0.139240006203282	0.314001647080789
-0.0647972020353104	0.109753586402005
0.388622674674555	0.777140515089511
-0.141675965741114	0.194080809751204
0.676996847883353	1.38020159661697
0.354404456764274	0.525624720737117
-0.696655867139598	1.79022269114695
0.11631210495572	0.17349482893757
0.10514155915576	0.232352345402537
0.0378477792003041	0.0817477426636251
0.328491091802544	0.9094141008718
0.115546502718713	0.239243322712782
-0.198623419429986	0.541938274634935
-0.126878966540084	0.315260037696208
-0.179686941618613	0.394335124751585
0.198113816149404	0.329721223375066
0.0155776826740061	0.0225486082128382
-0.237765532756228	0.504670597400512
-0.0448124268281374	0.0741762812767038
-0.00509873732216169	0.00712843873930228
0.562116486918721	1.52585039039864
-0.0869432297865023	0.160966499296842
-0.165374980481389	0.436762356827173
-0.287379846020934	0.83571035032887
0.301668049625936	0.873558219053505
0.105364202694813	0.17109846950307
-0.12928409770388	0.208695647560503
0.28623672072041	0.625974963481775
0.507831686368225	1.42858171807885
0.216058453993105	0.419482109827968
0.429346130782385	1.06563746686846
-0.280672099116477	0.627888342685344
-0.358224738481611	1.00695671499975
0.0582194162423029	0.113899699890729
-0.276407613406357	0.579671958557815
0.746969219246349	1.81095993770217
-0.16030498868245	1.50597063113231
-0.0125659830347202	0.0565441956105625
0.304909686977947	2.74303031943543
0.390114986832595	3.85778959826745
0.60739784383576	3.62721508467285
0.0863901734239062	0.256930044383699
-0.00549550200534423	0.0110009796393518
0.162484445829064	0.482520357728224
0.209931945969977	0.507419707253025
0.611283444766179	2.25469474155866
0.352898005715269	0.843817339169258
-0.226594399900786	0.448536124039069
-0.287587242868526	0.743384094607168
-0.242666081301676	0.530624322868911
0.0577218459494348	0.109796987247612
0.232077294092852	0.873610930307209
0.973216804986509	3.39834073082646
0.1568093986644	0.280388650577519
0.131504907543647	0.301403796506327
0.20505579798585	0.594369442023522
0.0415523120280661	0.0764664705696955
0.241970455595785	0.274649552452428
0.253523558864365	0.364493141052805
0.503224859669021	0.813923226982246
-0.235455413713816	0.311622666105236
0.240680518524839	0.305797660601183
0.387548154219481	0.63338653612388
-0.262649849774196	0.491519163431473
-0.0122922905108589	0.0221397040434604
0.145718978747997	0.390310055644693
0.276723357936411	0.772022038679002
-0.0291149391094512	0.0321005579048237
0.293306628949106	0.441230215833516
-0.29773086391211	0.478639212621617
0.357457344475322	0.585346246801202
0.357168917873336	0.525488239617938
0.547301056307073	0.77788491892044
0.196627331458891	0.282908135891489
0.164178264091389	0.336552404361716
0.316951901590239	0.955435031326286
0.61955102084424	1.20986535602075
0.992816682241132	1.8205063021919
-0.145524762992434	1.32912005710385
0.00227214368517648	0.00993792189450323
0.117738007541646	0.70111765131164
0.601351055308584	3.64442687313094
0.147403120536802	0.485396554383534
0.171163643543803	0.51312608286382
-0.260104686744502	0.946195651077216
0.206611318464729	0.508582795854059
0.265480685472182	0.646685499506158
0.673844999458231	2.43971599757116
-0.182185025616464	0.388766192503249
-0.193706208790488	0.45739124900235
-0.325957137461126	0.828641472480751
0.157168683104138	0.350880550085384
0.00321455644595948	0.00633586763901709
0.469410954354316	1.094671794587
0.361068348474259	0.739081105532642
0.366678059291564	1.02049403641697
-0.114693192867102	0.255578299114364
0.0194604868237747	0.0311017266156892
0.672316534754223	0.999777870845704
-0.179687460602307	0.222075673658164
0.360073446480028	0.510455829790009
0.517789337493218	1.00909118646848
0.26211036792335	0.32910739838066
0.108352325704018	0.108216681317405
0.201744512317699	0.352579609532214
-0.0271447828528448	0.051755483364231
-0.140788148345451	0.369621063462287
0.488310940469217	1.63070560981071
0.507216688637136	0.820588089237248
-0.0413245217683554	0.0443603389047731
-0.0674599087286481	0.0760459462017906
-0.0318754012816458	0.0362481778030037
0.0123447211896856	0.0129024615759465
0.0929099867786049	0.101216287612535
0.116518969585087	0.151653808118095
0.189812154408631	0.386078247199516
-0.00591773925339102	0.00980608368389015
0.703180000632735	1.39410766495095
-0.376999086581196	0.443973652601636
-0.10019065770869	0.781590600358499
0.0236066191085742	0.112597845723163
0.530926160418337	2.96222914665414
0.219428435048618	1.00522931358039
0.0814310070871414	0.207308087218555
-0.0543644524012611	0.147736967633569
0.354347313393029	1.33342483702118
0.083708835448304	0.198106212969761
0.0125692093481226	0.0239336433609964
-0.0956739528322208	0.208958085360809
-0.193011673833118	0.560422460795518
-0.293473333226365	0.760420524699217
-0.109974214983771	0.227108813837457
0.234212491648444	0.820127147928479
0.540899485717637	0.956187458338538
0.0832723942220903	0.0851835864955474
0.108271793369385	0.193409262744
0.183547805648106	0.425106336808737
-0.334011298860336	0.830832814356121
0.817113359226331	1.02798241644649
0.202046273562421	0.212826074018363
0.89819529799984	1.34064245435185
0.105244058899902	0.0994450528855253
0.251652949142955	0.270757548782328
0.337246948832549	0.338335226435503
0.0481270144739257	0.0552514344538055
0.00641504828651805	0.0117143983006924
-0.146690613518404	0.376046742662147
0.552338720153157	1.86175715276046
-0.0324400522340237	0.0231620313414519
0.375329052458474	0.431042320420496
0.0555889721442242	0.0505717554277275
-0.107754032618586	0.0941978852415036
0.306909047597972	0.354801687409413
-0.313988944119225	0.296423962406987
-0.0423226382115164	0.0389077164876733
0.181149239690929	0.291207988832007
0.23953301419747	0.534574976729915
0.525863058064735	0.626362128535662
1.15022215259443	1.55106504043773
0.0747403501982012	0.511170893976316
0.370619372791596	2.10282900775578
0.018842673758348	0.0513395250758129
-0.330158116010776	1.79032930361479
-0.0313772058380196	0.0712043142585895
0.331568406813117	0.985132535448929
0.277122829942086	0.761432453169967
-0.00371921027758135	0.00600547093536566
-0.0514452540785746	0.0860460500185965
-0.349905637872307	0.96737867538535
-0.116099719081492	0.222894741815463
-0.0459755890225725	0.0873195297958636
0.271570073466721	0.864849638719179
-0.299987278049688	0.624223816541044
0.31402997565898	0.618246065787436
0.103270003343831	0.19251413222249
0.0962272152893035	0.195873380456008
0.203322736480297	0.359429621289965
-0.0922498538189676	0.0955259855817284
-0.300832888268825	0.427305534821842
-0.0649620473107849	0.0783602195242358
0.269263912521634	0.410837081856288
0.0413429907649922	0.0466101109781365
0.0553226094856187	0.0537188004869115
-0.312209947420911	0.601201607517909
0.463966331267803	1.59939569263946
-0.176979223099361	0.426546532456519
0.220310121233704	0.48694878219091
-0.183141689478077	0.224577384367431
-0.135253524933541	0.176706500534658
0.143179848743135	0.173989489253525
0.0588808517877078	0.0672111562327039
0.00613968121587182	0.00593817797517275
-0.496631501176557	0.86227167245754
-0.445693602871659	0.771939615573904
0.351000405828607	0.653934471833654
0.425699674402973	1.143795880874
0.330612169694451	0.520379528670781
-0.175841729114402	0.16908089250239
0.478327329317084	2.53771373322299
0.207496372691021	1.03973134966618
-0.0474314080068431	0.111203345040315
-0.00258506150576654	0.00706225376551562
0.162622011854232	0.554933274362455
-0.0489873951775964	0.131237710990228
0.141093377320862	0.396197970393287
0.114776086168774	0.288241772446235
-0.219098856738368	0.829115910397331
0.015346698664318	0.0290168450380811
0.366299186747706	1.11251184916493
0.283250444896052	1.03035953045884
0.880804668205202	1.85276153102138
0.737059501533711	1.09277752398655
0.387057365174394	0.962250860682422
0.258227799872501	0.612399803888487
-0.130869592280918	0.259712876217512
1.13878866806843	1.0274144554583
0.116999947410023	0.0706812370862259
1.45029759897167	1.62085075147495
0.460669491844057	0.35335754932894
0.804541884598188	0.729889797673785
0.0360310103034795	0.0255543234365362
0.249220174771662	0.282232614974328
-0.224969705777515	0.600771600586016
-0.0612732172681991	0.137558642922729
-0.121614259734954	0.228988012692577
-0.165818927940454	0.106358780436651
0.975036317382715	0.940062081724334
0.65349105968896	0.690138818737486
0.208993851151696	0.144582781743486
0.112812722359858	0.0804092790548983
0.459274961660396	0.342262310905456
-0.490288426935237	0.400678478562939
0.216723255267876	0.321815298703184
-0.190609437129722	0.389209916211637
0.194635544932823	0.168944395979453
0.127206058649169	0.0935410006431726
0.308364206207219	1.36339889725238
-0.136244138275028	0.507224831802635
-0.0788755545557637	0.274566359284447
-0.0185173282608252	0.0610980823005467
-0.014732796029592	0.0347986729751344
0.0413864050254691	0.123952739371218
0.231285718643982	0.85375140828549
0.370340013982453	1.61229508008677
0.267633562688718	0.823072053017274
-0.188422869252523	0.528597490456139
-0.191374483020821	0.664740781108329
-0.312126782464671	1.00705527371755
0.12109552995192	0.281950350039708
-0.0538499465417527	0.144768893266583
-0.141473487282541	0.192651309373414
-0.197688189429529	0.275062981495002
0.00904573563462021	0.0155660687576584
-0.18463265673776	0.481713942620026
-0.00242368803521444	0.00448811310372897
-0.151591061823426	0.114161853962862
0.694898131841321	1.00094160660115
0.553850590723482	0.636723507034685
-0.135288579889757	0.134791863180727
-0.217463236515072	0.197796558199554
0.204749296727874	0.191083914989569
0.226270092930969	0.331356763870411
-0.322104151059471	1.22490305932639
-0.0907094425026126	0.229670031425867
0.0754134853612996	0.146971452228055
0.530716510317282	0.549177504541975
0.0261945844847713	0.0232228588787361
-0.259734908983161	0.31170180898584
0.924098039557547	1.42206741946594
-0.00930386331059538	0.00706071589339895
-0.442392328364532	0.415354495052847
0.726646535230574	1.16052673048345
0.404512860835988	1.00845756070879
-0.128090077004871	0.268418528725017
0.689777117775342	1.1045322414927
0.560538677623094	0.569060618608496
0.0217970352320464	0.104682540843635
-0.149182924932644	1.05001900557882
-0.230960288397812	1.73590227157857
0.00578948951481773	0.0198812199858108
0.0109129048533309	0.0377986880612851
-0.0784763918786443	0.294785792661271
0.0106312521008222	0.018504093629864
0.219594628372627	0.579678508669011
0.26665612014028	0.266893438850751
-0.311185322667292	0.264018518057771
-0.116110134174284	0.166268532736121
-0.0270092881571294	0.0540167934529723
0.361194843262612	0.981836132476198
-0.170325042052002	0.477552936152449
0.0360062613234685	0.0780918528396032
-0.000250967959300959	0.000480022682143569
0.00106264024348168	0.00192220858767978
-0.46174956779029	1.03277545422862
0.0229121133562022	0.0394998837141302
-0.122626591192589	0.304075541970259
-0.312066263942531	1.03756973205473
-0.343025486574697	1.24875056898501
-0.319529827244915	1.00806763655459
-0.0840952521330916	0.187155489104955
-0.422424051939863	1.66344510387253
0.189158608983869	0.398146858841927
0.283042944281587	0.506466235193378
-0.169120331710463	0.368191985077029
-0.465113957839994	1.57946080163051
-0.387528089331036	1.20976742416332
-0.0670892393250409	0.132909904603627
-0.178314043011122	0.408232303880776
-0.02273852604197	0.0397497789649212
-0.0803124131946185	0.15487817339414
-0.710452317048069	3.11090117990786
-0.220276336858486	0.539121933478388
-0.171987466369603	0.304882624658304
0.0382568964039331	0.0605921353305445
0.370462215539629	0.758420483288623
0.0442147049383676	0.238236671065676
0.17590314909883	1.24984136771045
0.230305891354775	1.73289046324041
0.0654491867257155	0.271031685834385
-0.0612815283974845	0.206589933313072
0.0889704903796284	0.156750550186631
0.0487448818954674	0.0825067786769907
-0.297028170492551	0.234160972226357
0.353511409584994	0.334115872369061
-0.11041882055172	0.14578699299617
0.06944924392872	0.150835648496982
0.0641877903094304	0.0962058565198858
-0.178322655352548	0.508356625870838
-0.0986084861546635	0.238780323776928
0.0898639265858069	0.178030775210993
-0.35780490363641	0.954560380752259
0.197721212658524	0.352238971040722
-0.183864447374848	0.441032234851001
-0.0645035544879447	0.155275180110612
-0.166938940272025	0.494226349187765
0.132888292506951	0.37021977962448
-0.373849334585959	1.43943758010406
-0.172686946323184	0.457654982128159
-0.200564870922683	0.526723071547302
0.513926624074987	1.4775623193303
0.138264733299969	0.187129117612517
-0.338623657391161	0.771710075222654
-0.229378510308373	0.63619503034605
0.0106665325983814	0.0200335076747773
-0.175099620035966	0.419829963131095
-0.410161698395949	1.40247117586409
0.120694737340309	0.273150893373793
-0.132424318147305	0.30388050552504
-0.346397482763296	0.982893602012635
-0.116616136238292	0.207528708719479
0.161216955188378	0.26591390509467
0.0182198721160123	0.0279699615572839
-0.115756323510121	0.177181705154378
0.0189891383234561	0.0872968425093803
-0.0996703496583465	0.573426654475602
-0.345078832754837	3.28312967740606
-0.546939492710575	5.47357565201068
-0.208424535428322	0.646163273281623
0.160110369594898	0.369171032777003
0.402888420128482	0.438546583346729
0.581310429287996	0.809125864441633
0.39524935427502	0.798459236972394
0.158468588404579	0.368927986778563
0.00909970892582478	0.0145682722541516
0.195180575803151	0.559643388463295
-0.0599780033096243	0.138201652745568
-0.126505230375277	0.285543804176437
-0.0136210590227598	0.023998749337728
0.17158343128111	0.307267597064302
-0.137374341129393	0.266598051331643
-0.328130909024483	1.07918395332034
0.00361980138102328	0.00681875124642369
-0.419544997650938	1.58943585234523
0.0615274530136203	0.128037670580203
-0.33267548130885	1.09763143538001
-0.13563143079081	0.318901407138176
-0.0488181607908742	0.0760875400866556
-0.286258462971519	0.499905726023829
-0.468361171339953	1.39316747847278
-0.241576449480026	0.556395246120094
-0.171053295529745	0.375107257030372
-0.19483672219171	0.460582791244214
0.0117233613036704	0.0193645953664311
-0.338570770134282	0.904498539366572
-0.18525410092987	0.43810639830981
-0.265507720979786	0.674467535281204
-0.50717899743992	1.58312811955356
0.409376421744293	1.00655179819645
0.438385165704238	1.20559431371843
-0.271184302374207	0.474021031702176
-0.0293209932837369	0.142914886567241
0.0816867348586895	0.398928932348149
-0.0926919826703469	0.353583537718515
0.298488587060403	0.674234935926027
0.155238951512159	0.308009400411996
0.0918887930682334	0.0576805643523412
0.450211415567138	0.332394171604873
0.182144479619222	0.289051608518561
-0.125838342842594	0.283011353034156
-0.0615614615270047	0.0855010446360709
0.0813116878380338	0.183420974065525
0.00828992388888588	0.0166449061250961
0.252681828569639	0.60608702553601
0.282369219655887	0.640819984361823
0.315158225660275	0.557587908988292
-0.0743637717749372	0.136349989477124
0.0681776999445456	0.152399946210097
-0.352744916280589	1.33914048250405
-0.116446970822388	0.303356901646434
0.135959758139764	0.347665283646874
-0.336288406105611	1.16546261231995
-0.168845028575592	0.394643970289773
0.0730772643186361	0.0949845332132539
0.548634157144443	1.00032020868159
-0.103185428923849	0.168427552637564
-0.416794802059014	1.36695226955079
-0.0092493952933418	0.0163447510480657
-0.111237498146551	0.245706244967702
0.125125009639105	0.275793462192941
-0.0449359751524086	0.0798391676748928
-0.00492776045397574	0.0081512502013539
0.0615867405485176	0.115838071272433
-0.419430915389823	0.947164321663863
0.18630342303232	0.290431407292346
0.11328250103854	0.192665544201415
-0.0857692073388169	0.118313017831204
-0.0572604353735643	0.343500477560075
-0.250415613041296	2.38703734962642
-0.00293907972452527	0.00940176494029792
0.116897133728459	0.174829815917665
-0.0716768637300453	0.122455259017113
0.138392010820528	0.385592839066461
0.182986962289324	0.568492020292739
0.207944714429991	0.687066076951483
-0.151602899746357	0.422356438398297
0.0552193409687149	0.136927524593072
0.0873329391398615	0.227823236928505
-0.110875230589652	0.226882864499452
-0.458138603955456	1.25479943889604
0.23150182887001	0.624916425952703
0.115705265059808	0.253381539702416
-0.277945339713075	0.794843371794518
0.502653233629342	1.66912155881844
-0.154990409270675	0.335275153805002
-0.351185905131638	1.23424059268701
0.191330658983164	0.504406484473552
0.123631165386046	0.270883361084687
-0.0829107036343797	0.186620521106594
-0.0277926838489326	0.0453320937394067
-0.118033545075037	0.239933396948182
-0.311607914428658	0.797366932479244
-0.105971761210219	0.210059045507573
-0.104927336103026	0.178400511519365
-0.239175075914704	0.532365102866149
-0.437478102594851	1.33685428317085
-0.306619504090185	0.910459345817295
-0.0699231123165779	0.127230112800978
0.106864365991695	0.180572259498016
-0.0519223278111738	0.0672846942828729
-0.00209732127436398	0.00961038414511107
-0.329085332124107	3.72251095017051
0.299167308068532	0.817029879218311
0.320591285615167	0.932197233219238
0.143937062429151	0.411164984516169
0.163063929580082	0.514044972994719
0.0538977293745929	0.119766594957923
-0.0714023236101405	0.168813331911599
-0.0951141037068019	0.259659862578387
-0.18813704553114	0.57399632426917
-0.484527913851129	1.60713413346801
0.0241143668086639	0.0350153806881317
0.321636832205252	0.780778648619062
-0.156434814548584	0.292381658724259
-0.174691366463803	0.344160929730576
-0.164142631989898	0.300387885513647
-0.186164368872573	0.345775372496119
-0.251949276996431	0.606707597526983
-0.134206020952252	0.311326776636941
-0.186457404837847	0.45728787599804
-0.382626730879298	1.23281236383146
-0.671033799890055	1.93574765706057
0.0657645134433557	0.097904561927276
0.0740033352167572	0.120182367941998
0.00435406024376953	0.00612982529878966
-0.009298559589126	0.0115022714895521
-0.158123252874305	0.266053786376546
0.064054661079521	0.103754934002478
-0.313867089190924	0.851254706657271
-0.151079097005394	0.307871704622218
-0.185083681921271	0.324916107323215
-0.169167403926849	0.220167308186153
0.0317509365435803	0.172481253610081
-0.0112995691168463	0.0514406999342148
0.193440324851088	1.4990707801753
0.427264199357674	2.71201843227964
0.225895887617295	0.97734859210081
0.392654015473675	1.67433579431237
-0.204714081813909	0.56171306290044
0.0827803515662575	0.242964920627837
0.247587812212607	0.445924699589096
-0.470787792826383	0.950809885173713
0.0131447425768033	0.0225432208225279
-0.311676473809314	0.885355747513119
-0.161822609140221	0.299381800144328
0.711074308233719	0.614987932963754
0.0370537282899001	0.0331774574659017
0.266760646409442	0.274424418570039
0.191312813224801	0.18694778937752
0.543259903086414	0.632781174773949
-0.33631888072003	0.359732416655801
0.417839688884798	0.63733971602201
-0.186343808553899	0.464547810604326
-0.182121920639288	0.523936350657741
-0.290501373975692	0.742217915340446
-0.155911718886	0.142065518931891
-0.0499743520479915	0.035836247559663
-0.578070100646586	0.814598290912334
-0.000703657571063482	0.000463803671827921
0.268560578618965	0.282215767153271
-0.838242305632021	1.17430885041307
0.450337786730112	0.575355035408786
0.0922712211569298	0.144173072218743
-0.0994133780637896	0.178905642796403
0.0310529405311677	0.0299102831099627
0.539355540726028	0.474225194966459
0.145498677279968	1.29860569301434
-0.124331823661084	0.80260097918839
0.305444941935686	1.44866702140172
0.365944990840822	1.62067633858637
0.395078811063053	1.34131455846587
0.182908511398568	0.496941153761624
0.193287597274037	0.497351780411023
-0.237167638044214	0.504334107112905
-0.355602665534318	0.847182254094289
-0.161824720933179	0.337259261165163
-0.196952530002808	0.397636858006171
0.495125594942295	1.01919179980867
-0.746967988961533	0.890315969266412
0.250012417634842	0.280203182907271
0.234094843718577	0.256461129028807
0.216134671884264	0.246241642364557
-0.442513080182487	0.494960453434596
0.231733252316866	0.279584836201852
-0.0898951440786378	0.109552660263097
0.0411524244604178	0.0626708627744879
0.209703643156867	0.502187997984602
0.138883470292579	0.216519551507651
-0.137030937143195	0.142900816313014
0.488057790085199	0.624608038065105
0.172145173828211	0.214989979637828
-0.279666384451043	0.391120130711019
0.258388443383676	0.277641930493114
-0.91910382435031	1.69929233740054
-0.110055687645813	0.117497423722842
-0.31866715872284	0.580397596065405
0.14514442028692	0.198133459769374
0.162364907432824	0.188899546651231
0.389760549327831	0.402301677726931
-0.00671121805432095	0.0312410711725562
0.0298922424094176	0.136873907947406
0.033096300068128	0.13494255468621
0.123916006383143	0.58697211482466
0.38737489435833	3.14288996772355
0.352868218446477	1.69024727818508
0.125513631050454	0.280703993930686
0.260742274071018	0.930089103578021
-0.34199989678676	0.397821594110223
-0.144235380327453	0.155086188941896
-0.120200430652736	0.182616484444982
-0.121394561655737	0.220370524085415
0.488194861747292	1.13211762494441
0.456519550933826	0.158610274536396
0.0754396239574825	0.0400806088750629
-0.480460757907314	0.211573977492915
-1.00791107797828	0.736245201911536
0.26684611886781	0.125667253019373
0.220694466020701	0.132929986372368
0.294048742085882	0.265506156531238
-0.306188694859099	0.824104368041554
0.0362319174811826	0.0732283568358487
-0.0300659286483523	0.0434256983491155
1.36227599549012	1.41435705862961
-0.553511688902611	0.485216227420709
0.901425839442613	0.906095732681392
-0.485740306196926	0.216485010321711
0.252936689518229	0.131677140975106
1.17197588393448	0.749330111753044
-0.668348627596058	0.480730715381738
-0.0765403822319841	0.0781101060506582
-0.125740567702043	0.202421437802252
0.105899552127317	0.0700411673744357
0.280819751337136	0.12996574617128
0.000247312845144556	0.0011344361662243
-0.493566446898344	7.87174329581011
0.0742593862309049	0.354101810213526
-0.0330982509846889	0.129019269362337
0.317988214961129	2.25885309609495
0.619545760259015	4.06932417899137
0.777501579382423	2.22658054026425
0.540949222394805	1.97496763683076
0.022149829581726	0.0166448652067665
-0.802129383405989	0.938646349340042
0.111252621655684	0.142888390273667
0.274429430974717	0.461481867172421
0.288966581982012	0.481092107844443
-1.412910063092	0.900246964609236
2.04254091368005	0.897849738314297
-1.06969733338945	0.561574308618346
-0.575357112832879	0.316514678952105
-0.854522620306315	0.393852899549381
0.827333410561631	0.413585336870388
1.0112305772635	0.730779172044377
-0.166919188985613	0.2728834290354
-0.0913427715796398	0.170804626651171
0.324631267340091	0.564338194195325
0.286340055758403	0.127764709520661
-0.151366116930722	0.0673398268775096
0.778360700480528	0.514907215184307
-0.147468529000862	0.0638914988239964
0.528642251095803	0.263441550384805
0.606443369145996	0.275073792013536
0.970289717711499	0.35722673224727
0.30517112275342	0.240230983476612
0.561386626021698	0.815509913677973
1.01487186568774	0.719241479713103
-2.36508630292668	1.26559915635587
-0.0707875488640349	0.475789228376198
0.372406354628455	4.70561891654991
-0.269364998923616	2.52996475428615
0.149427489885801	0.804712232374436
0.673814774617524	4.5495740588065
0.498790530741512	1.60303054353986
0.852160819714285	4.78920257068643
-0.214752140238559	0.192215495919234
0.199895126489587	0.182587717780093
0.0603516597839816	0.0727029431431846
0.213230188982006	0.356894928312449
-0.015387038515499	0.0173897379169325
1.18506485239677	0.617647704938578
-0.225870424224571	0.0837589169665684
-0.112489635294617	0.0545406495545247
1.13607340396983	0.945786010524048
1.30473128379871	0.808185975171741
0.450203827106646	0.163954801888234
-0.0196682795480255	0.0118119844677811
0.0394017436698346	0.0594597025950705
0.220618546017702	0.51612031188754
0.817228110217382	2.08623783587877
0.819121873043145	0.427973741385353
-0.114032983446154	0.0561952573279804
-0.240519882047312	0.142008437983513
0.245875304958089	0.1268186889559
0.966648995550663	0.439980532319876
-0.0936339962366717	0.0496862760343269
-0.178836004737752	0.0753568459037378
-0.536572515760213	0.513231460563833
0.341367584201101	0.479284980030998
0.224104148944945	0.14865837277055
-1.57785762308899	0.866920255797034
0.0117961781322754	0.0600973404040093
-0.212146110017988	1.86777901151328
0.429387611372842	4.17778642081667
0.748689298350403	6.1306319238874
0.50258795480571	1.64568753858956
0.422991376999137	1.56705691607522
0.810771687563598	1.02630714293416
0.283219259457801	0.242067520507203
-0.327920496191399	0.483760582794034
0.256045617266761	0.455875553719002
0.228411801160532	0.335369959011159
0.0611018384036844	0.0231801711409999
0.0696870555792161	0.0232537601226074
1.18909312831908	0.637671917930329
-1.0705854220995	0.547487939632769
0.59675885459218	0.266747989429769
0.114300126183082	0.0290815784858705
0.355551672526298	0.238560520158773
0.00473828301346739	0.0059810287241129
0.574270226834023	1.92947684717516
0.514628735335297	1.01158450654641
0.11331362995568	0.0283571465180488
0.364118528194982	0.143662999875369
0.223420277327088	0.131053451619354
-0.229166907205106	0.0874937230046823
-0.225616354142076	0.0790716685683312
1.18747681163664	0.655012907208117
-0.664653248033823	0.486901835463478
0.202968639483845	0.172291956137791
-0.029334121073166	0.030148347045666
-0.390062891578279	0.179497548028522
-0.380718404779956	0.167494821460414
0.00483626444841268	0.0137565338405329
0.165472281618632	1.31187995029092
0.579964614763023	6.01250929425354
0.191206271989582	0.44148586371687
0.158625875132476	0.447009998410686
0.566032624180489	0.725883190902531
0.105083386598767	0.103587434702484
-0.0467745799411627	0.0578414244968654
-0.198256566456245	0.316601075116115
0.135785486472743	0.201515029143184
0.248104569739759	0.126018474492579
0.516712129996392	0.3699471445352
0.316168234079263	0.238351802223562
0.631790150830578	0.385133347059242
0.363472578027489	0.147534818353292
-0.585567856432145	0.453250375033416
0.388143065818571	0.341971252706202
0.133574702294116	0.210923235076822
-0.0760251634056412	0.127181143836331
0.607890614159452	1.30059716843856
0.877800132260693	0.548100485716511
1.28286370060662	1.09488689657938
-0.369869643521554	0.241644502029521
1.14947170075674	0.902971107145157
-0.496645400053082	0.203793255089458
0.707313418257529	0.40051321598244
0.821038216896865	0.433632880550008
-0.165778124109281	0.123983454831453
0.587182950754602	0.865990465506015
-0.0942756189449307	0.0482953747765372
1.87130963350701	1.12891790445437
-0.00428260838181014	0.0162172846037217
0.111673759290452	0.695111692336363
-0.293756299920371	0.417638911145749
-0.305686493443776	1.48802763245372
-0.353271455119173	0.45432763524507
-0.267244124229298	0.341689352846803
-0.397713706087821	0.924465199376052
-0.196480076962259	0.402709350604233
-0.132063129788499	0.247600609175886
-0.145819673639631	0.0660526629997299
-0.875064763128086	0.577305013738887
0.883905163499811	0.982121595044711
0.826880311228728	0.662341097982699
1.1503801509032	0.873176536158241
-0.366835172611452	0.234970877278793
-0.0584209177656717	0.0474352520533637
-0.60900637063947	2.07559477227399
-0.256595602462257	0.732694274765672
-0.0132177498541355	0.0179260109362852
-0.33607907595575	0.168250418594474
-1.13006212535332	0.92525259513613
-0.595739754782437	0.452435810785191
-0.27902384544418	0.155109672854538
-1.27280327294698	1.32376707871546
-1.30776321048502	0.987791740441804
0.0625421455369854	0.0290904246869161
0.421291843951172	0.487827120777937
-0.274062937498052	0.433022050412079
0.245820384762423	0.130145842733748
-0.869975200225794	0.476207741296464
0.0133973944992153	0.062360768461994
-0.0928243745524218	0.468551150324167
-0.400025915712325	3.07676320980122
-0.190213179955895	0.606394622604793
-0.267560064409005	0.882830578989826
-0.382302137628779	1.32649565416182
-0.201239158510716	0.548325719095688
-0.181762165748705	0.373383816589527
-0.286973030531935	0.358222321344252
-0.241212912801693	0.425474767681836
0.483892044455152	0.997156601641591
-0.0191549377575487	0.022695467018978
-0.0409071697247047	0.0481466706788896
-0.160562522501532	0.214159309139741
-0.232098535641541	0.37118276675028
-0.350147805649604	0.864874303977113
0.256551013911112	0.639247568978121
-0.237822305486937	0.482304052473637
-0.463285040349819	0.721406006016399
0.577475569716328	0.988134464277642
-0.0448708773304156	0.0517056446552711
-0.21466659021401	0.264114496195898
0.572464496028961	0.907118136673281
-0.408106954328908	0.531304277721745
0.276181200729846	0.336130142495527
-0.312347677612241	0.441919028831339
0.10554354928865	0.129040905686694
0.359396366907593	0.425424695820516
-0.248359762606943	0.214119584267335
0.0557144904839094	0.336613246357356
-0.150456884999851	1.06353855096069
-0.182695342446887	1.03648228379208
-0.495380410184001	4.54845678184179
-0.240952256446087	1.36072974567122
-0.183398591798233	0.778223820600714
-0.0325616255113549	0.073295168074395
0.467698666235247	1.55192171655078
-0.0399150332275478	0.0840745602529946
0.178493151046125	0.487479846306373
0.219200263782415	0.631012062272618
-0.209612809629316	0.526927238037358
0.174220979015546	0.420830645131011
-0.0708137530380154	0.140083521940548
0.363776298558846	1.29661384124773
0.125816838495692	0.332592650555222
0.194272962753081	0.527988234975398
0.177014614113781	0.351970295000659
-0.0762842212930735	0.137792919055856
-0.0898190920608979	0.162792496772422
0.274592854833858	0.68735469787132
0.254372550346165	0.595854636998908
-0.0177203599137652	0.0284018702989383
0.0422927296501874	0.0690265617705277
-0.124279571940992	0.248242774142852
-0.0877862092119222	0.156507677547443
0.29456982609857	0.650384778665064
0.0767326369464689	0.0963443898776601
0.000132097372586318	0.000604792658897945
0.0413441084451251	0.168448925115637
-0.656187020879576	7.13355246085229
-0.416638166660135	3.99930331397204
-0.174963234895807	0.981809714540022
0.162052844664125	0.622248629555676
0.312107242946365	0.593655671288536
0.289264031090173	0.668913254317223
0.122888408837648	0.219080610938478
-0.0746667070522492	0.124793091335573
0.108344921932625	0.176044990137441
0.373492330198328	0.853709601588168
0.111599095764546	0.240175701467798
0.0162274879143272	0.0420198739596582
0.0722029502952571	0.221220581180375
0.321978049968385	1.54303135252027
0.307608592890241	0.561742470732984
0.337886113760559	0.709550650824341
0.143916662855013	0.234351712407063
0.228588473770554	0.394369705110338
0.505709014370944	1.03920858156676
0.387285849084118	0.667160362709496
0.152367657620931	0.245672261600494
0.0423955551161789	0.0838230026421699
0.132143241095512	0.367064293134394
-0.105879270332559	0.140491825611935
0.130994545779276	0.160975951808449
-0.0145094723125939	0.0667391017156568
-0.127061572626882	0.863232416537028
-0.134711499246255	0.741040842839279
0.0108605005371333	0.0333931727836605
0.287732022711687	1.07820752068872
0.155225710964467	0.472886499663412
0.141784344484382	0.483136150845176
0.292528236796464	1.35588464553349
0.227212627166371	0.929214189290235
0.248861519864111	0.956776532564313
0.0648251187030948	0.175338321545347
0.261959869015382	0.980303784360247
0.615898714251311	2.62626931972695
0.855278826810815	3.30154611530678
-0.246457502582806	0.726638490957562
0.315882461677432	1.05712267264827
-0.0551061655080787	0.123242986384539
-0.136125373172354	0.364683067759339
0.0928585291337028	0.221054363523929
-0.0769715962663006	0.172153640402119
0.325712118786071	1.05904020906857
-0.213176916182286	0.62330819850885
0.081572687559421	0.174631590131843
0.0900208981095989	0.155497224402622
0.153356441115584	0.348864242046708
0.183986850848066	0.341301471038863
-0.0215140214242798	0.103210056739455
-0.0980789792088455	0.554681141824806
0.154990189726725	0.792356856506218
-0.154604611361812	0.487521876095425
0.32901676994511	1.56227865932825
0.41170574722039	2.5555828425482
0.202414420613255	0.800115862672554
0.196890589937234	0.741471050378178
0.0754858529377594	0.21516716159958
0.0357621285832088	0.0908469009725521
0.0402334430571505	0.0961837803841008
0.503145420313732	2.05166428511001
0.0667459097301094	0.11019706018156
0.0320702298267889	0.0647464644459455
-0.0566581012340346	0.125838906077768
0.143847457922982	0.396296686640834
0.296393843382658	1.05933037104454
-0.0267569728965348	0.0582885914975405
0.330581925779761	1.14140333798776
0.0345661322979672	0.0716689768698149
-0.0186223107228466	0.0380634215510299
0.276386479594601	0.824261858360744
0.289246725202611	0.660523509867751
0.139366356656959	0.290311857091355
0.168429384752149	0.317816256751188
-0.0400085395159599	0.218620056793788
-0.0555120748683835	0.282923914146939
0.35163906068472	2.21224073009427
0.273199617185216	0.946617723392808
0.329402387235969	1.48922778622588
-0.00491287512635301	0.0110783246843212
0.188808114682425	0.61847444592541
0.171379386122099	0.511377126089994
0.224960433438498	0.681514522845263
-0.0659136342762458	0.174383622785247
0.21299727481752	0.842889216174918
0.155377102535007	0.463684128806013
0.0127009525775933	0.0302217207925369
-0.148178553650536	0.330102244439029
0.180095565622464	0.437830117427614
0.377460193340905	1.24216537747269
-0.021045314075873	0.038272705289603
0.30978451411341	0.856178046967162
-0.0453089457775107	0.0805161994901227
0.0895797037419023	0.186484537665936
-0.0523568542178975	0.116663272700368
0.438838939587094	1.76135419533754
0.341592464262618	0.927430247835357
0.121820049134673	0.182436820714427
-0.0340882913672148	0.17628480391813
0.0340274080230025	0.144687683294143
0.0968977749010103	0.281338869765031
0.142486826889862	0.519824646511407
0.0832160136429782	0.236840157521249
0.221746265442912	0.828987965505075
-0.0219930143224448	0.0505366107308562
-0.0456330870595128	0.108070584602792
-0.244931150019256	1.04230168439663
-0.0270796209974186	0.0772623860590042
-0.0448514540459779	0.122400560920331
-0.309320584898267	1.7080549555331
0.275450997404994	0.734192853204174
0.157921809399857	0.398323246181513
0.18913888736813	0.450927738432171
0.317695579360043	0.946363612817611
0.313871035795109	0.798908373838892
0.0827909233512434	0.162485186084653
-0.3006008169426	0.938147899004523
0.191008834944561	0.61025518727198
0.120692765073949	0.313446692367335
0.197452381796501	0.453551012926482
0.0139434296268098	0.0180689736252542
-0.029988417589529	0.148223924679727
0.246101391146768	1.02770877503925
0.103323823925416	0.354159085058066
-0.151019927615844	0.492861212742307
-0.140218720322283	0.412027236194989
-0.351146997607294	1.33267591894619
-0.22218608627839	0.667123012159503
-0.712566610816341	4.40081646564699
-0.145634111242171	0.526537327068151
-0.228699836289689	0.945216247195402
-0.263307228520578	1.21770174403704
0.0964018117794485	0.186948579021095
0.0328309150354207	0.051656602463793
0.258384513000881	0.608904345032806
0.373932327118314	0.914955758881721
0.456224958669722	1.16447328801689
0.307289909663898	0.686979116525722
-0.180173217809579	0.359066868670241
0.137991037291621	0.316805474608028
0.18251572341965	0.472705387297229
0.21726937112588	0.369593459672682
0.432625177166458	0.796112601850175
-0.0184508319313426	0.0792338958572191
-0.0921655356750361	0.492076167701395
-0.240751321600446	1.61958374090373
-0.313269416592786	2.10620178376129
-0.421127462548562	3.09340402376914
-0.596753303626496	4.65559263034474
-0.504742928490552	3.31794489745147
-0.344598562420114	1.25191459198793
-0.117632632741844	0.208472365011773
-0.42173087860539	1.78473214835928
-0.109857698981988	0.301090085347527
0.100114970088265	0.263879391603517
0.271248885809433	0.86861009291128
0.359327619048155	1.39330791905992
0.274386247165111	0.853725860126941
0.265115007081661	0.89836777799545
0.0293998216253809	0.057895046733737
-0.168684433161367	0.367442742904957
-0.201518914504681	0.367074340292419
0.218839523861778	0.479151603919242
0.279567901660936	0.531248488907616
-0.0534229339930211	0.299226655826494
-0.0716779468152991	0.383497641621763
-0.288088254389982	2.34465771486117
-0.266583981850905	1.88058109762902
-0.395438607509827	3.45259851830165
-0.346710491499793	2.42869593628666
0.0788818622861599	0.210797225823726
0.171189242178039	0.424203399835972
-0.263275911387916	1.05611028530147
0.124901126666244	0.458323719982154
0.449232927942453	2.77318326949516
0.352950103391965	1.9390999150973
0.385552866045111	2.09286162575888
0.329388861987757	1.51108946825949
-0.0780780679658138	0.220225709279996
-0.0483351576437075	0.103436998076044
0.224768767229092	0.495780435683336
0.152587563768542	0.385561534711274
0.305758079473257	0.813656323160646
0.00399062274287371	0.0179534163980756
-0.131853490033027	0.88186618961204
-0.154199039791497	0.933907327326132
-0.128741142110285	0.670449538696089
-0.333589533341232	2.41731212931476
0.145511141483396	0.463097913479952
0.228772818420746	0.62024429082978
-0.191334667745884	0.763913831204308
0.243559270355506	1.24867792540556
0.496809552143096	3.40333723922203
0.469281244621326	2.78472286073563
0.376516931606226	1.90949173078512
0.0661346390658956	0.174599649493813
-0.193926033547015	0.545019134359997
0.250633495510447	0.613429166235735
0.216158800731226	0.607361931414714
0.0509732467144247	0.0933746525346056
0.0203189852686998	0.10000438861115
-0.0294528347946736	0.1335549389741
-0.121666851487309	0.676816961971785
-0.215402762596217	1.34937304123621
0.193949576855932	0.775776125443645
0.399111873279073	1.66599569204966
-0.150039904220178	0.571728774319891
0.198690768209316	0.972825829685841
0.367565569383368	2.33417798931206
0.314967926763181	1.52175357027282
0.0630390005453859	0.153879909490602
0.555430392586839	2.03488243087421
0.317682523960416	1.11886412849325
0.562564297996531	1.93656500827149
-0.0254585297362188	0.128533088404499
-0.11475999376176	0.726209684085088
-0.185468726435365	1.21989701512023
0.124605932343546	0.479347860938469
0.553556197987588	2.92264581807569
0.0899951795931642	0.328421966845368
0.136546896453184	0.492633581601895
0.246646297145734	0.846288186183027
0.385963444277484	1.24719324050477
0.37491405566254	1.53731707748594
0.425333069897734	1.50455432533712
0.0302512144319906	0.157679279511797
-0.134138111887637	0.883859985295564
0.634046925010008	6.13418377216254
0.673150203395436	4.74386439067219
0.10807010099472	0.4379941125019
0.39507951112901	2.46439077526981
0.054861149559324	0.160238514765541
0.0696619830176931	0.172948566559398
0.126282419437397	0.276727933161336
0.210560644902796	0.679922769596889
0.129031816268661	0.310660959659822
-0.00643778808046659	0.0292698372333326
0.525518363604205	7.09522571144806
0.515987679974602	5.23421699655276
-0.141228997133293	0.795644534725281
0.384229065580035	2.57007452604893
0.334664046180074	1.87924140508409
0.134370136700876	0.503099565572753
-0.169104259069818	0.688099126245264
-0.373662479575185	2.11875513725239
-0.171479284616361	0.523681807318246
0.224581999433662	0.755912131970822
-0.0348615789737153	0.0665686501866462
-0.0902563883063977	0.629575244643178
-0.356703278139892	4.86359911822557
-0.13636272407111	0.963106221539663
0.317285065695268	1.37315238458771
0.161434375789406	0.509172704041175
-0.25827743310243	1.07126782456888
-0.114880200566369	0.438852131421575
0.0872346069692866	0.297225244035203
-0.0326025148385933	0.0721760386936322
0.227988117006354	0.502802555507559
-0.0125954221188351	0.0621868455593337
0.234846422744643	2.27938716030238
0.461596693412195	1.85931359400595
0.255846312406179	0.715458627484596
0.14082350558253	0.304107867972132
-0.189420658380517	0.503037978390849
-0.142912695618661	0.48656297855544
-0.0394741558115182	0.115368190728119
0.0707963981224592	0.134797311695785
0.114510977137918	0.1777591477552
0.100369372238486	0.712960271665332
0.124883858438036	0.741304848806175
0.316456041209223	2.43272093942451
0.166776678853562	0.824581391964016
0.139946572308874	0.58923238269982
0.0627619073355127	0.189104964234096
-0.290021254582054	1.36183930133118
-0.132165327533067	0.502984566365504
0.0856536324098911	0.232448797435224
0.0508846236405093	0.0968987090255476
0.0136103917792853	0.062706723525512
0.0232258800271285	0.102100964178336
-0.093768863585816	0.461065619638031
0.028073489707676	0.0978473035555278
-0.025522428790355	0.0844757359679158
-0.215371209907538	1.16782724077621
-0.163373824810946	0.473115801613022
-0.211872061600878	0.787121887504446
-0.222836995691015	0.693140249295603
0.021712212373923	0.109196800020944
-0.0577351123249529	0.295729006119689
-0.130768067201344	0.758161520644365
-0.21095978711481	1.3495083587953
-0.247167621960554	1.66840948010962
-0.224245642500914	0.848075264625043
-0.124520425610903	0.422342562749596
0.0372809701434722	0.0900890793131659
0.00788303256770995	0.0367565127841888
-0.0664705360912472	0.350879637145811
-0.1811022840742	1.12959620691532
-0.338932972692888	2.81603363863013
-0.478190725906935	3.77870130775462
-0.179324349418384	0.650861498452403
0.00114299499691972	0.002898087846594
0.111616288720793	0.319910039387623
-0.00339928196651672	0.0153955166054916
-0.0103173805904264	0.0419627286176005
-0.135034314493969	0.769807913344846
-0.416833588273053	3.92194737871328
-0.295963634100266	1.87894425397563
0.0793522295560899	0.236277602484544
0.193522188875436	0.855925011052588
0.35817255089668	1.71224960768179
0.00774487757786671	0.0346917376297724
-0.0990864193576778	0.575784120799454
-0.164487053461777	0.966008793347893
-0.102162458139	0.432470888688513
0.189198359140094	0.764120012189463
0.508674914911933	3.89973761403524
0.434422929591497	2.38481560646338
0.0345724108154649	0.183307888643338
-0.0235208660074501	0.103541080804079
0.15032883169923	0.811683284196917
0.470236726457553	3.74128057343104
0.575160509743614	4.26218658061752
0.094292436308016	0.644796820095296
0.276504234582867	2.61066689877263
0.210150178305586	2.10681583220132
-0.0797415062212679	0.4555622442964
-0.167564644915293	1.01545244490949
-0.0735732954350243	0.253088929350658
0.0623971333255633	0.362303674983277
-0.0100481988725926	0.0395406787719923
0.00111604083866102	0.0030288585885243
0.0338725730293275	0.167671363600491
-0.228365832944921	1.77372757938237
-0.0265468180278599	0.117856739226094
