x	y
-1.14076897478431	0.847286797863945
-0.190696689274792	0.0795899497588485
0.060266112518524	0.0253040317183059
-0.27819680921885	0.150732002220096
-0.783863426827522	0.920393811774927
-0.443184668656347	0.409569627874989
-0.886077295100476	0.691714395955457
-1.57550989811741	0.826738259114081
-0.332981523637754	0.544472866220537
-0.507435292750879	0.634106976699251
-0.736856517759251	0.424554259457492
-0.617732106134817	0.529113525340935
-0.782617467051021	0.657855529311737
-0.576688853004076	0.423822500760813
0.0810464559943299	0.0237887757017609
-2.14879441807675	1.03492400831635
-0.263479777992613	0.308159015622283
-0.788984701528539	0.928958630368821
-0.123557849456117	0.060624468210314
-0.291360160702012	0.223215620895977
-0.637898479819981	0.706860018170908
0.354449316366852	0.238161773445745
0.244313237258422	0.125625313892302
0.247578235718461	0.128601915342027
-1.17822720689361	0.796439731165755
-0.300664339220539	0.477274395006096
-0.644202406607011	1.39862746983762
-0.416888323892556	0.692323582536282
-1.03714066217882	1.5473415141061
-0.972832007525776	0.893378213012465
-0.877299557876677	0.781444323633194
-0.875592249703382	0.739780628021111
-0.869228692249862	0.476283074514052
-0.564664270615303	0.483523302532318
-0.391578175378183	0.474596361192289
-0.221856774559232	0.265879727980861
-0.0963278584928588	0.0803365118004834
0.135553287914208	0.106670792042412
0.298162806780414	0.250775542015308
-0.0575331395760436	0.0325088231284152
-1.90518060427941	2.16685471200227
-0.2576173634482	0.335198487115005
-0.344658690653073	0.495976253718346
-0.367346129993793	0.538396353222369
-0.528937138126291	0.642954503619258
-0.420544882525196	0.384563104047545
-0.411493982345571	0.326208967141065
-0.455840267982872	0.409694776169395
0.000125085354480932	0.000193523660451469
-0.133055070942747	0.0996583355800872
-0.243017269467528	0.238646587211436
-0.461799544885141	0.403116169517238
-0.553431011521552	0.718690077282119
-0.801231879334649	1.09664716473607
-0.340768474981205	0.282632751421071
-0.360064288654952	0.420446552343545
-0.0907035807214405	0.0788369706364798
0.140401609945264	0.124437854342862
-0.150477688311859	0.15338500677501
0.395687745637538	0.616565861172488
0.0928869714093621	0.103589255875566
-0.122545313816575	0.123865509029453
-0.0327656007973907	0.0355747391524177
-0.487493166368451	0.350548445539354
1.57982129995248	1.27054526608982
-0.367081410458006	0.271355347250154
-0.386612904432862	0.856170476872562
-0.219909166969307	0.276540320477672
-0.0788930989744739	0.102751965482381
-0.0896572335997022	0.101448189497432
-0.624605532540105	1.21784951490028
0.141145804124706	0.152400441728076
-0.0835078386862226	0.0941583943643962
0.0574537664855797	0.0558595972058441
-0.116987333014462	0.154090585016129
-0.0907756044480039	0.108597339631753
0.147111098145481	0.148881042981587
-1.02849078065217	1.68772600422914
0.441001973886895	0.651184540332342
-0.513804247708465	0.654378875374241
-0.35548541486376	0.37513813355593
-0.349857761679633	0.343146414288752
-0.309254146635556	0.369887957198869
0.00880137762071339	0.00759596215120128
-0.321496720584786	0.387926750610132
0.0459374560336061	0.0451813341371573
-0.0148939480126294	0.0143167711152405
-0.676953689184414	0.909699793271377
-0.398181012652819	0.541777984892077
-0.437859855972634	0.675125298484343
-1.02426766886895	1.79270285806149
-0.0669569255002163	0.0600876373521433
-0.0505753851046411	0.0415981808011205
-0.647674103170293	0.778676832500535
0.266945478180726	0.24632996579375
-0.190281708456621	0.16278121635839
-0.571145239577877	0.672127305074896
-0.303010884447843	0.36877379620896
-0.622366366322981	0.911410494169511
0.0557405486692115	0.0440080087877981
-0.256908432627113	0.298878614703672
0.638006409728704	0.815801779444912
-0.177170680098197	0.130638141363028
-1.17089946987301	1.57858686280561
-0.522668990449056	0.411413495989244
-0.27796336658657	0.320727167527142
-0.659364509488547	0.979087140100042
0.0728540246054499	0.0651826323158345
0.0373142469646768	0.0364712875249052
0.600496353987162	1.01046681599008
-0.120715426020747	0.123338729769503
-0.795096466019054	1.25572833600512
-0.544768589130733	0.76311672752072
0.665700097679575	0.614178685569143
-1.23876916451448	1.54938444271842
-1.0327086904351	1.36749848720068
0.0478553143259758	0.0345710419194297
-1.14006175336938	1.20397230936169
-0.242663278793407	0.197045757519238
-0.249505095463702	0.239103514849252
-0.202833017975825	0.123689158723831
-0.0798131113915124	0.062326022181171
-0.427123548532781	0.318115479268725
0.0355430602994673	0.025061315977593
1.84948167251698	2.6831977046552
-0.0804781445030619	0.0724773749573031
0.638795459175562	1.03739813660397
-0.0830435582073622	0.065912233433467
-0.664559985345915	0.843346028700372
-0.14529939830028	0.149325287943574
-0.240360114137904	0.23440175456728
-0.889651176361877	1.24577879761149
-0.290084568488658	0.341298499090181
0.919084679176175	1.44338196276713
-0.0325612529247751	0.0304433272608308
-0.476787533838324	0.615597241894265
-0.158647408321203	0.160307619715842
-0.235341201614876	0.209978987165871
-0.252327065588308	0.214285215122626
-0.719905140982113	0.75894871302064
0.205350423155506	0.139484141139719
-0.20987447161368	0.15168513581069
-0.236943207443929	0.193057812522016
-1.02233317056484	1.07610172499467
-0.288932495904994	0.311240482219085
-0.318918879780929	0.273752002412434
-0.585163259288074	0.548943586551613
0.111859343291731	0.0726245290060364
-0.590613041805313	0.644239805628183
0.630489350544184	0.679213533278344
0.204166764256409	0.183755102405044
0.811179346625785	1.03140778536697
-0.0724843644733278	0.0593194127669299
-0.817769160024925	1.16984067571072
0.223337920290119	0.220905118363232
-0.13166847318028	0.100657958068688
-0.597095922783175	0.687909801828619
-0.520595659509306	0.767964724040947
-0.387506401291091	0.357138410635117
-0.200294478471227	0.145005507524512
-0.0962611320877644	0.0772671939433016
-0.472730051118618	0.374310420479065
-0.684221488131912	1.02093286103752
-0.296456334907155	0.326892820673381
-0.567750513058617	0.694780905283124
0.0347293023846132	0.0267706482381239
-0.325469604518545	0.290437266458678
-0.429616737750672	0.505052552889859
-0.571211709071849	0.706710852482494
-0.638014277520973	0.709746629541877
-0.272687074219952	0.273703153405631
-0.419207716967303	0.507827564372909
-1.05718365000298	1.85256009496416
-0.160786249061158	0.137165951080987
-0.0798969985093285	0.0629692845788585
0.187780450817685	0.194093007017336
-0.277075526711841	0.227240444541009
-1.21398303642307	1.58152758138205
-0.278341713255587	0.190443653408074
0.325796159077257	0.335582204038528
0.153955867208033	0.168121574829781
-0.323735638582388	0.372601200665754
-0.442567333183224	0.546184471893828
-0.376812606498158	0.423664016945309
-0.475358944852337	0.559026153415285
-0.126367686917331	0.0937879825267108
-0.163078971095305	0.123750452067738
-0.349197506674338	0.544444722254177
0.0937343680875473	0.0919287682069316
0.0621006114102782	0.030839424856656
-0.276089165744102	0.193161129682206
-0.0694659525259549	0.0374451191220229
-0.0383759422157096	0.0223399621661705
-0.551575289764434	0.381376723504667
-0.296806582703252	0.233431115908002
-0.297824807476327	0.36436909434249
-0.765994877767235	1.81263979874464
-0.638386188426565	0.977143203393864
-0.231638142878483	0.287668305659148
-0.173996316994187	0.175683613581087
0.139785897285105	0.139989017160471
-0.848185276509159	1.35653785371197
-0.25558520172657	0.280921716050278
-0.16080629586551	0.160506236911847
-0.164849089968549	0.174736281723535
-0.039248937148491	0.0357368142694812
-0.385515694240912	0.437746740305489
0.486777026303917	0.621267629310439
-0.051761247248456	0.0456467711331043
0.194009135201364	0.171614032623093
0.264855431483974	0.27020034849738
-0.119605647781918	0.0792286691797627
0.274137045853895	0.249739668850183
0.295692535309316	0.346439511699904
0.505548106187433	0.73666234149983
-0.0203164937578378	0.0191883258087334
-0.591421860783642	0.668470668375669
-0.531815667664351	0.576297328719554
-0.492745196779193	0.673870868065376
-0.415247137558721	0.405257441481636
-0.238442645365153	0.193295611216802
-0.090104370456316	0.0948689387220837
0.13134141790468	0.188652989945419
-0.161241046409033	0.172458980972556
-0.0954677669308794	0.0497487052775506
-0.165444197017537	0.0662079286127186
-0.14193794442166	0.0649123647539426
-0.233561338589609	0.137670833590495
0.569690984078592	0.370294893501127
-0.771686698855737	0.546469031194342
-0.090135114865824	0.0922556645385987
-0.643168494576749	1.07805312660438
0.38310062643202	0.618393367675308
-0.152824853375516	0.179022488301999
-0.101142055056181	0.112546395536122
-0.0467205010042092	0.0424801148829075
-0.0525686753901874	0.0550240559382659
-0.469295805747866	1.0498009094595
-0.336588768553407	0.438881381005841
-1.04713373557577	1.55488969195892
-0.242423846756783	0.298126624744114
0.00822296265941789	0.00846577966886109
-0.112837911101498	0.0953910260738863
-0.539724386205602	0.796666355640843
-0.46068340225198	0.551018725130215
-1.02448509759064	1.32284600164901
0.151361444982837	0.144430563919694
-0.302730329169936	0.286663462682454
1.44931949720626	2.39137381202922
0.593980849832897	0.945144386834158
-0.382030771478618	0.591029723666392
-0.267832091048821	0.292513289943362
-0.370115809320681	0.507278000265048
-0.626665932888103	0.97700732360618
-0.497003806954437	0.472348868396028
0.287336635478191	0.33557607042378
-0.105536074511811	0.0803417552643489
-0.543062139510351	0.596572739226166
-0.462478368094759	0.364542366927241
-0.427123548532781	0.318115479268725
-0.186102567445959	0.185313180351134
-0.0167051923880019	0.0204192608518742
-0.313105313028426	0.447681659175384
0.336525030539303	0.658525249939465
0.35512096310138	0.478538198999805
-0.532719209252869	0.4022133578978
-1.8061114354177	1.44450053900337
-0.878521618932829	0.765126855349067
-0.882106358581703	0.681009990041484
-0.276654687217254	0.15205730471489
-0.169030759393139	0.107243886039218
-0.465244468269384	0.379141596738518
-0.12366455469671	0.167154704126617
-0.0934131319649872	0.111064063436474
-0.032242483178006	0.035725068399051
-0.43484682902468	0.615518846549473
-0.264309363567966	0.373267777961969
-0.220656988796171	0.27303538859548
-0.324915151665938	0.477922380273982
-0.322802351430866	0.40764381652284
-0.362674059053778	0.581763976664351
-0.16673449503797	0.16821069205344
-0.454724806964488	0.600869706607736
0.0591504133230213	0.0474641414189545
-0.228846521640833	0.206207967371673
-0.331793474348574	0.336837109812364
0.0744464581197553	0.055760448652469
0.018341329889188	0.0150690310575328
-0.149279418400472	0.133803801751347
-0.22193343307735	0.262131884258658
-0.239728163345673	0.25147758482859
-0.466345761431101	0.526385333884781
-0.795114931685301	1.0328054166348
-0.0173860046286958	0.014955229563705
-0.0561798767196096	0.0518198341802675
0.398662332327199	0.421307470799607
-0.791672122737916	1.06788856998624
-0.788849763172535	0.877072466236631
-0.695581699373497	0.573550701873441
-0.581794321955799	0.439102816502213
0.0161162813894542	0.0136224728293795
-0.192801359227429	0.23707772536225
-0.671285416255937	1.29137726439089
0.0395695262297858	0.0463109433419872
-0.361672859841721	0.48990494611063
0.0855616659577725	0.0522125306487537
-0.519325689759016	0.528930218978356
-0.0649147603622118	0.0679837711676617
-0.130590363112688	0.17666291019261
0.0248945577894943	0.0267724675138374
0.0608163475377283	0.0602118446517292
-0.761542356715299	1.02984901640189
0.520878230177203	0.697123362638656
-1.02008506870918	1.76357706555806
-0.54099274999619	0.946097672179344
-0.305283473598634	0.500201376444813
-0.50432566808595	0.728056820076976
-0.161136976094257	0.197403848954859
-0.133468227224728	0.170208847924364
-0.479663641420081	0.576035811187746
-0.0470319049436078	0.0390175067126325
-0.0923922398794092	0.081755644993295
-0.248366792678796	0.231184508473503
0.312975075853302	0.327228894660168
0.267567619122173	0.243039618371975
0.530669125454394	0.593919536703261
-0.200471991297723	0.18850263040973
-0.594939106968811	0.875128230229948
-0.0837474339348433	0.0868461994721043
-0.190102050969556	0.187976720351369
-0.517119091555133	0.597409955996789
-0.141085305018083	0.134838610560708
-0.429519721543092	0.578131963697453
-0.208998720586638	0.191748423694622
-0.326462510109413	0.331381808559248
-0.55746466745245	0.778845440368002
0.0991113160385924	0.0953113279324291
0.121380568546164	0.0946823509697813
-0.53704383119966	0.645909757082906
0.155563685936156	0.156866745743911
-0.391637937740651	0.442979671935348
-0.285340914104124	0.195486577949928
-0.172385499380188	0.12367024822243
-0.814609948553888	1.297188865649
-0.484867640951272	0.769039125252414
0.217958604088758	0.295394079123447
-0.559689174400107	0.975193080136851
-0.265751892950078	0.293325713511798
-1.17174359528687	1.37800746192075
-0.565197122042051	0.657202926757731
-0.0371186729452264	0.0274770477489637
-0.361257675600713	0.33559003097384
0.630140325384607	1.1985958839978
-0.14937083419053	0.203384777815206
-0.262318945588417	0.379757363227163
0.215405764563712	0.253933852587468
-0.113026053864889	0.115421243864524
-0.568889845992997	0.719231558159776
-0.3864865140188	0.50932944821855
-0.690583469648058	1.11681718449972
-0.339815299739067	0.496995403082328
-0.249759991088331	0.301906816025737
-0.0290550687175008	0.0317806643521579
-0.385793661987946	0.642455847311097
-0.084353874082856	0.111098622341685
-0.0396022944873689	0.0419951522446107
-0.361496856150591	0.493867295326609
-0.0755241251744633	0.0754587003822598
0.0858487188746086	0.0726547768226901
-0.168909752135003	0.142986862553603
-0.0169102410547851	0.0128264432224794
-0.117568414461304	0.101367010041371
-0.153493896343004	0.15402708550474
0.0395876029237727	0.0293834805964341
-0.513368972152655	0.632821932130546
0.0768550653433034	0.0678196133252463
-0.444335685119991	0.639377941264606
-0.450634703460222	0.565248901062046
-0.710384466402613	1.18871041876366
-0.456630014136833	0.59188442592671
-0.185137284736792	0.171692798542923
-0.402807402876938	0.435035473662744
-0.182208801923969	0.16780809816403
-0.127769536029886	0.132561272341404
-0.099336231477145	0.093195357101691
-0.028872824617877	0.0214744747569323
-0.267403449810556	0.300517190025803
-0.144877447834873	0.124992227257254
-0.442860511173146	0.597706443682931
-0.491992395154633	0.752963307776208
-0.674167890184057	1.32169261537136
-0.785752884463831	1.36526815304244
-0.159492081065175	0.170253874630349
-0.0538032100874859	0.0391679650113498
-0.113888169315521	0.0881945764040556
-0.531532061677894	0.638607817148467
0.551337441985686	0.550061640393291
-0.454358709429009	0.567677254524363
-0.849800442238276	1.02081022674627
-0.1532695686843	0.129825419359289
-0.351706009183102	0.340905868130547
0.465129890053313	0.581731623364046
0.0262031440016819	0.0249776386443042
-0.466219677367119	0.69287474237988
-0.431223760739015	0.67466299277026
-0.699723495372091	0.865188800857784
-0.580944835857031	0.531143893870574
-0.495121624623359	0.472939179915957
-0.745954797384641	0.915817184041439
-0.673653034940062	0.827290382931522
-0.082702167421413	0.0662912692262488
-0.0686520126019172	0.0542607414600663
-0.451712707175884	0.676537359084089
-0.443253417633068	0.730075261268963
-0.794757457399545	1.25245572530226
-0.572381760955436	1.17141148308388
-0.0720190593314149	0.0631726560219307
-0.314624567544678	0.369161633973683
-0.415452625395165	0.637310439686433
-0.625490955939943	1.47235630565987
-0.361324825866717	0.413138893590892
-0.471162658753612	0.554983163056009
-0.247747562094271	0.275847095826219
-0.518555646582147	0.600000377535112
-0.418740559679041	0.609239699638549
-0.179638779779613	0.20587496395698
-0.00566759030146641	0.00550959325004974
-0.0808720775390902	0.0844347980295365
-0.190911807099935	0.192020444571033
-0.179260145469554	0.166665153340954
0.0701800253593588	0.0585011167221175
-0.14979372274564	0.193181683717626
0.00391061360457252	0.00387214628338615
-0.133357760986871	0.145533505948044
-0.185947493351388	0.171105489885629
0.041929396959565	0.0337417936686904
0.595156858467692	0.575367816952978
0.593162057126955	0.645293214211038
-0.112144418286849	0.0989364078514048
-0.847466326148321	1.35828348367749
0.257687702627478	0.276306036512193
0.197861228518401	0.158323561412976
0.734354028930472	0.900417057867439
-0.208551744530659	0.198880612816992
-0.175945741825029	0.180796974095423
-0.646973387278272	1.01670644407766
-0.715367061231772	1.05218435263232
-0.303658826909337	0.498324694085414
0.0277134107526865	0.0277848300956147
1.09065281678242	1.50601154673948
-0.119384900643962	0.104390149307015
0.449403823955741	0.517124557441463
-0.852548515557111	1.0999537980977
0.389473688056726	0.343735870889208
-0.646290058504403	0.789539016451759
0.927043095332287	0.767788616963633
-0.16727637220811	0.0655110379392227
-0.332738129114764	0.172906198974644
-0.483912866418513	0.279654298095413
-0.174965833442928	0.158601016283376
-0.104011369137848	0.114780678271187
-0.430922675198463	0.584699713149263
0.0221108471844147	0.0230188933798409
-0.738699429277205	0.933147128936297
-0.989658728524375	0.822988785125166
-0.266606498028878	0.182276872448039
-1.54952900970118	2.13882155256653
-0.23721963149799	0.136112683919781
-0.750843050418199	0.415154661135957
-0.70753230662223	0.621507956478828
1.14795648018291	1.39063581834528
-0.256300923950081	0.288642180018792
-0.451362745642595	0.594136712277861
0.375096753862558	0.503129534336024
-0.428148673263969	0.709787493622186
-0.0884832592848967	0.121701010252233
-0.459718036012016	0.568967459511208
-0.808526344899979	1.02170226891124
-0.511232931556147	0.831962411615149
-0.177196898278233	0.264441376982007
-0.0134169458622416	0.0114285385735579
-0.296748757742762	0.407834389813641
-0.619251194872707	0.661047855093609
0.552182189569891	0.557391211587975
0.070573193195935	0.081376029411927
-0.831663695483399	1.56312051762312
-0.713540194456486	1.02756952995426
-0.274136964163662	0.346213758124781
0.0108350620419323	0.00995460483674689
-0.219813283388335	0.209118034029938
-0.946169920190899	1.65744089414828
-0.197169560932795	0.208208401743095
-0.859111538097853	1.00639797559262
1.31815031946755	1.67539446547303
-0.519511173021486	0.477732808545167
0.0307151905382287	0.020517765608855
-0.524968028899537	0.68606307939841
-0.674262159781167	0.51074561164911
0.455926661234887	0.773712961972092
-0.406028465882827	0.522684726351435
0.851210916890289	0.901560792601744
-0.764846539242982	1.09257130775873
0.093375608175355	0.0833538121440687
0.0281760970719029	0.0201313106160892
-0.856924940974242	1.00584935650995
0.799422256348691	0.859655779751708
-0.135285240652728	0.0883180299886051
-0.87983896695675	0.770795080064954
-1.17977953848985	0.811505094904784
0.296566843193272	0.125649211975554
-0.553414491360087	0.375260457584564
-0.643424732982631	0.82873425747909
-0.196619086725743	0.278486044564344
-0.453110977862657	0.530343222336834
0.653563316015591	1.07325514860904
0.464650453324736	0.501378766207457
-0.242462619186101	0.139729118210007
-0.092735849785992	0.0477872859682825
-0.329474571235462	0.311800367681919
-0.395061950375254	0.189156505805927
-0.879599864424303	0.502036552956598
-1.14135345758202	0.909721591455411
-0.388129633636691	0.468290500129058
-0.2897474084056	0.404386910500977
-0.249306569917254	0.289396348441299
-0.278259456762403	0.384181104843448
-0.377023924456339	0.480724944877896
0.0093721225604434	0.0118207176797455
-0.0500309379594335	0.0670153700546375
-0.626323038630886	0.555271614127847
0.0255981609474013	0.0281041875198966
-0.0966393303164246	0.118245717063693
-0.154685093663077	0.154519010555208
-0.309830064521169	0.315051864699512
-0.877707944129715	2.11767597427214
-0.294353523943946	0.37997678628014
-0.85534504068264	1.17680226366494
0.0146248110226253	0.0123041046633282
0.0731363073203376	0.0655431725159383
-0.339438472187937	0.362099160889938
0.343722591296044	0.330382146803398
-0.163275854074168	0.163366717248428
-0.391734857197998	0.453338674702764
-0.589347995105559	0.787777619097347
0.0395320611820671	0.0313209559360067
0.529174095040513	0.734576380348637
0.201425043125728	0.188875603213778
0.150561379763998	0.156342627623731
-0.424434900350434	0.525893345820226
-0.332814737781244	0.42881663666439
-0.279117051910184	0.356212326784096
-0.4359150760281	0.543993490656974
-0.910184173061794	2.25262255898898
-0.487353338260515	0.500528676691375
-0.228200022836801	0.184154914453399
-0.433487617452335	0.258310310050722
-0.418389915797171	0.31839662958802
-0.027834847266973	0.0205393911135729
-0.311436169301038	0.447207134873802
0.245524490380979	0.286879756391044
-0.856421904353552	1.12100569428871
-0.131474042332516	0.126016369919825
0.265030358066385	0.239685927401439
-0.373751949041627	0.428957746609727
1.04066366460858	1.54223399974941
0.560283107323574	0.378704858853027
-0.0631005518604443	0.0448310673258247
-0.280776790439296	0.191629357942319
0.428371254581744	0.336345139271151
-0.0280610572174387	0.0168221205481605
0.11444635917551	0.0794470209955479
-0.265086932768246	0.233954424785659
-0.147831753461186	0.172124962195315
-0.754026801224267	1.09669074969765
-0.0601856487027033	0.0698755902435223
-0.575097865106399	0.783136854380096
-0.376087959251723	0.273208516807987
0.407289371907309	0.318540305266258
-0.779463568651034	0.636663863184157
-0.0983425895984814	0.0758374654260208
-0.684522421490779	1.10987217620865
-0.0778920405166872	0.0915731829158911
-0.478737405434134	0.634242116751249
-0.296338946058261	0.358577479766445
-0.278974795348295	0.283204047718338
-0.530561934970585	0.705256763815847
0.198481039888671	0.219256859320008
-0.416719587253436	0.598038198742627
-0.639208124502647	2.28193185271571
-0.197792227011162	0.39965794047475
-0.266439282423961	0.453731525848351
-0.685944841838904	0.53623414074831
0.605183348937992	0.5840423666772
-0.576114661400676	0.318361095193802
-0.428037004246968	0.257579864757225
-0.610906834004867	0.491898120779333
-0.212768533910536	0.15044352398592
0.124075240453864	0.171042511978438
-0.328758935235392	0.647427876323903
-0.183368578059468	0.136299006854732
-0.47711606782086	0.781592159075718
-0.802276663133416	1.25979576718104
-0.183536094654462	0.240073220387927
-0.560538101377775	0.990788263127269
-0.706609168437755	0.941811525909719
0.156292659124233	0.167920813992731
0.0518674728343985	0.0546321250345161
-0.19693441208676	0.208796276792306
1.11455885002636	1.66502649227706
0.197636075104853	0.158220212988246
-0.147104415572314	0.126675803103913
-0.244817858757247	0.304052282880908
-0.0856589712147468	0.0992511992127717
-0.173084328121411	0.221308440861805
-0.223562959712287	0.316552790876109
-0.440179592609426	0.807270559356235
-0.448032388258208	0.452206691532367
0.0239287844371449	0.0315962388107076
-0.219290953548206	0.396380550143847
0.0790340485930437	0.0892701092197393
-0.219765516479869	0.420992122324835
-0.344945494562044	0.296353910675982
0.274967840867723	0.131388878989102
0.522883122518383	0.269500005090112
0.0818637931470853	0.0482616404284465
-0.0361379604622889	0.0446025596446119
0.0819544751718288	0.0993302245974858
-0.1769208130099	0.127672448880439
-0.212489196237894	0.18883912610054
-0.638771206147154	1.01758877704641
-0.022327086702679	0.0213982392326688
-0.538402095131333	0.650786183162377
-0.13951071415974	0.106927485766654
0.466195446274935	0.255314311072146
-1.18462266738018	0.813075340846069
0.250762195302277	0.131798425688563
0.978097833124983	0.479191878406887
0.699610691030312	0.38110782269549
-0.0979118660495257	0.085838787122206
-0.472669302470944	0.977502213364675
0.148464603561938	0.156238780420576
0.306981494430745	0.457873851197724
0.489333215846019	0.614991133516988
0.0651123398218542	0.0223133285015938
0.361256642547987	0.141693245365131
1.81604762108231	1.46697840359766
-0.674080231731848	0.493557385001634
-0.234689719909187	0.0903744426415742
0.0682913447510464	0.0273953015398567
-0.480311503991658	0.214140651371127
-0.289572202223426	0.526495869511869
0.210744259143921	0.248237930223456
0.00441619908416793	0.00544219431276028
-0.216809573607483	0.307021928143983
-0.866636277276882	2.11847555301717
-0.382227887943845	0.652679373209872
-0.272895906552652	0.432730901648593
-0.182091424140627	0.229021812964291
-0.246136661575335	0.501370173279257
-0.115876379179973	0.192851710694232
-0.332802830067538	0.566078164004662
-0.0407111498447679	0.0293887855327256
-0.697332529197758	0.575634360081944
0.0676218133331422	0.0361793630368101
0.213911739381473	0.125705291612756
-0.476843041792248	0.210462038873037
-0.489865115672564	0.343578815605622
-0.999325464873112	0.84655083719027
-0.18927941005271	0.114342682216789
-0.477371728278709	0.333025238122013
-0.577261800885762	0.630352530933809
-0.110486059488179	0.0947489632037429
-0.126919878984007	0.187122341866482
-0.0130761506326022	0.0172405813009319
-0.231658535101495	0.201593521592386
-0.524147373017976	0.871824877051525
-0.566508883797946	0.785212941633561
-0.246806096199475	0.276294620819539
-0.0714103467076423	0.0651826873267438
-0.0451934057906514	0.0438332744442261
-0.241202199823375	0.274772486900376
0.825337155809599	1.20496489637829
0.350866283171634	0.33190845687047
-0.506215678001871	0.54722016388847
-0.471898608441624	0.523584263916467
-0.138204885663572	0.150333925132356
-0.873682193885451	1.70166044549508
-0.0745539185814057	0.0928625442696747
-0.271400919899758	0.442237061273844
-0.0748588104804428	0.0795904267306392
-0.000565440870445393	0.000754634231528083
-0.0830438582177723	0.119360053387343
-0.14327125373017	0.202649191127149
-0.415047965798239	0.378448308466066
-0.374794688480444	0.546883177146887
-0.502097056890445	1.06226714971034
-0.022586669545966	0.0135964310896697
0.0830342407079273	0.0487154242384622
0.766142083030283	0.512345160580667
0.0599948716548067	0.0227243311441314
-0.4857137258822	0.343359911186751
-0.146491725525945	0.21224786775767
-0.71512814465843	1.36675369239672
0.303522453694115	0.239503010257678
-0.318467961793951	0.310059066062811
-0.838905284419056	1.28918654396424
-0.201547996586821	0.178425373353676
-0.388106221643104	0.342770182878273
-1.31718676447479	1.62630935230932
0.0758597237692655	0.0432167063537075
-0.636746565063439	0.412204228022768
1.48663750605301	0.758598303689936
-1.8909542110407	0.786857370450513
0.559663738145147	0.370661756290406
-0.228592886680903	0.222661568635908
-0.075984307443917	0.0929433884960848
-0.240654792055598	0.285604518024246
0.14630535346258	0.191155891063973
0.194075655816566	0.17154686962887
-0.148556073823104	0.0682863410918836
0.308430668809623	0.136465008729191
-1.0379287815154	0.654223959833805
-0.190261253238755	0.13902964597948
1.47500796834803	0.68668221476349
-0.476992926075368	0.211714784764112
-0.179417585697005	0.0749970342385472
-1.56132098350696	1.09347710587897
-1.4093382004097	0.911662962755517
-0.313230591128541	0.421013667793869
-0.130452964861007	0.178725633311063
0.364418216047683	0.513386894058381
0.0498685913231242	0.0597637593317415
0.00771314132553192	0.00776887201638537
0.175505939968977	0.239199151800135
-0.283324186575686	0.36167868743769
-0.633275378014607	1.24575063509069
-0.141576699670482	0.212585510928793
-0.312813710650045	0.577627074512468
0.548415170367471	0.777772638943356
-0.115953915372667	0.109680842024899
-0.292620975736406	0.275333056102537
-0.0267893541180011	0.0200215496262705
-0.182540869817889	0.16648382781283
-0.63636510819765	0.5788394586442
-0.694587313756235	0.622112075465356
-0.162764967055285	0.102444053274155
-0.0508588032033342	0.0293656327827092
-0.543495314956335	0.992565802585905
-1.07736652179614	1.43970641819506
-0.434167816533652	0.314499743812327
-1.26214385469383	1.72568788925903
-0.773367773084129	0.715415248290745
-0.719325469542478	1.03838802536963
-0.586339491949973	0.851646896119976
0.00537631994801755	0.00637650554750463
-0.478979055030479	0.98711122131988
-0.355535818588859	0.482753935519869
-0.325154043784361	0.472078058036278
-0.454363920611439	0.571879101268071
0.103584262180648	0.0983548649602737
0.820428143093615	1.43749869806845
0.718225631834272	1.10882745349403
0.214690571990124	0.236938351247665
-0.582337844586054	0.805165722528515
-0.554204457756273	0.62212864152293
-0.444676316483388	0.502664861931699
0.26200932732223	0.308717087769406
0.104024338663615	0.105753414245324
0.230630007633777	0.25639197718637
-0.288896883747535	0.370341257006874
-0.0443498409462213	0.0401699007315731
0.297052708267103	0.452528121790053
0.0486017753373839	0.0459566095856855
0.105968378334444	0.145070225833546
-0.204595216304446	0.305945507929159
0.158935295506055	0.23167177976209
-0.413602209683679	0.502430534104573
-0.286971693483139	0.343860093100993
-0.434777159076803	0.698977427174758
-0.0668978453427524	0.084695094543032
0.571836192064563	0.803626978749295
-0.289996348294225	0.226100340795689
0.296374521723203	0.253020385978561
-0.0351770600049463	0.0203820530872152
-0.416945787973897	0.30269899219384
-0.873659638907504	0.8438935830596
-0.221435718541803	0.312084638802744
-0.109038223920722	0.123131168588248
-0.157960506038328	0.144312366433976
-1.70585888215471	2.87696536571486
-0.10986640908079	0.0975404257675517
0.20215611585646	0.188874164064579
0.0103813643924498	0.00779370784265819
-0.49762705503426	0.473701509206012
-1.09624962843111	1.71147021351937
-1.909640671898	2.18564584009279
-1.27419769467493	1.30362449528192
-0.672363063024839	0.515547398652586
0.0919080377583529	0.0550883883304012
-0.203703673858168	0.21687036766551
-0.231853004008147	0.284668787844725
-0.542561253328702	0.729040662771543
0.0616033270644549	0.0678181048793084
-0.755509651469039	0.984839335832595
-0.534357028855575	0.416249721469103
0.0708633524285332	0.036867733849913
-0.776775155249335	0.609106944412596
0.309932808252856	0.249127358573836
-1.18976209130702	1.10955166902858
-0.978422834961914	0.902888772030681
-0.212590202030402	0.148008518773937
-0.148772873882156	0.0644007958847406
-0.771686698855737	0.546469031194342
-0.505263405107077	0.444161402254638
-0.389663987444833	0.525397801533891
0.608475893755655	1.16486980629968
-0.303957752178565	0.375994775382896
0.0275519910457803	0.0304777862088441
-0.406948934897889	0.576493868638285
-0.35907074182735	0.464069963384194
-0.0799366910422835	0.076738162219547
-0.214480759687266	0.262153439552537
-0.376586888657554	0.523450427321945
-0.019656373407428	0.0270177589774001
0.0272255132837259	0.034804204091477
0.397674410668422	0.571438351448229
0.389930265282579	0.592554054106289
-0.314266064279554	0.360443111925636
0.0970618621930583	0.0943249031641109
-0.346766436283764	0.293013275698317
-0.054267646284168	0.0388376974412715
-1.24817538798326	1.88739522050203
-0.25715452363813	0.258237379075911
-0.300611989639522	0.459697623693151
-0.240669902907386	0.317060428443914
-0.19688025944937	0.205581007275331
-0.602684159074714	0.681247961537199
-0.891475934821054	1.18011376030062
-0.873472871318228	0.899762778515976
-0.569786120172507	0.690908330630299
-0.803678754506784	1.13847920135831
-0.0249084230911423	0.0216303386003875
0.171749543518909	0.213882600050775
-0.399270824851307	0.660950935616443
-0.511515588954744	0.873055376306267
0.090516171664083	0.119008168719289
0.203322491004925	0.268167370550789
-0.210264393222359	0.286381736404359
-0.910776914477126	2.12494441097315
-0.448058572025977	0.770386329323935
-0.382999405859117	0.591532971946472
-0.372208177070941	0.439429582756051
-0.175927965233963	0.158929858134942
-0.00965233335540258	0.00735564224700312
0.190596848966654	0.202675574552596
-0.471444084574516	0.49136374237922
0.24232527516655	0.242630003872321
-0.247225107056856	0.237363359783204
0.141630877883181	0.133048945284502
-0.966551924041296	2.20970147688526
-0.48400091477539	0.804514296306381
-0.262900752794616	0.318028879334601
-0.38547164565714	0.468135002077884
-0.221399227301052	0.209551881986945
-0.50531935012529	0.781104142683343
-0.105747350586254	0.101757414447434
-0.214033540298279	0.220230722134102
-0.156389576093579	0.169717266023809
0.0220801947035935	0.0211532610712407
0.0275110630482763	0.0290324931152178
-0.843933873034956	2.23895150910452
-0.11917013774893	0.181611014734553
0.220744810467832	0.323755743543498
0.110062035853004	0.154447007891511
-0.317117438692437	0.462588483268448
-0.537890203741375	1.09431438535151
-0.111342835888771	0.148766540847789
-0.265460640534913	0.381201230845344
-0.385394166860228	0.379305170236188
-0.393908171559376	0.443371617251471
-0.267473511410493	0.232296370206733
-0.311818520446431	0.295094449106075
-0.430765649486144	0.539906888953409
-1.17113759610445	3.12611829221557
-0.206533692560625	0.248380132944869
-0.424755138063029	0.617566538033537
0.141802366797182	0.126393135042293
-0.245552657952706	0.184018076286485
0.290029795223763	0.247016744155977
-0.411738040386292	0.403043139553794
-0.892619587959737	1.18603422977788
-0.543690529141641	0.745564938687649
0.28761288114224	0.24152626071884
-1.22138264996279	1.380249761109
0.0150734543203649	0.00901361335682784
-0.265736154409395	0.274403189702017
-0.358259188259152	0.435357933626425
0.149476065961207	0.16320942989477
-0.0204137061901756	0.0211853714461658
0.0912337535446026	0.0966473229868121
-0.0483493075581143	0.0487049562986569
-0.0496884439736875	0.0358004320606102
-0.121644992363474	0.0936253411819954
-0.0969684396458746	0.0642588688010669
0.484374785546808	0.60589943520066
-0.623081891746133	0.677189438420018
0.0120894731732931	0.00774651418332522
-0.245783396798292	0.193504268685388
0.0616463680037191	0.0495060531717745
-0.852094386934001	1.04557731092308
-0.210771853973263	0.153264698251762
-0.46620085532249	0.444095395650052
0.685124782067336	1.23930149744704
0.174006425771014	0.208921885537195
-0.234787799654891	0.307813793598302
0.0853259234976548	0.0873346881265126
-0.584997703992938	0.824583526817181
0.237786011700558	0.288741346335183
-0.180849569713597	0.21883826460252
-0.329263592968118	0.380115327074477
-0.421645237871423	0.61194863135149
-0.428244579869656	0.586606263962063
-0.391749016145047	0.50789490574331
-1.29878803668252	2.16918323334292
-0.507182608838527	0.581708930076839
-0.213929405244852	0.21086743099766
-0.529097111424722	0.703735285443725
-0.370146331058867	0.415177329943327
-0.0786894559618968	0.109408398165876
-0.0240105913127098	0.0319459121752673
0.374837913926798	0.60667871738772
0.425324523743533	0.704445547144192
-0.0499826494858603	0.0538073297524404
-0.0323662121793274	0.0339441517056463
0.0516719132202677	0.040618625687309
-0.216864568872694	0.274237287663123
0.21080054171452	0.231930070849418
-0.153359114148691	0.151305880902451
-0.048902284465846	0.0520218884688702
-0.00497360977691355	0.00560355725631766
-0.104581254235983	0.135297375060773
-0.712653197400699	1.00379982834479
-0.49693141029865	0.601957629595875
-0.26280498742183	0.311782385123617
0.80104954033721	1.11609898242508
0.402527122436416	0.51211813355188
-0.119431464983942	0.113704738854248
-0.252213454318331	0.344250726051954
-0.278843763855702	0.377837250146447
-0.402631023166724	0.647885138654952
-0.116020673966239	0.146201609769213
0.0143262113607659	0.0155167940856253
-0.172007203516411	0.17462507187367
0.165626514430403	0.208536283951036
-0.0737431861448658	0.0921464482043162
-0.321993469671385	0.48377455393968
-0.749589169876636	1.8108435626165
-0.961658092064877	1.28344057089002
0.201291979882775	0.157588049254518
-0.391420620778623	0.392965283500977
-0.332930147025701	0.338602868274764
0.458602315123357	0.487049777754446
0.480277767373001	0.533303844493239
-0.440879682797936	0.638540372058888
0.509089529614146	0.747208246673249
0.071687777332766	0.0778517503643093
-0.570370572486345	1.01590863189558
-0.44557879347894	0.550549086414899
-0.292672536112629	0.31072979757339
-0.329915360541254	0.312704395631782
-0.45567078936005	0.406670035992135
0.160819851697272	0.216949177753511
-0.0802801346216342	0.0907480880584975
0.0579295736520925	0.0449048498949646
-0.642456202872753	0.612802715647337
-0.0971878201351915	0.0823486983876306
0.0578391887389529	0.0429342828970955
-0.503801550089904	0.999091387119385
0.116188486635814	0.141413720624826
0.0494813517207784	0.0522603987324975
-0.168638798814716	0.281983989177944
-0.0654827541583436	0.0860569001425563
-0.347219556979124	0.64093259776024
-0.350012160101018	0.503494421281471
-0.48731641057319	0.815481799177723
-0.269186683549116	0.29713868327031
0.248286816877833	0.286399210487934
-0.0635628389617842	0.0566423466021992
0.151645960218109	0.149962583232043
-0.247848372670793	0.338992917503061
0.282606567101946	0.391354606561609
0.0429211902586845	0.0431035067537599
-0.483136110349788	0.890271694570296
-0.122700686244778	0.116205551160207
-0.138619611118193	0.115542782217509
-0.185919452058577	0.166567717442102
-0.496649748211085	0.580490566364529
0.328889572298062	0.367075948120877
-0.478987163394097	0.681169305649471
-0.0795263130483537	0.0618522769922042
-0.217895909506953	0.180465647933096
-0.41155642815252	0.398562072498398
0.0780456624185081	0.0693558029121389
0.0511967308759208	0.0445969020597754
0.128274053841228	0.101214133274613
-0.00740029495639107	0.00619682812321693
0.710961655380221	1.25338863641432
0.111496198496499	0.118241649068295
-0.209275472534866	0.20859807615372
0.0856935334271709	0.0749630385399988
-0.28540630126599	0.281311148701733
0.401160496849229	0.438899046799805
-0.0781146040287006	0.0628355411138381
0.0159744530151984	0.0123044455622813
0.57574394733108	0.726927473892259
-0.00746507217718381	0.00555487103425003
0.111190108209376	0.0866441228219042
0.143556740386657	0.130831416307901
-0.372478197254476	0.502160993367776
0.446102923124439	0.700446264491067
-0.328419437644814	0.373934972369262
-0.557265709897749	0.883736076454571
-0.665048584014571	1.00307515724773
-0.144943376706827	0.124160536395624
-0.449816036035543	0.561375491115997
0.129407679175822	0.102234501837099
-0.975971563230396	1.24918078443505
-0.258381272693633	0.356712624121436
0.0281315923484735	0.0247529177179642
0.141932494034055	0.122441327292892
0.0187926472377451	0.0121453230148216
-0.304107933924585	0.310340485571949
-0.206310696728373	0.184974148736706
0.55761812638719	0.548991948684166
-0.141076150993354	0.10863545258203
-0.408176880434385	0.506651361339617
-0.00215657217974492	0.00274737206851881
0.0854915200524119	0.115379794712832
0.28343954132746	0.404716935166111
0.251871805338712	0.343454475387553
0.123293370414546	0.14355437104083
-0.415519202779498	0.572895054833271
-0.124534223576587	0.0936744897432839
0.648839757721879	0.847575477151991
-0.406630877231461	0.457724464496126
0.230270805684826	0.258924973852568
0.0906223302454115	0.100785473108898
0.275176309587569	0.429425544583857
-0.034941689041695	0.0365874319374884
0.0250601915929952	0.0241856403901559
0.539635706984154	0.781388060554629
-0.63642762320713	0.714552979605324
-0.929928752785868	1.42037642489473
-0.638031326581018	0.755767792854619
-0.529904090594281	0.640117941823745
-0.384183995586036	0.569277747525353
0.386327978379337	0.568973938003792
0.348675054093807	0.439421359355269
0.441166538774367	0.693929966048315
0.195177632206843	0.225547960309681
0.201647022266031	0.248554857526983
0.118673188990687	0.129808662805775
-0.468750432871611	0.724313022552163
-0.167101529387098	0.206157982449926
-0.581678633848367	1.18274607607237
-0.563544558729849	1.1600709694188
-0.737687184867404	0.814057578605374
0.49414752226982	0.531494717918241
0.640308530911889	0.480687670103726
-0.0901933990668051	0.0613104304370139
0.396183731163585	0.347795794274261
0.26550783821864	0.240728111496762
-0.358832130835889	0.400191281551476
0.572005529217628	0.623652502964896
0.376945480314349	0.426120027731541
0.229917959861163	0.300344338583396
0.288935718201728	0.383558849595488
-0.807996140508448	1.29268069625654
-0.247871213924031	0.222677504147612
0.203521238500269	0.162280399772136
-0.178487831022331	0.162636050335888
-0.451271980186003	0.431419661902358
0.212993094073834	0.277480517122701
0.0930472355702553	0.092443105423821
0.103819385280075	0.0720772826673365
0.308897415230984	0.243691342973317
0.549621026488838	0.706706633048676
-0.236619794240706	0.240567203768363
0.0880430959469166	0.0995708329799436
0.110747383714318	0.136734867021693
-0.0610735328435795	0.066784175518607
0.101020807372649	0.142001404336045
-0.0657682008789836	0.0713313952969618
-0.200123693684387	0.262404580735304
-0.583754096033304	1.08784059902886
-0.109809935282274	0.126239257746913
0.793777596148898	1.07234216608388
0.0765535133888295	0.0688129839709599
0.430963086102951	0.492072873310606
-0.324221031010489	0.373702527862105
0.349329757513027	0.421973477346168
-0.500206026803235	0.704189497762851
0.0218825984218615	0.0196932079179922
-0.626722164913939	1.05960673919985
-0.0824907079926244	0.0735988485747295
-0.912798151564116	1.09086012175222
-1.19363890806876	1.73657163595389
-0.0674141159436023	0.052178313301472
0.129270285314148	0.108517934078979
-0.316694579883205	0.355114306550614
-0.343385691367627	0.307691181026028
-0.0365105175687933	0.0270207845201242
-0.178868849390086	0.150651140214497
0.743232963477841	0.994293041912606
-1.22457694666097	1.71326245755861
0.213106942597571	0.191377630109619
-0.27492446062972	0.302474715123942
-0.983999128266377	1.13932332811474
-0.005400205639721	0.00463473017240312
0.129781004931531	0.110541873597796
0.144549584856947	0.13899722622338
-0.317249964157512	0.29572387506273
0.125411385579898	0.106937738301413
-0.152476107634595	0.113825307390936
-0.246997730514924	0.200331553875854
-0.098639000282167	0.0793014689002965
-0.303386419272719	0.232443330505865
-1.32290941366221	1.7993168660152
-0.491415420902622	0.447114275464713
0.0668182956395715	0.0538595660125966
-0.0171243553119461	0.0147717536428903
-0.897858956203908	1.31344588752271
-0.482062541783164	0.553128837324532
0.0325460913609977	0.0278873712433359
0.901118515730714	1.3662982499374
-1.17964229986621	1.58706896408548
-0.0211825350465715	0.0192344516431034
-0.61714964026988	0.666172482907139
-0.362557603230715	0.479729716028706
0.330809785273143	0.334387927334229
-0.0855261546648454	0.0829368835815335
0.890133565601693	1.3008491223088
-0.652661030408538	0.822426440917434
-0.269121653829497	0.23874226674781
-0.508568729677304	0.561668683855771
-0.423614955813501	0.7530711935351
-0.048026204178606	0.0687347907868119
0.401757764201269	0.608896534921956
0.526810176247955	0.773823353216529
-0.0815865235458442	0.0744463749301777
-0.0494411755437874	0.0410792550512544
0.677478511257776	1.01275736169256
0.110741215943669	0.0714159710781487
0.506145580929595	0.529406471445849
0.284803978556018	0.262608631144814
-0.0758560595636822	0.0611900274574379
0.0979985758926405	0.0890956626606422
0.731192030844341	1.36364298063461
-0.130064236055593	0.15061961606514
-0.78370790631464	0.934230002382165
-0.620786507324954	0.74737091208838
0.207017511711666	0.160632066713241
-1.28733871603688	1.51156798613858
0.982487480862957	1.23440716723866
0.199258337464021	0.181111583452957
-0.105397165374563	0.0877603966812464
0.466141626835093	0.593950612773739
0.369368600504367	0.435220548182307
0.528883174809647	0.670552532072453
-0.0510356682309747	0.0611197316489934
0.111397646654998	0.122114395752356
0.238172668826902	0.259046166699288
-0.0532840296934529	0.0515314345071182
-0.478232197910264	0.680282017005499
-0.424284098302622	0.56539157790454
-0.300783385004241	0.383802420739602
-0.252419570754714	0.306386110754834
-0.292609089590254	0.301678384422342
-0.165331215956133	0.165935432027676
0.256924271774837	0.256796540446526
-0.688813337383106	0.745771056377026
0.660406851827072	0.750204863769982
0.0474719451732846	0.0349188869825137
-0.607371753275035	0.633047266960789
-0.101127732512785	0.0774668466452111
-0.0159457087590627	0.0119849857052128
-0.102529475699555	0.097835549137235
-0.380584850804705	0.402131408091985
-0.264927992239661	0.311989573786409
0.104896809897346	0.104265241195738
-0.0375966253202512	0.0389640143330742
0.2038331040156	0.192806921598634
0.0325302516745247	0.0285419102916512
-0.16996051446886	0.165740635270037
-0.21556888725633	0.238780064747438
-0.432402304849542	0.651717657465638
-0.309298974532591	0.394796557176875
-0.0715630091866876	0.0569787722902058
-0.0670590800542228	0.0603623513316481
0.385977704353677	0.513859058675254
0.468864397238288	0.67117682353103
-0.0747769570224281	0.0852602433546822
-0.440374718259415	0.73975203099879
0.300060800387119	0.461985851077374
0.126891282325832	0.151482963590626
-0.617282562044897	0.895126919040088
0.0817078990282543	0.0838161297975775
-0.376617129360922	0.588948951152105
-0.273291915345397	0.304352481163216
-0.486864676849406	0.459464013827715
0.661306339747592	0.678781270711479
0.477804144372871	0.449336185039947
-0.114183228374072	0.0771925856538019
0.383422902610482	0.409310809089348
-0.100146962188294	0.106233776578333
0.210375403901532	0.232616109220403
-0.55220188940365	0.643262643519847
-0.794758653894297	1.17487206852727
-0.732684161505498	0.887489832740651
0.210337223788339	0.180361109771237
1.47403846497083	2.36021068607277
-0.289588405267776	0.250603866725234
-0.203984218655178	0.188067703008775
-0.988805537675346	0.839174349047857
-0.00933913049277667	0.00570947033320406
0.195777290524902	0.156267382623194
-1.08929780579551	0.975317066642121
0.0296896915090952	0.0233961969991336
-0.305206332487993	0.371326316479301
0.122868206603207	0.105202586257338
-0.050981418478535	0.0427524363145094
-0.58451882762199	0.866803075409915
-0.42368596562462	0.313939955902965
-0.334502032457586	0.257228309678897
0.00360944154086244	0.00244343905953977
0.4751740323017	0.519285208048009
0.109381325788162	0.0788985439708393
0.406915171292101	0.239210070635123
0.017975757410967	0.0123413241666786
0.207204368061339	0.156697983190346
-0.460498861466272	0.371577601234475
-0.239267364555777	0.138587946818857
-0.794391842479725	0.925696015267019
0.324339501674168	0.407326874187493
-0.237622779143643	0.299622993158353
-0.0344302208509354	0.029218311443911
0.102779921751932	0.106348855847073
-0.645548302425861	0.915151758666059
0.213396100895361	0.221591462811825
0.0339167312533782	0.0289340318090521
-0.0460266074569683	0.0386097789072944
0.337683793224275	0.439664727224512
-0.194465607433778	0.176237633498025
0.204743495411139	0.210635515031119
0.970017830693855	1.45590458934679
-0.68798177607826	0.811570845822148
-0.23209401008664	0.485528669866437
-0.289628983673544	0.723948367399195
0.404523498177219	1.06417912435967
0.345124776867944	0.669290373430041
-0.20128705537772	0.217570081460074
1.17205567613818	2.01117633670292
-0.277976661662937	0.194435203022893
0.0806319204263338	0.0484267745775035
-0.187239798218586	0.134950529577099
-0.246557900455548	0.176215886945498
-1.28714049635553	1.50115821190646
0.943841230249887	1.02716098239713
-0.310895681061919	0.209266614977655
0.925789786734082	1.01746772342387
0.0904262360324946	0.125809914722667
-0.0172311270354246	0.0199817553648188
-0.855042136548331	0.918197416132273
1.14035162883698	0.997582460087451
-1.14050683749534	0.915321683600456
-0.0173544254327294	0.0103167204908862
0.109753177817538	0.076725991542427
-1.03218371476621	1.110611724835
-0.133182408778617	0.0865158868754127
-0.0735687853710461	0.0602323977397505
-0.800369942833981	1.15015830620896
-0.437631953211481	0.521691188914589
-0.557291115180418	1.16354524745074
-0.349793833487046	0.697248574669348
-0.256513810025376	0.322198451663975
-0.13635301272189	0.129049415940424
0.337524858729629	0.509833421863378
-0.890051728081906	1.41756862917551
0.200798285231176	0.304048448703484
0.197382113563407	0.313653132728346
0.293600886348206	0.476093658084766
-0.174138886159915	0.202385368343328
-0.0209279531009101	0.0219207535391607
-0.328600692344807	0.418059068024404
0.358899901456544	0.511609587223908
-0.150945444664524	0.137289545042335
0.531012454912465	0.758799901165581
0.0951934615036438	0.0977099965467933
-0.192244214724797	0.195168051693763
0.56991240792827	0.867285264203725
0.360146879157101	0.412449911156394
-0.304663487498694	0.309792288472531
-0.35104324285295	0.578476969192111
-0.44422484664848	0.761648057946504
-0.177218572916366	0.258944590226633
0.0892815936142268	0.115880622974704
-0.0896712500796731	0.118353297547804
0.531929995334103	0.785123796935246
0.0366739640215711	0.0434355461955102
0.450449053114574	0.982790070230034
0.0602831891461718	0.0845494387532015
-0.200828814834899	0.260385315512231
-0.244685391400791	0.458990708071586
-0.35588665039046	0.601996321677133
-0.0906091475793362	0.134634141194137
0.0922632389262574	0.126881128616234
-0.844245766778728	1.14809123384592
-0.036215185793242	0.0305125293228988
-0.288950493959438	0.410799923019715
-0.262169541994779	0.466225942865147
-0.0130410673270715	0.00989657329749622
-0.878560443156513	0.683238236789943
0.212725510564588	0.155340646990404
0.067567709787492	0.0250151984579289
-1.05253318958922	0.581472711958674
0.00147760612499742	0.000868385675038653
0.0497664295591477	0.0680763990283758
0.0610717158389598	0.0676235583323082
-1.25113512667859	1.6597622598358
-0.664390034003021	1.05079473700949
-0.125179033897796	0.131436660274221
0.0302835538278637	0.0238109219552926
0.282533711572332	0.258345279679042
-0.808172497109823	0.919192352540872
0.704892172297371	0.603204224823408
0.529582269191476	0.348522473511339
-0.486386813286449	0.284767697146009
-0.549294638531512	0.378706729354073
0.200678679067589	0.119713196193305
-0.535307135471801	0.581501631474983
0.171042034203114	0.247308353823839
-0.211806275990831	0.219866383114829
-0.623488157512349	1.26295064301203
0.0142742763837288	0.0110863090635385
-1.04635618195378	0.648316555319344
0.351369574177299	0.232437952036806
0.224593902859825	0.134093288607191
-1.3596835044785	1.80505204380058
-0.277937995518464	0.157041259898577
-0.145512576107024	0.065123969507127
-1.69273151014432	1.26722825511659
0.0953468763762054	0.0598286121472434
-0.656626560056457	0.461859487955242
-0.595035221313334	0.457479734538517
-0.552789801649543	0.369109715849021
-0.106975673875107	0.127043896924263
0.360572621125605	0.708864696798826
-0.0637370146192553	0.069501183716885
-0.2648736273238	0.451700481320611
-0.478475544034663	0.770354457341441
-0.346563239505575	0.577504343090773
0.164068901340971	0.202138405969835
-0.133862488092392	0.164017349626129
-1.04166172661229	2.60308656973764
0.1965417640359	0.301336709664427
0.181227732421549	0.221589790887691
-0.213343501986533	0.255099435260426
-0.231410769375145	0.555544695914041
-0.0349538488403178	0.0593410650560437
-0.0692228982431279	0.133858005598644
-0.259370424014075	0.638820970855171
-0.121200783621088	0.211991207503265
-0.333970831851144	0.357304196271771
0.399211865517667	0.508583000030022
-0.224211264168301	0.176860404935707
0.0362543449200082	0.0253504581281741
0.200740781170507	0.162305431917257
0.600502072132236	0.473664715158836
-0.970900616905625	0.908027106813422
-0.203882776901164	0.125887190443952
0.331894853795596	0.242020809018712
0.115256665851122	0.0842866488038371
0.168421588386755	0.274962266586778
-0.316617901191039	0.628185332889544
-0.0529327666040238	0.0305279451160316
-1.05102736161273	1.03057353904224
-0.735791546961274	0.447454130606404
0.697317852546868	0.476198446929307
-0.617031874702411	0.517648033500296
1.41864902849286	1.98091835196559
-0.335379331988341	0.255780465505143
-0.411068840015723	0.481250235382215
0.211809016880907	0.213370181331055
-0.281517581208494	0.283564103752396
-0.391364514378141	0.63448709293358
-0.016976061966074	0.0245411117494893
-0.278480255014797	0.359187160695471
0.0238725676746575	0.0203862264371316
-0.230119160514122	0.305409931650827
-0.0831827621335201	0.0722918137949558
-0.105061238574577	0.103297422653655
-0.0682171123792488	0.100069045606532
-0.179194703119058	0.305675879415188
-0.0929209314823479	0.122295115918393
-0.258742611772472	0.2971877578292
-0.0192848886995081	0.0193048882088355
-0.350030482165807	0.604545063896121
-0.0620457812432494	0.0731019208478044
0.391167124311234	0.496961302968903
-0.352230112671067	0.509517999318117
-0.617111962675307	1.14224113443536
-0.657900837303364	0.970548824169257
-0.173446271046572	0.188861957136316
-0.409826953318712	0.539558506966715
0.0293932808858929	0.0292900383638077
0.351451348637901	0.627755836612824
-0.228770910181148	0.403428115750206
0.0786030740016141	0.116811126447209
0.108429584542131	0.151899636600611
-0.10270581962211	0.152052207659077
-0.728459016271514	1.7136459341056
-0.627030608268559	1.43478825072465
-0.382821375835381	0.930683321771753
-0.0643356126884682	0.108269092553215
-0.281190803759325	0.498854868694232
-0.189924323585751	0.387562197918985
-0.0312015217315816	0.0388866335440471
-0.177046966655755	0.297668678421121
-0.265991464456636	0.425977586887872
0.30047555818329	0.356546500517851
-0.182483586643475	0.168417240897755
0.0720995905344156	0.085048350741991
-0.0687540803154621	0.105026855797995
-1.26597976623337	2.22733332242656
-0.0285576558615642	0.0170091049638362
0.330563086686409	0.244269628281118
-0.526892235961464	0.403264023629142
0.521800405885789	0.362371378527815
0.449825449501742	0.340787381095621
-0.204910852326296	0.357932797019595
0.124645008835357	0.180499399430957
0.157159326829476	0.143719197645076
-0.338324343454228	0.457863183449201
-0.844747457536109	1.78553760197783
0.227900983615498	0.272489398552426
-0.175663004577221	0.161690081637133
-0.897257605792972	1.30922647915879
-0.0876354182669633	0.0574421861721513
0.607596858382192	0.273857918990725
-0.987347383650976	0.830597855148923
0.236555702972998	0.137391814853395
-0.620867176070252	0.499742114925363
-0.190634783783039	0.202798441500572
-0.425973646277562	0.96654282246357
-0.199481015174284	0.255589610320313
0.12062138096106	0.143033252788174
-0.425091607295568	0.465688874766357
1.19555638642159	0.643432274333624
-0.13355112288833	0.0856172954943987
-0.87924642441739	0.582858808359054
-0.0918389448684682	0.0628210622288728
0.0636894729242606	0.0313138806977334
0.412387590876857	0.24133916994746
-0.629129567715953	0.403411440806117
0.865203801435275	0.560862765716498
-0.0890136648955273	0.0466795925602569
-1.6855345941967	1.97285326173714
-0.042710807346421	0.0240464383097146
-0.477509542828778	0.832186700877758
-0.280420184966738	0.548502942568082
-0.937981252875656	2.10318391345102
-0.245441302475007	0.434259508996798
-0.130997057047196	0.203237224338099
-0.304360666134537	0.614796548854367
-0.0219582702873611	0.028577320918787
-0.484684110243865	1.11602192427495
-0.318973395099412	0.523209979061761
-0.428443461714321	0.955001253578311
-0.0791028277527576	0.0881133676253247
0.00533660735764549	0.00575842638344627
-0.31323755946289	0.409148859184324
-0.240756530856573	0.282740053581639
-0.294827941751089	0.717570240184987
-0.337182594111988	0.76296264498763
-0.318060693194056	0.648559801808859
-0.144753799658457	0.170100489209263
-0.0761083272364484	0.0672572628740879
-0.00602948334477359	0.00761478102775932
0.000317385116874107	0.000419261087886739
-0.227335329213414	0.298814234648107
0.176846411708455	0.210147750219549
0.539582703928255	0.718064144922676
-0.178200905777448	0.190187183696853
-0.724314816225888	0.701661861528918
0.200000618574792	0.201685465277591
0.416134174436797	0.433803404726395
-1.00338261494516	1.46126738875731
0.0151957626618385	0.0122087148699138
-0.100740679558222	0.11266290996132
-0.00734866235068429	0.00548568705761628
0.0155559523952119	0.0114747558392501
0.00577297298983363	0.00455842519185634
-0.141803138873473	0.135283675638017
-0.571505029046003	0.607268185552829
0.443442431213859	0.519488464781441
0.0357296126354313	0.031868349189478
0.032639659726626	0.0282582064810158
-0.198177744666687	0.207208463266232
-0.236220529992176	0.243681831389287
-0.166829456700948	0.140421699582351
-0.306138076098473	0.317981197939334
-0.591780390039452	0.898479002402757
-0.0700419231321899	0.063312934824091
-0.443310469245322	0.615638428246358
-0.256678224263559	0.302507276547845
0.192506724852391	0.203693618093478
-0.309856284288435	0.27763904878895
-0.0605294764211509	0.0552032728300513
0.440420403670886	0.507949406352532
-0.129985149668865	0.0995672221769399
-0.795003019361819	0.755136374008086
-0.583152991012318	0.538597907332428
-0.131997187380776	0.0851186083173004
-0.309560856497299	0.263011651298845
0.426777288308527	0.416464940285948
0.00119031390711441	0.000801853369583982
-0.280795887539297	0.329455632142327
-0.515826890988293	0.756088545812662
-0.0792111630179883	0.0816435404612468
-0.227502036631082	0.238117567140682
-0.2780677361873	0.358949878405375
-0.152994997131262	0.141307398509562
-0.127297216943727	0.0943296962883869
-0.890128100985331	1.31858778093503
-0.420211020391914	0.814379295604175
-0.314669230133965	0.380091746578581
-0.372557254486774	0.30704044034805
-0.614052901345967	0.64929872376884
-1.19292559213779	2.8959295567664
-0.523403750597144	0.559565930093691
-0.236768776761923	0.303332285528974
-0.395719697736874	0.551078796377614
0.12558174446549	0.132122984752077
-0.314128390305758	0.454372308076092
-0.768593881335594	1.58034832844143
-0.504906706084785	0.813736294298696
-0.165609367046578	0.193643831642687
0.0368817446608236	0.0369778556231818
-0.271057310982483	0.291267103974753
0.376224715317872	0.423317428574588
0.132703907141373	0.113692066746618
-0.0335025890242432	0.0248832025602496
1.132129009704	1.92388526090862
0.0294863164146197	0.0274428427104339
-0.734854697705455	1.23931811967769
-0.197686660313663	0.221233979679486
0.452390415198976	0.610860982138615
-0.573084665501762	0.618669457543527
-1.30190597915247	1.69573327178589
-0.133679990333967	0.0996764348122255
0.746397377183584	0.969215362564465
-1.27564360458783	1.82712105770616
-0.675652322500915	0.729895388417838
-1.10464786531821	1.23139300790994
0.1083585860669	0.0750700606077281
-1.12178864171253	1.42992233445895
-0.41655024057894	0.346897955248816
-0.531752391021875	0.682450587824382
0.0509219584029346	0.0445240374451203
0.317621304152736	0.326503377815595
0.761875466786681	0.754370225569224
0.276001625978279	0.258979109441686
0.367874826994339	0.345276122501225
-0.781554249914813	0.791884984449425
-0.924942614529887	1.07473769210897
-0.268457722367442	0.221963460641877
-0.413524847823375	0.377324616725897
0.899349478452069	1.39643914123852
-0.00617217358049236	0.00541122859209682
-0.592347510742098	0.75767972770686
0.487718993414307	0.585130095330281
0.426015456915425	0.429942040828621
0.896200994026657	1.18027024480734
0.17587533818067	0.158313626820852
0.0841262723832951	0.0684588307492797
-0.200591214770608	0.165122002323693
-0.143265124490647	0.156865377337942
-0.10747765781809	0.0846727180431183
-0.0660963052814278	0.0542181719529445
-0.475114033106487	0.374027735913763
-0.114881106939499	0.199741530466989
-0.187926149549946	0.315221362722768
-0.0114221342376988	0.0110024494419695
-0.248744159682724	0.309284103397321
-0.23589125333786	0.367735791844701
0.775129914057692	1.32513296559934
0.60248589575449	0.808522199306286
-0.593032123960725	0.683859044443716
0.125070519791063	0.1028422115746
-0.392863680895263	0.353380924592988
-1.09294637981375	0.957430775886301
-0.416194540694447	0.37813386504272
0.0824714583528214	0.0469544115011137
-0.726979669856837	0.768154724803009
-0.314693837238983	0.272948998471555
-0.288321099722529	0.245404221399234
-0.797728112899615	0.696631032190628
-0.989676239469782	0.823288457959114
0.0854289122988728	0.0534016063051113
-0.0248597687099362	0.0145920334842964
-0.0601479423351538	0.0409855209029436
0.680738143249049	0.704065077836232
0.0790438485247735	0.0438621143787622
-0.973362785236765	0.907163176171686
-0.0486012221883546	0.0430312763159469
0.758290801650574	0.905079487727927
0.811787634415788	1.16994838126148
-0.540167611695107	0.593427274804692
-0.261757780459074	0.271000044197911
-0.540885409872532	0.656781574804183
-0.490409111428245	0.478251198357753
0.0174608077011351	0.0121909111849925
-0.698939520428589	0.624157155639469
-0.275165795645823	0.217487739255147
0.558131509056846	0.629092134119505
-0.521214850271216	0.414578107575176
-0.975764718518564	0.923179805977928
-0.560324646572351	0.488558721578969
-0.0366678065496942	0.0266007649784325
0.217303707519301	0.150925646521828
-0.721459727284008	0.720072623350269
-0.0717140464954058	0.0578816599421432
-0.0311871840462366	0.0263350997470919
-0.453763015070452	0.491895621627792
-0.431051548562827	0.542403460574828
-0.542771097823941	0.673554985570245
0.0580806873321156	0.0483911867705901
-0.896512687322851	1.1850451086154
-0.616364472214051	0.774311630332554
-0.357659722322866	0.545971857426365
-0.241350589496046	0.267690232627863
-0.235774881933429	0.191790169321347
0.000220668594225764	0.00000675624626999392
0.0194719514300004	0.0185044178796281
-0.120478651912493	0.115181985704721
-0.0162625015733166	0.0154735845258688
-0.284058858411071	0.36835609613896
-0.177492971307113	0.186504069983984
-0.162072588546992	0.185250782496059
0.329356973207166	0.342586513808034
-0.262155815328296	0.256490885369789
0.206644028736543	0.201448934756345
-0.0379071964567531	0.0320435544947247
-0.128686052381972	0.0994418219181405
-0.414241178479786	0.340557169804132
-0.481967527116535	0.329331372912447
-0.367940026921149	0.240822625044762
0.337669073884204	0.338840188052183
-0.440541811473066	0.462433772205668
-0.198949403121244	0.19546813355941
-0.435044751828068	0.48641832472158
0.050057405117862	0.0388866930169599
0.717656678556658	0.617347529467757
-0.431234075702025	0.314099497664742
-0.0542972597215424	0.0380571803960504
-0.438961111159841	0.367774162848439
-0.77531547758168	0.633842722080043
0.281871008855724	0.134933920376598
-0.371844616361081	0.238195987454451
-2.3615641996318	1.27040943082848
-0.992538646498124	1.21641387715961
0.13696092322691	0.112979481305566
-0.523067703184229	0.407215239110186
-0.773199956599088	0.599781860732855
0.0633758209329663	0.0238760539811343
-0.0915437745698024	0.062076287106568
0.0625421455369854	0.0290904246869161
-0.691247000407742	0.339496828776363
0.511887825052933	0.356344240049224
0.0906594457895089	0.0491371422773896
0.76957295463093	1.0150640716472
0.765915426215259	0.930643361571462
0.253645148993236	0.241975277891911
-0.420803613612533	0.342749338850986
0.0603560301533596	0.0477064009116998
-0.469582960273139	0.519930718575063
-0.712093924635405	0.938767478373723
0.259413452544723	0.265480211683695
-0.460184040222	0.57881634705085
0.0643530010322438	0.0507489232991792
-0.962241498496332	1.28234915806613
0.242451968217548	0.122952228674302
-0.337549767167918	0.277542307406806
-0.0344354000269854	0.0635124128438203
-0.365422894894709	0.323452108300103
0.641978790459524	0.908206324455645
0.107970323962333	0.0722272048099315
-0.235210595521641	0.167965847407469
0.624427438382455	0.731466460168368
-0.418975385747722	0.258784837124612
-0.585154075503577	1.04586158654634
-0.107064928419351	0.0691188402116394
0.757973501115105	0.638885232895935
-0.401406427645	0.185982103388813
-1.68179227087058	1.27630582516682
0.0771504965148876	0.0436431574438524
-0.32514088971667	0.165841104561656
0.632371223784427	0.580018813058242
0.0516651310067974	0.0391824950998346
-0.565412216849823	0.76459960328157
-0.0227181528691714	0.0247853416125214
0.306612324277371	0.563949112868075
-0.296141446252277	0.357838756987649
-0.0536715268200754	0.0437307294780283
0.563392602832802	0.915176214770927
-0.596330746499183	0.784868394091922
-0.146355728467007	0.176837156615593
-0.423083027900957	0.596741721552165
-0.156155106606654	0.231696241515993
-0.0661411741087815	0.0652369350887437
0.0179262819289658	0.0179229598540546
-0.0798033370086465	0.0963134192282507
-0.125247624833664	0.125307709055272
-0.0502484597664602	0.0466350939045265
-0.071845118364176	0.0692200469810931
-0.135682214070644	0.16925676588048
-0.445604949631135	0.583378789707362
0.569604942046796	0.923258010741907
-0.283282599788206	0.354849082805726
-0.182229746898576	0.20319327081668
0.339418654444454	0.649635129800888
-0.100241768759825	0.159516521490506
-0.253711711964298	0.524340176536806
-0.206150942800814	0.389601463485032
-0.124739637269748	0.226929649636556
-0.339760712360948	0.600933966230672
-0.326403406876617	0.725466790724872
-0.515107525270214	1.43126418556151
-0.290836417958765	0.730078985531997
-0.248335635517496	0.478760865566318
-0.263297933359974	0.546670067804741
0.0227989079479079	0.0303188066460256
0.830909314430111	2.43226776757199
0.0791832923514239	0.100318566423457
-0.0950799687024266	0.0834197635066641
-0.555285443693482	0.572754160450145
-0.124791278754054	0.154246236585929
-0.0637270777824076	0.0881183093526351
-0.590330793781628	0.628611177195474
0.564150362804957	0.4795057998949
0.700716834925077	0.403387762736119
-0.0530488909548512	0.0298844227658052
-0.629293556969775	0.405178324913954
-0.0797144503045339	0.0429841833953874
0.66359630502949	1.65572689723404
-0.150066940280544	0.212223058628742
-1.13612107165042	1.99550535812574
-0.689749954153197	1.00922759209835
-0.190511029314935	0.244619756212686
0.0126125967901227	0.0113707923414666
0.943394913356549	1.50245045106352
-0.0274956716600872	0.0225634184734997
-1.03491883167989	0.656576293433807
-0.781913643078109	0.644357040726184
-1.0751305273313	0.54553880068914
-0.757062294822899	0.497404947460642
-1.35716634243187	0.643681304774792
1.5374637235093	1.06085446105963
-0.199722778068018	0.121599078041741
0.618028585515322	0.374982113553647
0.939220055629801	2.22190878941719
0.398030377932341	0.839869412456348
-0.711480397611458	1.5548519420329
-0.434874141048506	0.886573412526828
-0.275029581748587	0.512308060457991
-0.268390704072891	0.538528819157639
-0.409878553416897	0.776031870204489
-0.144961840601484	0.211935362227997
-0.373706989424914	0.657908837332823
-0.0230874435029425	0.0309473226104273
0.270837144307193	0.377495379744096
0.119146821623255	0.119177594247594
0.117559367342637	0.136780910632373
-0.179774201782862	0.131459477682014
-0.165715004148418	0.101944360306925
-0.274029431898739	0.152250810556079
-0.36041738596648	0.23361145650977
-0.992021179520592	0.856398875333795
-0.744465399769391	0.43944850915642
-0.676992490635548	0.492844996063428
-0.610231891392282	0.248016860367681
0.0635698877268205	0.0266404235549845
0.625066066943628	0.366525701957098
0.564428238547516	0.366498066734911
0.0593425809990113	0.0220887003646951
-0.5539538260154	0.485414091436065
-0.213331046523569	0.365579437091775
0.133976652437882	0.129902941064987
0.0274415562124723	0.017515268845854
0.327278727746408	0.4211842542827
-0.343670138539304	0.295875745184377
-0.211444464074236	0.283763834259589
-0.48158870299336	0.535956738103435
-0.218593299668035	0.302006063005762
-0.229337546839852	0.203340213092214
-0.162052129922407	0.132736463697737
0.000175627793577708	0.000103327520555389
-0.069205933519407	0.0937666252115352
-0.241765626057044	0.324774282576219
-0.0735400125887613	0.0748207631075951
-0.0352734576778999	0.0434839756921527
-0.144400682966537	0.161970126623492
-0.210370101350538	0.243109167381065
-0.231473541708432	0.325671026056062
0.0691754392175104	0.0784548080854729
0.297092309358984	0.379915935245738
0.47247624627658	0.591851336046759
0.217823749723826	0.237487773811581
-0.690746112176455	1.05003250134781
-0.650587304641243	1.60198872982169
-0.153918687030539	0.248248243700147
0.0927359685498774	0.163886287352209
-0.199570351762487	0.39452536036254
0.161622462939149	0.337342413716502
-0.0826425972243901	0.109888328203716
-0.135511694280924	0.242321705703744
-0.0586061638966189	0.0997639452571666
0.117078780180104	0.229406756747292
0.0388900801823114	0.0467245520297421
0.172375127593955	0.340008708911912
0.505188444211729	1.06333591456719
0.578560775436344	1.3109111384548
0.156264591846047	0.198381775499456
0.207382820658094	0.153273267015745
-1.74257479315888	1.68343581475595
-0.191766705308813	0.23068340707056
0.437776483048964	0.847242715133145
-0.769753322649429	0.552495096885335
-1.11196500909974	0.444805824633541
3.90100238777516	1.64191465466967
-1.25914578874689	0.722416817792157
-1.10610816380043	0.465376189105069
-0.434439815171671	0.259360361289075
0.397641565408331	0.828807090405589
-0.0351297932912728	0.0373870060707679
-0.196316370962722	0.170690834010552
-0.166268090545892	0.149575920687453
-0.106563375310404	0.106673796173773
0.289444238539881	0.322051016449423
-0.253959420277785	0.222880142879909
-0.298613070704302	0.233365359641628
-1.18579202880628	0.377375738923198
2.47689546348277	1.34460364756315
-0.485886276679907	0.214343367348596
0.392653681144562	0.241899360161257
0.674148016985704	1.08631085960684
0.0303362241061147	0.0432542457899909
-0.0305502477404824	0.0373086582753612
-0.176863955307749	0.324811008753547
0.171549242767072	0.287294904712388
0.11284517573875	0.203549861351907
0.0592738163817542	0.0890177405811531
0.317013159934427	0.642065076677408
-0.374282790556615	0.655816780814257
0.164220509762856	0.282839336230706
0.418123036515591	0.520468669145688
0.0735025616846653	0.0725042356876971
0.304526290332307	0.452924706137564
0.0778114405323805	0.0644804713008195
0.0682675424544142	0.0307879019986202
0.11192071748593	0.080037851481572
-1.76097264107377	1.02418331517546
-0.636422434605585	0.41892434837556
-0.361582643649998	0.570695679868294
-0.287564810746657	0.451475157734291
0.237837061738365	0.117334613743021
0.078481728259316	0.0464802552849185
-0.146718211551395	0.0663708188779464
-0.599806274080228	0.232975057638589
0.905471045984983	0.386973383217329
0.780866681535134	0.531895505798313
-0.212564571049016	0.152554661729554
-0.166121116952707	0.264566658782528
-0.876247278666874	1.45843086268673
-0.040676249473537	0.0298880596749243
-0.0493015267343342	0.0482121851081097
-0.42895178809594	0.468982083613997
0.0319413774249093	0.0291478609455943
-0.144668121518601	0.12070086860128
-0.461225812358422	0.579445169884807
-0.0203047579334508	0.0192793453912154
-0.885176271090385	1.95035032779787
-0.177207870390823	0.162138655100038
-0.258932595592101	0.416082115529435
-0.13604915033331	0.182528620903401
-0.306892971092708	0.392910654704583
0.136858638770471	0.180221452552258
-0.0159465452667119	0.0179971861931766
-0.148372902053862	0.188686685110811
-0.248146335622383	0.253484525720926
0.203049445404246	0.254798735437595
-0.216498320580766	0.273642572148704
0.315720184793407	0.365222886916071
0.0228936649302482	0.0242896993522949
0.203968023752939	0.197613495989053
0.241172329827698	0.315059655233276
0.0224652404754867	0.0268125490324112
-0.331875620310834	0.785053613081645
0.44172212273269	1.19326950346103
-0.0471458249952692	0.0777923394818926
0.0218653606990408	0.0369085067243
0.150374283530995	0.234240501416702
0.0529282231478251	0.0837283974074732
-0.127175106479259	0.253025247081017
-0.0287085950017205	0.0552311545656961
0.186691262698125	0.319560878087538
0.259205641684934	0.583045114042714
0.26378604610755	0.464217602099081
0.542306873244494	1.22020522962562
0.338812345757371	0.494327939545553
-0.787945647204183	0.773575307565783
0.443484243881515	0.426985768961631
0.561734561009363	0.867437045281861
0.0140644320359832	0.0164527059870436
-0.619021877320642	0.527738526660474
-1.30487097753467	0.889273620073554
-0.635500963137326	0.402918591256913
0.734721532723722	0.306620397421394
0.303503187585363	0.133344650534779
0.405791026977503	0.235176088238938
0.217267407604246	0.322944874615995
0.0144789760131149	0.0161979143710627
0.900370678082732	1.25258220537176
0.0856390005463609	0.080110417297077
0.305912145214805	0.422126713948948
-0.373267451941134	0.45686274953704
-0.179574136272203	0.0757959503039464
-0.193238669857342	0.0744332029750874
-0.611004560375104	0.24928574573673
-0.727276367312775	0.404468884000084
-0.149323820489176	0.154809436247362
-0.0538638540530682	0.0604949393049411
-0.00671545635774511	0.00937315389756884
-0.360007269171693	0.755200204753054
-0.111022973566126	0.214550091351188
-0.00953121181515414	0.0135137113050494
0.0942266595567355	0.138345116321028
-0.137980847767563	0.20459723143161
0.124060107610899	0.205938959180707
-0.574039132723012	1.10413916127623
-0.442939468419562	0.610165186269252
-0.275770514173226	0.297502564200353
-0.0928635627179495	0.0489991363701548
-0.496251724528955	0.279570290707587
-0.570417922570408	0.304522938178229
-1.06459921290535	0.54613723586319
2.03828222510549	1.37234070622343
-0.792688257752665	0.277912349240533
-0.233252119956422	0.0870850424886451
-0.999325464873112	0.84655083719027
-0.383405259901344	0.338853731576271
-0.125599388871255	0.19058714732098
-0.0683785406651079	0.0559686473857132
0.365617493578067	0.241242479772936
0.293500700398244	0.350212094304833
0.666834628886395	0.572963735006243
0.450101831614664	0.746706995041626
-0.295582989933843	0.336050942459128
0.38571394926533	0.40214936784225
-0.157044143580602	0.127610491649559
-0.122728657924829	0.125535304711943
-0.124379285123571	0.150522787486213
-0.0679125579514196	0.0809217715172838
0.0504622790839816	0.0479028165120226
0.133982458334087	0.161927309633062
0.0938731184963425	0.128443645759454
-0.264862239203388	0.394907888618594
0.248309051980904	0.242476029285119
0.292083652117936	0.387573167975912
0.0737637515144209	0.0865025756720682
-0.036274416998247	0.0333627774690504
-0.440721454552877	0.537936635927097
-0.281093008063445	0.285586474204122
-0.315766724347806	0.306467279854981
-0.0363322428556266	0.0453770955201453
0.200347235689331	0.380048533967056
0.152823484234406	0.278568850245848
-0.0840687224089449	0.146813262526298
0.00940852665998727	0.0161397364489352
0.53034597788241	0.877221197526889
0.0779942365828496	0.116919627090322
0.181162515856513	0.429978121876417
-0.00984637557743265	0.0182712749319359
0.236479489108308	0.369532777720044
0.160728546343824	0.285933600565994
0.409131185095095	0.689519694491375
0.411719596005999	0.765349877200617
0.282844422935818	0.347379154938436
-0.0467943377939887	0.0324799048102693
0.232204818380805	0.133718018646182
0.110614169836016	0.112562340718423
-0.22814931054883	0.319164106233717
0.0964633881106257	0.0607099603015562
0.307539374285487	0.136222807585778
-0.239576221220628	0.0920266355600454
0.0618288099180791	0.0209734162796746
0.298061290560168	0.124523885299443
0.517873782962933	0.260048851949519
0.422564269360776	0.814671169110653
-0.0989246661858331	0.121092778960532
0.105395726062057	0.0713863458951308
-0.0939062328175743	0.0715322237271244
-0.250377575668158	0.294102093247512
-0.29255154369667	0.359130482376544
-0.206660850729815	0.145983380616895
-1.57392481451334	0.835238970031909
-0.0114622036381954	0.0169745184318178
-0.362774038449193	0.718937458228734
-0.258320981175034	0.494089183662752
0.080669142127429	0.106479449092896
0.148100436021916	0.225872172498953
-0.209737555227375	0.255748680032562
0.0622115316761003	0.0229734765362955
1.19052674769762	0.580363204665648
-0.489457851587619	0.276174223459659
-1.11053609395164	0.474325461289262
-0.209439087192993	0.149324871544852
-0.419104725141123	0.33877483182078
-0.572932186888035	0.865232137090034
-0.274428449508605	0.210063111158898
-0.200756468208885	0.212211715742381
0.270332774277205	0.241448802605811
-0.148911710725361	0.0885127755609401
-0.519837564831048	0.795200300922817
-0.582220319169042	1.08234197632759
-0.266988153665755	0.356757710317067
-0.154519316025346	0.212415462116563
-0.45633825602018	0.609477027176405
-0.212459123726273	0.278986353259538
0.383106787386452	0.63425470807544
-0.14692423922964	0.193739328598836
-0.072973885015304	0.0632677736873642
-0.152379443497737	0.149069115675082
0.0649362261092619	0.069249549651651
-0.0631478096202075	0.0609070766421286
-0.445893677050357	0.500126639524681
-0.629063548532773	0.676569306397926
0.368886798179514	0.341927669532409
0.365186355978735	0.651510876011724
-0.0973621970368104	0.160568843369258
-0.280279811869115	0.617422382912199
-0.441390133116572	1.19879459282474
-0.0875854390091384	0.165488576216983
0.037318679335893	0.0346392536481999
-0.0302362330165174	0.0410915215199055
-0.350126731771049	1.06428231140658
-0.444174962728631	1.82466349232273
-0.0598099540251913	0.0750010817953283
-0.151139708418733	0.288437248365319
-0.371602666740067	0.631435051889639
0.0590463853323034	0.0647108355931701
0.0981532601657699	0.111262719483159
-1.7376445291047	1.78196876531843
0.763137019705988	0.515094545076419
0.544651143295098	0.768867599399236
0.0858713711532784	0.097699379976929
-0.558067251567673	0.37905773443656
0.60367210198169	0.19256980157576
0.35782067265869	0.143387628368836
0.590591430632946	1.46941283465656
-0.165178465623109	0.233858178287259
-0.460090973308182	0.413141628624734
-0.737041586402659	0.834829959716589
-0.299423640391707	0.43973365230827
-0.259680576509244	0.261078408153876
-0.415091075082059	0.389862326252058
-0.302748709694689	0.192733859327257
-1.10444322726406	0.472808117329462
-0.601207596303476	0.243882027133499
-0.0892490678266302	0.136783047939906
-0.111058916338256	0.209411548720276
-0.208258580153235	0.336191743940902
-0.320652343842975	0.605808738643675
-0.109652353888179	0.120530639634474
0.125445691369306	0.190611665809168
-0.0219093576457847	0.0223554130412384
-0.740809441121468	0.441590438749218
-0.6972754313634	0.334444457994593
-0.370587449742553	0.27222481019818
-0.0515003161359921	0.0406456045620348
-0.795250537502231	0.763198091581609
-0.0687584064930385	0.0725970889303795
-0.664212712776157	0.916459345153562
0.0525815442663084	0.0408816118113153
-0.704108707435381	1.08245229242621
0.21411330591094	0.247015245918057
-0.195053860637588	0.289108973037516
-0.162141266704183	0.207890737731838
-0.839971541224125	0.957940656771718
0.795953389915695	1.30342821826208
-0.0546325178896016	0.0549751203454899
0.37545320665168	0.418254102517091
-0.169680339683867	0.185784869363669
-0.0624106004669934	0.0568674451577903
-0.204265622003919	0.181533563333372
-0.221083414092296	0.33150443338152
-0.357008862571912	0.902867831696684
-0.284869891477346	0.734645328016368
0.0427549405500014	0.0705567062709382
-0.0756692011564635	0.14231605089797
0.318070003591715	0.510083056203502
-0.148958658229916	0.279380980658174
-0.122377975641348	0.280798391366967
-0.127891456685091	0.266233975573054
0.277353931960458	0.470453196191924
0.0203089613778476	0.0346282497167062
0.358698469209365	0.634209288313609
0.546228388188173	1.23687414778932
-0.247932247416035	0.307744654128915
0.497824557688946	0.430565083895399
1.2681409210557	1.19968742719896
-0.632746609906391	0.985715845916251
-0.153249935670012	0.236699691182167
-0.0741570501514297	0.0604267234207999
-0.884210245186012	0.489886680145046
-4.25732025775215	2.10620979427008
-0.331820504842092	0.168981507019599
0.0583599263551438	0.0238265761855454
0.0547521961420995	0.0798471085113719
0.215989104211815	0.348830568080296
-0.0812698529549227	0.0539993608176216
-1.9192176226254	1.22932274102193
0.0569191062805418	0.0215737141361725
-1.8862287055777	0.808520291897279
-1.35889985269299	0.648542493863427
-1.41024887186916	0.915154223545965
-0.282029728178652	0.468007372447542
0.365718139217024	0.798095580525996
0.302633714849043	0.412343722911303
-0.213204063411724	0.150205144048731
-0.116810126354299	0.100746705491073
-0.105173011640476	0.092731497261591
-0.211921968978671	0.224227144226815
-0.132352720958315	0.157840855705388
-0.382873035983339	0.548572937639492
-0.144428755210698	0.125278342005766
0.0398681235846553	0.0382503062484896
-0.348929229526201	0.405466164279118
-0.253554231306782	0.348140211177008
-0.0402929450349611	0.0428288619158358
-0.803537371407897	0.941431301220002
-0.0115318239574874	0.00859447247013926
-0.574647311725446	0.550061210528718
-0.467534468381393	0.517247009930686
-0.518621487058633	0.482768953749651
-0.193627220068707	0.17028055866595
-0.337942457258253	0.336788262939765
-0.260654956344127	0.254185319618429
-0.0298243376870311	0.0328855966415396
-0.00836357020775362	0.00932432525639591
-0.279921272199243	0.434522920477494
-0.59373087568434	1.17721213412774
0.135242137999832	0.168343283541329
0.234499909520947	0.377763375201928
-0.359848010685355	0.74607473340236
-0.0662777416934876	0.0981194456789853
0.542010656324658	1.02237429491189
0.212444083436325	0.358090926834666
0.222757588670055	0.339985559765027
-0.0371348226728862	0.0432878083802341
0.124438801169385	0.172638747258378
0.161608140054309	0.216363671072078
0.245261452781913	0.302781985011585
0.556905131113011	1.00261479135768
-0.370866683463359	0.447936009002783
-0.104208513437209	0.113728579391369
-0.84543018722361	1.24476714993736
-0.36041738596648	0.23361145650977
-0.269105435436357	0.185874251274224
-1.03254445619058	1.06658131935726
-0.36305478456529	0.28877092643632
-0.528124640188798	0.929583270007148
-0.242503532583505	0.332092705821903
-0.143418427115497	0.134555816520734
-1.41377053504855	0.92263735632305
-0.234791996665649	0.130878787203057
-0.235429152979043	0.1656404242295
0.357317097594293	0.239980244578162
-0.418151483146624	0.293019776431676
-0.423407942110964	0.349125473778079
-0.171616071877593	0.210655660323182
-0.144500646185306	0.191884513469518
0.00691415206471754	0.00722192189364381
-0.172088587072392	0.186469565479683
-0.128065716664812	0.168270893664143
-0.0473620449019232	0.0470585117516547
-1.03217623526568	1.2959452259256
0.143232343890497	0.14357455087686
-0.253534841340858	0.223180352341861
0.139148346709293	0.118925080148626
-0.343173546910472	0.260049011778438
-0.159597902051833	0.116532495092192
-0.585284798100944	0.550002514642127
-0.428846772777306	0.333817428807616
-0.0440319193480022	0.0382178917649146
-0.387788860311033	0.495762442674929
-0.527047962560317	0.618370233366348
-0.849476237558818	1.14855871416126
-0.229358171080127	0.252754269424208
-0.150102115896195	0.149455410865465
-0.176893066072591	0.276597226894456
-0.190178868618073	0.264544649085887
-0.230918139399235	0.205073459722882
-0.180197359452774	0.179257999630287
-0.285943121778855	0.382104227927335
-0.140923023542285	0.131681867564224
0.0585519666624013	0.0640452189476775
-0.0989321207568846	0.10302370707345
-0.337944002764299	0.383452620138754
0.628025174500086	0.901333676517146
0.092003560593898	0.0798176799622874
-0.103858011710732	0.109976209991454
-0.0256648961077472	0.0141282134013309
-0.325899801873314	0.309525052254279
-0.138855260041588	0.117350654496069
-0.0729986863773403	0.0502555479007862
-0.128781631200337	0.109736332499397
-0.681488286958095	0.77295975278083
-1.04035452237872	0.667528964247032
0.220341759157538	0.128861477152805
0.469194207409567	0.249719093586136
-0.56332957703144	0.373553175712359
0.00161978156913394	0.000992808714578545
0.510770763106723	0.344173805032766
0.202603733312243	0.135954490125843
-0.642689422906856	0.844552398991065
-0.0321860962059771	0.0236609862269337
-0.213965837718508	0.208969341197813
-0.205417365815815	0.204132649410915
-0.240682371868919	0.274012243973722
-0.121195075844806	0.116403790971143
-0.711573726349328	0.967776786405791
-0.172302035356667	0.256060293780377
0.141554576204623	0.231853301223591
-0.129440434495424	0.146494558667985
0.12051245289388	0.129852767560195
0.496681206063433	0.742322798719525
0.460902322230426	0.686963374618062
-0.292352306595378	0.447105091051808
-0.358742025754692	0.483329603660008
0.0949377865480392	0.132388425709011
-0.00351215354685882	0.00513428108377042
-0.305836613949501	0.705800197027189
-0.0543041830107869	0.0856872058894363
0.253543478106407	0.611022802281599
0.305209984004094	0.560563939784194
-0.429785661226364	1.08976609319056
-0.182872691524259	0.394025770274109
-0.135969214323084	0.304537390362686
-0.459522586578625	1.09143771725998
-0.263031715577334	0.56553579426479
0.276390710951763	0.480982049259051
0.266850960098017	0.470112694553482
0.174040572976654	0.244606368024224
0.202226871578181	0.174742542689818
-0.26060221191535	0.225901045742879
-1.3153351340783	0.951319609919771
0.0692926307044947	0.0335210397424949
-0.0200813230226561	0.0275006514422273
-0.587819995883753	1.38404869683991
0.0173989181415053	0.0134951683185324
0.0265268400995331	0.0243370022892027
-0.297986826116655	0.366162794418339
-1.01087288719435	0.754214244383323
1.05243074905098	0.965083465651109
-0.615993201025748	0.242202223539703
1.26923228733217	1.01142988971141
-0.227566323805265	0.0850532734240812
-0.0674955122608944	0.0370916504931616
0.0687800747809732	0.0341317731101387
-0.00969370118361411	0.0129124358866138
-0.286340303062291	0.441517234028776
-0.238180967635053	0.448057810004185
-0.108372349186943	0.197605207292612
-0.113649483817286	0.0971483904612737
0.1984667839574	0.155996483601726
0.102344452718803	0.130781599561411
-0.303433470006783	0.656555544857921
-0.106244432059718	0.109830356964683
-0.131600082125379	0.160248798405578
-0.413600141302711	0.674166233146201
-0.0601736718093855	0.0623567060387853
-0.221972164293999	0.304887485875366
-0.0647944846048572	0.0650668132078198
-0.364062629824848	0.366967557918007
-0.23909900796667	0.245472085522456
0.33954020669346	0.645251527412147
0.0273009081390102	0.039193490430888
-0.0535985642823	0.0874180758032481
-0.394056892867401	1.03430528560393
0.0666287398692576	0.11367957540049
-0.0188441140823473	0.0223851909393838
-0.436990384004983	1.11557735385855
0.189785813581927	0.403945090052607
-0.227261085994232	0.653147032246001
-0.0538071371252212	0.0816404651213038
-0.245534813871798	0.556304809335152
0.395713547158925	0.782103271898538
-0.0953475613309948	0.122764095002283
0.370728347603166	0.604646470822914
-0.0508678566391353	0.0420968930591819
0.426310324011081	0.428956879547861
-0.167296213169472	0.208482122380835
-0.0822369787253196	0.119330111974577
-0.333828668709847	0.171319839816627
-0.891664811604024	1.36423642856831
-0.326171678605286	0.412168810084498
-0.328167427622125	0.170692839616517
-1.24933308249279	0.737792052642124
-0.277345702132507	0.14917836067729
-1.02127030275578	0.706355553834494
-0.484822271416777	0.346047328927196
-0.0281771331614265	0.0414300424830481
-0.288940886881454	0.399837538004794
-0.328301574542414	0.67259278485106
-0.0685448819658848	0.099942119954568
-0.202032642097453	0.236563630077479
-0.0609682501580203	0.064639529465919
-0.143646957548283	0.162093746733731
-0.246186358781971	0.33024496544967
-0.252278444888507	0.356902589381971
-0.0935039651357886	0.112414509677613
-0.372285299323079	0.448571750282275
0.205877561061101	0.258642703120486
-0.0418951603157203	0.0478508365603618
-0.0352050163673751	0.0386406196698397
-0.532250089892746	0.706747793257759
-0.022294185445775	0.0190957625911799
0.0510934789472154	0.0378433536976471
-1.15842623885126	2.01358895175429
-0.729205439423982	0.981174603837491
-0.584492218424927	0.636688329337718
-0.168707592523145	0.214095363435763
0.0786078357957059	0.0966096517515364
-0.435288265459434	0.718889700055943
-0.688248165397385	1.68352768992873
-0.478962917468721	0.774209620150733
-0.39164080251877	0.597452630762715
-0.450052554772907	0.879227777801873
0.00157910804263888	0.00200032182768316
-0.25249752152993	0.458144537470615
-0.0965463152836921	0.10976083044005
-0.425331295501116	0.796060097924565
-0.521565133652668	1.11795278494332
-0.0197039022100303	0.0216731949495613
0.0640679104950458	0.0797440156700151
-0.091879589271165	0.122604139558536
0.233614322810487	0.308377255696924
-0.313726346172285	0.508120949609307
0.299412419961372	0.413419793166971
-0.0762171395137764	0.0923782149235851
-0.451842506269764	0.815636716066436
-0.608770211006963	0.606443772927171
-0.571588810980578	0.621789785117818
-0.436158148419761	0.479777770979888
-0.329021102587344	0.40255645547965
-0.242517159000077	0.296961087406634
-0.375884573017588	0.2830933151482
-0.513741378842996	0.918023722644066
-0.250856517788568	0.363965131253706
-0.942664381722339	2.14440276475179
-0.255057508544939	0.304303048135648
-0.0816544854604354	0.0707105292342284
0.194072550142443	0.16424999702843
-0.196546112664702	0.161670132716576
-0.339956521281285	0.287298573106682
-0.281915344014889	0.243943062574238
-0.523449402272993	0.486073031914718
-0.212882606191673	0.190149859827637
-0.853641729848981	1.22038427238518
-0.51285947645192	0.89158448652051
0.21606732685936	0.404782948816045
0.135818631662377	0.183044558200838
-0.226533377099984	0.283735710027167
-0.0742202020262014	0.0889906749256911
0.33350828364179	0.507213215436733
-0.14120607376813	0.199493163749978
-0.0735370576142177	0.096419854474622
-0.25708059774822	0.365658194464003
0.024370966367328	0.0302074535393599
-0.285723719008174	0.422419445154248
-0.130049200472988	0.142241716035535
0.460747128896362	0.66787285274859
0.00653558748166696	0.00620309754840072
-0.11577974177065	0.122108019850529
-0.390756504441812	0.485321079810689
-0.775432425975819	1.51771525810311
-0.438602414138207	0.553770567756617
-0.241701696605398	0.270423771230769
0.298618627158775	0.485441618611397
-0.61381659040387	1.33232788121735
-0.163573056828078	0.238562706088364
-0.185999754951513	0.248188474250489
-0.407950479363235	0.725994160408732
-0.404552749689425	0.70223733948952
-0.408312351945168	0.819093392923646
0.186282147427092	0.299707440857082
-0.179696085967176	0.245131130552828
-0.299986949394789	0.56159357081193
-0.270336047329599	0.46663536152261
-0.172928481329052	0.279380649809497
0.313479899664631	0.615198490688669
-0.130871620828145	0.163307165574186
-0.215553570179975	0.271288023968795
0.0419957789216883	0.0447862712521751
0.573620173590391	1.13500008316224
-0.312710347439077	0.558228886511455
-0.383308265049027	0.353586196851999
-0.371291331016762	0.274542631788057
-0.37394617761987	0.552403312135626
-0.417444687594897	0.698617176884813
-0.160697689307027	0.170745671520907
-0.647272797110284	0.713807139877103
-0.196949186703819	0.179960764731875
-0.262431261455565	0.365712501245206
0.226576381578368	0.384087261556131
-0.256527948548959	0.363247432039801
-0.482546824123797	0.828697941599984
-0.16025196437536	0.234945583171265
-0.618281994357669	1.16551058586535
-0.831736584564454	1.66528436090249
0.237937876657631	0.281200610616901
0.121188605070795	0.145305472909783
-0.0843456885933522	0.072778289359681
-0.381152910164303	0.377375269452678
0.1836545840277	0.178924087496012
-0.312826693492918	0.302958739074692
-0.134564930034057	0.115481098354925
-1.16210755482127	1.7958235297584
-0.268101016838005	0.325484859768719
-0.493135744035939	0.624591500675455
-0.637489585929599	0.847646792801327
-0.673548448767803	0.79579869064695
0.133979499298867	0.251156322804921
-0.273385611977275	0.396605566472886
0.0106585317663851	0.0101767399271739
0.28698382364767	0.500411385415978
-0.603044108140069	0.972650166388705
0.173289789438694	0.235546027682604
-0.0881412654427782	0.110342339381128
-0.513368153235057	0.958898514132886
-0.147276665990894	0.221542613951122
0.00378990988435221	0.00441418113489826
-0.623184959890951	1.15710289902269
-0.205561948306269	0.219556381207651
-0.3405121205546	0.495438673791293
-0.238970398373713	0.283841461692961
-0.721269768601424	1.09749034606277
-0.374207888035586	0.565574424075264
-0.447335946498443	0.766849346708075
-0.359083154529076	0.567275043307086
-0.520806440164906	1.04400009072283
-0.38262241144444	0.683657789686364
-0.34474374209663	0.615023607603297
-0.720758749571141	1.96518555475521
-0.227870305638769	0.365895165638949
-0.283242273084523	0.465725366634855
0.0683783011775704	0.0742307204436527
-0.295873606203872	0.323743821878491
-0.476980387641527	0.586312840498347
-0.363283874553389	0.6372134492094
0.195955628395093	0.324113141577883
-0.465219532561074	0.61164619381401
-0.71721560263236	0.629512127765836
-0.475833381825304	0.327352711599019
-0.144191474946099	0.109758775209637
-0.409221023706711	0.509654743885658
-0.272424441010498	0.468645961301224
-0.0958907247963096	0.115327026351777
0.00125623861549315	0.0012119180237899
-0.0928581474494994	0.0742253549018808
-0.240373288658076	0.196279477354095
-1.09633395169279	0.96462600781473
-0.0819356307092955	0.0560830904784048
0.269418250474815	0.408716218008286
0.0677297990595217	0.103767991118643
0.0117827553891923	0.0131438828182463
-0.377167359763656	0.815705344718924
-0.252623533752802	0.48918267206869
-0.265774458636357	0.435846957589705
-0.333051384820455	0.599743461433479
-0.221303399026119	0.354873153430073
0.0837645671319612	0.115095214109819
-0.0552008886778268	0.0612064899725079
-0.170093510943481	0.190596829288637
0.848648863479071	1.6964169696261
-0.586302051822988	0.846420176560982
0.0206741165742085	0.0171601726584416
-0.337208788327054	0.341490971174586
0.326765074624784	0.320098852621974
-0.299148410095153	0.285547431278014
-0.282140686201345	0.286599662060209
0.0939922013358801	0.0879705789947246
-0.0582936269934677	0.062507862977013
0.103788488926977	0.108267767798992
0.0510395398985516	0.0404832787020815
-0.0360546336536704	0.0300679977214886
0.00336226463234763	0.00280504992430448
-0.213504049437058	0.274637893854732
-0.615989243081625	0.882961963279002
-0.323461479511621	1.01521784534691
-0.580406566994015	0.54580867905182
-0.177618099977076	0.127310626701564
-1.24037801281195	1.03247494734306
-0.584638144724182	0.553503770749628
-0.337699779674409	0.253492209361466
-0.550112712184367	0.474469132528242
-0.081175574197515	0.0905279269130249
-0.863068957401647	1.66996562103499
-0.192154758708031	0.382590124809118
-0.130467375431393	0.28045325924071
-0.0806433650654945	0.0958855603237472
-0.139052784101736	0.154168834074917
-0.0618065890721702	0.0812400256220418
0.466604048430793	0.604716516049321
-0.438673408555976	1.0408073735647
-0.136819639803636	0.197020192139447
-0.0690261873695018	0.0669328504117061
0.477516246389069	0.88380238425891
-0.0339079025267061	0.0451507595015086
0.0047277269612728	0.0067302903304695
-0.334119666523462	0.740315057575565
0.268417110241533	0.558581468572881
-0.452660255249879	1.04900014202707
-0.34105498863655	0.50769111568465
-0.25009036894941	0.378745529691953
-0.0840501113970023	0.10667360532738
-0.6583547555188	0.947641216397055
-0.257828104881751	0.449367948799223
-0.332669436573896	0.719793259264778
-0.199398487316073	0.366142285840947
-0.0572166469455129	0.0820235214385723
0.0114308511430949	0.0149253318556494
0.583440077951781	0.729127548696127
-0.382924356644301	0.3133839809592
0.307053469825642	0.545860123702476
0.029785482287252	0.0422744724235255
-0.137963180145905	0.116628671369191
-0.140023594489735	0.23374862019743
-0.306846541485835	0.47494119466677
-0.190204764301789	0.218257898357811
-0.412370095257642	0.246355746519721
-0.32390290703713	0.167744512204903
0.0698142930901695	0.0315442650822669
-1.36395909158641	0.667711428174264
-0.581442701102834	0.937909093514083
-0.561744799563335	1.69263143445998
0.126881348728873	0.162096033889917
0.384439135062922	0.791313499914143
-0.17370400648876	0.175225280679847
1.16040550749481	0.738148500036467
-0.63532552057236	0.417979352553564
-1.18935641674259	0.813030671523514
-0.851183837076142	0.374584578097752
-0.148513905890721	0.0655745499453681
-0.855923933980035	0.39287441988395
0.46684048015969	0.254040421124754
0.567442250309892	1.46957896515717
0.201952981152968	0.435470671778235
-0.00569401971369489	0.00748161776363988
-0.366692027630977	0.951047838894229
-0.321527605945604	0.774783850467316
0.30497646217196	0.627204543752089
-0.295174304501477	0.654879772974114
0.286322176545627	0.549143798446494
0.0809366819186677	0.1422756294785
0.554451202067008	1.1448493546008
0.106688537169698	0.142444250869799
0.128821293585679	0.169457673794432
0.373299458889745	0.489255064733852
0.340413338509658	0.438658117217495
-0.376267918101319	0.416175538014326
0.973993824346747	1.26246903255768
-0.894807825182996	1.33223538196738
0.0603427360065761	0.0577735364632015
0.0173646713380114	0.0181600888598132
0.339976044445878	0.659544795393307
0.0307888818174206	0.0316452010915641
-0.151017345993625	0.162418724990443
-0.188487199772414	0.171096737379129
-0.403671242835577	0.4937409329416
0.160436242476421	0.241249000916928
-0.407349755619846	0.708508313817465
-0.220600076190319	0.243017597731512
-0.590601252168814	3.04289568306716
-0.446097155171144	1.70151419393542
-0.245466405417419	0.232967827707823
1.00614983050854	1.15523751658436
1.0069080727435	1.16431555033189
0.561238035110399	0.534000424431089
-0.0874508896543586	0.0608647142312091
-1.08528377601641	1.2921337970915
-0.169301017616842	0.238626145012302
-0.481066987692003	0.750234795734755
-0.0762308183354363	0.124667198838922
-0.339683085486674	0.975108925193556
0.022506826276744	0.0246670637179351
0.251184704613554	0.337772474161698
-0.177971133212489	0.281579887197671
-0.0262921545993832	0.0243656889347239
-0.096230096849556	0.140175355370058
0.0240881637496065	0.0313563874280922
-0.719385430374795	1.15392949285474
0.543804394705248	1.08822597281707
0.16940488994842	0.24807325721655
0.117831246124951	0.164645187366339
-0.0309767380513732	0.0399096329815782
-0.755213126360501	1.10830975465483
-0.194101136365722	0.184493295759762
0.0143609391268663	0.0202525801838091
-0.439559264808474	0.904267273682107
-0.270663768808524	0.467273309514734
-0.676159344079828	0.974151794142667
-0.537267712369586	0.791371368305677
-0.293260614299669	0.358363517690498
-0.47405658065924	0.55493806851186
-0.803907596034962	1.24889909877551
-0.199363606336915	0.182462976092856
-0.990332456393437	2.49541875697855
-0.212334586853773	0.434074665546647
-0.31694924860306	0.637843216962759
0.0556276208194976	0.0708743562471809
0.0882795852772564	0.110834643060252
0.266608946417037	0.271332021414977
0.940540608981403	1.19065593343838
-0.337841910048305	0.617740863257761
0.0824685641989639	0.124046573893755
0.148560550206215	0.153419105287806
-0.887073311281052	0.606660311762654
-0.0654227810405445	0.110488256036405
-0.0179022283479499	0.0244436252189065
-0.0600682705196637	0.0558208831009582
-0.128371412449784	0.158542225297589
-0.702518579559204	1.37951808056861
0.0286627964032859	0.0247404615336589
-0.13712577448302	0.122910236831098
-0.107644645583185	0.0719792273788048
-0.162446548331725	0.102516102325149
0.516524576390001	0.367860161775571
-1.09000124012673	1.00600300460142
-0.3846983470869	0.179400923586985
-0.222995784898696	0.286973790377463
-0.230041339271069	0.507818058966838
-0.423145403815659	0.772590364839665
-0.114306186122285	0.182233711101668
0.284869545620462	0.350628894125703
1.18573281364244	0.643650554679164
-1.42941863507915	1.13955864511746
-0.694236930068948	0.350273404408087
-0.397178502377634	0.354605978033793
0.251473940482599	0.132152432864625
0.456694511842705	0.24918062892844
-0.864501699377352	0.440881518347807
-0.630044521827795	0.40888123890847
-0.989883107419308	0.827946342971332
0.530057758806658	1.23550825232387
-0.329094843052772	0.887598744873965
0.00437417922963654	0.00500787454422604
-0.411690284679967	0.981387832369603
-0.345343409968886	0.665685440720731
-0.411507798753974	0.978265917251408
-0.214291928080977	0.325157273122807
-0.182945755363316	0.298640808408187
0.000979646980028415	0.00100000620847599
-0.172005450483211	0.306237852992696
-0.133787584718047	0.163664149763654
0.216476285704809	0.313080314733159
-0.230610414728772	0.305750956531886
0.477776316851293	0.606052934019462
0.279755566563072	0.2538798185217
-0.40592960710543	0.353302817066493
-0.633541743430407	0.670935973044535
-0.715101506146868	0.95952701455635
0.0401182328678576	0.0355787646673506
-0.349101827934773	0.447163102488435
0.245189211824591	0.407934952725774
-0.525315756661377	0.821026409133852
0.156928163129526	0.154512457427043
-0.299725808626317	0.284350820477906
-0.755344447001467	0.972145945715345
0.0795997178720081	0.526854507515189
0.1090516953083	0.591296765024263
-0.0779429314495443	0.288987090393386
-0.137784415219151	0.466547125895604
-0.06692610491145	0.168845971415588
-0.530863805042822	2.6319310486246
-0.258245108835842	0.621604451613001
-0.510101141228101	1.77050036061985
-0.471212875553426	1.42967992732294
-0.710944259859835	3.39367151381118
-0.350030075841598	0.909648774846913
-0.474075305179829	1.12292599245496
0.179876444431071	0.279835851251058
-0.226445375763825	0.397801470374698
-0.411751423561633	0.910358369854258
-0.476635689674598	1.02084158617869
-0.3197606333603	0.646102252473276
-0.213149129065544	0.422134885608427
-0.0128716528636904	0.0205531416417353
-0.149729621525424	0.29915686443993
-0.652021812302201	2.54644885926741
-0.0104354399837626	0.017127171198247
-0.0868055322307975	0.146650940608734
0.051315335916843	0.073897339994881
-0.20396181372519	0.403805586490604
-0.221112077019424	0.411635077061132
0.0869219711701037	0.150080505905403
-0.421151831241207	1.16607677036353
-0.473569249634447	1.24565757981244
0.0263702836949783	0.0402227737587481
-0.220398737007736	0.471874122886566
0.0132017368807635	0.0191133243772851
-0.097333185124903	0.150935201723009
-0.230687765566887	0.442713217725123
-0.171482561567239	0.279015919693609
0.071026674764646	0.0954152206484824
-0.180739653214545	0.278845584774254
0.121029250672448	0.156233369643539
-0.220571888969395	0.313474691468255
-0.0155013375953363	0.0147672896514311
-0.410011936044012	0.453372844820929
-0.224555031138926	0.212339448098749
-0.179616265105205	0.240363838670601
-0.766964568152842	1.3277215396604
-0.219337661771795	0.267883839098616
-0.175413247459841	0.202416970804112
-0.0435835218747493	0.0583434181923993
-0.417811732658935	0.943293219719761
-0.283025171443855	0.592514648183747
0.319396964488667	0.691877304566678
-0.401537525626717	0.933966156147602
-0.369139023086551	0.747866108038294
-0.614156884063507	1.85100368331961
-0.319056981091566	0.751214616987516
0.0322059467521248	0.0457928999362677
0.0893980441070597	0.11443089713775
-0.693906666226585	1.34754379531858
-0.261546118441049	0.344189192123701
-0.450729631032382	0.822493641891825
-0.562103460740927	1.74433779108697
-0.0693743036901042	0.110521587079309
-0.217463895103698	0.387702041919771
0.0951312841541814	0.132347504451736
-0.174099430545339	0.244743873331392
-0.195146718456524	0.266924809363834
-0.768251952814	1.47768625500076
0.501871209807638	0.850247350530959
0.220211543250493	0.285290331866857
-0.353084762620037	0.391774735990868
-0.498754415612166	0.729989815185271
0.424397451283475	0.525126331271713
-0.322865187432631	0.413785923297982
-0.408903281134499	0.820496667095189
-0.141972293695059	0.213394891580889
-0.396112305118966	0.907016458881227
-0.685551640315071	1.86837420698675
0.59302509247838	1.40276598842546
-0.350995239904269	0.464063150350746
-0.170303478095647	0.202637916480888
0.330452226902338	0.466372835127558
-0.327275824952797	0.566175880069674
0.0932587936315824	0.08445532549927
-0.247620705549913	0.276138449875748
-0.108299038308001	0.102931929427392
0.0831225905491695	0.078551993129029
-0.4474186137921	0.724464243397335
-0.205034681090768	0.207866824734498
0.364627736202478	0.592545158718712
-0.507473741519227	1.32520328868596
-0.440890661962245	1.10071227076065
-0.119088033335203	0.164280565648401
0.0892777998762501	0.115149684435362
0.364881650140296	0.4706864012259
0.143001609619163	0.176988506260347
0.224423372109299	0.35233682745797
0.0697877053732422	0.0766687749319175
0.261255457629155	0.413251945887593
0.136751130921211	0.178481047016494
-0.0987682591703363	0.112387217757328
-0.320026374719464	0.46462227586008
-0.632171797262852	1.16698960181662
-0.0806240955860382	0.0804602484492251
-0.339986375214805	0.420294478937912
0.0127995378607859	0.0132388304642547
-0.20880706501893	0.237083868143814
-0.045234447023593	0.0367693558574169
-0.240675352248311	0.253560504030962
0.195620777684277	0.255865648662851
0.0114274640927216	0.0106920887636655
-0.0327784478778924	0.0322940320462437
-0.167751814336879	0.210694992938427
0.118123032323588	0.818942846057695
0.0747011730600759	0.351671036324183
0.00982177729772664	0.0292899157408222
-0.164432802838077	0.651909661638036
-0.218988894100652	0.943968966265859
-0.041195434411364	0.0880944769411407
-0.529442497538512	2.77444780918959
-0.629058877926905	3.22039984560548
-0.893168420650069	5.29001679842152
-0.802639477976754	5.34797634564159
-0.469297869168642	2.0369427528706
-0.392262678041995	1.35409342625595
0.00949990700395151	0.0142347261120638
-0.272734558531691	0.601809920006572
-0.633038481465382	2.14907736799947
0.00110227564009339	0.00166812259895797
-0.168908057260199	0.339873913348693
0.0119945213677224	0.0194205855189307
-0.109022992890229	0.191618297076353
-0.175223637832255	0.341446680338502
-0.512089581341993	1.60588547982797
-0.60002887602634	1.55141626238505
0.0611945375168271	0.0668676345502135
0.0426015524923006	0.0652105653250325
0.0264240102872889	0.0367547604206941
0.0517054045652401	0.0808327459086944
0.108787060861238	0.182153963398486
0.339406310786896	0.60298412359908
0.298911123064226	0.491835959085732
0.246742299206678	0.420881280608274
-0.120977685828232	0.204932475971622
0.179167778114244	0.30480043358852
-0.458137118945387	0.907559716879758
0.280331994452231	0.256865154489887
1.15803190460556	1.61517874451008
-0.935113444905078	1.41167908501841
0.0277738260809469	0.0197740688611268
-0.185868058662423	0.138669110350259
-0.617179995659576	0.750184584706574
-0.728703108769133	0.773139938686426
-0.0871019181304538	0.0592276162336026
-0.702349536539715	0.631327471540752
-0.329077139192229	0.170081285631564
-0.33259549712494	0.172692066592761
0.851918598433675	0.886704033762854
-1.5718763469686	1.91486197360627
-0.56070688428387	0.93195262678572
-0.326633878902255	0.443784271939205
0.721285533596612	1.61785186461749
0.012505000102527	0.0167805689358432
0.297405347169483	0.590545691804589
-0.131348785061515	0.194659298518875
0.00241723178896565	0.00288551685190498
0.217033398960836	0.357316071695184
-0.0536883307286284	0.0685784238001329
-0.386835927057851	0.725217776559983
-0.281044099234358	0.574629042739032
0.209340018386831	0.257614291424247
-0.0400380723054525	0.0458427217737323
0.0861919967635352	0.119919093668794
0.073876812502715	0.0830801049306855
-0.306476118586983	0.311478780267377
0.0900411521646308	0.0835809916456058
0.0543529488461973	0.0600578087270905
-0.379475301473613	0.548576793161296
-0.329144242333475	0.625814308266471
-0.497877387362019	0.869823339294458
-0.307023278452334	0.445485070554997
-0.307265918475377	0.470162482102778
-0.291697496601697	0.479380142413554
-0.207651850970497	0.296806660080634
0.124833047579069	0.0988650467298564
0.430975606329697	0.681026272649687
0.160640190072646	0.190079226742144
0.196955913747366	0.296129877027906
-0.179504082243285	0.254188921225933
0.11762672981059	0.156043823121193
-0.0421856467809243	0.051490295989356
-0.382279386942987	0.689520169063076
0.0506403578883022	0.0572258665230776
0.543763509392582	0.97561267937577
-0.618001698528784	1.17681232644285
-0.213340563964979	0.307169648594475
0.0765221586646952	0.0871140275544232
0.388537088839842	0.637294966496998
-0.0965581732532069	0.142061251642271
0.258627611146449	0.430117642362026
-0.507555123831379	0.725412219065721
0.195502970192833	0.220765337133178
0.704899850802781	0.86722224302689
0.119922275221272	0.0993265337466483
-0.0275221684551185	0.0164283968490083
-0.079642567789598	0.0541530352346204
-0.271750870001581	0.147810161949159
0.471622634049456	0.559330353656798
0.413510436049594	0.344741253176181
-0.0742798611759536	0.0657856525270699
0.00630465311186333	0.00513811438910322
0.594005462911247	0.634483637843387
0.15441390003142	0.171287949034707
-0.337293077224109	0.344261930360504
0.0665870517625744	0.0653077216714335
0.0902545363882053	0.077171984897623
-0.425905493822704	0.380197792550951
-0.786523585215852	0.698545157388088
0.0525285450221519	0.0397938472993677
0.212589508325489	0.167195387708214
0.0703869464666236	0.403354292940281
-0.0758469153456826	0.36599724735968
-0.198525280108119	1.09809754303465
0.0194578705111936	0.0585583394636598
-0.132780642639313	0.380973188888519
-0.255853648734322	1.00028605995715
-0.429050244116942	2.05249814613678
-0.411084949709511	1.85508650498746
-0.666524961061804	4.27309730750368
-0.706138774905525	4.33591177455938
-0.272750140385736	0.788512894768995
0.280206303090382	0.824606599277377
-0.211319972962893	0.539478232110065
-0.314142974891672	0.817279098728162
0.219367949319209	0.538048907296549
-0.124961409836747	0.263558712772849
-0.0462091322732999	0.0821642317145603
-0.267810118357343	0.67119092663263
-0.148789501117736	0.279879826630474
-0.0368186545653595	0.056821212031067
0.0258978410823098	0.0397075126912628
-0.276219996641385	0.407226629570117
-0.0202691842630697	0.0206610578557641
-0.0276950679118135	0.0398378080133705
-0.0366563487125009	0.0477545405494702
-0.281789723820317	0.382265852594937
0.290793833111276	0.404886257537551
-0.15733445761974	0.19247134028795
0.202724832646866	0.325705043034661
-0.0420073837799846	0.0507563409763336
-0.103168992032073	0.122945169618689
0.456566518680784	0.522690712713499
0.230316471356534	0.156400910172446
-0.520633066592951	0.512720236988664
-0.0714496303384089	0.0499969173141852
-0.373257516899656	0.229169843427405
-0.281580799682337	0.240510616189039
0.101763422065707	0.0729994841605582
-0.548062951985067	0.457758535123161
-0.276589692395412	0.215965742381909
0.472414723003612	0.24801290465345
-0.397272332868138	0.190400518707707
-1.05799394864205	1.06299717496988
-0.0939210395903264	0.063939068996875
0.0687093207737365	0.0201929397988378
-0.142841945412351	0.064938795933451
-0.165652114913687	0.10586133741714
-0.194608247801159	0.120139770566003
-0.345976712326668	0.383332045734709
0.00640434681494902	0.00603420281794976
0.437501670473281	0.572700629591688
0.376751826608893	0.761413198758974
0.518434310392828	1.15892184484889
-0.163077928258035	0.221379140046265
0.739191753101806	1.28537462270607
0.19178277167624	0.319465099425915
-0.0340381336921098	0.0526081532237305
-0.180368630473238	0.321495986183256
-0.162498926057207	0.269890141371553
-0.121296995128422	0.201650144443934
-0.30489298000965	0.68783602182806
0.462872735061132	0.586600448541833
-0.331412233698284	0.521930577853497
0.274769996932876	0.488037106552949
0.312403659361839	0.452718747103403
0.274127003088826	0.342047299526879
-0.174408798714058	0.200706457325988
0.079694872828984	0.0993407677672081
-0.114389149221946	0.143573071385829
-0.49119588572405	1.01393204796026
-0.0602371620563327	0.0781161859004325
-0.491926153188996	1.00582790835294
0.103159021064907	0.141895387636322
0.0153113273099333	0.0189480566276391
-0.231818857668739	0.345952620387722
0.214523990842954	0.17469937224704
0.23103203664454	0.272823014704335
-0.459530268719929	0.545061973570821
0.0854101622233256	0.113192441618821
-0.396518763335529	0.783762932459294
0.0402220360155176	0.0523497947047364
-0.107098542915274	0.148541339428111
-0.118431052167739	0.174770102512446
-0.487811545861912	1.05488611806433
0.0841770057867184	0.119596120524857
-0.359986104120837	0.676035674881941
0.314834128426317	0.572110417514472
-0.0297961642823543	0.0381330758971766
-0.294860684507031	0.484286448407137
0.0362369223526101	0.0507623518309731
0.269737656292741	0.411766548153629
-0.391485839208076	0.422316419293216
0.363332588426256	0.342166597365786
0.817146949390007	0.779412848611322
0.658483042498926	0.697456737216364
1.02153307567076	0.713742895551787
-0.0500330045950742	0.0287564275606047
0.247425985287469	0.127348461654356
0.0119255377670511	0.0093820829403377
-0.231699120435155	0.163498228266679
-0.269258651422369	0.235482049074975
0.126736231821715	0.106353024649447
-0.370112609918314	0.350823109825508
-0.0453535902592961	0.0376626534253636
0.0212069365653533	0.0143005983624294
-0.887299542090731	0.762384479014338
0.152804109979046	0.149663126742682
-0.0213699753121969	0.0179389371993944
-0.167685579964567	0.156161754698726
0.0505406010539462	0.280861071899192
-0.0996720603395466	0.539082726405858
-0.105793945257366	0.489373013190012
0.0251878244648406	0.0701681938000014
-0.16491175037772	0.673211527606957
-0.133148466743936	0.467794753832474
-0.301515014147202	1.24502556761412
-0.507009943749227	3.18340336193161
-0.686036997406024	3.95563325645245
-0.0335535816979465	0.0624669920593627
-0.135352502531641	0.349599336609789
-0.0210085786512076	0.0403587733949726
-0.041083797138843	0.0817550711689313
-0.117279205384897	0.245907469734627
-0.159265876838366	0.290365882812182
-0.269892828608111	0.562998517960003
-0.227487538629176	0.300533500452834
0.372182205874395	0.410563650055938
-0.193862665540114	0.336462082719437
-0.121142121571079	0.169521192718272
0.810522413770885	1.35484186017275
-0.524884507066323	0.882896971671164
-0.0278306538106601	0.0285053670309286
0.631408024640245	1.40931276890784
0.191296288872214	0.269585606025071
-0.144066391970532	0.182131071047119
-0.501774999083003	0.554556324502706
0.475172790997517	0.507962752888998
0.961541357963962	0.935711185075135
-0.470375245577702	0.386916819883328
-0.0506375487328847	0.0294559603991702
-1.11039973443848	0.46180092432352
0.0739098576796899	0.0393174850631876
-0.123509141147758	0.0800996023869472
-1.18175267414127	0.806236399694466
-0.574152704555539	0.309306708140621
-0.246751642742359	0.214383951988209
-0.31307533335825	0.272702945049628
-0.736555807073	0.454034602794889
-1.19027592772231	0.791116308972729
-0.0835569240652643	0.0428888775414851
-0.181565134088139	0.0733749020141215
0.094992245324453	0.0869344886503085
-0.301309841808318	0.286208918177903
-0.112363861035568	0.0966816189549558
0.206052260040464	0.293205145137324
0.279675381580014	0.436835269768434
0.368968995882064	0.488356430916614
1.14266054977185	2.12515585446154
0.185471334192706	0.304511082380971
-0.00194158031175643	0.00304066888978993
-0.33335017195313	0.746438914408699
0.180331811954542	0.376327237705202
-0.210980749654696	0.41886913270932
0.172291191908618	0.335343710827141
0.0994157408335406	0.0941097904270603
0.0925082235783552	0.102937178962187
0.0143999874602771	0.0164168694992308
-0.169113830286949	0.215827915359639
0.0175853257917974	0.0198670079002263
-0.0498236096461022	0.0503512383780571
-0.0201189837509319	0.0240029726849055
0.390402944174276	0.632312728600408
0.0102124903555283	0.0117667922683781
0.271091416204428	0.522542589390937
-0.0296664158233642	0.0396849771579533
-0.0464309136878223	0.06696136972632
-0.454032969833467	1.03328344326934
0.286501880812086	0.42923436556164
-0.00992794542843884	0.00599428109487517
-0.198660499784308	0.225859172202735
-0.0212286555280561	0.0184069028724627
0.599963161984348	1.23334820761342
0.13040497391954	0.194980626065289
0.206799095221537	0.369837466142265
0.261974279340602	0.502392534240017
0.183736249324889	0.295095919694263
-0.41567292118394	0.869843642569774
-0.393163969456904	0.971804904229219
-0.0342487450613319	0.0509447134693609
0.239089613571942	0.489630866863757
0.021191145746516	0.0309994428643362
0.247495516051539	0.486544712184794
-0.167345019315602	0.298885307502888
-0.379555152400164	0.635813279343557
-1.03257562920594	1.31925346123519
-0.711715925552823	0.70004509518475
0.936675622760668	0.83206704394785
-1.18861342047784	1.14673572326738
-0.550146166885682	0.363981823411247
-0.55005448582292	0.381263467014341
1.69094335243416	1.22671207525551
0.353562840966575	0.246884154047859
-0.358300779706735	0.221500725907086
0.327165155823926	0.3402414969463
0.767275941969855	0.972601200388969
0.196089694121849	0.162508839852718
-0.092998073184641	0.0909678549037114
-0.615942735460202	0.751304990928251
-0.2640881931557	0.273384096617761
-0.0786020387737456	0.0779559394711502
-0.0152937266638662	0.0144939116518496
0.0046314570116376	0.0206964677251199
0.00154993619557061	0.00585970080011071
-0.101457443026252	0.397132531418624
-0.210354208801777	1.05221488577601
-0.11385109744548	0.402402403297498
-0.223464794358366	0.999462294532831
-0.477805587463078	2.9789702078304
-1.04358279097734	7.49678344207772
0.00992314338733451	0.0175821281766716
-0.291999048333338	0.990102840354745
-0.0542489944366998	0.117035929317073
0.0172956562207616	0.0321970361491581
-0.000891860611034392	0.00101653244770399
0.0361775144728903	0.052466206603784
-0.195788045763655	0.225387943489949
0.5772396333897	1.06792214555324
-0.189865123854476	0.191554657150425
0.296197219121856	0.532168793287626
-0.142191956157253	0.181815583811428
0.253996491973073	0.292214379865267
-0.321115108265732	0.310732978080675
-0.176168491167599	0.129536473377773
-0.0395343711922318	0.0231627084223634
-0.501469340212378	0.447970392280463
0.0657508645351209	0.0348654025888237
-1.14717407478503	0.872840571509895
0.20982085880741	0.139744993981046
-0.783806144677564	0.745928856827939
-0.635187110637862	0.575702967839394
0.104723506960741	0.0666606320126651
-0.0455673954090922	0.0334276590923013
0.109175935114201	0.0804162459087569
-0.525698539535481	0.751358855746112
-0.523586242433595	0.391232485476616
-0.672540818614934	0.509779380265942
-0.260742454929654	0.128791356173359
-0.192866712447297	0.0769418549255947
-1.5654993606765	1.10350091378445
1.88488364877417	2.01728215457157
0.0586825666031299	0.0251028092460101
0.421591814331926	0.426076111639925
0.201189937069859	0.175313304667838
0.952544793562069	1.33909276608482
0.204684776417717	0.282512314515654
0.129949376006494	0.163908491433182
-0.182342740644953	0.206826651438494
0.895904106943646	1.38567025610158
0.12982885890652	0.16891127771574
0.409616819823598	1.00339203212114
0.0468654917888392	0.0785120623192852
-0.20969785058281	0.416251190427211
-0.122095225879972	0.222793784715391
0.0919332118252779	0.144909880642416
0.334528920909897	0.347871257514917
0.196919581438232	0.255296554571007
0.181416064983575	0.271074729928473
-0.606736792156592	1.08151575095862
0.203077538372031	0.250733789923474
-0.00748268223586107	0.00718029287647191
0.16712373482695	0.237248965458066
0.205397415550263	0.290243180482036
0.608296938124964	1.52751483996406
0.105929224919879	0.161292187194085
0.55987650285861	1.51580131351955
0.116791328533479	0.193312465583333
0.156692115754798	0.283667363605823
0.00822699455949	0.00909697113599587
-0.300230635009631	0.23213988107345
-0.0332386267750862	0.0349675708224052
-1.01350098879851	1.36237384409913
0.0696755827361659	0.0855285935007946
-0.033949327874419	0.0483117433664461
0.440260930767636	0.9370259307257
-0.177785161453699	0.301663761043224
0.0310678437191284	0.04178047384506
0.165966279318465	0.289761144249865
-0.00228788637583132	0.00328644070181407
0.0311948101824146	0.0442664101957806
-0.235052405038181	0.462610738612889
-0.0443454201716012	0.06869761755737
-0.135544527819708	0.229891322564891
0.0048160513884229	0.00705129606430427
0.299990428188353	0.497799345444943
-0.893984243428051	1.26327497674569
-0.209828224927886	0.166355615578235
-0.129416234290574	0.0600766533737207
-1.43400013671297	1.44801347535814
-0.105073623773275	0.0687815534541673
1.68385329227132	1.23220683375474
1.31336014778636	0.966150966118597
-0.211563329134363	0.173761027646285
0.978115004272913	0.908073749414668
-0.0778397666825656	0.0518454628559937
-0.189427938292632	0.157803874993806
-0.120537696899599	0.0929473184123945
-0.373819200907495	0.311627199585131
-0.410527694536836	0.465889051279524
0.129996680360547	0.990272591173069
-0.00245030785864789	0.00883711956094065
-0.189161414626868	1.05277282613223
-0.182745866791973	0.867775267023082
-0.216795620850479	0.989120260511285
-0.292577505297742	1.48174684387347
-0.599648304562809	3.65911997149197
-0.299972844294676	0.922993406324622
0.00388689476486079	0.00455917944224633
0.183114953682078	0.323547964700809
0.197845524512696	0.261387243621166
-0.0498777719927909	0.0604454589169613
-0.0625997466697365	0.0905211121848699
-0.119512422228127	0.118688073151239
-0.183548606736558	0.223382894115697
0.00715384801680738	0.00724132905369383
0.623998030018523	1.34448573156122
0.457351508939912	0.812118256768914
-0.181075016250251	0.233807405132275
0.20677397993695	0.195030905021363
-0.00492951947035852	0.00293013758331032
0.0167325953853264	0.0109210896301427
-0.168485698379757	0.140125435270092
0.115241842975009	0.0753009426886628
0.00413189500800206	0.00258145674083979
-0.210528750454698	0.153540917000985
-0.639095662799774	0.572183391182365
-0.351750977658457	0.325325744554821
0.851052075377355	1.14661457354047
-0.0878762623688258	0.0756968478814059
0.128665733711369	0.108992001738733
-0.0432404613207767	0.0315246578296239
-0.367446834826472	0.299641007356652
-0.612037169413123	0.745253881101293
-0.501213942183205	0.274174924427181
-1.43403622476562	1.64707172625815
-0.991272146671436	0.855268831027367
-0.514422128563504	0.520165417525808
-0.264058707575711	0.231844972567989
-0.559475605333982	0.65212677225781
0.0701568578187386	0.0939168659189278
0.180511124893297	0.219318250695894
0.271474415333048	0.360597487159561
0.211827360713315	0.215651579914797
-0.314062794754399	0.569962461210115
0.0301874138175415	0.0480810785272167
-0.379426469672944	0.932267058642977
0.105904474350897	0.189136428524763
-0.0388012920966883	0.0589032046280878
0.569988054075408	1.64861149569117
0.376805465533625	0.501173317013456
0.058243903545456	0.0585737942596533
0.160880491173896	0.229827111656841
-0.427405322559165	0.734799915135233
0.245046751835655	0.349772287899294
0.107514770986365	0.131299183241007
0.553494448830844	1.13325026627553
-0.261679450326959	0.394975788347965
0.0895381804846669	0.12990582000319
-0.212818923328569	0.38168311846852
-0.266287344203752	0.491178120636631
0.184099155456871	0.325502704853438
0.0132042883824269	0.0195348525642055
0.304519492612548	0.467515978727947
0.0942192990387013	0.0603509382120896
0.21034188776244	0.268635790038528
-0.116432634921559	0.118982028424987
0.089076700614541	0.111382702300554
0.00850053219093476	0.0116432197135416
-0.129437685275492	0.198872123519219
-0.200852781962002	0.355423648819963
0.218242972021159	0.427812156327601
0.633532440597463	1.71061369454866
-0.0604253409860164	0.100185781992896
0.141825071671751	0.253489189287699
0.106586568103645	0.18500882697604
0.19067349782361	0.361703430626222
0.354960510431876	0.598378191408919
-0.949381234964364	1.31736695167641
-0.0550486291522864	0.0447018088489669
0.729651152820889	0.808713950674485
1.5303392801941	2.12323483741575
-0.374376449557145	0.281578822513329
0.938363648709759	1.046769010118
-1.19012026623828	0.819296013096437
0.22520375811433	0.155087993813802
-0.875664735416199	0.650762126957473
-0.211238077479752	0.173466330431544
-1.3701531151423	1.80309211250771
-0.756405061342013	0.99474376564202
-0.847790565825849	1.18206368297715
0.0724939160230373	0.388799454659199
0.070084117665012	0.306852871398726
0.0509702437133933	0.162674448694875
0.0291358547675003	0.0751558977221117
-0.213122920077795	0.777452897760057
-0.792069722303319	4.25412222964403
-0.575524537818919	1.89323655101981
-0.205797128721491	0.228442688127355
0.50069445372522	0.928448549604722
0.541678661132356	0.635779207596544
0.190322797074574	0.189499759614393
-0.376238561613832	0.587157249854501
-0.356275410592485	0.464883050492503
0.286888016646483	0.253960601120249
-0.335290257952233	0.342112875660554
-0.0671771735983944	0.0525680572075716
0.191560217173422	0.207002014434706
-0.533228453002419	0.714039656948087
-0.242032846381936	0.251810465995137
-0.273279773284756	0.191322861115076
-0.707999595883554	0.657594892406165
-0.229157186278789	0.133093240892307
0.279487220508534	0.132431284379262
-0.059917689922965	0.0427931138877416
-1.07628854969313	1.25972777744548
-0.48179896386483	0.272712883566834
-1.37561271399305	0.599191493007673
0.0573127801197332	0.0229519851896799
-0.803362778373862	0.282587365255919
-0.633397863159471	0.591476898844631
0.91604534427652	0.691719717674007
-0.26936120887757	0.187600529054835
-0.168099191411263	0.178159803193822
0.218245165777951	0.199191310871906
0.00390976479792849	0.00293555326710257
0.311829570213906	0.252044852172307
-0.0784349990376455	0.0816038753765471
-0.168049759375854	0.248431026316967
-0.281325207631541	0.514813991559615
-0.184831833379064	0.293779680896654
0.521705010032932	1.06082437572962
0.103929333554401	0.142575890270805
-0.0519606415198344	0.0288287478292821
0.195991108647168	0.179860532924954
0.149501620239287	0.156244198538005
0.59838172413626	0.730692405578408
-0.224924219984122	0.250294915873261
1.07493855295024	1.72641814717667
-0.305440471388309	0.369143254865314
0.155447221965711	0.146021480578045
-0.140959082953691	0.191544355693684
0.36717259743879	0.587505730129107
0.11759000869414	0.153289399609242
-0.286865825136088	0.450130822393811
-0.490660875975858	0.943975034814348
-0.22075032895307	0.233712537682717
-0.871554208719299	0.726997366413358
-0.255145474061373	0.247185064926066
-1.00591696903149	1.13099629508354
0.0873860322069063	0.0992926132529604
-0.351653837139651	0.513581044739689
-0.0410504303925155	0.0489013845523683
0.0743643643726571	0.094871662204189
0.365644850586858	0.70314944509931
0.140338399446872	0.218677795058187
-0.214130011101436	0.341299048269786
0.0738109956484172	0.107449485673386
-0.0490048057350487	0.0412607100864101
0.22986801643046	0.148329809516172
0.105481308562077	0.0690321112050693
0.0788730240315645	0.0379492859455132
0.0661485298910903	0.0332609645430269
0.967674023747116	0.44495350625744
0.415003130370594	0.240359017951454
0.0617043867921523	0.0207325239666474
-0.488903469573265	0.343050957926823
0.0745157430743614	0.0241092297409359
-1.69290254261683	1.32935124429627
-1.88136664492302	2.75586533080582
0.061715848369355	0.34913953988736
-0.114137894352043	0.607313012377719
-0.138909117815336	0.627901812025576
-0.263796733552778	1.42696664978872
-0.549117821281332	3.14921513334123
-0.145743699325124	0.20959180327822
0.182110689904467	0.192977027677064
-0.20479408969518	0.275043932560302
-0.0984125795380597	0.128397720077282
-0.137796564478319	0.139270608592188
0.333191614228766	0.332748511493416
0.41703359242085	0.507533717265587
0.590616976125475	1.16885574538009
-0.120063562438323	0.155443950321249
0.208502952483695	0.207452458423154
-0.296966078529548	0.231415646215468
-0.430778010093389	0.317581793496085
-0.0713179464160028	0.0499660375951532
-0.550982748134721	0.465725338583228
0.204778718170434	0.158076402834537
-0.0818671912140987	0.0547521029675075
-1.92653623010577	1.65314532421911
-1.10683827869555	0.458491764208801
-1.06810276769437	0.547094484466727
0.0577971738946728	0.0240952556343253
0.0593858866597546	0.0269593962151763
-0.373658811859046	0.309939880603871
0.324883584222006	0.246432989446091
-1.09037965235139	1.46949856426964
-0.0140831426159059	0.0144232277191049
0.361185806395546	0.490162243771323
0.710817756257604	1.11083159327192
-0.385211173041924	0.399339001388322
-0.0759982111489595	0.100135987111326
0.0190906472033734	0.0282781013866484
-0.0176592798793719	0.0262398790277345
-0.154238998857632	0.279234165910354
0.0151669278639613	0.0201812286174389
0.186715726642809	0.308925498123476
-0.666444870984051	0.677069078198492
-0.191656561806818	0.203846370551881
0.169273688700801	0.231872441041657
0.0903000883075764	0.0808312646794405
-0.161787077043325	0.209600866644718
-0.0242963561088404	0.0230753260271
0.0834001226331943	0.101792400652904
0.187327650080043	0.231928067288041
-0.0323875722844267	0.0389161866547423
-0.385586449253828	0.771985503336359
-0.184842539399589	0.282682675516431
-0.0624534920536265	0.0938264781704662
-0.509771022714102	1.12192391377232
0.39483638144281	0.622515929552469
0.0745284964426545	0.0325064729101376
0.325770170587323	0.351434503241487
-0.299196264633915	0.28018173041712
0.0881161203525449	0.124873587927755
0.0434621607473265	0.065339437929128
0.00758899137311238	0.00967255010180141
0.0192887360966264	0.0256072348853036
-0.00125039200266592	0.00157480010192574
0.326925046554745	0.682065880262853
-0.086202930143942	0.130284711800531
0.661334095694799	1.15493341693203
0.489614141539258	0.527548962665446
0.963883947611917	0.939080908204452
0.764187648103614	0.522761386386891
0.996202064987807	0.594555236275971
0.760596300676636	0.650325042394398
-0.312448309708166	0.207601994136185
-1.07043189381043	0.567459872897217
-0.015708514217963	0.00958811171099502
0.269722642078341	0.128980643944132
-1.00573172450661	1.1513538758527
-1.1924352241642	1.15277999492087
0.0240227718453749	0.11219757389763
0.0100631199247303	0.0366238884169445
-0.162342139093502	0.784170195169449
-0.379479180485086	1.84335904192956
-0.0318932157587385	0.0661548096298469
-0.327314426895433	0.432617080014461
-0.356416242506222	0.567703420505249
0.427740371681108	0.515685819363308
0.373826710478568	0.506682612876831
-0.145064237204486	0.156560053162981
0.111513220069549	0.146849225323363
-0.040013180354123	0.0466735587685403
-0.271989528005014	0.311232444006503
-0.108658935900453	0.0710500082323396
-0.24923301912346	0.140281646159313
-0.274703247216191	0.184917757264924
-0.880514884877782	0.690358537640611
-1.36803279194257	0.621526225851418
-0.229388952875134	0.199128982617141
-0.581680610556278	0.553152744330949
0.731340802430899	0.721120303148828
-0.181817741850073	0.233487332345676
-0.452156522683459	0.614912239712051
-0.52675117343335	0.797112116177772
-0.0156283736279048	0.00952496750465748
-0.528423205181971	1.04131166205299
-0.00195528136732328	0.00269952897469574
0.153166479178224	0.265956623283955
-0.223270296156018	0.401000435222072
-0.152364183678595	0.246501782631038
-0.0474080799341534	0.0671651467252711
0.057217015147919	0.0455136366240789
0.010935437413243	0.00945896590388007
0.747744066886134	1.64900378802604
0.283009617828212	0.378061775961656
0.567307275579983	0.93759426590344
0.653563412031458	1.15651451999066
0.288741483418732	0.456728295654677
0.149561570154087	0.159515985742016
-0.123172793146086	0.151026718009665
0.107569287286444	0.160865482190374
-0.369339083719914	0.735691455668349
0.0708428212786028	0.0933048101630197
-0.173749228141045	0.274697512882229
-0.115701171231456	0.132412551447444
1.68622040142321	1.92348127599656
-0.716085511080449	0.982019086674869
-0.159910647300857	0.109944765335133
-0.135574424183358	0.164408536293998
-0.551632239133018	1.40327726069917
-0.0830766553928736	0.124681245612279
0.609853529782607	1.65498164470938
0.0725307468706922	0.106107673730311
-0.0145078698254044	0.0188970040486505
0.294461953576109	0.604748931064286
0.170528008262648	0.183666808571787
0.0342730310224763	0.0244664876954068
-0.332431281869066	0.277978631010861
0.710536478155748	0.608269428591151
0.702090802899461	0.599867575773826
-0.187244029235972	0.0763526868290161
0.485110275430361	0.356389838374787
-1.02187091547726	0.740140946227935
0.934437294511635	0.802782595933475
-0.285704032603961	0.153820660607031
0.0595054743407549	0.315790837327802
-0.099035092244856	0.507831250439374
-0.0827085057129158	0.276942595573046
-0.191410134988879	0.341742148340139
-0.152677883288786	0.263488726674404
0.0938102309509428	0.106362500433602
-0.00480330914197817	0.00552156242877215
-0.0658739028613146	0.0776980352277686
-0.064896668008523	0.0592926420734389
-0.12575405630209	0.117154196610966
-0.465810424901082	0.697894319253593
-0.569943416158551	0.921504797718831
-0.508963685704704	0.451752169296216
-0.0526367453008764	0.0295817680639033
-0.692360397040278	0.555738988219492
-1.358416782993	1.66820702972903
-0.569230684071451	0.990161699533281
-0.336157405570568	0.521730685584723
-0.504332925362209	1.25584464450172
-0.211785993240284	0.386548064063762
0.418909810714573	0.997713273144427
-0.298790155007453	0.578067364060585
-0.151995408528936	0.257926519417949
-0.62115046860938	0.667148652836053
-0.0991576345989499	0.0886146960669035
-0.00847658910459956	0.00911391942913908
0.303865078150446	0.394030841503102
0.336458390354492	0.469268437045233
-0.532351242775181	0.744470406467868
0.521627240411993	0.785106479522837
0.165339209284306	0.228766079102588
-0.0356034551196296	0.0413057389704914
-0.422753033058705	0.882039510530236
-0.0901673160769962	0.122260627880867
0.0732619826708692	0.0986314923134389
-0.0156150487070252	0.0194324519965625
-0.542229415271362	0.884662999962368
0.0932851948296499	0.0594048699709182
0.389422287742902	0.418924128607044
-0.57228359795447	0.700189328485859
-0.675290850672489	1.16147646406041
-0.747459656767804	1.89514040003435
-0.199011274205462	0.326427873915559
-0.0639905798372847	0.0862225458439739
0.25380855068431	0.458914880473077
-0.0507302943281176	0.0705555747311901
0.188983445939572	0.332020240608859
-0.179132216391324	0.308084061875236
-0.0866642123303339	0.123315248028252
0.713525689452912	2.09758600411893
-0.403912711070728	0.592833617134454
-0.723354069784456	0.760526038571242
-0.695706207437314	0.617152579033547
0.696200503042141	0.502525385255566
-1.0339974811952	0.654624628299808
1.31534149245134	0.965530194976265
-0.690758937956005	0.582911027935664
1.24333696474526	0.541834623954361
0.226678025997296	0.135187189932686
0.375102110813287	0.23579154393552
-0.790659166526622	0.748092294039254
-0.0250939055710687	0.0148238848234959
-1.35611755820785	1.52755942547695
-0.79995540353877	0.812468502745212
0.0368655865947549	0.183970608996632
0.180947863788255	1.12448309080319
0.00124883632200706	0.0026613115529567
-0.0930893247144586	0.23775095274694
-0.199428420103953	0.549564132207133
-0.0253495820687848	0.0440460986593107
-0.24943599240658	0.624353700013024
-0.150148326370969	0.297109570884457
-0.30423742972384	0.525245154953235
-0.466961242409439	0.787352141972965
-0.698728342352142	1.79177721879576
-0.201575204357455	0.290287199984288
-0.0477679694470335	0.0519350307625255
-0.428333225942149	1.03610719065277
-0.169808730834243	0.302701833020461
-0.511905304024994	1.44305206214127
-0.188432104069975	0.350257777765189
-0.357761075530048	0.81685236114574
-1.00159203980998	1.65665895892845
-0.0315483210507587	0.0320541786269875
0.0593673537355256	0.076101343991438
0.123588891217873	0.144430648028322
0.513813047394185	0.904661686752022
0.80010132540143	1.43882472446595
0.458199868047924	0.793477027548935
0.484002657283358	0.848908341485945
0.0323844874480749	0.0403040723940976
0.0740135604938023	0.106984693316433
0.14937064894753	0.2455424494793
-0.115620164707177	0.174740817969189
-0.193680587025601	0.330586096126872
-0.284628958393969	0.406655796772995
-0.230315553090045	0.159006059540471
0.483263899609407	0.744399163054817
-0.356930962354857	0.458178683945455
0.295373794752467	0.435946541597916
-0.141628275593612	0.220051680663829
0.00463996918827796	0.00566132192806876
-0.210791137037503	0.363700330939376
0.12424187881774	0.176863799579785
-0.249241763708365	0.487879411669541
0.0783257337917658	0.115370567066144
-0.18759417515328	0.317253043364747
0.159861064770334	0.283788864297782
0.152081330268548	0.252033642860701
-0.231372691972092	0.479411147290302
-0.242772681988949	0.342531297636532
-0.321269548032885	0.285741993967882
-0.170757147858169	0.155379338961192
-0.435141532704858	0.305914594709794
0.035016144046217	0.0239470119840241
-0.118969895494247	0.0586844557619
0.763959846117464	0.739751385521019
1.15889127481331	0.904391588877774
0.392707371279885	0.422768365595338
0.104333204318232	0.0702324726498774
-0.674022698248271	0.705841540139214
-0.481650398870141	0.451627983339497
-0.419889824609919	0.380709336108703
0.148690589033699	1.23248206632934
-0.0591434770702915	0.298949856115219
0.0662643752262216	0.21052503940578
0.129336083112386	0.35276326416559
0.0509725940564839	0.105755048037785
-0.371132784898801	1.26550287794113
0.0429526408235045	0.0791153316608906
0.0835399875398565	0.168156720011716
-0.158923005815666	0.394425550403347
-0.413774933633333	1.76569382027012
-0.527745368132192	2.44431300939874
-0.556172000907741	2.47676963402268
-0.315570466046721	1.17968865734085
-0.208002553627304	0.656327859830868
-0.0699588800558773	0.12510710518684
-0.163234843792482	0.315216495124044
-0.408041983296496	0.820658681896244
-0.160454375753223	0.220773761810565
0.0436517948823838	0.0559704278893397
0.231849267704689	0.331234427862303
-0.139390942925999	0.180689016113454
0.0168267472041066	0.0225853913566183
-0.457362541910995	1.39711965575402
0.358585914103373	0.841673125607776
0.0295973891085777	0.0406453090934635
0.132261916503316	0.210680171939347
0.371823714798613	0.61632575947393
-0.151176450198791	0.191100148832483
0.0204212445890428	0.0233747762526266
0.0790674169628523	0.103441345833897
-0.0469329851230155	0.0555030224823001
-0.427625516673212	0.69022042584922
-0.086719963721248	0.0863617366552682
-0.535843613296304	0.953990984177016
-0.398657296925267	0.679278030462681
-0.262988879476285	0.486055216889429
-0.222317008846396	0.382442753458295
-0.410189587020056	1.02013865443147
-0.172028565036089	0.330078690241278
-0.242252732521827	0.492295064809009
-0.0951025645277441	0.113841998554156
-0.320765842968466	0.491550303102837
-0.101404142981921	0.11566607806561
-0.102176587244384	0.118882264084356
-0.160579203030321	0.207404473174623
-0.0749249327272045	0.0845545852534226
0.341857411160204	0.490586097842897
0.361426200601001	0.525384238611587
-0.00946078242420527	0.0113767333922129
0.1811812588786	0.359846878057777
-0.371485957518666	0.98628810890823
-0.437364603223626	0.771655823799819
-0.194266294078298	0.282691687622566
-0.233479582939181	0.317994644950239
0.259279677033944	0.36307746633697
-0.0546557369746817	0.0570253763177697
0.288348567142111	0.42376593927985
-0.23097856980352	0.339640845694276
0.114855506142174	0.158898429645577
-0.280873851938091	0.453304600396844
-0.44891593203715	0.816872074161949
-0.0341835085729439	0.173668421745562
0.0309522331377417	0.115214712129339
0.171533421345387	0.622313962166736
-0.00715177386163039	0.0149660292334964
-0.331707610151605	1.2453405164921
-0.192959784691123	0.558986099857058
-0.396216280736905	1.39126689271233
-0.205075072679919	0.577168413113323
-0.517621336328255	2.55108908799385
-0.47359373082478	2.20810116546463
-0.925762011309473	5.77738946772128
-0.693289706304684	4.18652981813073
-0.321727322870672	1.26122639646343
-0.100166154624569	0.113114492793873
-0.160016623405929	0.181840081284904
-0.109514886582911	0.129408961436424
-0.159156886582119	0.201460980919586
0.308358373158095	0.447395151309221
-0.234905139046914	0.532567694218306
0.0896864673596738	0.156944854634362
-0.0828259083232306	0.111294889239586
-0.24377314146084	0.427415261931336
0.275320171179769	0.461312420692927
-0.00469455246214165	0.00512003781838073
0.0640381830003934	0.0710247429730708
-0.0546992444186686	0.0538089134361354
0.00928829789769397	0.00998076053699851
-0.490370313517456	0.673932550376166
0.311231832330836	0.341394689665054
-0.0107556827207988	0.0100677146506086
0.101590102418158	0.11149363692158
-0.104589523056254	0.159424466558487
0.250341471087101	0.528164477540986
-0.117434754878625	0.19065968993867
-0.232720231567949	0.487002628444633
-0.193736408416284	0.334807563239932
-0.255188617530423	0.360509364437969
0.144723449843912	0.170417033729901
0.186962495870784	0.220604177986351
0.240862781625943	0.283164544252234
-0.269492050610448	0.40775000293726
0.0408156963981699	0.0646701013856789
-0.289628932319278	0.645346386202238
-0.0945587565622807	0.132281070319921
0.154296968699136	0.225179607415361
0.543790375395467	0.860908141807393
0.111864944750895	0.129413042095171
-0.397108447641968	0.609337301920943
-0.187788818709048	0.268663083609392
-0.845955567291217	1.52201447136032
0.0690309560537258	0.0863293036422945
-0.240421469353948	0.362339318862426
-0.31318578279437	0.506965524064248
0.0710989259139329	0.401149436382928
-0.0385087688836566	0.160289850686865
-0.0925158865931274	0.366550844757064
-0.331936602594465	2.04506327183018
-0.18899922634375	0.785885909572189
-0.269103150657061	1.15033425628474
-0.319353902939474	1.44678037728845
-0.747547138581728	4.47917935301356
-0.791171216336239	4.46005965280622
-0.574588542858457	3.02479207820052
-0.803035648109574	3.26016011082663
-0.0902909086798203	0.133378833901934
-0.458709186166514	1.14128122347824
0.0405615244243724	0.0618106063297415
0.278227542444702	0.567462159096802
-0.0275001335583413	0.0387249134952651
-0.0251852273532494	0.0367244619067933
-0.088446543266994	0.0864502227317594
-0.0458686347500151	0.0497573298878971
-0.331817241541961	0.575957890890452
0.143009280410048	0.184171113661806
0.0304121629554326	0.0299050270082329
0.196490019800052	0.235829842234448
0.313030556935266	0.515559369905216
0.345627680544783	0.564314106165651
-0.267638415182706	0.431736705087814
0.513622577881621	1.18113065095311
-0.617122508939386	1.53302469014127
-0.117798230941425	0.178061896968474
-0.34024180520255	0.5095128083304
-0.512856360191415	0.456790480084924
-0.654114169154435	1.16304598656565
-0.879787148664024	1.46899636090329
-0.605654350500165	1.50400240278136
-0.157417538950603	0.265303006238348
0.570385111688839	1.48645056061899
0.541516556367754	1.24999573844582
0.185854415942721	0.316833763412157
0.191023239654561	0.256659790641219
-0.589337952674376	0.757895647868349
0.633992306970815	0.764390275732151
0.115550853140608	0.0860217447174499
-0.989027192456571	0.829368319411757
-1.27108121339193	1.25993200770169
-0.674311834458476	0.76888036855439
-0.712325941816298	0.722020799438534
-0.229347937815248	0.199421423767516
0.0838285875149011	0.521079387618323
-0.0510181098918105	0.228701445638989
-0.238527699737836	1.40269193303661
-0.108882622341509	0.423209816498903
0.0365358072693666	0.100844147426833
-0.152718344553178	0.532156768894374
-0.145638361089812	0.436206341497506
-0.104770618220901	0.253373134499079
-0.381365646359947	1.28436077238258
-0.559102808366195	1.5225279369279
0.0738475368046394	0.0889346516339505
-0.114801267620417	0.206729487027942
-0.511662340266046	1.33422079784182
0.0773925958856762	0.130202764905324
-0.178970679692942	0.330176712826234
-0.316640485050626	0.634407409316515
-0.384853649119448	0.864020046404788
0.333837747647145	0.328315725019334
0.824353913235883	1.29501149526363
-0.209002618708429	0.3331216543172
-0.0624479201333508	0.0609049948018252
0.0878299593386647	0.101769205651077
0.603904399032956	1.11232312929202
0.145322110745176	0.1721257905348
0.213527235397178	0.304972778724644
0.115286880412028	0.159277621085826
-0.20145469937679	0.322307421989508
-0.00699858917793054	0.00917687221657976
0.111036414280107	0.168839013697762
-0.109394516736381	0.183599333379953
0.161776104364209	0.276310922429522
0.321557782571464	0.706686986254782
0.0301613475358211	0.0321454688036468
-0.495542454590189	0.471500997099745
-0.429848846648269	0.432118921592686
-0.134941143051992	0.0890026418759184
0.0540342178165496	0.287694243289941
-0.0340670314459748	0.141618875237113
0.0121193549746169	0.0381677766208519
-0.118554662436671	0.440602107481871
0.0646298094449331	0.18837970027312
-0.309306939334763	1.23412752660412
-0.0986503626816836	0.244425401610083
-0.235089619822741	0.179801138285107
-0.338534567642703	0.156142668053966
-0.235128398820339	0.209307341873235
-1.25722553780068	1.61328045667621
-0.231608617370338	0.409503493594046
0.108346402849476	0.192641439966083
-0.366284374862311	0.78120688939645
0.30305167879775	0.611403387283816
-0.0573480320478099	0.0855273048687054
0.10615183945209	0.0790819560338223
-0.413827498869023	0.530486945905572
0.0916358567579662	0.108214166963736
-0.709302678565869	1.09419785926719
0.113206503259098	0.123330683823228
0.553012877054233	0.859403965714055
-0.0424912824394898	0.0452879520050954
0.105993531952063	0.127852787962512
0.0588103391907539	0.0745374521284584
0.286042052377261	0.528151166205965
-0.398528273331703	0.772702037264198
-0.32264270626547	0.609813408797924
0.0890218266685015	0.128337626600174
-0.653530972520438	1.08144347566224
-0.344957389719919	0.747142170348642
-0.246533229801042	0.432587316852649
-0.0518077246483308	0.0780111082788039
0.193909626833813	0.239651492130052
0.00815913717194449	0.00520334921563705
0.383768912244855	0.34501297032562
0.0710979005950006	0.409647088521468
0.0322045226937286	0.133211567140542
-0.0147082588132843	0.0460315326049555
-0.230442008961261	1.1709274850288
-0.37767785008212	1.94227415312319
-0.312205554778201	1.33830761758406
-0.509159264127956	2.74961784875857
-0.242523360608003	0.590660574162244
-1.05248331609756	1.29250084770096
-0.73142447404208	0.697627876271915
-0.429978304537754	0.353594973258689
-0.635227907872911	0.861669287625494
-0.0963480755809998	0.119429433362638
-0.100566065758314	0.17084660768613
0.279615108671629	0.616301215857226
-0.410422944003278	0.969013256176757
-0.238856318784661	0.452016999812401
-0.098077738510569	0.140583508459028
-0.983222374893002	1.47729036876276
0.308410543616313	0.367373457179813
0.3777045968271	0.591043096137146
0.423286297481634	0.574736701730789
0.414906454350984	0.655320832555906
0.0995918022740262	0.0996161016526195
-0.0266505759736164	0.0289076175877542
-0.115665068976922	0.14264583504694
0.257498750413065	0.418818949965972
0.294838471497506	0.528914237073421
-0.00941875117272295	0.0122860606161498
-0.234666736006252	0.438945913911762
-0.0869545835679252	0.130631210401987
-0.631595538248789	1.30215954907323
-0.216165863653016	0.177147385079651
-0.0517341890876628	0.0758015744831211
0.374297603162158	0.874145266220673
0.0211637822822731	0.0214376470282223
-0.412930455615078	0.439325293017224
-0.646598395649096	0.592646784699858
-0.170698805907525	0.12723507182622
-1.24307520646313	0.696964687305168
-1.43837346243683	1.63521404537317
0.116413150593057	0.822571894071497
-0.0561844095337103	0.26348084795246
-0.177750756696236	0.979602097091004
-0.240740609484785	1.22337743494765
-0.130113480651836	0.475841787159819
-0.0837220047507167	0.247750667563832
-0.398548760290106	1.45682777865626
-0.266878389842843	0.236618725100241
-1.17215975659244	1.36666994032658
0.373255506811812	0.341542160183686
-0.320741892080805	0.218601365112316
-0.519875567783212	0.443205034596349
-0.485272428015834	0.82341467874475
0.199007377369491	0.191706082209127
0.412176166066504	0.784857015226783
0.0320265353305358	0.0478365966559226
-0.12697368200013	0.240350996221446
-0.0604505894502694	0.0928167189968265
0.151391576626764	0.271658127713337
-0.000419802367888971	0.0005818946562031
-1.22607835460759	1.71875179117964
1.09817725727963	2.26978940789672
0.0663862031593738	0.0746109575442888
0.544084744819027	0.928532368887183
-0.041413479038913	0.0455884555264188
0.0210980429602763	0.0198780432997975
-0.309993696376669	0.459800708374013
0.612731154430294	1.23109320278643
0.0592845637602651	0.0782147412467556
0.236697312675743	0.399189515769431
-0.0871221998294188	0.125797422528635
0.274584723238896	0.563021687865421
-0.0360119033654254	0.0491781490291881
0.066242821779187	0.0736325151649499
0.650587685757645	0.68975890667492
-0.329923141997772	0.399289454882544
-0.364425687472964	0.39159690346638
-0.164460992887061	0.289579442149107
-0.0350403769750405	0.0489390710540517
-0.31435084025008	0.70237687338945
-0.0722561812664762	0.049740156895953
0.33064958388299	0.244184354136709
0.829101406885071	0.673515727160863
-1.01802099493423	0.756301907947014
-0.629457650591094	0.400413688577247
-0.158876110168585	0.114315518909302
-0.152212113478647	0.129846232517807
0.0465310727364604	0.246205887205803
-0.126503294651763	0.745981607087622
-0.141440692633585	0.681402014097095
-0.252822318539109	1.35489574167179
-0.0649829743186126	0.197805780378862
-0.277866918468878	0.947232806507183
-0.146968610989202	0.204866448879078
-0.165669813199856	0.122219918288954
0.821609823536595	0.664019026320723
-0.373138102591591	0.312749549885434
-0.724097091976578	0.751006173288738
-0.399669839877112	0.192337287990876
-0.199129490527336	0.165771678790802
-0.318568069921271	0.27224834893682
-0.333920873320214	0.450173809220424
-0.186560471623744	0.276809715153818
-0.386465675732493	0.786071180727964
0.203788619456147	0.373466604723217
0.0288073092832721	0.0405416242179375
0.0232559168381245	0.0329895083800315
-0.00852817949656672	0.0110338341655306
-0.0181834777210825	0.0152009523693982
-0.352936275846563	0.477300872441701
-0.0595667831913212	0.0677247460627852
0.314644506775028	0.448807478025902
0.243491161713028	0.306986235592115
0.611762175530534	0.920940314069048
0.577319665482071	0.960756539130115
0.282807762021218	0.37679602017454
-0.578316050968969	1.18782538129289
0.0147069288462209	0.0184824144053879
-0.263805658042597	0.444520996837793
-0.187187319700316	0.315104087132046
-0.106520126057985	0.158442692242894
-0.087632358497447	0.106972649126575
1.78566351898821	1.79517977119347
-0.558272570026326	0.844338023670048
-1.06970823717735	1.56240221418223
-0.0913020148164124	0.0698189161103416
-0.12763200319563	0.0825860874870105
-0.549387203708372	0.362577576867787
-0.766319316132116	0.544005142164911
-0.333056268965993	0.170590435493303
-0.742113613941413	0.865633256214023
-0.427849239458866	0.318272826564509
-0.682495643168178	0.714846485244886
0.0993077506797489	0.660324613728676
-0.0213691568224661	0.0893578978141851
-0.220047506478605	1.36866548773529
-0.123664714132884	0.550369062434336
-0.0409798315730154	0.105327703001055
0.0711057774412392	0.101252112293231
-0.222247248048754	0.373609370070244
-0.10746551548299	0.102046906389768
0.704890095047663	0.877192929135363
-0.260652629489326	0.260073968908012
0.0305724977683689	0.0258387014571297
-0.21994933125613	0.181328060815686
-0.190221364638697	0.158036803822178
-0.286764502187655	0.308884724808492
-0.533747947980212	0.585485280797926
-0.376705359847331	0.544808633276996
-0.318652401173009	0.597749531492511
-0.385902442684991	0.804575192718849
-0.163765108678957	0.309376109598978
-0.0544682602777245	0.080936606293678
-0.105194771719806	0.153132167237763
-0.387307404299701	0.809296440402986
-0.610459774906319	1.07483677922572
0.208153637822513	0.260745515163642
0.271326829900077	0.409958929189424
0.284342130714569	0.39378031904423
-0.406650366669849	0.631422504040427
0.445092366476643	0.673678029820659
-0.390155781401829	0.586559026015619
0.110988767504425	0.123401042905311
-0.141175273431898	0.205362681468757
-0.0397918875855615	0.0476862131429189
0.00579744397785605	0.00729944764671403
0.328516415682268	0.64189108218318
0.154300610101661	0.248499047638176
0.104009116094311	0.139229206898584
0.919374520452814	1.11888954467179
-0.203206495772021	0.260326461088957
-0.277613731406229	0.306911665899804
-0.0652598193310135	0.0879969960433721
-0.16337636752109	0.26428249150662
-1.38655193531963	2.90146156141503
-0.273893580367715	0.282787165649198
0.930687781018488	1.02763384592978
-0.0713148188893646	0.0377002640916374
-1.06172940662306	1.03945990566333
0.0677468205540569	0.0332949722279627
0.497847668146264	0.510020491387063
-0.642038302362055	0.595187501708201
-0.00685664729633798	0.00516986303671157
-0.444278463664425	0.415154117662508
0.0955505265816064	0.641151187711133
-0.0782602814139764	0.412599089275164
-0.0954739223796542	0.446154444816181
-0.251240528671954	1.46305858210778
0.202159166972706	0.379719337599452
0.102701845668838	0.161497547900759
0.0639368673055844	0.0794329326650199
0.0212435830643571	0.0210636735297258
-0.164991078474908	0.202606195665436
0.69906293456045	1.03099521682851
-0.584235489860167	0.745378842155162
-0.423422162065793	0.600781606951532
0.28365825914606	0.252538921314211
-0.435747929640752	0.641238791042736
-0.567542426545891	1.06481070905788
-0.177007257182814	0.280874430335633
0.0303453590867111	0.0399985537426528
0.389554011111608	0.791421732861035
0.208779505427186	0.32709938900867
-0.285139397254919	0.477736970992684
-0.703566392712398	1.80372420703238
-0.00315328978189853	0.00370219543181756
0.040276847065066	0.0472689675123611
-0.139083396917948	0.16257360233822
-0.104797762070455	0.118887553737222
0.4767625185792	0.691881512832943
-0.439479660544551	0.642923818460961
0.360641744290828	0.578239919070483
0.155673505907394	0.168945380398181
0.232435167087638	0.34271257197352
-0.410553185441014	0.708857482609029
0.165039551577814	0.220389927019936
-0.171188203478729	0.226336509354123
-0.310987963967564	0.508995382532903
-0.0921215906046707	0.120766354696899
-0.0218590404450128	0.0222826491299222
-0.0931727915054064	0.136454955192103
-0.0248507123366289	0.0282275887629902
-0.0371607481782913	0.0418600433669526
-0.110535147895322	0.150796480852185
-0.635496345475336	1.26477484925195
0.462311245396914	0.594130747526331
0.417035378533193	0.431244407475207
-0.0580786658202225	0.0469795715427998
0.00501381394601678	0.00375627747626352
0.0593119477397716	0.0456248144463137
0.0153846904281485	0.0100570172316098
0.121303359633374	0.127485689764503
-0.382906907898086	0.379305954782516
-0.570576423796877	0.757514521889819
0.0531086872083157	0.0465373604807481
-0.472389203960935	0.669030348608621
0.0467038356952291	0.255486695075558
-0.0943006607063818	0.51587824834272
-0.076973431166578	0.327499892662777
0.124724560340932	0.235942061100112
0.149459632152132	0.275191588605476
-0.104940512509196	0.153673962243256
-0.223451381029266	0.356667736717536
0.145010846566576	0.190047475488362
0.0712184600745383	0.0725761241038397
-0.2828279166249	0.331472035889006
-0.514587084443058	0.694853457674034
-0.551119778325506	0.733597959774434
-0.505699664566967	0.785711046647147
-0.1742296622209	0.161110436802802
-0.0057917657742036	0.00439016815664253
-0.513953083190778	0.593995963546715
-0.258800282176251	0.345695243793084
-0.289277376117146	0.491494558593784
0.25547122522303	0.334272320390227
-0.232889738136708	0.364668854341496
0.134848005427039	0.179277560232559
-0.145765618014514	0.21052923014377
-0.0511939955718905	0.0697990328130075
-0.544108828714509	1.30336670616498
0.189749133373414	0.272329552178486
0.175217268384667	0.245288989458842
0.0980445165266265	0.119163554429161
0.250298317172996	0.296520372006336
1.03141307091818	1.63291968811148
-0.505618297920219	0.685935652187144
-0.499196254594264	0.662049620587801
-0.0409165740643167	0.0496014537772543
0.0936145525245906	0.0952256406792714
-0.360623981734905	0.635387667564116
-0.381528829773068	0.591340679362236
-0.271572732487771	0.368228599508022
-0.455050325137273	0.755961084241691
0.425338877493334	0.797817213111438
-0.107063451469916	0.159961379761744
-0.0800594568715926	0.0963833775460741
-0.274276478203865	0.450263071247361
-0.147859749906996	0.180498053950863
-0.0737129920666327	0.0979703764607362
-0.216083679983253	0.396040284958302
-0.653057040749173	1.41022127664241
0.0331954900123861	0.0359626640725355
0.339901113468353	0.416600675564354
0.254953494125684	0.256035880229353
0.0856433249688567	0.0694795924910113
-0.128318623037388	0.100330164842064
-0.019533662693323	0.0169254975185012
-0.0542011335724519	0.0554425765614034
0.201231182585852	0.194152856145166
-0.344534656875293	0.434312228359706
-0.227003651836726	0.283970726303454
0.0431331968533872	0.22686497213669
0.0122790463007175	0.0488459353116844
0.0509752639456917	0.0864404953781973
0.0372381612809054	0.0645940958801846
-0.0989064088293574	0.192442640535433
-0.0408186047471279	0.0633129034588223
-0.0961234218887016	0.128392366995297
0.129706288308976	0.152024267706189
-0.000405972404104945	0.000608585306153707
-0.165844163256212	0.169954163062159
0.0280515694072674	0.0242485325691814
-0.292230957614174	0.319399779041779
0.213028864571371	0.196438553888934
-0.529378115782177	0.787223947429005
-0.509872411190087	0.69988310157587
-0.568857442801757	0.765017770678297
-0.222742623466642	0.309688700028487
-0.337671144093518	0.415769669276726
-0.146286699413863	0.147669172917321
-0.297208199526359	0.303522945773354
-0.106883694243379	0.083673311090646
-1.11844079215078	1.4007526705924
-0.118524678272401	0.0796452596235674
-0.978739011254605	1.26238614417774
0.201517331366206	0.220458192248053
-0.490141359357324	0.844712293997506
-0.331428627312622	0.560568921439156
0.0772335828978797	0.102211910539761
-0.267482975135525	0.422511957960119
0.209193379610946	0.333694316365225
-0.102987933907542	0.152757640866612
-0.0918797175760463	0.115355216001183
0.10243452589293	0.137993386510604
0.213812172123067	0.324097047114566
-0.160857077464318	0.23055566279766
0.420779914656395	0.501934204110015
-0.210172506226012	0.249115574928679
-0.0906002584091878	0.102794736120608
-0.249842944859655	0.333537721935988
-0.0395622596555218	0.0452822229974244
-0.49270672939847	0.811605281952362
-0.00985532343949542	0.0103146077104594
-0.0936728845188653	0.105508434589585
-0.62429424996521	1.17562313762693
-0.51486038038313	1.09631761171646
-0.489160716142552	0.754076649423478
-0.205010590994698	0.318131944022267
-0.641165087810125	1.51255848651623
-0.293888017173517	0.520520219948863
-0.364683370883938	0.596476651064225
0.01951632953239	0.0234306896098535
-0.0306275377777191	0.0304086759435096
-0.224236929459286	0.3088412171011
-0.0107372209388089	0.012561140238427
0.0196321676821561	0.0221892200124416
0.0199721822027464	0.0194039191555236
-0.368328668908691	0.580467401311565
-0.626049492363173	1.44208027523121
-0.279570654265709	0.507848639846438
-0.597697110728656	1.20047214829025
-0.682243697485789	1.22739744798336
0.341393867952473	0.412028471508661
-0.106765405039129	0.0928935604353444
-0.615035237219506	0.653447762226285
-0.910303292072814	1.18598079881668
-0.0423267164272799	0.0307208295356944
-0.0502888640590271	0.0490208614824642
-0.0212426343168747	0.0159287195047663
-0.254364042091431	0.29055039231229
-0.642805246175125	0.977405841079502
0.0945189155108167	0.659867037529105
-0.0694273650380268	0.389727120099441
0.194276755117477	1.11840641150949
-0.381462784405431	2.83713343856887
0.211509647208902	0.969430408571396
0.276324609529142	1.2030840035483
-0.0148223337920516	0.0401034276324672
-0.10283065035783	0.327795584496021
-0.130862310691617	0.352390498855239
-0.15023199717546	0.378469675561546
0.0971730258427841	0.180812878037294
0.115505010817498	0.202233406958051
0.0760170864051117	0.125741977740325
-0.09614844088328	0.184378405910445
-0.320231140462621	0.731650025669469
-0.55987966973248	1.46394363100715
-0.251024756364175	0.360961021801968
-0.0441810599687243	0.05513293918161
-0.161849848355162	0.219685722055841
-0.392183145816935	0.690155239945028
-0.0979406260279736	0.123158661452322
-0.0983941375305064	0.134429316290313
-0.0376233014335776	0.0428739769602246
-0.212529916364719	0.306674738759307
-0.414360850761607	0.632565103701954
-0.103181370047615	0.1288117512107
-0.215837957152144	0.306451783106839
0.400897072277966	0.689986286679107
-0.0965973345105029	0.104093964600196
-0.580033741530042	0.83509925236396
-0.312109798064723	0.43411080156111
0.0192409009195306	0.0200470983170105
-0.0915851742408448	0.102986150934189
-0.134717000832285	0.140890613601312
0.137789205096686	0.194516416417323
-0.288199639160909	0.527302935299974
-0.535586753837451	1.05555374798704
-0.232637240169295	0.243358209145267
-0.151846106976592	0.154960558794252
0.397505517325846	0.472334388480284
-0.0403182165197033	0.033950773434275
0.418199999330594	0.495270529073891
-0.390114165106314	1.04939508111105
-0.31258152064329	0.622226969948791
-0.351201327967647	0.573762611586971
-0.189419386869558	0.29390290100498
-0.26371489072209	0.42499020619848
0.0290624078701255	0.0333630415332935
-0.501459890371435	1.04575785805696
-0.590610630046686	1.25749360429652
-0.207365645183621	0.236855373406336
0.597722941977801	0.65648948315612
-0.305634071945654	0.258628407143068
-0.701074968692622	0.890613941555088
-0.49579565858673	0.548398599034579
-0.517965616958584	1.10631267641923
-0.0299434738357143	0.0447279385059202
-0.387350311089711	0.887533675359087
-0.118983513334508	0.221127999506369
-0.102959354742656	0.0890951596130019
0.421351333547403	0.441032348086379
0.195116260815878	0.179282084553637
-0.303743431237393	0.288125693199255
0.144212260049547	0.144654169436714
0.26450414792325	0.561363568541584
-0.137264563524398	0.253472509508627
-0.317639766309909	0.580376885313533
0.146889003421249	0.226982681749153
-0.45073170963086	0.858435431338999
-0.180276487312692	0.254321669927328
0.129116728652493	0.179526254862063
-0.18949645639503	0.282952544960234
0.02594017512615	0.0316090876293199
-0.416393683286536	0.797252502904238
-0.529245634255402	1.08920622165411
0.0641018176898929	0.392055452724562
0.0669811321866058	0.341890965956666
-0.63055261574137	8.02708745874537
-0.183031216806413	0.974664421645388
0.0629988768503364	0.192144089331631
-0.10488073506863	0.404300758958493
-0.358522551959197	2.28263722264835
-0.0819171576744192	0.220496588641477
-0.174443834260374	0.569447154046495
-0.0894859866097571	0.248672248305006
-0.41989196709762	1.99273661219481
-0.0638899104206516	0.107269452515655
0.0893674853691462	0.134098825860483
-0.471495498806033	1.19078660562599
-0.383925649923063	1.33657360544662
-0.142727081563198	0.332498548801663
-0.0969042043867515	0.179929003098468
-0.245565900488898	0.39601939919007
0.0863017593482529	0.120632750110529
-0.114538131289766	0.176733805559955
0.491792100225291	1.12682031288443
0.306414827200807	0.46725186473614
0.0722516620291531	0.0862840906626305
0.169951227996771	0.234631933677107
-0.0497733108392618	0.056803434305162
-0.169479671909495	0.239397951519859
-0.311000083102906	0.38162174620588
0.525342399809284	1.00205168609859
-0.293048708837263	0.556910835807235
-0.14321535015599	0.225253483954615
0.0573343684158452	0.0797875718096323
0.194580614645257	0.318479141103722
-0.0770326600206267	0.107538743404921
-0.122286601326727	0.173168470428759
0.118163964296027	0.183859687652073
0.03002809099919	0.0428674678268835
0.823354523136026	1.88480037845879
-0.397852378917986	1.06531431209393
-0.208913688087758	0.369886957898437
-0.266484501535611	0.323994396820932
-0.233210969715059	0.435165357241713
-0.324598116415664	0.872009616726638
-0.0874230805830278	0.104016328528104
0.206391827840335	0.17870906915803
-0.460613759287133	0.390166747062142
0.679374098184542	0.694963476711946
0.263529148189963	0.253528670277364
-0.135377941174513	0.118133180973208
-0.150427702017798	0.34528640260022
-0.345636814647133	0.859637382877888
-0.46804762207719	0.778370236211608
-0.107750308533437	0.157037149139621
0.0987389368612774	0.138885036284112
0.21448265362	0.353093774230396
-0.535544239997852	0.901831253533513
-0.261720133002753	0.358434840820964
0.014576167576008	0.0121207420825598
0.295510310110347	0.248264117592355
0.203142205640673	0.136864886820776
0.593616989164282	0.478617809443799
-0.778781863174653	0.8101529483805
-0.188397741985499	0.290880144127454
-0.0649412031237207	0.116226715231938
-0.0266430597664094	0.0355323362487046
0.0741254625906221	0.132290700687741
-0.210076362114619	0.182320708802666
0.0960889507845898	0.0616109474527748
-0.997988487610657	1.17776179792357
0.176099827182198	0.337327588500678
-0.23711936526538	0.569568737419058
-0.236008233726869	0.385488755621774
0.113256617367778	0.201708064668474
-0.837164943009835	2.51884329954683
-0.331645260984829	0.754610314693845
0.0920063582036718	0.115580523585544
-0.360132782115456	0.768231009926074
-0.240323521024992	0.409735979130437
-0.387771003636362	0.849015694394804
0.00253756955664107	0.0113627251551394
-0.256676983772841	2.2741198124923
0.334661107209316	2.69433767078405
0.380265665226144	3.06412933644853
0.101559092334031	0.372172174426681
-0.0534340721711893	0.176636307608989
-0.0913005982399955	0.294742619179862
-0.244467367225898	1.0254934811185
-0.041956319111408	0.0987282022228004
-0.271312961795	0.991717153157092
-0.0691117874751363	0.151491838946413
-0.146781571828394	0.334050362689056
-0.144629252798742	0.310891927578282
0.0500452944736072	0.0800003197888652
-0.336001446018788	0.655510420049077
-0.515522164836911	1.0880514041637
0.173185384570714	0.234159636818799
-0.408618268589094	0.637023999751819
0.123485099417616	0.108666396394896
-0.182250056293649	0.197487868271963
-0.762211477765699	1.2951689957941
0.284578012877562	0.35547221681666
0.0298332196303646	0.0293044723408866
0.0282002495182567	0.0282726712585649
0.65789998059391	1.25416108224081
-0.458307783191524	0.855009520983642
-0.447373348154465	0.887407959969501
-1.14021389361515	3.37194058460884
-0.510342011697844	0.790614299933185
-0.0139571596741784	0.0121024744717466
-0.188848041119334	0.194431870862488
-0.458941257967608	0.540179840763886
-0.413197981433275	0.480345183490892
-0.322258432884655	0.374358988284546
-0.0871784757143816	0.0851845273456196
-0.0774738929409386	0.10084731356073
-0.128307586315421	0.179233810222705
-0.0921584884977564	0.122821333583728
-0.223194494681555	0.324106314332008
-0.227996994121886	0.316764719775189
-0.222975256136964	0.377783045757117
0.0501747491433773	0.0604001018577243
-0.250808324318889	0.34634023174907
0.226182677558543	0.287847368719588
-0.135917323783436	0.173695837082895
-0.162300284067353	0.207378289068257
-0.538719334497658	1.00299613933074
0.458495768352799	0.742479436598631
-0.0178936242574533	0.0155465954282318
-0.237916095017892	0.26051480235459
-0.577688567624695	1.11695336084257
0.109962581928704	0.134434117062275
-0.0485628914220091	0.0563459069437624
-0.0837118834630722	0.0915209420747508
0.0487176035565023	0.0532306214197386
0.692747664740057	1.76650455888283
0.0642327924900375	0.0872389396042911
0.0296966761797792	0.0305272394081631
0.177965388883194	0.222486588152625
0.157973275240169	0.17640732109002
-0.0511626096032844	0.0501115049350339
-0.309371978601297	0.412380002366999
0.323023409203843	0.435784201801867
-0.229558599008854	0.305503433511431
-0.29106112762599	0.351647087942574
-0.779670313817253	1.42895737377966
0.14179293648515	1.11578620757419
0.303796404780656	3.00420456894826
0.256943614430677	1.94257768580585
-0.141030027949059	0.672047744744587
-0.590972163920355	6.1585513698044
-0.369203446911785	2.64461935283985
-0.383886929445909	2.35166774239346
-0.432665829922218	2.40239173625958
-0.422443631773384	2.2168147960162
-0.128859670696577	0.327030770690246
-0.197507731163112	0.574695233568443
-0.17883132569434	0.466862365640251
-0.670071954418439	2.83963331606584
-0.237097933543517	0.456117846599019
-0.115056320912025	0.162613145228624
-0.301277540114749	0.516614202305154
-0.520683001516255	0.846543093179448
-0.239852231442132	0.274119416450387
0.259221998998373	0.267349152656285
-0.109161529512918	0.0956871275432263
0.29377554474538	0.375152897092277
-0.126155718255077	0.140175576374385
-0.0867911648322006	0.0832231706693817
-0.304829440591077	0.363872010174492
0.238646083360619	0.301425329410046
0.365970363395549	0.636152594109252
0.123935716154736	0.174269845908147
-0.0438453118580572	0.0459599291668891
0.115160260748925	0.111062475214637
-0.615521086054437	0.730591305362845
-1.14814116171535	1.65102346531998
-0.797224206024195	0.927928745772325
-0.231294492267823	0.32175818168675
-0.0664454652197854	0.0458888526579512
-0.10090751411322	0.0877698958136523
-0.292233928792833	0.301117674330974
-0.284953719378982	0.44895632829573
-0.100398984173393	0.125288890643842
-0.555506954295458	1.00622494929157
-0.0509136119720557	0.0585401488469357
-0.170691671570291	0.231007155720601
-0.754065259242766	1.56472554970167
0.607492940157865	1.04571534603795
1.44188826513147	2.51611938104997
-0.124591459119172	0.137263513436388
-0.15220868602917	0.172593605671282
-0.353317508720575	0.612678800744993
0.167088109033137	0.186186025728894
-0.111479425518302	0.110765231486717
-0.17823170578007	0.197984666216978
-0.649527039635218	1.27319044364091
-0.125290070193679	0.147205634571335
0.172770807085357	0.227812307298527
-0.24994269549518	0.291773675436559
-0.116524364692408	0.156767567515131
-0.0367909763910254	0.0470817755848609
0.129658111015081	0.166079971510807
-0.180966574469306	0.197302440694088
0.351766843734137	0.471096336542707
0.708321926130552	1.12765575318901
0.256449432924501	0.272918921638641
-0.138510282442436	0.117999727224993
0.0386987130245657	0.0285940544131482
-0.0581117442071764	0.0569009428346078
0.0391232430776821	0.203868179254747
-0.122594570907849	0.762611747719597
-0.661075904158458	6.46758913397466
-0.600516758035308	5.27620139494997
-0.475734993158802	3.47482412165458
-0.638737244997151	4.9476816813617
-0.10233559158133	0.263638621344785
-0.365457927585316	1.27484462302241
-0.442996365484928	1.56204247769101
-0.532275581660402	2.05332219202764
-0.509130765579535	1.85385919568186
-0.175679250926277	0.334294960702415
-0.512827028322339	1.2970666018381
-0.222396666958479	0.32939744490782
-0.295175529688119	0.44559933026898
-0.102005537083268	0.11995472917686
0.185188221616426	0.262978386040917
-0.0815722621848726	0.0880577916081176
0.426027132797669	0.752801877282978
0.482939577729146	0.846132106757379
0.108162550219071	0.114983311793448
0.0456059920693223	0.0534741456402181
0.0737345805933326	0.0962071599374233
-0.219253100936479	0.333912521194649
-0.117331109808175	0.155168202566496
-0.482596042696676	0.79081801738004
0.139810669588696	0.158918953586701
0.158278930340371	0.166852762924121
-0.0668100327027446	0.0758214494329728
0.011777446009626	0.012084508047268
-0.0618331081097347	0.0700907567893074
-0.239052181724777	0.37360177782319
-0.122108492801138	0.173417318014025
-0.208169453377564	0.340639378806101
-0.188955796631899	0.285158406286878
0.709106847308472	1.50714843998994
0.244164568611156	0.316201367214906
0.0342240161267315	0.0374394352600349
0.11712358775125	0.143732755376055
0.219046510712178	0.291525892035997
0.0908941007394183	0.0998090526735018
0.866657359275743	1.34715827790538
0.115330595474881	0.0958560593489287
-0.331737191967418	0.356969270828751
0.144153053419318	0.150139512272774
-0.294654933706157	0.374197042359776
1.03410688588741	2.01196783241362
0.235052123150913	0.311642979154214
0.117664666648752	0.173430125984218
-0.207192309440003	0.354093301110833
-0.104147482698314	0.130900099853022
0.511723870897695	1.063037214548
-0.291489019197959	0.395703226993985
-0.0234350109722222	0.0252325575744427
0.0596695601367695	0.0620342840065443
-0.0777521948303714	0.0751440753329938
-0.0490390619818493	0.0565492118380739
-0.0489035156425612	0.260689592618701
-0.277204398738308	2.4135400803857
-0.351531724143579	3.19940438286523
-0.155589985712251	0.770248654453533
-0.165075662485687	0.766575114681254
-0.191314312175124	0.763890192306595
-0.332776582102274	1.62259582724432
-0.00773081239950477	0.0147158655958813
-0.0176565843225837	0.0387575988407345
-0.000875225784580732	0.00173817149025237
-0.470142247331922	1.91421573589687
-0.0213369429051692	0.030221334786584
-0.279781372436771	0.488113811475145
-0.22267126006486	0.33477221630032
-0.136497731273521	0.175149379154486
0.0964283673180206	0.112724041887685
0.433897192039906	0.518601074276596
-0.52812213322407	0.699033940541963
-0.228396499639579	0.298248046248339
0.154611195180856	0.191499067889957
-0.135163947575418	0.145090714225744
0.270969953972201	0.368943937040799
0.186960044869387	0.254257477388715
-0.270155466002269	0.508531610590311
-0.0417575397100464	0.0556965136876653
-0.317557855310315	0.493572880608055
-0.518832899142489	0.724960636078636
0.118815749435757	0.0944039623948571
0.56584165308577	0.701349529244123
-0.0560441639798323	0.0399013536260327
-0.363644364761574	0.629597926844435
-0.268267524358507	0.377040324431466
-0.0438174201730914	0.0250806633016936
-0.748468168308292	0.936078284485051
-0.580252871644208	0.783842876161242
-0.111530042536154	0.158030737445084
-0.462982820898739	0.924385411697035
-0.343442267308552	0.503810924694353
-0.028662309655609	0.0288482885314563
-0.498769038990796	0.651817137554435
0.158805952448408	0.194250557797622
-0.336272979583796	0.5325502333811
-0.110334722015791	0.15063854980069
0.0373564331836512	0.0425488853247074
0.00781494723999662	0.00746839208697602
-0.352705459050336	0.555552773518312
-0.401648184739877	0.613561964780154
0.0166154810023425	0.0173607440917041
-0.0971982804513142	0.109344638657312
0.0919708350692735	0.102146625250408
0.0026766722658436	0.0027195144685323
0.287557299704593	0.502374615258956
0.0641496147179232	0.0778702403852391
-0.243378343074577	0.296384786796359
-0.0745797129434656	0.0676337428801484
-0.0619930622737099	0.055066622860918
-0.0965981091634306	0.0838375518528924
-0.052186341202325	0.0439298497223
-0.793606083540369	1.02559961013584
-0.568312721823183	1.03246186533905
-0.0561131567925446	0.317618654794361
0.0441905755282266	0.211808048172793
0.232736192117049	1.36362545263356
0.333967747392392	2.10014809911054
-0.0579028505548681	0.184139961650681
-0.00472871115044348	0.0122857077612084
0.557181556921137	3.23423539541374
0.194751576878086	0.544688274863094
0.0152214198312026	0.0271632443961186
-0.24436334739597	0.634484243247847
-0.252060104234219	0.778604410141067
-0.0622899203829071	0.113906034345866
-0.0463212078543166	0.0796563408696716
-0.062855363270914	0.0847050695363758
0.00265114305336104	0.00363967841303457
0.276447934442986	0.467832171850604
-0.235252455980794	0.405354449123593
-0.446675702489479	0.925735809994317
-0.108167720095589	0.161575268313699
-0.343583372930841	0.688274522310577
-0.363364248930372	0.687025453831724
0.206215949069208	0.352619525096766
-0.657164116150231	1.5389349332988
0.427473583956431	0.891043327568046
-0.0879228659935406	0.136045668252546
-0.241711376244308	0.403864610215815
-0.309877325782969	0.474296162084066
-0.0747142432741923	0.089578365109228
-0.251942127785865	0.336028919144692
-0.046850763577485	0.0546298761449167
-0.0919822909753901	0.0965626757760677
-0.0799680911899806	0.0790371196868221
-0.12517346084451	0.164330868758244
-0.151141346700997	0.222763235989646
-0.482475559294956	0.821121932533549
-0.350411929486467	0.398966887215593
0.604569820622441	0.729731278956604
0.281970177610535	0.242572776680046
1.02913410610738	1.31865643053464
0.609648633112735	0.722063580626585
-0.426736660667749	0.652463798218672
-0.166425565282481	0.268028567727729
0.199176381523008	0.18806374480681
-0.139120572851328	0.217070450465533
-0.315979291896073	0.730249704033823
-0.331931950488121	0.631603147954199
0.119987392798069	0.156606195741402
0.109878978907465	0.15178496006251
-0.391003873448979	0.611942306710834
-0.513977682358348	0.926271095646134
0.0209162493947935	0.103236415124202
0.0705635779803021	0.359982379585994
0.01254410165488	0.043929626296334
0.0461194247043797	0.168210075928004
0.036850594049813	0.125564698569308
0.282942539486292	1.29608898072128
0.142469986227525	0.462180087599139
0.101323676029228	0.260170637781581
-0.134512095930901	0.382353446625007
-0.25141703061879	0.76504770484418
-0.304223385175349	0.876982391648751
-0.0557193536005812	0.0922446298940604
-0.239582127604269	0.419460370234818
-0.551032609006473	1.19307856974296
0.361061383108902	0.615973434341057
0.145575816839219	0.216014291953354
0.0224141121967185	0.0294816881865789
0.221560033915248	0.353692211750928
0.0299662219082049	0.0387123108678006
0.070216605217276	0.0913534645239851
-0.500226546502955	1.19380204109352
-0.12600300854517	0.203077515119456
0.0769884800675162	0.11171760644617
-0.185279847862531	0.311823565082391
0.168121199659811	0.248297209414098
0.285169950291669	0.427220408541807
-0.183490527612263	0.243522068338157
0.0180614911810049	0.0180272302976278
-0.473437769968411	1.06483310024794
-0.582635857393005	1.08248470599122
-0.215164571177199	0.269440963009347
-0.077830383104407	0.0705121273145441
0.475023144540038	0.508210870936047
0.501967128205083	0.601310267163983
0.376571284869974	0.475674310814824
-0.148463844383488	0.21771834158756
-0.270693352146777	0.54229213141354
0.172946076074369	0.264116571013043
0.244062144129577	0.407914587310671
-0.0832936533938093	0.094063563698748
-0.339825272525603	0.494609611912587
0.0581822008682429	0.340575512008477
-0.027711950485594	0.125392948720478
0.134938938015672	0.711246094895021
-0.0521481246185038	0.202149352034405
0.332542887742597	1.748807127514
0.00256289613922733	0.00645176746491763
-0.07320998340741	0.208747055036325
-0.376341363360416	1.80950987003024
-0.337297033518546	1.00056035093565
-0.175169968121951	0.320465500427637
-0.234422712304831	0.445155685426121
-0.195118051682849	0.290394588596302
0.421166905304179	0.707455475446023
0.161762889466669	0.173915164876598
0.0294246005573068	0.034798396431643
-0.170872161153568	0.227865200762999
-0.168935605318368	0.205885058512548
-0.0441161505435987	0.0489039750561055
-0.213278859800298	0.444219178654906
-0.0773496036389305	0.112537179656098
-0.385066938063641	0.797658154708198
0.0596768061671748	0.0662122072963106
-0.0781468452131436	0.0733487023871231
0.435452369266153	0.610345068664313
0.468004226948076	0.602873265286618
0.27775049783903	0.468579148078432
-0.499701861691409	0.937436518971418
-0.570431505109138	0.771994257748625
-0.319500021626983	0.553560052965117
-0.18486999021393	0.231615428293838
0.00605268703760206	0.00650429331730749
0.347430304141104	0.510490884783929
-0.347822310423659	0.489639335948866
-0.211991109128694	0.308782418700186
-0.686772687509361	1.48846433453758
-0.0743251384613318	0.0840854342995679
0.438890147537696	0.626980418608686
-0.292723853101549	0.334583579219745
-0.32949165571456	0.400555368808476
-0.314958052911639	0.441117210595261
-0.357852250629728	0.577534671714618
-0.379810870235096	0.465963822574603
-0.48405007875201	0.616223581399772
0.00998720653018155	0.0467411216163701
0.174991338540467	1.2639054002137
0.086705160810306	0.438403761495798
0.457303165908741	3.52789732940559
0.307981678858958	1.62456738484025
-0.0830969829517593	0.252673943065944
-0.490323223678455	2.81913105640279
-0.244469889656291	0.768781121709727
-0.68080981311862	2.79875652738824
-0.348774590498195	0.904528015683236
-0.323930183068988	0.620121641700492
-0.177572270160646	0.289800799363555
-0.290430188909688	0.462767061827968
-0.111867229640996	0.159892527739772
-0.0692083671963707	0.100103237626595
-0.27879626593868	0.637569409037937
-0.168109250615666	0.310345119981033
-0.178959898218154	0.316959971248987
0.0368125957488602	0.0452266120985865
-0.148285105271536	0.171444730939787
-0.318003962474358	0.442820877689742
0.328398080747168	0.459308173741734
-0.281592170421802	0.459341122014987
-0.248360821689081	0.395923131871429
-0.844205177918719	1.50496032752555
-0.249186852758147	0.342817591563918
-0.34067318540355	0.493595193862086
-0.728816072957205	1.68085271550815
-0.450261466406707	0.908222021401484
-0.270026951388798	0.435794884320816
-0.240913563113293	0.368813149378049
-0.388199969185405	0.719066943776548
-0.455437370049018	0.686390554688525
-0.0143122400080869	0.0146909022411723
-0.824163751801575	1.64673352027807
0.0156220285789571	0.0770180278518176
0.0064455498382045	0.0276281168147563
0.308290248748487	2.22036651140345
0.13049490196595	0.492047699586369
-0.356077061057068	1.83516782813925
-0.559307286062206	3.62272265459113
-0.637081990803098	4.27897644539855
-0.44516645626128	1.86334907549618
-0.205900372484406	0.530567626857411
-0.108618409947993	0.186927653285142
-0.171775851532183	0.30435535098128
0.127128155793715	0.202954883235137
0.614048161845705	1.57560663155142
-0.0211939178895257	0.029107556225479
-0.262160181738278	0.531149465279203
-0.0609850988670619	0.101685104418074
-0.139549042280742	0.273939398146386
0.407748943049745	0.889227196362257
0.290274818272113	0.485250890218381
0.178259036043294	0.278538354693828
-0.329485300220557	0.577484571558894
-0.727265857390179	1.00171015872072
-0.163822242873241	0.207698579966619
-0.161996084916504	0.260477997147094
-0.0843279957848865	0.129942107895262
0.281006882141633	0.476544755604324
-0.255589587172006	0.40481776739183
-0.372668680206231	0.628806671804169
-0.088293258355275	0.11675102120525
0.0426309120408415	0.0495697040997432
-0.125208175939118	0.151699426891129
-0.168927137061225	0.240780104009298
-0.442703226085266	0.765670543523977
0.0456029558064908	0.256211467289506
0.0914064448301142	0.514162602795796
0.0440952654022541	0.14326555305397
-0.176554586180491	0.715528259502962
-0.765383865623072	6.82088659588407
-0.903732462190366	8.34109968394195
-0.704997250594988	3.95675220515361
-0.315718835563197	0.719686062480914
-0.241393306923915	0.505698931442498
-0.00261132849983004	0.00310149307357414
-0.307708377712377	0.652488248922733
-0.225328209441678	0.371402045167831
-0.45821382264055	1.26570437846083
0.0451400573230684	0.0689041721382887
-0.214050097831556	0.444261350645362
-0.202935882119065	0.375864953393669
-0.0285033075011423	0.0390865256968253
-0.100587528251997	0.146144624873516
-0.209828506209652	0.324392350271189
-0.177399553821112	0.307715909436278
-0.235574135390598	0.426152558634259
-0.0238863679975256	0.0289186254273629
-0.256601729726765	0.481665857791714
-0.189356021837318	0.265052070570159
-0.242567101293751	0.40275075005257
-0.00572888056486802	0.00643603734280414
-0.0843906438295942	0.106700692363292
-0.380571056204715	0.756687645677493
0.0835805195672305	0.519592599541515
-0.183407967441182	1.33540608910278
-0.454007686691956	4.51136961868386
-0.63587373289294	4.36383109764129
-0.272271688677092	0.727866011918868
0.303151126987663	0.885376608805902
0.476617618168767	1.4093819644017
-0.375762642445147	1.03288931679688
0.000474132556794644	0.000670513310875111
-0.140231067584628	0.261264048050134
-0.215936130344732	0.342673265857128
-0.157648899935042	0.222129175624404
-0.419103112172394	0.632192454958285
-0.15612357884424	0.215055573092581
0.0107182178737146	0.0494184491349891
-0.145479199288255	0.992552043959268
-0.619778350895829	8.24492409095036
-0.469925412292427	3.75556307831702
-0.296208945454628	1.37230209597964
-0.346103026671306	1.34666142638727
0.429322715446097	1.41252774768007
0.413891736871978	1.12610868244547
-0.0173885735915195	0.0283368333220067
-0.282714212349531	0.520201492923904
-0.323184037769662	0.46071469080914
0.0127893304626228	0.0583840495228462
-0.167244518595932	1.18373914059028
0.438464097953134	3.65141009955713
0.186246275057489	0.765758366258063
0.17948190479275	0.571584564667507
-0.0187421226043051	0.0293870579417421
0.146836195052473	1.1562334515556
