x	y	clickSelects
0.086182762411955	0.740770624968238	196
-0.103319381699115	1.34185119243557	31
-0.042350295406871	1.46964948899533	31
0.02649649457468	0.744147378414203	31
0.065225922195127	0.874376912494976	31
0.075154193694396	0.805365018538586	31
-0.106064144298204	1.28986799515425	31
0.112220426381262	0.186296723764712	31
0.059389160529319	0.771120419384115	31
-0.065368647812222	0.597776382939655	212
-0.101331805944557	0.707912819832457	212
0.062811350581634	0.840061969375851	212
-0.074761569638144	1.18872241356998	212
0.079964744451576	0.629333855264602	212
-0.101492383058554	0.936683980813041	212
0.085011096302953	0.691388887728788	212
0.00392169306797702	0.800233204125424	212
0.081713786117748	0.745027174414541	212
0.043966522038305	0.561880499099737	212
0.110565394592584	0.409741170363312	212
0.123250446676227	0.55188882169071	212
-0.062231999472217	0.809789336344273	212
-0.035222446820519	0.706469756616468	212
0.11650373550392	0.471030809066675	212
-0.108107134090619	0.85452977459429	212
-0.030670163195564	0.688485505329591	212
-0.083357009359431	0.724574718710333	212
-0.027306669558164	0.618214829241236	212
0.067161562424629	0.461143965223213	13
-0.05797677489674	0.791252093759827	13
0.00115459980092297	0.651042622301059	13
0.089408804530447	0.613988950686221	13
-0.003379910602619	0.619817547982435	13
-0.097871056086004	0.830222893362074	13
-0.092663974503902	0.67124606076046	13
0.045684733477676	0.477822643793042	13
0.08539194900267	0.405887309454859	13
0.111863740466661	0.384265205087206	13
0.094975844937912	0.476791589854466	13
-0.068698145991733	0.755314704984286	13
-0.091469136781284	0.721452792224088	13
-0.023943263425104	0.563629845746101	13
-0.00676838507554201	0.5500431295123	13
0.081277857770373	0.414497765963422	13
-0.119857731298865	0.660937171034739	13
-0.08150634876578	0.542275870013286	11
-0.107445642724159	0.57032845853608	11
0.014259693803074	0.216485010321711	11
0.109821732947927	0.35342117374585	11
0.091412740929408	0.122778214287602	235
-0.032399800286787	0.509056931033775	235
-0.109326587594943	0.247010331489444	235
0.077293694143559	0.256951354341444	235
0.092352455723547	0.125048986852886	235
0.116951290048745	0.177707836233447	11
0.087639281335227	0.120398139160621	11
-0.103023933348762	0.230644232433531	90
0.092352455723547	0.125048986852886	11
0.097196939184952	0.118153833341878	72
0.092352455723547	0.125048986852886	72
0.093292111011753	0.121566231332134	88
-0.107509736778628	0.241085749115833	88
0.091635389749592	0.125062886124958	172
0.084322551624022	0.121810113464687	172
0.093069211440958	0.12223423135792	14
0.092128771294459	0.120108530289818	14
0.083744908239296	0.872950712018816	31
0.029179276315423	1.53358074318656	31
-0.0743426437193721	2.14521828233575	31
0.033602239559351	1.11518140459224	196
0.020334376761865	1.5041970345217	31
0.039406651726633	0.709539166253675	31
0.060279115349237	0.866317827012914	31
0.108672525471915	0.762272894956465	31
-0.031562532838366	1.83974319514563	31
-0.025602209409807	1.51013838367755	31
-0.063864030343506	1.39227232988092	212
-0.120065077324649	1.21170933367395	212
-0.0841202575900321	1.02882782665617	212
0.000668335494317995	0.790639715125504	212
0.015350260885565	0.660630762559857	212
-0.072710060271355	1.05767175210977	212
-0.110856372388036	1.37569452930748	212
0.051903497576399	0.797232173427802	212
-0.053682346407591	1.11949015263425	212
0.120331578664372	0.627624192982082	212
-0.050604038966199	1.20512036123311	212
-0.067149076836672	1.16095841374662	212
0.088545312471674	0.794309271009033	212
-0.000196858202740957	1.13591398044918	212
-0.018227074150547	0.602168556920899	212
0.090413238238937	0.544578724949027	212
-0.116557795693991	1.00893688664227	212
0.053357954946605	0.679895113171413	212
0.034223039257963	0.622377499563657	212
0.054219921626244	0.668967629578109	212
-0.0944829326446009	1.2769192606912	212
0.011490796641464	0.694596036058667	212
-0.03365407615915	0.984727862827221	13
0.104219426070057	0.568993678500046	13
0.00161933079121501	0.701579084640266	13
0.00935105826195498	0.66892528687396	13
-0.055454231491376	1.01220065994136	13
-0.00368742959464896	0.984192252046945	13
-0.048816323366434	0.972901283117077	13
0.112441230264638	0.503982986014218	13
0.00740041382898399	0.565863713168028	13
0.10363415465183	0.502446418438217	13
-0.101373854678975	0.725549696785134	13
0.110963702850139	0.388022067068974	13
-0.052439152297996	0.695607161312979	13
-0.053928848285737	0.791250944014844	13
0.021294355024887	0.498308162799152	13
-0.088155455132045	0.550682295158728	13
-0.034681346192316	0.692621011706743	11
0.069642573595052	0.543659111860609	11
0.058620242405141	0.459880861042392	11
0.115428620354377	0.287064566764954	235
0.00825342235127802	0.525701038498497	235
-0.10228403303507	0.612409904698276	235
-0.028363945530221	0.414708911872466	235
-0.09323076254109	0.276474749685178	235
0.043521864128317	0.355672132173618	235
0.015318592008746	0.282314087532826	235
0.036618140175596	0.375274296588229	235
-0.102867970454604	0.452969478058079	235
0.017564469840381	0.266746720348025	235
-0.0143723443285519	0.448738343748603	235
0.073411638150593	0.314598797741816	11
0.077826919047393	0.337980160438946	11
0.100793869467012	0.184125868492259	11
0.031077231152504	0.379550742374741	11
0.09647676885893	0.120758066909653	11
0.01284392313365	0.284905739578718	36
0.080948715742201	0.323711538161026	36
0.03215096305977	0.369392365005241	36
-0.00104806084071596	0.273218569805447	36
-0.0765603154365621	0.313562152213764	36
0.091635389749592	0.125062886124958	36
0.09647676885893	0.120758066909653	36
-0.096507938112432	0.230547609718778	72
0.027066252347436	0.199397721649445	72
0.079563155665063	0.12249380682794	72
0.108974800264008	0.185565533983717	88
-0.105018653446507	0.247296557897613	88
-0.105877973349914	0.248295887545134	88
0.084322551624022	0.121810113464687	88
-0.104248366603648	0.247280677660954	14
0.090918013244833	0.122428835263424	14
0.091856214036307	0.11915653709017	14
0.091635389749592	0.125062886124958	14
0.108479540766326	0.617804035618756	31
-0.089315245263458	1.18771981889228	31
-0.058837226539325	0.647886127464288	31
0.119795670908367	0.282850671619599	31
-0.105263424573975	0.594989714959465	31
-0.044490189753203	1.48642875986252	31
-0.068322406789935	0.841852977616851	212
-0.027596357560012	1.16441744700637	212
-0.117179995659576	0.750184584706574	212
0.027518851604286	0.376087138699782	212
-0.057357658975728	0.476049762938011	212
-0.054435551522355	0.479821372664032	212
0.028627587105444	0.32193479807881	13
0.111190136279982	0.321663801054786	13
0.00579088480592699	0.290111457974493	13
-0.030243579622464	0.424749552475491	13
-0.00727954575693401	0.624220092945456	13
-0.0527898016495429	0.369109715849021	13
-0.088057991509647	0.667708549834892	13
0.000106773658654025	0.642678243480918	11
0.102413069041706	0.185779736125652	235
0.061139025302279	0.449888960997449	235
0.078928335392952	0.505326883723304	235
0.094493104519647	0.481563715474955	235
0.120389465860002	0.321044179493606	235
0.091412740929408	0.122778214287602	628
-0.086036266393323	0.312512087261597	11
0.014644780581507	0.519352926890964	11
-0.09601373646351	0.908563480880545	36
0.113781027831755	0.396075265733773	36
0.021107600628196	0.536883041738923	36
-0.0310189768510299	0.495678277851235	36
0.027226867086949	0.697793137627941	36
-0.122618417100657	0.924428051138231	36
0.074721657526155	0.301667615217326	133
0.018364803223124	0.210445144282834	133
-0.105789348353789	0.245350537511065	72
0.105839676225759	0.18837377358498	88
-0.100279247397997	0.458285874991037	88
0.023984278681883	0.201677633011963	88
0.113331509096928	0.28601825256632	14
0.080845443439032	0.256342705949283	14
0.091412740929408	0.122778214287602	14
0.091914996031922	0.999017023624802	31
0.04131381653157	1.05911226162833	31
-0.032943694154244	0.722540309612138	31
0.08379538349912	0.722531201128431	31
0.022449020155287	1.25612888393177	212
0.077703313259468	1.34950325133164	212
0.10638172411205	0.635105246415031	212
0.108814362741584	0.473189097206265	170
-0.116389069538513	1.47721363097568	212
-0.065941994903159	1.35392883139701	212
0.044490948834643	0.826380381666272	212
0.082098133030625	0.362377700742444	212
0.071340473028719	0.540466630054111	26
0.013086028285393	0.759261682579414	13
0.074571706280014	0.286515886850207	13
0.08570748228426	0.299293476649429	13
0.00900695070819302	0.291032592659437	13
-0.093099713066477	0.453883865015102	11
-0.074634275482473	0.298082295742259	235
0.071723392544748	0.306781966005729	235
0.075947520893419	0.379686373246357	235
0.055748524709358	0.431827229799137	235
-0.00777581867699095	0.610814981618663	235
-0.073400759591264	0.305140130330135	235
0.017182131154813	0.210120401667664	11
-0.105107464173874	0.248281748462392	628
-0.054406808357045	0.381202118399102	11
-0.121450738133759	0.531166136940572	11
0.077110928269047	0.348286169498416	11
0.013742831571734	0.207730403296512	11
0.104780927806675	0.189149018408881	90
-0.050112712184367	0.474469132528242	36
-0.00462204224832297	0.5704237308357	36
-0.022201223935079	0.412481814268842	36
-0.066953323807006	0.484822624890829	36
0.10552444302153	0.188979035961125	36
-0.0885161901363451	0.656868353989781	36
0.018803469560169	0.213755792718274	36
-0.082466246084995	0.317720525677423	72
0.107328079325916	0.188985628995604	72
-0.105107464173874	0.248281748462392	72
0.08525651924473	0.123952726570493	430
0.085980376425502	0.12580488589805	72
0.00978708930058603	0.283233343565597	72
0.017571936107181	0.213459013662829	72
0.092352455723547	0.125048986852886	172
-0.106048823607439	0.238818749028824	88
0.104874263654286	0.179393678115328	88
0.105367434508933	0.191064458118039	88
0.095534745745171	0.121110502077163	14
0.091412740929408	0.122778214287602	14
0.098956111772506	0.115280155462421	14
0.010707630764509	0.269682606699212	14
0.094814992493986	0.121133837036836	14
0.00532799000072298	1.30977373832894	31
0.07209139354749	0.967593453375289	31
0.034773965352641	1.34765600228496	31
0.041458289963373	1.28184625891861	31
-0.059331581465673	0.936302929140573	31
-0.00815707956226897	0.964370363343473	31
0.038702010566042	0.982417086720282	31
0.07705890454819	0.50655979056557	31
0.076401117947537	0.26487944432294	31
-0.051190126900623	1.26038484553955	31
0.020794380263726	0.442805429422786	31
-0.0966391866899911	0.669309885235262	31
-0.0197874430207819	1.08879862943983	212
0.122139111459879	0.611425669826346	170
0.034670291396827	0.758199484099456	170
0.113483586170295	0.479429504582322	170
0.00607808765305501	0.694516087438862	170
0.029063040665098	0.825997383205229	170
0.0400982205749	0.678901795817151	170
-0.076315922968632	0.995256427475003	170
-0.10129390995319	1.0443118420516	212
0.124746907240627	0.438930725372757	212
0.07614200746204	0.49125574576707	212
-0.035807071330522	0.781307502824543	212
-0.100102284445865	0.93207134644836	212
0.033861948974168	0.634538161331462	212
-0.040302872644371	0.990867024600031	212
0.085283595444336	0.569645020354634	212
0.105419954382743	0.447451820282562	26
0.089473878414649	0.517199736751733	13
0.094624059950965	0.500199367733939	13
0.033286711165518	0.660124019423015	13
-0.065500542791333	0.836465228468376	13
0.104880837715796	0.589926081141741	13
0.089426131545314	0.415905979589809	13
-0.111176416504249	0.759986955443302	13
0.07053687065427	0.498359889806837	13
0.013227560517832	0.462409016962955	13
-0.029308970108034	0.502848506986777	13
0.070055965021954	0.468655722059341	13
0.106271731871662	0.189352788856465	235
-0.024673466111653	0.529052075193582	235
-0.061620459926603	0.378863842394601	235
0.079570504281881	0.350660532286324	235
-0.09793178881353	0.439351929197522	235
-0.045947876752734	0.466488323584242	235
-0.117539997291605	0.238482187219359	235
-0.0154374505770301	0.43608475342473	235
-0.117947946214709	0.533811919146024	235
-0.100279247397997	0.458285874991037	628
0.00560600680448398	0.278316787091087	11
-0.073937756109751	0.287954232174238	11
0.015911099300145	0.344395293186604	11
0.091856214036307	0.11915653709017	198
0.090696400979851	0.122798470587256	72
0.090918013244833	0.122428835263424	22
0.105682168044272	0.18994603125229	72
-0.104248366603648	0.247280677660954	72
0.078826479388227	0.254606797096008	88
0.091635389749592	0.125062886124958	88
-0.100436875507951	0.243859923513718	172
0.092574318126688	0.121589010675069	14
0.090824233022284	0.119598427580517	14
0.090696400979851	0.122798470587256	14
0.093292111011753	0.121566231332134	14
-0.101207596303476	0.243882027133499	14
0.092574318126688	0.121589010675069	14
0.060017707954854	0.733952896625702	31
0.027371488793143	0.956914446435528	212
-0.00271625833170497	0.741427552632976	170
-0.079187224268064	0.963288800385073	170
0.062183181290219	0.777324609237719	170
0.042611347554818	0.809763599006103	170
0.077276343481007	0.779177037008816	212
-0.031907045504878	0.680683279127497	212
0.12413226571728	0.48253699168597	212
-0.035138733860847	0.791505348182678	212
-0.01972452200967	0.856273764397279	212
0.113210363019666	0.693572020522988	212
0.12209768160372	0.497848068701384	212
-0.028924641683979	0.684912526826177	26
-0.029589584905605	0.664978735794229	26
-0.030279882803022	0.836621632856574	13
0.051644445936171	0.700199474854885	13
0.120320602594097	0.368086242729462	13
0.04779852525317	0.444885114930711	13
0.106425939567637	0.18977696608378	13
0.037733956678212	0.544934768682383	13
0.067131656599244	0.516140308941969	13
-0.0423932193797461	0.650887718399788	13
0.076791265472154	0.384646153917181	13
-0.106068927538363	0.737321809849902	11
0.047078450523755	0.591318604887183	11
-0.051758701385606	0.385087061631314	235
0.013352424035474	0.331727519142655	235
0.017185453118623	0.349750937938303	235
0.086120138008205	0.375915789276943	235
0.091230608418761	0.367010341461201	235
-0.100663128978365	0.601043019586234	235
-0.027788595790371	0.504182427376519	235
-0.054389021214086	0.482438616288735	11
0.074045687078029	0.252689603214458	628
0.040789447236965	0.36028645310758	11
0.100154331425651	0.186351409305816	36
0.124459629543617	0.284785452738669	36
0.120005281664367	0.288761707327646	36
0.011110525022444	0.279156089836697	36
-0.052607606593536	0.366443845687041	36
0.018216132862307	0.214354093334262	36
0.097960822489745	0.177376177109955	36
0.021385425819936	0.207624470029599	198
0.089979751172428	0.12031277846722	72
0.013780378546434	0.283800014981651	72
-0.073561799834729	0.298704282079705	72
-0.111911286966867	0.243952463278285	88
0.091635389749592	0.125062886124958	172
0.08504567389839	0.123556715541549	172
0.091412740929408	0.122778214287602	88
-0.116766388805438	0.242301528417838	715
0.094814992493986	0.121133837036836	715
0.10552444302153	0.188979035961125	14
-0.099527467641598	0.238866436666662	14
0.027267318084821	0.70593526077355	196
0.122896882753212	0.631449612236683	31
0.090097235289271	0.121547945697158	31
-0.104975306673739	0.669226670978568	31
0.044401345345739	0.771421232069384	31
-0.021126031172065	1.73615648869797	212
0.027405576321126	1.57991273312328	212
-0.090533124082227	0.458812088953538	212
0.088079468078113	0.285978989421956	212
-0.102905193362325	0.655185105430494	212
0.017165762076883	0.330486042961653	212
-0.0464866945302001	0.370149345979157	26
-0.085630091625278	0.535776527881421	13
0.107357122663073	1.13840061995973	13
0.020398702352331	0.338856662681194	13
0.018484770860039	0.334983851393021	13
0.076580500549294	0.266973487198937	13
0.011303858254676	0.341163577768318	26
-0.046852978595863	0.368592090912282	13
-0.016385691751764	0.403090381440424	13
0.02114224747605	0.33813572582448	13
0.080192205971682	0.260383048505223	13
-0.046669905196943	0.371444541945617	13
-0.0619635447982551	0.87821751871956	13
0.035614109251106	0.419889555005409	13
0.070053651055698	0.310321254028761	13
-0.076114661400676	0.318361095193802	13
0.04186073300081	0.496256075874607	11
0.00808147433892997	0.283547241861836	11
0.086149729038275	0.425013386235333	11
-0.08344506953292	0.663988227416389	235
0.018993521207728	0.452956597169944	235
-0.00909092652919197	0.786763157983951	235
0.019000442266809	0.757025866163249	235
-0.049040900939696	0.919209569401418	235
0.114962139089079	0.612842571471267	235
0.091635389749592	0.125062886124958	11
0.055739407477144	0.461768935122652	11
-0.00440623218535496	0.449230941132127	11
0.077094048756107	0.354054658740497	11
-0.104024087592069	0.814596652694368	36
-0.080952225206946	0.319302162561081	36
-0.0188374269027179	0.59870990500822	36
0.073122248588477	0.309073900136432	36
0.089160261066708	0.121896646860028	36
-0.082620972287787	0.317619938411069	36
0.097196939184952	0.118153833341878	36
-0.026688829014291	0.41208448508292	198
-0.001305281058821	0.440307227892229	72
0.079563155665063	0.12249380682794	72
0.020514652708646	0.336189526864507	88
0.074197576810505	0.341848626463178	88
-0.106182434761098	0.244816776765651	88
0.029228480402067	0.374067793819905	172
0.019986614211279	0.206780171941134	715
0.117783308895842	0.289321121674038	14
0.096031458996521	0.18911985125751	14
-0.021009207139927	0.415678686190928	14
-0.023983729081781	0.418416518018727	14
-0.101347289716107	0.24016620508867	14
0.090918013244833	0.122428835263424	14
0.085980376425502	0.12580488589805	14
0.093292111011753	0.121566231332134	163
-0.021442300649317	1.97806559476604	196
-0.014064227692504	1.3906439399909	196
0.037353133627573	1.07472677415892	196
0.093821490832827	0.964540293610501	196
-0.034025712341936	1.39369567004129	196
0.0000598635185850016	1.00133593265596	196
0.056576825796205	0.804822627897579	31
0.106726102406127	0.881877338038571	31
-0.022962191813499	1.14017018041746	31
0.00822623690039998	1.0343302054543	31
0.085469625656933	0.467113001249309	31
0.036458446246957	0.83492890850268	31
0.078127035556315	0.900786094229883	31
-0.0589472643804	0.855139085755356	31
0.071549495127123	0.645851773158952	31
-0.049807439425843	0.790358271986833	31
0.00610326199509298	0.78104594663901	170
-0.038050854154822	0.724668614858033	170
0.012907436175995	0.775286899507613	170
-0.0880488217926521	0.727616517322322	212
0.092947541434841	0.429848931325519	212
-0.011009933631517	0.768659021845298	212
0.063328348491823	0.595221412258182	212
0.063394209878129	0.444670676218539	212
0.092881585982335	0.484665071173976	212
0.000618838317588022	0.581862523286132	212
-0.028500795046461	0.809294200122236	26
-0.039271482933038	0.593964039272053	26
-0.113088671833564	0.821399773630598	26
-0.033485494719964	0.829925008489569	13
0.118207096764315	0.543097563042692	13
0.068011403446114	0.45587050438924	13
-0.010084842388044	0.878290832370887	13
-0.006364613719545	0.554741366738166	26
0.040958954347552	0.437399993523745	13
-0.00481171634936795	0.507559864088138	13
-0.088477239854594	0.452911242062599	13
0.121816083954488	0.311424971647924	11
-0.117634264498251	0.741300929541499	635
0.076674638531758	0.351973662438602	11
0.012599962867518	0.467839517510734	235
-0.095156240715468	0.671063555081344	235
-0.094830331252999	0.228480956900345	11
0.037991294487172	0.362183409602008	235
-0.106918570614791	0.602705218042244	11
-0.075657652527701	0.312420285575349	11
-0.104248366603648	0.247280677660954	235
0.01430954343934	0.332972474486367	235
0.080972327374963	0.302287391827771	235
-0.024068638813605	0.417770406467335	628
-0.115993201025748	0.242202223539703	11
0.015880671876097	0.212738774248593	11
-0.103390579376405	0.240448226622308	36
-0.111004560375104	0.24928574573673	36
-0.10433736284281	0.24624931470742	36
-0.047428498813138	0.372930533338942	36
0.072448125385221	0.313382409520587	36
-0.105789348353789	0.245350537511065	270
0.095534745745171	0.121110502077163	36
0.08525651924473	0.123952726570493	198
0.101388053829122	0.191982306184131	72
0.08525651924473	0.123952726570493	72
-0.105107464173874	0.248281748462392	72
0.092128771294459	0.120108530289818	72
-0.101347289716107	0.24016620508867	72
-0.107509736778628	0.241085749115833	72
0.023306708620747	0.203929023306726	72
0.092128771294459	0.120108530289818	88
0.091412740929408	0.122778214287602	88
0.015289212211567	0.208958217820589	88
-0.099666572283815	0.241890510685238	88
0.091412740929408	0.122778214287602	14
0.094814992493986	0.121133837036836	14
0.091635389749592	0.125062886124958	14
0.086703917166644	0.123702559230249	14
0.092574318126688	0.121589010675069	108
-0.015309472386455	1.36929386273639	196
-0.018192949371534	1.01427448416684	196
-0.022440931075564	1.26624658613638	196
-0.053992662714023	1.89859306710268	196
-0.036832365221348	1.80954523366117	196
0.063525254456675	0.865097801041082	196
0.087110011364202	0.720202889165488	196
0.089718859232155	0.698958823449871	196
0.1035747443824	0.589314126907789	31
0.11203000718878	0.661395409669864	31
0.049584690899526	0.525605439919125	31
0.09557033316858	0.454557255998802	31
0.01234267417753	0.570212885164658	31
-0.123969740721599	0.973380697507313	31
-0.0250507506319509	0.590503952579399	31
0.057892397269737	0.907185805734026	31
0.033783348058251	0.59374082582347	31
0.062275453557761	0.445201403391924	170
0.046548860478224	0.438637593929774	170
-0.106354537997282	0.604242495383835	170
-0.048637526334337	0.701469901060848	170
0.037314198183637	0.819594612404586	212
0.03373441241351	0.890756422122281	212
0.079227047867312	0.447106165299457	13
0.117712229774892	0.401778042808689	13
0.056111075901833	0.679316220197662	13
-0.123263042194482	0.647182873289453	13
-0.038062690854569	0.516272018988908	26
-0.088761683123296	0.543611574774904	13
-0.010340725514525	0.5187265436863	13
0.030188234898543	0.382579358553711	13
0.080385407453206	0.379846177775077	13
0.089916677904389	0.181955785584789	13
-0.112657150000852	0.514381084154029	13
-0.012242381201214	0.549971066508072	13
-0.017192435718407	0.669569985920067	13
-0.0928587392483779	0.463345173503057	635
-0.0897314010390971	0.622255382987539	635
-0.085118526128052	0.311416934482504	11
0.120118671311317	0.272913081864608	235
-0.083963890760114	0.437429863214642	235
0.065919866965778	0.38809839205173	235
0.074036712778676	0.381159831325514	11
-0.08411384018045	0.557586160623356	11
0.082149982036295	0.256266639058959	11
-0.050998365564616	0.384206007078694	11
-0.079279129366331	0.316310241331307	11
0.01941382616901	0.195050694784255	628
-0.053463246971757	0.384383647268388	11
0.071133768917591	0.263472896549771	11
-0.087638999954741	0.440006378619596	11
0.076705556164153	0.254300142581803	11
0.107169364502297	0.188643387252491	11
0.00821759486991702	0.205208028623976	36
0.026628601841987	0.317356647739707	36
0.077414960545972	0.256901948538145	36
0.092128771294459	0.120108530289818	270
0.106709192288932	0.188476940860255	36
0.019046335475057	0.211616204335199	198
0.092352455723547	0.125048986852886	72
0.00823445515985	0.288952266348664	72
0.00330912836641301	0.290533299731943	72
0.08504567389839	0.123556715541549	72
-0.078062831715876	0.297869804716967	72
0.090918013244833	0.122428835263424	72
-0.0821232828678931	0.311021446905296	88
-0.109326587594943	0.247010331489444	88
-0.10433736284281	0.24624931470742	88
0.092574318126688	0.121589010675069	14
-0.105107464173874	0.248281748462392	14
0.086703917166644	0.123702559230249	14
0.101507419419062	0.18559549296299	14
-0.046238027394355	2.05442195621097	196
0.091575023359827	1.2759023480423	196
-0.025223431364138	1.39828949501552	196
-0.112967090530765	1.76445659924031	196
0.109343520224192	0.950060488554836	196
0.028622338205109	1.0661920776081	196
-0.072388753862486	1.57963623581943	196
0.029524812254339	1.04137565914722	196
0.10765899079327	0.737508678398453	196
0.029062260441584	0.555230489045876	31
-0.047280752796412	0.951841533341914	31
-0.039227495558635	0.932493196018239	31
0.030223880688847	0.796484272938605	31
-0.102057954415115	0.798023296999395	31
-0.084766499990226	0.298325906170909	31
0.044429659875274	0.612748453160004	31
-0.083259075020776	0.437725505252506	31
0.105977913154316	0.469679842104183	212
0.033968630471756	0.751486206340361	212
0.03811909644656	0.763968457656425	212
0.013447744883656	0.607238523201935	170
0.113960696718396	0.467195595743335	170
-0.102051323964119	1.06749007399329	170
-0.086784026020625	0.828013434754864	170
0.075885469360127	0.638468802288794	170
0.061305201216316	0.49243849959295	212
-0.071663463024002	0.77106723414386	212
0.060493940521745	0.459310125603103	212
0.037673693758792	0.544833368760667	212
-0.020961948948063	0.66085804227031	212
-0.038712122262223	0.666690718735091	212
-0.0107117450401401	0.558496820271835	212
0.067187073552459	0.522127584125047	212
0.053130305273018	0.516859667951769	26
0.096295266826887	0.534554181987301	26
-0.124596410927387	0.829835474484672	26
0.038283275068539	0.564710462525269	13
0.123842004358361	0.466601520887881	13
-0.1147349441225	0.797509036544849	13
-0.122959196207154	0.800313696845329	13
0.036820774100957	0.55006995520385	26
-0.022178675629339	0.608378868623191	13
-0.078057182109048	0.542748840127684	13
0.03168554747317	0.474723323263388	13
0.084050072280303	0.440843922888083	13
-0.0184211475438461	0.536348499267541	13
0.02904696464758	0.408647625893851	635
0.080258120905381	0.258473061109026	635
-0.086069598852287	0.549794253343637	635
0.034903742561728	0.411889357907344	635
-0.00127263126826604	0.545913363768138	635
0.014723620368612	0.468540936139619	11
0.07131240535583	0.261656424819575	235
-0.101978735090025	0.241994454171677	59
0.091412740929408	0.122778214287602	11
0.018067333032762	0.214500333823115	235
-0.055363540409083	0.475906103960096	235
0.107328079325916	0.188985628995604	11
0.016617694635764	0.208095072185623	11
0.00644318698680602	0.341731032450373	11
-0.111911286966867	0.243952463278285	11
0.092352455723547	0.125048986852886	36
0.083862488008448	0.252697283918859	36
-0.050329265637171	0.366161806160848	36
0.110729714650112	0.185704998601924	198
0.08576848041998	0.121559855808552	72
0.091635389749592	0.125062886124958	300
-0.121003260161863	0.230975716029094	72
0.100175145150067	0.187785994103487	72
-0.080035842955686	0.318133820149999	72
-0.105789348353789	0.245350537511065	72
-0.111911286966867	0.243952463278285	72
0.092352455723547	0.125048986852886	715
0.092352455723547	0.125048986852886	14
0.09331569057125	1.1047119930017	196
-0.020590002482206	1.55845305350656	196
-0.034387398958158	0.503642517241988	196
-0.123639204735428	1.42465751585837	31
0.018935962546413	1.08707937755015	31
-0.119897394826026	1.43633571884648	31
-0.106738597158114	0.242917777601873	31
0.113902015778796	0.38605047020025	31
0.035403326438798	0.918106850978418	31
-0.085023729067205	1.36344496270291	31
0.08235877088095	0.781432309281517	170
0.063649423101947	0.804261313425697	170
0.051934779075675	0.414649624955882	212
0.110295830869482	0.611422724767088	212
0.056015721120741	0.695103989742213	26
-0.097149432951714	0.947803007748701	26
-0.049003774728021	0.688880432096899	26
-0.0274561499450851	0.748927951174208	26
-0.02428395157398	0.810278919628849	26
-0.030070626620005	0.53363199522531	13
0.0784223271513	0.302875410347764	13
-0.026038520375638	0.940682259769634	13
0.108617572320753	0.5399872471615	13
-0.059820182239242	0.806119079813866	13
0.119968223483507	0.377180640077558	13
-0.023296573283874	0.668601630579413	13
-0.013824522748739	0.531814800752736	13
-0.095228932948258	0.691000880932561	235
-0.00754176258917105	0.503468984391394	235
0.121513073551794	0.316015220895398	235
0.022271214423624	0.211198824414354	11
0.107169364502297	0.188643387252491	11
0.013521801337319	0.216603883174242	11
0.096031458996521	0.18911985125751	11
0.063709041111543	0.450385613645577	235
0.018697472210936	0.33773213674539	11
-0.105877973349914	0.248295887545134	36
0.014364758288359	0.281201579281285	36
-0.054406808357045	0.381202118399102	36
0.086915005473034	0.122358046121638	72
0.015318592008746	0.282314087532826	72
0.012638026835926	0.216209387057835	72
0.105682168044272	0.18994603125229	88
0.092352455723547	0.125048986852886	14
0.093292111011753	0.121566231332134	14
-0.101068498338433	0.237121589947158	182
-0.105107464173874	0.248281748462392	14
0.116737034680918	0.884449143905467	196
-0.01376355663636	1.48317843529918	196
-0.095311155072983	1.52855481171833	31
-0.0480087974061471	1.29283630522178	31
0.021534990799039	0.209300128992842	31
-0.056176066037238	0.862222886462049	212
0.120698626405379	0.687824456569545	212
-0.045683057386637	0.888045632231876	170
-0.033709398513205	0.967885206203085	170
0.073483082759396	0.656931502801899	170
0.080643033560114	0.704404592951337	26
0.111344744630921	0.632151505060431	26
-0.093948414108524	0.465534984743544	13
-0.122692915347032	0.795836774563381	13
0.088526304637964	0.464625475937728	13
0.041716979546592	0.595084586868321	13
0.058897313776876	0.569089242356325	635
-0.0814263501250631	0.440035876499706	635
-0.032896920345648	0.573713035454474	235
0.011754208125398	0.211818482508777	59
0.016026826790421	0.208830410875827	59
0.106584051344668	0.189155446218329	11
-0.094802729985757	0.457775621254782	235
0.035493262861582	0.502736053614756	235
0.076580500549294	0.266973487198937	11
-0.0567739327578241	0.354165494540893	11
0.091635389749592	0.125062886124958	248
0.078239634125911	0.255850191734347	36
-0.055491159776917	0.382261865890924	36
0.099428088726967	0.188492725809285	198
-0.0577777228618051	0.382438141003883	72
0.091412740929408	0.122778214287602	72
0.107328079325916	0.188985628995604	300
0.092352455723547	0.125048986852886	72
-0.105411619598746	0.243584912065417	72
0.017330832173286	0.213970944144032	72
0.014259693803074	0.216485010321711	88
0.091635389749592	0.125062886124958	88
0.093069211440958	0.12223423135792	14
0.050545407014397	0.88666683453492	196
0.01522951879196	0.710185344876746	196
0.076863409478329	0.438625751169689	31
-0.012100310304202	0.82188520000927	31
0.065070732981131	0.765328447622434	170
-0.00215691151228603	0.431312734822066	170
-0.03575965551244	0.584172944271538	170
0.04769690985592	0.405912209443736	170
-0.049451211535869	0.911552305154805	212
0.108230015985398	0.539172020544677	26
0.123043597639367	0.483751471046617	212
-0.041262986654892	0.807839381582359	26
-0.01268032038488	0.795310304023225	26
0.00503430693138301	0.684357397503992	13
0.027004389374289	0.710485370255143	13
0.054752463534046	0.763791395334539	13
-0.07065684379083	0.832905815803419	13
0.090712609541334	0.632191700427346	26
0.121069670156625	0.450389498132166	13
0.079322728091981	0.472059776905788	13
-0.040245398274805	0.69721867069867	13
0.015344463228045	0.469070089642576	13
0.040402691340546	0.41116073313239	13
0.047065772715813	0.471164488928847	635
0.115833095924603	0.376223173062888	635
-0.100512848591347	0.457965304566216	635
-0.102378882819006	0.607825160511592	635
-0.056039836167459	0.644132113258177	11
-0.080792913694345	0.318215930880315	59
0.00732174324853302	0.32665349521416	59
0.072542108237876	0.302245616739148	11
0.107914783861193	0.323957185633616	11
0.080293572123464	0.122271201011872	11
-0.101207596303476	0.243882027133499	36
-0.105107464173874	0.248281748462392	36
0.025719929535369	0.368500004330838	270
0.103292857104633	0.186495927543343	36
0.00518566370068702	0.288248610893715	36
0.092128771294459	0.120108530289818	300
-0.072579893962794	0.790690160299506	31
0.092456635001607	0.471542119490933	31
-0.010894973212663	0.647404896607769	31
0.062763845606251	0.893526262195181	31
0.02843706628223	0.913083788311225	31
0.123852693062568	0.690099921074324	31
0.090053850255133	0.866913126130443	31
-0.080257790052094	1.19299352512553	31
-0.078967720952501	0.309148146425508	31
-0.119435945510979	0.911782394897242	170
0.061588508046224	0.622439784385458	212
-0.026341039446077	0.660198026563369	212
-0.033326143481981	0.50866054744614	26
-0.047509584030726	0.748439503356354	26
0.085299296080892	0.342013190937335	26
-0.037821254238096	0.498522638302412	26
0.079034959792058	0.302874564806995	13
0.120018039699463	0.559811867302033	13
0.118259187427219	0.553978543205731	26
0.111492662763617	0.563685456346834	26
0.04387573916992	0.543764109088054	13
0.090583675987864	0.532694225031433	13
-0.050342451764633	0.544900758142051	11
0.109298025434483	0.420091282229121	635
0.043024145121822	0.405616545316777	235
0.075101367322464	0.315590320766576	11
-0.074905002097356	0.311621120813916	11
-0.10631665166937	0.239958037876724	59
0.102136233333622	0.192370991419772	59
-0.089282689374262	0.297190617346745	59
0.112220426381262	0.186296723764712	59
0.108230862746882	0.186666235281736	11
-0.100613839436598	0.45429104715848	230
0.123583274316275	0.235838276234781	230
0.079563155665063	0.12249380682794	11
-0.103390579376405	0.240448226622308	222
-0.105877973349914	0.248295887545134	36
0.00935212116440698	0.274092949878302	36
0.00391340945826502	0.287237496029819	36
0.022271214423624	0.211198824414354	36
0.086703917166644	0.123702559230249	36
0.101388053829122	0.191982306184131	36
0.017571936107181	0.213459013662829	133
-0.111004560375104	0.24928574573673	133
0.014259693803074	0.216485010321711	300
0.021458427879438	0.206546786354545	88
0.020424131595298	0.211942207610384	30
0.093292111011753	0.121566231332134	88
0.090696400979851	0.122798470587256	14
0.094814992493986	0.121133837036836	14
-0.094917084791723	0.754242580947182	31
-0.031029658789701	1.10302952211027	31
0.091140410585721	0.618298692033145	31
0.015230789740854	0.923703613276328	31
0.042208715135027	0.880163622972104	31
-0.07371843347618	0.302926396833499	31
0.070675171056584	0.344198221675665	31
0.080959444785711	0.259053132089366	31
-0.112712484620657	0.970759478661797	212
0.073132378714952	0.650770696640217	170
0.117100214640109	0.59180214346628	170
-0.079541483200209	0.837952594830146	170
-0.076492918514007	0.52844794828681	170
0.051836287261976	0.387679959689308	212
-0.016822119176045	0.754397919957157	212
-0.0692306840714511	0.990161699533281	212
-0.013273888331651	0.4443636288295	26
0.043626558586271	0.589621132332808	26
0.09918265288445	0.646428328781888	26
-0.035001381060739	0.412706265694597	13
0.075569938149011	0.521732874488938	13
-0.039987181512761	0.652959990067321	13
0.029027476397907	0.690497371773242	13
-0.040665965940468	0.760774059708105	13
-0.00218329308212395	0.734224833987393	13
-0.02355196040416	0.781921475282523	13
0.118207796977842	0.36697815891897	13
0.072671798515988	0.384926914934746	13
0.00174707920240702	0.535325361830656	235
-0.106353759755153	0.225522034108792	11
0.00390941935538203	0.271776143694207	11
0.08504567389839	0.123556715541549	59
0.109342181979967	0.182407948893825	59
0.071383598882701	0.263602867157103	59
0.102136233333622	0.192370991419772	59
0.090918013244833	0.122428835263424	11
-0.093449707946819	0.44288771463113	230
0.086703917166644	0.123702559230249	11
0.097196939184952	0.118153833341878	222
0.080293572123464	0.122271201011872	222
0.013521801337319	0.216603883174242	36
0.092352455723547	0.125048986852886	36
0.00918506121783003	0.280308259513789	36
0.09647676885893	0.120758066909653	72
0.092128771294459	0.120108530289818	133
-0.105107464173874	0.248281748462392	72
0.101232874844203	0.193169112263054	72
0.112805868216994	0.184587715247706	72
0.018364803223124	0.210445144282834	72
0.00719290481899498	0.210280309226661	88
0.085980376425502	0.12580488589805	88
0.095534745745171	0.121110502077163	95
0.017182131154813	0.210120401667664	88
0.017182131154813	0.210120401667664	14
-0.105967865973031	0.242891785761604	14
0.08504567389839	0.123556715541549	14
-0.106648890775968	0.246331229661046	123
0.095534745745171	0.121110502077163	123
0.091856214036307	0.11915653709017	176
0.00625418879544198	1.08477236935916	196
0.034332122915184	1.00733813351852	31
-0.041021701056425	0.94688545173908	31
0.073686232326782	0.903512880209082	31
0.10993921012774	0.863618228719813	31
0.017604654277833	1.0828509320814	31
-0.0507813503397631	0.673964484663559	31
0.0120449179133	0.210710909188342	31
0.076748299943879	0.606342331390714	31
0.085974158369157	0.46661144755802	31
-0.021382894299359	0.515915492018033	31
0.055319096805047	0.580177035003729	31
-0.079167230967459	0.635250813580096	31
-0.064890359466695	0.762242588115272	31
0.00916605422685501	0.904223482388631	212
-0.089434981338847	0.828902651106117	212
0.081225088050988	0.344029547309672	212
0.102489139435782	0.515196756875296	212
-0.043518733613354	0.88522628165315	212
0.107007574994729	0.476887039426281	212
-0.066673782625143	1.05633636454896	26
0.078229055214808	0.632579682408235	26
-0.000577033724364018	0.65187512376458	13
0.093593392321538	0.43924812785625	11
-0.07643676004337	0.808323320757811	235
0.112136269653922	0.463376776593213	235
-0.117973939736011	0.517926956227524	11
0.112160640239333	0.174860853405335	11
-0.052594365806335	0.47763694059777	11
-0.050814702793304	0.382135871375684	11
0.087633063065011	0.375395125466653	11
-0.022641086897384	0.419131967417414	11
0.092352455723547	0.125048986852886	36
0.093069211440958	0.12223423135792	36
0.035615680912607	0.368691804740553	36
0.071250736996262	0.312794434806021	36
0.031130753220297	0.380911653379722	36
-0.0504665613380481	0.364502392280255	133
-0.10433736284281	0.24624931470742	72
0.082736294901909	0.257860424104854	72
0.089979751172428	0.12031277846722	30
0.092352455723547	0.125048986852886	30
0.090918013244833	0.122428835263424	14
0.090696400979851	0.122798470587256	14
0.092574318126688	0.121589010675069	14
0.09647676885893	0.120758066909653	176
0.08576848041998	0.121559855808552	53
0.071520634364423	1.49880533436856	196
0.068491725496821	1.1813699224222	196
0.010693681205947	1.45118451967016	196
-0.083003394513265	0.962945285394258	31
0.00395400116784	0.599088818508196	31
0.015419151597898	1.01719730080067	31
0.116356975853821	0.619946570041195	31
0.073908842982614	0.531517346553182	212
-0.01562236784506	0.599491690989235	170
-0.033640795802013	0.416937463906967	170
0.079197193067435	0.620172616594145	13
0.111579086875105	0.57382661480674	26
0.035861198891459	0.685909410715417	13
0.055821571334132	0.499764437286684	13
-0.071067087226569	0.686704832458551	13
-0.049388130163597	0.452345112107563	635
-0.0151444346281659	0.634353940909258	11
-0.022641086897384	0.419131967417414	59
-0.071773597355512	0.312488527181359	59
0.083430414417787	0.339969994849786	59
0.027367823406769	0.196339604532593	11
0.013998529300908	0.506012675225926	11
0.071902706706725	0.264439991618527	230
-0.072588438923239	0.599688496498328	230
0.022311928281067	0.33835375686437	230
-0.075657652527701	0.312420285575349	11
0.0162247320723	0.330253280375052	11
0.09647676885893	0.120758066909653	36
0.095541018257901	0.181402433073265	36
0.071910845095104	0.318694523383175	133
0.00806884069145503	0.292166680448418	133
-0.0765603154365621	0.313562152213764	133
0.094094926298728	0.118706078687127	72
0.091412740929408	0.122778214287602	30
0.091635389749592	0.125062886124958	30
-0.101207596303476	0.243882027133499	30
0.108071760477326	0.18785847840567	88
0.09647676885893	0.120758066909653	14
-0.110098840791516	0.248270143505648	14
0.090918013244833	0.122428835263424	123
0.060720219243935	2.07194522460816	196
-0.02849180967016	2.37831034644488	196
-0.032499785516	1.98863878294337	196
-0.041721792170713	1.85760208431816	196
-0.068634574276176	1.43498466118352	31
-0.038462916934966	1.32627816530126	31
-0.076486196436228	0.603087801735578	31
0.037432254232176	0.633240302460344	31
0.07903828363021	0.670921925285962	31
0.111368759021466	0.571302197803324	31
0.063066688804636	0.885896716283093	31
0.076558872328055	0.778231439856627	31
0.061912284620679	0.452483595767053	31
0.106131142343064	0.327714222887002	31
-0.043070835732306	0.826229128631793	31
-0.034560212846101	1.19521188335967	212
0.05435838045107	0.81548690668874	212
-0.028988085525252	1.15124969409273	170
0.054150466477326	0.905442744944028	170
-0.084559739734602	1.12427604102386	170
-0.124680332271206	0.672344690262489	212
-0.030045789287666	0.636910764757457	212
-0.099071960438743	0.686545447835039	26
-0.05282922157948	0.483694540096861	13
0.059137153936674	0.574431880803161	26
0.000537795015807974	0.688366066201216	13
0.071195700006121	0.538383701155642	13
0.080248042536105	0.304469957240114	13
-0.102356542097873	0.695859611611248	13
0.074495046171933	0.577570547460001	13
-0.08808247414088	0.652429759938327	13
0.117252184935408	0.418046431998939	11
0.035002631776689	0.544686433956928	11
-0.105105665233161	0.722872325126265	11
-0.072634804738289	0.696647670988496	11
-0.117314665149626	0.8472011133103	11
0.092574318126688	0.121589010675069	11
0.045522953627713	0.399630215360825	230
0.014733889541754	0.323546022083386	230
0.012387700605003	0.462649274271454	230
0.103714602422789	0.189200632320942	230
0.08576848041998	0.121559855808552	230
0.029270131217278	0.192608708646956	36
0.09647676885893	0.120758066909653	36
-0.0595441283463291	0.372935435739693	36
0.075826872388022	0.316002398363046	36
0.015880671876097	0.212738774248593	36
0.00673309483225198	0.284065972747166	133
-0.049949351086543	0.371885057879761	133
-0.111911286966867	0.243952463278285	99
-0.075357112832879	0.316514678952105	99
0.012510032169014	0.27612340114408	99
0.08504567389839	0.123556715541549	310
0.093292111011753	0.121566231332134	133
-0.106953668180011	0.243708788176915	30
-0.10433736284281	0.24624931470742	88
0.092352455723547	0.125048986852886	88
0.092352455723547	0.125048986852886	123
0.090918013244833	0.122428835263424	14
0.094164438633744	1.67211103864655	196
-0.020920714861498	2.03943258011564	196
-0.00715695564544505	0.881592835033823	31
0.119914623773216	0.87110007341869	31
-0.083884047364146	1.12718242453719	31
-0.020333230791835	1.01810492478193	31
-0.012402236476325	0.817612587221112	31
0.041910946616241	0.978463965586264	170
-0.00646372477688595	0.952361916309837	170
0.105605692334377	0.640190441997439	212
0.056759963730031	0.558177523287813	26
-0.080035575260495	1.12916511970216	26
-0.061493668869434	0.884744585094613	26
-0.00506105604649998	0.8360738499546	26
-0.116501952414454	1.14501033058239	26
0.016801618537991	0.878171164441348	26
0.048733063212615	0.637614187200541	26
0.071232971369492	0.592503367832245	13
0.070493571248509	0.691827013225975	13
-0.033249350843417	0.571887875662025	13
-0.050140372201455	0.834835794596346	13
0.084731157384482	0.461219150619575	13
0.053245784577074	0.529478218988899	13
-0.115107355655292	0.724306500588482	11
0.023892679682228	0.210973237230806	11
-0.080035842955686	0.318133820149999	11
0.080293572123464	0.122271201011872	11
-0.106648890775968	0.246331229661046	406
0.090918013244833	0.122428835263424	11
-0.080792913694345	0.318215930880315	230
-0.030436610282887	0.503808131582732	230
-0.092598555997556	0.450020744622995	230
0.014549673776968	0.283660629070706	11
0.090918013244833	0.122428835263424	36
-0.111138202722565	0.24274818901528	36
-0.047821912074277	0.360714102666454	36
-0.116766388805438	0.242301528417838	36
0.092574318126688	0.121589010675069	99
0.093292111011753	0.121566231332134	175
0.092352455723547	0.125048986852886	72
0.093292111011753	0.121566231332134	72
0.091412740929408	0.122778214287602	72
-0.085275712502405	0.311471430195799	72
-0.087110148771325	0.303256617628536	72
0.081970292337331	0.258549733090362	88
0.086915005473034	0.122358046121638	30
-0.019609356212444	1.91049985299343	196
0.118062816395785	1.27660135165648	196
0.00671577632378401	0.603939178313245	31
-0.0194102718728389	0.601007482240149	31
0.108107303334898	0.678558046377964	31
-0.075463287997024	0.291619661202838	31
0.090077581964278	0.513906132371091	212
-0.020199835963256	0.397544656917861	212
0.086862822884626	0.551805014761562	26
0.014959935598188	0.348857985813882	26
-0.105466805003822	1.05712590650418	26
0.120166412531024	0.56969412463123	26
0.050672770309296	0.594718105077363	26
0.000237365175285997	0.710677862453936	26
0.031654752060425	0.630639474051246	13
0.076674638531758	0.351973662438602	13
0.104340786049033	0.552094996810929	13
0.017108052123908	0.501835256870293	13
0.091751295848181	0.390727058239225	11
0.112725796106425	0.41460652011465	11
0.076856754889099	0.554366245815167	11
-0.039065310711607	0.715942333383061	11
-0.060803062619669	0.484479192113446	11
0.1194390190948	0.169103005037139	11
0.080258120905381	0.258473061109026	59
0.00408111703074998	0.291093496924856	59
0.019340254254441	0.207900636008814	11
0.091412740929408	0.122778214287602	11
-0.072676672760035	0.311832330079292	406
-0.10433736284281	0.24624931470742	406
-0.019827089129891	0.41503272122512	11
-0.112788669978642	0.526504365409342	230
0.049722812633382	0.435220417497046	230
0.121646066132803	0.321587164773479	230
0.020424131595298	0.211942207610384	230
-0.060571952358535	0.490978059839393	230
0.116205558302703	0.178740309156229	230
0.092352455723547	0.125048986852886	11
-0.043958625629889	0.36071353626613	36
-0.105877973349914	0.248295887545134	36
0.092574318126688	0.121589010675069	36
-0.077986574043037	0.539426253979096	36
0.072876451467219	0.318115479268725	36
0.120005281664367	0.288761707327646	36
0.012581806554659	0.34534476376725	36
0.094814992493986	0.121133837036836	133
0.090696400979851	0.122798470587256	99
-0.087872585244581	0.447532198087891	99
0.013667410716436	0.213120811909776	72
0.011741209198323	0.277396730797111	72
0.106425939567637	0.18977696608378	300
0.009210490186008	0.277580226054553	300
-0.105877973349914	0.248295887545134	30
0.091856214036307	0.11915653709017	30
-0.076273729758597	0.315830377463955	30
0.092352455723547	0.125048986852886	88
0.09967930004399	0.115243865801675	88
0.093069211440958	0.12223423135792	88
-0.110098840791516	0.248270143505648	14
0.091635389749592	0.125062886124958	27
0.097196939184952	0.118153833341878	123
0.037592616577786	1.70994124556176	196
0.070614444342774	0.7496550222252	31
-0.055228615770297	1.41644510263828	31
-0.0639078016903451	0.803003122963843	31
0.032551958516073	0.480768715453548	212
0.097772345293309	0.736689490177834	212
0.103573201338265	0.740908320620091	212
0.057693681648362	0.746156941948121	170
0.087427697386982	0.807690512191664	170
0.065764419811357	0.350067967904432	212
-0.087371846742616	0.450784200090461	212
0.122505843345356	0.40046304935153	212
0.025234456802291	0.707962115409115	212
-0.01262854145079	0.963710508815165	26
0.062458119868019	0.606971667983908	26
0.044090426697983	0.734611129207669	26
-0.041079380210525	0.787674971865489	26
0.08782875310657	0.604966091441041	26
-0.048437119681242	0.900141237415189	26
0.011246306866246	0.865166666663192	26
0.117420585895708	0.607265236205525	26
-0.019617461483984	0.708380254948075	13
-0.0979786501894651	0.450624803866617	13
0.100234083975659	0.601771135060691	13
-0.085656863609102	0.807025173270914	13
0.035701499181894	0.401745582158166	13
0.097060856871712	0.47337642084755	11
-0.044823767765513	0.6707424020201	11
0.027504934563548	0.547531042435283	11
0.017799740034124	0.609338029516617	11
-0.034207151440758	0.50865196037712	11
-0.04630334632195	0.364561626973627	11
-0.099666572283815	0.241890510685238	11
0.014405530255508	0.21458474823811	406
0.021308981043704	0.209978053197288	406
-0.074905002097356	0.311621120813916	230
0.072923588766014	0.265934239814567	230
0.013613186713551	0.284767697146009	11
0.091856214036307	0.11915653709017	294
-0.106182434761098	0.244816776765651	36
0.107770059825709	0.188996107074705	36
0.10908124372543	0.185470428653801	36
-0.060490922748461	0.376634785898308	36
-0.088672913199546	0.29816112840403	36
0.017918404578694	0.209407313181631	36
0.019688496008342	0.214140651371127	214
0.091856214036307	0.11915653709017	72
0.10304023603209	0.190005426178932	72
0.105628083967746	0.179200561492136	72
0.018216132862307	0.214354093334262	30
0.091635389749592	0.125062886124958	30
0.094814992493986	0.121133837036836	88
0.091635389749592	0.125062886124958	14
0.093292111011753	0.121566231332134	14
-0.109326587594943	0.247010331489444	27
0.092352455723547	0.125048986852886	14
0.022799415412132	1.98548005955777	196
0.011250799300235	1.05656735786155	31
0.046064282300924	0.939171811824966	31
-0.000628597073211945	1.16028300882029	31
0.121450216302106	0.571337667029199	31
-0.040248766451788	1.03911122479295	212
0.00582428371425198	0.883776557755439	212
-0.076348761413447	1.03273276111738	212
0.112485960914662	0.611731540195669	212
0.116524861692651	0.314869161353964	170
0.05090483993568	0.613752799268747	212
-0.00028512326345298	0.643466548787421	212
0.091156204285802	0.610774986924725	212
0.025825475420744	0.734210745733236	212
0.038645663937818	0.622827991180717	26
0.085318198336817	0.667981022414519	26
0.082518624549051	0.382653361157364	26
0.081007442221784	0.346190671820986	26
-0.046200738049052	0.867844162907713	26
-0.108761411260868	0.798352562582402	26
0.096988439946728	0.509420142509082	13
-0.00903667395144803	0.439283107330725	13
0.00995466169522602	0.28131798928056	59
-0.111004560375104	0.24928574573673	59
-0.10919413321852	0.241459388014984	120
0.018602648316463	0.343229543647969	230
-0.086669798803944	0.536039521471112	230
0.072103652453253	0.350893197062751	230
-0.052519407305436	0.384307883680091	230
-0.101207596303476	0.243882027133499	36
0.090696400979851	0.122798470587256	36
0.00955449832382399	0.210328433328119	36
-0.022322916132213	0.416990765357269	99
0.091635389749592	0.125062886124958	175
0.011499576518504	0.337166851646006	72
0.018309318429414	0.213337263587165	72
-0.072676672760035	0.311832330079292	72
0.092574318126688	0.121589010675069	30
0.08525651924473	0.123952726570493	88
-0.085919298274744	2.2832556330748	196
-0.029542371992091	2.35353080903909	196
0.010134455658294	2.4002127856223	196
-0.0794834021267951	0.806043628655767	31
-0.083359167359883	1.64002272273994	31
-0.039142898572016	0.895179317460869	31
0.07718095208177	0.500357923297116	31
0.085274369840588	0.404212818276298	31
0.108384175963845	0.661651671167246	31
-0.063481740427259	0.366292495348757	31
-0.114794465009853	0.854872313100677	212
0.103997111303668	0.623592818673871	170
0.102722551972111	0.719540398869143	170
0.06908988884238	0.509829755633875	212
0.074079254013851	0.497968785487228	212
0.111700867847855	0.56553415069004	26
-0.00996888205741298	0.556843860954277	26
0.09857557340952	0.612880625576542	26
-0.100473000335063	0.613449764933703	26
0.019882745286481	0.83231129826793	26
0.076748200927294	0.654141503249302	26
0.11406906138333	0.535455227297958	26
0.123273032828862	0.482153104943798	26
0.055635095052962	0.692194534154694	13
0.01787053272125	0.500458318544453	13
0.047646689285914	0.472655724934328	13
0.036044179894978	0.57805736587208	13
-0.023121464999639	0.412429814623977	13
0.065921464234173	0.551598880949527	11
0.07896429664036	0.30798115846333	120
-0.111004560375104	0.24928574573673	120
-0.105877973349914	0.248295887545134	120
0.0814457069305	0.300856281905017	230
0.00346804874546403	0.282985549340361	11
-0.015187152067588	0.397968665875548	93
0.074197576810505	0.341848626463178	36
-0.057635434839046	0.466198879997911	36
0.111317061915866	0.187990352619235	36
-0.052376796615313	0.36505488746108	99
-0.046416404177044	0.354399441914099	99
0.093069211440958	0.12223423135792	133
-0.111004560375104	0.24928574573673	30
0.095534745745171	0.121110502077163	88
0.092352455723547	0.125048986852886	88
0.091635389749592	0.125062886124958	88
0.021534990799039	0.209300128992842	88
0.09647676885893	0.120758066909653	14
0.093069211440958	0.12223423135792	14
0.094814992493986	0.121133837036836	123
-0.115675903957639	1.73796892884429	31
-0.0875769007338451	0.819013698342915	31
0.087348336216571	0.641468348175997	31
0.101220929465001	0.77955316823798	31
0.033486828498043	0.547114695186282	31
0.074237854208127	0.468898291688269	31
-0.082887483685275	1.11625454732252	31
0.00273080017643401	0.960484816194241	212
0.051178021098163	0.844592220361265	170
-0.105028189105009	0.958356795902487	212
0.079099563020204	0.386929408941901	212
0.119473101175308	0.349480321931948	212
0.015798845341011	0.553412209509588	212
0.091684879586427	0.605907810943885	212
0.058343228439751	0.573326409122696	26
-0.057844900963014	0.486859257399159	26
-0.00697937177375096	0.900630374408202	26
0.068830793941161	0.833120029392853	26
0.081128840967091	0.309201008791438	26
0.042928864831205	0.605157668855765	26
-0.033154507640337	0.910517518524964	26
-0.047313085605732	0.767578263557924	13
-0.020213230110133	0.583218126511656	13
-0.044934396415476	0.654026818221899	11
-0.077437273895965	0.809451563709976	11
0.078956286590399	0.308028050507695	11
-0.116638822354465	0.237575768666545	11
-0.106048823607439	0.238818749028824	120
0.095534745745171	0.121110502077163	120
-0.076256944688025	0.606044898007465	230
0.036995277766829	0.406786297225155	230
-0.056727343835592	0.372745182193001	230
0.037388154566364	0.376895095000517	230
-0.017811777935398	0.403261789171424	93
0.08525651924473	0.123952726570493	294
0.109512251508325	0.184432338064752	36
0.076884509236259	0.249533936875098	36
0.013010705977017	0.282737894286192	36
-0.079525501641723	0.307963652159975	36
0.0177654902221	0.271219350200213	36
-0.053731531726871	0.368302500926923	99
-0.101207596303476	0.243882027133499	48
0.014113723320093	0.214343367348596	72
-0.105107464173874	0.248281748462392	72
0.09647676885893	0.120758066909653	215
0.08525651924473	0.123952726570493	215
0.091635389749592	0.125062886124958	14
0.095756285186876	0.120782017445107	14
0.091635389749592	0.125062886124958	14
-0.10433736284281	0.24624931470742	14
0.041979775503016	1.09506106740761	31
0.101299703453382	0.888059810802735	31
-0.105702145031317	0.904294632989699	31
0.097688927314401	0.819982005809495	31
-0.061483179403155	0.478988238296606	212
0.015544669178962	0.596185634966665	212
0.086668406424494	0.76657002242154	212
0.124918718974534	0.332316102251576	212
0.021234981723329	0.48564875320397	212
0.033933901135364	0.598494906618739	26
0.060719890663445	0.741646536208121	26
0.05420239337135	0.584415534117363	26
-0.109019801496096	0.762715223276524	13
0.095756285186876	0.120782017445107	13
0.076075138439616	0.558103864156902	13
0.120558349787633	0.428387912235388	13
0.023803297171642	0.381601360885306	11
-0.103320027847991	0.684905261670782	11
0.007418818049992	0.475915314558827	11
-0.09562658281954	0.599647217538692	11
0.096254186329744	0.118495473551821	120
-0.104160643561324	0.240477988061804	11
0.018509503204269	0.446712015768386	11
0.021096531705211	0.500439047857118	230
0.016834188168926	0.211999733631731	272
0.032627534180863	0.364827418535607	36
0.074637041623228	0.342381208063926	36
-0.106648890775968	0.246331229661046	36
0.104780927806675	0.189149018408881	36
0.106584051344668	0.189155446218329	99
0.08504567389839	0.123556715541549	133
0.089886520108577	0.11993937786539	72
0.023156958207752	0.210462038873037	72
0.108924654100922	0.18717201349137	72
0.107770059825709	0.188996107074705	72
0.018899169177734	0.203647966410633	64
0.085980376425502	0.12580488589805	88
-0.099666572283815	0.241890510685238	215
0.091635389749592	0.125062886124958	14
-0.106560451731061	0.239949669603231	123
0.074298050801259	0.618516522626405	31
-0.069695552945946	1.11659173548156	31
0.079447859885439	0.770879199627305	31
0.077321342701643	0.816512651700321	31
0.082633433626581	0.737443825856587	31
0.099126838333097	0.658130370940305	31
0.111259599014679	0.675961781205345	31
-0.019012684425025	1.06678010165108	212
0.082383737518554	0.562517921801319	212
0.099644094713273	0.597285314626728	212
-0.01276033985533	0.798425210246988	170
0.087095386162415	0.653023104603539	170
-0.00734020692982396	0.727649387517412	212
0.04495859828791	0.734914157851933	26
0.041818987040362	0.443543364019326	26
0.00784464595277501	0.648403061365223	26
-0.046260422140439	0.534658057421024	26
-0.098346494281232	0.808582231809921	26
0.122872725949394	0.515881178347314	13
-0.065875854086882	0.688846201165388	11
0.022291379947519	0.48789588983192	11
-0.112428918563733	0.605633053020532	11
0.088433683121049	0.120191920739589	11
0.00601145879160297	0.479032624469987	11
0.119674628860012	0.287971284311598	230
0.092352455723547	0.125048986852886	294
0.086915005473034	0.122358046121638	294
-0.116894560194006	0.237361173100104	36
0.092352455723547	0.125048986852886	36
-0.0900551241387481	0.453369141263429	36
0.07405387517516	0.263233892716592	36
-0.110098840791516	0.248270143505648	99
0.090696400979851	0.122798470587256	48
0.014549673776968	0.283660629070706	48
0.094094926298728	0.118706078687127	72
0.018803469560169	0.213755792718274	72
0.092352455723547	0.125048986852886	72
0.090097235289271	0.121547945697158	110
0.021308981043704	0.209978053197288	66
0.092352455723547	0.125048986852886	66
0.090696400979851	0.122798470587256	88
0.092128771294459	0.120108530289818	88
0.091412740929408	0.122778214287602	27
0.090097235289271	0.121547945697158	53
0.121204443386762	0.566208294636944	31
0.108363773177864	0.538265190190268	31
0.073578195221993	0.820168325279022	31
0.060261970488056	0.486403577046228	170
0.124370345308837	0.528718367796566	212
0.067057663028558	0.505881046392027	212
0.035404755272355	0.715653288122259	212
0.094826798789064	0.535303345871859	212
0.114301974674454	0.376958727043959	212
-0.020644795994868	0.611655992650983	212
0.068776301406283	0.512640362247003	212
0.091038549992267	0.455206127154794	212
0.120089731185529	0.350093411906636	26
-0.00507623791207001	0.671980861391397	26
0.109242627136507	0.524235948016424	26
-0.043786705968245	0.5416877734215	26
0.100828923665551	0.389834788624062	26
0.096031113289763	0.378731342699751	13
-0.063420161853529	0.594227979892645	11
0.075779401930347	0.414495144229392	11
-0.070461899590388	0.590033235915523	11
0.04782162267606	0.504289792897808	11
-0.099846534615832	0.611028901922252	11
0.114555829954006	0.179578998102123	11
0.046422075896936	0.461246661046567	11
-0.049840737315986	0.475991675463002	11
0.014959935598188	0.348857985813882	230
0.077022202119107	0.381417017500718	11
-0.067214197119567	0.59872328920468	93
0.103560759134782	0.187422306548059	294
-0.024460216752345	0.419556054468624	36
0.088433683121049	0.120191920739589	36
0.017918404578694	0.209407313181631	36
-0.105107464173874	0.248281748462392	133
0.014259693803074	0.216485010321711	72
0.091412740929408	0.122778214287602	72
-0.109326587594943	0.247010331489444	72
0.013521801337319	0.216603883174242	72
-0.074477895074445	0.299609376187221	66
0.00969726293603101	0.209512935216363	66
0.092352455723547	0.125048986852886	30
-0.115865634429932	0.241362901039304	88
0.092352455723547	0.125048986852886	14
0.090824233022284	0.119598427580517	14
0.08504567389839	0.123556715541549	14
0.094094926298728	0.118706078687127	27
0.089979751172428	0.12031277846722	123
0.076249125461542	0.450396857380208	31
-0.011820572999632	0.644040514142289	31
0.016077279226921	0.615566911646901	31
0.088143284671959	0.399618952147088	31
0.023975346780718	0.648854116204804	31
-0.055471014724194	0.641872590780657	31
0.08118115450435	0.575932480875362	31
-0.004639674732272	1.98236776799558	31
0.112220426381262	0.186296723764712	31
-0.105107464173874	0.248281748462392	31
0.051048704769297	0.40027902788218	212
-0.072484621621741	0.783391915579785	170
-0.074821154066438	0.674971847473056	212
-0.0446242549095049	0.600494329910634	212
0.046769312091775	1.04828274480523	212
-0.091155475811413	0.465529931739892	212
0.075351573634331	0.312711213331852	212
0.014787980040276	1.14481779445596	212
-0.093141854336529	0.587145679746106	212
-0.056531351352858	0.714694701558941	212
0.073083834088588	0.303053390043145	212
0.032958342697021	0.382136489573434	26
-0.114544327756273	0.518403848527233	26
-0.017012210511998	0.849208000055566	26
0.088719622505547	1.09391740175573	26
0.105989980348942	0.71786626233007	26
0.011090179871901	0.344268980446509	13
0.023026569419795	0.441066412595535	13
-0.020981571816038	0.412238242707464	13
0.00220536261241799	0.607909133002647	13
0.044994279860179	0.396040211360534	11
0.031058849077376	0.804766667239427	11
0.026163518508908	0.330616422841925	11
0.004804032407489	0.572984214153058	11
0.02722617575302	0.61476914272033	120
-0.041531811323713	0.793588498030242	120
-0.064532344824167	0.855079237263724	120
0.100171137188404	0.398353398625886	120
0.042834517269055	0.570054840863003	11
-0.0765603154365621	0.313562152213764	230
0.013327083907693	0.343898980936364	230
0.105025020741333	0.360100845600533	93
0.073225140776853	0.345509172290175	294
-0.076997507172708	0.532675704472076	36
-0.123445322770844	0.662502494695189	36
0.115298418992877	0.342615001239842	36
0.022727295860611	0.380968376933354	36
0.045977594967234	0.398447682813999	36
0.082903075513565	0.50373065155216	36
0.104536058582798	0.187320722594992	72
-0.07117048597478	0.308706896581126	72
0.08504567389839	0.123556715541549	72
0.084322551624022	0.121810113464687	72
-0.02659567188997	0.501860786558437	110
0.092352455723547	0.125048986852886	30
0.02788558247795	0.321563423772012	88
0.091635389749592	0.125062886124958	434
0.00867239916255203	0.209992048188953	14
-0.092000548738302	0.45689835988205	123
0.019688496008342	0.214140651371127	123
0.072703353544534	0.31023937647886	123
-0.077313071041017	0.312924340256403	53
0.089160261066708	0.121896646860028	53
0.091635389749592	0.125062886124958	53
0.083507617571291	0.460156126854156	31
0.062363886827024	0.938952218695781	31
0.119241596235119	0.8778818538509	31
0.116769151389172	0.91515917492183	212
-0.088575938147421	0.767589243908559	212
0.1162190422904	0.427974643866228	212
0.077458668030728	0.37679187370623	170
0.00422438931439301	0.90582331429708	170
-0.040010621222988	1.13974612800655	212
0.00650828352761301	0.890550758702812	212
-0.109873825885133	0.715357384852785	212
0.077391755174951	0.464088320443237	212
0.00289217100769101	0.543561061003148	212
0.095762754389991	0.484775381768074	212
0.113759836403094	0.387069388379028	212
0.122131525955112	0.493649385445871	212
-0.123667062780882	0.809872239595264	212
0.031355074598322	0.855173358859041	26
0.102877811657304	0.580407312750675	13
0.077106818041996	0.335615697749867	13
-0.026802964942773	0.499391681339205	13
-0.01010390941258	0.447348335470715	13
-0.00225757016239703	0.546506535176857	13
-0.117216059532304	1.29703470868048	13
0.124612061898041	0.271786296664265	11
0.048340153827336	0.404696725292877	11
0.115273241109961	0.390253445454469	11
-0.020718268894943	0.678323293710281	11
0.071911872599808	0.609343829207186	11
-0.122853010532156	0.914516558426312	11
-0.072988990981353	0.615062536855364	11
-0.072459652039909	0.480944811413801	11
0.063917275100706	0.545496197629095	11
0.102489032984135	0.359041138833091	11
0.087133418229808	0.400418840028107	11
-0.079471609001419	0.634830197254765	11
0.081533492137096	0.382948719327997	11
0.088788810312674	0.36878378398854	120
0.020573482568089	0.212131776935875	230
0.021356136056237	0.337432947959964	230
0.072671263780249	0.26425782874764	230
0.083340823425684	0.377866347216637	11
-0.061060521737724	0.490394007732339	294
0.01284392313365	0.284905739578718	294
0.023555198187838	0.383595678797379	36
0.046193724906556	0.414796467829087	36
0.00354937024768598	0.465012377598101	36
-0.080195750301145	0.317467856619979	36
0.069561426568454	0.312352820517073	36
-0.106648890775968	0.246331229661046	72
-0.104248366603648	0.247280677660954	80
0.092352455723547	0.125048986852886	72
-0.099527467641598	0.238866436666662	72
0.012638026835926	0.216209387057835	72
-0.073479102448373	0.528772094115199	110
-0.112335550391255	0.525168807523644	66
0.091635389749592	0.125062886124958	66
-0.077031039461208	0.317662757779911	30
0.00485296863967	0.288664867721206	30
0.085980376425502	0.12580488589805	434
0.091412740929408	0.122778214287602	88
-0.078201558015699	0.305286806978516	14
-0.048370028961489	0.373032906845889	123
-0.016180751856554	0.398903287601097	123
-0.105789348353789	0.245350537511065	123
-0.105018653446507	0.247296557897613	123
0.097274477599591	0.734163286732216	31
0.017120974636098	1.11812017373656	31
0.029331406193175	0.783331258171565	212
0.071080744869956	0.84148111895572	212
0.071942807585592	0.803585639177423	212
-0.010395222012354	0.564728681445073	212
-0.000849840261000989	0.755943366112131	31
-0.024186306910262	0.870045003431752	212
-0.028646024756712	0.843519112078966	212
0.007676416861368	1.00202462463928	212
0.108329256058609	0.567681639145625	212
0.078654880610656	0.47871051498102	212
-0.103504999505667	0.909117455750775	212
0.075825468682857	0.602543347421309	212
0.057952243748775	0.681209207313978	212
-0.025414478111385	1.0571150112741	26
0.082069402664031	0.496912273972014	26
0.067126187965398	0.82608914067367	26
-0.019892500977956	0.968359426163964	26
-0.098658601997839	0.826525634879264	26
-0.039588658612958	0.653990933111879	26
0.036783963709899	0.511863303513962	13
0.034437422711126	0.628977639622282	13
0.067938523679572	0.573718420386235	13
0.044244894282298	0.521995314885352	11
0.108145815196239	0.533175925910666	11
0.112497234027486	0.324590306348439	11
0.013667410716436	0.213120811909776	43
-0.033086581011981	0.622874994534735	43
0.024896211660213	0.329692643784012	11
0.044626005897691	0.433401074994914	230
-0.074129450251189	0.529434533602268	230
0.121212624548434	0.301329744210486	230
0.055842480557123	0.464729380959652	11
0.013990521400807	0.345132902879312	93
0.103631540605373	0.189618727011766	11
-0.115865634429932	0.241362901039304	36
0.08576848041998	0.121559855808552	36
0.072939557063142	0.310679908894053	36
-0.0624235304088639	0.487113412164682	11
0.081664488968355	0.2469285669425	36
0.090918013244833	0.122428835263424	36
-0.071773597355512	0.312488527181359	36
0.022121423180127	0.2081037313009	36
-0.105877973349914	0.248295887545134	133
0.08504567389839	0.123556715541549	72
-0.109326587594943	0.247010331489444	72
0.106584051344668	0.189155446218329	110
0.089160261066708	0.121896646860028	30
0.086703917166644	0.123702559230249	88
0.091635389749592	0.125062886124958	88
0.08525651924473	0.123952726570493	14
0.091635389749592	0.125062886124958	123
0.091412740929408	0.122778214287602	53
0.092128771294459	0.120108530289818	123
0.058084617739331	0.844539268141519	31
0.108353558244452	1.08273924657479	31
-0.089873169449045	0.982784211172728	31
0.092644345517513	0.391413503159474	212
0.039440383054667	0.599018909602488	212
-0.092183250645364	1.71791897187715	212
0.053996850598132	0.645510773470786	212
0.017186120600499	0.70353950996498	212
-0.016425620464824	0.875295011503872	212
-0.067419980084876	1.33455026210172	212
-0.089410337536695	1.6720662124615	212
0.057660538061412	0.466747785649926	212
-0.103229795786885	1.0027056179594	212
0.076375886328576	0.548690901442012	212
-0.09263691248073	0.781463733002705	212
-0.05259903249072	0.914333782005299	212
-0.076451709085979	0.984929336188554	212
0.00278698486521101	0.901306505491778	212
0.119686548135796	0.550613535729986	212
-0.025866172764377	0.824128392768898	26
-0.075533120167127	1.33870899937852	26
0.063389560531168	0.449345762929523	26
-0.109000853135209	1.19535600139798	26
0.039845337466458	0.710082656538759	26
-0.023648907101588	0.792442549613946	26
-0.120101060843739	0.738643639887467	26
-0.110037856015761	0.825893465031116	13
0.047461014664502	0.599862312408959	13
-0.031368381477322	0.566475675385325	13
0.032214435552013	0.520144908696087	11
-0.043314176524525	0.789787757571933	11
-0.00354499163326005	0.813274323509771	11
-0.014682574592282	0.664046635250349	11
0.00806759837124499	0.678174869826001	11
-0.067833106038208	0.680633459473749	397
0.00187994074310099	0.683988790964862	397
-0.05233390066384	0.475291536116827	11
0.122874759078761	0.308437349732654	11
0.018910544601647	0.336760295057521	11
0.061209385674881	0.41506707807807	11
-0.00865980379478804	0.583444113781339	11
0.034080587352517	0.472450686485559	11
0.08817076448414	0.248330296640483	11
0.025499638954766	0.322652140541828	11
0.018364803223124	0.210445144282834	230
0.076552038684274	0.315265235608813	11
0.119913213739587	0.28252042171501	230
-0.072674846579682	0.613278190590014	230
-0.02240783854141	0.413785315003749	230
-0.054143142314918	0.473911091946086	230
0.012860214167922	0.208426947487087	11
0.021356136056237	0.337432947959964	36
0.018803469560169	0.213755792718274	11
0.078060276024615	0.25627648245035	36
0.01513617661551	0.278995778026272	36
0.091635389749592	0.125062886124958	36
-0.105107464173874	0.248281748462392	72
0.019101393994772	0.212350476617034	72
0.072671263780249	0.26425782874764	30
0.085980376425502	0.12580488589805	88
0.094814992493986	0.121133837036836	27
0.08525651924473	0.123952726570493	27
-0.111777649370352	0.248129602538127	123
0.092352455723547	0.125048986852886	123
0.061161822549893	2.34668791401164	31
0.012035495883186	0.857986438715533	31
-0.104597675335267	0.84662737437179	212
0.044125288851244	0.66980458397859	212
0.074796019460392	0.693129987199225	212
0.061344459429887	0.794445738782054	212
0.021637561307385	0.606915257943072	212
0.098352699006661	0.483948606089213	212
0.016253500574231	0.838611577458233	212
0.051748327461345	0.835562092536464	212
-0.062449067717441	0.71831304017233	212
0.05810339748461	0.692789836383374	212
0.089280042717284	0.750715723306415	212
-0.0961753472979609	0.986851071296772	212
-0.03503661748162	0.841158284410424	212
-0.030447258872412	0.780779784949064	212
-0.045585779385776	0.674467244149335	212
0.016925561386832	0.483817191828354	212
0.10518656177093	0.475989306211894	26
-0.016883903637761	0.838302614261053	26
0.012243836193067	0.67988849717806	26
-0.05546731192451	0.711711290346778	26
-0.060332268018323	0.747588671703119	26
-0.0268859432112279	0.612584210707809	26
0.100330160122888	0.192337287990876	13
-0.116651271619107	0.729833528952209	13
0.088560143464675	0.406935338232769	13
0.112235209018378	0.32187575303185	11
-0.059951249680564	0.641736559737559	11
0.088500688652368	0.475083892325173	11
-0.122751264766575	0.748613528672457	397
-0.024068638813605	0.417770406467335	11
0.124294387982885	0.308923191455816	11
0.044792331296264	0.495895506810669	43
-0.054161930274659	0.723702041435794	43
0.03027179183461	0.362768192842751	11
0.114432580176953	0.310870145209286	11
0.034725046361971	0.369995497452194	11
0.011110525022444	0.279156089836697	120
0.076646033537344	0.257706592883104	120
0.0142862741178	0.343359911186751	230
0.054037378310045	0.387526322379435	230
0.01344588657732	0.282038979006194	230
0.032654201749818	0.367427613507303	230
-0.081577054623577	0.685930173121205	11
0.023007073924632	0.211714784764112	11
0.013376057992579	0.216089748639388	36
-0.056436637639402	0.379139896268144	36
0.013521801337319	0.216603883174242	36
0.077348465140358	0.266798186144032	11
0.105839676225759	0.18837377358498	36
0.018803469560169	0.213755792718274	158
0.09647676885893	0.120758066909653	34
0.091856214036307	0.11915653709017	66
-0.102118424243639	0.240196375235319	66
0.089160261066708	0.121896646860028	30
-0.104248366603648	0.247280677660954	88
0.093069211440958	0.12223423135792	27
0.10521260005214	0.191225015503045	53
-0.075939890482123	1.52684939568148	31
0.043860146742657	1.16221518431084	212
0.092730297578866	0.917959871570304	212
0.094602571417511	1.08293952971459	212
0.115550455587669	0.433283353255099	212
0.015714876477678	0.468979199215614	212
-0.02617134781109	0.730177009418197	212
-0.00744668388890601	0.567018894236907	212
0.06450439703919	0.550668281775823	212
0.100732117202795	0.755000796673793	212
0.097242164817258	0.73783718063545	212
-0.106107744112395	1.29243287228794	212
0.00152023142746199	0.96841548904072	26
0.07455484091825	0.583562234252605	26
0.114369829192429	0.459753503206523	26
0.088700455253324	0.43764974951494	26
-0.052312235487129	0.695529362970231	13
0.063083939185143	0.806140159922725	13
0.011998086255773	0.565535683426524	13
-0.00308696240845496	0.792294972118978	11
0.034699676795949	0.736782470465576	11
-0.045152924979024	0.612316167226525	397
-0.029311203030193	0.537151954865756	397
0.122559920682967	0.319331660200979	43
0.115494257517231	0.462089832303456	120
-0.058009522535738	0.647069996843284	120
-0.07595592897938	0.315587576595474	230
-0.09660752827153	0.67180267029934	230
-0.00679205615601897	0.435711403942111	11
0.081611907709357	0.2522494340194	11
0.084499978437511	0.300204754684271	36
0.081683356753266	0.300570423279926	36
0.112140667428119	0.406750025021357	36
0.034230718645848	0.372208251940285	11
0.101232874844203	0.193169112263054	36
0.011754208125398	0.211818482508777	36
0.111902630152419	0.184398702083488	36
-0.04703591499895	0.361222008493682	72
-0.105967865973031	0.242891785761604	34
0.012581806554659	0.34534476376725	72
0.086667838518732	0.291201185977408	110
0.094814992493986	0.121133837036836	88
0.015143283862096	0.214463511945117	53
-0.10519754281808	0.240971464370951	123
-0.082232869825731	1.3473444873491	31
-0.118838852896193	1.36843560217968	31
-0.015980857537704	0.896991954794614	31
-0.051295043374094	0.928345607881616	212
0.090421915478876	0.770668594973398	212
-0.00643935097052695	0.915558745641804	212
0.082006640838806	0.619066454456808	212
0.113969954490192	0.671570598827793	212
-0.076198790999052	1.1091183823044	212
-0.045917284901985	0.645096931263886	212
0.079753978831574	0.617849006934439	212
0.078779041738575	0.569571533893995	212
0.002056412528473	0.741676570811155	212
0.118662996928396	0.681654474781447	26
0.123321917623354	0.479080201868737	26
-0.045155072243515	0.711647741201949	26
0.117925419081378	0.402715680803142	26
0.068426403490728	0.50885352058072	26
0.081646025504774	0.381423942969397	13
0.10771572561771	0.41363668739072	11
0.085853093793366	0.431653756714128	11
-0.058818599137617	0.555766135846276	397
0.118968243916323	0.426354574968857	397
-0.02966562264504	0.573821647181409	11
-0.08587968030478	0.31059143495308	43
-0.120142343226563	0.941957161789081	43
0.010376556818145	0.276905864992426	11
0.122167236463787	0.365699163701634	230
-0.00440623218535496	0.449230941132127	230
-0.0304054844987131	0.499188551003718	230
0.074808788949275	0.31174829651513	230
0.046513887632788	0.40833247320579	230
0.015054842517805	0.334517544796439	11
0.103292857104633	0.186495927543343	11
0.092716067445439	0.425774344292221	36
-0.0927142952230821	0.444292210326921	11
0.010387820051099	0.279481443539796	36
-0.077462352494074	0.311873140244817	36
0.021774090994556	0.202090234930579	36
-0.080952225206946	0.319302162561081	36
0.091635389749592	0.125062886124958	158
-0.101207596303476	0.243882027133499	552
0.018364803223124	0.210445144282834	34
0.106425939567637	0.18977696608378	34
0.016834188168926	0.211999733631731	80
0.108071760477326	0.18785847840567	116
0.027217106604517	0.201186652091851	116
0.108071760477326	0.18785847840567	72
0.091412740929408	0.122778214287602	72
0.093069211440958	0.12223423135792	66
0.103880330179527	0.185415483935641	30
0.091412740929408	0.122778214287602	88
0.08504567389839	0.123556715541549	9
0.078633526899083	0.120476482660769	123
0.091412740929408	0.122778214287602	53
0.09647676885893	0.120758066909653	123
-0.016247722177128	1.89280545385142	31
0.059995473304747	0.805241640356697	31
0.00823445515985	0.288952266348664	31
-0.044202669479309	1.01036843015885	31
0.072700442195475	0.933729954745303	31
0.043398189359425	0.907397926233491	212
-0.122249685551601	1.60457830531323	212
0.106387622415001	0.502310464897969	212
0.014442100182026	0.554907082584349	2
0.104984620639763	0.442483776756381	212
0.02735387068017	1.02431979832624	212
0.081811498790018	0.650436057041822	212
-0.108070593948143	1.16659163166482	212
-0.019442449824382	0.55634392225714	212
0.042380529704456	0.674139160502145	212
-0.00661130787012998	0.687402642369716	212
0.094692826859556	0.53716717051693	212
-0.000294519400799054	0.549562297007949	212
0.085818858715049	0.436321520574929	212
0.065832623175036	0.570578949651025	212
0.049810026689862	0.419375177563308	26
0.070960020492427	0.472040817126903	26
0.058815974379437	0.445249240216441	26
-0.02289398618182	0.482371791872566	26
-0.022732128255834	0.580152880401407	26
0.072194918646212	0.42217429124386	13
-0.000152680288549978	0.734038168431656	13
-0.106454168246037	0.832950728707409	13
0.112654563863941	0.414513548647495	13
-0.029456075923976	0.610379675756232	11
0.109520410771489	0.383289965635984	397
0.118526212716155	0.402394836878946	397
-0.101249397509384	0.456147103359491	11
0.014549673776968	0.283660629070706	11
0.013812885272923	0.203619867140409	230
0.079780810635029	0.364108528231134	11
0.121886090498418	0.354888610801204	36
0.053806461948411	0.470208150185748	36
0.018803469560169	0.213755792718274	11
0.025212471051361	0.203937476345199	158
0.018216132862307	0.214354093334262	158
-0.111004560375104	0.24928574573673	72
-0.105967865973031	0.242891785761604	118
0.092128771294459	0.120108530289818	34
0.095534745745171	0.121110502077163	116
0.100175145150067	0.187785994103487	72
0.074746758258019	0.261053508498829	110
0.012638026835926	0.216209387057835	110
0.090918013244833	0.122428835263424	9
0.093069211440958	0.12223423135792	53
0.08525651924473	0.123952726570493	702
0.093093200920521	0.725496481329404	31
0.012086427327018	0.897382432702371	31
-0.088759540912658	1.51413887344167	31
0.096407954983908	0.724396772264379	212
-0.02827544666343	1.07737755680081	212
-0.041635824279551	1.34300959035867	212
0.076364308025366	0.809544863632266	212
0.039805334020654	0.819986769142424	212
-0.065392222664407	1.15625272351664	212
-0.015433576751217	0.701984629639562	212
0.008992826997059	0.660310909234869	212
0.104311883623855	0.620634300189361	212
0.116522352022425	0.40813219852015	212
0.00748932569819499	0.476324747205348	212
0.026223716426634	0.588238235032011	212
0.102874719252914	0.460984805494478	26
-0.045107865630636	0.671030327047608	26
0.041173606132768	0.652693640051464	26
-0.044171042109931	0.668799350530513	26
-0.054389021214086	0.482438616288735	13
0.010411176021246	0.560596542489864	13
-0.123690220779038	0.676214895852659	13
0.122505472517086	0.346511650214773	13
0.074806605620359	0.352886467056781	11
0.017392286282758	0.378124103768813	397
-0.056742027786583	0.570797520002534	397
-0.10475675135321	0.607856318153072	43
-0.055234823374238	0.724187686030187	43
-0.03627514867265	0.625189556745574	43
-0.026329432084395	0.422703393069709	43
-0.051806630839501	0.631741078180642	43
0.073798451415122	0.263719952560601	230
0.00901789830762601	0.28337623408405	11
0.12090172844522	0.34688961588636	11
0.010550802038896	0.29077033464308	230
0.117131935890389	0.324594811923615	11
0.019193364125777	0.212598286307675	230
-0.015031688283575	0.593454504704628	11
0.085980376425502	0.12580488589805	11
-0.036275558626124	0.500691210348994	36
0.124743242479808	0.273449352229712	11
-0.042834339892478	0.362665895172994	11
0.00749928235605202	0.460747755391513	11
0.019539242092686	0.211573977492915	36
0.103631540605373	0.189618727011766	36
0.075043430260466	0.263616069321458	133
0.025513458798075	0.205457146255742	316
-0.111777649370352	0.248129602538127	158
-0.102750292288109	0.236740837417046	158
0.092352455723547	0.125048986852886	34
0.095756285186876	0.120782017445107	110
-0.10519754281808	0.240971464370951	209
0.017425221617308	0.209709733648397	30
0.093069211440958	0.12223423135792	14
0.091412740929408	0.122778214287602	14
0.091412740929408	0.122778214287602	53
0.074158793146263	1.20193392202189	31
0.097160801641323	0.780008297608667	31
0.077754765454135	0.656736691503742	31
0.123890166498705	0.603042078601575	31
0.052134972719911	0.78700657535443	31
-0.00787646893977301	0.624853030046849	31
-0.0000774395174319986	0.805603974670531	212
-0.08677364392336	1.33903572390145	212
0.045311705210637	0.526107712005985	2
-0.089039571259002	0.876659257978446	212
0.013345724816259	0.559043935849721	212
-0.104785756936781	0.84167772271722	212
-0.00296509147525803	0.653999574537953	212
-0.018744527964902	0.895908678612938	212
-0.033997264871415	0.475164986816484	212
-0.00716619238923699	0.716449947851235	212
-0.109340222889084	0.696520302927459	212
-0.097191587052791	0.580884896031352	212
-0.021737599332993	0.706238621590563	212
0.026734764300825	0.512393514216768	212
-0.106132202801986	0.829548218787974	212
0.025329524533055	0.589316215631302	26
0.039905810077899	0.450551430395428	26
-0.032674446045021	0.509680919957468	26
0.081970292337331	0.258549733090362	26
0.017531328316054	0.501787448415758	26
0.113880469549307	0.336503483509131	13
0.037947095026147	0.52635011099544	13
0.083608794831056	0.296119281892862	13
-0.102262864929868	0.610235494653392	13
0.12330149046703	0.286994483152996	397
-0.036846472878095	0.409133880808295	43
0.073873372431759	0.265725142072936	11
0.018216132862307	0.214354093334262	11
0.011883053541642	0.281042739283192	230
-0.054729714828558	0.3783792841072	230
0.076884509236259	0.249533936875098	11
-0.05234402554958	0.471076037130874	11
0.075101367322464	0.315590320766576	36
0.081497632855186	0.470495581870965	36
-0.052536172468471	0.71393027805034	36
0.018067333032762	0.214500333823115	36
0.107021071767808	0.189730668004619	11
0.112220426381262	0.186296723764712	36
-0.076261220706062	0.305895585097937	36
0.011899629509923	0.214720996260278	36
-0.086036266393323	0.312512087261597	36
0.092574318126688	0.121589010675069	36
0.089369917958058	0.1198514501315	158
0.09647676885893	0.120758066909653	34
0.08525651924473	0.123952726570493	80
-0.072676672760035	0.311832330079292	72
0.092352455723547	0.125048986852886	110
0.089979751172428	0.12031277846722	30
0.014259693803074	0.216485010321711	30
0.093069211440958	0.12223423135792	246
0.088433683121049	0.120191920739589	88
0.014259693803074	0.216485010321711	123
0.103983100454875	0.520181517482169	31
0.100607353452761	0.911958976985239	31
0.00408111703074998	0.291093496924856	31
-0.08945024861042	0.742892979193201	212
0.083796160171588	0.826178597806841	212
0.079006104793858	0.255177842255174	212
-0.059459990651802	0.947591001671119	2
-0.00707286630759996	0.951989631534362	212
0.046671379359226	0.79850591312317	212
0.00515102542629597	0.748238573217432	212
0.045586710116955	0.679673101283765	212
0.00768606822158802	0.632471469142886	212
0.080054918924645	0.362256893965838	212
0.124743242479808	0.273449352229712	212
0.035446532372859	0.506375472006809	212
-0.029662181401852	0.496296227416552	212
0.108079164586286	0.440254502811044	26
0.025233931759121	0.523034342976905	26
-0.00634786762131301	0.430188071290841	26
-0.072354683207625	0.771292643883786	26
-0.03175007643927	0.41991199305376	26
0.069784530843143	0.260472201851018	26
0.076760016749142	0.265722464869181	26
-0.079525501641723	0.307963652159975	26
-0.078334885510564	0.741200687685966	26
0.017714147232617	0.332172472011453	26
-0.110672200490565	0.511572325898276	26
-0.022261824090444	0.670796322804675	11
0.07786481965365	0.419591836140752	11
0.034500867413875	0.508026823464794	11
0.076705556164153	0.254300142581803	11
-0.020774893736505	0.416764412870917	397
-0.050998365564616	0.384206007078694	397
-0.047245540598743	0.370231792763501	43
0.089920620151547	0.418101154227909	43
0.027799931717927	0.375584374408933	43
-0.059193322857675	0.487487036611276	644
0.122825503748846	0.23433321689346	11
-0.102620922665704	0.23856234219221	230
-0.0901864673425809	0.463659273885154	102
-0.056069161317314	0.384146300685538	36
-0.116196456979776	0.509241051356804	36
-0.030348393333553	0.546563391465095	36
-0.049888553650048	0.371791501985629	36
-0.110231891392282	0.248016860367681	36
0.105367434508933	0.191064458118039	36
-0.105107464173874	0.248281748462392	36
0.09629752340419	0.180483014984564	158
-0.110231891392282	0.248016860367681	72
0.084267166157626	0.253271057113479	72
-0.101347289716107	0.24016620508867	30
0.093297361537563	0.116080434420701	246
0.089979751172428	0.12031277846722	350
0.086703917166644	0.123702559230249	123
0.108602461819222	0.403116474970095	31
0.06017422174325	0.646217650034341	31
-0.092624564434937	0.461908873408764	212
0.078240069965087	0.311086933195714	212
-0.067444258032177	0.470519300498651	212
-0.042233775051327	1.24908101127934	212
0.042335936449797	0.604658879053678	212
0.078470180066007	0.386528616494305	212
0.095878990172345	0.188186534402068	212
0.050559966875991	0.797524398273914	212
0.112850262006827	0.347595265374356	212
0.078296095814198	0.26657987487987	212
0.11470203742137	0.340649045506739	212
-0.021425744291974	0.541054189692849	212
0.070649621096677	0.612461952760172	212
0.00652352936519501	0.286153476408453	212
0.123607136404825	0.636357707895282	13
0.10284352387238	0.978077654074076	26
0.121642165530461	0.27481176243951	26
0.090057892085686	0.576046130278193	26
0.023007073924632	0.211714784764112	26
0.023007073924632	0.211714784764112	26
0.011318539735379	0.203333137949218	26
0.020666754531429	0.206282008281712	26
0.072703353544534	0.31023937647886	26
0.048452813260813	0.434418828462847	26
0.044045067342712	0.403568751566505	13
0.022550035041889	0.330109095399029	13
0.084809004760033	0.245275055197835	13
0.10198044605162	0.192424234926112	13
-0.092291560494022	0.9019165827411	11
0.00581637422901799	0.571415318095283	397
-0.051196256272105	0.632069190191892	397
0.021575300249764	0.502183912591143	43
0.055321860080134	0.385350860067364	43
-0.0439022096173201	0.800376212473241	43
0.066479811871837	0.478679454165361	43
0.064455173369131	0.514732266862668	43
-0.028135559230403	0.493062355268666	43
0.012638026835926	0.216209387057835	11
0.087968246803078	0.480967857800172	36
-0.066136422118886	0.734976957402742	36
0.050453362906068	0.522193892324109	36
0.032429624316138	0.664848447171094	36
-0.105107464173874	0.248281748462392	11
-0.055417905723647	0.379180139624417	36
0.028687171047963	0.200942976412888	36
0.090696400979851	0.122798470587256	316
-0.104248366603648	0.247280677660954	316
-0.108645658297355	0.620640765262348	158
0.119510489180593	0.275562134541478	158
-0.098408000559566	0.445066549486392	158
-0.115865634429932	0.241362901039304	72
-0.106805882396677	0.500154765921549	110
0.017113990305941	0.343463550145448	246
0.048075447558312	0.434704512396375	123
-0.0621355128177959	0.675380967009547	123
0.006567037733621	0.285846176744083	231
-0.111911286966867	0.243952463278285	53
0.00359789414099598	0.551407651711131	31
-0.079425299028285	0.542171153407961	31
0.074207237142797	0.260334995327957	31
-0.071984410693169	1.48009857616861	31
0.04842672407641	1.38458130097536	31
0.043208693850597	0.674504065288946	212
-0.047858254930485	0.795617334696257	212
0.071780626106613	1.04861986407519	212
0.00791451614694599	0.281405252259401	2
0.096630124819773	0.18668767015313	212
0.077031152205619	0.342723562956016	212
0.069484810568793	0.908960711828588	212
-0.029526505904645	1.32992761542216	212
0.06769212973771	0.386061350043746	212
0.087603831605208	0.361751636440633	212
-0.080952225206946	0.319302162561081	212
0.089418533414203	0.586881924998754	212
-0.106971869009994	0.741757922378199	212
0.024042655789844	0.205691064929218	26
-0.121713429436336	0.365769588164815	26
-0.075357112832879	0.316514678952105	26
0.078914946522859	0.360673058039811	11
0.061405150348538	0.542865524480518	11
0.004579141607643	0.278498516875867	397
-0.105980803833304	0.94978371101525	397
0.00232038956923097	0.533115648057709	43
-0.00136768712461699	0.619180516842837	43
0.102949419204491	0.629978931720089	43
0.117038588652531	0.684462951850617	43
-0.098401976860478	0.710627318562305	11
0.015071307624711	0.738969067454786	644
0.00897347840542101	0.628998895364129	644
0.09647676885893	0.120758066909653	644
-0.111004560375104	0.24928574573673	11
-0.00808025668183499	0.442256702052977	36
0.068034617753742	0.346900064517894	36
0.087075756070967	0.335161924736306	36
-0.089495118886773	0.671777394641953	36
0.000621900903890027	0.571706433114228	36
-0.118536486813971	1.00260435879998	36
0.021576714516487	0.630094871765584	36
-0.013789639294296	0.389747655593289	36
0.021534990799039	0.209300128992842	36
0.033610680893634	0.407523903897192	158
0.072121287902476	0.31257220133586	158
0.01820103613517	0.272712883566834	34
0.123647333824144	0.285991890430576	72
0.013613186713551	0.284767697146009	30
0.024615040392989	0.364239655474313	30
-0.122920448615659	0.38519776696543	363
0.081835883117584	0.345862664164098	231
0.092574318126688	0.121589010675069	53
0.012513527892616	0.92569745186493	31
0.091412740929408	0.122778214287602	31
0.115850024726294	0.334944406174349	31
0.066807024062661	1.15005916618464	212
-0.014656071739868	0.45922209800013	212
0.119085767506136	0.276512778281125	212
0.011409663221303	0.338723109406877	212
0.11394769294631	0.310177734084499	212
0.010045421795949	0.462775056857116	212
0.107724307984088	0.444689675185284	212
0.06032408067588	0.73289676801327	212
0.047191924857247	0.391339038363117	212
0.008819388290492	0.530914276035495	13
0.048292122910061	0.593263205554523	26
0.018067333032762	0.214500333823115	26
0.080437151646016	0.256897243629127	26
0.010368204252899	0.280135041799617	26
0.02558940950943	0.251665521556259	26
0.014959935598188	0.348857985813882	26
0.022311928281067	0.33835375686437	13
0.102413069041706	0.185779736125652	11
-0.074905002097356	0.311621120813916	11
-0.0635406213279091	0.487600187109891	397
0.098617285999923	0.480419209829435	397
-0.024777058600713	0.48793509425767	43
0.045857254047125	0.47801927555612	43
0.086581619423279	0.404059360775724	43
0.01798435473112	0.499748971369621	43
-0.029224074460055	0.686227604856422	43
0.034703093795479	0.518241322161023	11
-0.107650878283532	0.235468884277284	644
-0.106953668180011	0.243708788176915	644
0.055413613590111	0.385915306783742	102
0.11082013699823	0.35599990471054	36
0.015266979512987	0.332438840674921	11
0.019321898584414	0.338467017922933	36
-0.112937492753641	0.634802052099633	36
0.116439157565287	0.50473795554369	36
0.101451968849901	0.460149264429794	36
-0.00583424691928003	0.439554787585894	36
0.077348465140358	0.266798186144032	11
0.092352455723547	0.125048986852886	316
-0.056431311622291	0.473450828767369	158
0.022271214423624	0.211198824414354	34
-0.08186472488787	0.317535949028756	72
0.031573957490946	0.482120115258503	72
0.113063136899459	0.177222504585941	72
0.017740455288678	0.334561369942585	72
-0.102750292288109	0.236740837417046	30
0.084406284913694	0.118370089377594	88
0.092574318126688	0.121589010675069	14
0.00595771391202699	0.288796008224022	123
-0.102709015492645	0.239592499387889	53
0.112129393642658	0.739835075959273	31
0.104105081345297	0.583766925329458	31
0.062839650154942	0.44205242665703	31
0.059384887471714	0.701938124916901	31
0.020424131595298	0.211942207610384	31
0.06414109509221	0.893360824972564	31
0.095793792546121	0.877222914166045	212
-0.065991328597226	1.29687652806024	212
-0.011304383412666	0.939156268346897	212
-0.022653996626724	0.964234157089339	212
0.059138250008349	0.462725064467737	212
0.082360717945188	0.424289909093752	212
-0.0843763989067971	0.557760783715812	212
0.039148081986717	0.436926390990829	212
0.04661106631674	0.749689768527784	212
0.114645740263341	0.562924844930246	212
0.113588426458999	0.645059830449257	212
0.056387151563348	0.788945991289332	212
0.083990995346704	0.609621945710001	26
0.011453933956186	0.465675475051747	212
0.072980628975204	0.351749978202671	212
-0.0452689499733741	0.679479075047751	212
0.072779945624112	0.408538368398547	212
0.111058258500916	0.35299818523048	212
-0.116028507726803	0.904297968211327	212
-0.07581663759485	0.589436400627357	212
0.05504743944413	0.468067034687771	13
-0.043776517509567	0.768938409008685	13
-0.105904757324845	0.996965715387214	26
-0.021164299081031	0.406007793468703	26
0.073524632949299	0.340470820656431	26
-0.124646254990339	0.679005585764958	26
-0.00925865139793303	0.448024759738432	13
-0.102929939534245	0.478453634372958	13
0.018889277040502	0.346760027245712	13
0.040637196140852	0.394583942678126	13
-0.086538029238364	0.456786646548533	13
-0.019719633562174	0.406228142682362	11
-0.058807647207899	0.720643568625664	11
0.0814457069305	0.300856281905017	397
0.075351573634331	0.312711213331852	397
0.12038411728297	0.311658412734831	11
0.078088811219717	0.373610705215916	43
0.046167800855202	0.399001473584002	102
-0.00531707782094404	0.436788616114316	102
-0.047106125328587	0.551026680934507	36
0.092574318126688	0.121589010675069	36
0.095035487890419	0.118365729060095	36
-0.117703713860962	0.527381758169673	36
-0.121713429436336	0.365769588164815	36
0.056326896981641	0.427891620570167	36
-0.07595592897938	0.315587576595474	11
0.01284392313365	0.284905739578718	36
-0.075807912796508	0.312759471781369	36
0.015143283862096	0.214463511945117	36
0.091635389749592	0.125062886124958	316
-0.077313071041017	0.312924340256403	72
-0.053712478481164	0.460493087939388	110
0.106267611888598	0.187859993743685	30
0.08504567389839	0.123556715541549	30
0.093069211440958	0.12223423135792	14
0.018456121355013	0.212720733279898	123
0.092352455723547	0.125048986852886	53
0.092352455723547	0.125048986852886	53
0.041926520498449	0.528478161290012	31
-0.105018653446507	0.247296557897613	31
-0.105593913815068	1.0865648234991	31
0.082428123020918	0.777622565746303	212
0.110970336655187	0.868250290498108	212
-0.01913607362311	0.395039956773654	212
0.070945613635686	0.317422157244942	212
0.054391907220786	0.780582692697382	212
0.070945613635686	0.317422157244942	26
-0.094421551839094	0.464214553976081	212
0.105001385459663	0.636908210731462	13
0.030100361374427	0.380199956453806	26
0.027952320445846	0.201621212551385	26
0.119588902553612	0.475768718517065	11
-0.115441930790646	1.28264641230072	11
-0.024849837431983	0.656927291819979	11
0.016662746915483	0.274128162353856	397
0.03955605967944	0.533666554929864	11
-0.053783161978654	0.62249399585386	43
-0.10847143327371	0.841991632912793	43
0.00909354278508001	0.707848152747975	43
0.10079428962761	0.412218538410599	43
0.103621633847091	0.719506061930122	43
-0.021370385565682	0.698425438893099	644
0.077293694143559	0.256951354341444	644
0.023742569638732	0.2109789444204	11
-0.079169168829163	0.629026713858667	102
0.121698842700015	0.268191362902707	36
-0.090968203986994	0.758709790618698	36
0.03888496167127	0.63052522054066	36
0.023488559813145	0.338374220136164	36
-0.096861645263045	0.461052663343776	11
0.107907537304106	0.35877734250625	11
0.028998276201529	0.38173513379087	11
0.013613186713551	0.284767697146009	36
-0.095299503834489	0.590314880589854	133
0.115040607698328	0.311458860131313	72
0.090097235289271	0.121547945697158	110
0.046416144684046	0.429655519574639	30
0.089916677904389	0.181955785584789	14
-0.0262131022409901	0.541733455790279	123
-0.110553459577269	0.680068678786759	31
0.115693636171908	0.384812610774606	31
-0.103592766397741	2.01707344835488	212
0.083433425213317	0.24574709725906	212
0.113807934079677	0.285089383257361	212
0.018621347058748	0.49791310786757	212
-0.013473972511308	1.18437252921826	212
-0.043958625629889	0.36071353626613	212
-0.04489936049564	0.352941727128834	212
-0.00803950795115804	0.453004850028053	212
-0.05617910836953	0.378462203845871	212
0.051061177549621	0.393277747507092	212
0.111402107330226	0.882739175543352	13
0.102899797127251	0.9581438460113	13
0.085967990858551	0.557511078325043	13
-0.01394246817976	1.10287624520497	13
-0.028580613575659	0.420029628796491	26
-0.060543389576913	0.379083188556585	13
-0.027158551230525	0.41478209926612	13
0.013037533974794	0.470146430283908	13
0.015486492457214	0.280133745251428	11
-0.077971039017757	0.94968136334993	11
-0.025416524239571	0.695908960652015	11
0.035214476640875	0.512080180535512	11
0.089941009428683	0.631279305917391	43
0.059288301714545	0.704486771420024	644
-0.110407679366226	0.234026777390788	644
0.111033304071696	0.414880153338388	11
-0.081481057652416	0.28819924948367	11
0.022271214423624	0.211198824414354	11
-0.096866640055365	0.456561192315303	11
-0.078900789388536	0.545496288410708	11
-0.00665653153081802	0.577370563565702	36
0.101128109871067	0.521259443765205	36
0.009754464868165	0.450713181799246	11
0.122828438452522	0.503948024191489	11
-0.106182434761098	0.244816776765651	11
0.091412740929408	0.122778214287602	34
0.093292111011753	0.121566231332134	80
0.092574318126688	0.121589010675069	76
0.08236295168368	0.42306478326477	372
-0.068287827148377	0.612621877452074	372
0.021536792766218	0.641871944182265	372
-0.053326195024486	0.544061159684859	372
0.023156958207752	0.210462038873037	14
-0.094919874540498	0.467394005881072	123
0.093292111011753	0.121566231332134	123
0.090918013244833	0.122428835263424	94
0.108519942495127	0.853383786824873	31
0.060683998241609	0.920697093112531	212
0.078462069828108	0.41888888075809	212
-0.063844970435432	0.67318764311722	212
0.068572955185685	0.503083558075134	2
-0.062187258171689	0.565248523443397	212
-0.021317900971206	0.610071882615102	212
-0.066019985232051	1.15206943413921	212
0.00216045674408699	0.53768564937591	13
0.117450297296238	0.381674711647602	13
-0.017122416586457	0.702721439234298	13
-0.020878152386042	0.734812964774442	13
-0.059328467904864	0.543220657571885	26
0.08276021960602	0.339118060037966	26
-0.00673819585662205	0.513068862982604	13
-0.00741705905520296	0.441562895329529	397
0.031737788626696	0.382204535595961	11
0.084085944613823	0.407562041259857	11
0.00845933774152302	0.632222462327356	11
0.023722239361539	0.386624046143957	11
0.07664423898735	0.248800602366821	43
-0.097047714419849	0.688632039952356	43
0.018913533910839	0.588925587026574	43
0.013034206185207	0.375324781485761	43
-0.118984196126684	0.528394580946892	644
0.072649297358421	0.561649255771373	11
-0.00201853136110797	0.4835437169625	644
0.076580500549294	0.266973487198937	644
0.080926150593739	0.403294702636168	102
-0.028224119096309	0.599306470216102	36
0.076321719534883	0.46612130778607	36
-0.076872567989941	0.318440119968235	36
-0.076381891145059	0.2977186694281	36
-0.071020078945226	0.311682276408831	36
0.07023623041736	0.369034984415623	36
-0.065432608237969	0.294963776338266	11
0.106116515875357	0.19145585023457	11
0.080537453303164	0.331480231323353	11
0.092352455723547	0.125048986852886	36
0.00788825262566101	0.278265277315184	34
0.095035487890419	0.118365729060095	601
0.104780927806675	0.189149018408881	34
0.089160261066708	0.121896646860028	76
-0.083647149989373	0.307277228201141	110
0.103292857104633	0.186495927543343	372
0.080293572123464	0.122271201011872	123
0.09897827603536	0.853656207162169	31
0.08281938445471	0.823873372069911	31
0.107238133785196	1.08843838615832	31
0.117508186318976	0.832678873566842	31
0.036733682276191	0.407223035633179	31
0.101165238716895	0.688504909043634	212
0.056130950591973	0.887088662758891	212
0.025067499879656	0.790462734571866	212
-0.00906779067684804	0.685784034574963	212
0.00935483557425199	0.628644395356378	212
-0.0426924326753499	0.597536176160757	13
0.00704007364351	0.731333096093279	13
-0.090438266113931	1.13862728811508	13
-0.00228617250629004	0.712644835423851	13
0.0902738555912	0.485206511394962	26
0.106164670030228	0.389334506500263	26
0.041047048267366	0.410457729601082	26
0.083862163681532	0.453278164278657	13
-0.114436315729434	0.643229934501206	11
0.022860942205791	0.382412664431375	11
-0.010226316237654	0.509827700266444	11
0.017910622193901	0.525446697934584	397
0.027393781858819	0.378567576528864	11
0.096910547667774	0.474295899786985	11
-0.00281024177292	0.423513929833892	43
-0.072820145120256	0.759754787817698	43
0.120989354290924	0.349050655660172	43
-0.023478823777768	0.517140689694322	43
0.014113723320093	0.214343367348596	43
-0.102709015492645	0.239592499387889	43
0.011661019556929	0.277070124107057	43
-0.097422849976145	0.605560295238667	43
-0.096207410810076	0.28861717253488	11
-0.044013687489411	0.48943223026972	644
-0.088095637139869	0.453024821984108	11
0.120464192989557	0.307732480655627	11
-0.00597969006982801	0.436275883273465	11
-0.042274348869429	0.738230753600139	36
0.00347482592538001	0.28835966088373	36
-0.080952225206946	0.319302162561081	36
-0.07684916774693	0.300790786639774	11
0.011110525022444	0.279156089836697	36
0.017918404578694	0.209407313181631	36
0.023007073924632	0.211714784764112	36
-0.0765603154365621	0.313562152213764	34
0.095534745745171	0.121110502077163	34
0.092352455723547	0.125048986852886	312
0.016834188168926	0.211999733631731	76
-0.09833779122246	0.454738354274883	372
0.092352455723547	0.125048986852886	4
0.092128771294459	0.120108530289818	4
0.095534745745171	0.121110502077163	605
0.01747940462895	0.212399828881235	123
-0.110871513622321	0.247125742542788	123
-0.03569161237089	1.06402653764421	31
0.122308133860049	0.480417069463061	31
0.080845443439032	0.256342705949283	212
-0.062200242522796	1.43682543740869	212
0.108200094835825	0.67675328766681	212
0.121197688711545	0.419373975023254	26
0.116209259241463	0.451079859119026	26
0.014104299043692	0.564541197415278	26
-0.012585528852358	0.593386341099085	26
-0.017718644961779	0.693558549943464	13
0.098807999567179	0.505458071973404	13
0.050847263253851	0.431971588409141	11
0.034454156787859	0.529388435973205	11
0.11164693012246	0.512017204846802	11
0.016782577272064	0.575730120134826	11
0.083786349749497	0.407778032331257	43
0.035315662427288	0.379089062360756	43
0.012654093820917	0.489733551915928	644
-0.116544443000749	0.533990752257825	644
-0.124634970900862	0.53068484174436	644
0.124126219841014	0.314520695907002	644
0.00948911763532701	0.472785173133618	11
0.033784539892508	0.371593135880354	11
0.120541305455986	0.4224836189542	11
0.012638026835926	0.216209387057835	36
0.041128129033413	0.504788951885428	11
0.010555903498874	0.281910675930462	11
0.016012072105356	0.3339828492697	11
0.013177379768783	0.276979203113827	11
0.019101393994772	0.212350476617034	34
-0.101978735090025	0.241994454171677	34
0.091856214036307	0.11915653709017	34
0.100175145150067	0.187785994103487	76
-0.059727976054239	0.378298746234197	76
0.01701278757569	0.269729902904188	372
-0.072527469847859	0.311845078400707	30
-0.105967865973031	0.242891785761604	30
0.022193789077647	0.204526005200629	4
0.093069211440958	0.12223423135792	14
0.090918013244833	0.122428835263424	123
0.022271214423624	0.211198824414354	123
0.091635389749592	0.125062886124958	94
0.103843994176351	2.04434773479426	31
0.066102108788209	0.758338557723441	212
-0.029332149032251	0.867882341575091	212
-0.035144004107685	0.58365516550149	2
0.106256377727506	0.445189482250546	212
-0.049012108376475	0.924997777290253	212
-0.038628155878409	1.17928227723481	212
0.118121780101817	0.478900626417793	26
-0.12249572160127	0.902914726120973	13
0.120188770045138	0.340588277841288	13
-0.086781876862729	0.71965777919278	26
0.012061884733372	0.528789362013187	26
0.037963177542769	0.368047835428207	26
-0.085433230023287	0.30676280429757	26
0.055221569726476	0.421209919330821	11
-0.056923994057985	0.489030866340919	397
-0.087380289242201	0.740830850277556	11
-0.022329862669497	0.600622238537403	43
-0.049413323882042	0.472237029224832	43
0.069288268838637	0.261314509954425	43
0.04481083686761	0.523964361370493	11
-0.115838892405744	0.520305405368616	43
-0.029086263792467	0.416836959711977	43
-0.018962775802936	0.443132228417857	11
0.054667936711613	0.425974122783279	11
-0.053645865280983	0.381948683586437	11
-0.08645118768564	0.300049617105738	36
0.084484801491866	0.528565294041712	11
-0.013924644988465	0.525709121077933	11
-0.04917327861459	0.544639009884954	11
0.018803469560169	0.213755792718274	36
0.108230862746882	0.186666235281736	133
0.00579088480592699	0.290111457974493	36
0.085980376425502	0.12580488589805	34
0.080492696783008	0.119369418546427	34
0.093069211440958	0.12223423135792	34
0.011899629509923	0.214720996260278	34
-0.067697359300089	0.297288366334816	372
-0.101207596303476	0.243882027133499	372
0.091412740929408	0.122778214287602	30
-0.104427627288375	0.235584071373633	30
0.023282070986132	0.255076539319142	30
0.090696400979851	0.122798470587256	4
-0.103390579376405	0.240448226622308	14
0.086915005473034	0.122358046121638	123
-0.08447230241139	0.618806915098833	31
0.038013561134932	0.772974078214493	212
-0.05402507499417	1.35851028247956	212
0.034735047413907	0.404450106330385	2
0.017702516219633	0.562178295516798	2
0.06304780317268	0.815357791090643	212
0.062751535513872	0.675676969837999	212
0.020839986922793	0.838975367493068	26
0.122654946110929	0.70287840886499	13
-0.076560543208711	0.810800127439312	13
-0.018569831230303	0.733925049156566	13
0.0000977887565419833	0.528725354865946	26
-0.055784050470759	0.376448534221697	26
0.045290971122949	0.532430025274496	13
0.068277105534318	0.381840389371773	11
0.027799931717927	0.375584374408933	11
0.084537694668334	0.339954437838638	11
0.022015197119587	0.322496140799697	11
0.110717896482067	0.351251316294253	11
0.072150760541134	0.318272826564509	11
0.000541516504375006	0.444581174599645	43
0.012950845670811	0.562533991259976	43
0.028535190071733	0.377222482049772	11
0.112220426381262	0.186296723764712	11
0.089176336471474	0.32643167035881	11
0.121179032150365	0.373620206413038	11
-0.092002424492455	0.669958550105601	36
-0.104248366603648	0.247280677660954	36
0.106425939567637	0.18977696608378	133
0.023007073924632	0.211714784764112	133
-0.059192583483479	0.366408451242149	133
0.091635389749592	0.125062886124958	34
0.016980538983306	0.207023203328499	34
-0.110098840791516	0.248270143505648	34
-0.108281285240701	0.235973537860629	34
0.019930241738692	0.210886593599904	372
0.105366502184204	0.184174866817482	110
0.071974092125863	0.264065909470939	110
0.102136233333622	0.192370991419772	30
0.029326027249095	1.11811753243565	31
-0.098486289958554	0.893056855906907	31
0.111154790564185	0.897542666829946	212
0.00425698270990599	0.577517706822279	212
0.092710708093217	0.430017845628578	2
0.07776008314669	0.475893064470519	2
-0.074256205247386	0.964091641893353	212
-0.027341162114918	0.614833749977605	212
-0.032619021884532	1.12888924083387	212
0.101801409141683	0.540672920806681	212
0.055463876342943	0.537267213057634	26
-0.058992011400295	0.774281227685487	13
-0.024460367760486	0.970323694249519	13
-0.085191973648001	0.637687389712235	13
0.106781938382955	0.383360478394764	13
-0.00618936828368999	0.449163556896854	13
-0.023528628208691	0.485966113171478	26
0.118907976690978	0.319465591756432	26
-0.098405058622535	0.454610687238633	13
-0.0838504670818671	0.553119049539332	13
-0.043637668172877	0.779833207152778	11
-0.00440451493015703	0.680478367937034	11
0.020036473379018	0.490236800005199	11
0.075984428694037	0.345009338426704	43
-0.0706689386637061	0.600057698361447	43
-0.09786948347541	0.573750739587023	43
0.028862670469128	0.38355168622621	43
-0.017611527682392	0.383361443667278	11
0.091478124936204	0.475064978897765	43
0.07405387517516	0.263233892716592	11
0.079034959792058	0.302874564806995	11
0.037880560326265	0.442203637293149	11
-0.11910570043191	0.518997926517196	36
-0.0920209624257891	0.427291686738697	36
0.024414948568752	0.388753897829211	36
-0.0673745322446651	0.508627908307113	36
0.090102314606037	0.430783938504415	36
-0.028409474562598	0.491864711809114	11
0.105839676225759	0.18837377358498	11
-0.024027039631991	0.40545958040835	11
0.013947461606259	0.279257802773699	36
0.020649064218917	0.205830568369532	36
0.027217106604517	0.201186652091851	36
0.017425221617308	0.209709733648397	133
0.022121423180127	0.2081037313009	133
-0.105877973349914	0.248295887545134	34
0.094009592966652	0.118947703582815	34
0.093069211440958	0.12223423135792	34
0.08525651924473	0.123952726570493	80
0.023007073924632	0.211714784764112	76
-0.059954255041618	0.365798807310425	76
0.018654313891254	0.20734134666741	30
0.095534745745171	0.121110502077163	260
0.092352455723547	0.125048986852886	14
0.092574318126688	0.121589010675069	14
0.09647676885893	0.120758066909653	123
-0.103478487420466	0.245263850016126	123
0.092352455723547	0.125048986852886	53
-0.091979631967978	0.64267964028672	31
0.011841910385064	0.339067588733126	2
-0.058755247075759	0.649492020306988	212
0.123647333824144	0.285991890430576	26
0.012506833631549	0.350548445539354	26
0.08995795727722	0.401205632446486	13
0.046727531175247	0.430728464546065	13
0.119917574466698	0.285455603573559	13
0.01625544215142	0.27881849714737	13
0.081383335026169	0.254954829203518	13
0.013278478607138	0.273627418923337	26
0.00791451614694599	0.281405252259401	26
-0.0821232828678931	0.311021446905296	13
-0.063921286401032	0.676444601306912	11
0.07953707854304	0.609694597986443	11
-0.120523133177744	1.02060114730517	43
-0.072482799096565	1.13160549831515	43
0.01983762033073	0.212868881619307	11
0.10521260005214	0.191225015503045	11
-0.0944420379170871	0.443445234098634	11
0.041333404588319	0.43166947453582	11
0.032844782225057	0.585330290921514	11
0.04123944884297	0.412014697411199	11
0.047592296497824	0.673503743392133	36
-0.091238515925909	0.538381110674619	36
0.070505432484533	0.25382215543054	36
-0.078059095876248	0.807356490231527	36
0.021737513193241	0.452657431378297	11
-0.102632864894713	0.614266257317859	34
-0.052601585102606	0.373033318415551	34
-0.087464824617564	0.504469563777014	110
-0.0867811956257441	0.446923637868755	110
0.076426991211114	0.388634106904315	30
-0.05701516346973	0.384209048121657	123
-0.069514103121111	0.305123039946302	123
0.011907799924189	0.283515663883884	123
-0.102118424243639	0.240196375235319	123
-0.021395709937753	0.815691172680246	31
-0.063792413107842	0.571891899780245	31
-0.061409337326636	0.829245217601495	212
-0.033296854646489	0.924111666540995	2
-0.124908985387259	1.06886807666908	212
0.073413271467533	0.810093889586464	212
0.086512808181833	0.719702458584499	212
-0.0920159196456069	1.30559903154698	212
-0.016332769802247	0.427441937270455	212
0.071010920256642	0.259468239362392	26
-0.096629940657582	0.780226623155068	26
0.084245480505646	0.498302768991566	26
-0.03788460202124	0.579274596446572	26
0.043070314746842	0.597980361404243	26
0.077472784695546	0.255565779516375	13
0.05209054704323	0.420535839801842	13
-0.078217617330113	0.293997053977508	13
-0.082620972287787	0.317619938411069	13
0.104693227870256	0.184235537614599	13
-0.066017362081702	0.273190328516659	13
0.105682168044272	0.18994603125229	13
-0.07886268991145	0.998402117170574	13
0.014736022946567	0.347828127040564	13
0.058994267161026	0.600040023521192	11
0.081203390121745	0.578113289354546	11
-0.011417183122576	0.516903856630796	40
0.078229810169802	0.472179174503955	43
0.022191319685249	0.496704197506462	43
0.066644596813159	0.880069673445581	11
0.018456121355013	0.212720733279898	106
-0.075657652527701	0.312420285575349	11
0.042656580666383	0.51914918729775	11
-0.076448625489482	0.725505234013774	11
0.024994009266716	0.331890714558024	36
0.058994839147218	0.437849105863919	36
-0.095979714451783	0.451717184018906	36
-0.065998546666067	0.763459989054871	36
0.00290702505367402	0.547380005871219	36
-0.0861815160618919	0.990450873991041	36
-0.044534199663135	0.364114439616713	11
0.12129510143835	0.282052859224904	399
-0.106738597158114	0.242917777601873	34
-0.044411779774055	0.455138668894602	34
0.014259693803074	0.216485010321711	34
0.085980376425502	0.12580488589805	110
-0.106648890775968	0.246331229661046	76
-0.000169914624643996	0.434435410876913	110
-0.033256241138001	0.502710797401107	110
0.06655925880824	0.316394747019449	110
0.089886520108577	0.11993937786539	4
0.083131532611168	0.301153378551653	14
0.101543009771294	0.188049590493312	123
-0.106182434761098	0.244816776765651	123
-0.075807912796508	0.312759471781369	123
0.104461632844783	1.6948059409293	31
0.095783939531269	0.737742207477758	212
0.091635389749592	0.125062886124958	212
0.112906903391185	0.176461343220416	212
-0.0923021848189211	1.42910608740496	212
-0.075008220053344	1.56344064289749	2
-0.056896757265699	1.4923002078828	2
-0.00188870855541901	0.659478901573603	2
0.016964871539143	1.03191728844348	212
0.049744813276606	0.621042711226985	212
-0.11795145874901	1.30763527471833	26
0.033479347554986	0.829213623062627	26
0.042743725793085	0.84780788486868	13
-0.055307140329986	0.649130400394177	13
-0.09269379854104	1.2179034271558	13
0.091490600565392	0.606545667229554	13
0.100774698283083	0.719562203442171	13
0.052311534713299	0.773734549345406	13
0.029467091374553	0.662136994646688	13
0.038955827694264	0.415363933970118	13
0.068389149587357	0.686482540371668	13
-0.046852978595863	0.368592090912282	26
0.01734004825152	0.586160336601668	13
0.037864658639794	0.615705676410724	13
0.116618164325519	0.502954190345374	13
-0.101141076071211	0.748928809104744	13
0.037624324272405	0.590933326816514	13
-0.00558689713214899	0.571865407149065	13
0.013623964490232	0.562167243530688	11
0.079124841165436	0.556748354244224	11
0.084139982998711	0.476719361626548	11
-0.101459901374963	0.736839228109453	40
0.033914846697029	0.484603493631625	40
0.081803621009786	0.303244503064624	40
-0.090396393741445	0.663187036540221	40
-0.0488200779158821	0.62747701156847	11
0.00420153724118	0.538089408931932	11
0.015695942576128	0.348576522518946	43
-0.00571097859988701	0.50729345173134	43
-0.04521456900664	0.667251653681894	43
0.095069320014919	0.3189516097318	11
0.064016298278486	0.258360691688431	11
-0.093679627243434	0.442313384485006	11
0.053137544283622	0.471751189462226	11
0.077293694143559	0.256951354341444	11
0.111097777034697	0.348457248715896	11
-0.100436875507951	0.243859923513718	36
0.021774090994556	0.202090234930579	36
0.018456121355013	0.212720733279898	36
-0.055058682867064	0.536037285700503	36
-0.051199839810585	0.458781348543914	36
0.00820196500300302	0.536109599474655	11
-0.028807843617472	0.395961548406387	11
-0.00263196069400595	0.426528370963896	399
0.014405530255508	0.21458474823811	133
0.021610580816248	0.264372238492812	34
0.086640309926084	0.250633493522339	34
0.017330832173286	0.213970944144032	34
0.091635389749592	0.125062886124958	34
0.09647676885893	0.120758066909653	34
0.025513458798075	0.205457146255742	76
-0.123852323128731	0.388510879064185	76
0.075222415688332	0.259454228438887	110
-0.114060523964527	0.512766549909186	110
-0.028939424636713	0.425461569728464	110
-0.101978735090025	0.241994454171677	110
0.090918013244833	0.122428835263424	4
0.093292111011753	0.121566231332134	4
-0.105107464173874	0.248281748462392	4
0.091412740929408	0.122778214287602	123
0.092352455723547	0.125048986852886	123
0.101232874844203	0.193169112263054	123
-0.105411619598746	0.243584912065417	53
-0.083850714702003	1.18788746090777	212
-0.121660351657329	0.664227017949462	212
-0.079587731000568	0.730131362087588	2
-0.085884561191278	1.08661591886892	212
-0.00852259296208102	0.940309459184265	212
-0.023657558429153	0.986248531617791	212
0.065147345414197	0.747081271978662	26
0.00131570890479499	0.991540235372892	26
-0.099691231891719	1.26606273055699	13
0.043089872173337	0.54366583814319	13
-0.0852409252555481	1.08461382731768	13
0.043785075769824	0.764673495249591	13
-0.0870937436775679	0.918750732793099	13
0.123783032788954	0.309430735140529	13
0.048153795620307	0.441883670505957	13
-0.015112965451602	0.529440374441754	13
0.072093526674645	0.390349111075463	13
0.025107349874891	0.389393095016785	13
0.050591586273112	0.439199989466638	13
-0.067884141191046	0.826574123195069	13
0.117467316287019	0.321694445239849	40
0.029846953680482	0.381141363302704	40
-0.057129669824835	0.563913501633111	40
-0.059026840040866	0.837032485718121	11
0.051552841593552	0.436306378453877	11
0.042580215606122	0.448386583306723	43
0.000257873661240027	0.469076910071457	11
-0.09023363565375	0.758933158360587	11
0.032017541456501	0.381898508461295	11
-0.092002424492455	0.669958550105601	11
0.123603459981403	0.338533342021895	11
0.039478391615831	0.406604093205917	106
-0.033962265824407	0.504320664669796	106
0.077990122116406	0.482433104254818	11
0.008662835943472	0.278109052407892	11
0.034372049231248	0.379698170599771	11
-0.117805582036279	0.508339834471262	11
0.123179692671017	0.283524284412542	11
0.069561426568454	0.312352820517073	36
0.103714602422789	0.189200632320942	36
0.102291798521985	0.189635918531919	36
0.075681985358768	0.294245679690774	36
0.018910544601647	0.336760295057521	36
0.021112223386599	0.380370544163928	36
-0.074036278330779	0.305690018427068	36
0.053214462464411	0.389752820485367	11
-0.086062688568075	0.442703002483866	133
0.013993643476615	0.398490846557002	34
0.01284392313365	0.284905739578718	34
0.092352455723547	0.125048986852886	34
-0.110231891392282	0.248016860367681	34
-0.115092866829501	0.241262756193267	34
0.086915005473034	0.122358046121638	110
-0.115843165102988	0.531333642152454	110
0.093292111011753	0.121566231332134	246
0.08576848041998	0.121559855808552	246
0.096254186329744	0.118495473551821	4
0.093069211440958	0.12223423135792	4
0.090696400979851	0.122798470587256	4
0.018067333032762	0.214500333823115	68
0.106116515875357	0.19145585023457	123
0.110572137326542	0.188160594783897	123
0.092574318126688	0.121589010675069	123
-0.105789348353789	0.245350537511065	123
0.091856214036307	0.11915653709017	123
0.094814992493986	0.121133837036836	123
0.060080845834137	2.35157220598894	31
0.097710275069304	1.17415088964927	212
0.03698705305423	0.510917089754384	212
0.031333323121873	1.18388784096642	2
0.089008427231338	0.52043787849424	2
0.025635921734223	0.702141042075254	212
0.00731820385165499	0.952929552342836	212
-0.045056284600544	1.05845808705021	212
-0.073630334468353	1.18556952821083	212
-0.042182409138659	0.941635004075396	26
-0.00225886635581496	0.973076857449001	26
0.093368467867428	0.824007486591509	26
0.042270463558666	0.7986733893262	26
0.043145157431836	0.581479176243899	26
-0.121451440304016	0.789789620501095	26
-0.064661141104247	0.795677348647625	26
0.070696708770445	0.597893922644781	26
0.074095646433685	0.809906888026063	13
0.123635912548908	0.409447123586793	13
-0.045589146091357	0.803878169742805	13
-0.013391153589337	0.880800621940677	26
0.117026320672439	0.508585809231087	13
0.059983033220172	0.73153523531992	13
0.052006860599882	0.756925903604852	13
-0.114263684720785	1.0620252140844	13
0.087155180224867	0.467987560349088	13
-0.03110441401076	1.13300883129287	13
0.05817554397324	0.571771828601525	13
0.013010137365097	0.341405099434483	13
0.022494876546395	0.649234565762752	13
0.084380225422046	0.409606876018114	13
-0.012206686885431	0.760075085168646	13
0.102458284209254	0.613267624845524	11
-0.055314466886361	0.486927511271369	40
-0.0809653857978	0.704116975400941	40
0.044137078574238	0.408864205773463	11
0.053483291490084	0.491023038186761	43
0.052987236662182	0.471032931167216	43
-0.00833664982068205	0.439749192211995	11
0.03748673143361	0.406733374614059	11
0.016225954938821	0.348983822698142	106
0.00744455363561802	0.479770550005748	11
0.017330369090282	0.451185604151372	36
-0.089210821905651	0.452079451165558	36
-0.084444565440192	0.43994267706765	36
0.09693606058123	0.188366934603482	36
0.082525886998468	0.346760652241323	36
0.041824592677199	0.367351260710542	399
-0.051758701385606	0.385087061631314	36
-0.056831599024373	0.382369287341946	36
-0.062095826829231	0.354362167626116	34
0.096254186329744	0.118495473551821	34
-0.111777649370352	0.248129602538127	34
-0.080195750301145	0.317467856619979	34
0.119281595220044	0.167494821460414	34
0.023007073924632	0.211714784764112	76
0.00347482592538001	0.28835966088373	110
-0.111777649370352	0.248129602538127	110
-0.053136519315193	0.371579101732394	110
0.018952496543016	0.214889758599387	110
-0.051088343669927	0.367590741467987	110
0.010972009355451	0.277547532139434	246
0.018803469560169	0.213755792718274	30
-0.000678850877806947	0.287195652184226	30
0.08504567389839	0.123556715541549	4
0.092574318126688	0.121589010675069	4
0.093292111011753	0.121566231332134	4
0.092352455723547	0.125048986852886	123
0.020424131595298	0.211942207610384	123
0.012120940152877	0.207681744320737	123
-0.105107464173874	0.248281748462392	123
0.093292111011753	0.121566231332134	123
-0.105877973349914	0.248295887545134	123
0.049152522311555	0.709378274999434	212
0.094329867630228	0.801182456814896	2
0.117954856176212	0.660802105289566	212
-0.059854058542865	0.873227113108444	212
0.124360230538858	0.600262297375421	26
-0.080865747212758	0.820625313138787	13
0.033616334767916	0.592589769736708	13
-0.021673640910749	1.01724750805183	13
-0.06881062433786	1.32135483886471	13
-0.033307495564894	0.84674990649785	13
0.009453667146956	0.774105217429967	13
0.033033988755986	0.405489193685359	13
-0.063362339545936	0.967129642202288	13
-0.056368198626633	0.876993909952002	40
-0.104503913788882	0.922266128530114	40
0.058663027132523	0.516267255050955	11
0.095459610540985	0.389946768638697	43
0.05197371600455	0.390705758525974	43
0.014812599867608	0.325808852083161	43
-0.06726371491567	0.291246838528803	43
0.073690301751603	0.248493058777878	11
0.049880136098308	0.494186244428244	106
0.124873135015491	0.405556764723557	11
-0.023675108517959	0.681498170248103	11
0.094611148166458	0.320166631949072	11
0.019044729613701	0.45135928234547	36
0.103631540605373	0.189618727011766	36
0.011160865674809	0.210367977750125	36
-0.102889977137709	0.238400518545906	36
0.015911099300145	0.344395293186604	11
-0.10335528394788	0.685827734872467	11
0.118615838405427	0.3381056156429	70
-0.00715978812648499	0.442190224699617	36
0.00391490930383798	0.288130624211606	36
-0.056041157073436	0.367492219884154	36
-0.056362002004048	0.380676572180939	36
0.078060276024615	0.25627648245035	133
-0.072676672760035	0.311832330079292	34
0.114968462576597	0.172065629777731	34
0.00485272624211403	0.290261959343017	34
0.015734381940275	0.209981934323021	34
0.011754208125398	0.211818482508777	34
0.077293694143559	0.256951354341444	110
0.092352455723547	0.125048986852886	110
0.073900527946194	0.31532944075766	30
0.090696400979851	0.122798470587256	30
0.018803469560169	0.213755792718274	246
0.008248330180125	0.282344636307427	4
0.098086116476848	0.186314764076521	4
-0.106820056700271	0.234336774769145	123
-0.105018653446507	0.247296557897613	123
0.096627471557502	1.121156615676	212
0.077919943547891	0.775996654932563	212
-0.027991536638275	0.424901015187434	212
0.02743603565917	0.326828104570809	2
-0.050977453747914	0.547299615828203	212
0.108916907041906	0.713689273956152	26
-0.119355935107062	1.42534654566316	26
-0.069051926725891	0.829043620650465	13
0.055711366184823	0.871638273147666	13
0.110310820246519	0.652986776377072	13
0.10631801401589	0.708999906084909	13
0.108928363846858	0.568338868516635	13
-0.012240854568512	0.725162037075782	13
0.077189852578432	0.640514754602667	13
0.058307422528063	0.736255496360517	13
0.115121787507888	0.679390919595204	13
0.105773316156621	0.393156425885832	40
-0.009508519800983	0.96597910681421	40
-0.06759450681942	0.946434675143253	40
0.066556749903577	0.751807178238814	11
-0.0588056977642431	1.01149803944421	11
-0.116651702517478	0.513569649028482	43
0.103944883378782	0.184928246395349	43
-0.056252975882771	0.384153428894406	43
0.078861095273134	0.386243941155633	106
0.048993465628086	0.721564221530345	106
0.071561656777375	0.536660718762692	106
0.01968362983009	0.379330412075291	202
0.081683356753266	0.300570423279926	202
0.010130681982714	0.342884143798381	36
-0.111004560375104	0.24928574573673	36
0.107010434714647	0.18561552860019	36
0.021458427879438	0.206546786354545	36
-0.022999357676515	0.519011541830319	11
0.018952496543016	0.214889758599387	11
0.018368206820767	0.274375538147144	36
-0.092717096899708	0.461503743231405	36
0.080248155090594	0.33669074571078	36
-0.03603341025444	0.515115434003766	34
0.108987132384345	0.168591878584638	34
0.092352455723547	0.125048986852886	87
0.095756285186876	0.120782017445107	34
0.08525651924473	0.123952726570493	34
-0.113421635286521	0.231195792879868	34
-0.110098840791516	0.248270143505648	34
0.075759393475285	0.255384468438561	34
0.07360180347129	0.316682631841997	34
-0.028660076367418	0.410934125343742	34
-0.109983793621256	0.714322129281309	110
-0.014859279840576	0.437877165060243	110
-0.073430296764966	0.311196836513682	4
0.111591079695719	0.180206408761063	4
0.092352455723547	0.125048986852886	68
0.092574318126688	0.121589010675069	68
0.102136233333622	0.192370991419772	123
0.091856214036307	0.11915653709017	123
0.107453776782053	0.447801552655577	212
0.042529698561753	0.412891951858442	212
-0.00431905330522397	0.983251897534755	2
-0.098902498474228	0.46362419009667	212
0.041188528313901	0.785016827030664	212
0.039424910076658	0.588658580735174	212
0.0000343661939269935	0.707784600114095	26
0.111288374569035	0.494624080774331	26
0.097798742532005	0.658008304581992	26
0.017791548474594	0.874734231855265	13
0.025552806983524	0.492956962525802	26
0.073693011046634	0.265095156540735	26
0.100155769888091	1.14248342509362	13
0.039970471623123	0.705745045383639	13
0.084932487213367	0.593379354307387	11
-0.00276744234355697	0.277940286168426	11
0.00198759379591401	0.277195629921814	43
0.075339780566668	0.311760454827226	43
-0.113241305017177	0.517293070001924	43
-0.054619629742947	0.484273090487131	43
0.085980376425502	0.12580488589805	11
-0.05871217844983	0.807737028809303	106
0.037749286575635	0.656808634001735	106
0.009344708525788	0.637815458977669	106
0.09337667275432	0.419799439410798	106
-0.014926196496747	0.593563425916672	11
0.111475244655921	0.186468662315368	36
-0.048004755377635	0.368936146082327	36
0.030155783876648	0.194619926025055	36
0.026481529188057	0.199520124723341	36
0.079800972643144	0.349747508112138	36
0.092352455723547	0.125048986852886	34
-0.091889846553354	0.464615360690631	34
0.018067333032762	0.214500333823115	246
0.00253675990584201	0.288515723163902	4
0.106425939567637	0.18977696608378	123
0.089160261066708	0.121896646860028	123
0.018216132862307	0.214354093334262	123
0.016445493282292	0.20963513809871	123
0.093292111011753	0.121566231332134	123
0.013376057992579	0.216089748639388	123
0.014668167713347	0.45711491956569	212
0.099354393203857	0.421800943562898	2
-0.107437119491566	1.69137872220103	212
0.076016674746363	0.307470566864268	26
-0.00316714572410204	0.469827508936052	26
0.03755655581772	0.661712412925104	26
0.122344524345261	0.522113241693285	26
-0.060037238270351	1.03773224606549	26
0.039376912685453	0.994136738029931	13
-0.079123618856909	1.65061547094267	13
0.050110721700971	0.930979978982799	13
0.056753806380276	0.837539786332509	13
-0.114378152892413	1.21060245286295	13
-0.00623008765426003	0.819882040149729	13
-0.105877973349914	0.248295887545134	13
-0.016552643691792	0.950275063199953	13
0.069712738445236	0.710121722779192	40
-0.105022791842633	1.31001053317508	11
-0.053178079597937	1.11918451809209	11
0.00806884069145503	0.292166680448418	43
-0.119409395128606	0.667069648047875	43
-0.119875572463048	0.985348670300222	106
0.108325648306614	0.487563928939586	106
0.00128392770894897	0.480050113479726	11
0.026603003038277	0.384784280445477	202
0.08504567389839	0.123556715541549	25
0.082065351752861	0.343244537758717	11
-0.08110883370959	0.315729685393722	36
0.08576848041998	0.121559855808552	34
-0.029795540058144	0.416247177393515	34
0.116269497540948	0.315955157392416	34
0.007050546166955	0.2070230250529	110
0.014405530255508	0.21458474823811	4
-0.020502224541763	0.409931234099483	30
-0.105107464173874	0.248281748462392	30
-0.07806617992131	0.310779020522935	4
-0.0866411957858499	0.30769893687224	4
0.09647676885893	0.120758066909653	123
0.091635389749592	0.125062886124958	123
0.023742569638732	0.2109789444204	123
0.08525651924473	0.123952726570493	136
0.013328332370491	0.736097400686471	212
0.073439440478841	0.262922355548905	212
0.073900527946194	0.31532944075766	212
0.080120181173941	1.01798054589999	2
0.016032497077899	0.886471955130553	212
-0.119317202728258	1.32976823149627	212
-0.068263776297382	1.33300030138099	212
0.065611649595648	0.614555457143669	212
0.054818001487976	0.687350995075312	212
0.061757628928588	0.760691361692061	26
0.00403650690549401	0.759389090010735	26
0.051971993188624	0.686079966623974	13
0.111719793294827	0.412343907888532	13
-0.063486174842733	0.760876435820381	13
0.091954655423892	0.750222861732261	13
-0.028365376300482	1.23512497673594	13
0.065834276524843	0.695567029566517	13
-0.045683057386637	0.888045632231876	13
-0.106779639426085	1.02703490997556	13
-0.042441360299007	0.557833153207042	13
-0.002504487636663	0.794965074812418	40
-0.079052592511485	0.912040923024413	40
0.00516106624551199	0.631643357642479	11
0.007870177369874	0.25946726430108	43
0.015764617891826	0.531047814471975	43
0.095758040700356	0.420047700399932	43
0.043859345926471	0.388309772837494	106
0.043561902841684	0.398135513775102	106
0.108567950397622	0.40221295591601	106
0.101775866305888	0.371977639477104	106
0.011099021162629	0.453414278977445	11
0.111833443685172	0.385581863578808	202
0.023742569638732	0.2109789444204	202
-0.062858709180963	0.485785116433903	202
-0.115993201025748	0.242202223539703	36
0.057850486974819	0.449828051878189	70
0.100144933273199	0.402274677543819	70
0.081325491003385	0.302346638262195	36
-0.056362002004048	0.380676572180939	36
0.118356499844649	0.285855684568022	36
0.00938412251086801	0.340358679030426	133
-0.115993201025748	0.242202223539703	34
0.007932835827622	0.211041628115621	34
0.028411916295828	0.319771001353124	34
0.110414337099916	0.187779304343989	34
-0.078647466916447	0.53172508115258	34
-0.07806617992131	0.310779020522935	110
-0.103478487420466	0.245263850016126	4
-0.110871513622321	0.247125742542788	123
-0.105018653446507	0.247296557897613	123
-0.111777649370352	0.248129602538127	123
0.077139831590603	1.88024000123075	212
0.071699254392895	1.80863270185895	212
0.090665466494778	1.56153366835427	212
-0.00877901008065496	0.443128178687274	2
-0.0399204527286789	0.561970978372906	2
0.013183074812874	1.00532940192389	212
-0.00752400912888296	1.12234823046227	212
0.079670273941323	0.667825312659975	212
-0.00270962173915401	0.682315508826495	212
0.02981986469381	0.616401549678402	212
-0.00509343676227803	0.610749033872435	26
0.066930444931182	0.915320757016194	26
0.122517255475438	0.57912663213631	26
0.01694542050673	0.498446354344892	13
-0.042943887622783	0.357266465527003	13
-0.104254485157389	0.605930224049007	13
-0.0974739467472791	0.455326091658095	13
0.064555921047754	0.907053475574222	13
-0.042921148484262	1.27159773430301	13
0.048514936118461	0.908585378423237	13
0.097019497070293	0.778809129870525	13
0.081647576342703	0.819972291729655	13
-0.092275005841696	1.21306494860525	13
0.027422027625366	0.833560098594375	13
0.050594543072632	0.769887593647895	13
-0.05240122536371	0.997938982757138	13
0.116212643479435	0.596176000041325	13
-0.119272916799174	1.12601637729922	13
-0.015235771613894	0.956395071222482	13
0.094565871349426	0.422797495938438	40
-0.080281755160313	1.01238502421046	40
0.072163917356167	0.662777671411537	40
0.029479611248947	0.889546926709714	40
0.091635389749592	0.125062886124958	43
-0.086036266393323	0.312512087261597	43
0.12490519577221	0.314689402054065	43
-0.0473031250593891	0.465150103841619	43
0.024042655789844	0.205691064929218	11
0.037641120938116	0.376137356822679	106
-0.032968726991963	0.511430012124375	11
0.091635389749592	0.125062886124958	127
0.075505532895735	0.421191261215257	11
0.019746752991172	0.482429422478795	36
0.072636463210113	0.317261201589287	591
0.052597534748496	0.43495308383465	591
-0.056524094020141	0.46295695663705	591
0.013521801337319	0.216603883174242	34
0.00364411757571898	0.472754612537493	34
-0.014194983908015	0.440378445971755	34
0.091635389749592	0.125062886124958	4
0.090696400979851	0.122798470587256	246
0.020722703036203	0.207247878806472	246
0.020573482568089	0.212131776935875	246
-0.107725320276145	0.238972548824834	4
0.013521801337319	0.216603883174242	123
0.071982687480249	0.962316390376324	212
-0.00352366615650102	0.972424118825105	2
0.097103039557215	0.945449883516939	212
0.084543223282453	0.653769762130989	212
0.073482995628784	0.949091547099809	212
-0.00958060320888998	0.862637607065674	212
-0.12253010724429	0.537533951042479	212
-0.102363619673531	1.15645378557715	26
0.035032348057995	0.411142174913153	26
0.094786887000888	0.767492139871861	13
0.068004059556598	0.83387617533302	13
-0.084224882201984	1.28292959468482	13
0.065018251533348	0.71991713790438	13
-0.014083506965163	1.09930917213647	13
0.115294482386657	0.663917967892686	13
-0.00645477661674299	0.776860151599207	13
-0.00614773391808998	0.820021999411913	13
-0.019017270703066	0.535104579770111	40
0.038569202313	0.551662927462233	40
0.03615695702163	0.638220662786717	40
0.100981480831207	0.658535875610223	40
0.045143361732171	0.396257974295683	11
0.106267611888598	0.187859993743685	43
-0.100436875507951	0.243859923513718	43
0.120787181033477	0.319098363242444	43
0.085980376425502	0.12580488589805	11
-0.028185134435084	0.682590983619881	106
0.085710110877341	0.566023828060979	106
0.077293694143559	0.256951354341444	202
-0.061378916405479	0.755943913917398	70
-0.078522772609846	0.312426496830549	36
0.02620816318968	0.3789666901068	36
-0.036742158954161	0.476794344324699	36
0.029939504283639	0.384103384453316	591
-0.07711885059619	0.546786752502344	591
0.089979751172428	0.12031277846722	87
0.072671263780249	0.26425782874764	34
0.090696400979851	0.122798470587256	110
0.090696400979851	0.122798470587256	4
0.087639281335227	0.120398139160621	4
0.090918013244833	0.122428835263424	4
-0.050329265637171	0.366161806160848	4
0.012638026835926	0.216209387057835	30
0.112965260135456	0.185183489808875	30
0.020573482568089	0.212131776935875	4
0.093069211440958	0.12223423135792	68
0.093292111011753	0.121566231332134	123
-0.046213972752723	1.1680172003481	212
0.01710912668705	0.599107472512734	212
-0.079525501641723	0.307963652159975	2
-0.031764989182937	1.00174303028738	2
-0.076068306950389	0.628989408550062	212
0.092352455723547	0.125048986852886	212
-0.109413374531941	1.37543172568837	212
-0.037436590653698	0.849275750583975	212
0.022528661524322	0.327746765089217	26
0.019044307161487	0.496177752678928	26
-0.012417072556181	0.873981038004269	26
0.048299820463983	0.62845654532561	26
0.037480216009856	0.592724252962031	26
-0.059362063370816	0.810524592170524	26
0.0814457069305	0.300856281905017	13
0.010383958572156	0.28953598518632	13
-0.083180528035859	0.832000103635795	13
-0.048961523120195	0.834133046199108	13
0.023518281935546	0.604466420270124	13
-0.0632070741234	0.79065883691816	13
-0.013321603782311	0.526827535288988	13
0.00812474975941202	0.732591824187709	13
0.05076027541669	0.520927210183421	13
0.042509851031532	0.438741474835816	13
-0.123240394011406	0.791887225380778	13
0.0202634700026	0.699155699573576	13
-0.054435551522355	0.479821372664032	40
0.043083422579562	0.65727223120723	40
0.0000955886464940048	0.287048120855171	40
0.068834006243102	0.310879273810231	43
0.091635389749592	0.125062886124958	11
0.013521801337319	0.216603883174242	106
0.021378961509251	0.321753593401006	11
0.11174712631148	0.181377320604383	202
0.085980376425502	0.12580488589805	202
0.091412740929408	0.122778214287602	127
-0.106182434761098	0.244816776765651	70
-0.031162707464041	0.40632360627732	70
0.08504567389839	0.123556715541549	133
-0.053463246971757	0.384383647268388	591
0.117560744872954	0.28024161917793	591
-0.102118424243639	0.240196375235319	87
0.094009592966652	0.118947703582815	34
-0.080035842955686	0.318133820149999	34
0.106116515875357	0.19145585023457	34
0.00569259578092302	0.343693805964718	34
0.024628037486991	0.210240612003072	34
-0.074791214948326	0.297886367340402	4
-0.071773597355512	0.312488527181359	30
0.091412740929408	0.122778214287602	4
0.08525651924473	0.123952726570493	68
-0.10433736284281	0.24624931470742	123
0.124480030351033	0.945647568352603	212
-0.053120832821278	1.02375975274215	2
0.045492685006934	0.957007365821479	2
0.059698373429397	0.84587896176063	2
0.077293694143559	0.256951354341444	212
0.04139622892321	0.439888180194759	212
-0.065541936985421	0.839771632711954	26
0.040599196888256	0.742111704077926	26
0.07777615943827	0.257367956343466	13
-0.054016253902952	1.1259785831524	13
0.078667117184636	0.814471037130852	13
0.12432654184439	0.385721430211759	13
-0.042149401449632	0.830094473226197	13
0.04962586467344	0.398919812777955	13
0.076385827226308	0.303795848210866	13
-0.037683387396661	0.710277539613245	13
-0.052613463801891	0.840566071945325	13
0.062269633749152	0.461757436999903	40
0.120555703736706	0.476467479237225	40
0.0339160058361	0.67503083281757	40
0.014118484962614	0.784175350222537	40
-0.043362700972817	0.668308468114433	40
0.104780927806675	0.189149018408881	11
0.108815095106288	0.185596438759554	43
0.094009592966652	0.118947703582815	43
-0.092124104190602	0.464245816659646	43
0.100330160122888	0.192337287990876	11
0.085980376425502	0.12580488589805	106
0.025546631135098	0.385966971767406	106
-0.0237654094529161	0.588980690028524	202
-0.121664427217475	0.729385020821163	202
0.10521260005214	0.191225015503045	202
0.076463454660741	0.256454147973544	202
0.00347482592538001	0.28835966088373	11
0.090696400979851	0.122798470587256	127
-0.10433736284281	0.24624931470742	36
-0.101347289716107	0.24016620508867	36
-0.111004560375104	0.24928574573673	36
-0.00873080318084896	0.454662122478494	36
0.020612442940705	0.336985409521601	591
0.094009592966652	0.118947703582815	34
0.018952496543016	0.214889758599387	34
-0.089452707782135	0.462800884222153	34
0.016445493282292	0.20963513809871	246
-0.105877973349914	0.248295887545134	246
0.101543009771294	0.188049590493312	4
-0.101068498338433	0.237121589947158	123
0.011754208125398	0.211818482508777	123
0.055649476802545	1.23675523093216	212
-0.085130564052019	1.37141938817276	2
0.124925431922943	0.871447413796495	2
0.017033217239942	0.68820679376706	212
0.118952929611576	0.721222580010497	212
0.092536456028883	0.555834728365834	212
0.099677988348744	0.529849796918601	212
0.073335518412814	0.567360570562102	212
0.076388644478422	0.795161982354386	26
0.047429705464444	0.579168186903848	26
0.095074654093273	0.510060380094373	13
-0.081982493744861	1.3142349982539	13
0.116922833634776	0.779859955067308	13
0.11346625821585	0.464011499992802	13
0.087870288700032	0.484813878926628	40
0.000548225275115	0.89998302613235	40
0.087182556683976	0.670204739599625	40
0.11579589151041	0.442815881305591	40
0.071723940239523	0.261947220095584	43
0.11038876511831	0.323556349575439	43
0.015880671876097	0.212738774248593	106
0.019101393994772	0.212350476617034	106
-0.000227930074445992	0.608894444780544	106
0.017541200697826	0.713835282264144	106
0.000681680883175995	0.714302648218187	11
0.09616744765658	0.456050458252402	202
0.115154711141782	0.459932818223186	202
0.122167236463787	0.365699163701634	202
0.087344636329406	0.364952356825015	202
0.020814095314146	0.206149070749345	202
0.029624754422298	0.386916819883328	202
-0.08155034189914	0.316567492886617	202
0.086915005473034	0.122358046121638	36
0.018456121355013	0.212720733279898	36
0.032924699699875	0.609952233910136	70
-0.031352630823028	0.621189058606976	70
0.00397278691610198	0.550999272344711	11
0.018952496543016	0.214889758599387	36
-0.00685102406982896	0.446409785310183	591
0.085980376425502	0.12580488589805	87
-0.099666572283815	0.241890510685238	34
-0.11125503881179	0.509776495388685	34
0.017425221617308	0.209709733648397	34
-0.0889748031919499	0.453377413664303	34
-0.103023933348762	0.230644232433531	519
-0.06602627143653	0.29152521821289	4
0.0784191223707	0.253049992013609	246
0.080293572123464	0.122271201011872	123
-0.110098840791516	0.248270143505648	123
0.090696400979851	0.122798470587256	136
-0.00579167369398304	0.453428803751995	212
-0.018166736839673	0.410539110264257	212
-0.062584884036429	0.759713844563578	212
0.088908888642341	0.370734116351087	212
0.049154614038009	0.743044752258229	212
0.097878196228071	0.795300798965685	538
0.089610195403213	0.764084006368593	212
-0.04749655057506	0.574112086892012	212
0.084763740667526	0.622698915000117	212
-0.111631136952185	1.19208737091618	212
-0.0843763989067971	0.557760783715812	26
-0.084681986074683	0.555365299937929	13
0.105496102626235	0.654218815015214	13
0.07870196286913	0.552607287277792	13
0.12017736806097	0.770230157078211	13
0.119524549513881	0.605623860325504	13
0.056130030224999	0.65592824733686	13
-0.041237487504099	0.82444952496098	13
0.120620530226285	0.594223638433472	13
-0.071401599017055	0.938950466775633	40
-0.0919045308200131	0.684230890508225	40
0.108880843339574	0.416286396783956	40
-0.037831969440261	0.852075702307967	11
-0.057866857111713	0.877544685225523	40
-0.107939261804598	0.989502382976512	40
0.070240175334946	0.26111023513272	43
-0.059749883555249	0.558742582664394	43
0.025745587859853	0.195488349741139	11
0.00719290481899498	0.210280309226661	106
0.093257050315768	0.487211703776681	106
-0.0120014976910749	0.693822209438863	106
0.1156688883978	0.337428168657044	202
-0.059140632995594	0.622610031870734	202
0.124467875880068	0.279417420857555	202
0.031240114096284	0.364121453250371	202
-0.026947790682131	0.416675905011489	11
0.019539242092686	0.211573977492915	11
0.094009592966652	0.118947703582815	36
0.112220426381262	0.186296723764712	36
0.095756285186876	0.120782017445107	36
-0.103478487420466	0.245263850016126	11
0.105756774444591	0.389833461306922	70
0.08302833643776	0.247594190309729	36
0.071902706706725	0.264439991618527	591
-0.00687813926430703	0.446656493798448	591
0.092574318126688	0.121589010675069	591
0.091412740929408	0.122778214287602	34
-0.108281285240701	0.235973537860629	34
0.08619041248275	0.120649422834591	34
0.12235765789043	0.288374554017336	34
0.095534745745171	0.121110502077163	4
0.096254186329744	0.118495473551821	4
-0.111138202722565	0.24274818901528	4
0.018216132862307	0.214354093334262	4
0.091635389749592	0.125062886124958	68
0.08619041248275	0.120649422834591	167
0.091635389749592	0.125062886124958	136
0.090696400979851	0.122798470587256	136
0.079189962755777	1.37598828838391	212
-0.0277539970348329	0.970924398460222	2
-0.086477352033807	0.956620551310086	2
-0.00105719223599599	0.914905033034836	538
0.051593646116493	0.819320804752176	212
-0.047428498813138	0.372930533338942	212
-0.089023950573726	0.524167731009651	212
0.102446056821325	0.70428180051632	212
0.10287611130561	0.762363514511729	13
0.072153784825823	0.265457678479327	13
0.110115600995076	0.511596069817509	13
0.089356060202612	0.665837437750191	13
-0.042230593850944	1.10649686515956	13
0.02185425186052	0.971314690541083	13
0.092147169358343	0.704211573719194	13
0.037207002093757	0.751298847541569	13
0.06429738877417	0.727076223894148	13
0.068237632423316	0.566664087278572	40
-0.070571877413266	0.8737217456323	40
0.080734311689188	0.572020960303461	40
-0.077593989020777	1.04011049631812	40
-0.0419136520273869	0.802560727968238	40
0.089670926521268	0.397092362756341	40
-0.051656134597248	0.375082610914287	40
0.071095049881463	0.260137132925404	40
-0.052971855662459	0.368210110582146	40
-0.1212447459643	0.524229326405688	43
-0.101207596303476	0.243882027133499	11
-0.107509736778628	0.241085749115833	11
-0.104322032875578	0.807192660161429	202
0.102582636333047	0.421438827434395	202
0.027469366436589	0.491209808840297	202
0.105367434508933	0.191064458118039	202
0.090696400979851	0.122798470587256	36
0.022857056636312	0.207394178746461	36
0.08504567389839	0.123556715541549	70
0.114586440664124	0.413099908274283	70
0.014113723320093	0.214343367348596	11
0.078327107817933	0.303927542738319	591
0.090696400979851	0.122798470587256	87
-0.110871513622321	0.247125742542788	87
-0.104248366603648	0.247280677660954	34
0.016445493282292	0.20963513809871	4
-0.053028971428807	0.480938379360656	34
-0.123343694798549	0.524938507566482	34
0.080259380584864	0.344043803512285	34
0.014259693803074	0.216485010321711	34
0.09647676885893	0.120758066909653	4
0.091635389749592	0.125062886124958	4
0.014113723320093	0.214343367348596	4
0.090918013244833	0.122428835263424	4
0.090696400979851	0.122798470587256	123
-0.108422296333904	0.240275278025828	167
0.017116268728306	1.03399953465289	2
0.092352455723547	0.125048986852886	212
0.101465178363799	0.356591608115081	212
0.04824536890708	0.960487356014386	2
-0.051431667673403	1.07652907272034	538
0.117348647488496	0.599606193902794	212
0.073995635306609	0.389953995712713	212
-0.0598856818372751	1.0413111088889	26
-0.111955936680568	0.512869883856259	212
0.044308418471778	0.701437258888252	13
-0.00971701596979402	0.510689378532637	13
0.05415459819737	0.495864585018763	13
0.041475394342197	0.627136146868065	13
-0.035196634798466	1.10833372069814	13
-0.0928854816338131	1.09757133441997	13
-0.026823752895289	0.792499031751498	13
-0.058645164688345	1.01547478987765	13
-0.090595999836095	0.794013188501016	13
0.120209721598832	0.539523336716453	13
0.05329347718379	0.712437098152994	40
0.023889464325379	0.492565655486675	40
-0.096715993704749	0.457226590392795	40
0.123736729166467	0.343640988541907	40
0.017330832173286	0.213970944144032	43
-0.04963147229563	0.460330282674909	43
-0.086797181032063	0.311679081529447	106
0.08621356189162	0.24731279022788	106
0.076141051541781	0.467250572532262	202
0.122705906811137	0.284454152221021	202
-0.085118526128052	0.311416934482504	11
-0.09600240311143	0.455318040818017	11
-0.103478487420466	0.245263850016126	36
-0.062566269441994	0.375152695420693	36
0.00180957719007602	0.285204151244269	11
0.078239634125911	0.255850191734347	34
0.102136233333622	0.192370991419772	4
-0.110098840791516	0.248270143505648	4
0.113219139459357	0.172896122305205	4
-0.0922385339631811	0.454867791965414	212
0.086583852692156	0.827896196834465	212
-0.013474592020007	0.789589563632079	212
-0.0454926271995551	0.601673065880419	2
0.080241072338499	0.348791267546392	2
0.099013005142674	0.558367552483159	2
0.118515613306162	0.803607725037819	212
0.018538251459237	0.870434081271682	538
0.076292374347803	0.919456076848943	538
0.07214011808227	0.588802665087929	212
-0.00147128999764501	0.957960890736029	212
-0.121722541106013	0.94335467063034	13
0.104741307945397	0.450378389923412	13
0.124931005113549	0.622550910579791	13
-0.0219911396035261	1.12693638458728	13
0.045702608710822	0.798172365770188	13
0.104080736907555	0.81397649269282	13
0.096435583895337	0.714309078145091	13
-0.030164347854561	1.19809606201622	13
-0.105044412786533	1.12017668536316	13
0.055890686395862	0.78288310596587	13
0.106078759291429	0.617219122319231	13
0.116618164325519	0.502954190345374	13
0.093770769616783	0.563524079529373	13
0.027020793256992	0.755458521187047	13
0.060797484357157	0.449896295760362	40
-0.044351418920472	0.361532242704353	40
0.028838336779361	0.198336437821962	11
-0.070266914304475	0.309340529989691	11
0.114542783926157	0.482994707709826	106
0.097960149988527	0.459813937543025	106
-0.01714114218302	0.442941322561886	202
-0.00899517924808801	0.453199883782696	202
-0.023544930285974	0.40169690499757	11
-0.069675141637459	0.471426820948595	11
0.091635389749592	0.125062886124958	36
-0.108281285240701	0.235973537860629	36
0.089360436509197	0.454787625785433	70
0.013970596613994	0.337247979827175	70
0.00501830803733699	0.28772508062102	70
0.029721493186652	0.375896717372022	11
0.089979751172428	0.12031277846722	591
0.018952496543016	0.214889758599387	34
-0.08170905702939	0.319382700792454	4
0.00808147433892997	0.283547241861836	34
0.020424131595298	0.211942207610384	34
0.091412740929408	0.122778214287602	4
0.106425939567637	0.18977696608378	68
0.013521801337319	0.216603883174242	123
-0.105877973349914	0.248295887545134	123
-0.110871513622321	0.247125742542788	123
0.084322551624022	0.121810113464687	123
0.091635389749592	0.125062886124958	131
0.119474578869453	0.359844935865048	212
0.123452703960836	0.343233097732958	212
0.020505390914758	0.50165165343111	212
0.00955745888943099	1.05792005349532	538
0.023781562003369	0.595213231550683	212
0.104567615697443	0.756944396837117	212
0.101010250249399	0.564611225729991	212
0.113489124170543	0.729744933062539	212
0.113908260462345	0.788590865744624	13
0.01071753987508	0.287912361390785	13
-0.015156973850411	0.951949834752626	13
0.012280726263393	0.779671656008066	13
0.097591675119908	0.553297629001805	13
-0.024677895205182	0.9296421933033	40
0.079063565448825	0.265192437554621	40
0.075812155702832	0.265943678101701	40
-0.083988055092869	0.74765848214116	40
-0.107509736778628	0.241085749115833	40
0.109407992768233	0.327377661879106	40
-0.069355991390109	0.306619462817805	40
0.092574318126688	0.121589010675069	11
0.048625504070288	0.451208202313171	106
-0.080465658900958	0.550494274746662	11
-0.082451030698222	0.637643073315842	202
0.116176916660599	0.351981105159614	202
0.085090060692354	0.341264992106105	202
-0.077455388959475	0.293057560855024	36
0.081790729097079	0.258096343951183	70
0.077266163166957	0.306703192588332	70
-0.00332775384708806	0.55760034779732	70
0.072450025430421	0.308212563552987	70
0.075334729694169	0.262200883727941	70
0.018673538260916	0.345279316503538	70
0.00939919330454297	0.459967140402737	141
-0.110231891392282	0.248016860367681	591
0.085980376425502	0.12580488589805	591
0.094009592966652	0.118947703582815	87
0.081933087356927	0.300157498870842	34
-0.10631665166937	0.239958037876724	34
0.00558581402206199	0.28477553454387	110
-0.082466246084995	0.317720525677423	4
0.092352455723547	0.125048986852886	123
-0.105877973349914	0.248295887545134	123
0.023007073924632	0.211714784764112	123
0.090696400979851	0.122798470587256	123
0.090918013244833	0.122428835263424	136
0.116002429660355	1.64463619064419	212
0.067107098818732	0.543407011495342	212
0.106508491750637	0.390223718501903	2
0.028324744552442	1.02156171008816	538
0.030325977652169	1.14742158256922	212
0.114474696733874	0.632103559942116	212
0.099463648602153	0.582897743722761	13
0.060263642255215	0.490940080207756	13
0.035188409921021	0.680703874289336	13
0.084474608643464	0.407442485214451	13
0.113749593940434	0.317086088288783	13
-0.026294574903924	0.729324528244948	13
-0.02250083111579	1.14778763117567	13
-0.108987501440854	1.35536194286888	13
-0.11182809426546	1.13303891283134	13
0.089911621849984	0.661106259119424	13
-0.043750206533167	1.00499319096368	40
0.108734573192374	0.360416975186021	40
0.082624961099945	0.667269425335911	40
0.040756743564389	0.708699395491468	40
0.01983762033073	0.212868881619307	40
0.090918013244833	0.122428835263424	11
-0.097211018503406	0.685588561744397	202
0.113158877588511	0.284377768887527	202
-0.074905002097356	0.311621120813916	11
0.103631540605373	0.189618727011766	11
0.106584051344668	0.189155446218329	70
0.101660511796734	0.187297176340748	70
-0.0589644970098721	0.491499132546494	70
0.013599121070155	0.207390486946714	87
0.094009592966652	0.118947703582815	87
-0.089609011943303	0.397202818210705	34
0.090918013244833	0.122428835263424	4
0.094094926298728	0.118706078687127	4
0.010387820051099	0.279481443539796	4
-0.110098840791516	0.248270143505648	4
-0.105877973349914	0.248295887545134	123
-0.105789348353789	0.245350537511065	136
0.045763319944217	0.569722310892327	2
0.027354990652022	0.826087431585341	212
-0.0234164013953671	1.05026706969025	538
0.124515885626881	0.760578394414373	538
-0.0283513749690441	0.493306506591706	212
0.107733861198989	0.415560257241927	212
-0.0401761168220101	1.19558623233906	212
-0.109361724141317	0.879160391277445	13
-0.013112159959648	0.876133599047346	13
0.069798914363843	0.823873588588326	13
0.121783939986462	0.284077254744348	13
-0.00101483346623399	0.987136837799668	13
-0.12235765566581	1.24948887400066	13
-0.041163418412926	0.947172756211255	13
0.091412740929408	0.122778214287602	13
-0.037127360604037	0.516643923825941	13
-0.025331206168193	0.688534939536662	13
0.113464037194149	0.547927671613791	40
-0.051619222563149	0.918644111609608	40
0.01333316579997	0.59349204023139	40
-0.081202564740004	0.890711815831939	11
0.115416882721317	0.608264757596388	40
-0.040668203332234	0.90198984264497	40
-0.109510635595737	1.34008448872524	40
0.072492230400309	0.260640289807935	322
0.081431698105334	0.257582243810606	40
-0.031085494113649	0.415708314394753	40
0.014382073336811	0.283413986070613	40
0.081431698105334	0.257582243810606	106
-0.101347289716107	0.24016620508867	106
0.013649768756136	0.550354681827222	11
-0.065432608237969	0.294963776338266	36
0.00383179958611102	0.525882406173027	70
-0.0223528753864	0.409054193496387	141
-0.089279762799539	0.548900520055648	141
-0.074145486352536	0.534539508787838	141
0.076613795374148	0.347746856737006	11
-0.0378211876342071	0.50462649883651	11
0.092128771294459	0.120108530289818	87
-0.075807912796508	0.312759471781369	4
-0.112078600337796	0.234700543176141	4
-0.105789348353789	0.245350537511065	4
0.09647676885893	0.120758066909653	4
0.092352455723547	0.125048986852886	167
0.092352455723547	0.125048986852886	136
0.09647676885893	0.120758066909653	136
-0.0660768584834101	0.491933343252621	2
0.049873682432317	0.440642659141625	212
0.104214336591366	0.417385821568475	212
-0.013907116688651	1.03163756047373	212
0.083866391990151	0.622421746967802	212
0.099563193796082	0.670034101253134	212
-0.047382634969778	0.842804820540125	13
0.082393154061494	0.709453913619591	13
0.036816475460291	0.886939629334154	13
0.058163375548261	0.720222492476153	13
-0.07568075310915	0.991544881182921	13
-0.040496388837803	0.923703296011903	40
-0.040597608866875	0.926490662874749	40
0.110631998573063	0.436521221913782	40
0.013037533974794	0.470146430283908	11
0.081409038806942	0.578005982347192	40
0.105098719887656	0.710545958999319	40
-0.079279129366331	0.316310241331307	322
0.043142898447845	0.41461314891861	40
0.115617073252855	0.174654432084417	40
-0.058540654383372	0.378704603578229	40
0.118027575800104	0.278265110470766	40
0.082199326083132	0.258528588648503	40
-0.080035842955686	0.318133820149999	11
0.07896429664036	0.30798115846333	106
-0.049643445925233	0.707140384451833	106
0.013246692430207	0.49239155598136	106
0.115107669030115	0.384187626075993	11
-0.099666572283815	0.241890510685238	11
0.096254186329744	0.118495473551821	11
0.045395872073501	0.443624631010197	70
-0.080859551339741	0.536067570642221	70
-0.123763889128949	0.658191669653643	70
-0.024892927027047	0.560143041608781	70
0.02704526475922	0.388459180396033	70
0.11174712631148	0.181377320604383	70
0.00639480767718798	0.283866952304388	70
0.076429580167906	0.385979544021309	141
0.007311938703851	0.282518187063172	141
-0.122039636149526	0.502086439371801	11
0.091635389749592	0.125062886124958	87
0.022420872727049	0.208576777785622	34
0.090918013244833	0.122428835263424	711
-0.121582420549519	0.536987658519116	4
0.101232874844203	0.193169112263054	4
0.00978708930058603	0.283233343565597	4
0.014549673776968	0.283660629070706	4
0.018803469560169	0.213755792718274	4
-0.104427627288375	0.235584071373633	123
0.09967930004399	0.115243865801675	123
0.092574318126688	0.121589010675069	68
-0.107509736778628	0.241085749115833	123
0.095756285186876	0.120782017445107	123
0.09647676885893	0.120758066909653	123
0.095534745745171	0.121110502077163	123
0.04383199543806	0.494588007580441	2
0.075477063622637	0.446500417869562	2
-0.074754363385921	0.308553755487113	2
0.105057098894965	0.523477381980385	212
0.02771070730585	0.872089237132798	212
0.029380271827663	0.880242471336383	13
0.025552806983524	0.492956962525802	13
-0.100464721479503	1.27024581607211	13
0.074562499098095	0.309971809902087	13
0.10631644387951	0.58550741487648	13
-0.071065569348406	1.21200595538232	13
-0.00312009425662996	0.874859365306495	13
0.07840972435284	0.657954385229476	13
-0.0325872963631521	0.960639558414124	13
-0.08716699997949	1.06649358296367	13
-0.045184242519436	0.763597397591139	13
-0.00692382174603401	0.647472310400847	13
0.056216164879638	0.852140632935437	13
0.07939716974815	0.678499264662448	13
0.020321306162471	0.745722583492809	13
0.059091485929219	0.414733346786192	40
0.10557392640915	0.357862664177278	11
0.058282748086446	0.610424336759113	40
0.024442674029272	0.793261762105706	40
0.093867335985093	0.67595364552425	40
0.032168362169078	0.187866491938982	40
0.00867239916255203	0.209992048188953	40
0.084460152788815	0.435339917822978	40
0.092574318126688	0.121589010675069	40
-0.065432608237969	0.294963776338266	11
-0.038877884244078	0.862586983362263	106
0.061207048072566	0.521364034722414	11
0.00700443024348002	0.619360488898407	11
0.049485107090164	0.548025652011467	106
0.027363631037574	0.375082762137657	106
0.012908187413195	0.609489850437243	106
0.06639128944664	0.352797699964508	11
0.11312443091936	0.181714056629301	11
0.091412740929408	0.122778214287602	36
0.093292111011753	0.121566231332134	11
0.106063741494696	0.386201915974569	70
0.10521260005214	0.191225015503045	70
-0.11116246950155	0.620660697760776	11
0.110572137326542	0.188160594783897	199
-0.051471838797501	0.373767417076755	4
0.090918013244833	0.122428835263424	4
-0.106738597158114	0.242917777601873	4
-0.10519754281808	0.240971464370951	92
-0.105018653446507	0.247296557897613	4
-0.106648890775968	0.246331229661046	4
0.103474538396643	0.185901036080311	4
0.092574318126688	0.121589010675069	136
-0.049888553650048	0.371791501985629	2
-0.0304662214770191	0.842993568290671	2
0.052045473102596	0.494685842266761	2
0.111710759312015	0.769885992285404	212
0.108121160983904	0.752657696536511	212
0.078902365698195	0.87108223546026	212
0.049301794687605	0.789061448998015	212
0.070472358209799	0.306739510109593	212
0.050474145624578	0.473270805096913	212
0.037684373369682	0.739906261249914	212
0.04498442808727	0.712176919822162	212
0.111653448609948	0.384506959075772	212
-0.076119054366617	0.532258769197153	212
-0.010429255993325	0.526848184053061	212
-0.079764235996259	0.803220436213659	13
-0.039418717122266	0.665985500603734	13
0.095981291718957	0.664419404910404	13
0.013372379015253	1.05715231077299	13
0.114381329429368	0.757261814247351	13
-0.123903985302241	1.19237973737843	13
0.090576615088189	0.489730113721646	13
0.075753194181506	0.726311549905688	13
0.115776301054563	0.463399408587324	13
0.034356683806626	0.818751643148214	13
0.034409084987292	0.839851289339407	13
-0.00188870855541901	0.659478901573603	13
0.061169837093693	0.616234425863417	13
0.072557047490579	0.594346420596317	13
-0.108502274556911	0.96571856204177	40
0.088918074144874	0.626800963253342	40
0.101824437721679	0.189606016916962	40
0.109669669498021	0.187949854344194	40
-0.050998365564616	0.384206007078694	40
-0.058558074391212	0.561003407208665	40
0.082874792722954	0.375635188576837	40
-0.105107464173874	0.248281748462392	11
0.005019244787836	0.290944264922213	106
-0.025690758976015	0.400175122800039	106
0.068018475914964	0.307301014055254	11
0.00977906622001101	0.291616503812127	11
-0.061741877943401	0.489570838344749	11
0.025363031958293	0.208104604223834	70
-0.115865634429932	0.241362901039304	70
0.00279201360358	0.540494669419756	70
-0.11141168488392	0.72471299237043	70
0.00976751018157102	0.276332414578785	11
-0.073175534185119	0.281713262664536	141
-0.080035842955686	0.318133820149999	141
0.090696400979851	0.122798470587256	199
0.018067333032762	0.214500333823115	199
0.094814992493986	0.121133837036836	234
-0.088475210267332	0.307212121372832	4
-0.100436875507951	0.243859923513718	4
-0.095654828049796	0.465408476439788	4
0.095534745745171	0.121110502077163	4
0.105682168044272	0.18994603125229	4
-0.103478487420466	0.245263850016126	92
0.016445493282292	0.20963513809871	4
-0.106738597158114	0.242917777601873	4
0.09647676885893	0.120758066909653	123
0.08576848041998	0.121559855808552	51
0.111890372575327	0.429358118125434	2
-0.124563324506057	0.771119963581698	2
0.033990270722212	0.555964126297121	2
0.062554310106037	0.487614930697228	212
0.108524265083492	0.682347522541411	538
0.00336591509010398	0.538858273350395	212
-0.036575584958784	0.789786772229693	212
0.085944714886064	0.612358624843191	212
0.035131301773633	0.730550681024707	212
0.083638064052572	0.685410668221957	13
0.108813529606843	0.445734220394237	13
-0.061377676623874	0.677203479384851	13
0.124505847315374	0.648343484424142	13
0.088407332599916	0.732059297214028	13
-0.112165644301209	1.29034638009321	13
0.106254128709426	0.771942453746709	13
0.00688067286993299	0.91451876503332	13
-0.029764047844377	0.93803970401845	13
0.033867519797511	0.805063087936247	13
-0.0346661366762781	0.838900936361099	13
0.095534745745171	0.121110502077163	13
-0.028901995628806	0.985208132189035	13
-0.108045534338347	1.0614638797541	13
0.053414733751551	0.569933347694571	13
-0.043144667978071	0.933094464363271	40
0.114779946758283	0.533657338832854	11
-0.00837524720833904	0.820116863018059	40
0.099368964298297	0.509620751448655	322
-0.105018653446507	0.247296557897613	40
0.019447972517708	0.477787536850294	40
-0.020185862351451	0.40569036060347	40
0.095444020551483	0.44876624412359	106
-0.047081783289291	0.458402757386942	11
0.075154623426865	0.260730693449095	11
0.078456528037611	0.351120426897829	11
-0.103567668952142	0.240531594537092	11
-0.103478487420466	0.245263850016126	11
-0.05390245542657	0.450865999666971	11
-0.039544614792604	0.589870906347568	70
-0.022435509543964	0.414352037235603	141
-0.098071444352657	0.458299651931892	141
0.011409663221303	0.338723109406877	141
0.074137745835514	0.316174312570939	11
0.014997220557915	0.214725591705819	186
0.076526733406688	0.256662203121632	4
0.011977539633308	0.205112852174214	4
-0.105107464173874	0.248281748462392	4
0.018952496543016	0.214889758599387	4
0.095534745745171	0.121110502077163	4
0.094814992493986	0.121133837036836	123
0.096254186329744	0.118495473551821	68
-0.111004560375104	0.24928574573673	651
0.08525651924473	0.123952726570493	136
0.091635389749592	0.125062886124958	136
-0.073281696735186	0.309684918422167	2
-0.079308261967467	1.18991694128986	212
-0.11140708345013	1.2648196406545	212
0.071513307056622	0.744268507542908	538
-0.03738841567504	1.12343137816262	538
0.064762594495653	0.721985158552094	212
0.04553242695723	0.608365451741234	212
0.02284170602376	0.817057870005162	13
0.101503381735547	0.721339719415673	13
-0.091667978764988	1.1148669580894	13
-0.081294815444106	0.546020511418584	13
-0.030256296877899	0.498932602296992	13
-0.050489375079414	0.771411677360607	13
0.060173619455534	0.652245540828566	13
0.108314483505879	0.499996778460388	13
-0.061596459524753	0.992475276395977	13
0.119564594035122	0.52651531088517	13
-0.010273543052676	0.753718452333374	13
0.071134428191127	0.610780543363623	13
-0.0385639043637031	0.693804286931924	13
0.046529721825617	0.647310028882422	40
0.037177004222652	0.584283461981805	40
0.086070975936347	0.618169821150961	40
-0.000112636528497023	0.539868749159258	40
-0.0578447319369521	0.375199609486344	40
0.112253009012285	0.430074158019977	40
0.049947965078474	0.582155990829743	40
-0.023820242232678	0.42111855177864	40
0.00719290481899498	0.210280309226661	40
0.097534599526525	0.187414568861171	40
0.054190312468193	0.431330070313897	106
0.086427296604866	0.338759443182624	106
-0.017283049600992	0.595702011120593	11
0.020666754531429	0.206282008281712	36
0.072489297308595	0.46531998520158	70
-0.105690116149629	0.594281638160489	70
0.085299296080892	0.342013190937335	11
0.011836171976765	0.345466128516652	141
-0.08170905702939	0.319382700792454	141
-0.097101707573082	0.45776801382501	141
0.090696400979851	0.122798470587256	223
-0.106953668180011	0.243708788176915	199
0.091635389749592	0.125062886124958	186
0.091412740929408	0.122778214287602	186
-0.053153768918175	0.363316971037859	105
0.107169364502297	0.188643387252491	4
-0.101207596303476	0.243882027133499	92
-0.105967865973031	0.242891785761604	4
-0.110098840791516	0.248270143505648	4
0.091412740929408	0.122778214287602	4
0.093292111011753	0.121566231332134	4
-0.105018653446507	0.247296557897613	68
0.095035487890419	0.118365729060095	68
0.085980376425502	0.12580488589805	51
0.030264478188882	0.977005366117214	212
0.120471036509848	0.583560157066688	212
-0.063538303512601	0.758432313400018	212
0.00902762488766501	0.944263446149188	212
0.099565927713157	0.546020991830862	212
-0.064208919890089	0.747798352901195	13
-0.073818030152789	0.882780239501259	13
-0.098354750529084	1.01417135126392	13
-0.04345299428729	0.615688481131259	13
-0.00512407686773797	0.542001306657213	13
0.02828903649865	0.524583708125142	13
-0.096130466012922	0.732002247095879	13
-0.090026741935967	0.731377768437772	13
0.029045387936081	0.751865497242253	13
-0.075231063821033	0.682732197967658	13
-0.058145794352152	0.986188207230518	13
0.072223417219883	0.576478319277001	13
0.00914869818309799	0.683310840347976	13
0.057281250244822	0.692904302058973	40
-0.00987255880204096	0.548092270578341	40
0.04818311083311	0.530430806090106	40
0.120322847014568	0.384556246639395	40
-0.098378514459919	0.593130948245888	40
-0.024580916120459	0.610373294845974	322
-0.104799056873189	0.690148658110387	40
-0.00114967464530102	0.598654201507423	11
0.025371451458959	0.485168674006653	11
0.106754248276364	0.319825574285657	11
0.021147697483306	0.683177836467083	106
0.013132780450191	0.515354489741259	106
-0.038675749827876	0.518953678473326	106
-0.00734355700817302	0.517887225349284	106
-0.022327867758832	0.490714297541622	106
0.104060254862724	0.35689603326486	106
-0.071241578503341	0.710724224818712	11
0.00996988094236101	0.496002391415745	11
-0.105018653446507	0.247296557897613	11
-0.0491103291104	0.375220852833558	36
0.082736294901909	0.257860424104854	36
-0.040561480748839	0.354051012818426	141
-0.055784050470759	0.376448534221697	141
0.092128771294459	0.120108530289818	11
0.100484953197498	0.192775514054758	325
0.018952496543016	0.214889758599387	4
0.013592960455386	0.282008209563555	105
0.092128771294459	0.120108530289818	4
0.083501454360101	0.290639566751914	4
-0.074152704555539	0.309306708140621	4
0.108071760477326	0.18785847840567	4
-0.082466246084995	0.317720525677423	4
0.019046335475057	0.211616204335199	44
0.018952496543016	0.214889758599387	4
0.021534990799039	0.209300128992842	123
0.094094926298728	0.118706078687127	123
0.091412740929408	0.122778214287602	123
0.107912443155355	0.186366517957068	123
0.092352455723547	0.125048986852886	651
0.090696400979851	0.122798470587256	136
0.091635389749592	0.125062886124958	136
0.116059128902994	0.28702410512624	2
-0.049582538547304	0.352925298969507	212
0.064746112091113	0.861260641188323	212
0.099948552262527	0.587087678846316	212
0.071745818025534	0.414534900065903	212
-0.0898395598039789	0.867295585393816	212
0.034082975996469	0.442268869380962	13
-0.053223242705127	0.704765271383321	13
0.019972334033268	0.332416247939076	13
-0.033292156852028	0.41384876619091	13
0.005080157339101	0.765778594853229	13
0.061242365851782	0.968545104245112	13
0.081820226108193	0.513228785170299	13
0.013780378546434	0.283800014981651	13
0.124588073018042	0.23481613909451	13
0.076406770709581	0.299595295394358	13
0.00480102840740199	0.428926316308871	13
-0.054840472903841	0.377326608490824	13
0.05854847964541	0.49739806495815	13
-0.04693770341809	0.582199277401626	13
0.117078897653871	0.28952320832419	40
0.028917711674231	0.374804383504483	40
0.054561802420591	1.15390000203335	40
0.085673416092461	0.333581967798421	40
-0.058476266081455	0.448752467719483	40
0.03785167537564	0.614163879156811	322
0.078003338712106	0.341493253781889	40
0.11261039126314	0.776042247749941	40
-0.099222326232002	1.13780208600734	40
0.041206640434764	0.664095296975661	40
-0.023727070944202	1.13256793427089	40
0.050477347868013	0.903505494724758	40
0.049596648486162	0.584501969095055	40
-0.111644606510113	0.242255967943056	106
-0.019420517961562	0.577549073245858	106
0.04727524484145	0.51310859789183	106
-0.088286669401067	0.748183339546301	11
0.069082786142036	0.514226065288921	11
0.119510892462585	0.267031042558777	11
-0.031084434513284	0.412828581987291	36
0.069989001825941	0.471601478065698	36
0.040634344816594	0.394076055067855	70
-0.041755022632485	0.593002875617562	141
0.021885437165547	0.336215863410313	141
-0.049860174585533	0.467958999479093	141
0.073530052929897	0.29472473221364	141
0.112029405009097	0.507708823064917	141
0.077248045732607	0.405820598498288	141
0.090696400979851	0.122798470587256	4
0.092352455723547	0.125048986852886	4
0.091635389749592	0.125062886124958	4
-0.080792913694345	0.318215930880315	4
-0.041922368699379	0.486827758083113	4
0.072161574607796	0.345763967086182	44
0.069964538945627	0.263022210027029	123
0.017571936107181	0.213459013662829	123
0.02135278488809	0.335785214688103	123
-0.11536253485358	0.515478265200967	123
-0.0582636090983401	1.55787111680656	2
0.085725506788958	1.10549836626172	212
0.119493521622711	0.546599837414577	212
-0.0737771515155879	0.773098421405194	212
-0.0705121193870441	1.63953387148791	212
-0.031703437323057	1.56702680759195	212
-0.046738467962665	0.873048243511972	212
0.085368042091128	0.705752316651644	26
-0.119931169592029	0.931621979798553	13
0.091468469637987	0.417126353386725	13
-0.068372180247665	0.845226317728619	13
0.083574659672609	0.492722026598268	13
-0.0116719305484621	1.50509509655827	13
-0.00182998178230498	1.27687853695384	13
0.081367397701281	0.437302787216519	26
-0.038055696889811	0.76389888991386	13
-0.00622496752122004	0.705697374689732	13
0.027575884386827	0.568016010715505	13
0.022491246297835	0.596805593876358	13
-0.037980194217542	0.663003241741927	13
-0.042274689767821	0.668319683542066	13
0.012235959930373	0.96277768009989	13
0.060459851301756	1.00114407424807	40
-0.010423731169495	0.987705359797884	40
-0.035559414793344	0.709285924758269	40
0.120168365713407	0.424255404338883	40
-0.083130580083325	0.935347414557859	322
0.051633347013505	0.870464144202298	40
0.061102966615506	0.702366494324833	11
-0.123249456658206	1.0577959657516	40
0.039096318708432	0.640604866670052	106
-0.097503420119458	0.60183742466113	106
0.088363195889108	0.617610378320866	106
-0.069844627067431	0.863022134582548	106
0.085598643645881	0.418505287135953	11
-0.099823179165184	0.602803665484618	11
0.077022202119107	0.381417017500718	11
0.103248052980496	0.438789224246396	36
0.039103831489349	0.444150245084591	70
0.119440889556815	0.282510988839047	141
0.080416527746017	0.250641451699088	141
0.014136121315147	0.502993766547324	141
-0.043086142947029	0.349377295552384	11
0.119925455298009	0.310390915627058	87
-0.106433483960751	0.591398340081406	325
0.015487053693914	0.343712791687527	4
0.0174320800841	0.273975253849651	4
0.1153016529131	0.179400923586985	105
-0.105278008811951	0.239857666429943	4
0.019688496008342	0.214140651371127	4
-0.100297774182362	0.238898377739395	4
-0.110691748925903	0.649860119507952	4
0.018509503204269	0.446712015768386	4
-0.108554753610459	0.241854685904346	4
0.080537911194977	0.250765598283988	123
0.021159403640393	0.206928584147822	123
-0.051181883376151	0.381691411899916	123
-0.108422296333904	0.240275278025828	123
0.016445493282292	0.20963513809871	123
0.082199326083132	0.258528588648503	2
0.107974769034081	0.901790736264249	2
-0.039613722997014	1.28343742452918	2
0.112927963834379	0.530180544064482	2
-0.014723211084391	0.984023504521209	212
0.094904143129164	0.63499874561133	212
0.101268261255743	0.798916293621316	212
0.122143714244413	0.65920674243136	212
0.100935285917861	0.608576900194241	212
0.093576506612274	0.594785435026158	212
0.084861966379622	0.775899352338978	212
0.123702476838997	0.58254402883955	212
-0.049697611364427	1.10565946226649	212
-0.032675956113446	0.757423621478684	13
-0.037415303773664	0.984360806499439	13
-0.046515029823106	0.767687355704613	13
0.119085298226844	0.505042103626826	13
0.00235949413669101	0.701250811945226	13
-0.104597675335267	0.84662737437179	13
-0.049248149150015	0.670118525696269	13
-0.0546945701685661	0.680590756714332	13
-0.00376942883943798	0.734405300663336	13
-0.044062087271546	0.668373715582071	13
0.082595585284325	0.654826347026294	13
0.045175140162179	0.578945589183762	13
-0.095120306104461	0.988960729624283	13
0.108019055557416	0.509603005571391	40
0.028913537725591	0.824382092256392	40
0.039839626720967	0.545321769423962	40
0.040838880360783	0.733228610069449	40
-0.04646224584919	0.806917957764448	40
0.043667234276655	0.493483012268289	40
-0.03806585190395	0.80290271833738	40
0.075232353245805	0.687870633743757	322
-0.050814702793304	0.382135871375684	40
0.017826771798345	0.49187936575221	40
-0.073864517111394	0.526648092106317	40
-0.074137419967491	0.816269205786685	40
0.01088047654054	0.339594222261689	40
0.055494577968199	0.665426039744027	11
-0.062267826725151	0.74313369441321	106
0.109458623244648	0.376502837878232	106
-0.10072725099477	0.607862722843045	106
0.048365442156005	0.438366626728245	106
0.024249144985879	0.383481491348151	106
0.081258042525342	0.540670052880622	11
-0.108422296333904	0.240275278025828	11
0.018803469560169	0.213755792718274	11
0.079563155665063	0.12249380682794	11
-0.112850335710346	0.234807290008752	11
0.041447475944139	0.548415012436132	70
-0.056239308257614	0.488928790147397	70
-0.025298757105916	0.542096198931091	70
-0.115838892405744	0.520305405368616	70
-0.088241140325118	0.455968007428191	11
0.022311928281067	0.33835375686437	141
-0.109883217178791	0.49608775129947	141
-0.106048823607439	0.238818749028824	325
0.08525651924473	0.123952726570493	325
0.092352455723547	0.125048986852886	325
0.018456121355013	0.212720733279898	695
0.079063565448825	0.265192437554621	4
0.110256315026959	0.183355254890186	4
0.078296095814198	0.26657987487987	4
-0.0782148602031571	0.31125139752698	4
0.018364803223124	0.210445144282834	4
0.086915005473034	0.122358046121638	266
0.09967930004399	0.115243865801675	4
-0.111004560375104	0.24928574573673	4
-0.107420216857878	0.240883097889171	4
0.092574318126688	0.121589010675069	123
0.093069211440958	0.12223423135792	123
0.00719290481899498	0.210280309226661	2
0.008484052229562	0.567440614695973	2
-0.110667466687374	0.780550767012913	212
-0.071400331975255	0.941877732745603	212
0.056876410495395	0.66041396568995	212
0.074143152804465	0.490774450927269	212
0.039793707454615	0.543099195714902	26
0.059179521720778	0.72687336191938	13
0.063685221099388	0.514548092472195	13
-0.00160574102840005	0.559271223124937	13
-0.032910388499056	0.860486463423615	13
0.00852238601544703	0.564089751363232	13
0.025175243747908	0.621471235903636	13
-0.046441674502074	0.600185855523927	13
0.083411109960732	0.501165886096097	13
0.025977659448493	0.531249676121843	13
0.075612300369847	0.418494164312772	13
-0.05409222066678	0.564043548473879	13
-0.051801640681011	0.636634760451195	13
-0.108481737550761	0.60565773159901	40
0.095219954532351	0.498464950204768	40
-0.09142570964525	0.673131153033548	40
-0.0540007939667721	0.475226592469814	40
0.08536751590758	0.471252489096116	40
-0.030814462949586	0.530391181572438	40
-0.0435882461717511	0.594798441792857	40
-0.110805351025083	0.619093204138475	40
0.122978869630663	0.276408445087462	40
0.068242768986615	0.356146081204217	40
0.023488559813145	0.338374220136164	40
0.014405530255508	0.21458474823811	40
0.090696400979851	0.122798470587256	40
0.00579286391153699	0.287581629084522	40
0.023892679682228	0.210973237230806	11
0.108261475108554	0.382652576974997	11
0.120433875495023	0.30635020160404	106
-0.044515702496295	0.357981108609866	106
-0.0223528753864	0.409054193496387	106
0.124551261359901	0.3057810804385	106
0.078476275491977	0.264669985176835	106
0.091635389749592	0.125062886124958	11
0.092352455723547	0.125048986852886	11
0.107021071767808	0.189730668004619	11
-0.0901922176265	0.650492376128992	70
-0.025380848699986	0.417253961598086	70
-0.105967865973031	0.242891785761604	11
-0.110871513622321	0.247125742542788	11
0.104536058582798	0.187320722594992	141
-0.0492329610085021	0.364445684551259	11
0.092128771294459	0.120108530289818	695
0.092352455723547	0.125048986852886	4
-0.106953668180011	0.243708788176915	4
0.090918013244833	0.122428835263424	4
0.015486492457214	0.280133745251428	4
0.108974800264008	0.185565533983717	4
0.098834481741313	0.190327323560899	266
-0.115993201025748	0.242202223539703	4
0.091635389749592	0.125062886124958	4
0.095756285186876	0.120782017445107	123
0.092352455723547	0.125048986852886	38
-0.0747489901673	0.884805660228756	2
-0.017924123755086	1.0062447737042	2
0.065602420605949	0.756450673765263	2
0.084566571656386	0.509438882960896	212
0.066154087038789	0.592405726872022	212
-0.037964268403493	0.796020627979556	212
-0.014419030738995	0.829119470431648	212
0.120337955120322	0.493923928136369	212
-0.006196423240732	0.881345651855619	212
0.094267521271441	0.556231697763903	212
0.096988952019396	0.478554992851239	26
-0.0303799747321391	0.811136541168411	13
-0.092029847957299	0.837130657256904	13
0.112874424360218	0.606416355859965	13
-0.105940797439356	1.08155967373433	13
-0.018611398942503	0.72439813401495	13
-0.039232818700804	0.914893046383393	13
0.123827875762675	0.408811036557653	13
0.112750445130949	0.441666215393861	13
0.017948789045605	0.482526436674359	13
-0.112981961116988	0.729400195188816	13
0.025753777038679	0.715061715808012	13
0.081341416027167	0.580595696863375	40
0.097874729554495	0.59617164791923	40
0.054936564895812	0.547824988360422	40
0.094477985751195	0.483809525291897	40
-0.00673819585662205	0.513068862982604	322
0.022184953911542	0.594040973627761	322
-0.039312219866366	0.519731372557442	40
-0.017603507760857	0.583600735736852	40
0.11450534745235	0.349884326581505	40
-0.01979702751259	0.540693963616214	40
0.032995310182182	0.407562238240537	40
-0.076352841750001	0.69565293176636	40
0.029689991981397	0.476299472442098	40
0.061789128187907	0.485032276274365	40
-0.010429255993325	0.526848184053061	40
-0.019114731252114	0.414977526315308	40
-0.111531687024572	0.628000576380938	11
0.030111141965031	0.634091452056976	11
-0.11113739425857	0.744599311869108	11
0.00900695070819302	0.291032592659437	106
-0.033852220084221	0.645875141545174	106
-0.030756916746155	0.496855284255557	106
-0.085017144986532	0.617983013385354	106
0.07763478141152	0.475840595599949	106
0.119772704503791	0.350297562161865	284
0.124471975697725	0.305586042614172	11
-0.028422965274526	0.502805494815672	70
-0.047821467766325	0.465877815820221	70
0.016437765414265	0.323764391414862	70
-0.098664343809781	0.463813165067888	141
-0.110231891392282	0.248016860367681	141
0.008957612790647	0.208765017959286	325
0.104780927806675	0.189149018408881	325
0.020814095314146	0.206149070749345	347
0.091635389749592	0.125062886124958	695
0.073090873985528	0.311189106329903	4
0.11009216695395	0.182731583670782	105
0.021534990799039	0.209300128992842	4
-0.096358953642802	0.288369299334606	4
-0.018962775802936	0.443132228417857	4
0.090696400979851	0.122798470587256	266
0.08525651924473	0.123952726570493	4
0.091412740929408	0.122778214287602	123
0.091635389749592	0.125062886124958	123
0.095534745745171	0.121110502077163	123
0.091635389749592	0.125062886124958	123
-0.111777649370352	0.248129602538127	123
0.091412740929408	0.122778214287602	149
0.123302763179477	0.705408997402206	2
-0.081560860523532	1.39352623619026	212
0.022063318832772	1.06672739101964	212
0.096303907490353	0.753648928346481	212
0.065037806388152	0.811939509114299	212
-0.076929129055325	1.0961975071193	212
-0.076613015648579	1.32062125404501	212
0.081347787619134	0.703678707435576	212
0.038861568540227	0.881214886288396	212
0.104006166666018	0.642380752854244	212
-0.031453861567746	1.13136490847955	212
0.034769526649127	0.717123082553688	13
-0.055240976352036	0.944953917338619	13
-0.03400175162145	0.866298009187865	13
0.051061886990672	0.720872568216709	13
-0.118494429310329	1.01681686186134	40
0.061369130305078	0.662854202981875	40
0.076502329772546	0.683083545170974	40
0.011443083461208	0.875505160636695	40
-0.015687161707779	0.840869785213214	40
0.096421224353902	0.719479335625477	40
-0.075312350040011	1.06201947847463	322
0.012563025118443	0.698133612440353	322
-0.068389511266439	0.912201035268632	40
-0.00845166230147998	0.723487855945075	40
0.015188759227111	0.341004859286826	40
0.082041292487126	0.408304148712241	11
-0.121750748532934	0.830620338723885	106
0.020828133600494	0.489248741976577	106
0.086824320946066	0.333539708325601	11
0.024897243354343	0.487212602967657	11
0.02145167732567	0.456645566259911	70
0.078522155677125	0.396764440537647	70
-0.00636549805999997	0.544111040110881	70
0.026491229711953	0.386213664158207	11
-0.09600240311143	0.455318040818017	11
0.073388769650577	0.250223824644992	347
0.027988719301127	0.388721133375406	178
-0.048552459792682	0.368622155025397	4
0.104463777068342	0.190838258111243	44
-0.093472988646937	0.446679924179229	4
0.000661654481596996	0.280033385173104	4
0.019101393994772	0.212350476617034	44
0.077708161361104	0.263661068659619	44
0.111317061915866	0.187990352619235	4
0.080492696783008	0.119369418546427	50
-0.10433736284281	0.24624931470742	123
0.022511185170896	0.203365519724166	123
-0.10433736284281	0.24624931470742	123
0.08504567389839	0.123556715541549	123
0.10198044605162	0.192424234926112	123
0.014259693803074	0.216485010321711	123
-0.080035842955686	0.318133820149999	123
-0.111004560375104	0.24928574573673	123
-0.067697359300089	0.297288366334816	123
0.093069211440958	0.12223423135792	149
0.094632215976915	1.06684729678104	2
0.039767838163635	1.06365649672656	212
-0.041296080436573	1.39690999997072	212
0.057829347867177	1.40218869204553	26
0.092739126778966	1.00286785429315	13
0.07081311694851	0.913582612162302	13
0.048535498957875	1.13671062027838	13
0.020760598599085	1.0352657692718	13
-0.121297814814532	1.52222764438402	13
-0.00673523609676696	1.09462783403172	40
-0.044022260909085	1.52292647147991	40
0.03973223914169	1.13732798137759	322
-0.002399562691065	0.833036211610859	40
0.036460028749299	0.746802705577612	40
-0.028651581452139	1.01221229192535	40
0.026809371030497	1.29182888066179	40
-0.117153124888526	1.13377948755665	40
0.070313424796885	0.756061212553556	11
-0.081643713424455	1.66243449097933	106
-0.065632860877427	1.17958373211085	106
0.034749666475901	0.889958647068249	106
0.111650316690097	0.716082264131726	284
0.015712052625886	0.65753581028354	284
0.102578440371224	0.522649220322323	284
0.056356997594122	0.806913490785571	70
0.066025660561017	0.546298443414097	11
0.009730156222159	0.717862280357172	11
0.039779925550124	0.590145483095472	325
0.039806257328294	0.862590909718145	325
-0.0686712039962441	0.575504086160113	325
0.032428933607108	0.383444285435314	4
0.00606427554128203	0.469716235595576	105
0.082563947961019	0.344037008486649	178
0.088255109089103	0.36471431890767	178
0.0848393803999	0.464061631919683	4
0.083884058979814	0.465407874514046	4
0.084349533213196	0.439365918199587	4
0.108584267700451	0.350425478999413	4
-0.075657652527701	0.312420285575349	44
-0.114785037285807	0.514319653792437	4
0.068253802828625	0.318151267532295	4
0.023742569638732	0.2109789444204	4
0.063413297809774	0.308656739778026	4
-0.072802098438316	0.302002062593922	123
0.00637588719467902	0.280553229350287	123
0.012941171506557	0.339505207648481	123
0.076641790986547	0.301846419506439	123
0.112061638776482	0.186858694393916	123
0.018803469560169	0.213755792718274	38
0.018654313891254	0.20734134666741	38
0.106584051344668	0.189155446218329	149
-0.10433736284281	0.24624931470742	149
0.106425939567637	0.18977696608378	149
0.097534599526525	0.187414568861171	149
-0.106648890775968	0.246331229661046	149
-0.102118424243639	0.240196375235319	149
0.021019066443026	1.06809287639979	2
-0.124409400013704	1.24444324044902	2
-0.040332481946032	0.575027536121935	2
0.000350540546348976	0.552847644882737	2
-0.026470398408701	0.417809403996862	212
0.119081179486223	0.319676174139678	212
0.124949896144739	0.27409015191474	212
0.087023603743932	0.37265658025372	212
0.00596754953894702	0.771294714810267	212
-0.118248708867398	0.898276002590183	296
0.034937735463841	0.667407687520439	212
0.00146242141445802	0.659256781263674	212
0.084161524414136	0.343785378807542	212
-0.080782778926083	0.819994358744683	212
0.016408187086704	0.494031163699969	13
0.085300738105901	0.374479370241364	13
0.037370207358149	0.405830755624994	26
0.084629000203479	0.342183955732839	26
-0.00965031803526495	0.451219557554073	13
0.038620550692422	0.410447951177354	13
-0.031548990247236	0.416007733148072	13
0.062043910077912	0.624440525110901	13
0.121820782900535	0.310100554024142	13
-0.081550559334386	0.426172793636318	148
0.087608527660521	0.36657439070567	148
-0.0691116262561871	0.643978958993258	40
-0.060372721494809	0.487423327708879	40
-0.024431758886047	0.408884431199998	40
-0.054250604151754	0.53477113300001	40
0.10930748213055	0.390645240314264	40
0.036160594817745	0.470052939336539	40
-0.05915060100232	0.468025847596818	259
0.070756285979997	0.349033409911595	11
0.069221989906611	0.317581793496085	11
0.111251290534277	0.326672304471961	106
-0.0927142952230821	0.444292210326921	106
-0.062613219083893	0.49127085394792	106
0.124347864203123	0.316202420205865	106
0.112235209018378	0.32187575303185	106
-0.084939244203275	0.444389634083536	11
0.078476275491977	0.264669985176835	11
0.103631540605373	0.189618727011766	70
0.087405726014437	0.249966639664313	70
0.080404993935805	0.30992739077017	325
0.00918506121783003	0.280308259513789	325
-0.110231891392282	0.248016860367681	325
-0.108554753610459	0.241854685904346	4
0.095756285186876	0.120782017445107	105
-0.104248366603648	0.247280677660954	105
0.106425939567637	0.18977696608378	4
-0.072676672760035	0.311832330079292	4
-0.105018653446507	0.247296557897613	4
0.114398382979254	0.17691901482857	4
0.08619041248275	0.120649422834591	123
0.095534745745171	0.121110502077163	38
0.09236194690726	1.84628739692169	2
0.011678584761608	1.4567230342752	2
-0.074767606333648	0.862651934828176	2
-0.084382692344242	0.949798681472419	2
-0.022098243355283	0.615014222054322	212
-0.044054284881745	0.691788253356789	212
-0.035391013306295	0.802796782683874	212
-0.045409092812948	0.768656085639949	212
0.01387410775773	0.660946588434937	13
0.058878979316951	0.464048610572832	26
-0.00704155318244903	0.661224397950395	13
0.084518799128982	0.449774443948039	13
-0.064239890039665	0.559750255458466	13
0.016503390136062	0.507449512152008	13
0.038556434635262	0.37080441388225	148
-0.0562563627217491	0.561655710143117	40
0.101009914265237	0.38093682755422	40
0.032598106959306	0.511472717994133	322
0.0950579360006	0.410613770645376	322
0.012783542820584	0.215101163177545	40
-0.050753478307873	0.3646278414248	40
-0.103478487420466	0.245263850016126	259
-0.00952204245149801	0.257597805820962	259
-0.00464339232302302	0.448215804935419	11
-0.030956456578156	0.489764153419118	11
0.111317061915866	0.187990352619235	106
0.014259693803074	0.216485010321711	106
0.021458427879438	0.206546786354545	106
0.081811449239315	0.37682301253105	284
-0.055048274301858	0.471646990714924	284
-0.106648890775968	0.246331229661046	233
0.093069211440958	0.12223423135792	11
0.099582496185995	0.191953792334397	11
0.102136233333622	0.192370991419772	11
0.090824233022284	0.119598427580517	70
0.020398702352331	0.338856662681194	11
-0.071020078945226	0.311682276408831	11
-0.104427627288375	0.235584071373633	11
-0.072959331413496	0.30439849693872	11
0.091412740929408	0.122778214287602	325
-0.113421635286521	0.231195792879868	325
0.08619041248275	0.120649422834591	4
0.095035487890419	0.118365729060095	4
0.095756285186876	0.120782017445107	105
0.086703917166644	0.123702559230249	4
0.028687171047963	0.200942976412888	4
-0.105107464173874	0.248281748462392	4
0.095756285186876	0.120782017445107	4
0.092352455723547	0.125048986852886	38
0.071492105569004	0.345930567457078	2
0.112079693318872	0.278224442082714	2
-0.018084884308479	0.552856813908566	2
0.114616205652319	0.283592198905645	2
0.07405387517516	0.263233892716592	212
-0.061437429248015	0.378077946312317	212
-0.124430098901638	0.516799298394266	296
0.103788322614776	0.18927887245009	212
-0.101207596303476	0.243882027133499	212
-0.099806274080228	0.232975057638589	26
0.104463777068342	0.190838258111243	212
0.023306708620747	0.203929023306726	212
0.095756285186876	0.120782017445107	26
-0.051654335468348	0.47826259128617	13
-0.111911286966867	0.243952463278285	13
0.104271286732045	0.174651579672565	13
0.105682168044272	0.18994603125229	13
0.092574318126688	0.121589010675069	13
0.106584051344668	0.189155446218329	13
0.08619041248275	0.120649422834591	13
-0.101978735090025	0.241994454171677	148
0.095756285186876	0.120782017445107	259
0.021575917043384	0.259464735066454	11
-0.110231891392282	0.248016860367681	106
0.032750813530604	0.187970029782606	11
0.092352455723547	0.125048986852886	11
0.097196939184952	0.118153833341878	4
-0.111393186985538	1.42676285866183	2
-0.00592160894661498	0.511270598961455	2
0.109478381135272	0.391693419395272	2
0.094732855675568	0.383695652555892	2
0.093648485797053	0.358902482259385	2
0.091635389749592	0.125062886124958	2
-0.076872567989941	0.318440119968235	212
-0.102750292288109	0.236740837417046	212
0.096254186329744	0.118495473551821	212
-0.110279589860999	0.233492696406874	212
0.078633526899083	0.120476482660769	13
-0.110098840791516	0.248270143505648	13
0.013455268401356	0.20037663673369	13
-0.085531870049371	0.300597287007503	13
0.090696400979851	0.122798470587256	13
0.092574318126688	0.121589010675069	13
0.092128771294459	0.120108530289818	297
-0.100436875507951	0.243859923513718	322
-0.105789348353789	0.245350537511065	40
0.091635389749592	0.125062886124958	11
-0.110871513622321	0.247125742542788	70
0.092574318126688	0.121589010675069	11
-0.061945290610456	0.792638868758817	2
0.020424131595298	0.211942207610384	2
0.123179692671017	0.283524284412542	2
0.108071760477326	0.18785847840567	2
-0.025728648324178	0.410391075489099	296
0.00719290481899498	0.210280309226661	212
0.087606645481779	0.113368962518476	212
0.017425221617308	0.209709733648397	212
-0.102118424243639	0.240196375235319	212
-0.110279589860999	0.233492696406874	26
0.095279357382112	0.187982958820672	212
0.100002468529762	0.187291464714037	13
0.025363031958293	0.208104604223834	26
0.092352455723547	0.125048986852886	26
0.090821902787504	0.182587265198256	13
0.09647676885893	0.120758066909653	13
-0.079439631995857	0.313559059889376	13
-0.105018653446507	0.247296557897613	13
-0.071923402600711	0.311030731977033	13
0.08504567389839	0.123556715541549	13
-0.115993201025748	0.242202223539703	13
0.08576848041998	0.121559855808552	297
0.08525651924473	0.123952726570493	40
-0.106182434761098	0.244816776765651	11
-0.103737632433247	0.233904600565378	106
0.091856214036307	0.11915653709017	106
0.092352455723547	0.125048986852886	106
-0.108281285240701	0.235973537860629	106
0.086915005473034	0.122358046121638	11
0.093292111011753	0.121566231332134	11
0.089369917958058	0.1198514501315	178
-0.068381924644024	0.980067183714801	2
-0.02910599152882	0.871906048670642	296
0.010148686222666	0.870516948396951	212
-0.035504581737696	0.914970881632415	212
0.054899131138187	0.576521514240291	13
0.00668268534868599	0.624807527006204	13
0.084513487718554	0.469197043089468	13
0.109458056702385	0.386686372037587	13
-0.104286651458985	0.876898760820606	13
0.111356445411829	0.49056943976791	13
-0.023293304853224	0.699357439766594	297
0.119964910973896	0.429914262450994	297
0.110790813722195	0.386955039804532	297
-0.029851794067207	0.764474891464272	40
0.082165813612666	0.494086904311387	40
0.085545098389458	0.568045491532262	40
-0.058284034103125	0.492347726263232	15
-0.0513574879618161	0.636420908069238	40
-0.118066630733834	0.988723296203682	40
-0.107682398591885	0.62780983886488	11
0.108651417481684	0.535608684114479	11
-0.106730170668074	0.707043946163387	106
0.00927810328707301	0.64702733241947	284
0.013947461606259	0.279257802773699	233
0.023706117271315	0.334436580166227	233
-0.080218898514793	0.528024469300987	233
0.076875970584203	0.298824903134817	70
-0.098300206586396	0.588031402594968	70
-0.015899401634788	0.502099973091989	70
0.078060276024615	0.25627648245035	11
0.112220426381262	0.186296723764712	11
-0.105018653446507	0.247296557897613	347
0.018067333032762	0.214500333823115	4
-0.080195750301145	0.317467856619979	77
0.085980376425502	0.12580488589805	178
0.100484953197498	0.192775514054758	178
0.12235765789043	0.288374554017336	44
0.104780927806675	0.189149018408881	44
-0.101249397509384	0.456147103359491	107
0.00136688868367202	0.279618850221292	107
0.093292111011753	0.121566231332134	4
0.014214364871833	0.279402923635104	4
0.092352455723547	0.125048986852886	707
0.092352455723547	0.125048986852886	4
0.018952496543016	0.214889758599387	4
-0.104248366603648	0.247280677660954	123
0.092352455723547	0.125048986852886	123
0.100484953197498	0.192775514054758	123
0.092574318126688	0.121589010675069	38
0.018067333032762	0.214500333823115	38
0.091635389749592	0.125062886124958	38
0.092128771294459	0.120108530289818	38
0.093292111011753	0.121566231332134	38
0.091635389749592	0.125062886124958	579
-0.111847303416828	0.851145106923482	2
-0.0270658996286131	0.898489396886968	296
0.0443351112328	0.954340263741829	212
0.101142150928797	0.512878498737076	212
0.092478128349951	0.415987373057458	212
0.095551704596463	0.447816233359879	212
0.017636177832862	0.613184158601772	26
0.00105668484119198	0.673932145637683	26
-0.123302672209184	1.07566665571063	13
-0.117234522860757	1.29469509674847	13
-0.00133281874246505	1.07968099092963	13
-0.049778134696458	0.602728893027114	13
-0.011931831117444	0.525036879579332	13
0.101086876531654	0.467941163038489	13
0.12259775760826	0.287721703917379	13
-0.0795896147251171	0.631928467336752	13
0.045855127986821	0.492954713507351	13
0.018544120163544	0.83772584022661	13
0.072130209755916	0.438893460290548	297
-0.081194278582291	0.880220579861946	297
0.013593262248347	0.715422116691344	40
0.00567978075084902	0.545877094061358	40
0.103264545205849	0.492988116723642	40
-0.011366174377751	0.564882866076724	40
-0.023209949006503	0.866363567615175	15
0.021689171864076	0.542870933497109	40
0.083437548141321	0.497860521227537	40
-0.069307799026368	0.939248741431798	40
0.075172980439356	0.611409886835972	40
-0.098517725566445	0.741937889596355	40
0.088699246656395	0.585203971101602	11
0.085044531667683	0.344104468116139	106
-0.014129137712577	0.816161498931072	106
0.0677406652373	0.559037540558732	106
0.063885003732277	0.593492248882363	284
0.122342019798575	0.30834319961374	11
-0.029660710311186	0.415595192891202	233
0.076329066722617	0.471411184706435	70
0.059564159971428	0.604315780936798	11
0.038435792647328	0.390814611929985	70
0.083958265818257	0.374190242022414	70
0.074562499098095	0.309971809902087	11
-0.105877973349914	0.248295887545134	178
0.019046335475057	0.211616204335199	178
-0.08170905702939	0.319382700792454	178
-0.104248366603648	0.247280677660954	178
-0.048484609377653	0.473463355463269	4
-0.083066271976395	0.305160571810648	44
0.085980376425502	0.12580488589805	44
-0.107725320276145	0.238972548824834	44
0.082450091625846	0.246847687648349	107
0.077701949212355	0.249478285722193	107
-0.123597069701892	0.655442783113683	107
-0.10433736284281	0.24624931470742	123
-0.106560451731061	0.239949669603231	123
0.111171371988209	0.976005046608714	2
0.105231639707487	0.357359788972182	296
-0.00573934577173996	0.655561529150227	296
-0.077248365495032	1.35534218877819	212
-0.058488571219312	0.904010052506714	212
-0.027001580271905	1.15089970474634	212
0.058132574978138	0.689613672438656	212
-0.044323184956247	0.595829537184121	26
0.029814238385063	0.379638072238201	26
-0.114143991922511	0.649419254748931	26
-0.075697902427701	0.690818265798912	26
0.07278037950724	0.346983721791975	13
0.082309333594782	0.326372316820439	13
0.074319945899504	0.310212734859224	13
0.070673364821882	0.314477698832104	13
0.069947846892837	0.316736202287595	13
0.074710645048891	0.708330992316318	13
-0.071773597355512	0.312488527181359	13
-0.067180524653613	0.677501574003363	13
0.055585889247384	0.430087782787231	297
-0.02040346992021	0.982586316244002	40
-0.050486503085546	0.860464684984845	15
-0.025523337296892	0.731019516468412	15
0.016721301306485	0.614056750645023	40
0.042908720366189	0.776306652788031	40
-0.0727627176921281	0.947151059070789	40
0.015950759001136	0.900706681865316	40
0.11951092340769	0.683477270452812	11
-0.117489472266868	0.534541593127509	11
0.043818906813532	0.409292895683629	11
-0.088004477128951	0.453318887750046	11
0.119020112351219	0.571630278891269	106
0.049658306922665	0.615602231638512	106
0.019075932899074	0.500089153703521	233
0.080324167576602	0.596389262771407	11
-0.01345998848818	0.877157191845943	11
0.0230702521377	0.740653134025842	11
0.0572699481437	0.447389481447429	11
-0.017455813779349	0.760816505948081	11
-0.042100843403613	0.455349214227522	70
0.016445493282292	0.20963513809871	11
0.08504567389839	0.123556715541549	11
0.085694663644532	0.251679835327066	11
0.114211352117325	0.385442389720861	347
0.089979751172428	0.12031277846722	4
0.06655925880824	0.316394747019449	4
0.023007073924632	0.211714784764112	4
0.015143283862096	0.214463511945117	4
0.021458427879438	0.206546786354545	178
-0.116894560194006	0.237361173100104	178
0.037132368193684	0.416666899480472	4
-0.047866671463943	0.591889806631713	44
-0.055601052331713	0.37981908774571	107
0.021356136056237	0.337432947959964	44
0.091635389749592	0.125062886124958	4
0.080293572123464	0.122271201011872	4
-0.110098840791516	0.248270143505648	707
-0.0765603154365621	0.313562152213764	123
-0.027171491995532	0.415606063327778	123
-0.105107464173874	0.248281748462392	123
0.082736294901909	0.257860424104854	123
-0.055612925495475	0.473273034872032	38
-0.104248366603648	0.247280677660954	38
0.123516143556876	1.14726726071226	2
0.12298519648245	0.361831940980526	2
0.106953100439187	0.363556906396021	296
-0.058991494282766	0.749967960106232	296
0.109158666794624	0.4201796730386	13
-0.120130722091285	1.58267306721711	212
-0.0203496969716011	1.25775663372745	26
0.112249220405452	0.61650305757189	26
-0.00702887188309798	0.551332348403521	13
-0.016936116149468	0.60396242903588	13
0.056012115742994	0.420417772219402	26
0.105242997819396	0.441936506123572	26
0.124761079240112	0.392950754452553	26
0.013211187620226	0.340186947088123	13
0.123215197795336	0.335147434363444	13
-0.022597195161748	0.40780849702653	13
-0.05617910836953	0.378462203845871	13
0.018660522163247	0.458396475600056	13
-0.03588004982394	0.787482601549696	40
-0.018235848492109	0.975397844149701	40
-0.004045191445193	0.719142564101582	15
0.060458239934589	0.639037231340816	40
-0.00600103127421403	0.784331989374015	40
0.019880362661334	0.583247667896134	40
-0.025869246203419	0.888176061864076	40
0.089188842526695	0.563420091276069	40
-0.082260451823556	1.29368942010028	11
-0.075357112832879	0.316514678952105	11
0.085572472562643	0.330943058195176	106
0.080192205971682	0.260383048505223	106
0.071514329687569	0.440741591738326	106
-0.024264229166171	0.562462774637716	106
0.016263408749089	0.498307254304059	233
0.120658425281714	0.346753026697471	233
-0.022079782801039	0.52923818959133	233
-0.091654661388983	0.62452772483336	233
0.052819755281573	0.606296973014097	233
-0.08248444820153	0.595811760172733	11
0.045076950819488	0.730459396565363	11
0.018803469560169	0.213755792718274	11
0.107315838508272	0.420773677891938	4
-0.070222081339919	0.353538456696734	4
-0.052030240059213	0.369019759579846	4
-0.101978735090025	0.241994454171677	4
0.085980376425502	0.12580488589805	178
0.072448125385221	0.313382409520587	4
-0.00431951659682595	0.603289975287673	4
0.079051911897656	0.30176998885907	44
-0.072482680095121	0.623914473259733	44
0.084928755902203	0.251402724036379	4
-0.047611319648431	0.371549901619716	123
-0.089950920170801	0.457840539720818	123
0.090918013244833	0.122428835263424	38
0.092352455723547	0.125048986852886	38
0.078562015298764	0.29366031583196	296
0.075328774523099	0.845908436307669	212
0.053142853143126	0.922671998943023	212
0.017929673714371	0.348246695146352	26
0.070288506527419	0.312724120599358	26
0.023935565658736	0.331027556638564	13
-0.053185710314828	0.356254319005928	13
-0.00196654946720098	0.268233539843897	13
-0.023587128978372	0.422088749191322	40
0.082893729897358	0.299524509914699	15
0.079590127790629	0.655329512907616	40
0.095078723037597	0.528550226821149	40
0.080019391769734	0.856422052849511	40
-0.087469126305637	0.727284439843053	40
0.015460964577447	0.338243461092025	106
0.036724559577455	0.405410872580849	106
0.0859126093145	0.471073075156351	233
-0.00440556510023704	0.575087906633911	233
-0.069934541492493	0.590618199334059	233
0.117175128865738	0.434318511966087	233
0.087916139955689	0.620351515894889	233
0.07319078969003	0.566723620045232	233
-0.013691443549355	0.792134132080714	70
-0.012905121619997	0.756966031034333	11
0.098475274632808	0.495438197576181	70
-0.081049603633673	0.308176434683169	11
0.073029741660443	0.26275175165573	11
-0.026034578511975	0.485675052214402	11
0.079363200106317	0.120258923170008	11
-0.08170905702939	0.319382700792454	4
0.095756285186876	0.120782017445107	4
-0.08170905702939	0.319382700792454	4
-0.084937151038212	0.773663540451575	44
0.112103080367933	0.520773510100458	44
-0.12436601194138	0.674404537004739	4
0.00485296863967	0.288664867721206	123
0.018309318429414	0.213337263587165	38
-0.10919413321852	0.241459388014984	38
0.111776809766752	0.941197446110738	2
0.112033509871359	1.28250742664428	2
-0.08186058020544	0.629757107358539	2
-0.08363784898876	0.622457682672644	296
-0.052833315011391	0.480997821093099	296
-0.088667058263714	1.50310725363808	13
-0.083487056350409	1.54453486734344	13
0.053486943707728	0.886939526139501	13
0.079551976211643	0.346702605781406	13
0.00295551100088498	0.425976793286765	26
0.05040411379866	0.642109915480142	26
0.071966849960876	0.382990520897911	26
0.117205732579055	0.286217267788003	13
0.11982009475271	0.3217784665423	13
0.110203383493008	0.347358441103666	13
-0.020424617629744	0.410856987018704	13
0.10730891225983	0.348268415699272	13
0.121879863363132	0.282144953613918	40
0.123107116318639	0.342915570502228	40
0.013521801337319	0.216603883174242	40
0.104618001235447	0.189412808075926	40
0.106586657048923	0.660529351942174	40
-0.011685223923651	0.452915161741724	15
0.00103683962067203	0.649818387409607	15
0.109397166452609	0.52586557192021	15
-0.092519363626661	0.89392849159146	15
-0.074810927953552	0.97915976450674	40
0.114237616367206	0.58567654466842	40
0.102727667131862	0.190400518707707	106
0.076875576904213	0.493013572214915	106
-0.0691701845810701	0.606028276455528	233
0.038472049516134	0.508861092667306	233
0.073899761907236	0.466860151604372	233
-0.030201273888303	0.574044977174277	233
0.081670943225722	0.717996752524965	70
-0.015261262386614	0.981281687867347	11
-0.089279762799539	0.548900520055648	11
0.117904629002058	0.320604043948732	11
-0.025518279097995	0.413413252860061	11
0.041602308541282	0.620627620672191	4
0.073268964478744	0.302986718127381	4
-0.124618821334993	0.392658604117372	4
0.004095924521406	0.203629898439895	4
-0.103478487420466	0.245263850016126	4
-0.067857409377857	0.298755523909798	4
0.018245210774677	0.33185027950369	4
-0.054473525522524	0.375347979063861	4
0.109756662400463	0.362189723547553	44
0.092574318126688	0.121589010675069	44
0.001153359818169	0.43083075045052	44
0.093292111011753	0.121566231332134	44
-0.099752273750833	0.601198302585148	44
-0.018058464655515	0.402892641237419	44
0.086915005473034	0.122358046121638	4
0.064608283896395	0.258978117792008	123
-0.106953668180011	0.243708788176915	38
0.082604911023037	0.341417240861842	38
-0.0990407965422589	0.456141710231626	38
-0.078034218409906	0.546115938992935	2
-0.028799478238318	0.694853506699808	13
-0.078826025526504	0.295246779745324	212
0.00100970511634402	0.431460306352282	26
-0.111040721278091	0.510500084699054	26
-0.119175950489252	0.672563970357643	26
0.03642669394015	0.520271317006058	13
0.073750724348102	0.788115507545523	13
-0.083372993882908	0.725479479986329	26
0.029308039081356	0.518179452357236	13
0.020418563136302	0.382592805171003	13
-0.038019976575227	0.59180046922674	26
-0.080035842955686	0.318133820149999	13
0.014549673776968	0.283660629070706	13
0.080304188424895	0.258444144113766	13
-0.025249230761615	0.422700433824211	13
0.070553796747445	0.256724281122486	13
0.07208161020984	0.263884904672983	40
0.08503203552388	0.248964593454009	40
-0.055307095314667	0.384091563319676	40
0.095894881425054	0.751853264938377	40
0.064009656674222	0.541633717027446	40
0.08536751590758	0.471252489096116	40
-0.061540558861788	0.368837975681552	40
0.108230862746882	0.186666235281736	40
-0.056544747054174	0.378920479621976	40
-0.042650923270782	0.358242988514326	40
0.036980956407773	0.508959081448561	15
-0.065157197767067	0.73809627964006	40
-0.087845771860482	0.746233678925141	15
-0.101123510596079	1.22855812370134	11
0.033207876161298	0.382442253297935	15
0.018952496543016	0.214889758599387	106
0.077512700581351	0.307857005344924	106
0.089005211808881	0.45006804376656	11
-0.019785873630773	0.731301531294716	11
-0.060374441821895	0.652802827996899	233
-0.046846981084382	0.783407151369277	233
-0.00235686339778596	0.76673726959731	70
0.027436323386028	0.384540538285509	11
0.121189330769186	0.286025834206384	11
-0.10433736284281	0.24624931470742	11
0.01061742411792	0.342313957011447	11
-0.0971266224502511	0.590149772136448	11
0.119397400806262	0.41279389435621	4
-0.108027895566789	0.750611265143095	4
0.104844166026115	0.470492278384757	4
0.029490141005367	0.315104846793732	4
0.108924654100922	0.18717201349137	4
0.022511185170896	0.203365519724166	4
-0.00708222175449402	0.565786841474182	4
0.070317861652853	0.347921142472301	44
-0.110554456154841	0.505033995950509	44
0.092128771294459	0.120108530289818	4
0.089886520108577	0.11993937786539	4
-0.120541584558162	0.52881504535648	123
0.013376057992579	0.216089748639388	123
-0.100045076762317	0.453985612175958	38
0.035170127715474	0.372400718017731	38
-0.00245121165122997	0.446246588341578	38
0.010387820051099	0.279481443539796	38
-0.114965909544065	0.235145360201487	38
0.092385823859385	0.88686676041745	2
-0.022942545520465	0.945459757220581	2
-0.088291653210522	0.548752205864587	2
-0.09257752390797	0.592884671955866	2
-0.113238902911603	0.650271479431129	2
0.047874913080057	0.443824544913592	212
0.076330821197517	0.802522604491594	13
-0.045524838822576	0.574267171341545	13
-0.09248373686099	0.44234815823643	212
-0.064946369222309	0.731811380747736	26
-0.034031772870359	0.767987618233246	13
0.079765910875155	0.336727879425054	13
-0.01433801967488	0.518092360033539	13
0.074811285417553	0.304099860451563	13
-0.113866313334962	0.512715086009086	13
-0.067674350143182	0.471284920643021	26
-0.052351179776871	0.928819044598815	26
0.00296346315773599	0.706782608579693	26
0.074642676741614	0.264884846749089	13
0.020418563136302	0.382592805171003	13
0.017233597633348	0.263454730661374	13
0.050021487866128	0.404618399587969	13
0.035445447418928	0.376332595866793	13
-0.111989527099734	1.16320447583243	13
0.11792482287887	0.354969556224153	13
0.013376057992579	0.216089748639388	40
-0.054764775591241	0.745077222703239	40
-0.122247065142714	0.779741795364214	40
-0.00374298039304299	0.972598178679501	40
0.030251431445369	0.466739426608128	40
-0.0414622076855931	0.507070044311463	40
0.116264000706489	0.285730933838002	15
0.106116515875357	0.19145585023457	15
0.00330912836641301	0.290533299731943	11
0.036755872365433	0.449237132104815	11
-0.00373288433748997	0.636758383103339	233
-0.060135630518471	0.49380960264356	96
0.040958954347552	0.437399993523745	11
0.089979751172428	0.12031277846722	11
0.000805428560361976	0.523804006253406	4
0.097196939184952	0.118153833341878	4
0.087639281335227	0.120398139160621	4
0.093069211440958	0.12223423135792	4
0.068531431414015	0.313620310513127	4
-0.057326263868596	0.566361217913506	4
0.090824233022284	0.119598427580517	4
0.118028703785772	0.351352363447259	44
0.096783206272265	0.188933167584185	4
-0.077189846410716	0.309392913272667	123
-0.086774853072016	0.455987681530913	123
0.059868609553574	0.36846210808129	38
0.084258224929268	0.358708110514957	38
0.110572137326542	0.188160594783897	38
0.093292111011753	0.121566231332134	38
0.096254186329744	0.118495473551821	38
-0.025541795260065	2.22519138941085	2
0.067814621451748	0.739825597614182	2
-0.0831468488552341	1.16750942992577	212
0.084407561805088	0.712425333816616	212
-0.025741603004957	0.738112409494509	212
0.103082029285497	0.883962146312911	13
0.04819678210036	0.44228966666953	13
-0.00781878491938104	0.636919225908817	212
0.00766381636185898	0.581912837738071	212
-0.06206759206415	0.934794967790796	26
0.078092274331434	0.777580154371128	13
0.105258119296063	0.609371795013658	13
0.08284975238312	0.535253942516216	13
0.087080359186922	0.590185421578176	13
0.054768864027842	0.773616495650487	26
-0.01048877951748	0.977292128496342	26
0.11673262456736	0.710741580465416	26
-0.111589026701206	1.1343861462907	26
-0.018493230942086	0.879979819050321	13
-0.086266052047103	0.922318507680679	13
0.101678495085524	0.595712634133059	13
0.087101139411269	0.603542120953903	40
0.081507072388623	0.606337061105723	40
0.120580582911025	0.481901861242965	40
-0.029657845611839	0.675007724099643	40
-0.0657890846152041	0.801037362275785	40
-0.071214894433831	0.946232502648788	40
0.079509486287908	0.616514987454511	40
0.048324303683046	0.646864160288374	40
-0.024301053951608	0.422132986045744	15
-0.063546506050156	0.475977252232569	15
0.071010920256642	0.259468239362392	15
0.107491994547324	0.412998228079628	15
0.118399998946521	0.554488438605647	15
0.014113723320093	0.214343367348596	11
0.079287390979571	0.305047809121469	15
-0.122886657750591	0.960737606745502	11
0.010276769563476	0.206338027728725	11
-0.102620922665704	0.23856234219221	11
0.008248330180125	0.282344636307427	11
-0.037100982789632	0.417200856446579	11
0.111317061915866	0.187990352619235	96
-0.0236459970630321	0.610888494732321	11
0.079132266643196	0.382892055128194	11
0.033784539892508	0.371593135880354	11
-0.102322983874015	0.456278875632618	11
-0.104248366603648	0.247280677660954	4
0.110572137326542	0.188160594783897	4
0.086703917166644	0.123702559230249	4
0.111158657215293	0.186654528546029	4
0.007145390195468	0.281551979499946	4
0.070458591141943	0.317737850784464	4
0.018952496543016	0.214889758599387	44
0.012783542820584	0.215101163177545	4
0.090824233022284	0.119598427580517	38
0.090696400979851	0.122798470587256	38
0.020424131595298	0.211942207610384	38
0.094814992493986	0.121133837036836	38
-0.032842576186002	1.17876227142219	2
-0.028475923124251	1.14449882443082	212
0.083665880317302	0.378215934906028	212
0.11959286681287	0.498682675632849	13
-0.109873825885133	0.715357384852785	212
-0.013097328179636	0.577307936673597	212
0.112958249381218	0.319035136215277	13
-0.061492552198903	0.827169762285234	26
0.066798455756717	0.810795223172199	13
0.036141246675368	1.02317765260324	26
0.104179264561048	0.708610254364279	26
-0.058077873930517	0.465026881240965	26
0.099065700834338	0.586821113923856	26
0.074330847806002	0.760790566699562	13
-0.021530528831378	0.890292878717278	13
0.04369616493808	0.730880590764279	13
0.104032836390661	0.531849791598443	13
-0.030923921068045	1.05210451466683	40
-0.060531991590826	0.863683028677054	40
0.119584075072179	0.5964499583285	40
-0.00429683688973903	0.832301935121975	40
0.113698502979261	0.525189701057902	40
-0.022244884112552	0.853971408634631	40
-0.00257923819594097	0.973539740739513	40
-0.0922093254040069	0.440815418920429	15
-0.017717878554617	0.539660246929126	15
0.00531762271987102	0.63036679974357	15
0.093279383672925	0.428976095429273	106
-0.065000717543511	0.614442815533054	11
0.016734431775596	0.3338999482364	11
0.087780780547738	0.339234088103681	96
-0.047461124448676	0.657793829251664	96
-0.015490047386454	0.680762482019106	11
0.107770059825709	0.188996107074705	11
0.075835081946868	0.376544113542685	11
-0.071773597355512	0.312488527181359	11
-0.104427627288375	0.235584071373633	11
0.033458206562847	0.379581571331521	11
0.039418120715657	0.410468119162082	11
0.095534745745171	0.121110502077163	4
0.093069211440958	0.12223423135792	4
0.018952496543016	0.214889758599387	4
0.117290646404914	0.306101826577384	4
0.024477701902334	0.208830771574455	4
0.091412740929408	0.122778214287602	4
0.00995466169522602	0.28131798928056	4
0.110729714650112	0.185704998601924	44
0.092352455723547	0.125048986852886	44
-0.07806617992131	0.310779020522935	4
0.01747940462895	0.212399828881235	4
-0.104248366603648	0.247280677660954	4
-0.111777649370352	0.248129602538127	4
0.10552444302153	0.188979035961125	4
0.00808147433892997	0.283547241861836	4
0.096254186329744	0.118495473551821	123
0.090696400979851	0.122798470587256	38
-0.108422296333904	0.240275278025828	38
0.108230862746882	0.186666235281736	38
-0.101207596303476	0.243882027133499	38
-0.085622209300062	1.69262337693048	2
0.00896939931875101	0.479660909978544	212
0.013487219211106	0.890081382839349	26
0.0153690163368	0.854768221934312	26
0.073585352333825	0.946590136874619	13
0.063400805851993	1.00173774261617	13
-0.018562894076206	0.923789251545904	13
-0.092551645820201	1.19489214049313	13
-0.112835965843266	0.984211728402	13
-0.060196891156728	0.799375810743791	40
0.076568793987357	0.621661038075677	40
0.103594250399904	0.725168195933267	40
0.106955136997423	0.551364171141449	40
-0.027390678536687	0.990687932050012	40
-0.035376795071273	0.94624732423373	40
-0.080072501214031	1.19022145044805	40
-0.060084888360406	0.473277084865251	148
0.016548117668863	0.699360451232989	40
0.111504382625516	0.590804013875335	15
0.080998543949722	0.522682976759309	15
-0.00791688654076495	0.560822359409956	15
0.118641861644866	0.323260693320453	40
0.023585083265511	0.331636690027026	40
0.086703917166644	0.123702559230249	15
0.00945163826047801	0.277558136834676	15
0.053889580494182	0.541290876772376	15
-0.0408178802693841	0.795655465623766	106
-0.000407898867166967	0.767022115080592	106
0.012096371556333	0.608094720810426	106
0.121089261627884	0.305466041692495	106
-0.018616590959009	0.538731326519195	106
-0.03863233235028	0.414980815573519	11
0.019986614211279	0.206780171941134	11
-0.00481574428352405	0.277144447369684	11
-0.052885292499433	0.381082073196877	96
0.03513677384282	0.641031719341609	11
0.086894676490384	0.335785759144825	11
-0.07192811145607	0.532340432457702	11
-0.114544327756273	0.518403848527233	11
-0.094245110428781	0.545861871469053	11
-0.105877973349914	0.248295887545134	4
0.085980376425502	0.12580488589805	4
0.00518566370068702	0.288248610893715	4
0.076580500549294	0.266973487198937	4
0.013521801337319	0.216603883174242	4
0.022511185170896	0.203365519724166	4
0.095756285186876	0.120782017445107	4
-0.093219237155003	0.439475918891386	44
-0.037763334610267	0.518995418106944	44
-0.124072501893599	0.676011403001724	44
-0.080952225206946	0.319302162561081	147
0.00881507521520197	0.211384711951638	4
0.100330160122888	0.192337287990876	4
-0.109326587594943	0.247010331489444	4
0.020573482568089	0.212131776935875	4
0.077165307581316	1.2078571928307	2
-0.092492001727694	1.54975839172375	2
0.060436485292514	0.876578959863321	13
-0.057598622676181	0.476058849060462	212
0.076545539644809	0.47620557309224	212
0.117159825097994	0.499669345769293	26
-0.035890602599962	0.998860811437407	13
0.019134875371726	0.72738985270183	13
0.059616527809096	0.936774453990487	13
0.066595809630794	0.639727843545337	40
0.114185446975398	0.462483192377612	40
0.024322068424796	0.755632300805519	40
0.110993500554884	0.511215675210027	40
0.025489664745266	0.849829479389878	40
0.00530331462733402	0.960879133364608	40
-0.00278328376747095	1.11272141649343	40
-0.124503865082039	0.537748946181166	15
0.029592117126526	0.622339656481096	15
-0.0581190962675791	0.786294187417973	15
0.010245837691143	0.41918608097177	15
0.086703917166644	0.123702559230249	15
-0.109326587594943	0.247010331489444	15
-0.121424312709909	1.05303874811712	15
-0.062548290657097	0.896966694179015	106
0.101232874844203	0.193169112263054	106
0.052645162464908	0.470480923285362	106
0.070698360819909	0.314728190126179	106
0.102712351881845	0.531986846200103	11
-0.048399020004305	0.340521065382767	11
-0.100436875507951	0.243859923513718	11
0.084928755902203	0.251402724036379	11
0.112965260135456	0.185183489808875	11
0.065970350438862	0.245858541747901	96
0.090696400979851	0.122798470587256	96
-0.106738597158114	0.242917777601873	96
0.020592638990139	0.340203303036064	11
0.04594973818115	0.402578202215788	11
0.040107391890236	0.554942884811243	11
0.08034360768232	0.460112568838464	11
-0.105967865973031	0.242891785761604	11
-0.119431726110561	0.656863096718007	4
0.095534745745171	0.121110502077163	4
0.093292111011753	0.121566231332134	493
0.00562711423499002	0.286919989580744	4
-0.117947946214709	0.533811919146024	4
0.095756285186876	0.120782017445107	44
-0.110796561400424	0.51186243264479	44
0.079772197037616	0.253518167774871	4
0.018952496543016	0.214889758599387	4
-0.06602627143653	0.29152521821289	4
0.074813517799885	0.255034733023074	4
0.065637225095965	0.313232956667555	123
0.09647676885893	0.120758066909653	5
0.00995466169522602	0.28131798928056	162
0.028687171047963	0.200942976412888	38
-0.075705987947731	0.619821308087765	212
0.076737197876663	0.31224401788883	13
0.116787935052846	0.665276172567973	13
0.00426776851625499	0.472073670028681	13
0.004255367918922	1.26384853727967	13
0.072345307576493	1.04701102307427	13
-0.031752412740427	0.80771732782387	40
-0.081326034691751	1.04330853664863	40
-0.072200521836733	1.10649878719237	40
0.09334478409606	0.771574184644196	40
-0.026083477069082	0.808466186462878	15
0.058641618448478	0.494259459895884	15
0.066239780567109	0.596888771507803	15
0.074567518411433	0.314397204445737	15
0.073008148250842	0.819711111467931	15
-0.086434690412147	1.13475106948151	15
-0.114910464412044	1.18394980974299	15
0.118287403378254	0.497536825500065	106
0.06139251053236	0.540185937707209	11
0.120829552020556	0.372217352085305	11
-0.079118953866622	0.3141429907042	11
-0.0791415391938291	0.515084306038137	11
0.00643969912686299	0.343567498526332	11
0.096292361274728	0.452433630046856	11
0.079762301335409	0.383755368591764	4
0.090696400979851	0.122798470587256	4
0.090918013244833	0.122428835263424	4
0.017501187435131	0.333693024624123	4
0.031444873329057	0.36674595216502	4
0.109669669498021	0.187949854344194	4
0.103714602422789	0.189200632320942	4
-0.021871985721863	0.396317478019017	44
0.029939504283639	0.384103384453316	44
-0.105789348353789	0.245350537511065	4
0.112220426381262	0.186296723764712	4
0.012638026835926	0.216209387057835	4
-0.076872567989941	0.318440119968235	4
0.085980376425502	0.12580488589805	5
-0.076714433298984	0.313952558966258	5
-0.105877973349914	0.248295887545134	162
0.08504567389839	0.123556715541549	162
0.093292111011753	0.121566231332134	162
0.091635389749592	0.125062886124958	345
0.10473970596327	1.07972491074457	2
0.084223355310178	1.09536099919272	212
0.048516905553335	1.00807716429506	212
0.11660626899299	0.819456586447918	212
-0.00362631277825298	1.07310715248108	13
0.037404889642308	0.414688873447543	13
0.026909400514281	0.554004962487152	13
0.062278425068716	0.488854545959289	26
0.096578997906938	0.508496010206035	13
0.035992630918534	0.411367285474265	13
-0.077704319498454	1.0759701489854	13
-0.065057728519714	1.18933881449514	26
0.104456462387304	0.859473107235048	26
0.032626376022648	0.899156660166425	13
0.117460758009414	0.713795355295124	13
0.066656637515586	0.670644048594616	13
-0.017532456473616	0.896238346983083	13
0.050508398022344	0.707019691351324	13
0.099731633731889	0.552940353053648	13
0.077297946934926	0.562250919530925	13
-0.029510189830966	0.705204412282776	13
0.065011317733886	0.652395235316775	13
-0.038777367527131	1.00471732208806	40
-0.019533447372257	0.826585078492591	40
0.027632797840948	0.769603551078107	40
-0.002963223076765	0.421392648254037	40
0.045870153675966	0.409560553092759	40
-0.077442717102069	0.945276065902481	40
0.059401623455714	0.519257442198857	40
0.061897966346505	0.767168831672248	40
0.06612638891467	0.674492914428537	40
0.021458427879438	0.206546786354545	15
0.079772197037616	0.253518167774871	15
0.071651593470469	0.352003591124071	15
0.013804601298469	0.470051571161319	15
0.015446568346505	0.339813315796086	15
0.000608403114981004	0.711090420968491	15
-0.079815303957899	1.00640197993058	11
0.026347006571699	0.67462214131092	106
-0.01277287360049	0.85917049171024	106
0.059286714717204	0.574899873821605	11
-0.00817540162289099	0.644754810239422	11
0.018952496543016	0.214889758599387	11
0.037866230434201	0.370352250265402	96
0.081052826056829	0.57456872289728	11
0.078228505827339	0.350975364250203	11
-0.069053522602499	0.284033204855778	11
0.03821335788259	0.366526844420619	4
0.007932835827622	0.211041628115621	4
0.091635389749592	0.125062886124958	4
-0.098757578297085	0.2369907750536	4
0.021385425819936	0.207624470029599	4
-0.101347289716107	0.24016620508867	4
0.095035487890419	0.118365729060095	4
0.021356136056237	0.337432947959964	4
0.090918013244833	0.122428835263424	44
0.073665433734782	0.308855686036598	44
0.093069211440958	0.12223423135792	44
-0.054310032935244	0.365213031824343	147
-0.081812198100877	0.305302377905088	4
-0.103478487420466	0.245263850016126	4
0.00764472737025401	0.27424542252777	38
0.093069211440958	0.12223423135792	10
0.090696400979851	0.122798470587256	10
-0.059577875886023	0.720906970794568	212
-0.094558345210154	0.759548880731786	212
0.115467464016909	0.356979811218438	26
0.122385881845308	0.673866919502707	13
-0.078839368488428	1.13924127532521	13
0.045245173994067	0.399978503656039	13
0.019215105795231	0.623710921331594	13
0.022781273611926	0.498376989500123	13
-0.119008264033497	0.897580139058264	13
0.077146497631583	0.619246695301426	40
-0.04553401346648	0.895541128026468	40
-0.052937118036265	0.805180946090415	40
-0.047792845106209	0.860979483835137	40
-0.00709417268576496	0.564112617534214	40
-0.104087071048588	0.732243512722759	40
-0.02030693279094	0.607619348645013	15
-0.00635195509060005	0.563055691322854	15
0.079375514281577	0.487070047585564	15
-0.0615501848329511	0.7340330108008	15
0.082964651547556	0.375404989551202	15
0.072795091078226	0.356213816662507	15
0.003188947477827	0.598737111230065	15
0.097072310306088	0.314632993754139	15
0.12194872447576	0.535843487536323	15
0.042302897044474	0.502418814543699	11
-0.00453904935711302	0.670465081548612	11
0.075812155702832	0.265943678101701	11
0.120748460806651	0.338950577972113	11
0.108694219334167	0.376418343378306	96
0.048163511485584	0.440404862787221	11
0.015054842517805	0.334517544796439	11
0.122196925287825	0.236809494169197	11
0.020649064218917	0.205830568369532	4
-0.0765603154365621	0.313562152213764	4
0.08504567389839	0.123556715541549	4
-0.0457241161363941	0.458296213048066	4
-0.033640795802013	0.416937463906967	44
-0.080633930996564	0.312643062269509	44
0.013521801337319	0.216603883174242	4
-0.077630832918672	0.316763085745978	4
-0.021168656812241	0.405112772636252	38
0.086915005473034	0.122358046121638	38
0.099357415139756	0.741935941545951	212
-0.026314335380328	0.925854908316468	212
-0.033651243857359	0.487662634343407	26
0.05503528616683	0.546239333698338	26
0.062216985546018	0.504850846274333	13
0.101328318840641	0.727967990502336	13
0.069593675448243	0.712589778983287	13
0.055085012415705	0.722617461484309	13
0.093284943500507	0.449189437692919	13
-0.086672048780884	0.757438286970657	13
0.123535751715094	0.396644133289047	13
0.069722420977671	0.445903492811539	13
0.10609784899804	0.418951967866972	13
0.011263459324035	0.637978248294184	13
-0.051015156959578	0.541322219903455	40
0.054473872244151	0.436380824092702	40
-0.097317179644703	0.717668054146985	40
0.00167304549172698	0.553696773927164	40
0.103834301134358	0.426885533695743	40
-0.0292030895269491	0.615760479797606	40
0.080357594294583	0.38437603983822	15
-0.112860381474251	0.651158719490606	15
-0.048255079675708	0.467991194254795	15
-0.0562303603322341	0.846752288610083	15
-0.0812257457054491	0.996370363542085	15
0.083828836042212	0.532461771123743	15
0.031453258641005	0.47297338254577	11
-0.030236660271004	0.598975737754912	15
0.120484636288101	0.283537319168604	106
0.075955111420793	0.251637312935497	11
0.050854562943608	0.438486595494381	96
-0.109036435467937	0.599459297073211	96
0.088603494311438	0.365401533396528	11
0.069731954751572	0.3153042092332	11
-0.055307095314667	0.384091563319676	11
-0.082466246084995	0.317720525677423	4
0.111158657215293	0.186654528546029	4
-0.105789348353789	0.245350537511065	4
0.023282070986132	0.255076539319142	4
-0.12311743979474	0.511863255650076	4
-0.100297774182362	0.238898377739395	44
0.092352455723547	0.125048986852886	147
0.092574318126688	0.121589010675069	4
0.090696400979851	0.122798470587256	123
0.085980376425502	0.12580488589805	5
0.00424722527542498	0.290382224781053	5
0.091412740929408	0.122778214287602	38
0.104780927806675	0.189149018408881	38
0.089160261066708	0.121896646860028	38
0.087225345314116	0.249365023469723	38
0.091635389749592	0.125062886124958	162
-0.111138202722565	0.24274818901528	10
0.032574759315605	0.372071579242395	2
-0.0345571508857589	0.484611746581063	296
0.031354864983408	0.370002672051283	212
0.039275992379549	1.07273723834728	212
0.083294669092727	0.863109599039764	212
0.012194043987427	0.69112847090279	13
0.077751714478585	0.310396028562363	26
-0.113827716488713	0.610249994152866	26
0.121414321410856	0.288355028075175	26
0.064311955359885	0.751408691118634	26
0.036006799786024	0.379587517095036	26
-0.020452817121507	0.40519846449218	26
0.044812589914339	0.599041778996774	13
-0.046852978595863	0.368592090912282	13
-0.069613214960605	0.60201353480143	13
-0.010714825553896	0.523468324916098	13
0.013010705977017	0.282737894286192	13
0.122152004738842	0.277340610173806	13
0.052085676366557	0.469739161193717	13
0.049338225402029	0.400450896581629	40
0.075826872388022	0.316002398363046	32
0.073654682743618	0.430363329854878	32
0.105560472853797	0.705490030954492	32
-0.115465162637336	0.504901549680005	40
-0.048187460914768	0.373008055252901	40
0.055358040408312	0.570026204772443	15
-0.043371221961251	0.73107287969742	15
0.105943765439562	0.755184053306034	15
0.110608326737124	0.725435340091037	15
0.056155555033821	0.606556482170951	15
-0.047524518849689	0.741877412332861	15
0.09589273621383	0.679277743142187	15
-0.0843577329338629	0.310381182683932	15
0.022242184973969	0.574810336042322	106
-0.068883072670585	1.02395633568022	96
0.00756475397592998	0.725282736413282	96
-0.0938345218723	0.454714466384058	11
0.057565814422964	0.423175566910605	11
-0.093170278874744	0.688297823541792	4
0.00484131811514499	0.543631360229832	4
0.067565283300941	0.259764004298306	4
0.00713106489246901	0.290674468440961	4
0.093069211440958	0.12223423135792	4
0.087639281335227	0.120398139160621	4
0.09647676885893	0.120758066909653	4
0.051582614933512	0.495478137580579	4
0.00961263203510099	0.291907303890214	44
0.013101022952246	0.509086049929733	44
0.090696400979851	0.122798470587256	5
0.019193364125777	0.212598286307675	38
0.012120940152877	0.207681744320737	162
0.00437433056500303	1.54280863461434	2
0.108384236472768	2.14446976935685	2
-0.0000750333804570014	0.462330892068615	296
0.00408111703074998	0.291093496924856	2
0.011741209198323	0.277396730797111	2
-0.0706841792455361	0.299057269880014	212
0.079063565448825	0.265192437554621	212
0.090321797332103	0.321959025952065	296
-0.0477988403188619	0.701381041365942	296
0.073853589522908	1.08505313559974	212
0.00159806783738398	0.472836211216473	13
-0.054729714828558	0.3783792841072	26
0.014531045090433	0.279524121699125	13
-0.073248919808641	0.305517899459631	13
-0.106721187297609	0.60040085813952	13
0.018801923010426	0.261681351816992	13
0.013376057992579	0.216089748639388	13
-0.073045722145471	0.513442074187694	13
-0.095158940895946	0.762239188677953	13
-0.10631665166937	0.239958037876724	13
0.027801241546616	0.198735606070821	13
0.058956729958896	0.457246998030085	13
-0.012761178834113	0.392820081472443	13
0.017640305458547	0.343403827039217	13
0.017364658660857	1.01564436444781	32
0.010836198778336	0.346600403903081	40
-0.075206944499043	0.304661044229613	40
0.045332932027869	0.537047549834356	40
0.020573482568089	0.212131776935875	40
0.018067333032762	0.214500333823115	40
-0.022701984083888	0.400390445042087	40
-0.101978735090025	0.241994454171677	15
-0.055480281358093	0.564385079845961	15
0.060331346505944	0.591696847258778	15
0.024916600756786	0.552351607414589	15
0.061971420061089	0.728828407266806	15
0.119565232256409	0.701479588896654	15
-0.069355991390109	0.306619462817805	15
0.095534745745171	0.121110502077163	15
-0.032736183527883	0.846594150515088	11
0.023892679682228	0.210973237230806	11
-0.081967569809426	0.31081687586212	11
-0.080952225206946	0.319302162561081	11
0.085834713442591	0.616700617468215	11
-0.11969837924487	0.804250496150958	11
0.05632008465436	0.462534157531872	11
-0.036700107505464	0.776382145288808	11
0.079107599486014	0.344688232925887	11
-0.031489920514311	0.902091927075035	11
0.00814226180612099	0.675515869560472	11
-0.00427106738626604	0.615802755224121	11
0.028862712356203	1.03717243851836	96
0.030590313513384	0.702133826614459	96
-0.022392558410035	0.413331681001805	11
0.071856191076505	0.350371931184468	11
0.092574318126688	0.121589010675069	11
-0.00914873712403796	0.50770583423432	4
0.017332432325959	0.338740704653018	4
0.106267611888598	0.187859993743685	371
-0.110231891392282	0.248016860367681	4
0.119756279214075	0.347010990720172	4
-0.023750333028706	0.768604098147472	4
0.018343701848828	0.556246010965978	4
0.090918013244833	0.122428835263424	44
0.000211824724878018	0.722521015501254	44
0.106584051344668	0.189155446218329	123
0.107328079325916	0.188985628995604	123
0.11401895732918	0.380670514943171	342
-0.00985002772922305	0.630699942958201	342
-0.0736874887935231	0.626289620365614	5
0.09647676885893	0.120758066909653	162
0.079310698375595	0.81073630587028	212
-0.00405391027483404	0.663523357274778	13
0.054556865305112	0.458394890600919	13
-0.090458248385448	0.663970309797135	26
0.015750193093438	0.26744714777204	13
0.102727667131862	0.190400518707707	13
0.078296095814198	0.26657987487987	13
-0.091162678533471	0.439575846924145	13
0.011154906143064	0.285315074798727	13
0.010550802038896	0.29077033464308	13
-0.10045053019774	0.6027266249542	13
0.019688496008342	0.214140651371127	13
0.00746709554675001	0.589146404888884	15
0.088346051632363	0.456125549013701	15
-0.077924663996134	0.935320138979889	15
-0.0979255889321911	0.872332396972553	15
-0.050415429092011	1.02029458493736	15
0.091953405606724	0.701680399376342	15
-0.036127215207203	1.02903874363869	15
0.123294537592909	0.647936784338414	15
0.053658089393323	0.695226958871433	15
-0.021549500662065	0.792745976493107	15
0.124949896144739	0.27409015191474	15
-0.092251995710984	0.622096125934063	15
0.081104029205012	0.42774142789354	11
0.047934364419526	0.64845138862731	11
0.116458101822208	0.5432124947605	11
0.000346308212176016	0.441323224566677	11
0.066799043509203	0.575165132878538	96
0.060477928676164	0.547830166298978	96
-0.072100890646845	0.992023689283799	96
0.02773165302626	0.703100176796394	96
-0.099303989967276	1.00996285682524	96
0.022961351603601	0.715021970840719	96
0.08210770405045	0.34618905418707	11
-0.10631665166937	0.239958037876724	4
-0.015584807642938	0.405598596775485	4
-0.070226555264441	0.698063455933592	4
-0.0492946385315119	0.378706729354073	4
-0.079118953866622	0.3141429907042	4
-0.117668167620982	0.237466213083892	4
0.092574318126688	0.121589010675069	4
0.089979751172428	0.12031277846722	4
-0.038092710744953	0.634664995000108	4
0.121879863363132	0.282144953613918	4
0.116455250739511	0.39836282742004	4
0.091635389749592	0.125062886124958	44
-0.105018653446507	0.247296557897613	44
0.00579088480592699	0.290111457974493	44
-0.094823313901871	0.777735663335985	44
-0.109966389358963	0.240411816003236	60
0.091635389749592	0.125062886124958	60
0.094814992493986	0.121133837036836	4
0.084928755902203	0.251402724036379	123
-0.08317631491327	0.636798819094976	342
-0.024225647737829	0.670668606751492	342
-0.032924893737889	0.416118919701175	5
0.107169364502297	0.188643387252491	5
0.077592632284206	1.47845471578227	2
0.057208777732846	1.88688054229238	2
-0.025758214866748	0.417759504896531	2
0.095396269043723	0.264875229704701	13
-0.038431868919753	0.348653270863328	26
0.05430817780116	0.577851019844738	26
0.081970292337331	0.258549733090362	26
0.095534745745171	0.121110502077163	13
-0.103390579376405	0.240448226622308	13
0.075921926883132	0.256558030141626	13
-0.075055862809797	0.310430896509458	13
-0.105018653446507	0.247296557897613	32
0.109512251508325	0.184432338064752	15
0.112563144350448	0.763793383990553	15
-0.124606692046901	1.26182372867513	15
-0.077183035754799	0.664188057421996	15
0.00901789830762601	0.28337623408405	15
0.108974800264008	0.185565533983717	11
0.022002317437522	0.339940336582025	11
0.071034439570547	0.566369375144255	11
-0.124976426813863	0.560934365950016	11
-0.05910314087183	0.558157929887884	11
0.117545517126131	0.704271563256913	96
0.091412740929408	0.122778214287602	11
-0.016958429851063	0.430783126905141	11
0.081854709399057	0.346925319787786	11
-0.0714422046171	0.302614840868974	4
0.094814992493986	0.121133837036836	4
0.032826968071561	0.768190400665829	4
0.091412740929408	0.122778214287602	44
-0.059582954207187	0.379012017837312	44
0.017330832173286	0.213970944144032	123
-0.123316097856456	0.507787461553851	296
0.096222349623132	0.364966066531703	26
0.013945676848345	0.6351734354955	26
-0.112335550391255	0.525168807523644	26
-0.029052574512566	0.41409767039359	26
-0.063339686448701	0.485875600912492	13
0.101077473864192	0.19160080904077	13
-0.0712837746374	0.303362762546587	13
-0.118536963788542	0.645919306905654	537
-0.069670344222702	1.00466614547067	32
-0.08698283439619	0.671213422818908	537
0.073798451415122	0.263719952560601	537
0.00468610849150602	0.28587533582663	15
-0.104248366603648	0.247280677660954	15
0.121619400009742	0.499021547713624	15
-0.00566992044690795	0.542860143188511	15
0.009446092397353	0.288073631417937	11
0.026398106013368	0.599694861041436	11
-0.0591631672603981	0.644951927617217	11
0.013290692901678	0.675807225991328	11
0.092302381144353	0.624860844256167	638
0.019986614211279	0.206780171941134	11
0.079363200106317	0.120258923170008	11
0.077708161361104	0.263661068659619	11
-0.058203198600011	0.376411909640149	11
-0.071618240142552	0.309090157294165	4
0.074626220261395	0.314597725943323	4
0.095534745745171	0.121110502077163	4
0.095534745745171	0.121110502077163	4
0.074304262476296	0.377672698715617	4
-0.0371840630064491	0.504592311819981	4
0.091412740929408	0.122778214287602	44
-0.048870303659575	0.630616673405481	44
0.085980376425502	0.12580488589805	44
-0.077462352494074	0.311873140244817	123
0.124909348507882	0.343856381182496	123
0.112061638776482	0.186858694393916	5
0.095534745745171	0.121110502077163	5
0.095756285186876	0.120782017445107	5
0.113741426039413	0.77585704933113	212
0.029564293344443	0.371403004972685	13
-0.03671757693554	0.48516239846415	26
-0.112335550391255	0.525168807523644	13
0.080192205971682	0.260383048505223	13
-0.0940676579694431	0.456938877057595	13
0.112023159316256	0.324307736338636	13
-0.076273729758597	0.315830377463955	13
-0.081751737299008	0.525557804654501	32
0.120631599249855	0.461616346466567	15
0.119040929856608	0.614575293215455	15
0.119676835946457	0.684595753912565	15
0.054286630038027	0.617072760390228	15
0.075044144772372	0.418290319626569	15
0.017774320684973	0.557989520023612	96
0.056977495922758	0.56819796639459	96
0.020600244865136	0.630844622829648	96
-0.097124766478621	0.767603021002389	11
0.091635389749592	0.125062886124958	11
0.00269745047587	0.613721529249801	4
-0.0449128459627221	0.535518137847114	4
-0.082927905096454	0.609545205862798	4
-0.075507615172152	0.307950632756115	4
-0.10433736284281	0.24624931470742	4
0.092352455723547	0.125048986852886	4
-0.109326587594943	0.247010331489444	4
0.111355179145281	0.284840416985282	4
0.02239262817049	0.599465502109024	4
0.02241571767336	0.483243568609824	4
0.00812299704585501	0.465274349375955	4
0.082556465777666	0.25637583445983	44
0.013376057992579	0.216089748639388	4
0.071133768917591	0.263472896549771	123
-0.064419288745827	0.478400807812241	4
-0.105107464173874	0.248281748462392	306
0.082769850460609	0.841166031483498	13
-0.110930930787928	0.616118062266468	26
-0.00160338092051904	0.476321693687332	13
0.014723620368612	0.468540936139619	13
0.051012770168721	0.360546584240863	13
-0.117489472266868	0.534541593127509	13
0.054683306783513	0.431067755563872	13
0.080638969966503	0.63422517233778	13
0.084245280254924	0.372978744284601	13
0.104466614382063	0.503489060406644	537
-0.119780002928787	0.520867277711607	32
-0.000383339329430021	0.444199045499288	32
-0.00569446351491298	0.686139569198207	32
0.11157576788356	0.441677348070332	32
-0.050674692719354	0.869647912676908	15
0.04543495118662	0.620033337201008	15
-0.019084980518547	0.773552507151464	15
-0.022031764379403	1.11594393986437	15
-0.040846824741872	0.954369726905411	15
0.122537508893	0.606544583417782	15
0.03270960471574	0.378609185453704	15
0.10104118877028	0.384546608151397	15
0.113971337173788	0.48044980634358	15
0.064736097066938	0.694505173204845	15
0.082994385258581	0.464618990309566	82
0.019905803980453	0.270618003538399	82
-0.074580524416863	0.610911732397209	11
0.08330794664191	0.541176675521023	96
0.112765051623882	0.387054897300123	96
0.047004817595167	0.45448048827351	96
0.079152399203483	0.307346314780881	4
-0.105018653446507	0.247296557897613	147
0.093292111011753	0.121566231332134	123
0.083672368274029	0.118587122155561	123
-0.075038790031338	0.307364926080139	123
0.104618001235447	0.189412808075926	55
0.116003049700351	0.544141935514233	296
0.120180823250816	0.616086889983913	296
0.108947364408812	0.679511389561755	296
0.080586869846146	0.61512263803805	296
0.059499059847428	0.712613696308259	296
-0.029922407417357	0.809072796727639	26
0.067051723991487	0.528659868758628	26
0.044390881235053	0.672561738977178	26
0.092934824741715	0.354330825884317	13
0.022332579674963	0.451168241322548	13
0.047899088876632	0.500028214878439	32
0.10883473092656	0.431851305606652	537
0.120407795446282	0.482984994920494	32
0.036758364503309	0.511471652594467	32
0.028902277332797	0.376681189620859	15
0.038959114416266	0.628976140045331	15
0.106468341234555	0.557150392075286	15
0.123965924276611	0.45769569853602	15
0.047866273933946	0.470486733660816	15
0.078239634125911	0.255850191734347	15
-0.0367381679886	0.877200589227272	15
-0.028483613055555	0.62902842700434	15
0.070523919062512	0.312419527032345	15
0.098602313368433	0.345293301043114	15
0.118021156751357	0.433706981813552	15
0.023619668676494	0.528984990490664	15
-0.082565578949286	0.631629935774138	82
-0.055417905723647	0.379180139624417	82
-0.060325844072841	0.479058663279234	82
0.07355632792489	0.410320859900887	96
-0.058318821279553	0.64344288306204	96
-0.105018653446507	0.247296557897613	11
0.077114733559225	0.255911970099078	11
0.031325170453147	0.383885205404789	11
0.081264709488038	0.339627703854892	11
0.016969617923018	0.331770277354693	4
-0.002190004367851	0.447376815257026	4
-0.115092866829501	0.241262756193267	4
-0.102118424243639	0.240196375235319	4
0.095756285186876	0.120782017445107	4
-0.106648890775968	0.246331229661046	4
0.10552444302153	0.188979035961125	4
0.024628037486991	0.210240612003072	4
-0.018771929272724	0.402363450316312	4
-0.08170905702939	0.319382700792454	44
-0.105107464173874	0.248281748462392	60
0.092352455723547	0.125048986852886	147
0.090696400979851	0.122798470587256	4
0.089979751172428	0.12031277846722	4
-0.075657652527701	0.312420285575349	4
-0.111138202722565	0.24274818901528	4
0.00807528455285	0.210615800494759	5
0.094814992493986	0.121133837036836	55
0.025899208250815	0.727046987021784	13
-0.108526579727162	0.879029779368574	13
0.068306456446611	0.818529592367954	296
-0.054708815947912	1.01305898953667	13
0.001413021234904	0.432337586817744	13
0.075450149022121	0.410431708037659	26
0.041807705702661	0.390060974432155	13
0.039826995696304	0.645477337693533	26
0.015022492509161	0.448716705552155	13
-0.00145343967802603	0.418280107339934	13
0.058799158449765	0.413849752761419	13
-0.032141721130225	0.423310985294613	13
-0.0311007987534	0.578624484343258	13
-0.023313083320856	0.578274028049099	32
0.074809385395481	0.351994422543366	537
-0.10072725099477	0.607862722843045	537
0.059905080273792	0.682026123482031	537
0.118023003152153	0.524426731066082	15
-0.030802324475804	0.7117782882757	15
0.116311947683664	0.555043018741561	15
0.112267666777015	0.463949282751675	15
0.089485297266039	0.571929206418735	15
-0.024074874476071	0.86635138208906	15
0.047878883380495	0.748208670483179	15
0.039991812321054	0.701217641181073	15
0.0422836394719	0.681565181759321	15
0.00643969912686299	0.343567498526332	15
-0.102299810281161	0.814224742562113	15
0.043929440501073	0.573422633496913	15
0.00733928437944598	0.564450628688585	15
0.121948395721001	0.375104803552284	82
-0.00325105397881997	0.442729593223489	82
-0.083675684761069	0.740148274688127	96
0.035292968558932	0.512427403086473	96
-0.045914814227938	0.737287728696277	96
0.067107668535196	0.535755800530412	96
-0.028119250586101	0.416502369424253	703
0.022367145253789	0.379747302992534	11
-0.073402120942015	0.279508866283731	11
-0.112684791601563	0.242878987150265	11
-0.078755642132423	0.632913090014926	4
-0.030045454517373	0.489726248410224	4
0.012638026835926	0.216209387057835	4
0.015587869044756	0.33295034923688	4
0.091635389749592	0.125062886124958	4
-0.0821232828678931	0.311021446905296	4
0.017182131154813	0.210120401667664	4
0.119910936624236	0.275720719862699	4
-0.00108051740798298	0.481098196762037	4
0.0373913337301	0.364937462012839	4
0.078562508135894	0.306216279811357	4
0.080164637589366	0.310614787924472	281
0.092352455723547	0.125048986852886	123
0.094814992493986	0.121133837036836	123
-0.076710197514131	0.311079717454564	4
-0.078967720952501	0.309148146425508	4
0.095534745745171	0.121110502077163	4
-0.085275712502405	0.311471430195799	5
-0.075657652527701	0.312420285575349	184
-0.013263244877406	0.64698082657699	13
0.047703443236812	0.505949491949193	13
-0.075858929931389	1.19375825315824	13
-0.00846886117047596	0.91595535478085	13
0.099202842334119	0.44473433716378	13
0.003782207098813	1.00373250827895	13
-0.026688829014291	0.41208448508292	13
-0.089950920170801	0.457840539720818	13
-0.070922503122121	0.574943751920723	13
-0.054883087739024	1.09107783356008	26
-0.099970698550737	1.01196190408127	13
0.090619411189094	0.722650427733863	26
0.056005337570308	0.528471627324761	26
-0.052833315011391	0.480997821093099	13
0.073653561890261	0.352144088909916	13
-0.00577718676949002	0.562394722138874	13
-0.010918618466047	0.518502135721622	13
0.038541324636542	0.598704271547533	537
-0.110411253612638	0.607440333477373	537
0.074083631401273	0.311915992935134	32
-0.047583124092713	0.464326780680505	537
0.034590848622455	0.420096982608028	537
0.121171121903885	0.392937925967211	15
0.076164587503155	0.47774849346135	15
0.100006072319644	0.550597612741933	15
0.065951088875262	0.569938417390761	15
0.111459985309528	0.649303810635044	15
0.120885174511272	0.515025821071874	15
0.023549302416109	0.867717912111788	15
-0.046450522069963	0.670619150736269	15
0.020376229496693	0.339246786232599	15
0.074540221558895	0.310855394650147	15
-0.062035313901319	0.827211973626165	15
0.102466963894481	0.423300762758539	15
0.088771634544868	0.393478273249886	15
-0.074860370736895	0.934441973716039	11
0.119061814701543	0.287204751626448	82
0.071741646454979	0.310178276835004	82
-0.051654335468348	0.47826259128617	82
0.053278588258568	0.461205658788233	11
-0.072777891251798	0.620259984077462	96
-0.013660010234869	0.704527720592775	96
0.014521529900303	0.329703127418861	96
0.085694663644532	0.251679835327066	703
0.092352455723547	0.125048986852886	11
-0.082885035453569	0.310189033090512	4
0.09647676885893	0.120758066909653	4
0.106425939567637	0.18977696608378	4
-0.105877973349914	0.248295887545134	4
0.013141332769625	0.32974329958588	4
0.122790152273806	0.343127308935584	4
0.020818399515809	0.363150208813699	4
-0.075464631416885	0.618177336757235	4
0.085980376425502	0.12580488589805	4
0.022313881466212	0.333959490877878	281
-0.024573958982629	0.408469303908747	123
-0.061935440180267	0.484927862805431	4
-0.122434849903649	0.377073680617123	184
-0.110231891392282	0.248016860367681	184
0.091412740929408	0.122778214287602	184
-0.102889977137709	0.238400518545906	55
-0.09408377513336	0.751823572995835	13
0.042155784499028	1.18126245274187	13
0.080175173276661	0.965776579360347	13
0.108731705687939	0.556296419668058	13
0.05150665572319	0.664383227401459	13
-0.112018448601194	1.22081919143787	13
0.0595914974138	0.445486401600035	13
0.013956671650624	0.341666611299822	13
0.063013276121639	0.784763424995982	26
-0.050545202611724	0.467466914248785	13
0.103348836500867	0.381194615460043	13
0.056675903853966	1.09182115575025	13
0.036006799786024	0.379587517095036	13
-0.00939184857224196	0.455472041930694	13
0.021137032455915	0.323813225931904	13
-0.050977453747914	0.547299615828203	13
0.07628767818108	0.374948736806854	13
-0.120511059202123	0.518903515498019	13
0.025884213827784	0.381250614143507	13
0.103292857104633	0.186495927543343	32
-0.098687330746938	0.671404648721285	537
-0.112482085996551	0.971658555263301	537
-0.018833544260707	0.811994162063017	537
0.024854533538184	0.388298470300492	537
-0.00599228354120895	0.451969263118377	537
-0.058094228616966	0.486234032421144	537
-0.022597195161748	0.40780849702653	537
0.09356128641896	0.481708007983971	537
0.071654447850545	0.505613798566411	15
0.057842120536666	0.519683077681743	15
-0.046529547692635	1.11202023754956	15
0.001657410757606	0.277524132986857	15
-0.113846361916294	0.519270824368585	15
-0.091540030926147	0.947310134710494	15
-0.096652977884196	1.04529148657844	15
-0.01851289678597	0.392891763175799	82
0.119758063835938	0.34378812727205	82
0.029612577214518	0.426333955261488	82
0.00409939282723598	0.528171385917763	96
-0.03863233235028	0.414980815573519	96
-0.0106178144824211	0.519077864710885	4
0.067385327822185	0.254028557658335	4
-0.090510142306446	0.439816281576397	4
0.018067333032762	0.214500333823115	4
0.091635389749592	0.125062886124958	4
0.120658425281714	0.346753026697471	4
-0.07468779976818	0.626543738255264	4
0.03428085420348	0.578126848732699	4
-0.105877973349914	0.248295887545134	44
-0.110231891392282	0.248016860367681	44
-0.083223792690665	0.31401967699862	4
0.110517313333134	0.389155469080276	44
-0.10135001632614	0.231245031910961	4
0.092352455723547	0.125048986852886	4
0.023592326525078	0.205342620178294	4
-0.059727976054239	0.378298746234197	123
0.00868326538883702	0.280108091853349	4
-0.055113005986274	0.46946220754522	4
-0.075372513545502	0.609688243811138	4
-0.121582420549519	0.536987658519116	4
0.104623589235432	0.185241816215566	55
0.090696400979851	0.122798470587256	55
0.095760362335235	0.482074021633583	13
-0.057920836584462	0.892843701422628	13
-0.028366530064755	1.91615206647848	13
-0.031166299792135	0.619043698671061	13
-0.019895307241292	0.669293830892743	13
-0.109289226716819	1.04182884963942	13
-0.010995268098034	1.92776368259947	13
0.00870710344972397	0.469128238835523	13
-0.100717680912595	1.30404748560438	13
-0.02124826828964	0.604844574578912	13
-0.055286180326439	0.793170937682771	13
-0.00819510931246703	1.01939106418562	13
0.024134787162301	0.404416831936679	13
0.074838526465717	0.546626019502007	13
0.040686426284634	0.442415476350976	13
0.074392173599522	0.353671286920492	13
0.079800972643144	0.349747508112138	13
-0.060278579688456	0.369700977797219	13
-0.061489362011382	1.5659685092645	13
0.079372741547578	0.335011443096194	13
-0.022392558410035	0.413331681001805	13
-0.093451009251052	0.46549468980645	13
0.075043430260466	0.263616069321458	13
-0.0491871212674711	0.473882886340922	13
-0.119266494337924	0.51657692912245	13
0.111310331476956	0.452902067546561	13
0.017640830337978	0.377406395141897	537
0.029425316823	0.693571456210398	537
-0.026418459769922	0.400719053140773	537
-0.0464931278762321	0.551666822019352	537
0.00740464623479598	0.341306811832195	537
0.075155127429064	0.531821755525016	537
0.054238198326203	1.20072307078134	537
0.120082979048423	0.567392943822057	537
-0.014107476539596	0.51846662933826	537
-0.060855050196183	1.0817326522886	15
0.116983756241192	0.573464887170415	15
0.087294447492695	0.519160208926753	15
-0.027485964569366	0.810655665153067	15
0.013659399403207	0.467745582699858	15
-0.076410656157943	0.311789047101088	15
0.088608616333879	0.753006623863553	15
0.045597933028887	0.795096830056262	15
-0.110530465929178	0.620317365627321	82
-0.068461826161176	1.03080207479241	82
-0.101580535365868	0.842910967381246	82
-0.0747765921872881	0.600325719723116	82
0.025813111727966	0.622507723880633	82
0.124813245377013	0.773585521101887	11
0.080007129383082	0.657034211187392	11
-0.094802729985757	0.457775621254782	11
-0.103478487420466	0.245263850016126	11
0.020424131595298	0.211942207610384	11
-0.070795195451548	1.06792463486315	4
0.0688666678762	0.586078441729523	4
0.041095161241489	0.578331473175739	4
0.122864411971562	0.316089147493101	4
0.018673538260916	0.345279316503538	4
0.091635389749592	0.125062886124958	4
0.09647676885893	0.120758066909653	8
-0.10708788454615	0.241144960334835	4
0.116102832413495	0.457093169191996	4
0.099106332267209	0.577694363301463	4
0.08525651924473	0.123952726570493	4
0.095035487890419	0.118365729060095	123
0.095534745745171	0.121110502077163	123
-0.047611319648431	0.371549901619716	123
0.124004903285255	0.285201552572353	123
0.038655819469977	0.3965662076045	123
0.117308128388891	0.428013390972467	4
0.101742350613711	0.411904195730296	4
-0.013763595712223	0.395343079661879	4
-0.0311929040218339	0.425304594611243	55
0.054803637871311	1.39931704999857	13
-0.019951833029298	1.31671170930936	13
0.041322526260739	1.17826626290876	13
0.109220968457401	0.814512737793561	13
-0.114705768632805	1.79685974077353	13
-0.096939475578348	1.39657497692446	13
0.016722676886333	0.975965305838455	13
-0.020978361028701	1.16045302684982	13
0.074669497506302	0.773355730018834	13
-0.02838333462551	0.867109633848462	13
0.039905244543549	0.887638714653225	13
-0.062862003804948	0.834490479938197	13
0.100043702525567	0.689679957931744	13
-0.025891146515172	0.795454503241121	13
0.044007157497709	0.637351616562123	13
-0.0396142460019771	0.802939046554519	13
0.103366848118797	0.459594634276984	13
0.013556832467786	0.563584258770221	13
-0.035663434822668	0.752020858057437	13
-0.040269990221362	0.824014414468191	13
-0.059115854502545	0.879049072910705	13
0.059700972241854	0.536444710085309	13
0.068485745856575	0.750648989754127	13
0.107270479882293	0.635994021149515	13
0.118132054426259	0.583016850288361	13
-0.108641826117747	0.641011352059677	13
-0.0225312913492129	0.794412730770733	13
0.014502002624992	0.766147230862076	13
-0.08106485089519	1.07071512994312	13
0.016871863028828	0.340818250134084	13
0.045978683898943	0.522460532212027	13
0.079507693222305	0.636106559534154	13
0.037207479665003	0.664511309083222	13
-0.110417848820591	0.850514146286364	537
-0.026666210598043	0.404093962061486	537
0.124588702308012	0.420143417471251	537
0.00451313445395801	0.5324439805102	32
-0.032690272530056	0.511536836872066	537
-0.011877093661158	0.778205521548399	15
0.084224607248524	0.50811380068949	15
-0.076273729758597	0.315830377463955	32
0.062278425068716	0.488854545959289	15
0.051248611770873	0.466276740733155	15
-0.045084202204296	0.67089645565513	15
0.101813067562144	0.477933692508847	15
-0.00253558902463402	0.613707261220077	15
-0.00300037942008702	0.551255377677328	15
-0.119857731298865	0.660937171034739	15
0.078428936338648	0.335363735108126	15
0.021827015666221	0.4891469117856	15
-0.00546670285264095	0.443003203196781	11
0.017016551198111	0.523438041446113	96
-0.0648408510297081	0.68330563442761	96
-0.024975155636525	0.401889874575377	703
-0.050750074016215	0.563072301456531	11
0.119913213739587	0.28252042171501	11
0.101232874844203	0.193169112263054	4
0.101232874844203	0.193169112263054	4
-0.079876263581949	0.31423159589641	4
0.109669669498021	0.187949854344194	4
-0.114060523964527	0.512766549909186	4
0.078060276024615	0.25627648245035	4
0.073762493399759	0.300140149042172	4
-0.098757578297085	0.2369907750536	4
0.085980376425502	0.12580488589805	4
0.095541018257901	0.181402433073265	281
0.090696400979851	0.122798470587256	4
0.091635389749592	0.125062886124958	4
0.105839676225759	0.18837377358498	4
-0.111911286966867	0.243952463278285	280
0.091856214036307	0.11915653709017	55
-0.111004560375104	0.24928574573673	55
0.121889942475001	1.79022059151722	13
0.068639993862335	1.95714638498836	13
0.00132211338070098	2.12392970267111	13
-0.064675715085307	1.74202322393297	13
-0.046225208786964	1.65092145646946	13
0.101022838365427	1.06488310525802	13
-0.02825785929532	1.41197509370585	13
0.073950741225931	0.624015188636138	13
0.050881847713234	0.68443871083239	13
-0.091856627430258	1.35661498090868	13
-0.02495395735136	1.18422370104833	13
0.064163931759828	0.754662193536013	13
0.058212678906897	0.697752221792115	13
0.067487903524182	0.597570244689817	13
0.105174159334789	0.704398039490776	13
-0.0805932727694541	0.897572689654021	13
-0.029362427085622	0.567795452206744	13
-0.0367906441417371	0.996910941803335	13
0.117527360504341	0.689200195794941	13
0.031301629307924	0.810281950856378	13
0.078830972030511	0.577309171931791	13
-0.0809823629869501	1.01925378085721	13
0.078597042947281	0.542240698874495	13
0.112459865375607	0.516510390841179	13
0.079251857188523	0.580521527904826	13
-0.099205858456191	1.0227905167844	13
0.048929770252355	0.595820977612423	13
0.046105443454693	0.565373985022538	13
-0.105624294063136	0.932934114010271	13
0.084365671462735	0.586158589513459	13
-0.111321077365823	1.02943024371719	13
0.079088091397715	0.53265801102345	13
0.12015078539286	0.549003387600301	13
0.00368303983408202	0.567171410067642	13
0.110412309841448	0.337099182989527	537
0.06568694698061	0.690067596469529	537
-0.095597771002889	1.03119977531846	537
0.067886459455293	0.599172469383294	537
0.019339758268802	0.593892610892954	32
-0.017846474350281	0.74915586622869	537
-0.083006536594274	0.626240449652456	537
0.015177102323428	0.535640892855421	15
-0.00407190411609204	0.439403361304614	15
0.111317061915866	0.187990352619235	15
-0.046839132254869	0.675577335248958	15
-0.034124301054722	0.515094445451841	268
0.108720703664453	0.390407615242441	15
-0.068880862838679	1.01039687921079	15
0.009148647968509	0.673556503668211	15
-0.104374519127286	0.891395834210948	15
-0.000404040555713969	0.540678403143557	15
-0.080988472740235	0.545155435393251	82
0.086226045865065	0.568844585076927	82
-0.10631665166937	0.239958037876724	82
-0.054753178141015	0.566996832314545	11
-0.052649238060294	0.703138024342467	96
-0.00406211874953299	0.423303830901732	96
0.079006104793858	0.255177842255174	11
0.025439784864687	0.380333000732968	11
-0.102620922665704	0.23856234219221	4
0.092352455723547	0.125048986852886	4
0.07591543697218	0.301492685303026	4
-0.0228303077595951	0.399777794881678	4
0.083539567593285	0.30104296132519	4
0.079778207878982	0.338846321469122	4
0.019101393994772	0.212350476617034	4
-0.105018653446507	0.247296557897613	4
-0.075657652527701	0.312420285575349	4
0.102727667131862	0.190400518707707	4
0.068783721682778	0.254732916660318	4
0.019688496008342	0.214140651371127	4
0.085980376425502	0.12580488589805	4
0.108389748934749	0.18187901909806	123
0.019688496008342	0.214140651371127	4
0.091635389749592	0.125062886124958	4
0.111475244655921	0.186468662315368	184
0.01747940462895	0.212399828881235	5
0.092128771294459	0.120108530289818	55
-0.066518515243355	1.53033071159874	13
0.111701674307917	0.860046177059951	13
-0.08315633748689	1.03166961051159	13
0.067636505160664	0.618577832294707	13
-0.00811000225872505	0.564490458958181	13
0.100503032345361	0.566726924629419	13
0.031201497231275	0.363766584341716	13
-0.086871072320123	0.445021579137586	13
0.017125832905728	0.750857778702247	13
0.065018251533348	0.71991713790438	13
-0.017468762652444	1.03750895739959	13
-0.0281745752311791	0.927675600331143	13
0.106517355467588	0.726565206565988	13
0.103471438565864	0.629276857744615	13
0.105520817733486	0.637872916927622	13
0.116687274345445	0.57528880635392	13
0.015084678008699	0.467506042197	13
-0.036061309903452	0.77811506084563	13
-0.101321130518696	0.986125344932155	13
0.069950240690728	0.610774532260194	537
0.124455653435459	0.481784325059023	537
0.036242803641961	0.695066577555269	32
-0.00883107922806003	0.867529268686623	537
-0.030469718107295	0.880288116473252	537
0.08347200439793	0.611628471624416	537
0.107328079325916	0.188985628995604	15
0.023507950954181	0.329899393655552	15
0.04861577697369	0.664226908538281	15
-0.043250599935731	1.01517481056069	15
-0.10013572661288	0.455048342485419	11
0.00237137337974602	0.288410123485029	82
-0.00531707782094404	0.436788616114316	11
0.072154576511224	0.245259334129564	11
-0.050739365808929	0.467483252456777	11
0.085278309294294	0.406271923418773	4
0.095534745745171	0.121110502077163	4
0.091635389749592	0.125062886124958	4
0.085980376425502	0.12580488589805	4
0.056944009229518	0.24338682782664	4
-0.00307862659012603	0.430249503807727	8
-0.059454867700123	0.492994985658195	4
-0.027230698976249	0.501237134528819	4
0.085980376425502	0.12580488589805	8
-0.124618821334993	0.392658604117372	4
-0.0538966115187141	0.375849080975965	4
0.017718513087122	0.211272047994888	4
0.00518566370068702	0.288248610893715	4
-0.086797181032063	0.311679081529447	650
-0.100436875507951	0.243859923513718	187
-0.09798810573017	0.231739140140056	187
0.014481597374039	0.206698820923482	4
-0.111138202722565	0.24274818901528	4
-0.0765603154365621	0.313562152213764	280
0.090696400979851	0.122798470587256	5
0.039355931486787	1.71372029219385	13
0.068028936767201	1.63970611907718	13
0.107166333424719	1.25723748271715	13
0.120876703833684	1.31975944946743	13
0.073044484444463	0.65603898803627	13
-0.064820250934991	0.981731069875766	13
-0.030531252081186	0.839392414036382	13
-0.051399763704601	0.635156312599177	26
-0.00830143339387501	0.453104446186292	13
-0.048074995109948	0.833355811726272	13
0.082420844651443	0.916536673193517	13
-0.116384017313259	1.08027237288088	13
-0.064440701275713	1.16791557722171	13
-0.033472727644611	0.937077893778232	13
0.102693514540001	0.618605221723062	537
-0.00293371941911302	1.06181973855078	537
0.060008045999957	0.795217354658849	537
-0.064698691159821	0.278497635598718	15
0.018067333032762	0.214500333823115	15
0.012368213549923	0.342503342501699	16
0.027438758751859	0.722330915260083	15
0.039014786860123	0.8079890712839	15
0.058825435722466	0.3070999409025	82
-0.074439995742029	0.313690690326752	82
-0.050422168379317	0.377217556895136	82
-0.095419086549422	0.947054601887055	96
0.09377648688114	0.473990364413547	96
0.094009592966652	0.118947703582815	11
0.00974240686873501	0.40849301768748	11
0.020828127116434	0.445227140571069	11
0.056965820775518	0.478598736708003	11
0.079932127803641	0.445413721727079	4
0.094094926298728	0.118706078687127	4
0.074050720100112	0.295567796292465	4
0.01275957685963	0.468881759393235	8
0.084466085554966	0.425934798227347	4
-0.071186008232437	0.606255970554494	4
0.106425939567637	0.18977696608378	8
0.091412740929408	0.122778214287602	8
0.101824437721679	0.189606016916962	4
0.082916250394655	0.25656859554616	4
-0.085036636530725	0.30556898587741	4
0.124920925082516	0.239388806168154	4
-0.070109719749508	0.308918094805859	187
0.082740505169448	0.118914374423549	4
0.089160261066708	0.121896646860028	4
-0.104248366603648	0.247280677660954	5
0.026097663431881	0.203240399213737	5
-0.032690562923072	2.22145650649341	13
0.078590630277917	0.387138608600672	13
-0.04783395197269	0.595862599316373	13
0.041682757300309	0.569752306942492	13
0.118956770144969	0.695752286666564	13
0.093754376130322	0.391928146657996	13
0.074373230507597	0.643638032959338	13
-0.030636341299438	1.17547060872651	13
0.121474208237633	0.707690731542109	13
-0.059628214922926	1.06814296838417	13
0.042967714776905	0.850517222616213	537
0.024546541826974	0.833568994556695	537
-0.017372384907437	0.666392124141553	32
0.114073067204714	0.386089908732329	15
0.104618001235447	0.189412808075926	15
0.077114733559225	0.255911970099078	32
0.041204121346187	0.526250786201763	15
0.084499933216087	0.254468664206245	11
-0.079118953866622	0.3141429907042	82
-0.053367792126476	0.363818860851682	82
0.095756285186876	0.120782017445107	82
0.080293572123464	0.122271201011872	89
0.00237137337974602	0.288410123485029	4
0.114258927506286	0.324049957635964	4
-0.03249189123928	0.647517813477126	4
0.102821497622366	0.354605978033793	4
-0.080952225206946	0.319302162561081	4
0.00136688868367202	0.279618850221292	4
0.095878990172345	0.188186534402068	8
0.014717165722221	0.280278428971783	4
-0.0765603154365621	0.313562152213764	4
0.064151695883967	0.309700406673259	4
0.091412740929408	0.122778214287602	4
0.102136233333622	0.192370991419772	4
-0.101207596303476	0.243882027133499	4
0.092128771294459	0.120108530289818	123
-0.068612442991437	0.298208753034117	4
0.091635389749592	0.125062886124958	280
0.017182131154813	0.210120401667664	280
0.107912443155355	0.186366517957068	5
-0.089921844692012	0.784113957141578	26
0.024660490277934	0.909706357547722	13
0.038573450583439	0.556136610826164	26
0.00991936640569402	0.338268443680343	13
0.114816202693554	0.742041603415879	13
0.046778775821569	0.760743538496167	13
0.090750387334444	0.613695398098352	537
0.045179793893444	0.591247810340245	537
0.046747183171944	0.7944543004306	537
-0.124298773869915	0.673583040205891	15
0.095878990172345	0.188186534402068	268
0.10941416338012	0.498568303992736	15
0.082646415586257	0.61506261814251	15
0.011238124569969	0.204412476359056	82
-0.107420216857878	0.240883097889171	82
0.111953385286317	0.320808476298852	82
-0.106648890775968	0.246331229661046	82
-0.110098840791516	0.248270143505648	11
-0.027851804296588	0.795145448285471	96
0.071518596845111	0.626392586103045	96
0.00571060999065298	0.713681023992576	96
-0.121279594173619	0.671739253463725	96
-0.017579631860819	0.400223893648977	96
0.017571936107181	0.213459013662829	4
-0.074905002097356	0.311621120813916	4
-0.00175311009113199	0.433421342234615	8
0.00757375935057802	0.417149683710151	4
0.093292111011753	0.121566231332134	4
0.122486764799543	0.28499441436695	4
0.084928755902203	0.251402724036379	4
-0.047821912074277	0.360714102666454	187
0.100330160122888	0.192337287990876	4
-0.076872567989941	0.318440119968235	4
-0.049387203708372	0.362577576867787	280
0.018309318429414	0.213337263587165	55
0.110729714650112	0.185704998601924	55
-0.105107464173874	0.248281748462392	55
0.07857376539058	1.61689994869495	13
0.076368874328754	0.84132440229098	13
0.089729926211329	0.46108592944966	13
0.074326205821453	0.35142784717746	13
0.01873347254579	0.869986418872495	26
-0.091864525470336	0.443608651855777	26
0.039345703602037	0.366708808551462	13
-0.00945033275362395	0.441601645037695	13
0.056902685256046	0.824235246885143	13
-0.069898930730482	0.596439247265725	13
0.116759878015376	0.680454168374934	13
0.086580598610566	0.558413097434634	13
0.013334450833462	0.794666718989209	13
-0.059589147390022	0.579875733714038	537
0.000322871373051981	0.84398318048156	537
0.084787349179814	0.642407194960311	537
0.10691362184083	0.604649293120741	537
0.068019158470589	0.699167951788303	32
0.111985970473149	0.438520643233549	537
-0.111004560375104	0.24928574573673	32
-0.075775427412608	0.294746613970725	268
0.092352455723547	0.125048986852886	268
0.107199861192861	0.593795282492141	15
0.046615839376553	0.846165153174145	15
-0.0442294324189479	1.03522511968704	15
0.076190865934471	0.643986019886694	15
0.105965993349183	0.549797639039077	15
-0.082197544437865	0.552070900356091	15
-0.018058464655515	0.402892641237419	82
-0.108645658297355	0.620640765262348	82
0.023892679682228	0.210973237230806	82
0.123991748443371	0.31689793871255	11
-0.113038904730437	0.692228715239282	96
0.101870130956246	0.42458281839215	117
0.111317061915866	0.187990352619235	4
0.093292111011753	0.121566231332134	4
0.105682168044272	0.18994603125229	89
0.019101393994772	0.212350476617034	4
0.084214095736126	0.334553757339532	4
0.015708490623521	0.207824647843278	4
0.093069211440958	0.12223423135792	8
-0.0240160632266579	0.398411548341997	4
-0.050905498814061	0.364080031990627	4
0.00485272624211403	0.290261959343017	4
-0.08110883370959	0.315729685393722	4
0.00297743439536802	0.281549281848902	4
-0.106560451731061	0.239949669603231	4
0.019986614211279	0.206780171941134	4
0.017571936107181	0.213459013662829	280
-0.110279589860999	0.233492696406874	55
0.092352455723547	0.125048986852886	55
0.090918013244833	0.122428835263424	55
0.090918013244833	0.122428835263424	55
-0.11596312181457	1.42650932774344	13
0.121414771548991	0.696789403659921	13
0.03573671428493	0.669499492573234	13
0.066502225682899	0.725853978825813	26
0.088650258643088	0.614749346347079	13
0.036235994195673	0.574483772536425	13
0.04640931318283	0.912965849255248	13
0.00837021418984302	1.01647362234002	13
-0.124664245643422	1.14655640961716	13
-0.000629753430354985	0.846068760488942	13
0.106855042254782	0.617186855347429	13
0.057659759742363	0.668476404187501	13
-0.067848178273612	0.962450864699688	13
-0.058806438859497	0.889059683016354	537
-0.117482178411534	0.860849709192721	537
-0.095486707757575	0.45887392157076	268
0.070673364821882	0.314477698832104	268
0.118521717134071	0.396381948274203	15
0.092865682529923	0.420959997821143	15
0.024542205743878	0.328274857076751	82
0.035824363760438	0.403699689705541	82
0.071184887831016	0.318851620116729	82
0.012783542820584	0.215101163177545	82
-0.088209078793098	0.662553720598624	11
0.091708322924542	0.416490862394151	96
0.014424401609597	0.507290111791763	117
0.077426370244422	0.464021120214692	117
0.088289162284241	0.427431353736073	117
0.095534745745171	0.121110502077163	4
0.089886520108577	0.11993937786539	4
-0.099527467641598	0.238866436666662	4
0.088351531654497	0.246876435772108	4
0.087973927139887	0.400136269742946	8
0.123338729050706	0.315787079674528	8
0.08504567389839	0.123556715541549	8
0.096183699720888	0.187239862655589	4
-0.050998365564616	0.384206007078694	4
-0.030243579622464	0.424749552475491	4
0.015880671876097	0.212738774248593	4
-0.102709015492645	0.239592499387889	4
0.014997220557915	0.214725591705819	55
0.018952496543016	0.214889758599387	55
-0.022914062443364	0.724924730487156	13
0.041396136704618	0.400667118414029	13
-0.086784752841524	1.26717586071824	13
0.085257631372446	1.04537508707662	13
0.085237852102597	0.732522687974527	13
0.104195871185294	0.627196666528183	537
0.063344316328436	0.6538514012875	537
-0.122899658712115	0.796890431059343	537
0.116570580901912	0.695018130907574	537
-0.049306799749616	0.764474494428714	537
0.08298232010708	0.52335550643646	537
-0.00338012288590495	0.271209580349644	32
0.072921520220288	0.412893242977921	15
-0.121652485341873	0.516623773546542	15
-0.080638792563524	0.53676647469421	82
0.007191071686804	0.477657997189114	82
0.117661229512363	0.31749456324276	11
-0.085805324048235	0.455940215733182	96
0.052162397403503	0.434671594774072	117
-0.052349389036614	0.477915632357678	117
0.1189358913811	0.406303872327548	89
-0.105278008811951	0.239857666429943	4
0.020424131595298	0.211942207610384	89
-0.109326587594943	0.247010331489444	4
-0.050630894757163	0.37535891855792	4
0.060790360924714	0.364402985123879	4
0.096229117442249	0.464350952596066	8
0.079440526100399	0.311343839098881	4
0.086703917166644	0.123702559230249	4
0.109669669498021	0.187949854344194	4
-0.060137411347241	0.37245149452135	4
0.020424131595298	0.211942207610384	4
-0.10631665166937	0.239958037876724	4
0.108230862746882	0.186666235281736	4
0.107328079325916	0.188985628995604	55
0.0586840352408	1.87926465971463	13
0.021461364948552	0.683306183731787	13
-0.00344125235780102	0.888326230142704	13
0.123385804466635	0.301359078449056	13
-0.024143695327185	0.490558549361634	13
0.069907487084754	0.896903710372318	13
-0.012121185243743	1.00062812997422	13
0.014453085926153	0.794848532855844	537
-0.043592695233447	0.362759766106308	537
-0.116399780461223	0.506894235452827	32
-0.115015982948519	0.528997922097588	32
0.017918404578694	0.209407313181631	32
0.020005676082643	0.45144819005905	122
0.110572137326542	0.188160594783897	268
-0.00980377362285001	0.751696578174725	32
-0.092671388066369	0.79999113652462	15
0.00468752666771199	0.285517261094642	15
0.092352455723547	0.125048986852886	11
-0.073826098371794	0.900084465149834	96
0.010369089434833	0.459885066982445	96
0.013875506054431	0.445806439551359	11
0.109419008591471	0.361143268898527	11
-0.0953093343274229	0.587078406186367	714
0.044584883317913	0.436263947987214	4
0.073873372431759	0.265725142072936	4
-0.00465122992830902	0.279966153237542	4
0.0814457069305	0.300856281905017	8
-0.015584807642938	0.405598596775485	4
-0.115092866829501	0.241262756193267	1
0.089160261066708	0.121896646860028	4
-0.104248366603648	0.247280677660954	4
-0.111911286966867	0.243952463278285	4
0.100154331425651	0.186351409305816	4
0.073693011046634	0.265095156540735	4
-0.077031039461208	0.317662757779911	4
-0.102620922665704	0.23856234219221	4
0.022948237603895	0.259818575752352	4
0.01983762033073	0.212868881619307	4
-0.105877973349914	0.248295887545134	55
-0.105107464173874	0.248281748462392	55
-0.120078076648621	0.669080467445432	13
-0.0592580576198251	0.577051666599705	13
-0.084616618409847	0.709566543850445	26
-0.036687084410794	0.940601871768978	13
-0.013214779473508	0.398170581350299	13
0.075889652025667	0.582413837435215	13
0.116399447478108	0.625470660189815	13
0.096848612642532	0.872757368442578	13
0.094683566765329	0.766302925413549	13
0.016192287749747	0.79579718793928	13
0.094094926298728	0.118706078687127	13
0.104259354181857	0.394597113157645	13
0.015480366731753	0.66580123609055	13
-0.102529470080246	1.12595321703507	537
-0.106587448199467	0.499128607255802	122
0.077799605378803	0.351222954446879	32
0.1218566438288	0.231133557621649	15
0.069947846892837	0.316736202287595	15
0.03813747713483	0.509175019247492	11
-0.018541924457947	0.529094044362657	11
-0.0724900247602121	0.618712919032245	82
0.102136233333622	0.192370991419772	11
0.024628037486991	0.210240612003072	11
-0.093679627243434	0.442313384485006	117
0.03922590351633	0.417838271621085	714
0.012049998391629	0.343730493363652	4
0.094814992493986	0.121133837036836	4
0.076939666828406	0.261373552859021	89
-0.096507938112432	0.230547609718778	89
0.108924654100922	0.18717201349137	4
0.031301359046575	0.372922775795288	8
-0.101207596303476	0.243882027133499	1
0.067286668834763	0.312426424326735	1
0.091412740929408	0.122778214287602	309
-0.075807912796508	0.312759471781369	4
-0.117246036624149	0.534807448602801	4
0.017714147232617	0.332172472011453	4
0.10198044605162	0.192424234926112	4
0.107328079325916	0.188985628995604	4
-0.108422296333904	0.240275278025828	55
0.018067333032762	0.214500333823115	55
0.023892679682228	0.210973237230806	55
0.038989216711658	0.98932369560495	13
0.061840590076519	0.460301643391139	13
-0.00283020258535105	0.537330497359224	13
-0.096366735137167	0.453973414783185	13
-0.014599828528994	0.529495081809319	13
0.017400901110108	0.348365583513439	13
0.015474974256554	0.695866718345346	26
0.008669321007646	0.64377857119224	13
-0.05674357207158	0.858726239799528	13
0.015320177285265	0.507614587227976	13
0.022576363553258	0.527682362182425	13
0.037962754754524	0.793885624501178	13
0.084541927466299	0.597372746331888	13
0.063718325673098	0.516989479093414	32
0.085245806497728	0.648542859716339	13
-0.08672927335475	0.657196427663015	13
0.113511527984037	0.517560927625366	13
-0.0586985258678801	0.881470931009397	537
0.064797239655789	0.6497315240199	537
0.111821445970474	0.488155905795289	537
0.099125011435777	0.381164594103471	32
0.117789472277569	0.403642752199554	32
0.115143600035544	0.175916683335194	32
-0.00354551849801099	0.446099121514156	32
0.03705041529891	0.367417892950873	32
-0.024190272364526	0.415153580897463	122
0.091412740929408	0.122778214287602	15
-0.00115840282871604	0.756697973975348	32
-0.0326040316451091	0.637631784586093	32
0.052822668543381	0.577078263196339	15
0.080079216553154	0.257022698246426	15
0.075518880086674	0.348106312763403	82
0.092352455723547	0.125048986852886	11
0.09647676885893	0.120758066909653	11
-0.105107464173874	0.248281748462392	96
0.094814992493986	0.121133837036836	96
0.02090263457147	0.322807364101179	96
-0.00734481901745498	0.538324895172584	96
-0.099806274080228	0.232975057638589	11
-0.066187169832323	0.297081416967375	117
0.091635389749592	0.125062886124958	117
-0.0589616402662601	0.480472108754552	89
-0.106648890775968	0.246331229661046	4
-0.086797181032063	0.311679081529447	89
-0.114785037285807	0.514319653792437	8
-0.089687774604939	0.461992711104268	8
0.111475244655921	0.186468662315368	4
-0.111911286966867	0.243952463278285	4
0.00652352936519501	0.286153476408453	4
0.017182131154813	0.210120401667664	4
-0.104248366603648	0.247280677660954	4
0.089979751172428	0.12031277846722	4
0.08504567389839	0.123556715541549	4
0.023156958207752	0.210462038873037	4
0.08525651924473	0.123952726570493	55
-0.100436875507951	0.243859923513718	55
0.095534745745171	0.121110502077163	55
0.088512491785761	0.794031151683791	13
0.093438845068486	0.455474426651897	13
-0.0109737927750579	0.865384592303971	13
0.068253802828625	0.318151267532295	13
-0.028433077553335	0.885482225230217	13
0.057160157636853	0.844888024683231	13
0.048645370816737	0.472833787257131	13
-0.04286832958814	0.785909961453692	13
-0.016330333871448	0.728400585634741	13
0.023348561637954	0.515126139727214	13
0.091549657688913	0.399030854079009	13
0.040293319214991	0.613072675679749	13
0.081602610991739	0.344715037126377	537
-0.02431310588043	0.674090290246987	537
0.027610763159759	0.377058350228561	537
-0.111079520381999	0.612787864842939	32
0.081664488968355	0.2469285669425	122
0.018654313891254	0.20734134666741	15
-0.077623876325632	0.974446661754963	32
0.023611035660986	0.746349636343502	32
-0.040292669772339	0.866340402622509	32
0.026143994342437	0.674219169079784	15
0.00164362652712802	0.54065843268607	15
0.104037065936877	0.188375672663809	96
0.00407844103184002	0.288807064293016	117
0.033800017583629	0.554120975656445	117
0.079123805620605	0.374411469369143	714
-0.072183244683661	0.621737898625146	89
0.08576848041998	0.121559855808552	4
0.105961071687899	0.190484230048817	8
0.121087566028347	0.282463387483358	4
-0.10433736284281	0.24624931470742	1
0.018067333032762	0.214500333823115	1
0.089979751172428	0.12031277846722	1
-0.111004560375104	0.24928574573673	4
-0.100297774182362	0.238898377739395	4
0.020081825012115	0.342796295678688	4
0.015143283862096	0.214463511945117	4
-0.052702422350475	0.385159622744444	4
0.014259693803074	0.216485010321711	4
0.074926873498533	0.255761205218336	4
0.085980376425502	0.12580488589805	5
0.018216132862307	0.214354093334262	55
0.023803909452555	0.679495409689739	13
0.086186751703713	0.296988979880736	13
-0.112118851652296	0.984946664260645	26
0.100820768031856	0.584103427962509	13
-0.078285713967135	0.814030382523819	13
0.034463466063501	0.744257688836329	13
0.122406059988406	0.238308155580775	13
0.097213416424958	0.764309921402729	13
0.118949588122731	0.648054099079807	13
0.104177450644142	0.570075977736815	13
0.051676099888342	0.559417138600926	13
-0.101884056782994	1.04526324831452	13
0.050296496561855	0.758592474915787	537
0.110693853695261	0.58842742354611	537
0.089901292514636	0.730410053447463	537
0.024477701902334	0.208830771574455	32
-0.096601315572282	0.448539358766781	32
0.112965260135456	0.185183489808875	32
0.025513458798075	0.205457146255742	32
-0.086905060686417	0.442951157315821	15
0.090789830888998	0.51194538984931	15
0.111110785171023	0.459666710774616	15
-0.051654335468348	0.47826259128617	15
-0.103285756729798	0.605866148376817	15
-0.0865433822571861	0.542452190124846	11
0.025363031958293	0.208104604223834	238
0.00783567461833501	0.276153237792901	238
0.090918013244833	0.122428835263424	11
0.095756285186876	0.120782017445107	11
0.00509353650537298	0.464695348086404	96
-0.091372978341444	0.551217021242074	96
-0.00614454577239199	0.651536395775905	96
0.048466328593979	0.567228589752986	96
0.120133464692641	0.320641550806394	117
0.082286950649136	0.406148851972703	117
0.078679311665022	0.374593281882953	714
-0.054239002343125	0.644867559061946	714
0.08536751590758	0.471252489096116	89
0.018067333032762	0.214500333823115	4
0.106709192288932	0.188476940860255	161
-0.101347289716107	0.24016620508867	4
0.124163455682482	0.237421855639706	8
-0.0418926853032749	0.358141068695588	4
0.070692929891857	0.444800333348192	8
0.013252424220606	0.351204571236024	1
0.103788322614776	0.18927887245009	1
0.023007073924632	0.211714784764112	4
0.092352455723547	0.125048986852886	4
0.096183699720888	0.187239862655589	4
0.011661019556929	0.277070124107057	4
0.018216132862307	0.214354093334262	4
0.109826864699508	0.187375349525914	4
0.018952496543016	0.214889758599387	4
0.092352455723547	0.125048986852886	129
-0.106738597158114	0.242917777601873	4
-0.044970107243402	0.365760731849651	4
-0.104248366603648	0.247280677660954	4
0.020573482568089	0.212131776935875	4
0.093292111011753	0.121566231332134	4
-0.0776118566334541	0.304208326214217	55
0.086703917166644	0.123702559230249	55
0.016834188168926	0.211999733631731	55
0.048372371122151	0.526277958957533	13
-0.00245121165122997	0.446246588341578	13
-0.061361310662273	0.655329485396942	13
0.106303662397541	0.606607106125184	13
-0.00132768234543901	0.475091602143661	13
-0.052772304108913	0.634057088511666	13
0.054217386784438	0.608900808971728	13
0.053263621512114	0.776355067675059	13
0.043961401681035	0.710943231433557	13
0.094314489713314	0.597681979199429	32
0.121043204631219	0.320394760118073	13
0.113714619992048	0.46006771441467	13
0.117964045490333	0.510813078527995	537
0.107912443155355	0.186366517957068	537
-0.00879999299860801	0.712904861410048	537
0.104797501741823	0.635703842470041	537
-0.00768464466646301	0.951646630478443	537
0.115719258787084	0.171435944349119	32
0.072876451467219	0.318115479268725	122
0.082605493200308	0.254414393581955	15
0.066605426592443	0.43381894000882	32
-0.043880489459398	0.736624540808866	15
-0.023244854335021	0.495362581257785	82
0.024042655789844	0.205691064929218	238
0.095534745745171	0.121110502077163	11
-0.075197783233166	0.315503912667094	11
-0.088751948819373	0.755433315726591	96
0.026999279964452	0.384102958677718	117
0.087073552035797	0.402765127273763	117
-0.109326587594943	0.247010331489444	89
-0.111911286966867	0.243952463278285	161
0.071491179216956	0.256800053798524	8
0.072045700550471	0.255842749299806	8
-0.105189643297681	0.494741241540838	8
-0.080035842955686	0.318133820149999	1
0.091635389749592	0.125062886124958	4
0.018216132862307	0.214354093334262	4
0.014521774858663	0.345630822812113	4
0.082916250394655	0.25656859554616	4
-0.075657652527701	0.312420285575349	4
0.010383958572156	0.28953598518632	4
0.091635389749592	0.125062886124958	4
-0.10919413321852	0.241459388014984	55
-0.114864705623862	0.742889130266974	26
0.067799667497293	0.766419277461654	13
0.031810207440561	0.566060165090726	13
0.013849745909387	0.465778071824588	13
0.109105820029559	0.629409066888946	13
-0.053103527566449	0.630047588646372	13
-0.114769245372	1.19510832247811	13
0.072107781823345	0.617537878443476	13
0.114216314914244	0.538053738450023	13
0.043068900616915	0.547041487329838	537
-0.114463630275804	0.97691245044559	537
-0.041865777367139	1.03984853642463	537
-0.022341840740648	0.393437036986942	32
0.096783206272265	0.188933167584185	122
0.061847216037762	0.56329903053423	32
0.123806119342042	0.558260897861673	15
0.02868111540937	0.388622842935415	82
0.100484953197498	0.192775514054758	238
0.028535867724788	0.196859043074275	11
-0.123573197720759	0.816605096374334	96
0.042786498245416	0.718140938492991	96
0.030535471143653	0.590931962470174	96
-0.093332933402047	0.454388050691763	11
0.079650663254571	0.435738232285168	117
-0.014111021427778	0.444799765098802	714
-0.104160643561324	0.240477988061804	161
0.090042573183258	0.288811260688114	4
0.00668726720100099	0.467846391705932	4
0.087927596717966	0.367854483078073	1
0.080247074570503	0.37803590219654	1
0.083369887232452	0.299992505727355	1
0.091635389749592	0.125062886124958	4
0.008248330180125	0.282344636307427	4
0.079006104793858	0.255177842255174	4
0.085980376425502	0.12580488589805	4
-0.111911286966867	0.243952463278285	4
0.093292111011753	0.121566231332134	4
0.018067333032762	0.214500333823115	4
0.018952496543016	0.214889758599387	4
-0.105967865973031	0.242891785761604	55
0.085980376425502	0.12580488589805	55
0.018151145272116	0.503404539171242	13
0.088854400371659	0.660356150246866	13
0.075584319501324	0.818449645388879	13
-0.056707797262344	0.709243407544748	13
-0.097147829456522	1.30059811177868	13
0.109329542417624	0.623388575309661	32
-0.066942111044859	0.768676249632913	13
0.123821968170093	0.539686111575202	13
0.076338744008523	0.448636046510131	13
0.100719609573844	0.454049508973427	13
-0.036819614274154	0.654092050776792	537
0.053763449907933	0.735663869859662	537
0.082966574368027	0.258343212283934	32
0.103473214840231	0.181342014909899	32
-0.10433736284281	0.24624931470742	15
0.036793314117002	0.73872288051025	15
0.04779852525317	0.444885114930711	15
0.03393246661603	0.374372932799851	15
0.095756285186876	0.120782017445107	96
0.017501187435131	0.333693024624123	96
0.016970385988117	0.34749066067406	96
-0.016214165137674	0.504233573922267	96
-0.032903037406064	0.495579847163567	117
0.026169401092388	0.492569698848009	117
0.045161648969079	0.497601232946572	117
0.067378143382736	0.304312367330633	714
-0.053930604682452	0.631320746337966	714
0.091412740929408	0.122778214287602	89
-0.027585852621321	0.490600767654788	8
0.118602345521192	0.304915578946165	8
0.111038236828268	0.355975072627695	8
0.00220469950254298	0.437547283231104	1
0.014902417665442	0.459350824910922	1
0.070082168052206	0.346426133877336	4
0.093069211440958	0.12223423135792	4
-0.080826166906315	0.432255089040348	4
0.122000664900664	0.283731235476869	4
-0.105107464173874	0.248281748462392	4
0.01682910102329	0.273565889846902	4
0.092574318126688	0.121589010675069	4
-0.096507938112432	0.230547609718778	55
0.020573482568089	0.212131776935875	55
0.094009592966652	0.118947703582815	55
0.026075395087617	1.22627278856319	13
0.095322362838449	0.735674678469822	13
0.030197718539396	0.758984347487819	13
-0.118924370033942	0.651742269408078	13
0.098009498163409	0.845462631305557	13
-0.111134711561484	1.33093736154696	13
0.091612424892378	0.689119654464005	13
-0.036082057264605	0.902490652264777	13
-0.0991048146096441	0.748075376786407	13
0.052262467400599	0.503559666085567	13
0.076156274295815	0.387843002531354	13
-0.00589215177735802	0.899322782294688	13
0.044534543843248	0.809030020109674	537
-0.023835315307167	0.669418503865138	537
0.010610680351647	0.867250573537309	537
0.019193364125777	0.212598286307675	32
0.021458427879438	0.206546786354545	122
0.043174432784685	0.411658509054407	122
0.020185332985047	0.337460819557986	122
0.103788322614776	0.18927887245009	15
-0.066271367773513	0.486518998774581	15
-0.051233352232687	0.81794489142788	15
0.065339019070352	0.652602092985009	15
-0.010626318684354	0.524478594865018	15
-0.089687774604939	0.461992711104268	82
-0.096969203377943	0.449833365118554	96
0.016556469518202	0.708894610991909	96
-0.074799161768632	1.06179962535557	96
0.069326649614575	0.311032212068945	11
-0.02433483028823	0.412409741214386	11
-0.029807814521479	0.561606900871941	117
0.120515692150687	0.408127713821089	117
-0.05462426604158	0.562712744027691	714
0.091635389749592	0.125062886124958	4
0.030751021679209	0.367918852831309	8
0.050132974895014	0.402079843718377	8
-0.071020078945226	0.311682276408831	1
-0.105107464173874	0.248281748462392	1
-0.105877973349914	0.248295887545134	1
0.09647676885893	0.120758066909653	177
0.093069211440958	0.12223423135792	177
-0.100297774182362	0.238898377739395	177
0.096783206272265	0.188933167584185	4
-0.0765603154365621	0.313562152213764	129
0.00577173479651499	0.27635997490858	4
0.018502401265587	0.261312841515918	4
0.106425939567637	0.18977696608378	4
0.092352455723547	0.125048986852886	4
0.01284392313365	0.284905739578718	4
-0.111777649370352	0.248129602538127	55
0.022363433065033	0.200996122203395	55
0.089979751172428	0.12031277846722	55
0.017687903380689	2.25281337798561	13
0.029459476078375	0.522774626614571	13
0.069824887732494	0.41631434889808	13
-0.00479335119770297	1.32983803153136	13
0.039589717365294	1.17593885711997	13
0.103478650477835	0.838892923171707	13
-0.014373195073851	0.873791128911623	13
-0.0221748235325629	1.02275627266651	13
-0.036616965494953	1.25557981557418	13
0.040471845091077	0.9585843651764	13
-0.00519474362671402	0.753534760326997	13
0.076949834011594	0.790328722503872	13
-0.050744383855819	0.71205161938724	537
-0.088626491077863	1.04654371605112	537
0.123754093946634	0.723448289182122	537
0.092233976778175	0.5748802790697	537
-0.017476594723034	0.631143895710281	32
0.050854562943608	0.438486595494381	122
-0.023747455207068	0.42030860716837	122
0.022313881466212	0.333959490877878	122
0.01820103613517	0.272712883566834	122
0.107393805303301	0.391393575060376	15
0.019274796377281	0.602415028778106	15
0.01004642321705	0.41732704971242	15
-0.123229503563139	0.525108122107327	15
0.00812215429566798	0.722821504038921	82
-0.085118526128052	0.311416934482504	11
-0.021900667290561	0.720263703985973	11
0.124143295864442	0.277187156079915	714
0.104938049624746	0.189156505805927	161
-0.124503865082039	0.537748946181166	8
0.071609620826023	0.347313206407079	8
0.054325980214559	0.436736725601755	8
0.07591543697218	0.301492685303026	1
0.00441323361039803	0.286264532748022	1
0.102884062154896	0.191629592954725	115
-0.10433736284281	0.24624931470742	4
0.091412740929408	0.122778214287602	129
0.078633526899083	0.120476482660769	4
-0.099527467641598	0.238866436666662	55
0.092128771294459	0.120108530289818	55
-0.105877973349914	0.248295887545134	55
0.085980376425502	0.12580488589805	55
0.01233022460726	2.47194029567505	13
-0.055981037497996	1.89901459330205	13
0.079883431319603	1.0398971212818	13
0.087192935578433	0.779605771440518	13
-0.00243098138824205	0.618198391857434	13
0.046016072581244	0.838691307630831	13
0.00175423456053497	1.385640959172	13
0.084108273669852	0.646234220153638	13
-0.038388136694091	0.84987791308839	13
-0.029759876484646	0.688310544497607	13
-0.027561734056351	0.732583990708198	32
-0.012368469500233	1.0606573252889	537
0.015115297091533	0.616502694532739	537
0.034841822163567	0.798583841088265	537
-0.12115526091288	0.914386238874297	32
0.012347359819118	0.724514652395215	32
0.017775525152047	0.464270608752654	32
0.036918596830548	0.586106265553553	32
-0.108239114097454	1.24833946770203	15
0.010828265258034	0.657595305968904	15
0.050713971180523	0.618376757888761	15
0.038444906795937	0.765954189525153	15
-0.0179072517765591	0.768741528875068	15
-0.00578832554516795	0.62733373998629	82
0.019849195773878	0.343087535508861	96
0.076560596211203	0.378476349897995	96
-0.094513152018878	0.454137713402587	96
0.11301632685175	0.347022238790011	96
0.078553166667284	0.383058621915442	96
-0.00194418078287995	0.486534180092694	96
0.103972994357423	0.424497772825279	96
0.074209786106709	0.359583362367348	11
0.083929903535254	0.336713541807479	11
0.083804142460314	0.440618361518159	89
0.11182587269543	0.488879367331642	89
0.118825223164379	0.321052558012134	89
0.011529813285255	0.339711899013901	161
0.015734381940275	0.209981934323021	161
-0.050518822920038	0.369036905624765	161
0.00885063288202798	0.283404141613349	8
0.011138190885954	0.282467111806426	8
0.123956338801346	0.238661806614549	1
0.074803587277509	0.313086295604094	1
-0.031146534941957	0.577831114867815	1
0.00907425585018801	0.341261894000061	1
0.113470845163304	0.327435424440254	4
0.078060276024615	0.25627648245035	129
0.019688496008342	0.214140651371127	4
0.017330832173286	0.213970944144032	4
0.091412740929408	0.122778214287602	55
-0.076771647646488	1.53439670431912	13
0.0442615601748	0.705644694949556	13
0.032115874371714	0.984355110722425	13
0.01031937748397	0.972413529232632	13
0.100711601430932	0.441826309519916	13
-0.106084734252302	1.04062906431481	13
-0.024310037338802	0.835247730031695	13
0.075950869813799	0.654131048158979	13
0.113696107247176	0.413342277782716	13
0.017296559811028	0.844426198999534	13
-0.098523004945812	1.1161171328426	32
0.085320586448416	0.465996658402639	32
-0.105789348353789	0.245350537511065	32
-0.046439409562519	0.623785140038866	537
-0.029949324018746	0.711738436596539	537
0.107175682651682	0.535993385936644	537
-0.053273948435461	0.482335865380557	122
0.084291983667254	0.373766885473664	122
-0.085367633751592	0.7333770148755	15
0.075681191777506	0.301695510626872	15
0.038167394669149	0.401373591327681	82
0.041396864050243	0.494738230000715	82
0.095756285186876	0.120782017445107	716
0.108974800264008	0.185565533983717	716
-0.105967865973031	0.242891785761604	716
-0.097366485125275	0.449174477610067	8
-0.074599921969037	0.312578462318865	1
0.081251618775972	0.259614881128559	1
0.00253675990584201	0.288515723163902	115
-0.074184274928111	0.309057541999811	4
0.093069211440958	0.12223423135792	4
-0.052030240059213	0.369019759579846	4
-0.106182434761098	0.244816776765651	4
-0.103478487420466	0.245263850016126	55
-0.00917109371432501	1.29696523297487	13
-0.0912378403108201	1.44617815351196	13
0.00257606335229699	0.551214682130912	13
-0.069442115996837	1.14481320275487	13
-0.0961305074979441	1.11956475916974	13
0.0408961859508	0.626720377651591	13
-0.014411570388973	0.530008236557493	13
-0.097375014137314	1.29076411447574	13
0.095308047567676	0.536997306668979	13
0.116275443747288	0.782342203289303	13
-0.030423055825607	0.757395814640241	32
0.121628183066546	0.62635500576872	13
0.067799772367059	0.687816932105893	32
-0.0000699407581129519	0.283352561161009	122
0.015893036289041	0.273176244259712	122
0.078562508135894	0.306216279811357	122
0.045423539260384	0.567558362737791	15
-0.016820443889551	0.66036715630304	15
-0.051941967925943	0.38428005105255	15
-0.04067460479021	0.588642857107638	15
0.053184597497104	0.528972040359476	82
0.108815095106288	0.185596438759554	96
-0.083229954236324	0.43619444125574	96
-0.08230812788729	0.312894275251129	96
0.051350258560892	0.517476638041855	96
0.073009405624355	0.296554447482728	11
0.018395469784407	0.462375145657828	11
0.092474862410004	0.358065641347405	58
0.089829360384826	0.454561728911796	58
0.085980376425502	0.12580488589805	716
0.110414337099916	0.187779304343989	161
0.045580202057483	0.356701413241446	8
-0.0518578909758241	0.548171804080479	1
-0.003874342259099	0.278981437745545	1
-0.0577777228618051	0.382438141003883	1
0.094094926298728	0.118706078687127	177
-0.084200278405132	0.307700020529407	4
0.092574318126688	0.121589010675069	157
0.107912443155355	0.186366517957068	4
0.08576848041998	0.121559855808552	4
0.102291798521985	0.189635918531919	4
0.085980376425502	0.12580488589805	4
0.095756285186876	0.120782017445107	4
0.023306708620747	0.203929023306726	55
0.113938722628182	1.58046822396839	13
0.010233264561379	1.78973830081184	13
-0.041730427915825	1.05118837449401	13
-0.099097042695626	1.17637924343516	13
0.09258043181281	0.649989772139235	13
0.072961640524664	0.352041078296202	13
0.096896837411277	0.634684307562187	13
0.017122587968406	0.46068899930999	13
0.016649618398935	0.858313142407283	13
0.105329411036152	0.667385637315781	32
0.071888679600153	0.691169816085223	13
-0.123396654759002	1.07375844510568	13
0.079343296182942	0.608651796367397	32
0.07869179794343	0.530947279092276	32
-0.052030240059213	0.369019759579846	32
0.114900760666927	0.352455204823969	122
0.092352455723547	0.125048986852886	122
-0.115993201025748	0.242202223539703	122
-0.104248366603648	0.247280677660954	122
0.073736423206483	0.299257472710327	122
-0.047252898353466	1.09216725596281	32
0.00548625837250499	0.796040831995331	15
0.012657526628704	0.780845928425429	15
-0.111905105819408	0.60607096643116	82
-0.048535160597519	0.374291615068912	96
0.085491007194414	0.374672206037881	96
0.028195028347508	0.514920461821565	11
-0.097450968561102	0.454125411387238	11
0.033499362982526	0.52244180108042	58
0.091856214036307	0.11915653709017	58
-0.109459641999162	0.242818994563749	716
-0.105107464173874	0.248281748462392	716
-0.073430296764966	0.311196836513682	8
0.00790312022403	0.291248908401402	161
0.109826864699508	0.187375349525914	161
0.090824233022284	0.119598427580517	161
-0.0932140755247191	0.465564295363461	1
0.08504567389839	0.123556715541549	1
0.085980376425502	0.12580488589805	1
0.092352455723547	0.125048986852886	115
0.016087133581487	0.279654298095413	115
0.106116515875357	0.19145585023457	4
0.076282808061642	0.259554507325238	4
0.080293572123464	0.122271201011872	4
0.089979751172428	0.12031277846722	157
0.091856214036307	0.11915653709017	157
0.084406284913694	0.118370089377594	157
0.087639281335227	0.120398139160621	21
0.068244854344967	0.263426048530772	4
-0.101978735090025	0.241994454171677	55
0.090696400979851	0.122798470587256	55
0.086915005473034	0.122358046121638	55
0.077915316195008	2.28198459112716	13
0.111772346609495	1.48961436056669	13
0.013990353843649	0.92906619529066	13
0.074094078994257	0.346082704165069	13
0.047103490364862	1.08304299925066	13
-0.094802729985757	0.457775621254782	13
0.11709671759982	0.716680094631173	13
0.068829534670325	0.57452782330225	13
-0.113047472057637	0.611845932705727	122
-0.054473525522524	0.375347979063861	122
0.094046670227873	0.395560711799245	32
-0.122073551493275	1.21877001120174	32
0.031913916377139	0.856274551664621	32
0.033373696316389	0.886591155041798	15
0.073033362304518	0.541102259227172	15
0.046289604609529	0.671078034446824	15
-0.00759672677909196	0.440469001106807	15
0.027970789280182	0.702753444536001	15
-0.024667783479853	0.416420883102156	15
0.012656755381882	0.490830064909811	82
-0.034843537843138	0.505842921165207	82
-0.029630319818663	0.401996622017387	96
0.077348465140358	0.266798186144032	96
-0.106738597158114	0.242917777601873	96
0.100755121444416	0.187103574982213	96
0.082572820276766	0.300648339325803	96
-0.035548669615448	0.899293825687849	11
0.055189697778854	0.448691716557544	58
0.085283499996783	0.491017262260068	58
0.053341287018597	0.569633759020466	58
-0.0782148602031571	0.31125139752698	58
-0.100184642699564	0.589941568185826	58
-0.109326587594943	0.247010331489444	89
-0.106648890775968	0.246331229661046	716
-0.108554753610459	0.241854685904346	161
0.016617694635764	0.208095072185623	161
-0.105189643297681	0.494741241540838	1
0.073003840714276	0.385810223811551	1
-0.048625227633432	0.552682071750107	1
-0.063644654687362	0.547835859294426	8
0.038933983821835	0.406385871484211	8
-0.030135595784794	0.412269449879518	8
0.016026826790421	0.208830410875827	8
0.093297361537563	0.116080434420701	1
0.019101393994772	0.212350476617034	1
-0.111138202722565	0.24274818901528	4
0.01284392313365	0.284905739578718	4
-0.104248366603648	0.247280677660954	4
-0.091155475811413	0.465529931739892	4
0.093069211440958	0.12223423135792	4
0.10552444302153	0.188979035961125	4
0.098680682351715	0.188145850372027	4
0.018803469560169	0.213755792718274	55
0.053509502212968	0.918284753373339	13
-0.00254622069571497	0.665023178202311	13
0.02168461559574	0.442528206554925	13
0.018284267679168	0.863107921860627	32
0.117380324281313	0.696726328951506	32
0.097667642328115	0.696580019474231	13
0.024391269418828	0.77735188671506	32
0.086630137016556	0.649510895634988	13
0.078841643491704	0.517085132550085	32
0.027898853728753	0.657213797544124	32
-0.051758701385606	0.385087061631314	32
0.01747940462895	0.212399828881235	32
-0.044400143298713	0.689163792015662	122
-0.099806274080228	0.232975057638589	122
0.123472814542846	0.316696682906894	122
0.090216399549388	0.568172762920816	15
0.10551642003082	0.353574318225564	82
-0.075372513545502	0.609688243811138	82
0.096135695507358	0.389490813253345	82
0.077168817419079	0.263519684052413	96
-0.0492946385315119	0.378706729354073	96
-0.085275712502405	0.311471430195799	96
-0.013417608342302	0.534533091242103	96
0.02758327958155	0.661498055062369	11
-0.088419580451397	0.557853448410809	11
-0.105107464173874	0.248281748462392	58
-0.093485385642448	0.595304069793059	58
0.107328079325916	0.188985628995604	58
-0.109459641999162	0.242818994563749	58
0.090097235289271	0.121547945697158	58
0.018309318429414	0.213337263587165	8
-0.0271600499404731	0.406855273514764	1
0.014850434186857	0.532103336494981	8
-0.103478487420466	0.245263850016126	1
0.094009592966652	0.118947703582815	4
-0.0546570735474911	0.378326150000282	115
0.076304410211508	0.307790113460551	4
-0.076410656157943	0.311789047101088	4
0.070945613635686	0.317422157244942	129
0.089979751172428	0.12031277846722	4
-0.076410656157943	0.311789047101088	4
-0.116638822354465	0.237575768666545	55
-0.107509736778628	0.241085749115833	55
0.078205899257726	0.721297031231048	13
0.07693721242801	0.385201977098792	13
0.109578656605546	0.587777330446265	13
0.00799889793438502	1.1089427728349	274
0.087761589775115	0.616891363648905	13
0.116237194567726	0.577904493886662	13
0.076042044681817	0.70371005174884	13
-0.046527494144065	0.874035727500759	13
0.042355587983675	0.67556822639654	13
0.089376186346287	0.460626668917449	32
0.07271663419338	0.63532434005013	32
0.071368663584218	0.696271013167163	537
-0.07828015888615	0.545648733787789	537
-0.048106704466197	0.375768865337035	32
-0.074905002097356	0.311621120813916	122
0.120440100807923	0.344994382131549	122
-0.074414264688231	0.53666694249004	82
0.00823445515985	0.288952266348664	82
0.030437762867552	0.37788632772705	96
-0.070220329471736	0.46794625114148	96
-0.123807844447895	0.518519923751522	11
0.00182255190806702	0.279428553709492	11
0.014551231818819	0.207608987016431	58
-0.101207596303476	0.243882027133499	58
0.110572137326542	0.188160594783897	8
0.00330912836641301	0.290533299731943	8
0.052479419431324	0.388926996522172	1
0.00643012342362798	0.464415961544313	1
0.043745271843251	0.39094558538243	1
0.119347698078113	0.305441912894585	1
0.018889277040502	0.346760027245712	8
0.017400901110108	0.348365583513439	1
-0.110098840791516	0.248270143505648	1
0.074179456484709	0.351048325963409	1
0.024628037486991	0.210240612003072	4
0.020666754531429	0.206282008281712	4
0.106584051344668	0.189155446218329	4
-0.080792913694345	0.318215930880315	4
-0.110098840791516	0.248270143505648	55
-0.080035842955686	0.318133820149999	3
0.062138686667675	0.485012397917088	13
0.0862354418636	0.369401418448184	13
0.02273810703422	0.78902713060007	13
-0.00741888577959005	0.949037602742382	13
-0.053906096098796	0.896538589820291	32
0.078274538361286	0.620736305063344	32
-0.071182621996282	1.02561902222228	13
0.11400233915443	0.350730911673348	32
0.01588852280478	0.848864734286213	32
-0.124510874327843	1.23445865863161	537
0.02635155250591	0.491877399240582	32
0.023089276648115	0.588616926095675	15
-0.087872585244581	0.447532198087891	82
0.08682054930979	0.247278039947115	82
-0.076710197514131	0.311079717454564	11
0.076102298898998	0.259611000057788	96
0.074057356296985	0.557968780402333	11
0.075064073678025	0.346545062582675	11
-0.072183244683661	0.621737898625146	58
0.066601583668935	0.314937199747238	58
0.119203876283577	0.366231232705728	58
0.013020793861116	0.336635380456962	58
0.099582496185995	0.191953792334397	58
-0.073248919808641	0.305517899459631	58
-0.053750034013475	0.469383942231354	8
0.028304674143658	0.380023127527242	1
0.08686326508825	0.246555659548351	1
-0.00490841044267498	0.446590099675738	1
-0.095644532176286	0.595906606268686	1
-0.082494553813961	0.644043038188785	115
-0.106182434761098	0.244816776765651	115
-0.075197783233166	0.315503912667094	115
0.016096074275665	0.207723172926354	4
-0.082466246084995	0.317720525677423	4
-0.102620922665704	0.23856234219221	4
0.107010434714647	0.18561552860019	4
0.090918013244833	0.122428835263424	129
-0.085275712502405	0.311471430195799	4
0.092352455723547	0.125048986852886	4
0.091635389749592	0.125062886124958	4
-0.079118953866622	0.3141429907042	4
0.016834188168926	0.211999733631731	4
0.079363200106317	0.120258923170008	98
0.106116515875357	0.19145585023457	3
0.013014698505278	0.569906034259077	13
-0.00550644412829804	0.687883499201686	13
-0.013545625540368	0.695933507427188	13
-0.024701898302421	0.668115843957199	13
-0.015611850686269	0.597331572916956	13
0.075019713792217	0.306287782382224	32
0.038570053298679	0.57121466100034	32
0.040414938208165	0.62860693797564	13
-0.059557301421035	0.654299391363372	13
-0.111362889883018	0.855643184309843	13
0.014294368606137	0.694652881815898	32
0.04260132419901	0.562799317551426	32
0.083746875700219	0.536614776140453	537
0.088578832209043	0.591968455101765	537
-0.0523410657889	0.555437846604175	32
0.050149215346393	0.394154221011505	122
0.017679181732904	0.491972038646796	32
0.083645272375977	0.340517101489753	32
0.074908392704432	0.465688874766357	32
-0.0804439470951041	0.310611628262141	122
0.091154968510375	0.585124541045006	32
0.059842841957846	0.509262262099657	15
-0.122414015633176	0.507770447968793	58
-0.085549805273773	0.554494299850526	58
0.016593966644319	0.212034617696239	58
0.00808147433892997	0.283547241861836	58
-0.104160643561324	0.240477988061804	57
-0.104160643561324	0.240477988061804	8
-0.095267153290824	0.452800970726122	1
-0.104641222272888	0.238559971452995	115
0.091635389749592	0.125062886124958	115
-0.105018653446507	0.247296557897613	4
0.108071760477326	0.18785847840567	4
-0.10919413321852	0.241459388014984	169
0.018216132862307	0.214354093334262	4
-0.105967865973031	0.242891785761604	98
0.091635389749592	0.125062886124958	98
0.091635389749592	0.125062886124958	55
0.012929253851176	1.39286868269861	13
0.071110932753521	0.75162608500879	13
-0.019095453405763	0.775756194452094	274
0.054670303541764	0.738124837377454	13
-0.066684382102313	0.929077260684719	13
0.067859641990239	0.623111001441483	13
0.011210890495423	0.957219705753398	13
0.044246552964033	0.632941968859021	13
-0.025877561701415	0.74785500219607	13
-0.050973561394925	0.663106945662367	13
-0.036932656169701	0.763058190103657	13
-0.100102793528257	0.911003911635046	13
0.046600064549951	0.60469409822712	32
0.017093888047406	0.690833531532105	13
-0.110731213718542	0.891560843970747	13
0.000109686697003009	0.849170054715927	13
0.060077284847167	0.626622896902217	537
0.083976031345978	0.650936948502836	537
-0.03128908474845	0.66735006810215	537
-0.071552955650631	0.527161539850511	122
0.02535466695916	0.489247990117969	122
0.075798814483698	0.50324970434497	32
-0.095732718154287	0.687892390960005	15
-0.0194102718728389	0.601007482240149	15
0.02745168283613	0.576541532437023	15
-0.118739137044019	0.890367880044976	15
-0.079993818233092	0.724659861609364	15
0.03065982418973	0.67105721991525	174
0.035637704030085	0.363694998975193	82
0.010350793115701	0.345387844182155	82
-0.0159200226426	0.396963950369118	96
-0.097106107948118	0.58780981351414	96
-0.010554994612701	0.501393178763999	206
0.077111726534982	0.305599724284776	11
-0.083036812034599	0.609266355107122	11
-0.022616208086095	0.485027922793072	11
0.045258218312434	0.399156780676525	58
0.079587333025498	0.342182273406202	58
0.106267611888598	0.187859993743685	58
-0.081967569809426	0.31081687586212	8
0.017598842671874	0.27452740314444	57
-0.028225081030968	0.426239204237412	8
0.00945163826047801	0.277558136834676	8
0.00579088480592699	0.290111457974493	1
0.072671263780249	0.26425782874764	1
0.124047326880579	0.267918751808495	1
0.08525651924473	0.123952726570493	115
0.019986614211279	0.206780171941134	4
-0.105018653446507	0.247296557897613	4
0.104780927806675	0.189149018408881	4
0.092352455723547	0.125048986852886	497
0.023742569638732	0.2109789444204	169
0.092352455723547	0.125048986852886	129
0.107169364502297	0.188643387252491	4
0.091635389749592	0.125062886124958	4
-0.074041033259497	0.874306792760024	13
0.00882412395643301	0.841397498680403	13
0.123957502315923	0.533630735292933	13
0.120589831123156	0.371566321614293	13
-0.00934707193719597	0.605087826497692	13
0.090509152062397	0.612316188494804	13
0.02002422404169	0.593606865166785	13
0.116498709314456	0.452584531244411	13
-0.0118216933044391	0.586066468071833	13
0.085978243421196	0.401256146812728	13
0.123821213116897	0.313078509119915	13
-0.077313071041017	0.312924340256403	13
0.065344558647993	0.666236877889435	13
-0.07255873270163	0.70505689257361	13
-0.022641086897384	0.419131967417414	537
0.045354601341923	0.495758607966807	537
-0.024445767054692	0.613787779607148	537
-0.033567701132374	0.613734388280096	537
-0.014315379276891	0.533617591003706	537
-0.069649895280799	0.731101531537759	537
0.112642500389559	0.464858286656328	537
0.06256088118049	0.51683077240942	32
0.079200804026511	0.310056303709544	122
0.12390780481479	0.275986627524381	122
-0.050791397943286	0.479130820270455	122
0.043568439588591	0.528975422287421	122
-0.122981961307422	0.79179896432366	122
-0.0923183211183241	0.758507392136379	122
0.02635155250591	0.491877399240582	122
0.024611707262514	0.530553394627064	15
-0.101978735090025	0.241994454171677	15
0.083694953531553	0.381885400872299	15
0.076686866415728	0.470223705578152	15
0.09032311833241	0.368730457116809	15
-0.105155469089088	0.827124195837763	174
0.068967952674188	0.504384087387651	174
0.121557654646316	0.316510491058935	82
0.033630602128062	0.374570928446737	82
0.077528246360951	0.266754970312114	82
-0.0220525079688521	0.524675796747411	96
-0.101257235039624	0.812968049006988	11
0.031453258641005	0.47297338254577	206
-0.119162916100115	0.661968240344125	206
0.018162377926133	0.208064006146674	206
0.032044501088995	0.373413848665306	206
-0.046052250250419	0.360252797681491	11
0.097688066856162	0.188179668896683	8
-0.068897246319873	0.285743411469282	57
0.08210770405045	0.34618905418707	57
0.107169364502297	0.188643387252491	57
0.115459477681445	0.178918933059964	8
0.019101393994772	0.212350476617034	1
0.07405387517516	0.263233892716592	1
-0.08760441007013	0.448104077147481	1
0.014513318706672	0.37771369719327	1
0.11532276397636	0.283862399506745	1
0.086915005473034	0.122358046121638	1
0.023156958207752	0.210462038873037	115
-0.107420216857878	0.240883097889171	1
0.094094926298728	0.118706078687127	4
0.08504567389839	0.123556715541549	4
0.094009592966652	0.118947703582815	4
0.08504567389839	0.123556715541549	4
0.091412740929408	0.122778214287602	4
0.017571936107181	0.213459013662829	129
0.093292111011753	0.121566231332134	4
0.088433683121049	0.120191920739589	4
0.08504567389839	0.123556715541549	4
0.107328079325916	0.188985628995604	4
-0.105278008811951	0.239857666429943	4
-0.104925006222431	0.819563154209887	13
-0.013818141474354	0.669959519609084	13
0.00454232114316	0.472384949628312	13
0.075929994624275	0.380646017650342	13
0.0284466809172	0.67793114053861	13
0.032844523524366	0.371408972254513	32
-0.027046185638991	0.696057263825091	32
-0.025317792738884	0.483828043765676	13
0.0223180720689	0.623188428926075	13
0.097689159529812	0.729553977967715	13
-0.019473441036204	0.400629345018561	537
0.08490179113325	0.484452175991494	122
0.111836280209054	0.505488058697358	122
0.017009782658403	0.649399590365688	122
-0.01525870944817	0.634057058887325	122
0.00554939790848502	0.699791952616272	122
-0.083098825221654	0.739028393312048	122
-0.05005448582292	0.381263467014341	15
-0.00498638791391204	0.833050990819339	15
-0.038458564597233	0.50331024652728	15
-0.027732020130514	0.752539645251798	15
-0.098712213507606	0.677973810731692	15
-0.062162737865752	0.639919532389495	15
-0.022027116246758	0.802283627304279	174
0.093308143882514	0.578975044739756	174
0.079845149333642	0.439259836761986	11
-0.094736780696165	0.596662831500771	96
0.044444841364839	0.572366098263522	96
0.085715944037786	0.469576581062509	96
0.027258524126579	0.513039828331942	96
0.00419731222277198	0.339098924898673	206
0.000322707939120981	0.745569143782337	206
-0.0698587750537421	0.519862052363433	206
-0.0619327756721591	0.49307704576618	206
-0.102005703336208	0.615207611585747	206
0.117915564088479	0.31993838009771	58
0.112646256219184	0.179853999018581	57
0.018067333032762	0.214500333823115	1
0.08525651924473	0.123952726570493	1
0.00127353591423901	0.425264518576566	1
-0.000949571065957056	0.552499347122995	1
0.121118268830342	0.311666613014552	1
0.048163511485584	0.440404862787221	1
0.046267622912914	0.354918700627431	1
-0.105545837007591	0.235139734889766	177
0.085980376425502	0.12580488589805	115
-0.070863802562533	0.30971361396756	169
0.086703917166644	0.123702559230249	4
0.041417192586399	0.356390900121676	4
-0.079525501641723	0.307963652159975	4
0.103560759134782	0.187422306548059	3
0.092352455723547	0.125048986852886	3
-0.011913713676595	0.697527233451878	13
0.094826798789064	0.535303345871859	13
-0.00360811862070598	0.889824926924927	13
0.106532824298979	0.415828489792846	13
-0.00107645458176997	0.445532208470526	13
0.122822078900885	0.283630867915611	13
0.048377266021966	0.505742617810618	32
0.105550428751238	0.368616243834934	13
0.000776357202722011	0.43946601082608	13
-0.03342661081554	0.65006591261848	537
0.015165662937231	0.340108967296945	537
0.028461098342242	0.598139255981213	537
0.020336176497025	0.618207415501328	32
0.053425182466416	0.6547617882176	32
0.033827985255499	0.691758557380337	122
-0.039468331237834	0.733566875576137	122
0.079351680766133	0.468387353339022	122
0.118821256642239	0.714152650633435	122
0.077942347321016	0.735800308688528	122
-0.119638148484157	0.964732830098185	122
-0.096409180695515	0.910632739066769	122
-0.096955463500148	0.46307007305879	15
-0.0901864673425809	0.463659273885154	15
0.062184571266015	0.55068750210595	174
0.070176640266975	0.501049655401784	174
0.124753963104454	0.500454500839256	96
-0.099723250045734	0.94280278572213	96
0.053282953077266	0.579432881175932	96
0.0756987739441	0.583413747743493	11
-0.083571866624145	0.817885507129119	11
0.076935902682374	0.252163870504216	206
0.034755531730616	0.379141596738518	206
-0.00579167369398304	0.453428803751995	206
0.00535198255226599	0.282075568939136	58
0.008238639516299	0.555995652217131	58
-0.073903635814206	0.73804116588043	58
0.024746145568254	0.379174257804441	58
0.085572472562643	0.330943058195176	58
0.080304188424895	0.258444144113766	57
0.018309318429414	0.213337263587165	1
-0.104248366603648	0.247280677660954	1
0.091635389749592	0.125062886124958	1
0.08576848041998	0.121559855808552	1
0.122706503696413	0.425792502747322	1
-0.112657150000852	0.514381084154029	1
0.074095738100647	0.261795869838451	4
0.08504567389839	0.123556715541549	169
-0.051365256531467	0.374179445263279	169
-0.11103875794374	0.609259150950671	4
0.086915005473034	0.122358046121638	3
0.018067333032762	0.214500333823115	3
0.09647676885893	0.120758066909653	3
-0.088386531906932	0.860941881830812	13
0.080028451748278	0.399619797191647	13
-0.015733538210757	0.818868884422537	13
0.029939504283639	0.384103384453316	13
0.014411035064828	0.499019799383254	13
-0.078499121537154	1.50941538882982	13
0.081431698105334	0.257582243810606	13
0.076580500549294	0.266973487198937	13
0.011489305514117	0.287082497005345	13
-0.069766887362028	0.298147231078707	13
-0.075197783233166	0.315503912667094	13
-0.0802406251614251	0.741804634605433	537
0.066542413466784	0.498591609142872	32
0.097402140667332	0.436815700749827	32
0.078867697594407	0.741627543839367	122
-0.107079308662386	0.724285662223511	122
0.000255275296000002	0.901185937209327	122
0.06929922601733	0.768474415098575	122
0.118705319977238	0.569892213840292	122
-0.102294040444462	0.441345304494634	15
0.067825212710891	0.350234796887636	15
0.079556853741797	0.374653332242128	15
0.044361392014798	0.728903640553492	82
-0.092418636972179	0.543833741086694	82
0.078331147650223	0.447278306002455	82
-0.078884362086953	0.711931094563432	11
-0.081743348190457	0.626568745817516	206
-0.103390579376405	0.240448226622308	11
0.012694064305079	0.468532691415125	58
-0.040157408428903	0.732547316760789	58
-0.0935620593023559	0.832692974832793	58
-0.115754641525404	0.849779160470086	58
0.091635389749592	0.125062886124958	8
-0.100436875507951	0.243859923513718	1
0.011238124569969	0.204412476359056	1
0.121772075146245	0.314604784600417	1
0.084733123515691	0.500657714377473	1
0.085567741558234	0.324881952864525	1
0.042191320729761	0.393900328253591	1
0.091856214036307	0.11915653709017	21
0.023742569638732	0.2109789444204	169
-0.111004560375104	0.24928574573673	169
-0.0459116797461721	0.368479979957065	4
0.080492696783008	0.119369418546427	4
0.086703917166644	0.123702559230249	3
0.077348465140358	0.266798186144032	3
0.091412740929408	0.122778214287602	3
0.092313354133545	0.429403282947727	13
0.092474104364216	0.472822472621255	13
0.086952370589266	0.407073838930085	13
-0.060777124120356	0.365919847789107	13
0.082199326083132	0.258528588648503	13
0.073358135110592	0.310870891856753	13
0.076426991211114	0.388634106904315	13
0.113332792765063	0.673768031402635	13
0.119096723843302	0.348843745749689	13
-0.097828526791745	0.659670410055815	13
-0.052885292499433	0.381082073196877	13
-0.084200278405132	0.307700020529407	13
0.022121423180127	0.2081037313009	13
-0.111549356107441	0.744293065547708	32
0.076935902682374	0.252163870504216	13
0.080497424802472	0.404896210688945	13
-0.0867220503708021	0.543750300884314	537
-0.042665559283395	0.921433889627144	32
0.121883179678232	0.368691634258038	122
0.056627531304501	0.496473835852026	122
0.100191245915482	0.598802906351195	15
-0.078522772609846	0.312426496830549	15
0.014259693803074	0.216485010321711	15
0.026908320396869	0.619341829122259	15
-0.053730685708021	0.871475973692581	82
-0.113878824695659	0.847153132039182	11
0.086354553831787	0.37111289577123	11
0.085347338747195	0.500436520798623	96
0.070815199644648	0.694191782900493	11
0.085188115349699	0.43877917908024	11
0.099180602020815	0.451001014154739	206
0.091412740929408	0.122778214287602	58
0.092352455723547	0.125048986852886	58
-0.03288639818587	0.689884540749579	58
-0.030243579622464	0.424749552475491	58
0.00468752666771199	0.285517261094642	8
-0.0502056898998901	0.361014615681402	8
0.011096530426735	0.343050957926823	57
0.105057537528388	0.187061906653097	57
0.086915005473034	0.122358046121638	1
-0.10519754281808	0.240971464370951	1
-0.102620922665704	0.23856234219221	1
0.044817512509762	0.598733555987902	1
0.038507690598813	0.414829623443658	1
-0.043762871140588	0.650428716627625	1
0.036627657837333	0.444388733238385	1
0.110740424805971	0.318761949799807	1
0.08554917367738	0.467747045088725	1
-0.098472491675887	0.584127162402643	1
0.124504552231485	0.355889622074972	1
0.093292111011753	0.121566231332134	115
0.091635389749592	0.125062886124958	4
0.069221989906611	0.317581793496085	169
0.120340531608394	0.321025843038976	169
0.055602919626008	0.46880968199709	21
-0.058249341265568	0.37599246040567	4
0.113652817534417	0.177099115172908	4
0.014405530255508	0.21458474823811	4
0.093069211440958	0.12223423135792	3
0.089979751172428	0.12031277846722	3
0.106715720796685	1.55217357530925	13
0.018714223510976	1.74652723597691	13
0.043192158613796	0.737509181289429	13
0.053964153149665	0.801852643744462	13
-0.010818215978515	0.778539974415174	13
0.098484555347745	0.504264364409441	13
-0.00885205322190996	0.641836363556537	13
-0.108882211251663	0.644604576484301	13
0.040133357296491	0.756259933190658	13
-0.049607312302777	0.865742945295248	13
-0.051655333871458	1.07375413369157	13
0.06929914973039	0.384654613602534	13
0.114220342741357	0.348528799564925	13
0.117785546094393	0.322428865652481	13
0.120695646568166	0.306413433704355	13
0.111233477779372	0.335023697130529	13
-0.113351947542687	0.74373805762362	13
0.11887347839484	0.351341913685473	32
0.081251618775972	0.259614881128559	13
0.020882935289213	0.441837766435473	13
0.00755694335456603	0.424033263198336	32
0.086231582931317	0.400661380762217	13
-0.094868841716321	0.674446492381824	32
0.047663133113867	0.523469528684462	537
-0.033100562171228	0.815965078020926	537
-0.101043215963804	0.679836478027163	122
0.067291421835923	0.566615806866786	122
0.113931720437187	0.4084166533639	122
0.083651062733772	0.534358148790005	122
0.118848753232676	0.475761314392074	122
-0.0934693603036471	0.447046691350321	15
-0.00576128501213102	0.443294378117249	15
-0.0867811956257441	0.446923637868755	15
0.08901779214853	0.49339177824023	15
0.076021653454399	0.476670516658552	15
-0.086541758441647	0.749369710683413	15
0.107104149080992	0.427771302830017	15
0.032352474908538	0.646942670520152	15
0.085438172261255	0.540778967353521	174
0.092822263436949	0.471286197770046	82
-0.00147329551599795	0.58344449109974	82
0.097432969149056	0.379523654419878	96
-0.09865806785969	0.88618149976388	11
0.108964893110067	0.456903187061818	11
-0.108567156782424	0.595575028404812	206
-0.023747455207068	0.42030860716837	11
-0.078034218409906	0.546115938992935	58
-0.023746540653467	0.394490660031857	58
0.098593572355	0.185982103388813	58
-0.07555291018685	0.543070093847468	58
-0.027306669558164	0.618214829241236	58
0.012120940152877	0.207681744320737	57
0.102136233333622	0.192370991419772	1
0.10304023603209	0.190005426178932	1
-0.105278008811951	0.239857666429943	243
0.100484953197498	0.192775514054758	1
0.013613186713551	0.284767697146009	1
0.030965959743094	0.36465079195146	1
0.108071760477326	0.18785847840567	1
-0.105877973349914	0.248295887545134	1
0.014113723320093	0.214343367348596	169
0.020573482568089	0.212131776935875	4
0.090696400979851	0.122798470587256	3
0.090696400979851	0.122798470587256	3
0.112231583425076	0.512790078113398	13
-0.111271919383723	0.730004770837446	13
0.054877837291195	0.463418279015949	13
0.063084862668243	0.575242643711861	13
0.087652276534818	0.372943811742687	13
0.049920214022717	0.386314186471947	13
-0.015555406833505	0.447586081434999	32
0.043604064165319	0.498393200614717	13
0.041702089582211	0.615619724511096	13
-0.11316384276623	0.748072390096507	13
0.108649743154633	0.354749330388767	13
-0.034108347271592	0.575304510270834	13
0.083734988775563	0.368482320446313	13
-0.067101264393495	0.605637638439618	537
0.120818374566907	0.469842289419402	537
-0.052800492869586	0.561044755633242	537
-0.013215408672308	0.552452688143197	122
-0.0838504670818671	0.553119049539332	122
0.021289096134318	0.72952158291336	122
0.073034480071264	0.457522100133324	122
-0.095158940895946	0.762239188677953	122
-0.086026628225334	0.628185198098472	15
0.112995436464026	0.449261648333877	15
0.027547570419298	0.383118426965159	15
-0.0566091695151501	0.610188113578443	15
-0.078773911500298	0.716269699904798	15
-0.116588529528092	0.839175084734575	174
0.047137911510797	0.407228289809985	96
0.092451676161812	0.537938419578243	11
-0.0708181679554351	0.921549066806582	11
0.052842273264821	0.553771083451918	11
-0.019005974117367	0.405516722902632	11
0.043099677564766	0.391559927396988	206
-0.0369100600222519	0.499746409940616	206
-0.025482625785849	0.40961826102159	11
0.104463777068342	0.190838258111243	58
0.102136233333622	0.192370991419772	58
0.105522039822891	0.187740555637677	58
-0.025933879882156	0.403521370078624	58
-0.106953668180011	0.243708788176915	57
-0.079148439068401	0.305190033413847	1
-0.023311954003154	0.407264522256372	1
-0.018621487058633	0.482768953749651	1
0.025719929535369	0.368500004330838	1
0.021568915976895	0.341218278059006	1
0.115459477681445	0.178918933059964	1
-0.0492946385315119	0.378706729354073	1
0.108230862746882	0.186666235281736	1
0.089979751172428	0.12031277846722	4
0.092352455723547	0.125048986852886	4
0.092574318126688	0.121589010675069	4
0.015289212211567	0.208958217820589	21
-0.111777649370352	0.248129602538127	169
0.017425221617308	0.209709733648397	4
0.096031458996521	0.18911985125751	21
0.00352358553805199	0.279703539640417	21
0.084322551624022	0.121810113464687	21
0.047748688635214	0.630983092673882	13
-0.039964563637485	0.717966949545836	13
0.09435736583234	0.421641271653697	13
0.080977905237225	0.99889061731392	13
0.029644706874963	0.511550512137978	13
0.086322235655735	0.458550653107261	13
0.064142797164917	0.310734541064517	13
0.122474429743642	0.280759820674329	13
-0.00720644170246199	0.440739118918204	13
0.076458898701847	0.350317395109707	13
0.039082897175869	0.392957762225558	13
-0.038281998802185	0.590430092216402	13
-0.093112700270095	1.14722779496258	32
-0.00161210878415596	0.681333300739278	32
-0.00569147092570199	0.878574231838413	537
-0.055824029404835	0.662958629719	32
-0.036150771406393	0.780488737098617	32
-0.064302584816348	0.727754897851436	32
-0.062338870609158	0.902979086247164	122
0.104489378094115	0.539043191013808	122
0.08820850412655	0.661029572432658	122
0.070297215220628	0.792421831095754	122
0.057196531987618	0.49396926158459	122
0.042899895866269	0.783591124957685	122
0.058784094254062	0.824848772741375	122
0.10894230970573	0.320013467260914	145
0.082556465777666	0.25637583445983	145
0.039044436566039	0.442296764434796	15
0.016285388312362	0.793642453067354	82
0.092606311091694	0.633813500701866	96
0.1057414282243	0.559460716356198	96
-0.0735407507429871	0.964252258364882	11
0.00145973402280197	0.683147662183961	206
-0.0797431619264271	0.290815333846469	11
0.0230112410917	0.551890365006946	58
0.036833450692565	0.510710954274561	58
0.050296959429584	0.519643901000393	58
0.00595061563251198	0.420350894127085	58
0.091412740929408	0.122778214287602	8
-0.10183964052974	0.232149310001172	8
0.023892679682228	0.210973237230806	8
0.025363031958293	0.208104604223834	1
-0.076289496272564	0.834869908181363	1
0.036047062680362	0.516189583152224	1
0.1153016529131	0.179400923586985	1
0.03432112555785	0.375735166862638	1
0.120372933557401	0.348441281503685	1
0.091635389749592	0.125062886124958	4
0.091635389749592	0.125062886124958	4
0.019193364125777	0.212598286307675	4
0.093292111011753	0.121566231332134	129
-0.102118424243639	0.240196375235319	21
-0.116575099334547	0.78988027048393	144
0.047874218827606	0.484950955160353	13
0.060696478062524	0.534307473915666	13
0.109826864699508	0.187375349525914	13
-0.093451009251052	0.46549468980645	13
-0.11112875680526	0.861915436714244	13
-0.056804572897294	0.368499475369378	13
-0.065151513205741	0.482177833334747	13
0.107328079325916	0.188985628995604	13
-0.083937142351148	0.623820304842656	13
0.078060276024615	0.25627648245035	13
0.080050859706452	0.350132636502646	537
0.115721895418236	0.536942955333678	32
0.076078441245121	0.418090687642646	122
0.102342404023767	0.713593604426827	122
0.086780100578027	0.611373773255515	15
-0.113676290858661	0.605046319150098	15
-0.032474402031715	0.983255938358689	174
0.116058779956318	0.481417929862936	174
0.028867569290973	0.489384805343372	174
0.02694575295243	0.676529126785301	82
0.043506735678567	0.51957841670422	82
0.110294139313038	0.491584243129884	82
-0.112450589878035	0.640959871414856	82
0.110873412913774	0.543305237444205	82
0.057782901199562	0.4238036370692	11
0.112475956274161	0.5564788406406	96
0.018216132862307	0.214354093334262	11
0.067853648037816	0.752667725261951	206
-0.0301926790207681	0.758388809662977	206
-0.085369208128548	0.542138062566326	58
0.015143283862096	0.214463511945117	11
-0.014128541908866	0.594682274304139	58
0.093292111011753	0.121566231332134	8
0.086703917166644	0.123702559230249	8
0.080293572123464	0.122271201011872	1
-0.085567856432145	0.453250375033416	1
0.047047265689401	0.482160357951123	355
-0.018522794804779	0.606951708007962	1
0.023192150800615	0.500122870259945	1
0.083501919396224	0.256137201018985	4
0.09776228500596	0.827411914276786	13
0.102750983719921	0.631539516608021	13
0.060591873720026	0.663859825632052	13
-0.00915089421181603	0.888895185471105	13
0.030254378813046	0.90551953069601	13
0.063530296998397	0.501358272479472	13
-0.065159898289612	0.684490778838039	13
-0.005118630222404	0.504607253809311	13
0.123250446676227	0.55188882169071	32
0.062131706022458	0.409571912538114	13
-0.087148696171743	0.769285618327624	13
0.098665080975264	0.513134372481694	13
-0.081273611479301	0.820458881663851	537
-0.028005259400075	0.615073402910847	32
0.013469742470399	0.468360570672234	122
-0.057780757429711	0.861487071310757	122
0.105016829444858	0.496432635382021	122
-0.045485450047169	0.739704152152979	122
-0.058819674690059	0.719121926043382	122
-0.049969405607585	0.53030566819189	145
-0.00655157895686298	0.949994263206854	15
0.028794985436292	0.650676025477508	82
0.010792205355377	0.473924418341945	82
-0.061004494333214	0.488549637041208	82
0.071878640294461	0.446534709359927	11
0.059506879550924	0.528113309126651	11
-0.100049802794203	0.910671873530913	11
-0.091896960203517	0.440374008442296	11
-0.00123460461025104	0.43044788583995	11
-0.06100386321019	0.573814367063755	58
0.078826008764846	0.386398353277361	58
0.016970385988117	0.34749066067406	8
0.011318539735379	0.203333137949218	8
-0.079717013452153	0.303936166756109	8
0.104037065936877	0.188375672663809	57
-0.085717375433413	0.550477740202892	1
-0.048370028961489	0.373032906845889	1
0.044057456303422	0.411815955329943	355
0.00790312022403	0.291248908401402	1
0.014259693803074	0.216485010321711	114
-0.104160643561324	0.240477988061804	114
0.091412740929408	0.122778214287602	4
0.091635389749592	0.125062886124958	4
-0.08170905702939	0.319382700792454	4
0.092128771294459	0.120108530289818	21
-0.102118424243639	0.240196375235319	21
0.00120123796912103	0.285014679907774	393
-0.055251992244188	0.364447688532177	4
0.101232874844203	0.193169112263054	648
-0.103567668952142	0.240531594537092	648
0.092352455723547	0.125048986852886	3
-0.118740039416509	1.24813038626274	13
0.108239075885191	0.865302902223464	13
0.067857398821757	0.869849580590915	13
-0.037414369106646	1.04236367437651	32
0.113955718213221	0.543974623637156	13
0.00789083757078402	0.848583623829273	13
0.107701522790988	0.44621320730504	32
-0.103660440950729	0.785101517507787	13
0.09627768819919	0.579311111490122	13
0.100581899587666	0.478163104912588	13
0.040071035016423	0.626586940916372	13
0.088381233954856	0.613270865210888	13
-0.00707440829115302	0.811533332683634	13
0.114909916655373	0.568536558436914	13
0.021623409059912	0.777666245103714	13
0.07913916477166	0.347208740791372	32
-0.008085767649325	0.560946248402105	32
0.00446423135305701	0.275774814022532	122
0.123532240893075	0.483881440275819	122
-0.080952225206946	0.319302162561081	122
-0.080385523857835	0.793615117921616	15
0.117764479152533	0.48371157665014	15
0.095044441849236	0.532549027393805	15
-0.059854747423415	0.731639815648266	174
0.00977906622001101	0.291616503812127	82
0.092128771294459	0.120108530289818	82
-0.092242499529962	0.460620619903688	11
0.077881047806486	0.254253526183329	11
0.054558100823366	0.434119883789298	11
0.108371110627557	0.569382228979699	11
-0.00324678090836406	0.546935756739795	11
-0.121302505674446	1.02024911264493	11
-0.118508939321422	0.665720282875186	85
-0.034549966249491	0.490959486396593	85
-0.08186472488787	0.317535949028756	58
-0.0779177242654821	0.30571990469577	58
-0.051758701385606	0.385087061631314	8
-0.109326587594943	0.247010331489444	57
0.079952219475341	0.252656003994151	8
0.124510488920548	0.27355322024306	8
0.016656178590595	0.347096409365863	8
0.089592471399414	0.241081889294446	8
-0.095654828049796	0.465408476439788	57
-0.09871537874944	0.444323330444526	489
-0.079279129366331	0.316310241331307	1
-0.08569404248948	0.433558317452921	1
0.076065360871145	0.313304559371731	1
0.020077357303798	0.207772596640725	114
-0.0550511658354	0.3660529197439	4
-0.075657652527701	0.312420285575349	4
-0.076261220706062	0.305895585097937	21
0.014982466930677	0.27514814220636	21
0.08525651924473	0.123952726570493	35
0.093292111011753	0.121566231332134	648
-0.041982012464473	1.09108174546794	13
-0.111539253270046	1.00380022473304	32
0.099738784430979	0.595725094866789	13
0.013648632315417	0.612657127187788	32
-0.077952977783276	0.739110868373246	13
-0.038203689822798	0.694452976986171	13
-0.078312824984586	0.739743392433541	13
0.035483261194337	0.51479164737243	537
0.027655895605639	0.492621610547823	32
-0.099315227017739	0.667767762570316	122
0.041993756935105	0.575566163241933	145
-0.022910832686596	0.611160375372341	145
0.089405871195227	0.520170685907748	15
0.099434035146322	0.458397569783218	15
0.124822899056749	0.445016913381651	15
-0.074962563911699	0.715613479593186	145
-0.095001451016296	0.595635712397936	15
-0.120309330863908	0.665679594701206	82
0.080258120905381	0.258473061109026	82
-0.055417905723647	0.379180139624417	11
0.026929904183084	0.37636320782065	11
0.116450617335556	0.449878712943867	11
-0.116756753976378	0.520617579364825	11
-0.028771939020842	0.493114960006853	85
0.079542511011081	0.476310427440195	85
0.054290399315264	0.418450869848343	11
-0.0917655573992801	0.547276860476334	11
0.078060276024615	0.25627648245035	58
-0.077788706951865	0.317743584211504	8
0.103788322614776	0.18927887245009	489
0.087405726014437	0.249966639664313	244
-0.11913621239095	0.532542994417447	1
0.012581806554659	0.34534476376725	1
-0.049129106855188	0.373111116995775	1
-0.077164013299827	0.309660720108003	1
-0.075657652527701	0.312420285575349	355
0.091635389749592	0.125062886124958	114
0.091635389749592	0.125062886124958	115
-0.105018653446507	0.247296557897613	115
0.023892679682228	0.210973237230806	21
-0.111644606510113	0.242255967943056	21
-0.100436875507951	0.243859923513718	21
-0.110098840791516	0.248270143505648	393
-0.106738597158114	0.242917777601873	21
0.018952496543016	0.214889758599387	4
0.086703917166644	0.123702559230249	648
0.094814992493986	0.121133837036836	3
-0.003632222781632	0.878833882792026	13
0.05833903251904	0.889987013840502	13
0.017231975882172	0.515030787225086	13
0.093343946987432	0.680266358132791	13
0.075263883482474	0.59950607863384	32
0.042847469881607	0.670429948410236	32
-0.0572567662951849	0.372692169428599	13
0.023007731412064	0.541308785560295	32
-0.053402123760228	0.870351142168372	13
0.025999625738186	0.60703313911584	537
0.095961328807245	0.529634176754594	32
0.020500764481791	0.49550855266408	32
0.110169151474027	0.498532875860275	32
-0.0154256630534521	0.632242630817109	32
0.01284392313365	0.284905739578718	122
-0.062385209814964	0.756822920236916	122
-0.066412377662853	0.366236537804552	122
-0.063738227869555	0.478381436235456	122
-0.045070256568281	0.691334369621143	145
0.030825670453398	0.733715883319426	15
0.122544368703355	0.296294496400562	15
-0.113105344094096	0.644791557649381	174
-0.066312215027291	0.760976845608674	82
0.113143224346227	0.322110645929029	11
0.120707236394998	0.533771613486274	11
0.029176571932677	0.735274701140558	11
0.113798878090048	0.495424381788159	11
0.113175311787192	0.44866096339554	85
0.037380160885838	0.407089408746569	85
0.080216403465931	0.4815067445902	11
0.122237149798687	0.283528777547031	11
0.014187239278697	0.266293704342304	58
0.012264207285533	0.338880739512074	8
0.00994539450227	0.287356458263125	57
0.02620816318968	0.3789666901068	489
-0.051847790548429	0.367682705474799	1
0.017400901110108	0.348365583513439	1
-0.123304824080574	0.524097867289439	1
0.110461635315004	0.178929024765994	1
0.092352455723547	0.125048986852886	1
-0.082885035453569	0.310189033090512	1
-0.048187460914768	0.373008055252901	1
-0.059360123475957	0.363370216351448	1
0.102727667131862	0.190400518707707	1
0.013990521400807	0.345132902879312	1
-0.054986008094952	0.377601027897528	114
0.106741946190739	0.186087384666236	4
-0.105107464173874	0.248281748462392	21
0.085980376425502	0.12580488589805	21
0.100002468529762	0.187291464714037	21
0.085980376425502	0.12580488589805	393
0.113869521715291	0.180656476519046	4
-0.105107464173874	0.248281748462392	4
0.092352455723547	0.125048986852886	3
0.054420133965954	0.867236157969372	13
0.100432198576146	0.469396636536148	13
-0.06215855999979	1.13263895330544	13
-0.117717279866008	1.00265755144283	32
0.08960046877654	0.429909911728641	32
0.094449708208591	0.539999943762568	13
-0.00358222339557901	0.61031852370856	13
0.033026530179137	0.546822457128181	13
0.085909293127878	0.334722344123629	13
-0.093819767449106	0.68542700541534	13
0.062725953420639	0.683274415247388	13
0.070530648917755	0.498735923187845	537
-0.09044899827203	0.904156375830924	32
0.087405726014437	0.249966639664313	32
0.079952219475341	0.252656003994151	122
0.10707208534615	0.525795129476374	122
0.045982902671205	0.4392406272136	122
-0.086171467890899	0.444395980783384	122
0.058482303090577	0.465257431457297	145
0.00890197737405102	0.60740475347639	15
0.082581459490951	0.429430823056807	15
0.119603725530098	0.405486920963518	11
-0.091983531030817	0.455220550572568	11
0.111536189527123	0.273650192396308	11
-0.0680177996238131	0.293289573707657	11
0.116670316956297	0.374675517547459	11
0.078847846646952	0.501054080424721	11
0.000842020250792996	0.637960635820337	85
-0.080566772593068	0.433270023921012	85
0.010258181443747	0.490626471829299	85
-0.03823817685942	0.580024797038317	11
0.077293694143559	0.256951354341444	58
-0.080792913694345	0.318215930880315	58
0.011899629509923	0.214720996260278	8
-0.094513152018878	0.454137713402587	8
-0.058067251567673	0.37905773443656	57
-0.058387392096826	0.374129676578228	57
0.097088686682338	0.185082652852432	1
0.022121423180127	0.2081037313009	1
0.091635389749592	0.125062886124958	1
-0.023807175587371	0.401049541359902	1
0.076724441561784	0.252014773141693	1
0.014997220557915	0.214725591705819	114
0.097196939184952	0.118153833341878	21
0.090918013244833	0.122428835263424	21
0.093069211440958	0.12223423135792	21
0.104618001235447	0.189412808075926	21
0.11009216695395	0.182731583670782	393
0.090696400979851	0.122798470587256	21
0.087267802654831	0.244741774859893	4
0.018216132862307	0.214354093334262	4
-0.10433736284281	0.24624931470742	648
-0.073400759591264	0.305140130330135	3
0.092574318126688	0.121589010675069	3
0.003304338508822	1.17090537231678	13
0.00559963763318	1.20717083620934	13
0.042687734362534	0.900179567966783	13
0.069131793254467	0.542753043006705	13
-0.012345649854045	0.454597059442414	289
0.057256546240788	0.461681506356181	13
-0.0806758921756	0.822627794598509	13
0.032585429256311	0.534507075709997	13
0.011794624533821	0.571372996169422	13
0.055010501546641	0.580537424745281	13
0.046872057494074	0.578875628021037	13
-0.0898535310120731	0.939244565014395	32
0.123432269920009	0.31616812676887	32
-0.10976462756309	0.739672808589864	122
-0.10636206036764	0.601563451661804	122
0.022445136766764	0.578666302645124	15
0.07410636351826	0.634066705539675	15
0.00575769506184298	0.642037088579757	15
0.098567769125394	0.603120518481107	15
0.048138612820206	0.5199926498689	82
-0.061097763093912	0.636785820200792	82
-0.057357658975728	0.476049762938011	82
-0.057885013372507	0.377605786806685	11
0.0772768664866	0.313356275324172	11
0.062804376368992	0.624368231544114	11
-0.101412129725579	0.569422543599274	85
0.083432307291371	0.337564187543923	85
0.038240667844185	0.418375917792577	85
0.085656164300678	0.403354915828103	85
0.076580500549294	0.266973487198937	57
0.078296095814198	0.26657987487987	8
0.067285994080322	0.316907465019689	8
0.071133768917591	0.263472896549771	57
0.105682168044272	0.18994603125229	57
0.010368204252899	0.280135041799617	489
-0.111777649370352	0.248129602538127	489
0.103788322614776	0.18927887245009	114
0.070059134635071	0.259675420201744	114
0.022271214423624	0.211198824414354	4
-0.105018653446507	0.247296557897613	4
0.00841508322316098	0.278050575025018	21
0.091856214036307	0.11915653709017	21
0.01747940462895	0.212399828881235	21
0.096254186329744	0.118495473551821	21
0.00330912836641301	0.290533299731943	4
0.095534745745171	0.121110502077163	277
-0.101207596303476	0.243882027133499	648
0.093292111011753	0.121566231332134	648
0.093292111011753	0.121566231332134	3
-0.103478487420466	0.245263850016126	3
0.016445493282292	0.20963513809871	3
0.072045625901997	0.614362989036848	13
0.051363134988022	1.00871125211262	13
0.065574368372892	0.581608989497253	13
-0.034150045391671	0.421255797101684	13
-0.123039349043453	0.373365199397366	289
-0.113931421215384	0.49962302946756	289
-0.040224305513999	0.517321157111622	13
0.121671249816102	0.270625175964462	13
-0.0651505733641991	0.643245374731452	13
-0.094421551839094	0.464214553976081	13
-0.113737003806993	0.803867046646208	13
0.07558894367211	0.315849766547388	537
-0.083597300400845	0.307255431424823	537
0.014715959088488	0.33837613852237	537
-0.043975134509293	0.806131442403812	122
-0.107842428696983	0.761187121702445	122
0.093147852808015	0.398186653741623	122
-0.013121118596823	0.533943079758981	122
0.039716644138461	1.06805196009467	145
0.056974325656744	0.752752797002445	156
0.00791451614694599	0.281405252259401	156
-0.12037322107216	1.10061199324187	15
-0.054312165962034	0.676154430064622	15
-0.042137670875807	0.612400130742247	82
-0.007941670997208	0.594710257448722	82
-0.0236152832852911	0.400508432874573	82
0.119957267924472	0.630671320840757	11
-0.0267424577959821	1.25848448906276	11
0.109445643046701	0.475920905818072	11
-0.109978543739653	0.608891553993933	85
-0.112437144264215	0.85735156598658	85
-0.120720193758919	0.778607376569706	85
0.033115387061847	0.606852165759258	11
0.028535190071733	0.377222482049772	57
-0.073281696735186	0.309684918422167	57
0.093069211440958	0.12223423135792	57
0.014549673776968	0.283660629070706	57
-0.105278008811951	0.239857666429943	489
0.046988544457531	0.425876336641777	1
0.06107346399939	0.459162618405725	299
0.086703917166644	0.123702559230249	1
0.124920768334244	0.283334298635967	114
0.103081229816857	1.62941939970599	114
0.084322551624022	0.121810113464687	114
0.08619041248275	0.120649422834591	114
0.093069211440958	0.12223423135792	114
0.043440735444616	0.411064653036538	21
0.091635389749592	0.125062886124958	21
-0.031084434513284	0.412828581987291	21
0.02425115769471	0.331467581041301	277
0.108399688867668	0.825480852523348	13
0.00713982722018702	0.97498152560249	13
-0.053046833795478	1.17430167389549	13
0.110809043829551	1.23626365291633	13
0.00295361519523601	0.995330798374375	13
0.044986431266433	0.543708603534549	13
-0.091510791718495	0.669839169160202	13
-0.091636721867733	0.763320678823803	13
-0.015183990842676	0.707038932462694	13
-0.017010521891179	0.534761084103505	289
-0.094426639974498	0.445486289722224	289
-0.029795540058144	0.416247177393515	289
0.022237445385438	0.387445208070711	289
0.085281875960686	0.331933884164234	289
0.075292265651255	0.311665701431141	289
0.107584924580991	0.387255971348364	13
0.017918404578694	0.209407313181631	13
0.032844523524366	0.371408972254513	13
-0.00882096183896497	0.545878720351855	13
-0.109647609290535	0.770636392592633	13
0.119712718586422	0.349944827281857	537
0.079099563020204	0.386929408941901	122
0.059709709574727	0.594300552631195	122
0.098324280170455	0.417898755739258	122
0.052080310391435	0.668825446157822	156
-0.044385282513509	0.738542488780852	156
-0.02170977936409	0.53690125925827	156
0.034803642393867	0.409814064003589	156
-0.026653707000358	0.743678444871153	145
0.072939557063142	0.310679908894053	145
-0.025236039832981	0.405248392512471	145
-0.063548316885204	0.636561114853168	15
0.07420248994486	0.448014707408226	15
0.042187789656682	0.450991186566279	11
0.038462694503981	0.695737415976837	11
-0.094329051753358	0.456139587260904	85
-0.00417518098323	0.445612188949387	85
-0.077300000976037	0.298600399697908	85
0.07034489111771	0.3406679006946	85
-0.122596305431693	0.64888640804749	11
0.015911099300145	0.344395293186604	11
-0.00248164526311701	0.421523531184355	58
0.111475244655921	0.186468662315368	57
-0.067857409377857	0.298755523909798	489
-0.087791441069747	0.631888812298617	1
0.085980376425502	0.12580488589805	1
0.092128771294459	0.120108530289818	114
0.092352455723547	0.125048986852886	114
0.095127501749593	0.188373738879645	81
0.090918013244833	0.122428835263424	81
-0.111138202722565	0.24274818901528	6
-0.083983533662739	0.544838955962599	21
0.091856214036307	0.11915653709017	21
0.092352455723547	0.125048986852886	21
0.114555829954006	0.179578998102123	253
0.104349883341975	0.182337163014305	21
0.00881507521520197	0.211384711951638	21
0.086703917166644	0.123702559230249	3
-0.109215521800984	1.46927350142161	13
-0.03659447399936	1.3573773949811	13
-0.064222247845151	1.41820034838044	13
-0.041748730070393	1.36352522176889	13
-0.098764285791076	0.644722880860125	13
0.027323834542263	0.593875618584652	13
-0.0133172703614159	0.709961069329778	13
-0.040461948854139	0.507783231775846	13
0.059975556214936	0.954046986845898	13
-0.091691590519916	0.56025043364342	289
0.088788810312674	0.36878378398854	289
0.069746357927256	0.31081182524719	13
-0.0207641187490319	0.92009928627436	13
0.048466328593979	0.567228589752986	13
-0.023612329016052	0.887697773652049	13
-0.068645551473891	0.695487111582818	13
-0.084616618409847	0.709566543850445	537
-0.044129675951166	0.459589897666656	537
0.072603445594787	0.840364214019543	32
0.071310391799093	0.414882147261861	122
0.05704692075611	0.546693061529926	122
0.118158941641889	0.590947853417022	122
0.092787358170042	0.74778067019008	156
-0.027628172163101	0.409844296181962	145
0.113704979126261	0.585510627724691	15
0.014042890688902	0.658763355052982	15
0.053910918900464	0.770270930100087	15
0.062974847604369	0.606025765382876	174
-0.090312122621762	0.858579731535949	82
-0.117844489693867	0.729814812830971	82
0.090729784893682	0.600860846425752	11
-0.023907464594659	0.80261874045438	82
0.101232874844203	0.193169112263054	11
0.00868326538883702	0.280108091853349	85
-0.0648999650975271	0.491427984248286	11
0.106425939567637	0.18977696608378	11
-0.016059695187342	0.398260606823544	57
0.019782987581953	0.206984348972884	28
0.047030128332873	0.436436381670768	244
0.120524262267036	0.42794347512555	1
0.11617296840466	0.403682029011802	1
-0.124286906314162	0.521397668583753	1
0.116862255795346	0.406079769252363	299
-0.06726371491567	0.291246838528803	1
-0.115220433528919	0.238066010230333	114
0.094094926298728	0.118706078687127	6
-0.123445808165873	0.523874567764355	21
-0.050047076324464	0.473512205958018	253
0.090696400979851	0.122798470587256	596
-0.096631002467883	0.450929856629989	21
0.027143223372841	0.320121463262653	277
-0.020850801884585	1.29297913563637	13
0.02452100808449	1.25836474597206	13
0.077482739768089	0.918320881422298	13
-0.042522172435436	1.00845577290495	13
-0.00239055868562899	0.682371184741104	13
0.082292372965596	0.528902939436251	13
-0.039078738098527	0.640534623179501	13
0.082287416794455	0.628250666798458	13
0.114478286466167	0.581715739532394	13
0.110247077005004	0.521836693270136	32
0.043528596584691	0.679751685236559	32
0.1112259084292	0.438023522665094	289
-0.065615974583497	0.557803308133236	289
0.070102685787621	0.478926366096612	13
-0.00851070734480197	0.663681479942744	13
0.048301490718609	0.589514577300522	13
0.051407231965739	0.429178201779417	537
-0.105592604895493	0.961176909105077	32
-0.0844922184249271	0.636688329337718	122
-0.0415217643649221	0.504992045377945	122
-0.028886292935604	0.500467907838077	145
0.082013196936036	0.442257298384674	145
-0.028320883846471	0.504281726610704	145
-0.030029100572836	0.852832578602265	156
0.022090944201721	0.626695613796183	15
-0.105266512572368	0.70649684553933	15
0.021785426550212	0.342494830676474	82
0.112831467449206	0.359013994238259	82
0.065835124622889	0.450999123232432	11
-0.056153049076356	0.748701831836937	11
-0.071952314810807	0.681556348320167	11
0.09516452133392	0.34946626938021	85
0.022313881466212	0.333959490877878	85
-0.103174672617774	0.610052990208208	85
0.015023221568867	0.493720384796721	85
0.034280439498948	0.361638530793752	11
0.082567775371508	0.342679755989721	11
-0.069600226847145	0.595511012542055	11
-0.114897943960451	0.527682667396476	11
-0.04957055612968	0.363328348625333	57
-0.080195750301145	0.317467856619979	8
0.023892679682228	0.210973237230806	28
0.017330832173286	0.213970944144032	28
0.027217106604517	0.201186652091851	28
0.041584795226595	0.415028508451153	244
0.012137501912055	0.471287956933889	1
0.087272040930961	0.17194111122496	1
0.072260651041311	0.260542678359072	1
-0.108554753610459	0.241854685904346	355
-0.101207596303476	0.243882027133499	6
0.107486578158502	0.186838349138933	6
0.08504567389839	0.123556715541549	21
-0.105789348353789	0.245350537511065	596
0.018067333032762	0.214500333823115	596
-0.077473296510656	0.310306852833034	21
0.090696400979851	0.122798470587256	21
-0.106953668180011	0.243708788176915	255
0.092352455723547	0.125048986852886	277
0.099972584178401	1.20121706587917	13
0.084947947608053	1.12471129260901	13
-0.097192377722295	1.85803054460163	13
0.095991148652471	0.946897239460165	13
0.030582416310359	1.1970802403054	13
-0.036788926574075	0.807253324467688	13
0.110595908005416	0.686062540523029	13
0.043904440931135	0.608756765513716	289
0.00424828556023899	0.760343059576366	13
0.022952439608944	0.62477776657868	13
0.01279538010358	0.56341242839318	13
-0.062007093274094	0.947792523921979	13
-0.022376533742034	0.685378729871928	32
0.008905006046038	0.579122068539821	32
0.053806461948411	0.470208150185748	122
0.028718570511823	0.629558198361547	156
-0.033304807454517	0.721880199151121	156
0.10989445641399	0.394994941788091	145
-0.0597959553063691	0.666762445451277	145
-0.118044432815564	0.510297056963496	82
-0.00643333457559003	0.513176550888199	82
0.011836171976765	0.345466128516652	82
0.095232797316866	0.445820948746026	85
0.057439794624121	0.531496906161733	85
0.041170072585621	0.448288128810846	85
0.067566319105508	0.315014990059276	85
0.01630220130418	0.43894211164828	11
0.00766822517693799	0.283685737298901	57
-0.070266914304475	0.309340529989691	57
0.015289212211567	0.208958217820589	57
-0.061620459926603	0.378863842394601	57
-0.0917485843621419	0.44375248114439	1
0.085266044456587	0.250387384129992	1
0.015734381940275	0.209981934323021	114
-0.104248366603648	0.247280677660954	6
0.095534745745171	0.121110502077163	253
0.090918013244833	0.122428835263424	253
-0.111777649370352	0.248129602538127	596
0.019101393994772	0.212350476617034	596
0.089979751172428	0.12031277846722	3
0.033400568012581	2.08183604768619	13
-0.018111019768415	2.27650248230907	13
-0.076610113845439	1.85828399689419	13
-0.049900081952276	1.54247157670484	13
-0.032653752776826	1.31196464213316	13
0.062023916166899	0.726080675113014	13
0.115894658438795	0.552427136776929	13
0.11853298057849	0.37335707818473	13
0.114164020442411	0.69556379699687	32
0.026331090499942	0.950450878948116	32
0.098636053747977	0.83558435107522	13
-0.009239620853144	1.02638094059193	13
-0.068687191204777	1.35796432499799	13
0.117425448485379	0.793323110628491	13
0.069513530569093	0.717924034543994	13
-0.000917983745471029	0.893230994125043	289
-0.059454340542915	0.834938590109312	289
0.090086872065028	0.598580193471435	289
-0.067648495686783	0.923202115267193	289
0.092172944325872	0.582898303677659	13
0.103772526969308	0.471085538599118	13
0.014187686953297	0.657285084725937	13
0.07591543697218	0.301492685303026	122
0.014959935598188	0.348857985813882	32
0.071700427443158	0.379254814400173	122
0.051552841593552	0.436306378453877	122
-0.092480083763111	0.463643337658128	122
0.041135616609263	0.369241206626185	145
0.033556105087255	0.379644453343363	145
0.077431417774435	0.509346272392989	156
-0.124168504834331	0.812558751258785	15
0.067977722778556	0.483134320698659	15
0.059631175114421	0.574696923709988	174
-0.028135372239935	0.537174359444927	174
-0.047062444730513	0.363328443709657	11
-0.00773895507978195	0.54982212660978	11
-0.099303163979226	0.686392072986576	85
-0.103211372434955	0.762937740852534	85
-0.036792829722721	0.511287239846678	11
0.023706639039299	0.63462004829844	11
0.1153016529131	0.179400923586985	11
0.103714602422789	0.189200632320942	57
0.034841419333958	0.376909722098571	57
-0.0360359202956581	0.408733536285134	28
0.07664423898735	0.248800602366821	6
-0.105018653446507	0.247296557897613	114
-0.106648890775968	0.246331229661046	114
-0.104248366603648	0.247280677660954	596
0.115143600035544	0.175916683335194	3
0.08504567389839	0.123556715541549	3
0.031608609166051	2.16555146300157	13
0.119067019347768	1.52393717133112	13
0.027021117720322	1.36062173559746	13
-0.02038274249296	0.532440069487603	13
0.048552219101753	0.851140576427423	13
-0.054408240893855	0.820807891613874	13
0.103032577326582	0.877575611143994	13
0.082605493200308	0.254414393581955	13
0.111967523036178	0.510033428468192	13
0.017580757408816	0.765639181477384	289
0.00772332707949602	0.92065362693945	289
0.072410697307061	0.676872123350557	32
-0.019364532032051	0.95041826383766	32
-0.011140468894083	0.583758846203204	13
0.024870631968986	0.691780495953433	13
0.00371354696146298	0.736489312020058	13
0.062174500360538	0.5952817142625	13
0.119204928870127	0.526731831679647	13
0.079392038961872	0.508232130671446	13
-0.088096507142025	0.865136876387734	13
0.064458534306937	0.714406129378612	32
-0.086193184474655	0.30985863494245	32
0.014259693803074	0.216485010321711	32
-0.117441725783328	0.607141986516179	122
0.08500342447712	0.33471650213907	122
0.014997220557915	0.214725591705819	122
0.081394142409013	0.346639501242104	122
0.094814992493986	0.121133837036836	145
0.024628037486991	0.210240612003072	156
0.059870028429028	0.548716696322238	156
0.054579415868509	0.640707842778028	15
0.100356084040486	0.442406785260321	15
-0.058774400471362	0.490490014430794	15
-0.00377440715699395	0.448981522189458	15
-0.098833924207042	0.445044776692782	82
0.102884062154896	0.191629592954725	82
0.013260868755781	0.273438457753128	82
-0.111178574091652	0.238032414080912	82
0.042793505157078	0.440092052431879	11
0.00889994297555502	0.718480565633487	11
-0.115108852220766	0.518426845145661	11
0.123604605280119	0.472053563778933	85
0.062477155712667	0.590731711145993	11
0.091412740929408	0.122778214287602	11
-0.068695504170413	0.588117400098318	489
-0.0821232828678931	0.311021446905296	1
0.018456121355013	0.212720733279898	1
-0.0606489236389151	0.562967660395684	6
0.092128771294459	0.120108530289818	114
0.010555903498874	0.281910675930462	6
0.116205558302703	0.178740309156229	6
0.019688496008342	0.214140651371127	6
0.106425939567637	0.18977696608378	21
0.105961071687899	0.190484230048817	21
0.107328079325916	0.188985628995604	143
0.095756285186876	0.120782017445107	277
0.092352455723547	0.125048986852886	3
-0.00565689107873502	2.1510201059462	13
0.110732913683547	1.45628137401749	13
0.103329506057336	1.20123628306595	13
0.110702291016558	0.598615348221214	13
0.11108423848923	0.647550692885604	289
0.004941389189553	0.843290766764282	289
-0.0163022465034131	1.03524805729259	289
-0.063540384689145	0.683762984413643	13
0.044463120820844	0.405766159789218	13
-0.117585386238608	0.861382753019597	13
0.11753175075686	0.556395425772791	13
0.110721333369738	0.409128582566269	32
-0.0774336510665	1.05156929925851	32
-0.040135368015243	0.526764474270609	32
0.011154906143064	0.285315074798727	32
0.018654313891254	0.20734134666741	122
0.082199326083132	0.258528588648503	145
-0.015560313518226	0.702074037509267	156
0.121207296802014	0.309921823599602	174
-0.080633930996564	0.312643062269509	174
0.094814992493986	0.121133837036836	82
0.014997220557915	0.214725591705819	82
0.017918404578694	0.209407313181631	82
0.017929673714371	0.348246695146352	82
0.00391340945826502	0.287237496029819	11
0.073693011046634	0.265095156540735	85
0.105682168044272	0.18994603125229	11
0.014997220557915	0.214725591705819	57
0.019101393994772	0.212350476617034	28
0.095534745745171	0.121110502077163	28
-0.0308281852818451	0.483983677155224	489
-0.120464490768002	0.659156178831584	489
0.110572137326542	0.188160594783897	1
0.097196939184952	0.118153833341878	1
0.090696400979851	0.122798470587256	1
0.062686205474254	0.310243405090874	355
-0.090279321604743	0.44224358471702	6
-0.089708812598474	0.448978198769079	6
-0.111004560375104	0.24928574573673	114
-0.079462132080802	0.309680911218714	6
0.093069211440958	0.12223423135792	129
0.092352455723547	0.125048986852886	143
0.091635389749592	0.125062886124958	143
-0.103661948819376	0.233379549399752	3
0.091952705349112	1.90858307208883	13
0.013910971051887	0.466991192616034	13
0.095181526900685	0.556918454225932	13
0.00217082131179802	0.756674856241969	289
-0.058953844688771	0.818326835957096	13
0.108134668355909	0.430190594178996	13
-0.0141416636803789	0.784670121900632	32
0.124777816482546	0.312439977617836	32
0.08504567389839	0.123556715541549	32
-0.0680177996238131	0.293289573707657	122
0.012638026835926	0.216209387057835	122
-0.075055862809797	0.310430896509458	122
0.089365382311511	0.389966501533811	156
-0.00319022519404	0.702760281065211	156
0.06908988884238	0.509829755633875	15
0.029028195617	0.376605632649081	174
0.018602785826957	0.206549751719561	174
0.01625544215142	0.27881849714737	82
-0.045293040575496	0.36287614793067	82
0.07082961772057	0.256331240500691	11
0.119542542043803	0.347814278196684	11
0.00811280082005	0.531084180818576	11
-0.010545539462365	0.60339183907104	11
0.060500789508337	0.547442642207336	11
0.121653611622565	0.289104529056517	85
0.078060276024615	0.25627648245035	85
-0.111777649370352	0.248129602538127	57
-0.105411619598746	0.243584912065417	57
-0.069193626238502	0.30098458533765	28
0.013667410716436	0.213120811909776	28
0.015143283862096	0.214463511945117	1
0.018309318429414	0.213337263587165	1
0.070219390267505	0.317582560960459	6
-0.020062221230595	0.41671207918898	6
0.081970292337331	0.258549733090362	6
-0.044716846767162	0.362123384694518	6
0.097196939184952	0.118153833341878	6
0.090696400979851	0.122798470587256	6
0.00408111703074998	0.291093496924856	6
-0.099666572283815	0.241890510685238	114
0.072850434103169	0.264863193779475	114
0.023007073924632	0.211714784764112	271
0.095541018257901	0.181402433073265	271
-0.046669905196943	0.371444541945617	21
0.124762519465312	1.62353109995301	13
0.123018767379717	1.20910877884152	13
0.097546482516946	1.47207761488211	13
-0.063941067731371	1.44166269744391	13
0.011640053078084	0.610086737813616	32
0.056093371574335	0.499271509794266	13
0.103140912488202	0.495538592031016	32
-0.028806402997712	0.476332761144803	32
0.081896575654438	0.343858953369801	122
0.073512790707176	0.261056821122429	145
-0.0714422046171	0.302614840868974	156
0.035032694035615	0.367826505574718	174
-0.056724788532212	0.48664007294842	174
0.019046335475057	0.211616204335199	82
0.109826864699508	0.187375349525914	82
0.00104555881174401	0.280432114271121	82
0.013742831571734	0.207730403296512	82
0.101507419419062	0.18559549296299	82
0.094160127524607	0.413735963100596	11
-0.116616353117095	0.748708732623674	85
0.012575936244326	0.46260591266365	85
0.014102540622919	0.466796166640887	11
0.112220426381262	0.186296723764712	11
0.017571936107181	0.213459013662829	57
0.013521801337319	0.216603883174242	57
0.065262244237281	0.351458616693057	489
0.101232874844203	0.193169112263054	1
0.096254186329744	0.118495473551821	6
0.074826441419615	0.355191589728686	6
-0.097277228736864	0.230594185500367	6
-0.100436875507951	0.243859923513718	271
0.009446092397353	0.288073631417937	422
0.092352455723547	0.125048986852886	33
0.091635389749592	0.125062886124958	33
-0.034253558054825	2.39427132084935	13
0.040357243923613	0.926932434350646	13
-0.0114743127036751	0.767782979238741	32
0.056008730893552	0.695674739760205	13
-0.066614229113648	0.992174420260691	32
-0.111948508240848	1.02297710969892	32
-0.007550825284664	0.663104767231244	13
-0.029902139365763	0.493171398179211	32
0.038331337796984	0.374194401949046	122
-0.048303516152916	0.55632562962494	122
0.01346954006669	0.349076283459252	122
0.028687171047963	0.200942976412888	156
0.12235765789043	0.288374554017336	156
0.029209988515851	0.504698269710552	156
0.02135278488809	0.335785214688103	82
-0.015394079216182	0.515986268138477	11
0.029145645503196	0.557196330337549	11
0.059081143753392	0.543276556404328	11
-0.06719649992858	0.487372816665732	11
0.080379871341334	0.41644447228223	85
0.018309318429414	0.213337263587165	11
-0.110098840791516	0.248270143505648	57
0.088532421663395	0.240834731481438	57
0.01983762033073	0.212868881619307	28
0.069731954751572	0.3153042092332	28
-0.110871513622321	0.247125742542788	1
-0.050630894757163	0.37535891855792	6
0.107169364502297	0.188643387252491	54
-0.105278008811951	0.239857666429943	271
-0.105967865973031	0.242891785761604	21
0.093292111011753	0.121566231332134	554
0.091412740929408	0.122778214287602	435
0.092352455723547	0.125048986852886	3
-0.0176854238672099	1.06654719293388	13
-0.027370195051916	0.806747636759829	32
0.018440103508533	0.592072206448081	32
0.020613967750168	0.628603929384029	32
0.092295660103764	0.48328467454496	32
0.093004304077302	0.500206187446805	13
0.098709405067578	0.416330944736739	13
-0.047193864717989	0.358318350145468	32
-0.0223528753864	0.409054193496387	122
-0.013522573950897	0.525305540732047	122
-0.034150045391671	0.421255797101684	122
-0.111949887326634	0.238135274803043	145
-0.085189377769147	0.828565276446616	15
0.076641096155968	0.300367276842931	174
0.078727487056407	0.347892199959104	174
-0.093195628690771	0.575365315625352	174
0.104378668997107	0.185149750669095	174
-0.081967569809426	0.31081687586212	174
0.022363433065033	0.200996122203395	82
0.00546126225052501	0.281937874859542	82
0.11461426460664	0.17855278372166	82
-0.113398019548484	0.51304249899718	85
-0.047714853999774	0.588622203634771	85
0.023742569638732	0.2109789444204	85
-0.059883657528486	0.48132636447628	11
-0.084462235651157	0.44253467802653	11
0.101232874844203	0.193169112263054	57
0.111317061915866	0.187990352619235	28
-0.029886807085291	0.423450335409301	28
0.085606627942602	0.371904476268426	28
-0.073281696735186	0.309684918422167	1
-0.106738597158114	0.242917777601873	1
0.023585083265511	0.331636690027026	6
0.091856214036307	0.11915653709017	6
-0.083377576224994	0.31599230599841	6
0.00637588719467902	0.280553229350287	6
0.00120123796912103	0.285014679907774	54
0.085980376425502	0.12580488589805	271
0.016445493282292	0.20963513809871	271
0.108071760477326	0.18785847840567	422
0.085980376425502	0.12580488589805	33
0.00308178244618701	0.936951892083074	13
-0.00825873539487998	0.441863860606461	32
0.079993205521495	0.462696301172086	32
-0.054878076667659	0.487410826273403	13
-0.000795119893957974	0.61794685522755	13
0.110578338822587	0.482187948952184	32
-0.120861587839385	0.601094752130404	122
-0.072200588566847	0.304297700892225	122
0.015143283862096	0.214463511945117	145
0.076076588340769	0.309603126531004	73
0.093069211440958	0.12223423135792	145
-0.034006869586403	0.417349249119705	156
-0.041764813981941	0.724956777018519	145
0.072923588766014	0.265934239814567	174
0.081838770930963	0.256946420715044	82
0.108777271816078	0.4512358666424	11
0.077959409741744	0.346394184842429	85
-0.120181087188742	0.656928161405245	85
0.012120940152877	0.207681744320737	85
0.018661797386217	0.511813893797475	11
-0.103478487420466	0.245263850016126	28
-0.09248373686099	0.44234815823643	28
-0.077473296510656	0.310306852833034	1
-0.077031039461208	0.317662757779911	1
0.072153784825823	0.265457678479327	6
0.107169364502297	0.188643387252491	6
0.109826864699508	0.187375349525914	6
0.079563155665063	0.12249380682794	6
0.094814992493986	0.121133837036836	33
0.086915005473034	0.122358046121638	33
-0.105107464173874	0.248281748462392	18
0.123672065580241	0.502433324486073	32
0.070444100839129	0.544485628703232	32
-0.07055283376504	0.657887256718085	32
0.099084331695846	0.445918947418733	13
0.094692826859556	0.53716717051693	32
0.091412740929408	0.122778214287602	73
0.102727667131862	0.190400518707707	73
-0.089305380798985	0.443334686681526	73
0.104693227870256	0.184235537614599	156
-0.060114325632198	0.895478511578657	156
-0.048858133281134	0.672576756926409	145
0.092308651893909	0.539574993184306	145
0.053130305273018	0.516859667951769	145
0.022121423180127	0.2081037313009	82
-0.112078600337796	0.234700543176141	82
-0.086847177168937	0.744760751437827	85
-0.064152618140345	0.547976477688553	85
0.076034083240486	0.408903241551354	85
-0.124423972369761	0.52780566422509	85
-0.024460216752345	0.419556054468624	85
0.122425612121782	0.316614985150911	85
0.085320586448416	0.465996658402639	11
0.054314893600208	0.48644812346743	11
0.106425939567637	0.18977696608378	57
0.080722645129156	0.348921433760019	57
-0.080792913694345	0.318215930880315	6
0.101965995030731	0.180508563156532	6
0.023007073924632	0.211714784764112	6
0.10198044605162	0.192424234926112	6
-0.104507611893714	0.238679940508372	554
0.095534745745171	0.121110502077163	554
0.091412740929408	0.122778214287602	21
0.102884062154896	0.191629592954725	33
0.091635389749592	0.125062886124958	33
0.116764152493152	0.675163990619646	32
0.027655895605639	0.492621610547823	32
0.061147776275403	0.368999643612646	32
-0.118508939321422	0.665720282875186	32
0.073863528400269	0.52137160656243	73
-0.0485364118064791	0.435906992326691	73
0.00845663576973799	0.479149409457365	156
-0.091671828853554	0.793293586954369	174
0.089153802497603	0.371886334602544	174
0.108003197714518	0.561741779964739	174
0.115814909411551	0.287546722098343	82
0.020824377859597	0.558437398549534	82
0.038026378026173	0.405904306148773	82
-0.122765860755506	0.672693797437811	85
-0.072293993698123	0.690698542777629	85
0.085447567103423	0.251282078886038	85
-0.052885292499433	0.381082073196877	85
0.069005890980846	0.47493890792422	85
-0.00766357215868796	0.270663793906407	11
-0.018426401184517	0.59396927291782	29
-0.0527898016495429	0.369109715849021	57
-0.099241576280641	0.807216742512819	1
-0.045153822140381	0.363861537367855	1
0.047392341087996	0.43656400957221	1
-0.10433736284281	0.24624931470742	6
0.095534745745171	0.121110502077163	6
0.095756285186876	0.120782017445107	129
0.077293694143559	0.256951354341444	6
-0.055885193606097	0.379523777500083	554
0.00197573560961201	0.284864724187492	21
0.020573482568089	0.212131776935875	21
0.020424131595298	0.211942207610384	33
0.092352455723547	0.125048986852886	33
-0.10519754281808	0.240971464370951	33
0.091635389749592	0.125062886124958	33
0.084322551624022	0.121810113464687	33
0.111656203078997	0.501297544584577	13
-0.00133454335406802	0.92438301382537	13
0.113205403236561	0.61437217267575	13
-0.08557498302336	0.773540729162421	32
0.053310093148397	0.470133676626827	32
0.120704709525347	0.427893893138	32
0.08576848041998	0.121559855808552	32
0.069392282086153	0.510469933187062	13
0.077977942466049	0.469157664381414	32
0.100556167961539	0.476219107485608	32
-0.04317648427556	0.597614522142232	32
0.028059481431315	0.489545596809034	122
0.00867479594458898	0.290408654084068	73
-0.054854242957037	0.355778689843264	73
0.058766887731331	0.539800255157102	156
0.084844467603097	0.337385877613937	145
0.077232945879102	0.410349322570938	145
0.108323820010707	0.38221953718885	145
0.025397275839012	0.527140253093905	145
-0.124480049243808	0.785358312393732	73
0.072685190919687	0.311802506793901	174
0.052739925967136	0.428496538417552	174
0.021385425819936	0.207624470029599	82
0.071152078612258	0.312020055757729	82
-0.00902333229891805	0.520246454174399	85
0.090257796134603	0.361224394970501	85
-0.0938345218723	0.454714466384058	85
0.00734456637254699	0.423892570994976	85
0.00961941467296201	0.28208363276025	11
-0.02596421493323	0.421260947439847	11
0.088181321972895	0.280221707115037	57
0.071582168183763	0.30072703360329	57
-0.075657652527701	0.312420285575349	57
-0.07371843347618	0.302926396833499	28
0.00811143404243298	0.343546826037717	1
-0.110231891392282	0.248016860367681	6
0.101232874844203	0.193169112263054	6
-0.074754363385921	0.308553755487113	6
-0.098757578297085	0.2369907750536	6
-0.100297774182362	0.238898377739395	6
0.105682168044272	0.18994603125229	6
0.114272176698716	0.75961505015538	13
-0.122165359733	0.786759195942682	32
0.03594621873643	0.414341127384725	32
0.118979338182294	0.549951928258369	13
0.091236808105679	0.540573092968212	13
0.067410724250924	0.54776368726203	32
-0.053572297178381	0.634182852314172	13
0.074706335783157	0.628771106632759	32
-0.068443763487321	0.50186674363198	122
0.00733302773063199	0.283703737350958	122
0.104463777068342	0.190838258111243	145
0.08130324760418	0.246632531284005	73
0.108696822980135	0.407974009600649	174
-0.030480542116799	0.526821028445378	174
0.090097235289271	0.121547945697158	174
0.090696400979851	0.122798470587256	82
-0.044308081171882	0.649360096883588	85
-0.102340816166016	0.718177414845412	85
0.010122131408209	0.276259401810863	11
0.114605677859228	0.369659105565051	11
0.061652787634466	0.458098585271122	11
-0.082625318853505	0.541247040621188	11
0.00806884069145503	0.292166680448418	11
0.092352455723547	0.125048986852886	57
0.123373201183404	0.2378021256278	28
0.012275482217408	0.338887859872949	57
-0.080816613585479	0.521361952242575	57
0.081840369570079	0.338428672205235	28
0.021308981043704	0.209978053197288	28
-0.049129106855188	0.373111116995775	6
0.014736022946567	0.347828127040564	6
0.091412740929408	0.122778214287602	6
0.00808147433892997	0.283547241861836	6
0.00485272624211403	0.290261959343017	6
0.023007073924632	0.211714784764112	6
0.00901789830762601	0.28337623408405	6
0.072815261805595	0.2550577690537	6
0.015143283862096	0.214463511945117	6
0.096183699720888	0.187239862655589	6
0.086703917166644	0.123702559230249	143
0.090696400979851	0.122798470587256	3
0.040723102950577	0.903157751530265	13
0.073955983706215	0.805746094801742	13
-0.012478429578181	0.752374493369945	13
0.068622558901746	0.538309115149415	13
0.111569254498944	0.558746266115755	32
-0.014758303184093	0.807859215670757	13
0.084624585932947	0.518374327324424	32
-0.0156731362974269	0.401114691670959	32
0.069014883489669	0.262611063588541	73
0.00429693851767099	0.272587306858369	73
-0.108231427900799	0.495184763253161	73
0.031418586157282	0.601983853933702	73
-0.100380387863073	0.827184635904471	145
-0.119676269052039	0.755844189767668	145
-0.056491320962108	0.705728962373408	73
0.038813127215379	0.506834758624905	73
-0.063489120952862	0.594237443475781	174
-0.05977985451119	0.378034164103461	82
0.105682168044272	0.18994603125229	82
0.114813461261574	0.169973906290026	82
-0.068638658726669	0.366235756315195	82
0.086495038443918	0.428847394943287	85
0.110719104553688	0.552819902101149	85
-0.00725426505945703	0.509219382112717	85
-0.064422817368738	0.538992577718465	85
0.083479318169732	0.441901203858415	85
-0.0587688310799071	0.4835613511995	11
0.099428088726967	0.188492725809285	29
0.082916250394655	0.25656859554616	57
0.082585447573412	0.335296035261964	57
0.036445463375097	0.377504212206566	28
0.121189330769186	0.286025834206384	28
-0.074905002097356	0.311621120813916	28
0.016687699913269	0.209836142889791	6
0.014851023157063	0.209636745086525	6
0.013780378546434	0.283800014981651	6
-0.105018653446507	0.247296557897613	6
0.01747940462895	0.212399828881235	554
0.092352455723547	0.125048986852886	21
0.092352455723547	0.125048986852886	21
0.090696400979851	0.122798470587256	33
0.090097235289271	0.121547945697158	3
0.072865767076733	0.833045154510645	13
-0.00281696275272803	0.768775315164295	13
0.099963647688648	0.587573171035372	32
0.060702457963893	0.66918492088895	32
0.107230617509828	0.583364554902114	32
-0.05628765744522	0.945298569094363	13
0.051681315779583	0.629932282835318	13
-0.113054720347053	0.828002735118119	32
-0.025703697168027	0.51894681352029	13
-0.10108726525967	0.45375453044219	122
-0.093767163012366	0.591616667105004	122
0.041463730720132	0.408509114162713	73
0.088184420416687	0.289813828137244	73
0.059298396370293	0.552537311666261	73
0.119914413481625	0.397525050358653	73
0.098862360388918	0.466324518609784	73
0.021625256776812	0.68726479114951	73
0.07632583615431	0.458955050157552	73
0.122858192201392	0.388705952521554	174
0.124016344172168	0.365081516388164	174
-0.070306424415404	0.608945472078788	174
0.108924654100922	0.18717201349137	82
-0.058818889670536	0.37796033316278	82
-0.0829258815708121	0.28917841871953	82
0.014405530255508	0.21458474823811	82
-0.051011573961523	0.361301223311187	82
-0.091623595860186	0.455774528080235	82
-0.078522772609846	0.312426496830549	82
0.032597136906726	0.570343789258715	85
0.064271320067038	0.477447671888023	85
-0.0954151815673629	0.541618820490875	85
-0.079249365299209	0.652071320982074	85
-0.00332212552245204	0.449505893278181	85
-0.119116841931172	0.665598494988674	85
-0.09255240059096	0.628018932050462	85
-0.124575894628477	0.688261801210987	11
0.107288322697004	0.177185062409278	29
0.065932472739226	0.257881564007578	57
-0.063981325933917	0.482567204485709	28
-0.058478825730754	0.471078040084361	28
0.085539848491	0.296532814455573	28
0.014997220557915	0.214725591705819	28
0.0177654902221	0.271219350200213	6
-0.110231891392282	0.248016860367681	6
-0.105107464173874	0.248281748462392	6
0.016445493282292	0.20963513809871	6
0.081970292337331	0.258549733090362	554
0.08525651924473	0.123952726570493	21
0.011754208125398	0.211818482508777	33
0.092574318126688	0.121589010675069	3
0.067557484449985	0.900906689992519	13
0.124677326091099	0.232076001282429	13
0.04035463876718	0.703651852754223	32
0.093662583763614	0.632620424440451	13
0.035833734758395	0.676379266160291	13
0.060410029228202	0.678436117401744	13
0.122887103668011	0.499296515780692	13
0.00820687284778199	0.524504268322608	32
0.08690895217609	0.550228610452195	32
-0.120756709357697	0.959301710723118	32
0.013235648327571	0.463009927396161	32
-0.080287371588371	0.30899539228615	122
-0.116571113505063	0.50315250781069	122
0.011754208125398	0.211818482508777	73
0.076102298898998	0.259611000057788	73
0.00923105533115098	0.625926887529742	73
-0.097674129967219	0.795171405066662	82
0.101077473864192	0.19160080904077	82
0.00314333104756098	0.288949760652542	82
0.071910845095104	0.318694523383175	82
0.048522621075033	0.555470807225514	85
0.095589091507548	0.557839995268317	85
0.00912560866393403	0.347634995461745	85
0.043554924433415	0.402549346792037	85
0.113153160756299	0.465217114575477	85
-0.0352755126925181	0.582532685297449	29
0.106271731871662	0.189352788856465	28
0.022271214423624	0.211198824414354	57
0.091412740929408	0.122778214287602	28
0.119337937296627	0.316152558109735	57
-0.00332212552245204	0.449505893278181	28
0.086915005473034	0.122358046121638	6
0.104938049624746	0.189156505805927	21
0.091635389749592	0.125062886124958	554
0.112862601821464	0.861463037144876	13
0.099727357102523	0.779227920837047	13
0.084949960277705	0.626612051294259	13
-0.098005618643675	0.895775791366356	13
-0.0325632726639959	0.765814915095099	32
0.091640048165971	0.325997581473487	32
-0.012950963506928	0.430592073655026	122
0.02937320381194	0.387148319898001	73
-0.00906694207801695	0.838855259990794	73
0.050175776290271	0.43253403024798	73
0.080135043034686	0.548806282102923	73
-0.093751907467274	0.582427962886491	82
0.112967958948566	0.27879845053271	82
0.096630124819773	0.18668767015313	82
0.071393318614329	0.447886762478569	82
-0.0544708478289651	0.640236928195134	85
0.115931808166608	0.428865886875627	85
0.068663966269297	0.433153321417369	11
-0.035396788783072	0.516560478519155	11
-0.00262197359569105	0.443372600396268	29
0.123978922219157	0.391538971178418	29
0.00995466169522602	0.28131798928056	57
0.015150583343095	0.280737852155739	57
0.01224065572823	0.280379732511717	279
0.018145267159817	0.348255690191519	279
-0.00506549449837002	0.45003545744375	28
-0.12041798418679	0.519280290123517	28
0.084267166157626	0.253271057113479	6
-0.077164013299827	0.309660720108003	6
0.00917286905204801	0.285349698094263	6
-0.110231891392282	0.248016860367681	6
-0.0886306599575491	0.303490189598628	6
-0.105278008811951	0.239857666429943	6
-0.0886306599575491	0.303490189598628	6
0.094814992493986	0.121133837036836	21
0.079563155665063	0.12249380682794	33
0.093292111011753	0.121566231332134	18
0.091635389749592	0.125062886124958	3
-0.0265631899193149	1.23690054409424	13
0.08163406094249	0.959919869517165	13
0.080579894313031	0.698001216987744	13
0.031411942266489	1.21831621260861	32
-0.060966614708114	0.827240673142955	13
0.013177379768783	0.276979203113827	13
-0.120917643774752	0.665561089765424	32
-0.08319524924828	0.951578779492059	13
-0.09637423014533	0.712012902307485	13
0.061383705501921	0.493344577496656	32
-0.077787886791455	0.689447931750385	122
0.034286978006745	0.510219950894566	122
0.010017419179962	0.521522637110053	122
0.091513307881072	0.541438369299913	145
0.042517346174633	0.581444376361064	73
0.115735006518351	0.559060277872708	73
0.047685631028581	0.797945374308628	73
0.099908637075851	0.58164230846858	174
0.019829488549916	0.450061513120934	82
-0.048130609385479	0.85687752683172	85
-0.020351026733512	0.677997039381004	85
0.034725046361971	0.369995497452194	29
-0.112442864936666	0.508922014642061	29
-0.087363403688373	0.446937270461261	29
0.060563450154812	0.421690630099102	29
0.011090179871901	0.344268980446509	29
0.122211167893678	0.316731964149445	57
-0.027522017028024	0.410293907905386	28
0.085694663644532	0.251679835327066	28
0.078116049816109	0.265413071986718	28
0.116951290048745	0.177707836233447	28
0.015143283862096	0.214463511945117	28
0.020573482568089	0.212131776935875	6
0.00938893457885098	0.345916273265629	6
-0.106648890775968	0.246331229661046	6
0.101232874844203	0.193169112263054	6
0.108518696359341	0.187011916448139	21
0.11174712631148	0.181377320604383	21
0.104623589235432	0.185241816215566	18
0.121556083599871	0.843622500639155	13
0.097611438529982	0.763066521743011	13
0.117100967835279	0.695873348924452	13
0.00345235850108	1.15139316020858	13
0.027036978667512	1.06384856975318	13
0.071469178716981	0.684672171258466	32
0.112129258047324	0.538044871520875	13
-0.03259800501903	0.768765753326954	13
0.11514674580297	0.412494612575992	13
-0.031041252903513	0.930017185835437	13
0.103197335957322	0.517920289971909	13
-0.108920628840459	0.614064149698741	122
-0.066426842848373	0.691507346980605	145
0.084445268251237	0.472061558019794	73
-0.102487919291779	0.842577338012242	73
0.057802492704836	0.510288102859011	73
0.08131545502744	0.554071911927569	73
-0.112341729725733	0.856222108392304	73
0.08551803871938	0.491721601908162	174
0.103981929082733	0.588162225973278	174
-0.103971454634064	0.849856588834208	174
0.010433664811286	0.500805724200766	82
-0.06820530667418	0.609733541610326	82
0.034812125776262	0.377811896552141	82
0.086700532831808	0.646052122173323	85
0.084625271105385	0.46559893586943	85
-0.05489974315415	0.813332926150292	85
0.045649644855608	0.441429380923844	85
0.076679993177745	0.43341320076448	29
0.075064073678025	0.346545062582675	29
0.073202408628421	0.345600975820233	28
-0.020187494017517	0.398889282644166	28
0.073176318622242	0.308566222836163	28
0.031008006102066	0.382578916083424	28
0.061392865388922	0.456443648925264	28
-0.00819933279038598	0.446782299840678	28
0.005019244787836	0.290944264922213	6
-0.021638374161284	0.409612851973691	6
-0.119352714264356	0.526330098085807	6
0.103560759134782	0.187422306548059	6
0.111317061915866	0.187990352619235	6
0.111475244655921	0.186468662315368	6
0.017330832173286	0.213970944144032	6
0.024628037486991	0.210240612003072	6
-0.105107464173874	0.248281748462392	6
0.012492377804932	0.211693170873916	6
0.101313920969047	0.173620144740421	6
-0.109326587594943	0.247010331489444	21
-0.076114661400676	0.318361095193802	21
0.094375659234673	0.187257383600048	554
-0.110231891392282	0.248016860367681	554
0.091635389749592	0.125062886124958	33
-0.101207596303476	0.243882027133499	18
0.090782469796836	0.714431162435846	13
0.00263733039660002	1.25542932594572	13
0.010281628612407	1.27605245428971	13
-0.067549145057698	1.50626852502733	13
0.007824606085933	1.1444698330018	13
0.015065042178512	0.96007010759068	13
-0.029736491679788	0.905489796640236	32
-0.105674881213702	1.13208900252318	13
0.016509542692953	0.696585424123182	13
-0.015036176505385	0.76105525482648	13
-0.017523807434248	0.655146753017094	32
0.051827425876574	0.668216561593473	32
-0.123335010416661	0.7845301045854	13
-0.017454101253654	0.832541789130513	13
0.112427702902628	0.408726339240883	122
-0.102254146305616	0.23157814018567	145
-0.109685028819644	0.725424448092824	73
-0.124746195489052	1.26866242513882	73
-0.024540328813379	0.849767654487046	73
0.061207686753157	0.530732733596892	73
0.02563900380275	0.330794830267727	73
0.016096883517464	0.565756693412003	174
0.084749291007525	0.250613243405404	82
-0.04957055612968	0.363328348625333	174
0.08008222538949	0.25487127257233	82
-0.096220912129107	0.462047425283822	85
0.00390459094726098	0.517035012813542	85
-0.084462235651157	0.44253467802653	85
-0.094959871058263	0.641196826148444	85
-0.0204904154466961	0.517993290579618	29
0.027186351907056	0.489223244884787	29
-0.109748807331267	0.675782691128125	29
0.073716102082984	0.343889950569843	28
-0.0984121715070559	0.604296936239991	28
-0.055433140143199	0.363622529941325	28
-0.035791302353716	0.49879622106156	28
-0.114071998860374	0.647860458441925	28
0.00513672315078001	0.431787728397169	28
0.024994009266716	0.331890714558024	6
-0.054545400692552	0.382195574528137	6
0.082149982036295	0.256266639058959	6
-0.107194655963558	0.611102142665109	6
0.106741946190739	0.186087384666236	6
0.092574318126688	0.121589010675069	6
0.104780927806675	0.189149018408881	6
0.092574318126688	0.121589010675069	554
0.086915005473034	0.122358046121638	554
-0.10919413321852	0.241459388014984	21
0.08504567389839	0.123556715541549	33
-0.110098840791516	0.248270143505648	18
0.08576848041998	0.121559855808552	146
0.102877311294716	1.04764803716899	13
0.020189446658203	1.56812968125889	13
0.000321784183688001	1.32096593653169	13
0.110035898110072	0.848851089196041	13
-0.011138328488788	0.631904287147426	13
0.103276936258783	0.596649951895073	13
0.00554223001857801	0.607648289887259	13
0.078931347041134	0.613392999442993	32
-0.053256301597547	0.860091828399131	32
0.06509165354071	0.486484269317664	32
0.048213586328076	0.45532573623614	122
0.112732792195177	0.461272374798072	122
0.067549613765617	0.498886316767339	122
-0.100736169715487	0.915686664150713	122
0.079490852485	0.415557887522247	145
0.044186025045854	0.772500503344618	73
0.00570815365952898	0.79438403364809	73
0.072604808729826	0.459626976820393	73
0.084677695818491	0.41309898216519	73
-0.072459652039909	0.480944811413801	73
-0.110137074219405	0.607735996603405	73
0.00312153321846298	0.733419256442216	174
-0.065130246608443	0.755057224044584	174
-0.05187070323898	0.470885449843523	82
0.056642123096517	0.429724906410435	82
-0.027992931282438	0.74467118649092	82
0.065977187282428	0.625315069348824	85
-0.07593636255419	0.53944375510484	85
-0.050171391385963	0.707117599231936	85
0.034632171265064	0.57644859143045	85
-0.124892225297849	0.646969146817908	85
-0.0275110668337	0.425386487235561	29
0.081563132127411	0.290686919625676	29
-0.072527469847859	0.311845078400707	279
0.012368213549923	0.342503342501699	279
0.106709192288932	0.188476940860255	28
0.00991791545995002	0.34025038546379	28
-0.0542898285128	0.368202505902021	28
0.020424131595298	0.211942207610384	130
-0.074304165165758	0.306237413529905	6
0.116951290048745	0.177707836233447	6
-0.103478487420466	0.245263850016126	6
0.10552444302153	0.188979035961125	6
0.092352455723547	0.125048986852886	79
0.092352455723547	0.125048986852886	21
0.09647676885893	0.120758066909653	21
-0.108422296333904	0.240275278025828	18
0.094814992493986	0.121133837036836	18
0.023742569638732	0.2109789444204	18
0.094814992493986	0.121133837036836	18
-0.010626318684354	0.524478594865018	13
-0.082108548057203	0.711908197735762	13
-0.066467443330373	0.570178570944465	13
0.010891764092268	0.277221695035748	13
-0.114897943960451	0.527682667396476	13
-0.053153768918175	0.363316971037859	13
0.072743632125403	0.263238922004828	13
0.121996976069275	0.317676080682624	13
-0.082274402545463	0.868543530725082	13
0.031187761078375	0.636797481454613	13
-0.0492329610085021	0.364445684551259	32
0.018395469784407	0.462375145657828	32
-0.017341666713983	0.821217871817841	73
0.075878448007685	0.718371874855879	73
-0.084835416933598	0.452411367441008	73
-0.00929829240735303	0.560291329505738	174
-0.107116218721539	0.615650636044127	82
0.073757727388274	0.533254698413501	82
-0.0985314125253231	0.81962972514093	82
-0.097987028310589	0.952567277595027	82
-0.099932972994091	0.989676748597457	82
0.005019244787836	0.290944264922213	85
0.018309318429414	0.213337263587165	85
-0.013708532101015	0.79098257665605	29
0.098593572355	0.185982103388813	29
0.113436502362664	0.593503372163418	29
-0.115286276893219	0.787972674446052	29
-0.02247870297493	0.796580005139421	29
0.122322664797142	0.385727418013994	29
0.076580500549294	0.266973487198937	28
0.077765520131542	0.352164097263898	279
-0.105967865973031	0.242891785761604	28
0.017918404578694	0.209407313181631	28
0.090918013244833	0.122428835263424	28
0.09967930004399	0.115243865801675	6
0.107169364502297	0.188643387252491	6
0.091412740929408	0.122778214287602	6
0.087639281335227	0.120398139160621	6
-0.027886997377107	0.414261028689634	554
0.118487399564213	0.287974839334442	554
0.093069211440958	0.12223423135792	21
-0.020609781958292	0.471907585435898	21
-0.0779618751831011	0.525175258798873	21
-0.07595592897938	0.315587576595474	21
0.010993273401455	1.88919401688676	13
0.090356688586577	1.5500819248846	13
0.027111246477079	1.76387144641309	13
0.0000117080861100072	1.32140060090881	13
-0.031859210713887	1.66185735752383	13
0.093319876510853	0.972899797859348	13
0.122509079392206	0.667336304007124	13
0.00261575518680302	1.06828234924582	13
0.11963162340323	1.15103610988262	13
-0.087535571674814	1.36508093206739	13
0.106950020735962	0.942535014768954	13
-0.01002288120225	0.63083287022558	13
-0.113356622791691	0.744302589742144	13
0.025221595503163	0.413939759958125	13
0.068617918663108	0.418786881208944	13
0.091886727507866	0.687386242372847	32
0.052479533905219	0.881885316259383	32
0.117785546094393	0.322428865652481	32
-0.06023932608043	0.570906091117725	32
-0.110850704090793	0.962562525635321	122
0.048742502907797	0.736962320982695	122
0.092895677197568	0.458227754981909	145
-0.051783200911707	0.673025318919322	145
-0.018309495914985	0.534033419449012	145
0.101009566459119	0.812382242465429	73
0.081182714350957	0.376469342425435	73
0.013037533974794	0.470146430283908	73
0.098058816465304	0.584291647723785	73
-0.040665965940468	0.760774059708105	174
-0.00267892487944599	0.655951153158225	82
-0.08535781729459	0.981827522975397	174
0.091664245061116	0.363668411955566	82
-0.0208230204605629	0.593449014717607	82
0.122375810436749	0.34476708375761	82
-0.055903043100745	0.954706881832288	82
-0.027356976020438	0.762356327330395	85
0.020810325742063	0.498694345497369	85
0.124878063117996	0.40916955032029	85
0.00967478899095298	0.713787074664486	29
0.079491248718113	0.25713629154354	29
-0.109487541098497	0.647481553209963	29
-0.111004560375104	0.24928574573673	28
0.007145390195468	0.281551979499946	12
0.00810722347845899	0.610948513285782	28
-0.00605445773166502	0.452853049489046	28
0.090696400979851	0.122798470587256	6
0.025799443512008	0.388556219971366	6
-0.093679627243434	0.442313384485006	6
0.094814992493986	0.121133837036836	79
-0.0782148602031571	0.31125139752698	554
0.012506833631549	0.350548445539354	554
0.095756285186876	0.120782017445107	554
0.068336652870362	0.259569930111441	21
0.092352455723547	0.125048986852886	21
-0.0275110668337	0.425386487235561	21
-0.10433736284281	0.24624931470742	33
0.092352455723547	0.125048986852886	18
0.090696400979851	0.122798470587256	18
0.110502959443309	1.86139768762573	13
0.083566928839629	1.67750451591351	13
0.107234423908184	1.51467643519199	13
-0.02351742069105	1.68670745561157	13
0.072762708154749	1.94474590861305	13
0.108949470015297	1.59461054261901	13
0.073613553612944	1.65002259217711	13
-0.0193770338018699	1.83993428520101	13
0.057228280604714	1.40770696269277	13
-0.00323222867496398	1.63065737568968	13
0.01949217245367	0.858756249695585	13
0.045970722770377	0.446998924458599	13
0.070860238802704	0.991608526445316	13
-0.040376508265678	1.05636689667686	32
-0.077634758390726	0.831875944853402	13
-0.07185856854747	0.985612415420237	13
0.093847868189933	0.427074728507575	13
0.101839515060967	0.614925673306563	13
0.095811937740456	0.564686879824846	13
0.117067559254977	0.581202274195265	32
0.115690987680751	0.352507536447508	145
0.07446205200868	0.262868544107155	145
0.056376867899166	0.499136499584709	73
-0.015690288033571	0.712413319196354	73
-0.124388293277776	0.940145614770079	73
0.108760129717017	0.407739354873393	73
0.085714547446194	0.341854569979972	174
-0.077455388959475	0.293057560855024	82
0.105961071687899	0.190484230048817	82
0.026854559760709	0.379015371928215	82
0.00407844103184002	0.288807064293016	82
-0.108939869239407	0.50127046326044	85
-0.034164396672817	0.838648734715152	85
0.114628754098536	0.554015761003929	85
0.055666589846741	0.430733654843436	85
0.109545172533149	0.485159706160446	85
0.124827360821028	0.283889852358221	29
0.015054842517805	0.334517544796439	29
0.01853100581284	0.198080952235753	29
0.019193364125777	0.212598286307675	29
0.021785029167766	0.32625019773012	29
-0.110871513622321	0.247125742542788	279
-0.122473786642525	0.676497459019953	28
-0.11760796295562	0.661727059651081	28
-0.08150634876578	0.542275870013286	6
0.108071760477326	0.18785847840567	6
0.091635389749592	0.125062886124958	6
0.091412740929408	0.122778214287602	6
-0.076114661400676	0.318361095193802	6
-0.076114661400676	0.318361095193802	6
-0.116894560194006	0.237361173100104	6
0.01224065572823	0.280379732511717	79
0.08619041248275	0.120649422834591	21
0.08576848041998	0.121559855808552	18
0.107912443155355	0.186366517957068	18
0.049585380073744	0.342627227204557	18
0.099720546352683	0.747530449943134	13
-0.055532425341206	1.13522811397965	32
-0.060666106546159	0.82681641038183	32
0.060620633184501	0.650275185689249	32
-0.021165367183183	0.803565158796203	13
0.112016936597641	0.557825035607593	32
-0.061520136639002	0.937678277637374	73
0.122916868393037	0.475067437163437	73
0.089459067904879	0.405782738463994	73
0.102173188831761	0.51990121404901	73
0.116088051517837	0.47486831304998	73
0.060096022973823	0.552279176107916	174
-0.093545303371691	0.587199922113705	174
-0.0491103291104	0.375220852833558	82
0.005019244787836	0.290944264922213	82
0.104618001235447	0.189412808075926	82
0.019688496008342	0.214140651371127	29
0.123583274316275	0.235838276234781	29
0.04029576852742	0.410408039119765	12
-0.07854673254824	0.316083972538783	130
0.079491248718113	0.25713629154354	6
0.106116515875357	0.19145585023457	6
-0.101207596303476	0.243882027133499	21
-0.080287371588371	0.30899539228615	33
0.08525651924473	0.123952726570493	33
0.093069211440958	0.12223423135792	18
0.124499606205691	0.47496242162874	13
0.047221305163635	0.638076990505475	13
0.090918013244833	0.122428835263424	13
0.097031990925699	0.512523323743815	32
0.017254960833883	0.599775012614176	32
-0.078252475342397	0.839100592182987	32
-0.053320927693214	0.473772162023327	32
0.085822275433946	0.449049520423048	32
0.086475152176625	0.377324616725897	32
-0.050074761055651	0.658418684947523	174
0.00978708930058603	0.283233343565597	82
-0.104427627288375	0.235584071373633	82
-0.106738597158114	0.242917777601873	82
0.014521774858663	0.345630822812113	82
0.078231425727315	0.30533266826531	82
-0.021242716822989	0.409878636000828	85
-0.064106222943126	0.753879326547876	29
0.060878516961395	0.47199260063949	29
-0.0550396624105231	0.634032429101346	29
0.101251145481554	0.359456411955558	29
0.077348465140358	0.266798186144032	29
0.072450025430421	0.308212563552987	28
0.079034959792058	0.302874564806995	28
0.038585104028871	0.371243934676417	28
0.00833862350138898	0.557007959302542	12
0.012860214167922	0.208426947487087	130
-0.0765603154365621	0.313562152213764	6
-0.076273729758597	0.315830377463955	6
0.000869646351296993	0.285351255478546	6
-0.105018653446507	0.247296557897613	21
-0.105877973349914	0.248295887545134	21
-0.106738597158114	0.242917777601873	18
-0.104248366603648	0.247280677660954	49
-0.027411594477996	0.906119752088128	32
0.00213045192738798	0.601052334051359	13
-0.01369111538433	0.548774720506123	32
0.115329888357676	0.443774129954555	13
-0.104225988121621	0.885196027510022	13
-0.048552459792682	0.368622155025397	122
-0.106738597158114	0.242917777601873	122
0.023057011203723	0.333249371718716	122
0.057941113110536	0.492978240312023	122
-0.084479622993777	0.647276567943874	73
-0.018414109843612	0.59666144574311	73
0.07168279016257	0.467434756034784	73
0.030021943849897	0.547314817232899	85
0.039398503630937	0.57436954617809	85
0.029939504283639	0.384103384453316	85
-0.0811171621653361	0.550440424800198	29
0.070508815642504	0.350702551351332	29
0.124415271768947	0.36916120339694	29
0.00369414492720099	0.545904689148631	29
-0.106504031109733	0.60028244767837	29
-0.028414991348818	0.541005212689873	29
0.109309501419534	0.345032522402705	29
-0.105877973349914	0.248295887545134	29
0.013376057992579	0.216089748639388	29
0.020185332985047	0.337460819557986	28
-0.060330495832518	0.479551115859587	12
0.116163461450389	0.283863039956294	12
0.021308981043704	0.209978053197288	6
-0.100436875507951	0.243859923513718	6
0.107328079325916	0.188985628995604	6
-0.075807912796508	0.312759471781369	79
0.013521801337319	0.216603883174242	21
0.092352455723547	0.125048986852886	21
-0.102620922665704	0.23856234219221	18
0.090696400979851	0.122798470587256	18
0.094814992493986	0.121133837036836	49
0.093069211440958	0.12223423135792	18
0.0682712725695	0.660023824274631	13
0.081844972039608	0.547477396786043	32
-0.0149377315783	0.521031621904451	13
-0.027188482483989	0.613731741066233	32
0.086661094189931	0.439393621308235	32
-0.022102031386097	0.708366874231311	13
-0.0853939278022961	0.63806219417245	13
0.025228008271892	0.478825907664993	13
0.00838086615495598	0.567940275690522	32
-0.071571861711437	0.875889576027977	32
0.123474355295317	0.31565670004403	122
0.022056614168627	0.53361640361866	122
0.121696674037762	0.31884840761393	122
-0.032767323573075	0.56738494684224	145
-0.06831219254058	0.607591510330783	145
0.021458427879438	0.206546786354545	145
-0.089189031926086	0.449497783904335	73
0.026274667333048	0.541970019893497	73
0.078923411380997	0.338689844376778	73
0.115405786758894	0.408568941076089	73
-0.065285384450536	0.759276511952578	174
-0.038029458783031	0.505248028955954	174
-0.057603866524205	0.4915333102855	174
-0.117132264876607	0.509397330048356	82
0.00330168078913601	0.338334514411004	82
0.02136156737094	0.383483966140475	82
-0.109041633746724	0.751035109477861	82
0.078946137647771	0.455789430348126	85
0.073959720898652	0.408284549588913	85
-0.028578770412952	0.644651112496776	85
-0.032937987139058	0.575268616615414	85
0.089863955380761	0.398342787553616	85
-0.02221014831262	0.538083464896597	29
-0.012303260917457	0.449585991589526	29
0.112867308279856	0.307987990531202	29
0.108030944729724	0.354534252436928	29
0.014717165722221	0.280278428971783	29
-0.012025144511391	0.382158168249258	28
0.116969924933291	0.285022406767104	28
0.013426970466898	0.280750890610821	28
-0.05701516346973	0.384209048121657	6
-0.10708788454615	0.241144960334835	6
0.016544370287641	0.334228122673939	6
-0.096207410810076	0.28861717253488	6
0.019101393994772	0.212350476617034	6
-0.109509117427157	0.22967440672593	79
0.104938049624746	0.189156505805927	79
0.010550802038896	0.29077033464308	79
0.025363031958293	0.208104604223834	33
-0.105018653446507	0.247296557897613	18
-0.063178663472528	1.50028381262377	13
-0.0576573338573551	1.18081820543521	13
0.05806932448461	0.50917217743071	13
-0.052202792097635	0.58518245466013	13
-0.073166558680612	0.618594889050992	13
-0.030200621305591	0.615237524623282	13
0.112347174410718	0.401777535215662	13
-0.0143762457584981	0.594543364191822	32
0.080151887566342	0.430580983336467	32
0.065494044733267	0.250422277661014	122
0.123313646706559	0.341327306613133	145
0.09233268717733	0.322122179231436	73
-0.056742027786583	0.570797520002534	73
-0.022973188730644	0.528857145703132	73
0.089032779619178	0.435454553726694	73
-0.035203439992485	0.73620522249709	73
-0.018791823235954	0.406127221677748	82
-0.010053171224368	0.454757214314321	82
0.052609542031404	0.572350805475452	82
0.086065230781416	0.465766560800879	85
0.05160159652905	0.554600534157432	85
0.00187703396678002	0.697516570244184	85
0.117629809656574	0.380023553398456	85
0.034060771170692	0.512335049416183	11
0.116080624587762	0.324950699387816	85
0.046927772019774	0.39597029854476	29
0.021271644368297	0.332976369820243	29
-0.05301141758036	0.478756027162364	28
-0.056831599024373	0.382369287341946	28
-0.018311352819753	0.405980579479297	28
-0.03151924757305	0.417497642366442	28
0.082736294901909	0.257860424104854	28
0.075334729694169	0.262200883727941	12
-0.052781637314023	0.461776421235468	12
0.053633917706388	0.37529949308798	12
0.016617694635764	0.208095072185623	6
-0.08110883370959	0.315729685393722	6
0.026982808940474	0.198838051719184	130
0.112220426381262	0.186296723764712	6
-0.106648890775968	0.246331229661046	79
0.105682168044272	0.18994603125229	21
0.073978162885417	0.260115856088147	21
-0.111004560375104	0.24928574573673	49
0.018067333032762	0.214500333823115	49
0.015918717071613	0.276416539087309	49
-0.03845968612402	0.73235016438942	32
-0.00924813790368495	0.449102766430022	13
0.075988217411322	0.304940972423503	13
0.084314351569744	0.33758865390842	13
-0.100055639994482	0.577944319058761	13
0.117637653522519	0.339989894038518	13
0.122862749784214	0.586892788347957	32
0.073903237433346	0.354385970898953	32
-0.100385071263447	0.684789819812386	32
-0.045647991297261	0.589242239004547	122
-0.000443773426641036	0.497450588919228	145
0.051140287277817	0.33786538418735	73
0.08259532765402	0.51850492994546	73
0.046705374335765	0.487290448186075	73
-0.011341833444895	0.391345152088444	73
-0.042259886300191	0.359761646797753	73
-0.028948809953494	0.412713618251918	73
0.008439547127011	0.281484009872673	73
-0.083041010283884	0.734708052930777	73
0.050368410254718	0.43705334672776	73
-0.032902978585349	0.567941877450692	174
-0.00579167369398304	0.453428803751995	174
0.112607669980843	0.319114706879075	174
-0.074515149337507	0.524652513528422	29
-0.08755146647645	0.804521932836924	29
-0.058039021629028	0.477502047895858	28
-0.113290991732699	0.653883361438442	28
0.085293605542536	0.292450741090884	28
0.01300369877708	0.206991022678139	12
0.10552444302153	0.188979035961125	12
-0.1049945657802	0.600904709980512	12
-0.032591214120287	0.408061262546812	28
-0.074414264688231	0.53666694249004	6
0.022747959060861	0.377491734958515	6
0.019688496008342	0.214140651371127	6
-0.102709015492645	0.239592499387889	6
0.01747940462895	0.212399828881235	21
-0.018431167736796	0.397473238598767	21
0.017185453118623	0.349750937938303	273
-0.077462352494074	0.311873140244817	33
0.007311938703851	0.282518187063172	33
0.079726787538238	0.681372501946287	13
0.107640722068853	0.354507953248927	32
-0.115938619747073	0.657671112565275	13
0.068512120427451	0.523958776372704	13
0.104533395329868	0.424291436173381	32
0.050302282196759	0.433388357809277	13
0.056477093156706	0.526564901505595	32
-0.026036701884802	0.612478763199113	145
-0.083287902958088	0.748384800351168	145
-0.074151114063409	0.625799597820391	145
0.021014053543122	0.657541492196128	73
-0.019997749626819	0.940762392141064	73
-0.0381634857305	0.413800914186002	73
-0.116638655167267	0.505833598967029	73
-0.03764255514943	0.488790860229608	73
-0.058604749117195	0.723815076830822	73
0.029645407008853	0.484487507110279	174
0.057812692263935	0.636389652760702	174
0.054595944659616	0.499628344152427	174
-0.069797638274907	0.691417998802441	174
0.110268166315466	0.319727423680997	174
0.088887887312476	0.369939549546949	174
-0.051024057956014	0.556914698006613	174
0.118286196266341	0.430392208209415	82
-0.055601683171885	0.857216871637601	85
-0.057844900963014	0.486859257399159	11
-0.011577494497111	0.804148874531469	85
-0.112657150000852	0.514381084154029	29
0.044278293010597	0.534252899716875	29
0.035218472267811	0.471625240463226	29
0.013899626482517	0.470390639576419	29
0.070549000757355	0.539595511616985	29
0.066939554890119	0.4420234156986	29
0.056443105695533	0.460198107452947	29
0.032174727965129	0.383947297554331	28
-0.095090155593938	0.590621474537712	28
-0.091250311359613	0.446039301872042	12
0.071640794977524	0.41682744910724	28
0.033678359989729	0.420210421511513	28
-0.104248366603648	0.247280677660954	6
0.024628037486991	0.210240612003072	6
-0.110231891392282	0.248016860367681	551
-0.10863160662789	0.235568474924553	21
-0.025249230761615	0.422700433824211	21
-0.00199050012881496	0.276964085790603	49
0.043989379217311	0.988648090208406	13
0.040365814674007	0.841410407488692	13
0.067817918083591	0.494519071411621	13
-0.103244527735003	0.891574147552131	32
0.059273433756196	0.455745586949719	13
0.086200895445194	0.544377828277279	13
0.079378785933172	0.350293453047826	122
0.081394142409013	0.346639501242104	122
-0.110530465929178	0.620317365627321	122
0.035973069813014	0.366250628118866	145
0.092361839562047	0.531920120971938	73
0.094963012653091	0.542836104898187	73
0.069919530211314	0.509850505814157	73
-0.032134222584185	0.58246245432381	73
0.058372209175425	0.579255468241001	73
0.067421003173424	0.469194749749232	174
-0.052833315011391	0.480997821093099	174
0.120709961944948	0.28908307403966	82
0.03064674588004	0.714505292204402	85
0.028129036740857	0.5747618465722	85
-0.067944501705665	0.759864261308807	85
-0.0971380381216001	0.545834149499429	29
0.079680809235011	0.309540673756359	29
0.00787674187440401	0.462478588821164	29
0.124478642094665	0.270839879078151	29
-0.033070695195069	0.395423721520532	28
-0.0538966115187141	0.375849080975965	28
-0.060330495832518	0.479551115859587	6
-0.080952225206946	0.319302162561081	6
0.017330832173286	0.213970944144032	6
-0.07836376408368	0.304969555291632	551
-0.08272992428402	0.307878117502097	6
0.015880671876097	0.212738774248593	6
0.083066682023403	0.742268065184343	13
0.066990146144912	0.777706588058604	13
0.067564805319387	0.668340882067809	32
-0.062102946171627	0.778021353666674	13
0.048373720031609	0.614710943163596	13
0.000588232902890007	0.610107135676947	13
0.050229641144501	0.664128637298792	13
0.048752164801685	0.668303093997628	32
0.12032848023346	0.350172920572837	32
0.110054938792002	0.440208588027399	32
0.00324309120476402	0.482531198546799	145
-0.014266182731426	0.392940863960694	145
-0.079730321511569	0.423267234730406	73
-0.03897964247887	0.860471578874515	73
0.038834783928601	0.634391240424535	73
0.087607457970636	0.56723304863447	174
-0.045163964447455	0.587740278641895	174
-0.089452707782135	0.462800884222153	82
0.117175128865738	0.434318511966087	29
-0.016639005647835	0.706022744849496	29
0.092164825951613	0.420695091557201	29
0.021458427879438	0.206546786354545	29
-0.05005448582292	0.381263467014341	29
0.00104555881174401	0.280432114271121	28
0.017192623319507	0.271155377247447	28
0.01288648150843	0.450194321567169	28
-0.035310454287691	0.509779233837039	12
0.081970292337331	0.258549733090362	28
-0.102889977137709	0.238400518545906	28
0.082628760991614	0.244176388356905	130
-0.078959106767613	0.305389560153855	6
0.075659588544049	0.300926103570805	6
0.024477701902334	0.208830771574455	6
0.00579088480592699	0.290111457974493	6
0.110414337099916	0.187779304343989	79
-0.110098840791516	0.248270143505648	21
-0.109326587594943	0.247010331489444	273
0.08504567389839	0.123556715541549	21
0.11009216695395	0.182731583670782	49
0.068016007454055	1.42993741843493	13
0.121737680988495	0.389187515104988	13
0.004354404161867	0.658789675206234	13
0.059569904570936	0.467079993381737	32
0.025800455072229	0.480193829507487	32
-0.095867527484493	0.801900961020481	32
0.012409545559459	0.768549818253454	32
0.085581995394229	0.440212706971824	73
0.053949197913945	0.435763828447286	73
-0.049934569258496	0.621736746289383	73
0.054450352267668	0.427908211311624	174
-0.100173096254738	0.593511170267481	73
0.026699560844266	0.376916055540026	73
-0.106648890775968	0.246331229661046	174
0.00423537950396902	0.202111118358851	174
0.00595771391202699	0.288796008224022	82
0.014531045090433	0.279524121699125	82
0.10198044605162	0.192424234926112	29
0.071250736996262	0.312794434806021	29
-0.00605054501372504	0.506975680509731	28
0.077959409741744	0.346394184842429	12
-0.00533243733955002	0.451161666232469	12
0.041740056844637	0.504411990327984	12
0.115560133956364	0.384511570801098	12
0.110581184743161	0.321069348829769	6
0.012074282257035	0.283833847656203	6
-0.025460984337044	0.403072613074946	130
-0.059911666948873	0.379687014697153	6
0.013327083907693	0.343898980936364	130
-0.118044432815564	0.510297056963496	551
0.077751714478585	0.310396028562363	6
0.00347482592538001	0.28835966088373	6
0.021684422902903	0.204065429409554	6
0.020573482568089	0.212131776935875	79
-0.10433736284281	0.24624931470742	21
0.103788322614776	0.18927887245009	21
0.124370954273926	0.233536698187547	21
0.00501830803733699	0.28772508062102	21
-0.075958394952574	0.308787059068222	21
-0.109459641999162	0.242818994563749	49
0.019688496008342	0.214140651371127	49
-0.095739063693801	0.22881495096526	49
-0.102889977137709	0.238400518545906	49
-0.074531229021249	1.14533969794362	13
-0.01174051599407	0.65797095496444	32
0.094738880715459	0.651021651713583	32
0.086272535457355	0.685711322993672	13
0.079570504281881	0.350660532286324	122
-0.087011114065062	0.449542485661734	122
0.108287334373444	0.532734202731227	73
0.033518635261198	0.673601416957238	73
-0.111004560375104	0.24928574573673	82
0.107613624142797	0.18868999883329	82
0.111902630152419	0.184398702083488	82
0.030100361374427	0.380199956453806	85
0.042154346763579	0.532556956293521	29
0.042061602535579	0.658836548378424	29
-0.001618379444698	0.285168623745619	28
-0.10057657313489	0.238274552759904	28
0.107021071767808	0.189730668004619	28
-0.120080549737023	0.525609535587987	12
0.08525651924473	0.123952726570493	28
-0.101347289716107	0.24016620508867	28
0.092574318126688	0.121589010675069	28
0.085733654680526	0.335533001221651	6
0.115791456774901	0.354633812679654	6
0.028876464820164	0.364579497253733	130
-0.0254095587211	0.418515350970508	6
-0.066953323807006	0.484822624890829	6
-0.086042228117242	0.453396337794398	79
0.014851023157063	0.209636745086525	79
-0.041708884215566	0.348198476287517	21
0.086915005473034	0.122358046121638	21
0.095534745745171	0.121110502077163	49
0.10873184709711	1.59642835067296	13
0.018401160692234	0.461979351499444	122
0.037438176249578	0.417927969262862	122
0.101313920969047	0.173620144740421	73
0.019688496008342	0.214140651371127	73
0.098662503758907	0.660074541390495	73
-0.020562979208839	0.710388158107588	73
0.061224872978928	0.48829508548795	73
-0.011822381411467	0.522660565904522	73
-0.055417905723647	0.379180139624417	82
0.091412740929408	0.122778214287602	82
0.092352455723547	0.125048986852886	85
0.016369126467945	0.341341903024048	85
0.106019161073989	0.383803876321317	85
-0.013194518152707	0.496296188166694	85
0.119876586733242	0.497447701759738	29
0.024196999795994	0.633683057995996	29
0.103880330179527	0.185415483935641	12
0.093069211440958	0.12223423135792	28
0.062743189589662	0.348158943873115	6
0.084267166157626	0.253271057113479	6
0.09647676885893	0.120758066909653	79
0.121439249998148	0.237598608546804	21
0.00485272624211403	0.290261959343017	69
0.09667483386662	1.96984314512927	13
0.035344678051544	0.915371369327816	13
0.121325658919652	0.507735252987689	13
-0.050887149209081	0.725456759706762	32
-0.094983678364218	0.97840761464562	13
0.103128455100313	0.717488048889499	13
0.102884062154896	0.191629592954725	73
0.00827531566430501	0.777782069637005	73
-0.064026378797811	0.870308305946736	73
-0.061870146460788	0.996588992978609	73
0.00573379565605298	0.474146867873765	174
0.108071760477326	0.18785847840567	174
0.087494943882014	0.331080878065688	82
0.00961941467296201	0.28208363276025	82
0.024477701902334	0.208830771574455	82
0.00367831016845899	0.621570666970899	85
0.085967944183069	0.236856044809343	85
-0.07052553050955	0.870790969970575	29
0.078954189479973	0.375693033445625	29
-0.066539305983052	0.93460982945861	11
-0.099666572283815	0.241890510685238	29
-0.01994274358811	0.601291135465132	12
-0.110231891392282	0.248016860367681	12
0.01455974455088	0.46484788674845	6
0.023507950954181	0.329899393655552	6
0.025513640807625	0.378507179793907	551
-0.104248366603648	0.247280677660954	551
0.081024614252278	0.258784837124612	79
0.093069211440958	0.12223423135792	69
0.10521260005214	0.191225015503045	69
-0.110098840791516	0.248270143505648	21
0.03030739766564	0.195814478022526	649
0.092128771294459	0.120108530289818	49
-0.085118526128052	0.311416934482504	49
0.094699007129776	0.838027378378217	13
-0.00605312907964895	1.11378258980602	13
0.058162182699351	0.781118644956843	13
-0.123652053805499	0.65801678023777	13
-0.002927208429088	1.03533097660393	13
0.087494943882014	0.331080878065688	13
0.10491453457032	0.641676347983506	13
-0.015567623218373	0.88566867975636	13
0.07896429664036	0.30798115846333	122
0.047077956902876	0.397265138730784	122
0.014113723320093	0.214343367348596	73
0.093069211440958	0.12223423135792	73
0.00782165685335701	0.42215705300477	73
-0.048660413895919	0.551904896519026	73
-0.017690998588818	0.410472933393683	73
0.104972865804296	0.450233655413627	174
-0.109459641999162	0.242818994563749	174
-0.029290554027818	0.565236875997179	82
0.014508446494628	0.541804707427312	11
0.049651589619669	0.497479123754697	11
-0.03068676874622	0.956361089326149	29
-0.101978735090025	0.241994454171677	29
0.117808358928179	0.498083652405935	29
0.075826872388022	0.316002398363046	29
0.00885063288202798	0.283404141613349	29
-0.08858877533779	0.455243648655831	28
0.107912443155355	0.186366517957068	28
0.028837341246388	0.554983163056009	12
0.00736554315175397	0.679720807448838	12
-0.016632511596709	0.40022569111791	12
0.06114615563323	0.444914499978227	6
0.105961071687899	0.190484230048817	6
0.095534745745171	0.121110502077163	6
0.120993433197213	0.32178778426554	130
0.094094926298728	0.118706078687127	21
0.10198044605162	0.192424234926112	21
0.087045087076538	0.245637668947967	649
0.018145267159817	0.348255690191519	649
0.103631540605373	0.189618727011766	649
-0.079118953866622	0.3141429907042	49
0.087202196313568	0.46865957170879	13
-0.047535853838469	0.966004217586861	13
0.037118236659152	0.439940722014984	122
0.070219390267505	0.317582560960459	145
-0.079980996104902	0.538094435342184	145
0.087267802654831	0.244741774859893	73
-0.110888638572225	0.866026787464126	73
-0.051732020502278	0.628678974738441	73
-0.083461901629463	0.685682755530663	73
0.102935638710695	0.399745918295233	73
-0.111307283857525	0.230849601764238	174
-0.0901864673425809	0.463659273885154	174
0.100330160122888	0.192337287990876	82
0.00150586196893598	0.25425112233941	82
-0.0140615509411181	0.56819253140273	11
0.00181458057577999	0.427268543645273	85
-0.02131248586997	0.535804259807576	11
0.025742619133922	0.529266817782603	11
0.078015209144095	0.689717775941502	29
-0.00891342246389804	0.836110020107671	29
-0.111353702098192	0.795242020601471	29
-0.080230587095815	0.543069121661594	29
0.041242264561895	0.680033997362661	11
-0.110231891392282	0.248016860367681	28
0.072539235964916	0.5536634439347	28
0.114014804761798	0.485378154653064	28
0.015185327245651	0.582961670876835	12
0.00671272662822697	0.721749621128713	12
0.08576848041998	0.121559855808552	28
-0.123018485988255	0.529830510509712	28
0.090918013244833	0.122428835263424	28
0.024123666776879	0.374028122299734	130
0.078229989959267	0.382202641986855	551
-0.0804439470951041	0.310611628262141	79
0.107169364502297	0.188643387252491	79
0.118299909714268	0.323977873119482	79
-0.017922890813538	0.521354049385864	79
-0.025495628088457	0.420672957679198	21
-0.111777649370352	0.248129602538127	69
-0.0938345218723	0.454714466384058	69
0.018067333032762	0.214500333823115	69
-0.103390579376405	0.240448226622308	649
0.100683660519682	0.80381576540113	13
0.045050755716289	0.864979364690701	13
-0.0508284962621261	0.871340517714893	13
0.062708403542329	0.842813202966843	13
0.043098966716304	0.621996283651711	13
0.042402050869224	0.919435296124194	13
0.104693227870256	0.184235537614599	122
0.111902630152419	0.184398702083488	73
0.021785426550212	0.342494830676474	73
-0.072374028963636	0.809752676244705	73
-0.064335071033919	1.14507039402714	73
0.074712317659541	0.675191912189458	73
-0.091508775367009	0.458737024993438	73
0.028535867724788	0.196859043074275	82
0.097342034579532	0.758724120210113	85
0.082043177945892	0.68659453633694	85
-0.088425197845634	0.875783718947431	11
0.111068995789428	0.538640402681261	29
0.00925983052694102	0.867740862792717	29
0.092225600383521	0.535944549806659	11
0.000661654481596996	0.280033385173104	11
0.016969617923018	0.331770277354693	28
0.085980376425502	0.12580488589805	28
0.011267468736019	0.456427828145717	6
-0.057635434839046	0.466198879997911	130
0.092352455723547	0.125048986852886	69
0.00978708930058603	0.283233343565597	21
-0.074754363385921	0.308553755487113	49
-0.08186472488787	0.317535949028756	49
0.105113447975269	0.932049959869436	13
0.003436060404786	0.838951259765531	13
0.094814562331566	0.520136441520694	13
-0.020297398266194	0.70875089011202	13
0.114521494984411	0.382731258338306	122
0.045482972526816	0.470950589037373	122
0.095541018257901	0.181402433073265	145
0.017858497488484	0.344081853335978	73
-0.077082174174773	0.788084860201938	73
0.05179132466354	0.844731228259992	73
-0.096624499756346	0.712809609615623	73
-0.090356828134504	0.301404094025867	174
0.098593572355	0.185982103388813	82
0.107021071767808	0.189730668004619	82
-0.0139938397007781	0.789007121056187	11
0.082946699791452	0.449692809373622	11
-0.1083243383028	0.872437524651296	11
0.017523722172643	0.907191220609509	29
-0.028818402431594	1.0445750260871	29
0.103365553414276	0.17525751565881	11
0.096783206272265	0.188933167584185	11
-0.079279129366331	0.316310241331307	28
-0.0434095294879721	0.35706319432943	28
0.078231425727315	0.30533266826531	28
0.016502608803498	0.585516516121188	11
0.119089465705915	0.424841943385108	28
0.08504567389839	0.123556715541549	28
0.091635389749592	0.125062886124958	28
0.092128771294459	0.120108530289818	6
0.086915005473034	0.122358046121638	130
0.108974800264008	0.185565533983717	130
0.034506005040104	0.355580131577316	79
-0.079118953866622	0.3141429907042	69
0.086194545888227	0.330911785734961	21
0.110414337099916	0.187779304343989	49
0.111317061915866	0.187990352619235	49
0.077114733559225	0.255911970099078	49
0.007311938703851	0.282518187063172	49
0.038879179888835	0.86062361428881	13
-0.12457603836686	1.27641721542477	13
-0.010035287398704	0.525375149857974	13
-0.076485138424703	0.848118228947404	32
0.108117947758185	0.4384634149642	32
0.000380857110113986	0.477976869819023	13
-0.066098360629489	0.370409887990628	122
-0.083114811751056	0.554329754981985	122
0.026657859793531	0.37362146168006	145
0.08647241766217	0.407776366659453	73
-0.00849946508299204	0.869119476882062	73
-0.027648957722527	0.981829429875897	73
0.104247413784941	0.702043040779116	73
-0.022886771960302	0.871290960029541	73
-0.069453170358905	0.693965440963429	73
0.026097663431881	0.203240399213737	174
-0.094670215306663	0.288312375873765	82
0.093069211440958	0.12223423135792	82
-0.083725028502754	0.555278770932122	82
0.025221595503163	0.413939759958125	11
-0.00760775727228902	0.770504460730305	11
0.092352455723547	0.125048986852886	11
0.100484953197498	0.192775514054758	11
0.079424587532979	0.260567075361361	28
0.121611132335906	0.400473490945793	11
-0.06301928555438	0.816972253601399	12
-0.055540771862898	0.646507765276337	28
0.095756285186876	0.120782017445107	6
-0.108281285240701	0.235973537860629	130
-0.093071983265558	0.538630178409595	130
-0.096478679319553	0.58581702376388	6
0.082376762774333	0.251850580587074	79
0.030662181148586	0.371854643395667	79
0.011138190885954	0.282467111806426	649
0.009210490186008	0.277580226054553	49
0.023742569638732	0.2109789444204	49
0.042194065752516	1.1332913774956	13
0.108274835779822	0.709849792334837	13
0.019319190367256	0.707301951227819	13
-0.118257297499281	0.667147283727537	13
0.102247376677757	0.718245651692281	13
0.001747198241769	0.667906278554193	32
-0.059149343754063	0.377861442986291	13
-0.047722133351801	0.935233649408161	13
0.115669596473423	0.688640551860704	13
0.040661029468841	0.784921650826026	13
-0.029168778914316	0.538222921261552	122
0.079551976211643	0.346702605781406	145
0.094814992493986	0.121133837036836	73
-0.094185268369385	0.467426749557708	73
0.084395319698601	0.78949665121761	73
0.020937467779517	0.553461256337694	73
-0.104016676270545	0.691182040287632	73
-0.105278008811951	0.239857666429943	82
0.123061383855974	0.286569961702516	82
0.116994579273955	0.313079529449776	82
-0.083965215721787	1.34944161186299	11
0.043342318505474	1.02647484276949	11
-0.0244458041053101	0.642855526501188	11
0.066415910702859	0.671764869264473	11
-0.092242499529962	0.460620619903688	11
-0.066509984751052	0.287593139915712	11
-0.011736042956469	0.490289698917949	11
0.109928932312406	0.382140958465532	12
0.115723329817008	0.403521144314468	28
-0.073281696735186	0.309684918422167	28
0.091635389749592	0.125062886124958	6
0.039599541554041	0.412654782201078	6
0.00622204132014798	0.342372493307427	79
-0.075807912796508	0.312759471781369	69
-0.099666572283815	0.241890510685238	69
-0.105107464173874	0.248281748462392	21
-0.076872567989941	0.318440119968235	21
0.00485272624211403	0.290261959343017	49
-0.08125219202811	1.01061545402039	32
-0.096225263804431	0.814631752360694	32
0.050904606605836	0.935113715053216	13
-0.00819145449355196	1.01302404383869	13
0.0375210837933	0.942740460879842	13
0.068804004384087	0.684952190247838	13
0.117727928912913	0.32409925927322	122
-0.040961112549269	0.878935930607787	145
0.09614715844835	0.174616411820203	73
-0.073679426066924	0.886502918726564	73
-0.0828682174566771	1.28058946275391	73
0.044177006210765	0.717885646854179	73
0.065376947801866	0.443802846374926	73
-0.090968203986994	0.758709790618698	73
-0.053045923710568	1.01392713999937	73
-0.077379991053175	0.804277943695211	73
-0.077031039461208	0.317662757779911	82
-0.024835629697845	0.405491017662617	82
0.078749055662564	0.332333750130637	82
0.043429700426436	0.355371060775636	82
0.088967811910674	0.400111471006894	11
-0.116987044226454	1.28647460503789	11
0.014113723320093	0.214343367348596	11
0.102188171215598	0.387254736187905	11
-0.00842650818831403	0.580967086189163	12
0.108071760477326	0.18785847840567	28
0.064797125349838	0.435669840225167	28
0.030633889415039	0.482503908295756	28
0.120187766796179	0.467874644087025	28
0.091708322924542	0.416490862394151	130
0.085314510123787	0.330810498698079	6
0.034401095837767	0.373992440640548	79
-0.066187169832323	0.297081416967375	21
0.034477487903525	0.372534657208163	69
0.086915005473034	0.122358046121638	21
0.020514652708646	0.336189526864507	21
0.014980847243233	0.815996434690663	32
0.12334208112388	0.353355301066815	13
0.00490606108463998	0.674812357693174	13
0.062532530588604	0.602500247852788	13
0.08114426374929	0.344060465277898	122
0.0701895400073	0.304388250699656	122
0.038418117174562	0.399644015801787	122
-0.067215316449692	0.628930870379272	122
0.059203128916694	0.462687549058205	122
0.047221594320603	0.388412274195488	145
0.12063283201433	0.553582278862776	73
0.013879020594365	0.680046539806486	73
-0.021415493694293	0.919420137603092	73
-0.044995998812732	0.659094704288471	73
0.020727263925936	0.617348755835394	73
0.10249615551757	0.662125114965754	73
-0.047346869976824	0.374914316424157	174
0.100330160122888	0.192337287990876	82
0.020185332985047	0.337460819557986	82
0.00330353106488501	0.287353655371366	82
0.01899282783193	0.591485176457412	82
0.051199907512185	0.835491379093547	11
-0.116144356715606	1.04462042169809	83
0.053403787766304	0.539469132477439	285
0.107169364502297	0.188643387252491	285
0.080980504868793	0.366272266288092	285
0.012795780879708	0.344926906763978	11
0.049368635851446	0.40011556651519	11
-0.080591147397354	0.536336430875905	11
-0.045657698179369	0.354287262922113	28
0.093292111011753	0.121566231332134	28
0.075706436777219	0.440489994563674	61
-0.0743325023796641	0.304969584172451	28
-0.028924641683979	0.684912526826177	6
-0.049387203708372	0.362577576867787	6
0.072492230400309	0.260640289807935	6
0.025951814668377	0.329368139953942	6
0.007311938703851	0.282518187063172	21
0.00841508322316098	0.278050575025018	21
0.090696400979851	0.122798470587256	21
-0.106182434761098	0.244816776765651	69
0.017144548300524	0.374850643959391	21
-0.106738597158114	0.242917777601873	21
0.018067333032762	0.214500333823115	21
-0.00136241772946499	0.427127481863935	13
-0.058889228343152	0.642090623802296	13
-0.00467286729850402	0.448818614699631	13
0.049180850527366	0.557588001220692	32
0.00191104094251399	0.603436753765037	32
-0.029869486942711	0.505209142953204	32
0.05141783527168	0.464734325853229	13
-0.022973188730644	0.528857145703132	13
-0.124912688489831	1.0489828055982	13
0.101513553036813	0.569744650792199	122
0.020592178182795	0.845676363310034	122
0.017323347647355	0.883683626430628	145
0.077342397136044	0.6431030631588	73
-0.109724992038838	1.48007904522565	73
-0.00642413429799305	0.438727287506248	73
-0.094784542565041	1.32488013537856	73
-0.115108852220766	0.518426845145661	73
-0.053767976536005	0.570374323108854	73
-0.074271621768419	0.536051345392419	73
-0.109587390609888	0.593187888742953	73
0.106600930093317	0.501218600807595	73
0.099257420772167	0.531230909693908	73
-0.082636302546113	0.925205952749726	73
0.0285594172285	0.78595110428128	73
-0.020725613092723	0.772488096771893	174
-0.120915617566097	0.807437642970434	82
0.082931648851892	0.515711155110647	82
-0.096000385304071	0.587597784438836	82
-0.00965935275414498	0.632314430958093	82
0.048239125529033	0.575438568066085	82
-0.091599528474854	0.738047759514436	82
0.099841330741223	0.735654564664456	82
-0.109195750506544	1.45667699709193	83
0.101750490408412	0.705621840503983	83
0.039246793186818	0.602368612734101	83
-0.013027829168022	0.52162516526475	83
-0.062853592217793	0.475713689891022	285
0.087674205662561	0.592429138938744	285
-0.016287577757493	0.518952530060048	11
0.051469357191651	0.560252909053196	11
0.020374288553465	0.493388463550947	11
-0.027104384286156	0.620295013243642	11
-0.078900789388536	0.545496288410708	12
0.104780927806675	0.189149018408881	12
0.047474951568586	0.564706645204665	61
0.00882771730970999	0.278695993971836	28
-0.076237208441172	0.937392431615151	6
0.025513458798075	0.205457146255742	6
0.093292111011753	0.121566231332134	6
0.092128771294459	0.120108530289818	21
0.024193882655013	0.444626157936169	69
0.02620816318968	0.3789666901068	69
-0.018861383132623	0.551689397041261	69
0.025363031958293	0.208104604223834	69
0.097196939184952	0.118153833341878	21
0.090696400979851	0.122798470587256	21
0.079563155665063	0.12249380682794	21
0.08504567389839	0.123556715541549	21
-0.0352186402852041	0.609901630562864	13
-0.034238880003802	0.413530204793413	13
-0.083439245851978	0.30668643640917	13
-0.00940428984962405	0.626848452610813	32
0.016414096399575	0.337254458063853	32
-0.108020481823555	1.2140851070359	13
-0.054658990109917	0.906725075652391	13
-0.00671586348031605	0.454328958319882	13
-0.087706269981442	1.5356847802874	32
-0.069783009762118	0.660079892484497	32
-0.0382704180499091	0.675878565242033	145
0.061215806296864	0.525348168109285	145
0.05753351421249	0.854009948564545	73
0.103272887883835	0.74658557841026	73
0.024559807576437	0.375986416553452	73
-0.023527240536653	0.496796187069646	73
-0.052312235487129	0.695529362970231	73
0.063724859714583	0.52583972534804	82
-0.025130381560815	0.740740499184374	82
0.040513094422049	0.413696552982128	82
-0.120395131827067	0.928108536812468	82
0.085324650399352	0.599765987354742	82
-0.038894082766591	0.795325531046626	83
-0.098807030430954	0.460147461245474	83
-0.097581669465487	1.06651539590144	285
0.014214916365398	0.349724461291395	285
-0.097705063597992	0.450648369903288	11
-0.074754363385921	0.308553755487113	11
0.017330832173286	0.213970944144032	28
-0.103567668952142	0.240531594537092	28
-0.00989982891209995	0.690002593371171	6
0.053140241980163	0.542249172660895	6
0.086915005473034	0.122358046121638	6
-0.101484776137713	0.230483293077563	6
-0.105018653446507	0.247296557897613	6
0.095756285186876	0.120782017445107	21
-0.090294410784505	0.458759032443032	21
-0.00552799002636095	0.450507220824826	21
0.00617238351834098	0.452905879217384	69
0.093282727560916	0.345865387140845	69
-0.016612019319363	0.395736153233811	69
0.012581806554659	0.34534476376725	208
0.09967930004399	0.115243865801675	21
-0.0343124114515671	0.751622756206992	13
-0.124715815298328	0.864194637323625	13
0.081081593018941	0.504131623674997	122
0.039745479866995	0.896131450429103	73
0.017051249576904	1.05758584290264	73
-0.01811881870879	1.60178287456872	73
0.017704863020126	0.503651642021963	73
-0.06690201357176	1.20903818300802	73
0.044801842812952	0.597672446015423	73
0.010740402700146	0.855654189220388	73
0.066556534915314	0.433572571199904	82
-0.039186689056986	0.591806318598355	82
-0.118005438669558	1.05139888629205	82
-0.039557646459205	0.646486126846663	83
-0.061378916405479	0.755943913917398	83
-0.0238064542247241	0.932739131275633	83
0.01984632180202	0.826647139794644	285
0.119012442330476	0.721857099248502	285
-0.0101192985441479	0.522556545127381	11
0.032017541456501	0.381898508461295	11
0.017971145701311	1.11563961949836	61
-0.056315425165369	1.02909569783189	6
0.093292111011753	0.121566231332134	6
0.096031458996521	0.18911985125751	6
-0.00331476814019105	0.756424750893769	21
0.015289212211567	0.208958217820589	21
-0.0780334930302991	0.96189154829687	69
0.092352455723547	0.125048986852886	21
0.101711885434372	0.493380429287633	13
-0.00307469236218205	0.26997232660481	13
-0.000197191885312975	0.911134329165263	13
-0.054411456948451	0.94100158900696	13
0.087476288643037	0.400256548827855	13
0.021356136056237	0.337432947959964	13
0.066331552771245	0.257770051105021	13
-0.000442551710732042	1.23043769690195	13
0.084334874442385	0.52287288732079	73
0.045683448251822	0.976053020406971	73
-0.025954111184692	0.682009546011955	73
-0.001372712210155	0.5347799141822	73
0.101662726136905	0.887257109502031	73
0.091946892067146	0.705400947673052	73
0.10678425500911	0.391922058410028	73
-0.083312854176219	0.797916236895511	82
0.054297447440169	0.472543623718222	237
-0.0637012992755061	1.03241666614102	82
0.032606839729352	0.910978640160497	83
-0.08110883370959	0.315729685393722	83
0.020424131595298	0.211942207610384	285
0.033041256499882	0.594079577860523	11
-0.021952906978313	0.60495412129551	11
0.011492731458872	0.279866067332768	11
-0.103390579376405	0.240448226622308	11
-0.10433736284281	0.24624931470742	12
-0.120305506241978	0.751031922820513	6
-0.100297774182362	0.238898377739395	6
-0.11304212806402	0.211236160710191	130
-0.105877973349914	0.248295887545134	21
0.08504567389839	0.123556715541549	69
0.090696400979851	0.122798470587256	69
-0.104148365285741	0.600699387116898	21
0.089567116427293	0.422836489333132	69
-0.035946805912061	0.512672879630775	13
0.014405530255508	0.21458474823811	13
-0.106001258725118	0.802088130375662	13
-0.075619183478134	0.296751194020315	13
-0.093308529017477	0.853352525182559	13
0.10125368219799	0.438906897898023	13
0.048315555231413	0.777839316981119	13
0.017151814367201	0.844140481511877	13
0.095171706891597	0.345697812103274	13
0.062667864122766	0.579521942006649	73
-0.044732546961945	1.42264246754572	73
-0.113760534093664	1.49069516291307	73
0.09924946035668	0.186167406779491	73
-0.066896879964498	0.364847324260158	73
-0.034871011822269	0.762933665625502	73
0.018006862379274	0.550866157878109	73
-0.027246671376118	0.959506508468033	82
0.070219390267505	0.317582560960459	83
-0.102995119999973	0.843789414074654	83
-0.0418926853032749	0.358141068695588	83
0.106425939567637	0.18977696608378	83
0.000946185627404006	0.894618357108214	11
-0.029795540058144	0.416247177393515	11
-0.087371846742616	0.450784200090461	285
0.019415768702232	0.327527323045091	285
-0.10279493667681	0.45468094803003	285
0.029611169623413	0.852559205279039	285
0.061557992328783	0.814560137503891	285
-0.10419001853779	0.973220162813535	285
0.108924654100922	0.18717201349137	11
0.076282808061642	0.259554507325238	28
0.068634207515978	0.73920163292511	61
0.09734311792963	0.652719968101191	61
0.020892474506709	0.65139510538662	61
0.10308592286057	0.662987267871898	61
0.108924654100922	0.18717201349137	61
0.00330912836641301	0.290533299731943	61
0.043279069755638	0.569728894268588	6
0.044482578691189	0.469922299739108	21
0.088793296364526	0.521075322826272	21
-0.061935440180267	0.484927862805431	21
-0.011140468894083	0.583758846203204	69
-0.01864202106471	0.401825978313962	69
-0.092624564434937	0.461908873408764	208
-0.00385087645945603	1.07005202115434	13
-0.057821460913874	0.878853503555557	13
-0.067272984014533	0.768524247313086	13
0.029430736125828	0.720193603430695	13
0.088188897565927	0.585276851779084	13
0.089707119074262	0.658593726996252	13
0.052120525839869	0.517503375900757	73
-0.008745295932992	0.660951905663038	73
-0.081884570560027	0.930179239048827	73
-0.09298255191269	0.962605181346834	73
0.075263715685067	0.526074337036332	73
0.091779583894589	0.659529988469028	73
-0.101634852156011	0.610327421316077	82
-0.026797381784239	0.422869728833429	82
-0.06579734685905	0.764495098260777	82
-0.101507325076896	0.840994264825571	82
0.053905446324969	0.582901826828588	82
0.121039496756128	0.541405630739637	83
0.07374694309728	0.532506362965015	83
-0.070030648777466	0.649883485770027	83
0.045458990166241	0.554984401176849	83
0.034827952055729	0.533651772575243	83
-0.077558742516732	0.686462238360648	285
0.038641472628936	0.495205844387734	11
0.018077080186992	0.340820039781042	285
0.078419267024756	0.405220205542585	11
0.011836171976765	0.345466128516652	11
-0.095362457451957	0.576315278448891	11
-0.036682878932691	0.502790992988505	11
-0.032308174134937	0.506012068813315	11
0.074668053064011	0.381978691452443	398
0.073665433734782	0.308855686036598	12
-0.062951548116077	0.578083800209919	12
0.070955269608204	0.262133371180871	61
0.073618877376807	0.264682205252238	6
-0.024534573280469	0.422655801618714	6
0.017571936107181	0.213459013662829	6
-0.0765603154365621	0.313562152213764	130
-0.0782148602031571	0.31125139752698	6
-0.082620972287787	0.317619938411069	69
0.108815095106288	0.185596438759554	69
0.081203911364754	0.258236907368302	69
0.081680401267852	0.862325990762062	13
0.103955445369043	0.778476766090119	13
0.089903948509635	0.777435508335245	13
-0.110871513622321	0.247125742542788	13
-0.031772121734403	0.498562276296689	13
0.11239338160097	0.739784996026772	13
-0.047849280872284	1.11017220583988	13
0.107214536178279	0.601500893079821	13
0.11837628975023	0.527414616457102	13
0.00894362128663601	0.468277723201132	13
-0.011941733882286	0.871645807500332	13
-0.027105638475758	1.10629026709114	32
-0.073855613874715	1.19109073187493	13
0.090696400979851	0.122798470587256	73
0.073361742452042	0.314492139252747	73
0.122138366319814	0.654934188969157	73
-0.07681393569703	1.00421955314806	73
-0.090294410784505	0.458759032443032	73
-0.103803167507025	0.608425158358657	237
0.082065351752861	0.343244537758717	82
0.008610912182756	0.986635427960874	83
0.046059985082074	0.690596330574	83
-0.0998502483823041	1.24490610514979	83
0.103473594478975	0.500461641492964	11
0.069125354570284	0.673734022759967	285
0.032739839177703	0.720678169854743	285
0.069206182500223	0.696465164971868	285
-0.011584108620015	0.916056617760637	285
0.117868973544836	0.375102299705838	285
0.085217199011823	0.377661699617193	11
-0.091983531030817	0.455220550572568	11
0.066897974035841	0.351043314832087	11
-0.001488083776507	0.600306456895805	11
-0.081847245147017	0.759281518970938	398
-0.054573447981799	0.852086842508037	12
0.00882771730970999	0.278695993971836	61
-0.0566201469226541	0.366287033294605	61
-0.098349304517178	0.596987683382384	61
-0.00390337493767001	0.668536885561889	6
-0.00597969006982801	0.436275883273465	6
0.087103761635436	0.3757212517579	6
-0.116544443000749	0.533990752257825	6
-0.097602041638478	0.456559270351823	6
-0.069766887362028	0.298147231078707	6
0.018336734941689	0.267163673258572	6
0.02114224747605	0.33813572582448	69
0.104536058582798	0.187320722594992	69
0.078025351683899	0.335395272814104	69
-0.058151210263507	0.553139042154607	208
0.070144691704259	0.262731619687357	208
0.095534745745171	0.121110502077163	208
0.067911389238418	0.723122352234616	13
-0.037521259046621	0.880343687131575	13
0.097053505162483	0.700067596055155	13
-0.10925970961019	1.15546044928643	13
0.006269076094569	0.874601590913039	13
-0.023356728010167	0.912334550364787	13
0.009855022058056	0.625729510024784	13
0.104054175308659	0.544220676001968	13
0.091023131228243	0.657111530296772	13
0.090154993224201	0.586096488005037	13
0.016100138147138	0.940554944537188	13
-0.015525315861997	0.594194410482528	13
-0.099973123223735	0.807253878350181	13
-0.059617832234858	1.09701006432635	73
0.101891572037304	0.570236011553123	73
0.078002961441537	0.593090934923524	73
0.036582676384599	0.616763934211818	73
-0.019875567783212	0.443205034596349	73
-0.018355284322128	0.584631161281244	82
-0.109666690304269	0.617325656686206	82
0.122692760197531	0.510556120618008	83
0.055510263329518	0.543938703864061	83
0.022662982143917	0.849260719359402	83
-0.080758676177126	0.759271441431182	285
0.00907999426633999	0.639530286925991	285
0.051989047407753	0.631534524899189	285
-0.02870006356828	0.829766862767479	285
0.106251898992811	0.560464088494884	285
0.029723573925575	0.600449068125573	285
0.078251022134941	0.340834760297689	11
0.084749291007525	0.250613243405404	11
0.098862360388918	0.466324518609784	398
0.039459674592406	0.404219609429413	11
-0.00205194822226695	0.589287873444321	398
-0.044815002498356	0.609938220138647	28
-0.00873080318084896	0.454662122478494	28
-0.00196872598764397	0.440740522041581	6
-0.041984592791916	0.796736716026103	6
0.092233318043462	0.448565640911972	6
0.110340649636162	0.323939564961997	6
-0.098102315839526	0.445585042687115	69
-0.071020078945226	0.311682276408831	69
-0.116056362022433	0.499150945350192	69
-0.117354794301805	0.508761491114374	69
0.023007073924632	0.211714784764112	208
-0.103478487420466	0.245263850016126	324
0.110232956672658	0.556998673078201	13
0.11640304802582	0.646893156912126	13
0.046375449587494	1.28832237445325	13
0.089422656228045	0.669266318523404	13
-0.003283812207308	0.788413205310029	13
0.11715996512429	0.900615999031372	13
-0.106268841350618	1.2800576120168	13
0.00552609611133498	0.697459269780253	13
0.03468730974673	0.703743397657736	13
-0.081740939531524	0.784660308755014	13
0.082617860712037	0.765052073681781	13
-0.024805222285089	0.799367442421366	13
-0.00652648519763899	0.647227930811912	13
-0.017965544663019	0.818611361345976	13
-0.110479647045867	0.996392330154582	13
-0.056609194815346	1.18680338352109	13
0.092316155045859	0.678460563901552	122
-0.071587917139218	0.690517153989623	73
0.06678329557653	0.672099802420182	73
-0.059773158678359	0.914081675554297	73
0.066875494644098	0.641764581182872	73
0.098002216288511	0.53229505871448	73
0.03930403424247	0.860508595890136	73
0.072084634305032	0.717480178345126	73
0.104328562613807	0.644252014368995	73
-0.081141457334645	1.09495911167701	73
0.095335507029924	0.722398478725524	73
-0.117768813724048	1.02739254267358	73
0.086357441846872	0.452348884186442	73
0.093000032020043	0.455767875683275	82
0.089939410144549	0.449884059530585	82
0.061628491524956	0.641471653846397	82
0.037952405867714	0.683943721174256	82
0.017432793166476	0.644270097662455	83
0.032944976696792	0.697278138205861	83
-0.0306654250120449	0.767898182558297	83
-0.065589473184396	0.635379667542763	83
0.087350658122406	0.469032711301549	83
0.082099992963369	0.515297351323393	285
0.027269179876562	0.815525937530314	285
0.00264714673930899	0.7281671776589	285
0.087659187707932	0.493251240958737	285
-0.119953057484455	0.975824710153589	285
0.059326255405424	0.521474776907989	11
-0.075168151369544	0.627624182916392	11
0.072331244558979	0.383429693261927	11
0.094655395409282	0.38703230561702	11
-0.00886034495595201	0.444643050662015	11
-0.0400050644384931	0.594926512742614	398
-0.072131054196554	1.01130801629406	398
-0.06151315214015	0.556601487110083	6
0.01105537450001	0.346947544311431	6
0.024715350174127	0.382219052338582	6
-0.107687467496812	0.430137218333221	69
0.113807934079677	0.285089383257361	69
0.072602509096052	0.311686144101746	69
-0.106953668180011	0.243708788176915	69
-0.051960031330784	0.558111245847351	208
-0.0909205735292899	0.462754767042625	208
0.093069211440958	0.12223423135792	208
0.093069211440958	0.12223423135792	324
-0.075357801759889	0.297555088775866	324
0.097359574422268	0.798826603169882	13
0.00272944527661001	1.01499421984313	13
0.025147322335616	0.956131077283613	13
0.065647796660819	0.895906445180214	13
0.091023860960162	0.767125091858434	13
0.117836611170978	0.580185242160567	13
-0.074428876418723	1.16975589850592	13
-0.107819650661271	1.2239307729338	13
-0.069394146481919	0.61502558473437	13
0.072772560264451	0.614993603793307	13
0.049948394161097	0.930134422989508	13
0.031372331879899	0.411051399414687	73
0.080243818351804	0.380695291944265	73
0.101232874844203	0.193169112263054	73
0.072688520171343	0.645572427988517	73
0.10578237124251	0.670352502478584	73
0.096802175657858	0.504855873445755	73
0.024628037486991	0.210240612003072	73
-0.119722891811313	0.533877862441069	82
0.028693521479483	0.598363338553522	83
-0.01212430904395	0.74762044401422	83
-0.116841368428822	0.658760060091266	83
0.122662089299742	0.600774540293226	285
-0.10126435791952	1.04265574797572	285
0.000261021728874988	0.287051519627813	11
-0.051976663638488	0.564464777250672	11
0.100460195682577	0.411270284530691	398
0.113030972856827	0.462635145789138	398
-0.015635570424388	0.801626345388055	398
0.059462222599796	0.547293038848356	398
0.110572137326542	0.188160594783897	61
0.013556832467786	0.563584258770221	28
-0.084411762764031	0.719345871500367	28
-0.056119367232923	0.537596446462704	28
0.007311938703851	0.282518187063172	6
-0.00865952868495601	0.435335724911928	69
0.017330832173286	0.213970944144032	69
0.029573048615515	0.197677817323041	208
0.007932835827622	0.211041628115621	21
-0.054128347468838	0.359650671974879	21
-0.087259482814694	2.2832611667801	13
0.090380044097225	1.12471472065027	13
0.020023501694064	0.993125887361208	13
0.082039829660414	0.810654640079573	13
0.100726716917294	0.801860097656729	13
0.074949692336642	0.773681231018837	13
0.06929123634122	0.701802909125868	13
0.086795325950147	0.775937690259965	13
0.060884648493041	0.663077918718713	13
0.092497930567146	0.698685069251395	13
0.044882723736733	0.830966467108362	13
0.099568790986342	0.607314415330882	13
-0.00313028768798695	0.437356735410213	13
-0.042044462330071	0.519856108217249	13
0.033225459954185	0.789261953817791	13
0.047038142299059	0.784986331993478	13
0.06241119158172	0.780926639022126	13
0.109225663118355	0.323546370985201	13
-0.034107921817391	0.496901703785126	122
0.079043912580012	0.447796495624935	122
-0.00311267055987596	0.448271443291878	122
0.082785968886023	0.258102530947643	73
0.097534599526525	0.187414568861171	73
-0.10519754281808	0.240971464370951	73
-0.092563252940137	0.455498729553063	73
0.074863140100579	0.561207258681068	73
-0.115356053255406	1.23969981503541	73
-0.023202067394742	1.0112834614228	73
0.096650489516764	0.534547495462001	73
-0.00403735660517401	0.494072317432938	73
0.118911427858633	0.467160687846517	73
-0.0748568384702421	0.293881437271768	73
0.013177379768783	0.276979203113827	73
0.071671497627861	0.316004963521618	237
0.096254186329744	0.118495473551821	82
-0.079118953866622	0.3141429907042	82
-0.023292797707224	1.02991149881655	83
0.032896134206427	0.551479143202256	83
0.050921291737721	0.387513712579647	83
0.107678428760277	0.631709896938542	285
0.078996682348428	0.476946661516595	11
-0.00807743055281796	0.557747662688639	398
0.104984432760119	0.413686399486607	398
0.077177957136264	0.532220434623542	398
-0.001618379444698	0.285168623745619	61
0.085980376425502	0.12580488589805	61
0.095612353372985	0.352993819638759	6
0.121312755180848	0.306981411444145	6
-0.00690162925840199	0.439825021390503	6
0.119819465927053	0.318040771472464	6
0.074095738100647	0.261795869838451	69
-0.108422296333904	0.240275278025828	69
-0.118313963606022	0.531292641891883	69
0.018216132862307	0.214354093334262	69
0.012723806400291	0.346880338971912	208
0.111317061915866	0.187990352619235	324
-0.026767085162286	1.96748499922612	13
0.120926738175955	0.80822906212524	13
0.089698980021183	0.8886501580359	13
0.044446834296386	0.951544447664468	13
0.00846381842517502	0.837203593162454	13
0.055619242850184	0.453822651528789	13
-0.069705440038569	0.602436852681446	73
0.00972954536217302	0.649745670781916	73
0.122789198684775	0.342246963680222	73
-0.056215144135058	1.1442918568021	73
-0.030852428955046	0.851571089301889	73
0.0817385223345	0.773965432424993	73
0.119790632885302	0.676175970311713	73
0.078961641925551	0.305327414872299	237
0.017165762076883	0.330486042961653	11
0.113416658322056	0.516311518421244	11
0.029961152356474	0.809870253180552	83
-0.032981286674281	1.25637933649488	83
0.057424221775336	0.896467667912425	83
-0.0913263201048809	0.758411228784082	83
-0.031879512985847	0.985435265957113	83
-0.066772942179432	0.995460023585911	83
-0.011844847095433	0.892342016576439	11
0.02343248575694	0.899130940335831	285
0.000491861482778022	0.433209249696766	11
-0.084561901140648	0.533227118119754	11
-0.039255188801127	0.66605987789796	11
0.047898139772878	0.559682822417987	11
-0.119489793615638	0.926159546072551	11
0.081226136514892	0.505002243249218	28
0.027592923114359	0.412860333858178	61
-0.081378953651525	0.551437786714393	61
-0.094415299956648	0.440935817367293	28
-0.053644905324547	0.675479681926754	28
0.110268166315466	0.319727423680997	28
-0.050388427572524	0.368629901393238	28
0.00755667816697603	0.478402478691533	6
-0.00257088982543596	0.438416253898928	6
0.019046335475057	0.211616204335199	69
-0.105018653446507	0.247296557897613	69
-0.082330410315442	0.61364749413709	69
0.091412740929408	0.122778214287602	21
0.014072004337729	0.341064490129844	208
-0.096861645263045	0.461052663343776	324
0.019101393994772	0.212350476617034	324
0.00128827865946002	2.1481198043972	13
0.05378291307693	1.86762671588463	13
0.097461934895124	0.960839234284846	13
0.098789507381932	0.72831998337587	13
-0.012021447642133	0.529498117799731	13
0.10256654279458	0.185689934812527	73
0.023007073924632	0.211714784764112	83
-0.080195750301145	0.317467856619979	83
-0.07806617992131	0.310779020522935	11
-0.00779915337894099	1.1776023162231	83
0.00815946688181002	1.11677234539417	83
0.074935636054658	0.379467824809666	83
0.045926575815634	0.692355148884039	83
0.070628282702485	0.854118670159273	83
0.113070542065266	0.440561273013325	83
0.039530673518313	0.418160826513294	83
0.075488637199553	0.842399125748273	285
0.109826864699508	0.187375349525914	11
0.080233828854492	0.296026595878253	11
-0.081660355309123	0.918184787786277	398
-0.076481421278455	0.631734739066932	28
-0.100297774182362	0.238898377739395	61
0.111475244655921	0.186468662315368	28
0.111408445459897	0.44376439247684	28
0.023029037032498	0.683688029084022	28
0.121360524658985	0.399438034255593	28
-0.111004560375104	0.24928574573673	28
0.079006104793858	0.255177842255174	6
-0.083041259280322	0.620300286049159	69
0.015523994082823	0.524484057481778	69
-0.025627640604789	0.554746503226737	69
-0.002190004367851	0.447376815257026	208
-0.045768247800602	0.457747054737932	21
0.106584051344668	0.189155446218329	21
0.00275721342338298	2.490746298588	13
0.085695094245586	1.50044566960628	13
0.056375994450601	0.549117213881635	13
-0.109813108919401	1.04784221897122	13
0.05064177155157	0.872328584215172	13
-0.00917097954357604	0.909892396539962	13
-0.118747797303765	0.510276568991414	150
0.00867239916255203	0.209992048188953	150
-0.091275703157631	0.299973092854915	150
-0.105967865973031	0.242891785761604	73
0.106425939567637	0.18977696608378	73
0.037783447456349	0.867959117965529	73
0.01366044291529	0.947103548864267	73
-0.0870283743882611	0.603523855283914	73
-0.114457351195419	0.606777296817836	73
0.095127501749593	0.188373738879645	73
-0.079876263581949	0.31423159589641	237
-0.052030240059213	0.369019759579846	83
-0.07714496179507	0.296993315653039	11
-0.053688720637964	1.38334036573044	83
0.111220673306021	0.770206336958646	83
0.094046670227873	0.395560711799245	83
-0.036381465584661	1.13905405722911	83
0.024495956553634	0.931066959236726	83
-0.102118424243639	0.240196375235319	11
0.119061814701543	0.287204751626448	11
-0.030420678238701	0.691842453263411	398
-0.042834339892478	0.362665895172994	28
-0.111138202722565	0.24274818901528	61
-0.092252626297183	0.436665054539103	28
-0.109318555263141	0.71261679687626	6
-0.013027829168022	0.52162516526475	6
0.018952496543016	0.214889758599387	6
0.07208161020984	0.263884904672983	6
0.091412740929408	0.122778214287602	21
0.015479489379106	0.32756086879149	208
-0.103567668952142	0.240531594537092	208
0.015400791091307	2.1330428781886	13
-0.022637948722956	1.26442626925763	13
-0.02038940847133	1.06919432843753	13
0.02765973921731	0.383089989385086	13
0.030755164613513	0.81038636421948	13
0.101361209559271	0.833663659761353	13
-0.037494045153363	0.509054095955508	73
0.105079643234845	0.52993435388214	73
0.053412013448826	0.559838757268858	73
-0.070880356691667	0.512266600382699	73
-0.05617910836953	0.378462203845871	73
-0.101207596303476	0.243882027133499	83
0.115352289486191	0.602393073809602	83
0.029544080302284	1.1015810110875	83
0.064679493566088	1.04813590500424	83
0.06140164422235	0.89261002399608	83
0.121917150180982	0.611387930360453	11
0.087092319587563	0.820244977922775	285
0.079440526100399	0.311343839098881	11
0.016687699913269	0.209836142889791	11
-0.08110883370959	0.315729685393722	11
-0.0489952025209059	0.367188325650852	11
0.013521801337319	0.216603883174242	11
-0.031175110149591	0.576621924661775	11
0.068628428898713	0.728102745259152	398
-0.035239084912233	0.95736278362069	398
-0.0611055480612041	0.751949246872907	398
-0.081022159393001	0.691217084203711	398
0.013886686804353	0.330121585468336	61
0.078863780306267	0.48493221803199	28
-0.060287648233495	0.714444197281727	28
0.055374161096001	0.449593972345302	6
0.102776644062277	0.388310067453228	6
0.107288322697004	0.177185062409278	6
0.091412740929408	0.122778214287602	69
-0.086538029238364	0.456786646548533	69
0.028019059441037	0.370250387823118	69
0.086703917166644	0.123702559230249	21
0.077754704149459	0.30965139629443	208
-0.00469676930055296	0.447743577622677	21
0.062025531800861	1.91748680800593	13
0.045212711523158	0.563462159202732	13
-0.101115247316155	1.55262023808764	13
0.098586924434058	0.7732426464029	13
0.080920081926073	0.621628574579371	13
-0.120021786275941	0.860873573327629	13
-0.082790848474518	0.517836942232305	13
-0.090486001211624	1.07823273704645	13
0.11174712631148	0.181377320604383	73
-0.029765688928706	0.419828167944307	73
0.024778239070168	0.20615906487657	73
0.074137745835514	0.316174312570939	150
-0.032335228453072	0.998704159143233	73
-0.017581722452329	0.899124247900417	73
0.084374228901139	0.345302249865558	73
0.005958510851649	0.284214537292368	73
0.083501919396224	0.256137201018985	237
0.101824437721679	0.189606016916962	237
0.092352455723547	0.125048986852886	83
0.079363200106317	0.120258923170008	83
-0.12125979359033	0.740107471078484	83
-0.084705320579448	0.442870289644822	83
-0.005926488653481	0.830870348989486	11
0.109989145455127	0.582138302221262	285
0.076705556164153	0.254300142581803	11
-0.088247310115546	0.450255103911715	11
0.081791464910047	0.520956648108234	11
-0.0477710577757831	0.836017305942116	398
0.00858781451267898	0.413426798645015	398
0.087639281335227	0.120398139160621	61
0.00961941467296201	0.28208363276025	61
0.081522852528764	0.369879566256483	6
0.112653089479209	0.177671821719739	6
-0.025447082706044	0.393842855132985	69
0.043945390675928	0.360231208398637	69
0.09967930004399	0.115243865801675	21
0.092352455723547	0.125048986852886	208
0.011304263743282	0.281456999837786	208
0.079006104793858	0.255177842255174	21
0.022420872727049	0.208576777785622	21
0.021031884536567	1.17493634516295	13
0.120236637233972	0.63115745365881	13
-0.017766866898251	0.830878431788492	13
0.072968231025077	0.705595485124927	13
0.109548549278074	0.744790499271091	13
0.023293450892556	0.331673092242178	150
0.094975418123592	0.184657831510703	73
-0.066631122907505	0.586996744882284	73
0.089162047737208	0.242815727378212	73
0.018899169177734	0.203647966410633	73
0.097905313458983	0.558589123822827	73
-0.059591402993747	0.568277102682748	73
-0.0486373280606039	0.707189730873851	73
-0.047831222337372	0.459141364856246	73
0.025267897325551	0.490217313778457	237
0.120135949197141	0.285434310912105	73
0.024477701902334	0.208830771574455	73
0.102413069041706	0.185779736125652	237
-0.054240609715229	0.463092956412892	237
0.095400847286466	0.790190461677892	83
0.053876828326266	0.811493275556654	83
-0.062734331074942	0.725684906031054	83
0.031014406379031	0.569585566229817	83
0.120621036499708	0.285248900119622	83
-0.026176446466439	0.40377113067322	11
0.120725520508455	0.277249484368563	11
0.012830163996867	0.749821488873749	398
0.034065310066895	0.380581121925634	398
0.086703917166644	0.123702559230249	61
0.091555296063917	0.488408268231047	28
0.052178585739343	0.584336154959222	28
-0.10498454512271	0.888390915580018	28
-0.112684791601563	0.242878987150265	28
0.112220426381262	0.186296723764712	28
0.111688245941471	0.412382616702714	6
-0.014217593654357	0.529082519154322	6
0.114345253965797	0.384616042909417	6
0.040026515944003	0.412288154671892	6
0.011312975719031	0.343060204417741	6
-0.101207596303476	0.243882027133499	6
-0.019731715976799	0.39841456381816	21
0.065597684802039	0.313015548726549	21
-0.0223528753864	0.409054193496387	21
-0.041682801672851	1.11684335690828	13
0.107100667531944	0.741676053426528	13
0.102314221965812	0.576831903027437	13
0.064291110482108	0.416393252863216	13
0.11390059238766	0.663289872180365	13
0.078212480137591	0.348792897167834	13
-0.0663165087654351	0.471853746539115	73
0.084406284913694	0.118370089377594	150
0.021159902967188	1.01976183858863	73
-0.114854343019728	0.515398157423679	237
0.106116515875357	0.19145585023457	237
0.095756285186876	0.120782017445107	83
-0.120909032049626	1.11298942229068	83
0.016378365802533	0.56844602280872	83
0.010090329296884	0.348380238213984	83
-0.056252975882771	0.384153428894406	11
0.027952320445846	0.201621212551385	11
0.03713428877518	0.36862092599584	11
0.078284565940241	0.342171365105342	11
0.116047127240444	0.178363845060776	61
0.091412740929408	0.122778214287602	28
0.107021071767808	0.189730668004619	28
-0.10919413321852	0.241459388014984	28
0.081348070760157	0.327754078873357	6
-0.104596945907451	0.593009784995485	6
0.092352455723547	0.125048986852886	69
-0.051482467569466	0.35441252867504	69
0.102548301002	0.18239084085684	21
-0.00145367256797302	0.285800281816926	208
0.018067333032762	0.214500333823115	208
-0.086200819703575	0.556219698443228	21
-0.10519754281808	0.240971464370951	21
0.043367392880567	0.96206399023948	13
0.084600784416987	0.717416660036228	13
0.00361587697303301	0.536394681309116	13
0.036799057320602	0.945092331996582	13
0.088913140122446	0.332671719558355	73
-0.0870387592630521	0.551216108596409	73
-0.042818704344384	1.06897975181869	73
-0.030018149355905	1.08203442033152	73
0.020143048634079	0.856160113535396	73
0.022005771273977	0.804256089735369	73
0.040843032123283	0.684844686245716	73
0.01396652603207	0.269302780236362	73
0.090669978253991	0.425307633107751	73
0.07894380404966	0.444066994615719	237
0.074896038186157	0.390402564243694	237
-0.077031039461208	0.317662757779911	237
0.102884062154896	0.191629592954725	83
-0.00209554926236	0.180583304857042	83
-0.072010456047261	0.905554092329658	83
-0.108729933846398	1.10240015529991	83
-0.090368890963021	1.18702760487451	83
0.016895939292292	0.344254852953298	83
-0.107751033651554	0.505353838049661	83
-0.077313071041017	0.312924340256403	11
0.091453408903291	0.384496629572701	11
-0.057754061655778	0.69912872831406	398
0.049481797365422	0.453259719931585	398
0.120957401331496	0.346750441412425	61
0.012638026835926	0.216209387057835	28
0.084318802547133	0.251425114873806	28
0.079756262851124	0.478640710529102	28
-0.033011142008439	0.486322034001529	6
0.081644912491777	0.346567122254837	6
0.014259693803074	0.216485010321711	69
-0.00245121165122997	0.446246588341578	69
0.077765520131542	0.352164097263898	69
0.071902706706725	0.264439991618527	208
-0.080195750301145	0.317467856619979	581
0.073221821290401	0.956430138111299	13
-0.115127765596548	0.771381183444119	13
-0.024988004950658	0.39568666159278	73
-0.049662822614212	0.370379302945487	73
0.022193789077647	0.204526005200629	73
0.099553184114341	0.384685609316774	73
-0.00200538729873301	0.612939772956012	73
0.048360674255021	0.778535004633732	73
-0.025915052376584	0.714660894864213	73
-0.09023363565375	0.758933158360587	73
0.087267802654831	0.244741774859893	237
0.017182131154813	0.210120401667664	237
-0.102709015492645	0.239592499387889	83
0.036618140175596	0.375274296588229	83
0.100014986485904	0.711819967063871	83
0.012837517035505	0.89408894992876	83
-0.00608664467006503	0.634344187373226	83
0.115636784923773	0.457390380604242	83
-0.083199061454075	0.554009434480406	83
0.09312146189102	0.175450804745474	11
0.113647166780435	0.40435959548564	11
0.105114521662609	0.663225100916856	398
0.045373422587351	0.72563833893098	398
0.019539242092686	0.211573977492915	61
0.119556374583014	0.321007572544758	28
0.031514338283291	0.539588613024421	28
-0.032924893737889	0.416118919701175	6
-0.074926716283906	0.723027960703776	6
0.100270226198764	0.357276431150363	6
-0.059323178906443	0.653133100111594	6
0.118117153151533	0.346107185697587	6
-0.063540671105269	0.486580503708892	69
0.093069211440958	0.12223423135792	69
0.018803469560169	0.213755792718274	208
0.094814992493986	0.121133837036836	21
0.033731847301474	0.412857385348165	21
0.092378870186671	0.826684193542601	13
0.048146736099864	1.09890696716892	13
0.075418451321665	0.851312331279258	13
0.047741119641681	0.643057852655265	13
-0.015930720159839	1.0057536774536	13
0.12075829699213	0.436964440495647	13
0.039498601568145	0.854261441368575	13
0.017425221617308	0.209709733648397	73
0.122710147125569	0.337610117706747	73
0.019021761856786	0.461888586699174	73
-0.108554753610459	0.241854685904346	73
-0.11202288228918	0.605516898357663	73
0.12312534069141	0.586127379262621	73
0.081620529705606	0.687922362150621	73
-0.084682385463192	0.559388640230216	73
0.021570396350796	0.333531652351683	237
-0.074152704555539	0.309306708140621	237
-0.0843577329338629	0.310381182683932	237
0.018162377926133	0.208064006146674	83
0.029438188756495	0.374108090945569	83
0.071618224095164	0.729273407416978	83
0.049742924925584	0.762886426441496	83
0.011096530426735	0.343050957926823	83
0.075613098828019	0.621153580031865	83
0.051812100314973	0.750622192488055	83
-0.062590099505848	0.749847909114627	83
-0.053872815349281	0.870684753828398	83
0.094224188407438	0.184847349056705	11
-0.065150299854058	0.373952928961831	11
-0.000783109534207016	0.43961577276469	11
0.076401117947537	0.26487944432294	11
-0.119801859806753	0.795146258440546	11
-0.11790606765451	0.812677109166117	11
0.059929511203137	0.689963430712097	398
-0.00192790374988505	0.44515785403822	398
0.017024015144623	0.276229269680392	61
0.111902630152419	0.184398702083488	61
0.010399049626269	0.333490465548449	61
0.08450482859332	0.393022995688739	28
-0.075384032255982	0.515137612185338	6
0.042804194352486	0.422191602830364	6
0.088189205147884	0.369854134178596	6
-0.000514630517517989	0.43710254550246	6
0.102884062154896	0.191629592954725	6
0.083131145777667	0.359908150428314	6
-0.054316341570356	0.556073980445755	69
-0.050814702793304	0.382135871375684	21
0.079632590942631	0.303848444999904	21
-0.105967865973031	0.242891785761604	21
-0.056544747054174	0.378920479621976	21
-0.0765603154365621	0.313562152213764	21
0.056269683371502	1.18797297869578	13
0.043154629588048	1.23438978382715	13
0.122816175789004	0.791784314097512	13
-0.0871605821764601	1.44779915105793	13
0.027541533348514	0.79401728409353	13
0.110683322819252	0.618978179091662	13
-0.046566110170677	0.964010800975757	13
0.011815091971778	0.944281606572877	13
0.0447527665329	0.46737218470053	13
-0.072191687431026	1.15119070624731	13
0.109826864699508	0.187375349525914	150
0.084680813838203	0.441602814875903	73
0.079592304572294	0.251836038622513	150
-0.0295301265117039	0.422938854555717	73
0.038018308901335	0.782371660463806	73
0.024502297720466	0.529529918070504	73
0.070211161769186	0.288710601865338	237
0.086915005473034	0.122358046121638	237
0.096476817283788	0.179546149424651	83
-0.102839842188326	0.696835327076241	83
-0.084535651880792	1.18217559051076	83
0.103417038042111	0.52935056328388	83
0.124951995598728	0.568386853820003	83
-0.032354116233458	0.570419601906146	83
0.08217045080983	0.29853696222078	11
0.016414096399575	0.337254458063853	11
-0.066865748228894	0.900342802539828	398
-0.08186472488787	0.317535949028756	61
0.106741946190739	0.186087384666236	28
0.00961941467296201	0.28208363276025	28
-0.073987141912583	0.535035262582198	28
0.087173709261248	0.405276906396582	6
-0.055350091057079	0.371724596171569	6
0.036554483674406	0.368869519720213	69
0.104193584001221	0.187243327673913	21
-0.077313071041017	0.312924340256403	21
-0.105107464173874	0.248281748462392	581
0.098695578152805	1.03314259445856	13
0.091615949891033	0.971228304984493	13
0.003959907078462	1.01436781771535	13
0.119097299005351	0.41584335896808	13
0.028928719295436	0.471415112193733	150
-0.055072945313062	0.643891907861938	150
-0.050783100865808	0.551928810600945	73
-0.10433736284281	0.24624931470742	73
0.047997417761612	0.668392086469151	73
0.093420358322167	0.532280952352382	73
-0.099060421489332	0.670672629692631	237
-0.046669905196943	0.371444541945617	237
0.00734082984984602	0.282232410152633	83
0.055275216802658	0.427445394728319	83
-0.00519641071118904	1.04897520443135	83
-0.0999968605789831	1.11901337463231	83
-0.019349876774225	0.415198492165517	83
-0.003230207921463	0.91251211344915	83
-0.082714795143686	1.00202955459585	83
0.030659675885324	0.78287908559796	11
0.054297447440169	0.472543623718222	11
-0.086151600596451	0.442441884296485	11
0.075042660496192	0.382940988604796	11
-0.105107464173874	0.248281748462392	61
0.077684178186303	0.438750887246499	28
-0.074217518044394	0.696596649095166	28
-0.077676087045931	0.639955726347901	28
0.0120449179133	0.210710909188342	28
-0.104248366603648	0.247280677660954	28
0.105839676225759	0.18837377358498	28
0.109203117857495	0.352353352609259	6
0.015742617838819	0.495662284088968	6
0.029369237553785	0.321249493375197	6
0.069374514069854	0.262291104658337	69
0.00441323361039803	0.286264532748022	69
-0.116766388805438	0.242301528417838	21
-0.076667329739305	1.07358413416035	13
0.087260031273156	0.709900413131304	13
0.041360746972414	1.0178618264343	13
0.017919627415038	0.983774565060055	13
-0.017327164288286	0.60173888170006	13
-0.118220776770387	0.781008497723453	73
-0.019800065046277	0.476358016766178	73
0.095534745745171	0.121110502077163	73
0.010293554220076	0.20632892971753	73
0.11696589461126	0.680154581160321	73
-0.108746017787432	1.06961527984159	73
0.107169364502297	0.188643387252491	237
-0.026443436374611	0.413310851268817	237
0.082091321311257	0.347332310201408	83
0.124158793133114	0.627992520854125	83
-0.104371378979868	0.676533109987102	83
0.099842803209988	0.416729990060105	83
0.009446092397353	0.288073631417937	11
0.081838770930963	0.256946420715044	11
0.110176007284917	0.554616604450764	398
-0.038682688697683	0.918092633337866	71
0.100484953197498	0.192775514054758	61
0.026902376128733	0.378256507150984	28
-0.083937862331757	0.525003846983798	28
0.018067333032762	0.214500333823115	28
-0.05552545367331	0.566147085516052	28
0.076801829813656	0.420382010974206	6
-0.031664120177794	0.505718964492308	6
0.018361241978426	0.344672295269572	6
0.011899629509923	0.214720996260278	69
0.034065310066895	0.380581121925634	69
0.085231659761259	0.333218573544092	69
0.080248042536105	0.304469957240114	69
0.019101393994772	0.212350476617034	21
-0.099527467641598	0.238866436666662	21
0.054541789549852	1.42796121071032	13
0.096754895125435	1.053572384295	13
0.097792109011681	1.05003116444678	13
0.00775764708766702	1.23942639712695	13
-0.08110883370959	0.315729685393722	13
0.05407278096317	0.527869026333499	13
0.020592698205009	1.16384318098544	13
-0.061041937128836	0.578779301068448	13
-0.124252240944805	0.544611951605333	13
0.00779024955787999	0.20602020655885	73
0.090824233022284	0.119598427580517	73
-0.076958479486978	0.708277780845545	73
-0.096800846274113	1.00146181757076	73
-0.101347289716107	0.24016620508867	237
0.013758838249878	0.279023908539832	237
0.039599541554041	0.412654782201078	83
0.092352455723547	0.125048986852886	83
0.041135616609263	0.369241206626185	83
0.026430735505019	0.676624081089609	83
0.100042092029542	0.644146223384457	83
0.042258290098331	0.735517429719001	83
-0.046676075823494	0.841508984914096	11
0.075812155702832	0.265943678101701	11
0.114064645349535	0.32502597471957	11
0.121159453379534	0.476423779005742	398
0.107210396524629	0.546865085409293	71
-0.022108000093056	0.406634678112099	28
0.10745683446914	0.457685367386061	28
0.019250161067686	0.205019429237856	28
0.106267611888598	0.187859993743685	28
0.092352455723547	0.125048986852886	28
0.117175911379488	0.382103389558722	28
-0.105585272350276	0.618031328515154	6
0.028781296588456	0.378321007709846	6
0.01747940462895	0.212399828881235	21
0.056850586232752	1.40628568259742	13
0.039867299586888	1.26023593368631	13
0.104637993159982	0.821584967997735	13
0.052752364405637	0.683167145588798	13
-0.030118708659546	0.419002734937566	13
0.018977328454327	0.556694697346687	13
0.107337917243218	0.719501266999522	75
0.093038169864156	0.6888526026455	13
-0.116180877777879	0.858924777243152	13
0.007418818049992	0.475915314558827	73
0.034282431663557	0.553599644841004	73
-0.07077589407153	0.96049118833401	73
0.000396086958930009	0.616911807143349	73
0.079167118263683	0.337040003833512	73
-0.079526154352441	0.520931069788274	73
-0.109459641999162	0.242818994563749	237
0.116380055272335	0.662083286682956	83
0.123061383855974	0.286569961702516	83
-0.010195041365614	0.849009612854632	11
0.111000031608951	0.181206391086945	11
0.080751081387066	0.349920220197258	11
-0.087928227886323	0.755308625802928	11
0.11564133721425	0.535938392824541	71
0.020585121696312	0.843971081262483	28
0.083141855899349	0.247639290786796	61
-0.011353781974452	0.608615236196537	28
0.090770885418081	0.362276373044758	28
-0.0311007987534	0.578624484343258	28
-0.00398018107206199	0.56104910203197	6
-0.050982811341958	0.471011823115822	6
-0.027522017028024	0.410293907905386	6
0.013780378546434	0.283800014981651	21
0.084267166157626	0.253271057113479	21
-0.076872567989941	0.318440119968235	21
-0.119596128793815	0.531552138445051	21
0.053725567110416	0.949775383092572	13
0.029462313242942	0.781335033092732	13
0.072617470256155	0.717384797961791	13
-0.055850952434666	1.06787203147527	13
0.122315034225891	0.731508711238079	13
-0.08751918374318	1.16915403558543	13
0.029557275710898	0.365611074228338	13
0.110869877161947	0.418621947273283	75
0.116205558302703	0.178740309156229	73
0.101718473754344	0.39007113665327	73
0.011142598386558	0.255846782215674	73
0.112384813441679	0.35754353662297	73
0.112729446873234	0.425423249691146	73
0.095848751314781	0.719882272126051	73
0.062884689856461	0.257071259726937	83
0.075613814128442	0.500919570883229	71
0.044125831428103	0.57131601965287	71
0.057517937081641	0.654371622221021	83
0.038538898399856	0.742944616265429	83
-0.071020078945226	0.311682276408831	83
0.082009812484462	0.540406369623224	83
0.078116049816109	0.265413071986718	84
0.014382073336811	0.283413986070613	11
0.035656563196131	0.598721813801376	71
-0.031496419098116	0.783974299589892	28
0.00518566370068702	0.288248610893715	28
0.00391490930383798	0.288130624211606	61
-0.103390579376405	0.240448226622308	61
0.094814992493986	0.121133837036836	28
0.112162507805274	0.327827055439903	6
-0.018480139552003	0.522877997775956	6
-0.002190004367851	0.447376815257026	69
-0.023035021753397	0.419464493698964	69
0.091412740929408	0.122778214287602	69
0.090918013244833	0.122428835263424	508
0.076065360871145	0.313304559371731	21
0.086915005473034	0.122358046121638	21
0.073618877376807	0.264682205252238	21
0.105682168044272	0.18994603125229	21
0.00885063288202798	0.283404141613349	21
-0.111004560375104	0.24928574573673	7
0.06860202379633	1.1021208554508	13
0.051499251458669	1.10526364517655	13
0.101193321300907	0.731093355941172	13
0.110565031086727	0.500579743050373	75
-0.051758701385606	0.385087061631314	75
0.109669669498021	0.187949854344194	73
0.084995792118304	0.367271547425338	73
-0.11966755979209	0.896994438132798	73
0.012984591384109	0.651181964105343	73
-0.0961315861869489	0.454733929526545	73
-0.106738597158114	0.242917777601873	73
-0.110231891392282	0.248016860367681	237
-0.079118953866622	0.3141429907042	237
0.018803469560169	0.213755792718274	83
-0.050998365564616	0.384206007078694	83
0.107021071767808	0.189730668004619	83
-0.048261165762603	0.713493266410875	83
-0.023732286099506	1.01169365869413	83
0.029795533675847	0.852331285830623	83
-0.0628120925837941	1.10615353431771	83
0.045986196261275	0.647988562127365	83
0.104938049624746	0.189156505805927	83
-0.026032815333929	0.891456971450106	11
-0.039005916448095	0.347091197558634	84
0.021385425819936	0.207624470029599	11
-0.093332933402047	0.454388050691763	11
0.112934889037725	0.503324980836023	71
0.095283650777872	0.539554765744695	71
0.104037065936877	0.188375672663809	61
0.080954040497338	0.338650307548824	28
-0.0179261709734569	0.407557336833376	6
-0.025249230761615	0.422700433824211	69
-0.095362839224006	0.595098482384293	69
0.021458427879438	0.206546786354545	69
0.092352455723547	0.125048986852886	69
-0.062674210777675	0.370790613467257	21
0.110841799420912	0.182039788914363	7
0.101543009771294	0.188049590493312	7
0.120144983942427	1.07720429552874	13
0.104375335261209	1.08473667191594	13
0.068341081401433	1.04019750414307	13
0.110545824681401	0.628535234866181	13
-0.016725396597978	0.469354494560855	13
-0.019111126512954	0.827329375266482	13
0.09453631567582	0.484241672763752	13
-0.0538966115187141	0.375849080975965	150
-0.0824512487745001	0.712399558923074	150
-0.106748821690552	0.58662300371292	73
-0.105967865973031	0.242891785761604	73
-0.032813500953752	0.678476750846387	73
0.057628297851095	0.674257696841969	73
-0.104945993548793	1.06190317679874	73
0.01557469884116	0.777959281994934	73
0.059196318331364	0.832391531994143	73
0.036597978822473	0.600988618781435	73
0.040784007707285	0.415523677296836	237
-0.075197783233166	0.315503912667094	237
0.018654313891254	0.20734134666741	83
0.01294245381494	0.869685193347457	83
0.115360830493345	0.317971541510793	83
-0.101395245008453	0.837273955800265	71
-0.00509491657737904	0.709443335427734	83
-0.080952225206946	0.319302162561081	11
0.106709192288932	0.188476940860255	84
0.105961071687899	0.190484230048817	84
-0.058018848542343	0.37447363968314	84
0.082966574368027	0.258343212283934	11
0.022166376805837	0.37990555159517	11
0.067345439464101	0.480732010752197	11
0.037880305796165	0.78595812099531	71
0.074326816829047	0.313914857326671	61
0.114217312693524	0.171818160556	61
0.020539188351812	0.493297119385435	28
0.060881571222437	0.444873171476693	28
0.093292111011753	0.121566231332134	28
0.00917927726669299	0.51056213211037	28
-0.0843409497591679	0.448889996769217	28
-0.102868586140946	0.44661080194796	69
0.007311938703851	0.282518187063172	69
0.093292111011753	0.121566231332134	69
-0.079279129366331	0.316310241331307	69
0.092352455723547	0.125048986852886	21
0.111475244655921	0.186468662315368	7
0.037900647120336	1.11566620273189	13
0.123153816778726	0.564609211492601	13
0.076739116520347	0.85548091052949	75
-0.067411794342199	0.992387630217149	13
0.017285173281086	0.322396895950798	150
-0.105545837007591	0.235139734889766	73
-0.044462174831645	0.360351492834204	73
0.020274650966977	0.206599183749088	73
-0.100436875507951	0.243859923513718	73
0.08525651924473	0.123952726570493	73
0.108071760477326	0.18785847840567	73
0.104155003578327	0.578751848478721	73
0.044696443247691	0.561434918671657	73
0.063938963363	0.481295392146867	73
-0.096000385304071	0.587597784438836	237
-0.052848832079369	0.446648273661018	237
0.00485296863967	0.288664867721206	73
-0.115092866829501	0.241262756193267	73
-0.107509736778628	0.241085749115833	83
-0.056344881775095	0.663547591708613	71
-0.0175792522511929	0.946980066979554	71
-0.082466246084995	0.317720525677423	84
0.073780055786168	0.252066977843496	11
-0.0195029435306689	0.539768800317936	11
0.124189761610466	0.488129828040393	71
0.051211235713812	0.611776195179603	71
-0.0989480043932151	0.646323345763987	71
0.016808070092565	0.506730523165121	28
-0.105411619598746	0.243584912065417	61
-0.043401752398872	0.750895873129074	28
0.100882355500207	0.434995393665004	28
-0.034760419103634	0.516556501570164	28
0.024778239070168	0.20615906487657	28
0.091635389749592	0.125062886124958	69
0.085980376425502	0.12580488589805	7
-0.095972155101433	2.17882593760765	13
0.018793882430752	0.803927758618379	13
-0.042141993964583	1.52086001716972	13
0.107117854988894	0.439859784861399	13
-0.051035657221571	1.03689355852457	75
0.074818154112606	0.346569360537596	75
0.077756357743928	0.25105901828876	150
0.017478221569766	0.327632008776394	73
-0.060792821591166	0.654640509569702	73
0.070545934097853	0.301997793351732	73
0.083473674001928	0.118697275334057	73
0.071910845095104	0.318694523383175	73
0.072602283888954	0.728582544225627	73
0.112535565001942	0.642419574732578	73
-0.09600240311143	0.455318040818017	237
0.014997220557915	0.214725591705819	83
0.010387820051099	0.279481443539796	83
0.018697472210936	0.33773213674539	83
0.083175976241954	0.379738497669226	83
-0.061288019825787	0.67794577604635	71
0.084749291007525	0.250613243405404	84
0.07894225857747	0.347695719961559	84
-0.018311352819753	0.405980579479297	11
0.092905942685196	0.535949339784948	11
0.060671283401188	0.639093483771408	71
-0.100662051639871	0.813061684345396	71
0.092128771294459	0.120108530289818	61
-0.103390579376405	0.240448226622308	61
-0.033550505265678	0.481796970977259	61
0.023217401793771	0.386723422630873	61
0.076526733406688	0.256662203121632	28
0.075248224745609	0.354075499759322	6
0.03736766538271	0.40753488661815	69
0.00291632389736302	0.280775784823323	69
-0.108373388696469	0.612164387410075	69
0.017571936107181	0.213459013662829	21
0.019101393994772	0.212350476617034	7
0.077114733559225	0.255911970099078	7
-0.084462235651157	0.44253467802653	7
0.104938049624746	0.189156505805927	7
0.078907912270423	1.90505288094891	13
-0.064964620147183	2.11909505567699	13
0.038537845937481	1.42159983456356	13
0.00406941736370498	1.49978052457233	13
-0.076872567989941	0.318440119968235	13
0.077144081240826	1.01440570098773	13
-0.099013324558073	1.60847108938824	13
0.031309022775604	0.935704137766555	13
0.040908477888757	0.358978755220243	13
0.082507290890949	0.481069313197605	13
0.101813370699137	0.185878911948068	75
-0.121876105287178	0.360534762869074	73
0.12428202423864	0.355927218260929	73
0.11655848964126	0.58600626139341	73
0.102304748930818	0.544092694640186	73
-0.028260553278	0.568060996793132	73
-0.065345630933925	0.48353212585313	73
-0.098807030430954	0.460147461245474	73
0.077765520131542	0.352164097263898	73
0.100002468529762	0.187291464714037	73
0.092352455723547	0.125048986852886	83
0.100414736480482	0.577209453335406	83
0.054558100823366	0.434119883789298	83
0.090696400979851	0.122798470587256	84
-0.124334330377242	0.806852411790191	71
0.108629292371093	0.468828668270144	71
-0.059066549977689	0.646545693662356	71
0.011793089794596	0.471460579235575	71
0.014969369531159	0.274678785117366	28
-0.066075145392916	0.480836774621567	28
-0.058055202715424	0.374841521705917	69
0.092352455723547	0.125048986852886	69
0.086915005473034	0.122358046121638	69
0.00612444323285699	0.283975586689899	21
0.032998372490019	2.15123395656315	13
0.02079890544698	1.54309689669792	13
0.073466810443887	0.356062979108004	13
0.00285604031416697	0.940585471812963	13
-0.118160914671511	0.509849100603835	75
0.083216327100877	0.332473090430303	150
0.013455268401356	0.20037663673369	150
0.063818866577839	0.732599407948583	73
0.122648748104315	0.586967668246647	73
-0.05787500762105	0.794822972311883	73
-0.000387167261977961	0.473000684126339	73
0.058806248032698	0.461567242848689	73
0.078261958402924	0.249245514394604	237
0.019539242092686	0.211573977492915	83
-0.021997474367246	0.86474805812944	83
-0.043790175283833	0.610759340435935	83
-0.042848267321466	0.814950298033332	83
-0.101708631168073	1.10569404573324	83
0.082222066253251	0.4377753897751	83
-0.016138315373907	0.402135972822797	83
-0.101642031318489	0.92256035026796	71
0.079424031132351	0.605279908476647	71
-0.015725452888822	0.634062427048358	71
-0.09055065741998	0.434256391704022	71
0.024994009266716	0.331890714558024	84
0.010555903498874	0.281910675930462	28
0.081327544780188	0.471774852623078	28
0.050775459130767	0.400875746121521	28
0.102982297644665	0.45374395845924	28
-0.05190582048064	0.47291273230402	6
0.079800972643144	0.349747508112138	47
0.077293694143559	0.256951354341444	63
-0.097010033591356	0.450084186980802	69
-0.10519754281808	0.240971464370951	357
0.112805868216994	0.184587715247706	357
0.10198044605162	0.192424234926112	7
0.026481529188057	0.199520124723341	7
0.007932835827622	0.211041628115621	119
-0.0351552535237279	2.26896836711431	13
-0.00297840497148105	1.21117595212845	13
0.029026755708234	0.619016236906257	13
0.012491353275188	0.508729377735025	73
-0.082282932813224	0.423499990345083	73
-0.031836891593588	0.688374318932425	73
0.077150308082087	0.545584211754672	73
-0.026702571475836	0.891702472431003	73
0.124129964274631	0.468729769896249	73
-0.006188665159652	0.653674019108028	73
0.067295375917259	0.261175834751442	237
0.069365954288966	0.484708523676671	83
0.107673565758033	0.38208026743171	83
-0.095567875462258	0.948205552864826	83
-0.033717504370223	0.651631012941385	83
0.00445530379465697	0.695458608301786	71
0.067375874695651	0.455643490731031	71
0.073283925824649	0.261410954507707	84
0.107328079325916	0.188985628995604	84
-0.054224442112314	0.381916740117158	11
0.057592525661114	0.638071568276471	71
0.085732917477846	0.45889543805191	28
-0.122284500613457	0.523087315544521	47
-0.026491617360291	0.531840305800716	47
0.089886520108577	0.11993937786539	7
0.013667410716436	0.213120811909776	7
-0.073430296764966	0.311196836513682	119
0.112805868216994	0.184587715247706	119
0.097363481511895	1.01946506426697	13
-0.016039451305442	1.04075506713175	75
-0.091592041675566	1.20143040745468	13
0.048824737636214	0.437163318090623	13
0.055668205418131	0.305259201949315	73
0.058430562366183	0.562016562624291	73
0.021882740833553	0.565694150060343	73
-0.089279762799539	0.548900520055648	73
-0.114755556511483	0.49961576291228	73
0.012783542820584	0.215101163177545	83
0.039780539649486	0.437515054593047	83
0.00348900575757299	0.572069895507463	71
0.032441379596451	0.737091764868267	83
-0.123024005803661	0.793454269931639	83
0.047538723644355	0.624117660169489	71
0.114483252554502	0.601040167542586	71
0.114747072552053	0.363496719227856	71
-0.124047774679005	0.522319159471022	71
-0.086797181032063	0.311679081529447	84
0.123243221322456	0.30244592072136	84
0.08444666277238	0.602253886661067	71
0.096309761474775	0.495455548345727	71
0.033252546536872	0.692894873039047	71
0.085988138394134	0.53606701806344	71
-0.049028856903842	0.740871333830991	71
0.01071753987508	0.287912361390785	28
-0.092988213762351	0.432302859405407	28
-0.053566108924348	0.637271286710197	28
0.102795850239181	0.420406877605192	28
0.069221989906611	0.317581793496085	47
0.08504567389839	0.123556715541549	7
0.009981054696176	0.270141148288118	7
0.013521801337319	0.216603883174242	7
-0.086193184474655	0.30985863494245	7
-0.079876263581949	0.31423159589641	7
0.07846761771564	0.245447374981242	119
0.116672007201302	0.233218111617471	13
0.015943140705998	1.08995042355295	13
-0.040846987859952	1.10470770785646	13
0.082376762774333	0.251850580587074	73
0.079655921699877	0.414203716653305	73
0.015143283862096	0.214463511945117	73
0.093069211440958	0.12223423135792	150
-0.08523600432331	1.19074357260429	73
-0.0761682657609301	0.791262422282766	73
-0.079471609001419	0.634830197254765	73
-0.122635146762882	0.526913106526962	73
-0.084561901140648	0.533227118119754	237
0.121087566028347	0.282463387483358	83
-0.117024467842671	1.33443988327107	83
0.077712183698825	0.3393994402255	83
0.10122780960583	0.49782534418786	71
0.046125367835567	0.552921336657191	83
0.00518566370068702	0.288248610893715	71
0.00542121882167601	0.282463751535712	84
-0.050814702793304	0.382135871375684	71
0.018720589331721	0.488314917414953	71
0.120339920278159	0.493259906788328	71
0.099803776570973	0.458829971981804	71
-0.088828215950714	0.456895477684049	126
-0.00908978652483095	0.59907070628276	28
0.01151518908918	0.472524313582805	28
0.071700427443158	0.379254814400173	28
0.112831467449206	0.359013994238259	28
0.034099555211324	0.410765586843459	63
0.082329798443948	0.251166982707538	7
0.01983762033073	0.212868881619307	7
0.018067333032762	0.214500333823115	7
0.086256860450231	0.292153343326782	119
0.108915683629611	0.716088845237315	13
0.020109983133507	0.684269216621189	13
0.109848326348125	0.759898724026796	13
0.029262707313435	0.833116312682712	13
0.092187320257674	0.645257792005733	13
-0.106725248691191	0.614692221765423	73
0.1163224073472	0.375822624192585	73
-0.016059695187342	0.398260606823544	73
0.106865245648757	0.19071099290903	150
-0.01461927774241	0.764568388597802	73
0.074955273716564	0.30282668500286	73
0.077846482258123	0.443681598270422	73
0.081094136617136	0.37682657962916	73
-0.099666572283815	0.241890510685238	73
-0.074599921969037	0.312578462318865	237
0.017771830836236	0.868770203078286	83
0.01055090106021	0.771636641953874	83
0.083975515197686	0.399983011655894	83
-0.0302488391868671	0.577464150766265	83
0.108191145462352	0.610501947709679	71
0.081251618775972	0.259614881128559	71
0.013376057992579	0.216089748639388	84
0.015177728583223	0.346047328927196	71
-0.083114811751056	0.554329754981985	71
-0.048382556943935	0.778962819399866	71
0.00562711423499002	0.286919989580744	126
-0.098807030430954	0.460147461245474	28
0.018581324901804	0.501059346825938	28
0.081015839373591	0.381112454225908	28
0.123991748443371	0.31689793871255	28
0.032057479651478	0.364271797072275	63
0.102413069041706	0.185779736125652	47
0.086703917166644	0.123702559230249	7
0.015384886647631	1.40723885266249	13
0.083480856751487	0.290607651050771	75
0.102872111652923	0.54295647062701	73
-0.043648761307339	0.61664117019502	73
0.012155001027467	0.336006172510088	73
0.035527069417256	0.768460790096154	83
0.032917605208206	0.819129537928212	83
0.095266519505744	0.670556870229118	83
0.063851192449478	0.478255282131417	83
-0.097191587052791	0.580884896031352	71
-0.056560143675057	0.325025444530014	71
-0.021237561059153	0.666947776402437	71
-0.090579251928625	0.869247278815134	71
0.090950896816157	0.587826097724349	71
-0.00448849418715902	0.591801330647916	71
0.014364758288359	0.281201579281285	126
-0.105877973349914	0.248295887545134	28
0.109718296326681	0.380250606267922	28
0.11986483462949	0.319990348118114	28
-0.030462256789315	0.479309583937509	63
0.116499798451072	0.285926328159655	63
-0.116894560194006	0.237361173100104	47
-0.00440623218535496	0.449230941132127	47
-0.100379556717639	0.605831383252407	7
0.036911091068116	0.444466380416867	7
-0.093679627243434	0.442313384485006	7
0.00859751653776702	0.346947155902241	7
-0.100436875507951	0.243859923513718	7
0.092634287740826	0.179921030934101	7
0.091320756583562	0.654686638152682	73
-0.013086720189962	0.877231063130401	150
0.106593099881018	0.373517042101645	73
-0.026506486776673	1.04330540657088	73
-0.010753111795306	0.983031150031847	73
0.08812222441071	0.666104532883485	73
-0.020159328512885	1.10999378993974	83
0.023330628576885	0.857993555289357	71
0.057582625440208	0.783719434219445	71
-0.057288465409562	0.820770086270266	71
-0.012234285949664	0.517610391373937	71
-0.0756343429887411	0.694518622319042	71
-0.041261557527447	0.818078140436865	71
0.095129555782875	0.477825535150522	71
0.087444772619715	0.671441870374046	71
0.023373996665394	0.704883564317579	126
0.119470919401358	0.317213427522637	28
0.035655401592984	0.404237392442134	28
0.120180092523869	0.309649974119779	28
0.022271214423624	0.211198824414354	28
-0.00893734562281401	0.437952745098828	28
-0.0856720604132289	0.447479546381607	63
0.080248042536105	0.304469957240114	63
-0.106182434761098	0.244816776765651	47
0.019688496008342	0.214140651371127	7
0.064800388095369	1.20710804327124	13
0.011488249783819	1.40183332268035	13
0.072016967857967	1.13109222557705	13
-0.058597508823091	1.20961336815683	75
-0.114276665053104	1.16156315854591	73
0.108041690787898	0.17363490184684	73
0.044620273704357	0.402504167630241	593
0.025945974810054	0.326343277894273	73
0.121653611622565	0.289104529056517	73
-0.056478185244582	0.483914383830585	73
0.086864301123262	0.287230048831607	83
-0.046030744241088	1.05130020295082	83
0.067080250074822	0.736588534118874	71
0.076225356564654	0.553386313608563	71
0.063597561786975	0.760031572152188	71
0.061504213317731	0.595674983735604	71
-0.12439224531355	0.528561045375696	71
-0.098757578297085	0.2369907750536	71
0.07405387517516	0.263233892716592	71
0.022556022440634	0.381057064572711	71
0.088006061954796	0.373980523694264	71
0.070405372316979	0.520991008191517	71
-0.00330534275611405	0.761048453655742	71
0.109263257807711	0.636849850221473	71
0.11053912571386	0.418648267656728	126
-0.00490841044267498	0.446590099675738	126
0.00808147433892997	0.283547241861836	28
0.027812932438126	0.507358301374243	28
-0.015928548346801	0.528137801082467	28
-0.058781302451308	0.374552126145328	7
-0.069355991390109	0.306619462817805	7
-0.091506892960635	2.07307049299477	13
0.028971315783811	1.21456370310764	13
0.04476460818294	0.894973449049069	13
-0.0603622293709391	1.21584547329275	73
0.082334947431201	0.301216321440338	73
0.102136233333622	0.192370991419772	73
0.062720817687199	0.250285748891226	593
-0.104248366603648	0.247280677660954	73
0.063681006794133	0.341965669207517	73
0.031534731252274	0.477549346250601	73
0.028180420895157	0.381654455583643	237
0.096254186329744	0.118495473551821	237
0.014337661200332	0.203480156237572	83
0.077360832430336	0.344435618803576	83
-0.014525119809403	0.528734276144115	71
-0.09998348555846	0.715437997566368	71
-0.095278777294393	0.665164232878847	71
0.00964321708205201	0.764960418546775	71
0.020837617814725	0.846052992822111	71
-0.0274825688593801	0.981209443245697	71
-0.0310990994552171	0.482761506015837	71
-0.110098840791516	0.248270143505648	71
-0.080035842955686	0.318133820149999	71
0.106339130864784	0.484264154203301	71
-0.047061273061764	0.865491855282185	71
0.116386686987585	0.590902048933073	71
0.101454504587723	0.540996275323704	71
0.106127731796137	0.356252702164723	71
0.120468268216006	0.340685248573795	28
-0.051585615639102	0.704101282812554	28
0.120681202997635	0.237266825569384	28
-0.033164577407799	0.56892336006922	28
0.030759888435051	0.548364915522013	28
0.058445780880464	0.42761091162583	63
0.109669669498021	0.187949854344194	47
0.106865245648757	0.19071099290903	7
0.012074061641178	0.346114196314687	7
0.010436545647726	0.208474605783637	7
0.062860578735027	0.870956424783819	73
0.022078459559474	0.329272586650589	73
0.077111726534982	0.305599724284776	73
-0.00023556607897901	0.273899772125819	73
0.062268515016273	0.248377928378546	593
0.073512790707176	0.261056821122429	73
0.068695857692476	0.646967612025102	73
0.117991197955846	0.345954573628611	73
-0.049465747630855	0.702187018370415	73
-0.056310047220973	0.366376217699184	73
-0.082137372332678	0.521005024293445	83
0.124704112834637	0.556752752028852	71
0.081484168546882	0.539325803174573	71
0.121815603715246	0.42733631168454	71
0.074746758258019	0.261053508498829	71
-0.025953178550155	0.487418262804611	71
-0.108916020087306	0.852491083346969	71
0.041937502016528	0.635450951680768	71
-0.02854564235482	0.76047371302228	71
0.066789052461758	0.645172989652257	71
-0.071790345302103	0.694677828507039	28
-0.0962739175099619	0.454398198970112	28
0.000491861482778022	0.433209249696766	28
0.124459629543617	0.284785452738669	28
-0.02730672481314	0.403208218802407	7
0.013252424220606	0.351204571236024	7
-0.075807912796508	0.312759471781369	7
-0.051453610316696	0.363955309457478	7
0.101668209385243	0.181702665783843	7
-0.08110883370959	0.315729685393722	119
0.084541790559593	1.62693316884179	13
0.104829913350981	1.54311724538943	13
0.00630044348050801	1.11724372874761	13
-0.046025027203672	0.970152428866643	73
0.061512338479482	0.57540034668162	150
0.118966222732066	0.442051118443096	73
0.070967254423414	0.528790604152553	71
-0.082682718296047	0.549785069956109	71
-0.015514778793201	0.650308267099547	71
-0.076465517333369	0.705486971398812	71
0.081110137151416	0.474152042969329	71
0.097343406957771	0.41035292946337	28
-0.118776452036844	0.53333048740338	28
0.079952219475341	0.252656003994151	28
0.116365215905521	0.370532000645575	28
-0.057849499631855	0.491039864842091	63
0.069492827247123	0.316491301070413	7
0.080492696783008	0.119369418546427	7
0.008248330180125	0.282344636307427	7
0.060163607521117	1.66298765317712	13
-0.04801654514141	1.29160050384683	73
0.098126703411555	0.547468931083553	150
0.091878570191548	0.423048026767562	593
-0.0989560274110049	1.01737597003303	73
0.064095891402632	0.878969405776655	73
-0.00606559994250799	0.715420116496478	73
-0.089408875712517	0.973946956365517	73
0.098619543870574	0.768066153116027	73
0.087879158488422	0.54824705085778	137
0.038955827694264	0.415363933970118	237
0.082072894926768	0.600673439071405	83
0.070897423535466	0.519296961872901	83
-0.048375749258609	0.849629672405818	83
0.074720974609032	0.655991715573491	71
0.010221172923548	0.61048843558838	71
0.00940091025834999	0.549519728867641	71
0.060482489427196	0.522671955352598	71
0.085722573372977	0.498149886426323	28
0.049226102271692	0.476461463734208	28
-0.0544350216231591	0.83392037287117	28
0.09125673877368	0.399408806146539	28
0.018309318429414	0.213337263587165	7
0.023271382843188	0.338162052455178	7
-0.055995230608123	0.485403549979577	7
0.022193789077647	0.204526005200629	7
0.070053651055698	0.310321254028761	7
-0.00246516026347099	0.916243283712632	75
0.071877463186684	0.312517148434213	73
-0.066027287469255	0.481863572028245	359
-0.03508129165758	0.498594801237932	593
-0.108017873327795	0.61712843695808	593
-0.085072964316349	0.453342351114632	150
0.08292686159141	0.551674393293998	73
-0.0629808949108161	0.938689993181556	73
-0.029219997047503	0.837640839750242	73
0.109060517866839	0.38854241421444	73
0.082893729897358	0.299524509914699	137
0.073429152712189	0.307222177067845	137
-0.086138080579283	0.440276046509644	137
-0.080195750301145	0.317467856619979	137
0.00349382772574602	0.199436375055575	237
-0.123458623851934	1.16701135820978	83
-0.01939799800557	0.700690194891501	71
-0.077462352494074	0.311873140244817	71
0.079244009561302	0.264491987425921	71
0.107919361473022	0.488365387844243	71
0.06856347312745	0.619698945582543	28
-0.08347956225513	0.818231606450677	28
0.023033526343165	0.610186532081546	28
-0.0000634621571370397	0.666329249328335	28
0.080695912984056	0.442229238154481	28
0.122822222662332	0.315865522394035	126
-0.05791937569827	0.551637607145445	28
-0.0484561965329911	0.589749539322746	28
0.076526733406688	0.256662203121632	28
-0.093449707946819	0.44288771463113	63
-0.00509871418933405	0.446501095583337	47
0.082736294901909	0.257860424104854	7
-0.092944302488096	0.442275680109814	7
0.108230862746882	0.186666235281736	7
0.006719458347963	0.341536383250652	7
0.018803469560169	0.213755792718274	7
0.109570884574644	1.00598910587926	13
0.057606518763175	0.777486043636294	13
-0.051017508020939	0.705924038796888	75
-0.085790523044365	1.39047200306417	73
0.016402055329565	0.631871616031838	150
0.018162377926133	0.208064006146674	593
0.018670729911483	0.770748655197727	73
0.118316228401121	0.702174489934487	73
-0.054441435292469	0.841486586032905	73
0.00925131744375701	0.477630446467638	73
0.111197903354033	0.37355856297318	73
0.010436545647726	0.208474605783637	73
-0.089203604244945	0.835096420142401	83
-0.035277417007562	0.574214719221712	83
-0.03588723199598	0.79620708128743	83
-0.034546630985286	0.911656802154268	83
-0.114965909544065	0.235145360201487	71
-0.00370950909544998	0.27982275068889	71
-0.0136417080724	0.799992218132107	28
0.091412740929408	0.122778214287602	28
0.025577082989387	0.493189050326625	126
0.102136233333622	0.192370991419772	28
-0.015512127905758	0.816489088564429	28
-0.034372411286371	0.674312722293401	28
-0.00729152871886596	0.557277313523338	28
0.118933123470976	0.376785585962146	28
0.072788564801573	0.417056951818807	28
0.092465721989554	0.386178060011981	28
0.05169151962756	0.434659572374695	28
0.044057456303422	0.411815955329943	63
0.078230036641497	0.441668086453171	63
-0.106210769874163	0.614854209916802	63
-0.058717952423247	0.484510482263731	7
-0.022435509543964	0.414352037235603	7
0.005019244787836	0.290944264922213	7
0.109983836054182	0.183844313531781	13
0.00961941467296201	0.28208363276025	13
-0.102118424243639	0.240196375235319	13
-0.104248366603648	0.247280677660954	13
-0.101484776137713	0.230483293077563	75
0.085980376425502	0.12580488589805	75
-0.117539997291605	0.238482187219359	73
-0.110098840791516	0.248270143505648	73
0.092352455723547	0.125048986852886	71
0.092352455723547	0.125048986852886	28
0.106668471707925	1.18061024581958	13
-0.056731930229461	1.84091994886698	13
0.089030142011327	0.428076689986144	13
-0.047980454279406	0.850299210737812	13
-0.100436875507951	0.243859923513718	13
0.013426970466898	0.280750890610821	75
0.119877182395749	0.378332127438127	73
0.092352455723547	0.125048986852886	73
0.023742569638732	0.2109789444204	73
-0.103478487420466	0.245263850016126	717
0.074738933896823	0.41216188543712	73
-0.105107464173874	0.248281748462392	237
0.018123299612276	0.50281467151153	83
-0.107946102504968	0.8521121343561	83
-0.104693564580671	0.49534573855479	71
-0.0894303975849861	0.669315498896718	83
-0.083712206502145	0.519829185098373	83
0.010836198778336	0.346600403903081	71
-0.115092866829501	0.241262756193267	71
-0.105877973349914	0.248295887545134	71
0.106271731871662	0.189352788856465	71
0.079778207878982	0.338846321469122	71
-0.10617054051661	0.636771223236534	71
-0.101347289716107	0.24016620508867	28
0.122705906811137	0.284454152221021	126
0.092128771294459	0.120108530289818	28
0.014549673776968	0.283660629070706	28
-0.049387203708372	0.362577576867787	28
0.082556465777666	0.25637583445983	63
-0.08186472488787	0.317535949028756	7
0.087639281335227	0.120398139160621	7
0.092128771294459	0.120108530289818	7
0.064799298478229	0.448317132905405	75
-0.055315346760294	0.462618706406934	593
-0.042943887622783	0.357266465527003	593
-0.106182434761098	0.244816776765651	593
0.015880671876097	0.212738774248593	73
0.013521801337319	0.216603883174242	73
-0.00257790290461402	1.01081345778054	73
-0.00290385303812102	0.748468815654592	73
0.075127293120447	0.704416876667852	73
0.102499514446704	0.462388886314309	73
-0.101347289716107	0.24016620508867	137
0.00746619038449697	0.340714812737427	137
0.022857056636312	0.207394178746461	137
-0.071020078945226	0.311682276408831	137
0.111158657215293	0.186654528546029	237
0.00946946075114002	0.562635635434558	83
-0.09828313776667	1.44496813730534	83
-0.032872361499951	1.11206245124022	83
0.015739056418814	0.937862366736272	83
0.040225148670372	0.400753027851827	83
0.120147062840843	0.283206930808878	71
-0.081905416760473	0.746538083290368	71
0.014117949425331	0.491195905000357	71
-0.050146166885682	0.363981823411247	71
0.00464883866068899	0.75902595527278	71
0.088017568584565	0.743968830516032	28
-0.073134210331079	1.13576012923842	28
-0.122957416505167	1.17136196987771	28
-0.026688505321417	0.685286271395301	28
0.032017541456501	0.381898508461295	28
-0.056014649452512	0.465921757392092	28
0.028838336779361	0.198336437821962	126
0.112914765636488	0.536849213732594	126
-0.072329868478164	0.277635289003621	63
-0.052768265337276	0.368027157643415	63
-0.051735952272907	0.6582404227018	47
0.085476395078181	0.374720016571853	47
0.01983762033073	0.212868881619307	7
0.081379635092014	0.379281521576219	7
0.020814095314146	0.206149070749345	7
0.095534745745171	0.121110502077163	7
0.078309581956614	0.301104626603912	7
-0.058608580573953	0.376240174044242	295
0.092975147044723	2.39423186974869	13
0.120949244802046	0.288779759983227	73
-0.06059665763958	0.565806932740424	593
0.103968645277413	0.17703445323473	593
0.098732197749046	0.459342489029702	73
-0.00883430273458696	0.687656104348682	73
-0.042943887622783	0.357266465527003	73
0.000880828485458007	0.280428287909856	73
0.116205558302703	0.178740309156229	137
0.074913121927511	0.2536927590331	237
-0.088983535520358	0.804140197265154	71
0.015880671876097	0.212738774248593	71
0.027495459413611	0.461921283476684	71
0.123844867322981	0.61978694062716	71
0.119739526837934	0.550117845102729	71
0.015481167358711	0.3490940973829	28
-0.00891768812030602	0.603984359104442	126
0.033248955481143	0.4639987947338	28
0.088070453609053	0.40338315130203	28
-0.075507615172152	0.307950632756115	28
-0.0758267295335801	0.728536888820549	28
0.122710147125569	0.337610117706747	28
0.016011414053473	0.344053373996491	63
0.077132010787875	0.29645964430687	7
-0.12310080487285	0.537945151405197	7
-0.095005815497924	0.784813375512453	75
0.123203226937461	0.279053458996626	73
0.11209436251331	0.41390615359511	73
-0.111004560375104	0.24928574573673	73
0.013758838249878	0.279023908539832	73
0.091412740929408	0.122778214287602	137
-0.077462352494074	0.311873140244817	137
-0.097101707573082	0.45776801382501	237
-0.12459004611623	1.16082500076266	71
0.067567522910864	0.46644974609663	71
0.014214364871833	0.279402923635104	321
0.089646887015111	0.641115764961767	71
-0.079052146217923	0.990300088857115	28
0.012638026835926	0.216209387057835	28
0.019688496008342	0.214140651371127	28
0.043203616268738	0.499286824741633	28
0.101077473864192	0.19160080904077	47
-0.100436875507951	0.243859923513718	47
-0.078819642389252	0.306808958982847	7
0.097196939184952	0.118153833341878	7
-0.104248366603648	0.247280677660954	7
0.102136233333622	0.192370991419772	7
-0.105018653446507	0.247296557897613	295
0.051295806430102	0.771764822777848	75
0.082260150550401	0.248363390064474	73
0.010550802038896	0.29077033464308	73
0.079943179526508	0.464213801050227	73
0.055604119124944	0.384170990237779	593
0.014997220557915	0.214725591705819	150
0.00261479014752902	0.583440552397634	73
0.074731504224042	0.253118861048028	137
-0.074905002097356	0.311621120813916	137
-0.091795443282691	1.35236205867076	83
-0.049793017080401	0.967464574008518	83
-0.081232753896436	0.710857575473007	83
0.123801761132656	0.451303538748976	83
-0.09460498150424	0.693993332256556	83
-0.080571700766302	0.903906871112984	83
0.05394634242114	0.719334732336173	83
0.034457161704507	0.924118389129497	83
-0.05005448582292	0.381263467014341	321
0.121109138816438	0.62618974008029	28
0.10262407370998	0.643887259244397	28
-0.022926750331418	0.737887112814632	126
-0.062227920147878	0.576642467901874	28
0.009481058261334	0.449925176064709	47
0.091879855830431	0.429152096774741	47
0.00750067607105198	0.285697751652484	7
0.017159247834058	0.458809185783425	7
0.071977215064779	0.312074942538389	7
-0.035900444369505	0.414461902588935	295
0.053190135773119	0.932747714148523	75
0.093311590732883	0.736246660083987	73
0.021884568444756	0.498800831873817	73
0.019639823680113	0.497247661835023	73
-0.104427627288375	0.235584071373633	150
-0.090123273551632	0.443675765426713	150
0.006971773209836	0.82266234439187	73
-0.099791709999463	0.677777166697089	73
0.090696493633289	0.309575767971742	73
-0.00873080318084896	0.454662122478494	137
-0.035100646843898	0.419346066652558	137
-0.03198010085932	0.418732424363911	137
-0.057598622676181	0.476058849060462	137
-0.025997328772436	0.417694312810203	137
0.100330160122888	0.192337287990876	137
0.051311481932845	0.423662872474153	83
0.10625973714747	0.344338295303785	83
0.12159566086282	0.425115261804999	83
0.083479219557255	0.530026316651425	71
-0.034207151440758	0.50865196037712	321
0.013758838249878	0.279023908539832	321
0.00961263203510099	0.291907303890214	321
-0.030327901352864	0.844899287421941	71
0.121959080322393	0.422105525562035	71
0.100397502289439	0.477384457275803	71
-0.037301663209515	0.593979780584545	28
0.103560759134782	0.187422306548059	28
0.090310928870401	0.452073291331418	28
0.083805459305553	0.37813386504272	28
0.101660511796734	0.187297176340748	126
0.059064099761908	0.570871859373148	126
0.014364758288359	0.281201579281285	126
0.012581806554659	0.34534476376725	47
0.01983762033073	0.212868881619307	7
0.077472784695546	0.255565779516375	7
-0.0663484080467091	0.295876294294059	7
-0.111911286966867	0.243952463278285	7
0.079647705067437	0.977118144451618	254
0.118355444071678	0.623509470198937	75
0.052062113526405	0.819226788418976	73
0.119258231916026	0.318950693877927	73
0.01199448091778	0.573130834485679	150
-0.022070347729411	0.764446419790725	73
-0.106406895457695	1.28660125753848	73
0.042500666246631	0.776974510698356	73
-0.112766212238513	1.21132930894288	73
0.106739541843731	0.761263944948678	73
0.069418210803447	0.701759526838557	73
-0.094720952928745	0.68300158023716	73
0.075690379202661	0.349232556783284	73
0.039608870202197	0.670487314497508	237
0.074567078626522	0.73283470748568	237
0.00642959649894798	0.796761479106729	83
0.117034564856513	0.523986295619224	83
0.021477390802576	0.665771746480156	71
0.096963341923892	0.414928663454759	321
-0.060046525108978	0.642626015336598	321
0.053462818595	0.589920983492592	321
-0.124355650904991	1.35557733813162	71
-0.12433163964069	0.671667347792995	71
0.029286632477166	0.514104422805873	126
0.046654662828529	0.442991389715326	126
0.037991294487172	0.362183409602008	71
0.027988719301127	0.388721133375406	7
0.013327083907693	0.343898980936364	7
0.107021071767808	0.189730668004619	7
0.084042423973405	0.37670154794247	7
-0.080952225206946	0.319302162561081	119
0.076078099976025	0.298879949605541	295
0.013376057992579	0.216089748639388	295
0.10808727184425	0.651651676512769	75
0.11380295579751	0.662477874407968	73
-0.074936836305467	1.13088286696571	73
-0.101229881645029	1.12197666736365	73
0.075710461162586	0.485996723108842	75
0.069819351556233	0.304858346741284	73
-0.085813993020858	0.55446146141075	73
0.068411825886029	0.647361508862871	73
0.026392619227645	0.799143772812883	73
0.070446230296001	0.469650395511398	73
0.11325792463636	0.380475178418181	73
-0.084814516900913	0.429874854369383	137
-0.00446972117325595	0.44902613727761	137
0.038078372450011	0.373642581364944	137
0.077035784802132	0.586954227178933	83
0.012594091149663	0.663650114894535	71
0.092646091169318	0.390232201078014	321
0.029474590770916	0.376411759790201	71
-0.010714771329959	0.452513029408292	71
-0.0882614735463551	0.753949991427127	71
0.031324580625025	0.63595280394946	71
0.121095275238669	0.37012431213992	71
0.099985485824035	0.46535062405059	71
0.124134955417694	0.418743360829363	71
0.083673856530556	0.544548475720946	71
0.083799961476647	0.469430008116342	71
0.086991040462038	0.422732020605442	126
0.122035192038913	0.404194302066221	126
0.00116539570815999	0.423659390456185	126
0.124459629543617	0.284785452738669	71
0.115458414783703	0.2840749821148	71
0.124487539881392	0.280770267724378	71
0.00285851809007598	0.419553116451851	47
0.019340254254441	0.207900636008814	7
-0.106957370675954	1.55774334585942	254
0.044150323677528	0.850583796331314	254
0.038885800883513	0.418875981879607	73
0.074494478780972	0.388119342775995	73
-0.01598494391686	0.693941525323842	73
0.123438706090169	0.279230554153726	73
-0.0671069825595521	0.60425943801098	73
0.066342336935026	0.30670941883814	73
0.093308614771428	0.577731643163065	73
-0.00467115980250099	0.621272789486462	73
-0.0565275896095721	0.78064685442074	73
0.003139488102957	0.694953648331552	73
-0.051194183225739	0.467504094865691	73
-0.105957045622059	0.696802407354989	137
0.097965460509297	0.530788619004962	83
-0.119512337031445	1.15729978165362	83
-0.045787064919169	0.670947106775329	83
-0.0256625197067309	0.616609834759589	83
0.090796825494525	0.452604975932044	83
0.03236863878643	0.64611927245071	321
0.030414482295268	0.374007546595818	321
0.00541102074932798	0.475766149686591	71
0.077267353157695	0.41921564326299	71
-0.049821545719983	0.553984112428738	71
0.115198682837598	0.454068738392252	71
0.025961927855624	0.561128747728883	71
0.123098979253555	0.418865627937989	71
-0.002265885862201	0.54422927514444	28
0.014413251452104	0.45216809903056	126
-0.023583551383226	0.611080656694406	126
0.035644432854524	0.35452499260201	126
0.00193392022273098	0.440619544645417	126
0.118267536961308	0.280904251136549	71
0.074122531839876	0.34540041485836	71
0.114640475507496	0.326365193583594	71
-0.085825810189657	0.626980119432169	71
-0.013874103271062	0.43788020996245	71
0.077675399441536	0.244608847173517	47
0.016074319446753	0.276560347275456	7
-0.123408840487335	0.518107684723932	7
0.101232874844203	0.193169112263054	119
-0.051847790548429	0.367682705474799	295
-0.023336213465964	0.539855540470008	73
0.124692504933019	0.414479799414217	73
0.03758844762448	0.356179915336689	73
-0.00297310544475804	0.880510237684439	73
-0.031642559403805	0.674336375771199	73
0.107891205943232	0.515612003015884	73
0.113971828565682	0.413195000614722	73
0.067385327822185	0.254028557658335	137
-0.087150348192538	0.56416743092975	137
0.123919951879239	0.299514062832864	83
0.056882490140369	0.634340787590394	83
0.029404477214896	0.821289447944541	83
0.00158814307747501	0.781012474745221	83
0.042920889682681	0.64674585586164	83
0.033703863440173	0.673687013077941	71
0.097497433521548	0.510188016792619	321
0.052039699417554	0.430514888222681	321
-0.123807844447895	0.518519923751522	321
0.007664028958559	0.40879881323809	321
-0.032189181460821	0.409679858787237	321
0.000869646351296993	0.285351255478546	321
0.091564116336357	0.393704859050066	71
-0.057586825146801	0.555742229665935	71
0.118624722224123	0.403553941220533	71
-0.12215136592559	0.964662045143115	71
0.017554332656009	0.638619934513852	71
-0.082148800229232	0.632624718917549	126
0.013010705977017	0.282737894286192	126
-0.105947472832875	0.73477961626194	126
0.044310248289673	0.572254178712543	71
-0.039495659436208	0.494471640876775	126
0.07095683856081	0.340145637446398	126
-0.0164160233596931	0.586316326512667	126
0.083296280145446	0.302068751988437	71
-0.048889745540381	0.451178605203458	71
0.078727487056407	0.347892199959104	71
-0.000872879919258995	0.409117855655324	71
-0.042076352577752	0.361244477070841	7
0.00918506121783003	0.280308259513789	7
-0.0538966115187141	0.375849080975965	7
-0.115865634429932	0.241362901039304	119
0.039458473425853	0.539826495112622	73
0.098585014524983	0.471224578941611	73
0.092555757046716	0.452700771234941	73
-0.031703530117456	0.841973681247015	73
-0.063071988874883	1.27541878652412	73
0.123861449346905	0.435283891614097	73
-0.024320826139368	0.732888752595786	73
0.120602642196639	0.450831980950631	73
-0.00797188192633302	0.41437881156116	73
0.039332569611028	0.481349231794819	237
0.037300601267973	0.634046593780288	83
-0.12324286398178	1.27732696931495	83
0.081579813497256	0.574367156860328	83
0.083834635589828	0.501152167638912	83
0.113349791785798	0.409703499276938	83
0.012425622347624	0.962294778130696	83
-0.108552302282899	0.730050524299249	71
-0.110251620756029	1.23137891332716	321
0.119904739623488	0.420059391034938	321
0.063706402893237	0.551600158306265	321
-0.007444231445488	0.729760261042061	321
0.054297447440169	0.472543623718222	321
0.040946762488068	0.444755928423215	71
0.115552409787883	0.55736935843775	71
0.056487304614	0.635340785756991	28
0.088006061954796	0.373980523694264	71
-0.123358931543459	1.06938879493262	71
0.055918485882241	0.460127667752744	126
-0.022567208964427	0.604942760290274	126
0.041705021348463	0.358988764217626	126
0.036950597837746	0.376858099580292	71
0.072876451467219	0.318115479268725	7
-0.030739036616192	0.400521240447567	7
0.023007073924632	0.211714784764112	7
-0.081205577520776	0.311658775018434	7
-0.030494598789757	2.01055725462168	254
0.049324538807316	1.92508810813617	254
0.097053529536771	1.51628382144036	254
0.083990810799981	1.35134859521662	254
-0.03018571838464	1.28837782538258	254
0.075668323285375	1.00619221844701	254
0.103494507667136	1.21157357987494	254
0.075905213767485	0.579569254539114	73
-0.00283254736610195	0.709673830271406	73
0.015684551966679	1.41977776886323	73
-0.10080902812829	1.21681029529353	73
0.107683946145238	0.565423307731196	73
-0.00610237826611304	0.623613774833651	73
0.116433164183725	0.484808108769735	73
0.039982276560268	0.732663940301282	73
-0.08090036345497	1.48444388853753	73
-0.00208950548999198	0.635607661074578	73
0.124698225505841	0.76981567110389	83
0.102321226849697	0.809671391559253	83
0.12096978067677	0.566016020979835	83
-0.100311198125609	1.42705082058862	83
-0.0959680672551469	0.667719255787176	83
0.10861978017575	0.382018919057521	71
0.065533938567747	0.703059246837646	321
0.026469249495236	0.778684083551614	321
-0.0456318925803601	0.835442379054121	321
-0.062303774899232	0.910945021361048	321
-0.075926749266943	1.01521959719306	321
-0.123081891746133	0.677189438420018	71
0.057216439456304	0.460427414093373	71
0.078240069965087	0.311086933195714	71
0.11093510541889	0.360190310286127	71
0.107873528522487	0.719586203397776	71
-0.00916698415377604	1.17417925726889	71
0.086573593706194	0.710779508424199	71
0.00797222434050499	0.989647874649648	71
-0.089747962138641	0.291722782145352	71
0.100755121444416	0.187103574982213	47
0.069947846892837	0.316736202287595	47
0.056501195976665	0.469015073567029	7
-0.011896285509774	0.392555568066523	7
-0.104248366603648	0.247280677660954	7
-0.10519754281808	0.240971464370951	295
0.104193584107483	1.30017837643365	254
0.115487921851939	1.06017575474627	254
0.105368640488699	0.795413392234423	75
-0.049136978189283	1.3154301819656	73
0.022929218523601	0.385752893772185	73
0.00348550004172898	0.578634335101948	73
-0.0209856693129949	0.536580851417987	150
-0.040996290087381	0.439985706343294	150
0.111768152391846	0.544299024039193	73
0.053010445733778	0.786478605833901	73
-0.077597639021412	0.941988242675144	73
-0.00226073377004299	0.625611146952499	73
-0.015293480423679	0.693683521340408	73
-0.072862143616011	1.02479249008892	83
-0.053179610502842	0.373482480752579	83
0.097882444167304	0.499766961791769	83
-0.098269607766775	0.826867082149639	71
0.00766252937898498	0.688535068110134	71
0.059405559804283	0.446642940414009	321
-0.098807030430954	0.460147461245474	321
-0.097422849976145	0.605560295238667	321
-0.052913620010726	0.564769022952889	71
0.031457093681234	0.366257183386562	71
0.117523099813103	0.335688924759548	71
0.015951806611806	0.472830508055243	71
-0.042795323241106	0.599841665195116	71
-0.090842284765992	0.669176165308094	71
-0.0585296695713859	0.493557949567118	126
0.074197576810505	0.341848626463178	71
-0.019965269671022	0.408315458465139	71
-0.0126072937698209	0.393248590579521	71
0.023799785862933	0.331377891403591	47
-0.105877973349914	0.248295887545134	7
0.00884092618927901	0.292757093523018	7
0.018145267159817	0.348255690191519	7
-0.087514079927811	0.449427361726371	7
0.017330832173286	0.213970944144032	7
0.095878990172345	0.188186534402068	295
0.014364758288359	0.281201579281285	295
0.073391286547111	2.32534949564701	254
0.045174327239424	2.25834439612485	254
0.010816403005984	2.35000989943718	254
0.102687382637956	1.80769410641899	254
0.121807711483947	1.54572271612931	254
-0.035022540741906	1.4130142927214	73
0.088172324796882	0.47272309398833	73
-0.052594365806335	0.47763694059777	73
0.082450091625846	0.246847687648349	73
0.112275968849212	0.389887266550903	73
0.101232874844203	0.193169112263054	73
0.081028775131171	0.643927559476769	73
0.02820897401621	0.71645089004146	73
-0.113390103454199	0.654473938635383	73
-0.064215254515844	0.829285564046255	73
0.084749368456004	0.455442511981973	237
0.079096592670714	0.339189252266774	237
0.071741646454979	0.310178276835004	237
0.00313891027602697	0.287382508437262	237
-0.05373445919117	0.477863195406592	73
0.077311553435163	0.256760482318702	237
-0.074152704555539	0.309306708140621	237
0.00885359679320102	0.418575643311445	73
0.035328251591903	0.810975697621486	73
-0.0534310115215521	0.718690077282119	83
-0.118392478025495	0.865598938189832	83
0.019210268404822	0.701584265899927	83
-0.019815957291356	0.88511097784846	139
0.00740464623479598	0.341306811832195	321
0.017598842671874	0.27452740314444	321
-0.00803950795115804	0.453004850028053	71
0.014479948865383	0.873905419832665	71
0.078177719663156	0.679295334413712	71
0.043142898447845	0.41461314891861	71
-0.095739063693801	0.22881495096526	71
-0.101068498338433	0.237121589947158	71
0.078473582398572	0.446252445385471	71
-0.019473441036204	0.400629345018561	126
0.030084336766548	0.518560995639452	71
0.006728744605768	0.45347526715414	47
0.070776907135554	0.255818161973413	7
0.091412740929408	0.122778214287602	7
0.019202137432194	0.329652228373897	7
-0.079439631995857	0.313559059889376	7
-0.0133281551730871	0.253267162483066	295
0.00220588724183102	0.28233493188047	295
-0.044630285477203	2.39429742420132	254
0.030828692881919	1.12258625006367	254
0.013106775137819	0.807220916926611	73
0.052023336007385	0.45598151739868	73
0.114217312693524	0.171818160556	73
0.08008222538949	0.25487127257233	237
0.012506833631549	0.350548445539354	237
0.106267611888598	0.187859993743685	237
-0.068561301367784	0.484112810920727	237
-0.01710519038877	0.527220584614407	73
0.037775695397342	0.414475087534407	73
0.024558953451824	0.864055098466489	83
0.078072077931678	0.650170431002506	83
0.119171339520821	0.358911179351204	83
-0.000581798427581992	0.609592028617601	83
0.019996175455075	0.653127301720154	73
-0.122354164916891	0.794551404556472	83
-0.101207596303476	0.243882027133499	83
0.104324860062901	0.623062625001283	71
0.028350886080312	0.382267072559606	321
0.009446092397353	0.288073631417937	321
0.091412740929408	0.122778214287602	321
0.104378668997107	0.185149750669095	321
0.110729714650112	0.185704998601924	71
0.115376581063657	0.332867908740444	71
-0.0369024183633579	1.00233431451581	71
0.068648947655644	0.697242081170785	71
-0.08319524924828	0.951578779492059	71
-0.063276664773114	0.684501971545079	71
-0.112335550391255	0.525168807523644	71
0.028687171047963	0.200942976412888	71
0.018162377926133	0.208064006146674	71
-0.100297774182362	0.238898377739395	71
0.045152763730778	0.568052695610362	71
0.10693379069595	0.38132115964478	71
0.02114224747605	0.33813572582448	7
0.091635389749592	0.125062886124958	47
0.070324989442848	0.259714258640803	7
0.08619041248275	0.120649422834591	7
0.073902272396722	0.307856227056514	7
0.092574318126688	0.121589010675069	7
-0.028817002058132	0.419272986576182	7
0.018889277040502	0.346760027245712	295
-0.116488629878197	1.56747583348585	254
0.107781544494915	0.511410649237434	254
-0.071071212294714	1.5191564961862	254
0.106916138290581	0.831020655396067	73
0.08679789885543	0.723949530602664	73
0.092128771294459	0.120108530289818	73
0.096254186329744	0.118495473551821	73
0.111158657215293	0.186654528546029	73
0.08302833643776	0.247594190309729	73
0.122615715747402	0.457957631064921	73
0.122144349894683	0.422585048106944	73
0.072879354889645	0.822944522650644	73
0.121842590432455	0.515838848823879	237
0.112061638776482	0.186858694393916	237
0.075334729694169	0.262200883727941	237
-0.0777667723701581	0.304392504536467	237
-0.069766887362028	0.298147231078707	73
0.017631608012445	0.892899250983723	83
-0.0149721984293481	0.987854485755814	83
-0.00400220777502502	0.938848872352824	73
-0.070998813773364	0.519932360360825	83
-0.013528621182898	0.500422882472098	83
0.033899635210609	0.38045893385048	71
-0.073248919808641	0.305517899459631	71
0.020814095314146	0.206149070749345	71
0.014500925421731	0.342453140943798	71
-0.0113704018852751	0.573861112865127	71
-0.065726608085421	0.729499912069302	71
-0.040918633300981	0.573940971442105	71
0.074808788949275	0.31174829651513	71
-0.031664120177794	0.505718964492308	47
-0.00307469236218205	0.26997232660481	7
0.095534745745171	0.121110502077163	7
0.031211132634058	0.367290291796673	7
-0.028363945530221	0.414708911872466	7
0.00400778634790799	0.428792400508717	7
0.015901411002722	0.333888862611604	7
0.086280199303716	0.248325578793121	7
-0.031427630442408	0.421522794681438	7
-0.103478487420466	0.245263850016126	295
-0.030124294026735	2.33250641629914	254
0.106630263279072	0.892059852902606	73
-0.07555291018685	0.543070093847468	75
0.0756832360982	0.252125698337859	73
0.074974654111929	0.256194724371257	237
0.078240069965087	0.311086933195714	237
0.107912443155355	0.186366517957068	237
-0.016400565775766	0.38317083491734	237
-0.024745849315248	0.401150537789629	237
-0.023562159770241	0.741552484548479	83
-0.0396838914019511	1.06846663654967	83
0.124654633223404	0.617195391556794	73
-0.036376215854247	0.553357624756361	73
0.118817669839364	0.498361381142683	73
0.069641479574364	0.649225826434679	73
0.059426027293817	0.62038612178111	83
-0.00686725701049196	0.568059897282622	71
0.105961071687899	0.190484230048817	321
0.115218979707274	0.285758168419494	71
-0.094027777087793	1.01014558927145	71
-0.098517807781712	0.956751808087339	71
0.050122979397679	0.475757604734771	71
-0.095632110073433	0.448007086477325	71
0.052166202178888	0.732474137551156	71
0.072502050249599	0.583661374659811	71
-0.00980290885796298	0.805571135388219	71
0.106204110662125	0.498551737494242	71
-0.07154496348316	0.646441815046277	71
0.110237481058518	0.413445228326792	47
0.042077117733785	0.517149944084127	7
0.090918013244833	0.122428835263424	7
0.089886520108577	0.11993937786539	166
0.102291798521985	0.189635918531919	7
-0.049478802931798	0.377125906320156	165
-0.08170905702939	0.319382700792454	295
0.062876898191161	2.49927929516701	254
-0.00100826287285105	2.47075879991062	254
0.032180946683719	1.75865299485852	254
-0.040505717558762	1.6479112652645	254
0.049391845758945	0.972102116011407	73
0.072923588766014	0.265934239814567	73
0.06792871609653	0.574623272085228	73
0.029644068020626	0.472570189405619	73
-0.024163520958175	0.488362115785297	237
-0.108424555726068	0.595907795670386	237
-0.078921770542888	0.300176333603185	237
-0.106738597158114	0.242917777601873	237
-0.086142411195604	1.10221703291499	83
0.084106578319498	0.509921185563265	83
0.054889922977462	0.694554944600629	71
0.00788825262566101	0.278265277315184	71
-0.0371832910636351	0.497857312299444	71
0.07302331212225	0.593973398346905	71
0.076674638531758	0.351973662438602	71
0.00768395423033202	0.598971540786614	71
0.089058622791886	0.396456590547964	71
0.088260597048495	0.37319230775713	71
-0.00503850375639403	0.44159948237643	71
-0.012843213634847	0.392735507227853	7
-0.104248366603648	0.247280677660954	7
-0.077313071041017	0.312924340256403	7
0.069014883489669	0.262611063588541	7
-0.077946917306833	0.311135535266202	7
0.079134982708997	1.45260260814166	254
0.05476733315339	0.541562372614657	73
0.070397320850978	0.560791192356304	73
0.072797821075673	0.595861187465875	237
-0.083114811751056	0.554329754981985	237
-0.114728834052445	0.728507929760113	237
0.109669669498021	0.187949854344194	73
-0.022322916132213	0.416990765357269	73
-0.031483116149523	0.843607092407246	73
0.054234500521486	0.607565583399492	139
-0.0149025122369511	0.445312857353067	71
0.011741209198323	0.277396730797111	71
-0.034227386980933	0.620694328270957	71
0.063395672482667	0.510686880451081	71
0.122310177895408	0.463601651531268	71
-0.0977699816923689	0.599990183805171	71
0.116369089156031	0.409037449142271	71
0.076776291736685	0.437201527338641	71
0.035549881327725	0.412339342917685	71
-0.123689347086424	0.528630437844315	71
-0.089747962138641	0.291722782145352	7
0.079312611071273	0.256725464722216	7
0.049053535394196	0.442473840547547	7
-0.112850335710346	0.234807290008752	7
-0.095538149737015	0.456934265792089	165
0.089518538335322	0.235495681673522	119
0.011138190885954	0.282467111806426	295
0.107328079325916	0.188985628995604	295
0.086260748503475	1.45127450776013	254
0.100846253112898	0.751914862040324	75
0.04669598169764	0.624196601032868	75
-0.046095005483247	0.363984365208222	73
0.117785546094393	0.322428865652481	73
-0.037084783723961	0.789189041248525	237
0.064333701944066	0.551235366144009	237
0.00562395634347901	0.287959663620755	237
0.069556297117202	0.508827350324685	73
-0.010374880752306	0.689457747798995	73
0.081363115857715	0.605165889109439	73
0.106777345958545	0.449024126713251	139
0.01017113462413	0.624333527108285	139
0.078887375699219	0.301450493840088	71
-0.015783390715522	0.547774793087861	438
0.011400941629373	0.60859788353098	71
0.097630936021439	0.62589202170795	71
0.043274277759938	0.623126777144467	71
-0.0410128237701221	0.412652311630335	71
0.046982624242656	0.480898349984849	71
-0.096663337069074	0.905768873470861	71
-0.10113401210443	0.899743141531169	71
-0.117915603000683	0.652905194872248	71
0.087998533499995	0.361674354741835	71
-0.00766543002430697	0.544482605750093	71
0.117256369226951	0.370934735081369	71
0.015714876477678	0.468979199215614	71
0.042356347901495	0.443101518279812	47
-0.098757578297085	0.2369907750536	7
0.106425939567637	0.18977696608378	7
0.00612444323285699	0.283975586689899	7
-0.073579126732542	0.305552927937915	7
0.112220426381262	0.186296723764712	165
-0.083281523310618	0.299444007674941	165
0.012429898142152	0.275800031909073	166
0.05999577933293	2.39830303649501	254
0.090878503766845	1.26981629780727	254
-0.00882121454583695	0.513642816686893	73
0.041772491566819	0.404358490303914	73
0.115328922681131	0.28060646184701	73
-0.006420667558518	0.935250531210167	73
0.023715475453111	0.528950360845891	237
0.080979817554637	0.503036566078423	237
-0.055023723906341	0.372187611887719	73
-0.011086143331232	0.446187910745755	237
0.013502923934817	0.569219363371391	73
0.075535549691243	0.293845409107322	139
0.093673425663199	0.356956922202873	71
-0.059020682652445	0.935705962369163	71
-0.027993842503508	0.753067957193609	71
-0.056362002004048	0.380676572180939	71
0.010970419431306	0.674732552655597	71
0.04511938030762	0.444312092748419	71
-0.073214149776757	0.527317028677939	71
-0.076114661400676	0.318361095193802	7
-0.027403876289348	0.415023153193264	165
0.028197333863968	1.58707862921602	254
0.032474425957069	0.516497337797459	73
-0.014001424811619	0.396196547844618	150
-0.114316528210062	0.525138162367223	73
0.079650080779897	0.25839556152107	73
0.012155001027467	0.336006172510088	73
-0.0284881502034871	0.680156608714762	73
-0.118890845266929	0.722313830916669	237
-0.114410645870101	0.515466262014595	73
0.120054046251986	0.602517410270063	73
0.048335042410458	0.679534315218801	73
0.052587663828184	0.511927067170078	73
0.023877962141828	0.683411815788509	139
0.074077430828712	0.344673503260216	71
-0.0864110848470629	0.541861456603653	71
0.00960469814972398	0.346232134936959	71
0.090915946442752	0.688658659446962	71
0.116106949005178	0.557870593460193	71
-0.091979230232743	0.444259965042872	71
0.055022767535318	0.468451760136117	71
0.090946148266412	0.450836941967056	71
-0.0763721835108711	0.624305894902216	71
0.022420872727049	0.208576777785622	165
0.016012072105356	0.3339828492697	165
0.00374374470621702	0.427410906162067	165
0.00595771391202699	0.288796008224022	165
0.018216132862307	0.214354093334262	166
-0.007324330287383	0.432826724995147	75
0.106751111494717	0.385257561547217	73
0.10198044605162	0.192424234926112	73
0.011325128302842	0.908992603500274	73
0.10809862484589	0.41889099924829	237
-0.122939613398478	0.66921920442643	73
0.07178128256951	0.25611772228869	237
0.013997657559629	0.350334474246415	237
0.00180957719007602	0.285204151244269	237
-0.057198574976302	0.380993024591414	73
0.094591040609363	0.502748212851569	73
0.090087916089973	0.638221222906866	73
0.045064540406398	0.469775212135944	73
0.072769938814662	0.595364916125782	73
0.038929104656113	0.64930701538247	139
0.067295375917259	0.261175834751442	71
-0.00215424377459705	0.688736059608943	71
0.026744848785289	0.38686811181701	139
0.124920925082516	0.239388806168154	139
-0.066881937367938	0.908875686712165	71
0.083400766417291	0.467412478345891	71
0.077408067326385	0.404039412145225	71
0.11145226001769	0.407976093174848	71
-0.0909205735292899	0.462754767042625	165
0.077038786635953	0.310790256008185	165
-0.119588068802932	0.518800216626492	165
0.069561426568454	0.312352820517073	165
-0.111281180175807	0.474932812535331	166
0.091635389749592	0.125062886124958	166
0.084355845584891	0.336805771524383	166
0.014405530255508	0.21458474823811	73
0.023007073924632	0.211714784764112	73
0.096020472073949	0.702200345693339	73
0.019305517511709	0.991701016671428	73
0.082031768377602	0.399134789958963	73
-0.093731108851407	0.547301310751227	73
0.00991936640569402	0.338268443680343	73
0.010090329296884	0.348380238213984	73
0.04594973818115	0.402578202215788	73
0.0000955886464940048	0.287048120855171	73
0.03619409524223	0.372660024021303	73
-0.00242056508806798	0.619785548986818	73
0.00158841941698301	0.872845819288599	73
0.123329148259155	0.445308892958534	139
-0.080792913694345	0.318215930880315	71
-0.06124845029964	0.479909274338805	71
-0.00579167369398304	0.453428803751995	71
0.036944574911922	0.540628872925929	71
0.00397345831575802	0.698737476444615	71
-0.10135001632614	0.231245031910961	71
-0.059802943438394	1.10518985334255	71
0.103538668786628	0.392731576662846	71
0.00569564800233102	0.339134206532738	91
0.070734069799143	0.260867605022119	71
0.055631398317308	0.605593891949573	71
0.088949350111965	0.486963049314266	71
-0.099973123223735	0.807253878350181	71
0.079373830617209	0.384746987372627	47
0.059053632722687	0.426981891190507	7
0.012264207285533	0.338880739512074	7
0.08504567389839	0.123556715541549	166
0.019632931052748	0.343812466242778	165
-0.091244512689434	0.442783423015033	73
0.015188759227111	0.341004859286826	73
0.089886520108577	0.11993937786539	73
0.116976032756683	0.395541915221929	73
0.088416707495873	0.331151502625208	237
0.048334435540169	0.520777567116478	73
-0.034124301054722	0.515094445451841	237
0.094233736687243	0.381846683166748	237
-0.109459641999162	0.242818994563749	73
-0.029765688928706	0.419828167944307	73
0.102044390725933	0.777872648772048	73
-0.075565154774632	0.975733032550935	73
0.0331565049486	0.816330403289218	73
0.087556010037949	0.465431486641255	73
-0.079682678209865	0.30744375520512	71
-0.117816946510952	0.524764272881236	71
0.124021456570025	0.341898100613627	71
-0.017841477986613	0.40597493040936	71
0.087691032250107	0.622537519579892	71
0.048788265210835	0.878889971579313	71
-0.06845960208702	0.961467643702262	71
0.090696400979851	0.122798470587256	71
-0.05617910836953	0.378462203845871	71
0.106425939567637	0.18977696608378	71
-0.095111327388276	0.813807150449455	71
0.057480837450239	0.461324177590018	71
0.080258120905381	0.258473061109026	47
-0.044028261504043	0.360217675787528	166
0.12288134145172	1.334851208942	254
0.077881047806486	0.254253526183329	73
0.085636555243372	0.403417044542358	73
0.101812040644338	0.632616736021277	73
-0.106195094688867	1.01083653008982	73
0.015918717071613	0.276416539087309	73
0.086703917166644	0.123702559230249	73
0.112747697707426	0.679067080594971	73
0.052916508659982	0.861305275478301	73
0.036494587753279	0.78091942788841	73
0.025900933896812	0.430240026290765	73
-0.073973496479341	1.12977286212385	73
0.053066669635719	0.637986101383189	73
0.00750067607105198	0.285697751652484	71
0.117744374726122	0.504046778624375	71
0.075649367126028	0.643853210811614	71
0.020596655524166	0.644411137050766	71
0.11984705090124	0.396895630287321	139
-0.035953387749281	0.727633851216308	71
0.05147161235794	0.419972597729882	71
0.016205613382299	0.336844669769102	47
0.116110162349408	0.379202731562756	7
0.077528246360951	0.266754970312114	166
0.00401552774983399	0.41034876380287	73
-0.082325121406289	0.67097700449851	73
-0.0000395458446660335	0.673866842028009	73
0.014337661200332	0.203480156237572	150
0.055322650871153	0.795783275034093	73
0.067896238708448	0.801298331817336	73
0.082693496442227	0.333804946984223	73
-0.085627108851232	0.542068522046716	73
0.00521676919758601	0.940135733764848	73
-0.049613345118537	0.855957100249592	73
0.078111096442664	0.673287487212181	73
0.117857488634796	0.477112931981914	73
-0.093439698339235	1.16853371439256	73
-0.089546834604888	0.544652377880977	139
0.124115426982412	0.2830933151482	71
0.030786836846068	0.357013841226225	71
-0.023311954003154	0.407264522256372	71
-0.041675321963855	0.756948480153199	71
0.086601406941754	0.565935197255447	71
0.007810846920843	0.795376735096169	71
0.081507072388623	0.606337061105723	71
-0.121841758940034	0.651250076455047	71
0.079490853561328	0.516628531976686	71
0.00858457909737798	0.447114275464713	71
0.012048224898785	0.279586738398944	71
0.089067504353307	0.391663962900594	91
-0.033366152924633	0.577147303601579	71
0.089430508962146	0.370699723758168	71
0.081690143822526	0.339733213839471	47
0.038074184476842	0.466807286310199	7
-0.08385603757008	0.544895028862981	7
0.022528582282045	0.341032694456163	166
0.110798842117473	0.671656319833033	75
-0.083113048436992	0.737216906395083	150
-0.06163798188892	1.17241101724503	73
0.032955351040548	0.506972003539368	73
0.038573450583439	0.556136610826164	73
0.050043113928711	0.503707550409786	73
0.035029314993578	0.596554786480293	73
0.043280783048384	0.731776471339238	73
-0.001305281058821	0.440307227892229	73
0.077285293617605	0.383874303870469	73
-0.00631634375969403	0.448683224435151	73
0.111152203241696	0.359992029693265	73
0.118650244645303	0.418554450689629	73
0.00871070298497401	0.766283885846957	73
0.107897570504449	0.577174919628071	73
0.116048248158291	0.42965556126516	73
-0.057585870526087	0.704684657232408	73
0.101801186040087	0.401607445880411	73
-0.120634230623395	0.533310864014128	73
-0.124999155684467	0.69993150867396	139
0.117864678237043	0.502717467801068	139
0.091270645494526	0.473947304776935	71
0.081835883117584	0.345862664164098	71
0.061778238401289	0.7984801937828	71
0.11288810040158	0.347341384252164	71
0.123731878789098	0.317962369035123	71
0.025689487733246	0.375123812488067	71
0.101388053829122	0.191982306184131	71
0.007145390195468	0.281551979499946	71
0.045916045503033	0.462079893451317	71
0.117562331780471	0.285125074364214	71
0.081131908561809	0.290841470902316	71
-0.11065041866491	0.747121558266763	7
0.042769937838038	0.409673262274102	7
0.007311938703851	0.282518187063172	7
-0.111245844083391	0.515325867891291	7
-0.073682566188149	0.309831535085517	7
-0.084716458834443	0.542165564185641	166
-0.108554753610459	0.241854685904346	165
-0.069859669024484	0.519279203762149	166
0.083111283129822	0.462625394224549	75
-0.012389750796263	1.15831603562792	73
0.084572013286182	0.34188423056847	73
0.085212786937378	0.251361183768538	73
-0.021367099812716	0.73850634677446	237
-0.081801970010108	0.948643677971722	73
0.00553592510420697	0.762117796811524	73
-0.112699438786203	1.19462788137863	73
0.035133857656475	1.23399543289047	139
-0.044901764077296	1.02336012680239	71
-0.057703781583777	0.684947799209916	71
-0.00531535371227698	0.74595015072885	71
0.044816833962745	0.530370794793318	71
-0.023938380782957	0.541408577932798	71
-0.093797696211823	0.442174411785846	71
0.111158657215293	0.186654528546029	71
-0.07758692372514	0.615837393005707	71
0.03382113065206	0.607870996491693	71
0.042671103740003	0.647491265453622	71
0.124075271895548	0.369630209466901	71
0.00347482592538001	0.28835966088373	71
0.00497656199840801	0.201946899649156	71
0.01346954006669	0.349076283459252	71
0.1002235663176	0.303350276781395	7
0.062486712438707	0.456597114111064	7
0.04175823817977	0.664682824818	7
-0.029456468608408	1.2478119672312	185
0.05242513380696	0.811498477036894	73
0.097456795888484	0.476201974042674	73
-0.078273197718935	0.990475665153794	73
-0.099375498705959	1.18314480614174	73
0.122548850983564	0.649580867602846	73
0.0194520678448	0.622337660831164	73
0.06235031383553	0.750507023818053	73
0.093073022402119	0.478808241867865	73
0.07957511211389	0.472332097060775	73
0.017086094459434	0.651001407201989	73
-0.113156830518982	1.04347234590475	73
0.098501681030042	0.444930559631318	73
0.06056333557016	0.92138659780501	73
-0.085113923162114	0.997682024172141	71
0.00191660060640803	0.867297396284666	71
0.101203476155333	0.493506649439055	71
-0.00396112461325704	0.621786112553762	71
0.082584320865537	0.44207929630112	71
0.020852976721863	0.386067800701358	139
0.079752267143073	0.761897024959644	71
-0.05833500462014	0.482131152821866	71
-0.037477395952414	0.588908166340511	71
-0.0358458071611461	0.723127973809502	71
-0.049888553650048	0.371791501985629	7
-0.047456620872987	0.632586624784526	7
-0.122119813640949	0.484529506594233	7
-0.051365256531467	0.374179445263279	7
0.011844174094004	0.462298695066357	165
-0.111004560375104	0.24928574573673	166
-0.091889846553354	0.464615360690631	166
0.124920925082516	0.239388806168154	166
0.003404485011054	1.05448279850457	185
0.018983048895752	1.16209532283833	73
-0.072839163690145	1.01572708860764	73
0.028430362644401	0.616222315749149	73
0.04636513511479	0.435863228200853	73
-0.023317406837694	1.36223094595068	73
0.092998119183897	0.597435176519792	73
0.00742265790011698	0.74365672842637	73
0.019427695062084	1.00126237811415	73
0.089677209814779	0.979724857440359	73
0.105213904753191	0.523277754548421	73
0.036683433408418	0.416778853268062	139
-0.063690959782639	0.724626104783327	71
-0.067406935894254	0.693686482228898	71
0.084848825084696	0.376498321378564	71
0.0096359717624	0.475694939619196	139
-0.021720513227067	0.971949861543347	71
0.12119575505826	0.508813079486435	139
-0.082030703031988	0.551383038744995	71
0.101412240176778	0.807628232687096	71
0.082736294901909	0.257860424104854	71
0.013755709976501	0.342578499623318	71
0.00595771391202699	0.288796008224022	71
0.00774745605096699	0.273932757139626	71
-0.094822974248304	0.273159353962603	71
0.075633038464164	0.265058449302304	7
-0.00309943408151203	0.764861110911348	420
0.008248330180125	0.282344636307427	7
0.091412740929408	0.122778214287602	166
-0.071773597355512	0.312488527181359	165
0.039978423667748	1.77278412558891	185
0.124064309751716	1.24410478630939	185
0.018440698554775	1.76193343911501	185
0.099975371190955	0.806081487008218	73
-0.09232954351369	1.06288550230152	73
0.060488527868478	0.905324056477382	73
-0.047505448065488	0.98594731796256	73
-0.073038566265538	0.831679102020527	73
0.109978526611265	0.418856911639106	73
0.017853536432381	0.679211528927536	73
0.046609187986474	0.744070763173015	73
0.076604450376131	0.603243328537762	73
-0.00762265037416399	1.26413411074059	73
0.071914887281842	0.811858907868269	73
0.018660363195396	1.02088526346498	73
0.020938625142465	0.546453715108284	73
-0.059239480937208	0.629983961056461	73
0.026451600127018	0.759155025208423	73
-0.052239435839281	0.94074040461611	73
0.025572184259271	0.663086619214294	73
-0.0920005294893	0.928055685087005	139
0.084693841021365	0.490646448223971	139
0.071624858369021	0.457528873774982	139
-0.011994588821712	0.707120012349884	139
-0.031431170715259	0.715765098036726	71
0.079140596334349	0.621076543072182	71
-0.057718159198511	1.1197372759169	139
0.061305201216316	0.49243849959295	71
0.045621761464762	0.482378871307223	71
0.078101147589133	0.505564995199437	71
0.079360152983455	0.416932354650193	71
0.109436669768704	0.381424476572475	71
-0.021412294506985	0.505094430014882	71
-0.00649687823302403	0.441495426211555	7
0.034969120003015	0.421300477850483	166
0.048861765616642	0.396381051233717	7
0.10765523085356	0.382945540920532	7
0.019193364125777	0.212598286307675	165
0.079063565448825	0.265192437554621	165
0.123833122726885	0.23481346538133	166
-0.013871029797679	1.89780428055021	185
-0.000328021737366013	1.87537606847207	185
0.075977515227836	0.679749819208311	73
0.090806098022199	0.862511184132211	73
0.084394748528829	0.697941117775473	73
-0.019580002183502	0.854523876935544	73
0.121412383197045	0.456890828282952	73
0.103620922818309	0.824069325009923	73
0.107855202779532	0.773588983813398	73
-0.057410009383201	1.24366727754171	73
-0.123594635757506	0.828984472413596	73
0.050500112443165	0.58229493030619	73
0.056820289438306	0.467262699350977	73
0.074325400526492	0.304800320479153	73
-0.031015041229532	1.00337230211061	73
-0.019614392001194	0.878123143157373	73
-0.00313056633890296	1.00116948552502	73
0.00961192940536998	0.694094563645083	139
0.070008614638757	0.675669107174982	139
-0.086596544429101	0.845527657938268	139
-0.000979094407934977	0.537110444767827	139
0.077026662250267	0.308885694569713	139
0.00549339781443098	0.541083169988593	71
-0.078465453972815	0.680420356648769	71
0.076542946417695	0.657547337476306	71
0.043656505199632	0.760563695307589	71
0.00278925745504099	0.672825675097057	71
0.066813218920906	0.443041418892129	139
-0.013809625692098	0.564259203834822	71
-0.084477552400139	1.16197611130635	71
0.111420323083874	0.51295488202677	71
-0.09799512977889	0.68715160977309	71
0.027494473898857	0.483911872905009	71
0.016336111950214	0.467744429849248	7
0.073903237433346	0.354385970898953	166
0.112061638776482	0.186858694393916	7
0.076580500549294	0.266973487198937	165
0.123060194520852	0.755973127103518	185
-0.091793380375419	0.625277883616005	73
0.058794792665377	0.473099847646344	73
0.097710955902814	0.532060060466278	73
-0.054348369393906	0.85233984423525	73
0.117554644285823	0.346960849572581	73
0.005019244787836	0.290944264922213	73
-0.105411619598746	0.243584912065417	73
-0.00847090610585699	0.830532006612489	73
0.121753823224713	0.564997641735611	73
0.021508469318541	1.04810251917524	73
0.014198359560155	0.278560517933063	73
0.025212471051361	0.203937476345199	73
-0.1020348285837	0.594687526523319	73
0.095802870790959	0.562094095061498	73
0.123651412875569	0.552873434136195	139
-0.02221014831262	0.538083464896597	139
-0.026272061856687	0.557005384549656	139
0.073029741660443	0.26275175165573	71
-0.017122416586457	0.702721439234298	71
0.038654274948803	0.657472538416485	71
0.058681496153852	0.680620235840326	71
-0.065161728439377	1.14919375860642	71
0.063283303746539	0.478329860598084	139
-0.014873526130189	0.818854621540945	71
-0.034342483692145	0.752981604900268	71
-0.114005949971461	0.897837420476147	71
0.098002753035638	0.410187052357228	71
0.054239680859316	0.435253026975448	71
-0.10391787946711	0.71036275343842	71
-0.110871513622321	0.247125742542788	166
0.101232874844203	0.193169112263054	166
0.101813370699137	0.185878911948068	7
0.072850434103169	0.264863193779475	165
0.020274650966977	0.206599183749088	165
-0.039804595597104	0.347680349244766	165
-0.048004755377635	0.368936146082327	166
0.12212541091429	2.09100001845439	75
0.047275236966682	2.33438224172767	75
0.086962024139515	2.00396991084189	75
0.022148321223246	1.92097560561969	185
0.035415642712005	0.369409691542241	73
-0.011482838459007	0.760007870318304	73
-0.070989448358595	0.827754002137683	73
0.032598552278316	0.370168919103162	73
-0.12257789514237	1.08845051886411	73
-0.099773476236654	1.14129870140452	73
0.00972895628401699	0.531659697359779	139
0.077472784695546	0.255565779516375	139
-0.00929627667363897	0.903722686088401	71
-0.02169013459032	0.818758161469928	71
0.00391490930383798	0.288130624211606	71
0.014997220557915	0.214725591705819	71
-0.081205577520776	0.311658775018434	71
-0.117001797697418	0.530144223008999	71
0.076170014763922	0.477986879997472	71
0.116203510986005	0.427138302728745	71
-0.058777396244005	0.819969304487511	71
0.056213246150033	0.517603736515957	71
0.114774423180294	0.337491096064117	71
0.011735947909246	0.469263046919592	7
0.057927654856429	0.434202708301317	7
-0.087403072893402	0.300832277963961	166
0.094094926298728	0.118706078687127	166
-0.083152991012318	0.538597907332428	7
-0.03410634131268	0.581305008685334	7
0.032520223333158	2.26077636584215	185
0.078618856554075	1.52903073446284	185
0.086981677705144	1.2109207677044	185
0.119294099435234	0.3214921697536	75
0.077083858743404	0.343011019562769	73
-0.057405826754357	0.485045135957896	73
-0.080454710961559	0.71508521395557	73
-0.0821891203243	0.738130044143107	73
-0.090968321497038	0.930092418734424	73
-0.056966136101803	0.984525278418618	73
0.0157738986711	0.905843418903453	73
0.1118802931285	0.567719600312677	73
-0.098310983217952	0.661201640518469	73
0.079177881765385	0.552701553913476	73
0.042572330738452	0.654175901177807	73
0.107456428352779	0.54572945311876	73
0.122689828386162	0.315921727108528	139
-0.040645359523215	0.49948414566181	139
0.084285819635841	0.427509801025675	139
0.078360654909557	0.508979618172219	139
0.043810697924673	0.737768453976646	139
0.039206594755833	0.758215886735077	71
0.120451872353881	0.478028750007324	71
-0.118129539604344	0.819333895537836	71
0.088268039183386	0.451464889259461	71
0.016763273269975	0.48469946192979	7
0.020424131595298	0.211942207610384	7
0.121646066132803	0.321587164773479	7
0.082169887255684	0.300667052676068	7
0.076191990203158	0.370999087927807	166
-0.0240160632266579	0.398411548341997	166
0.011801026607539	0.34517792222279	166
-0.064905485420141	0.483418690878921	165
-0.123638105859178	0.942192770320346	73
-0.0938345218723	0.454714466384058	75
0.068018475914964	0.307301014055254	75
-0.047806536589653	0.473447443416773	73
-0.100175825391865	1.07010076749816	73
-0.092936373654925	1.23658635417854	73
-0.043684476342056	1.12361853656952	73
0.08592574749697	0.454516239160588	73
0.087403835258731	0.4837015199753	73
-0.108021703354223	0.841722469522906	73
-0.021489466705914	0.705806168462492	73
0.084378608708742	0.412931587096219	73
-0.046331254598156	0.393692867925901	139
0.073616637583837	0.42077855792756	139
-0.106147898344897	0.7528390777387	139
0.057638956068003	0.651969588851642	139
-0.114323427316758	1.2636432524524	71
0.09251004209108	0.689670379034077	71
0.104097163146213	0.415151286780937	71
-0.071774383411436	0.609565082389614	71
0.050924525272641	0.542795111215514	71
0.086768408238799	0.408916061370145	71
-0.0221791162493939	0.528346846925403	71
0.112751846655861	0.310260714441608	7
-0.055491159776917	0.382261865890924	7
-0.058067251567673	0.37905773443656	7
0.091412740929408	0.122778214287602	166
0.102136233333622	0.192370991419772	7
-0.061254071141146	0.482528824617605	7
0.075043430260466	0.263616069321458	166
0.091363889938259	1.37120518928747	185
0.028649386603714	0.486828572324125	73
-0.077242583297238	0.733153688143969	75
-0.086797181032063	0.311679081529447	73
-0.085275712502405	0.311471430195799	73
0.017858497488484	0.344081853335978	73
0.072551262616555	0.249342856523089	73
0.111158657215293	0.186654528546029	73
-0.059645255459597	0.488983440036607	139
0.000317701258587988	0.437529349894393	139
0.05978874480235	0.483291951076654	139
0.11088050350888	0.533939062111921	139
-0.086193184474655	0.30985863494245	71
0.112885343989219	0.42278330464625	71
0.043903407242856	0.527423071780814	71
-0.010513350787375	0.642721551997342	71
-0.00538306846227299	0.67775308755003	71
-0.114966079771423	0.663411399996266	71
0.119347989288454	0.369335026515249	7
-0.061083407305268	0.567128269680812	7
0.068531431414015	0.313620310513127	7
-0.102889977137709	0.238400518545906	166
0.088337588624757	2.31780635349587	185
-0.016108581117549	1.01570937875489	75
-0.010577210584812	0.932489130724616	75
-0.073087736382581	0.969963612576052	73
-0.052702422350475	0.385159622744444	75
-0.0900496205250691	1.24288438922597	73
0.070146052565275	0.603318237400893	73
0.070053651055698	0.310321254028761	73
0.01474253395028	0.347890388775844	73
-0.09606186861347	1.22225878786559	73
0.000607079143158995	0.530812426437368	73
0.045043140986252	0.538039613113289	73
0.12285032313686	0.567379416362145	73
0.11996827275109	0.517418966389205	139
-0.018018919031548	0.8500406304732	139
0.123813271045373	0.304187660987688	139
-0.040515312114582	0.951357047662481	71
0.067210934704578	0.532475056325258	71
-0.102751705653411	0.812569347977705	71
-0.02190806257427	0.735103824505137	71
-0.077798452257508	0.739334712480535	71
0.06544576933502	0.509234950320023	7
0.094009592966652	0.118947703582815	166
-0.071773597355512	0.312488527181359	166
0.00722296030129099	0.462719440880006	7
-0.016213324935464	0.629849668047625	73
-0.04957055612968	0.363328348625333	73
0.073502419100435	0.302271473073563	73
-0.016362167522657	0.594869390299622	75
0.120614749799461	0.349678578900459	75
0.037673693758792	0.544833368760667	73
0.118863437989506	0.650004965451466	139
0.081431698105334	0.257582243810606	139
-0.0909205735292899	0.462754767042625	139
0.116769972140401	0.670556433273844	71
-0.117224600231116	1.3325119119495	71
0.080458819313004	0.539751784018039	71
0.087881740528945	0.524370443349277	71
0.066393563891434	0.485305929922575	71
0.064200190302955	0.578730360366112	71
-0.039467632345735	0.570373457715878	71
-0.0251033384041049	0.614733445094531	71
0.00721233482401701	0.66704751429602	7
0.089979751172428	0.12031277846722	7
-0.013709533447579	0.449395325124718	671
-0.000129194916668962	0.3378249841693	671
-0.023653431376752	0.524850820663025	73
0.066099979624086	0.385629313750991	73
-0.087152424371406	1.21232784197784	73
0.063841651844767	0.638309378159803	73
-0.00474836812478496	0.579341440424508	73
0.026760342206551	0.634439283650938	73
0.082552023313629	0.376306331379818	73
0.076361433775909	0.260667276998829	73
0.124486924830959	0.266289387170432	73
-0.120668829552599	0.531099387073943	73
-0.057579887372881	0.646241111708033	73
0.081709593180859	0.595911914804293	139
-0.014716000243379	0.873303273228315	139
0.040860171665333	0.404899196172398	139
0.063663222752103	0.3143114447967	139
0.074095738100647	0.261795869838451	139
0.091145980415789	0.605766553143718	71
0.123984210866421	0.624591477006023	71
-0.093856138775995	1.09089272909484	71
0.098755290508221	0.60426269061142	71
0.059640065934734	0.419456087211777	71
0.017400901110108	0.348365583513439	71
-0.0318807296042251	0.597450631516445	71
-0.014864124666962	0.80105620163267	71
-0.106138589629093	0.962105130514252	71
0.023060434669173	0.497448253402176	71
0.011414164296791	0.475729789751272	71
-0.018046312601032	0.400442928887166	7
0.051265147189994	0.43662480218533	7
-0.097277228736864	0.230594185500367	166
-0.120251797239959	0.633876725360978	166
-0.093948414108524	0.465534984743544	166
-0.079939605984807	0.539335428431131	671
-0.012409172066556	0.525387732292594	166
0.073364933764463	0.389554425429726	75
0.051632072344093	0.544312487663016	75
-0.040306805370159	0.906532202676339	73
0.011257445059089	0.638767519665715	73
-0.091763666090065	0.672683479380568	73
0.108467408961845	0.838490360814108	73
0.016323765741361	0.857168040332858	73
-0.0969461810771211	0.748291157146694	73
-0.099228215508304	0.815857097098354	75
0.038550438424552	0.406688897578359	139
0.044187733185973	0.447950137076067	139
0.113807934079677	0.285089383257361	139
-0.108879068502488	0.607887658200031	139
0.030779918623873	0.8072155123483	71
-0.107807540725199	1.23585121954809	71
-0.096103062220013	0.950738006783689	71
-0.054250604151754	0.53477113300001	71
0.083321824631482	0.253514368354037	71
-0.123966277479288	0.656722231619856	71
-0.00447059211332901	0.609693570419908	71
-0.070441718463952	0.646690488279498	7
0.102291798521985	0.189635918531919	7
0.086915005473034	0.122358046121638	7
-0.026176446466439	0.40377113067322	166
-0.073569277390906	0.58401631576466	166
0.107206170901524	0.345212349466243	671
-0.022503369626298	0.541130248864899	671
-0.022597195161748	0.40780849702653	166
-0.06012282904435	0.478505726903885	166
0.079316844629275	0.346730994259867	166
-0.112451460121794	0.867286376645273	75
0.00185936180822399	0.63821859941941	75
0.073501767508297	0.501602603499514	75
0.024678571576803	0.332140324289778	73
-0.031771604670546	1.0981121384677	73
-0.00667376439147205	0.543119153454722	73
0.018203088165282	0.449722905356469	73
0.038042604261612	0.412092083897643	73
-0.077503665571754	0.542942210068397	75
0.105682168044272	0.18994603125229	75
-0.00833664982068205	0.439749192211995	73
-0.00305476736515298	0.599406186722098	75
0.00342159773852802	0.767127682129253	139
-0.00151304098855898	0.333653976005127	139
-0.116862868151183	0.503975401340038	139
0.116799630085732	0.656642064063458	71
-0.07523771652822	0.292578881699918	71
0.02911903579501	0.367283668027125	91
0.048558447608503	0.559747785470387	71
0.077348465140358	0.266798186144032	7
0.028687171047963	0.200942976412888	7
0.076160931677556	0.44188596414446	7
-0.038452261552796	0.711651821473687	166
0.035890979724231	0.352379383998132	166
0.083184836316583	0.334413765255289	671
-0.010475248825363	0.387525828395642	671
0.043134342858668	0.399394723513502	671
0.082766128602946	0.466213092763738	75
0.057196429858647	0.427586103490505	75
0.096254186329744	0.118495473551821	73
0.065262244237281	0.351458616693057	73
0.117600942924783	0.318945786342503	73
0.056815331343653	0.409569627874989	65
-0.00218828356362899	1.13842123539237	73
0.096348939937992	0.861898888092011	73
0.120312995476319	0.404162033580364	73
-0.00743529275087895	0.634106976699251	65
0.068782416803731	0.310749723139285	139
-0.095343095522432	0.596339285841292	139
0.118862912622998	0.703125308126091	71
-0.03303647721828	0.94544929215449	71
0.124638981491343	0.468663195599286	71
0.095337553808331	0.689958072787703	71
0.081519200235686	0.68911446958837	71
0.086226567152563	0.604180397832508	71
0.054800630397387	0.623449928502188	71
-0.073290740547827	0.776188382361362	71
-0.021110650213689	0.637656068041329	71
0.028339456663657	0.578651660477525	7
0.069271142644706	0.56603900729403	7
0.019539242092686	0.211573977492915	7
-0.107859536058582	0.240094195813844	166
0.094642141538619	0.39367286358711	166
-0.00811697766831798	0.438891493526254	166
0.079154218935518	0.351122885906055	75
0.098103754849892	0.745064888580183	73
0.012874920597312	1.08414255179478	73
0.1098107784299	0.916899005680836	73
0.114058329660866	0.750902466309483	75
-0.107451621089305	1.5247105984667	73
0.01071753987508	0.287912361390785	75
-0.117732106134817	0.529113525340935	65
-0.076688853004076	0.423822500760813	65
-0.0272775094058501	0.42567851534883	73
0.056642953512595	0.867033889512222	73
0.103521725097582	0.379431288770093	75
-0.095514368059388	1.29922782638874	73
0.036098338508407	0.568790913803287	73
0.079659753087858	0.7220863640379	139
-0.116160114333621	0.503983808697137	139
0.013215000400361	0.773194724024122	71
0.078983499238606	0.852846797071925	71
0.062733525857579	0.659991745301654	71
0.116184428313835	0.488365983649248	71
-0.071923402600711	0.311030731977033	71
0.107134514592927	0.410186282702762	71
0.097460932155364	0.629496626558052	71
0.096031334809112	0.582674031638515	71
-0.073078353637639	0.772558026222953	71
-0.0304662214770191	0.842993568290671	71
0.023978173235246	0.728365712170188	71
0.069068497106773	0.55908959794602	71
0.079772197037616	0.253518167774871	7
0.018216132862307	0.214354093334262	7
0.096783206272265	0.188933167584185	166
0.023007073924632	0.211714784764112	166
0.030217679971001	0.366357862714793	166
0.023488559813145	0.338374220136164	166
0.014405530255508	0.21458474823811	671
0.111475244655921	0.186468662315368	671
0.108071760477326	0.18785847840567	166
-0.08771417427572	0.310072064808174	73
0.112560129174422	0.326275360387064	73
0.012612936115175	0.990221472130878	73
-0.102654836531115	1.25077246158445	73
-0.100436875507951	0.243859923513718	75
-0.110689484031749	0.518642514510227	73
0.113826974552077	0.346240670225729	73
-0.049360678906929	0.805141432189388	75
0.010302102690801	1.0018170023411	73
0.095965715775134	0.62952052249614	139
0.083111676107444	0.692323582536282	65
-0.064664270615303	0.483523302532318	65
0.00676289022279603	0.464505329311555	139
-0.02587496650639	0.405927288677959	139
0.063907290053807	0.849320732412197	71
0.103526612065918	0.781099359611972	71
0.059215900796884	0.622514023113125	71
-0.034107921817391	0.496901703785126	71
0.016707090324387	0.742163831695915	71
-0.045591532914369	1.11755998758384	71
-0.00915348211989897	0.897442793549357	71
-0.118333291363705	0.977277762535538	71
0.02615117210626	0.790767609461761	71
-0.017713896014558	0.830911286119942	7
0.099736680798994	0.191118910675955	7
0.093292111011753	0.121566231332134	166
0.088611064263538	0.409829710835916	166
0.12129919694578	0.39261313690922	166
-0.078571764698202	0.636103895165891	166
0.079772197037616	0.253518167774871	671
0.084076510462583	0.377297415609766	671
-0.00965624060654202	0.455559857618081	671
-0.00175829546003603	2.45132544953348	75
-0.0170763241055441	0.790883450970195	73
-0.044136150655122	1.126366175194	73
-0.032641303905103	1.06878820049445	73
0.052389917625856	0.438630849734559	75
0.108421824621817	0.474596361192289	65
0.062982717377055	0.578625556547196	73
0.047429361085177	0.725555228442581	73
0.046225666749185	0.802150839652054	73
0.047543095969192	0.716773861466862	73
0.02784103561397	0.866749684743325	73
0.091663825954973	0.681150408406016	73
0.079213910566036	0.757588089393991	139
-0.028937138126291	0.642954503619258	65
0.079455117474804	0.384563104047545	65
0.088506017654429	0.326208967141065	65
0.044159732017128	0.409694776169395	65
0.038200455114859	0.403116169517238	65
-0.0534310115215521	0.718690077282119	65
0.119234281015555	0.446016526753973	139
0.072704013854266	0.630359819875715	71
-0.033025515379555	1.03893722065117	71
0.065844238937722	0.869858932393067	71
0.089870096557404	0.750853710904079	71
-0.097908166651941	0.774681597882861	71
0.118426287154815	0.470299211189012	71
-0.025702731364156	0.613286418935308	39
0.104958085891462	0.358685906493521	39
0.00451168518277001	0.470673733182793	166
0.055984138210365	0.485948511658568	166
0.014723620368612	0.468540936139619	166
-0.030039536612019	0.413611573291768	71
0.029474590770916	0.376411759790201	166
0.012506833631549	0.350548445539354	166
0.049006420321125	0.932416813259536	73
0.107387442629235	0.774794864767901	73
0.032924054219122	0.489209985941772	73
0.119071056161312	0.911287185426503	73
-0.045063642711165	1.25131531449257	75
0.05949764829528	0.672723439864785	75
-0.03379417756228	0.579072381447763	75
0.122091058067525	0.497660778530874	75
0.080693314140633	0.340487612600728	73
0.107189918133829	0.704857263383462	73
0.116141239423795	0.868066215742917	73
0.111545653508391	0.68160185716329	73
0.012506833631549	0.350548445539354	65
0.113387095567138	0.856170476872562	65
-0.124605532540105	1.21784951490028	65
0.042319331274859	0.545815740111119	139
0.011920583886766	0.374658793256173	71
-0.062177043789841	0.48338333239885	71
0.066827942567178	0.707588859689238	71
0.00283347648607002	0.989393482863212	71
0.013728908405412	0.934112436154171	71
0.083984410339977	0.522967346454878	39
-0.026418756451175	0.790060509460129	39
0.023156958207752	0.210462038873037	71
-0.061062696624397	0.568402469716187	166
0.022490472595877	2.10428156838768	75
0.00710874942581102	1.8346858743387	75
0.074335160380863	0.950233975411017	73
-0.013804247708465	0.654378875374241	65
-0.057163545994678	0.488386291129843	75
-0.01167374177286	0.908092166449671	73
0.091224932094902	0.486113603193703	73
0.101818987347181	0.541777984892077	65
0.062140144027366	0.675125298484343	65
-0.071145239577877	0.672127305074896	65
-0.122366366322981	0.911410494169511	65
0.048486212562769	0.393872924026659	139
0.08579110502066	0.493970267170176	139
-0.099948912173779	0.895377202601534	71
0.053382375141004	0.811718714453434	71
0.082272681383236	0.747027934221579	71
0.070696117075656	0.693519469192341	71
-0.00772757893562504	0.799208607439326	71
0.052236118220414	0.58714825454388	71
0.116677753303214	0.702008572032357	71
0.038969092618907	0.625103236817965	71
-0.00472343552399701	0.621631759309074	71
-0.0220021475833641	0.661937283633731	71
-0.0946874766389369	0.693156011616732	71
0.00231901182065802	0.548283824662376	39
-0.087971432514067	0.710584954991431	39
-0.034264870817442	0.720015744672278	39
-0.121065117810352	0.364821347158813	39
-0.02335469831408	0.419181980082213	671
-0.065639833436794	0.484244281932259	166
0.073816281383325	1.7737983439062	75
0.06734602524618	0.47032035544743	73
-0.11793243011566	0.526683114509122	75
-0.022668990449056	0.411413495989244	65
0.037991071245146	0.545154449109371	73
0.010024651349474	0.570563564310929	73
0.101105662202508	0.531666569921441	139
-0.044768589130733	0.76311672752072	65
0.028127491034878	0.380633861224826	139
-0.100019867165053	1.0791630209338	71
-0.013318285026218	0.983240069946859	71
0.00791451614694599	0.281405252259401	71
0.081130808675847	0.466912927480366	71
-0.055739985999925	0.7071699824488	71
-0.00340601111187	0.560387723015536	71
0.032154847813554	0.603114606247	71
0.013403820380952	0.26531824083971	39
0.1180740414688	0.454473571627155	39
0.124038312272213	0.310157419490587	71
0.09112272356771	0.240667565056987	671
0.115479950325613	0.410223740682239	73
-0.00674226932414901	0.518982433694247	73
0.087699258192476	0.748725048693546	73
0.052649246275948	0.832108984275152	73
0.029150749070838	0.752886337095526	75
-0.048839794658567	0.926131986270911	75
-0.019822237214821	0.534735193150534	75
0.072876451467219	0.318115479268725	65
0.113006363976501	0.314516870741008	73
0.023212466161676	0.615597241894265	65
-0.085163259288074	0.548943586551613	65
0.051506877865549	0.472673980293226	71
0.037196033095665	0.534758776953145	71
0.010295593697923	0.632566049327956	71
-0.0233826203936	0.410086457806449	71
-0.121952853652204	0.915747859380412	71
-0.065850979918734	0.57092736828929	71
0.076699243126409	0.384479918287169	71
0.072049800202181	0.416766071042798	71
-0.00612410437677002	0.540293347604416	71
-0.060950416814341	0.55293471568978	71
0.050411096209019	0.452162261964042	71
-0.051858791447621	0.509734475956568	71
0.116399245773351	0.316634654707618	670
0.047674363399139	0.498526019883873	670
-0.0240160632266579	0.398411548341997	71
-0.050345488723018	0.470273614171953	71
0.034506005040104	0.355580131577316	39
0.043213434479788	0.491246084031613	39
0.024327233182495	0.200676948379023	39
0.108655175833507	0.181775923837796	39
0.018952496543016	0.214889758599387	71
-0.077313071041017	0.312924340256403	166
-0.083786930729873	1.08675456428117	73
0.019655857686289	0.594435514237607	73
0.061716618473432	0.717410450593435	75
-0.0906130418053131	0.644239805628183	65
-0.097095922783175	0.687909801828619	65
-0.026912663019153	0.411140880194694	73
-0.091620180778885	0.673858342980343	73
0.084294739852948	0.455864676135396	73
-0.020595659509306	0.767964724040947	65
0.112493598708909	0.357138410635117	65
0.027269948881382	0.374310420479065	65
-0.067750513058617	0.694780905283124	65
0.070383262249328	0.505052552889859	65
-0.071211709071849	0.706710852482494	65
0.080792283032697	0.507827564372909	65
-0.02446178381588	0.554627074442693	139
-0.05009971818457	0.575519812965251	139
0.06989739723166	0.397703205266141	71
-0.044955191568175	0.912831985202257	71
-0.071204427483604	0.716890971458728	71
0.012607758467167	0.572661182764769	71
0.000166576285927977	0.743026024773048	71
0.02399047998002	0.674745949256614	71
-0.103479608344394	0.97369604806322	71
0.036228324903948	0.458607505321179	71
0.00127353591423901	0.425264518576566	71
-0.0923052040017	0.587799569522714	39
-0.022822896454324	0.403480805054558	71
0.065597684802039	0.313015548726549	75
0.116280902332694	0.377487864271656	75
-0.122801608833465	1.12297736676932	75
0.057432666816776	0.546184471893828	65
0.123187393501842	0.423664016945309	65
0.024641055147663	0.559026153415285	65
-0.051575289764434	0.381376723504667	65
0.059367194146623	0.424705565721894	139
-0.058331765829178	0.47969252705378	71
0.123945279247016	0.494583512199883	71
-0.042072959376261	0.589110995016163	71
0.066372870294884	0.624642899847123	71
0.046812641890562	0.709121571435755	71
0.071902706706725	0.264439991618527	71
-0.116472459407856	0.970488912941595	71
-0.033624609002078	0.927170034380432	71
-0.075657652527701	0.312420285575349	71
0.043814045662563	0.474062796413275	670
0.018216132862307	0.214354093334262	71
0.106860401743307	0.454693636546041	39
0.02622652690196	0.649154421785085	39
0.098216710715942	0.586055300207324	39
-0.110921790489859	0.514170596697957	71
-0.00241572905271203	0.432397116194564	71
0.039800031808034	0.407564239940762	71
-0.0817943219557991	0.439102816502213	671
0.095534745745171	0.121110502077163	166
0.024042655789844	0.205691064929218	166
0.03910222263434	0.399936844823133	75
0.030056860841128	0.368065431084456	75
-0.03123760507198	0.892664165051229	75
0.114484305759088	0.437746740305489	65
0.014384941636931	1.01647430737256	75
-0.091421860783642	0.668470668375669	65
-0.031815667664351	0.576297328719554	65
0.00725480322080702	0.673870868065376	65
0.084752862441279	0.405257441481636	65
-0.075357112832879	0.316514678952105	139
0.083185533763388	0.407587001384695	139
0.024923026889631	0.377860231464861	71
0.121765761220625	0.425499629567358	71
0.00233477277168698	0.429586769712747	71
-0.090888314341365	0.824913682063197	71
0.072108800227476	0.757438118039572	71
0.098978679424541	0.774500405256992	71
-0.101974476205235	1.02745210436119	71
-0.00311267055987596	0.448271443291878	71
-0.04527517631135	0.358782258047723	71
0.042002756056102	0.816617018778492	39
0.032925325004164	0.41167352401091	71
-0.00464339232302302	0.448215804935419	71
0.023742569638732	0.2109789444204	71
0.083617235130478	0.297399849966165	671
-0.105877973349914	0.248295887545134	671
0.081970292337331	0.258549733090362	166
-0.111777649370352	0.248129602538127	166
-0.050559122628297	0.540680519113501	75
0.032313747278166	0.371537473829815	75
0.030704194252134	1.0498009094595	65
0.115991529603375	0.599853187381881	75
-0.02818573952758	0.970573625247611	75
0.124524417470677	0.632767263343938	75
-0.039724386205602	0.796666355640843	65
0.03931659774802	0.551018725130215	65
0.117969228521382	0.591029723666392	65
0.00299619304556298	0.472348868396028	65
-0.043062139510351	0.596572739226166	65
0.037521631905241	0.364542366927241	65
0.072876451467219	0.318115479268725	65
-0.032719209252869	0.4022133578978	65
0.034755531730616	0.379141596738518	65
0.06515317097532	0.615518846549473	65
0.042334982720612	0.405496212331143	71
-0.0835983516430679	0.538006704696827	71
0.120500337609384	0.281138315025062	71
0.100755121444416	0.187103574982213	71
0.069972161709632	0.872072583203156	71
-0.00596225894449098	0.953607675481702	71
0.080888411458219	0.308741683710644	71
0.01820103613517	0.272712883566834	670
0.121873221123203	0.597430319990799	670
0.121793107795742	0.282247573073547	670
-0.073430296764966	0.311196836513682	71
0.019193364125777	0.212598286307675	71
-0.055899955352788	0.571264447832277	71
-0.037980194217542	0.663003241741927	71
0.073670555627495	0.375812251160193	39
-0.066906859232665	0.765706160220019	39
-0.0276802756986	0.568901870014142	71
0.023007073924632	0.211714784764112	166
0.014997220557915	0.214725591705819	166
0.04736892067951	0.431575503784302	75
0.011959276050307	0.768284283903276	75
-0.066410107251063	0.609729065549997	75
0.077730786690213	0.519247984323655	75
0.045275193035512	0.600869706607736	65
0.033654238568899	0.526385333884781	65
-0.0817943219557991	0.439102816502213	65
-0.0193256897590161	0.528930218978356	65
0.078675730728864	0.338262863858375	71
0.025884213827784	0.381250614143507	71
0.073029741660443	0.26275175165573	71
-0.027589284271487	0.822021572740333	71
0.073411638150593	0.314598797741816	52
-0.124614837182969	0.662019057243039	52
0.075659418759741	0.292682227729677	71
0.049842398961303	0.34309590374544	670
0.122392270785923	0.273067033212944	670
-0.118972111339488	0.736690322744159	71
-0.0483506008190751	0.372749203240232	71
-0.002686906063605	0.725893104298672	75
0.0171710318285	0.697629689454825	75
-0.04099274999619	0.946097672179344	65
-0.00432566808595003	0.728056820076976	65
0.020336358579919	0.576035811187746	65
-0.094939106968811	0.875128230229948	65
-0.017119091555133	0.597409955996789	65
0.070480278456908	0.578131963697453	65
0.05723905677024	0.755506680055282	73
0.092800171031988	0.677284461813263	73
0.047978377518982	0.615504110709457	73
-0.0574646674524501	0.778845440368002	65
-0.03704383119966	0.645909757082906	65
0.108362062259349	0.442979671935348	65
0.015132359048728	0.769039125252414	65
-0.059689174400107	0.975193080136851	65
-0.065197122042051	0.657202926757731	65
-0.068889845992997	0.719231558159776	65
-0.013531418185015	0.507645700077735	71
-0.04710749581598	0.699020678316395	71
-0.00398262048018105	0.449560035485761	71
0.085044531667683	0.344104468116139	71
-0.000682910699723038	0.434777354300974	71
-0.00858053368755696	0.622222693859457	52
-0.09677432923399	0.690043437624033	52
-0.1018222964485	0.575970785083474	52
0.016466862501711	0.831291607454709	71
0.080877310648171	0.590026135460499	71
0.053531021648052	0.70477434936162	71
-0.099308711974698	0.45775433782387	71
-0.054996350343124	0.5688722027898	71
-0.00433940023377999	0.512247202775784	71
-0.015018002752103	0.529515571140048	670
0.076494828286534	0.313495206930509	670
0.06051232541859	0.370112193153901	670
0.108242863839947	0.341858496695681	670
-0.0870283934411989	0.754913154537096	670
-0.079987250967957	0.541406801471903	670
-0.087195797929297	0.541648075038033	71
0.118587285107983	0.27571516321245	39
-0.027664108312611	0.599817534234624	39
0.092352455723547	0.125048986852886	71
-0.052519407305436	0.384307883680091	71
0.088882307987119	0.327896515573255	71
0.112061638776482	0.186858694393916	166
0.077762093586695	0.686472732269952	75
-0.121936710711229	0.664376889271079	75
0.047322181331527	0.583219263713674	75
0.094748797130334	0.422918234810641	75
0.1135134859812	0.50932944821855	65
0.114206338012054	0.642455847311097	65
-0.013368972152655	0.632821932130546	65
0.055664314880009	0.639377941264606	65
0.049365296539778	0.565248901062046	65
0.043369985863167	0.59188442592671	65
0.097192597123062	0.435035473662744	65
-0.113582221652093	1.19627332117489	73
0.094910444901213	0.673000025420304	73
-0.0296196172323679	0.611100072397935	75
0.057139488826854	0.597706443682931	65
0.008007604845367	0.752963307776208	65
-0.031532061677894	0.638607817148467	65
0.045641290570991	0.567677254524363	65
0.033780322632881	0.69287474237988	65
0.068776239260985	0.67466299277026	65
-0.0809448358570311	0.531143893870574	65
0.00487837537664099	0.472939179915957	65
0.048287292824116	0.676537359084089	65
0.056746582366932	0.730075261268963	65
0.111417936110529	0.378664689552042	71
0.026450341430305	0.490759968644298	71
0.079911999504908	0.364740472148807	71
0.114963172973049	0.356326199070627	71
-0.063410899638634	0.7741261079059	71
0.050515821752599	0.665025944755726	71
0.033927879506325	0.603313409664704	71
0.117966006966782	0.404064345979436	52
-0.00277749732316401	0.526846625607051	71
-0.020539775050553	0.413645801485717	670
0.003546640434892	0.570665194026931	670
-0.073864517111394	0.526648092106317	670
0.044349208665434	0.397627157167458	670
0.044951452038638	0.479138261347331	71
-0.032214049996063	0.645417319193484	71
0.012207151907703	0.517152267062756	71
-0.0932140755247191	0.465564295363461	111
0.033601087729318	0.370984862862557	39
-0.037748495952094	0.580955575595546	71
0.012795780879708	0.344926906763978	71
-0.048187460914768	0.373008055252901	17
-0.00369030586776897	0.27133986267549	671
0.074298766417755	0.30058286000191	671
0.029188228820193	0.702511518741132	75
-0.072381760955436	1.17141148308388	65
0.115035807205073	0.348578120278176	75
0.00209744344188101	0.474340004976336	75
0.084547374604835	0.637310439686433	65
0.028837341246388	0.554983163056009	65
-0.018555646582147	0.600000377535112	65
0.081259440320959	0.609239699638549	65
0.022278182197192	0.494602828649382	75
-0.118283170601426	0.528471777652228	75
0.016087133581487	0.279654298095413	65
0.069077324801537	0.584699713149263	65
0.048637254357405	0.594136712277861	65
0.071851326736031	0.709787493622186	65
-0.026169351133046	0.495096871543746	139
0.00978708930058603	0.283233343565597	71
-0.055784050470759	0.376448534221697	71
-0.090421451923663	0.464668328237227	71
0.038130010520366	0.875740195285685	71
0.118853260073474	0.284761426383877	52
0.078240069965087	0.311086933195714	52
-0.05233390066384	0.475291536116827	71
-0.078874020598118	0.517690610082603	71
-0.087379593734699	0.559003938857179	71
0.014715959088488	0.33837613852237	670
0.072939557063142	0.310679908894053	670
-0.025064100924199	0.776921416465701	71
0.00485272624211403	0.290261959343017	670
0.00359555638838099	0.615048139728513	71
0.107486578158502	0.186838349138933	71
-0.047686045047367	0.629986291808234	39
-0.053318498202893	0.85225574458954	39
-0.112571840492587	0.647092099508925	39
-0.105107464173874	0.248281748462392	17
0.104938049624746	0.189156505805927	17
0.00780227717670801	0.421528636281368	17
0.00358924756981699	0.478261820011025	17
0.060609715962856	0.520987980733468	75
0.040281963987984	0.568967459511208	65
-0.011232931556147	0.831962411615149	65
-0.119251194872707	0.661047855093609	65
-0.019511173021486	0.477732808545167	65
-0.024968028899537	0.68606307939841	65
0.093971534117173	0.522684726351435	65
-0.053414491360087	0.375260457584564	65
0.046889022137343	0.530343222336834	65
0.104938049624746	0.189156505805927	65
0.111870366363309	0.468290500129058	65
0.122976075543661	0.480724944877896	65
-0.09649427697383	0.90777733762797	139
-0.0887192945630541	0.460142039995711	71
-0.092804093623482	0.452441648408031	71
0.108593015473283	0.471102284289141	71
0.054516363262589	0.798739624119879	71
0.031985927969776	0.694966336611102	52
0.060996089400648	0.737320775754631	52
0.107169364502297	0.188643387252491	71
-0.077015180300096	0.30208078615137	670
0.022638455027341	0.441427422626195	670
-0.105018653446507	0.247296557897613	670
-0.059582954207187	0.379012017837312	670
0.014387039009674	0.462867412024449	71
0.116125625917198	0.355706660576173	111
-0.023758994839739	0.689088379578361	111
0.013521801337319	0.216603883174242	71
0.012008591678104	0.512160317682267	39
0.074813517799885	0.255034733023074	71
0.091412740929408	0.122778214287602	17
0.058482764063153	0.413184586314625	17
0.108265142802002	0.453338674702764	65
-0.089347995105559	0.787777619097347	65
0.075565099649566	0.525893345820226	65
0.0640849239719	0.543993490656974	65
0.023322569736317	0.593245588479768	75
0.012646661739485	0.500528676691375	65
0.066512382547665	0.258310310050722	65
0.081610084202829	0.31839662958802	65
-0.075097865106399	0.783136854380096	65
0.123912040748277	0.273208516807987	65
0.021262594565866	0.634242116751249	65
-0.030561934970585	0.705256763815847	65
0.083280412746564	0.598038198742627	65
0.087908315231378	0.489115797478927	71
0.052162397403503	0.434671594774072	71
0.019040486030411	0.335498653343036	52
-0.115223828848591	0.781635260942288	71
0.04966313188149	0.375592763522633	71
0.0157972526831	0.332547141198941	52
0.11403717929675	0.284723986642295	71
-0.098071444352657	0.458299651931892	71
-0.084835416933598	0.452411367441008	71
-0.062383647467479	0.377204940818188	71
0.015122947864132	0.271030101382446	71
-0.0584914137597931	0.738727581325591	71
0.079287390979571	0.305047809121469	71
0.067283630768103	0.256728728569367	39
0.017910622193901	0.525446697934584	71
0.028535190071733	0.377222482049772	17
0.092352455723547	0.125048986852886	17
0.105366502184204	0.184174866817482	71
0.092574318126688	0.121589010675069	71
0.015143283862096	0.214463511945117	671
0.07410157726215	0.835325547422	75
-0.076114661400676	0.318361095193802	65
0.071962995753032	0.257579864757225	65
0.10904097184759	0.557460517256813	75
-0.110906834004867	0.491898120779333	65
0.02288393217914	0.781592159075718	65
-0.060538101377775	0.990788263127269	65
0.059820407390574	0.807270559356235	65
0.051967611741792	0.452206691532367	65
-0.038402095131333	0.650786183162377	65
0.027330697529056	0.977502213364675	65
0.019688496008342	0.214140651371127	65
0.117772112056155	0.652679373209872	65
-0.116693879260053	1.02975330269941	139
0.00648215311585898	0.762207737290262	139
-0.106569016628006	0.732697314416132	139
0.080683590777247	0.460815415493317	71
0.01344588657732	0.282038979006194	71
0.098956111772506	0.115280155462421	71
0.031594123428679	0.659397003137752	52
0.01983762033073	0.212868881619307	52
-0.050512223378717	0.364732067795558	52
-0.00554101764667803	1.0884192889261	52
0.075582872185075	0.86375747851054	52
0.102727667131862	0.190400518707707	52
0.110414337099916	0.187779304343989	52
-0.070109719749508	0.308918094805859	71
0.057452085604633	0.630848600833788	71
-0.069607605518956	0.295251458039791	71
-0.117829531046926	0.790241921975222	111
0.057354042005485	0.766961072643531	111
0.102606900764136	0.847191074639486	39
-0.090601923074605	1.03466307531894	39
0.044795636887335	0.536689304746022	39
-0.08163280591203	0.547032398517853	17
0.00867239916255203	0.209992048188953	166
0.023156958207752	0.210462038873037	65
0.010134884327436	0.343578815605622	65
0.022628271721291	0.333025238122013	65
-0.077261800885762	0.630352530933809	65
-0.024147373017976	0.871824877051525	65
0.033538607557101	0.738773203248637	75
-0.0478098934667111	0.9616061652939	75
0.041224316866349	0.868925013918257	75
-0.066508883797946	0.785212941633561	65
-0.00621567800187095	0.54722016388847	65
0.028101391558376	0.523584263916467	65
0.084952034201761	0.378448308466066	65
-0.00209705689044504	1.06226714971034	65
0.0142862741178	0.343359911186751	65
0.111893778356896	0.342770182878273	65
0.023007073924632	0.211714784764112	65
0.048082566153123	0.565682981407244	139
0.057133635696305	0.381508384231043	139
-0.081038741803642	0.698767222643474	139
0.076169477787084	0.253785947932795	52
-0.070531647201982	0.517587102495868	52
0.084267166157626	0.253271057113479	71
0.026420805632851	1.05950409090822	52
0.058914901423077	0.894420927367713	52
0.061362167797667	0.816975936531546	52
-0.091390271588993	0.287831816370296	71
-0.106648890775968	0.246331229661046	52
0.091635389749592	0.125062886124958	71
0.124664083724304	0.420458416608758	111
-0.010782298753534	0.772141004167115	111
0.014858504342792	0.654425353058106	111
-0.11489849103939	0.658788574412055	71
-0.043777706183866	0.662192460547606	39
-0.015704584491429	1.09183803800342	39
0.0975279207491	0.642184427074393	39
0.013376057992579	0.216089748639388	71
-0.111884765636797	0.763349635174949	17
0.092352455723547	0.125048986852886	166
-0.043495314956335	0.992565802585905	65
0.065832183466348	0.314499743812327	65
-0.086339491949973	0.851646896119976	65
0.021020944969521	0.98711122131988	65
-0.0466756192683631	0.91853449787499	75
0.00854808953756198	0.763486822631463	75
0.023582819840802	0.856507018781008	75
0.00962700325569399	0.890745062218706	75
-0.110251409978484	0.792714144341995	75
0.050909324247702	0.632660616405317	75
0.045636079388561	0.571879101268071	65
-0.082337844586054	0.805165722528515	65
-0.054204457756273	0.62212864152293	65
0.055323683516612	0.502664861931699	65
0.075521398311097	0.562062641355932	75
0.086397790316321	0.502430534104573	65
0.065222840923197	0.698977427174758	65
0.083054212026103	0.30269899219384	65
0.00237294496573998	0.473701509206012	65
-0.042561253328702	0.729040662771543	65
-0.034357028855575	0.416249721469103	65
-0.00526340510707701	0.444161402254638	65
0.110336012555167	0.525397801533891	65
0.093051065102111	0.576493868638285	65
0.123413111342446	0.523450427321945	65
-0.09953806968336	0.722324074542812	71
0.122570354242252	0.399773469808044	71
0.036361284031359	0.373076682065079	52
-0.073072313214914	0.901281503210965	52
0.056228044711637	0.749744310453222	71
0.08491540311925	0.768582160525772	71
-0.095538149737015	0.456934265792089	52
0.116385060781073	0.53650065130855	52
0.111615876802395	0.623483380123811	52
-0.0845468059429541	0.92892939628631	52
0.084681193736532	0.253768101580055	52
-0.091655026627446	0.460071569221069	52
-0.076273729758597	0.315830377463955	52
0.071233509965203	0.296356883786144	71
0.092758373345781	0.479424640623115	71
-0.088954443570352	0.457397228267843	111
-0.084203203079945	0.441916799573512	17
0.032831650001398	0.361211887231289	17
0.015143283862096	0.214463511945117	17
-0.110871513622321	0.247125742542788	166
-0.102684159074714	0.681247961537199	65
-0.069786120172507	0.690908330630299	65
0.100729175148693	0.660950935616443	65
-0.011515588954744	0.873055376306267	65
0.051941427974023	0.770386329323935	65
0.117000594140883	0.591532971946472	65
-0.119345772180939	1.2130175090256	75
0.028555915425484	0.49136374237922	65
0.01599908522461	0.804514296306381	65
0.11452835434286	0.468135002077884	65
-0.00531935012528995	0.781104142683343	65
-0.037890203741375	1.09431438535151	65
0.114605833139772	0.379305170236188	65
0.106091828440624	0.443371617251471	65
0.069234350513856	0.539906888953409	65
0.075244861936971	0.617566538033537	65
0.088261959613708	0.403043139553794	65
-0.043690529141641	0.745564938687649	65
-0.123081891746133	0.677189438420018	65
0.03379914467751	0.444095395650052	65
-0.0849977039929381	0.824583526817181	65
0.078354762128577	0.61194863135149	65
0.071755420130344	0.586606263962063	65
0.108250983854953	0.50789490574331	65
-0.00718260883852695	0.581708930076839	65
-0.029097111424722	0.703735285443725	65
0.110204378567004	0.387599524931792	71
0.032519433370343	0.477077151132544	71
-0.042009299343883	0.511159950535264	71
0.031917620006708	0.725474093540439	52
-0.080846310575641	0.628689162836521	52
-0.010799819878109	0.440752634261488	52
0.023976608220151	0.759997287233046	52
0.049629095261843	0.7109136420298	52
0.039703112685817	0.837134992985853	52
0.122838660979443	0.284664510495013	52
0.078562508135894	0.306216279811357	52
0.081415178116065	0.339483141451258	52
-0.031228445603161	0.412146808854039	52
0.086224961602431	0.33693853039142	71
-0.115770233301775	0.780085421186119	111
-0.055286180326439	0.793170937682771	111
0.011073836895669	0.468829967145461	111
0.013899626482517	0.470390639576419	17
-0.089081741794718	0.435536480543954	17
-0.00517189399013696	0.436337730326061	166
0.109826864699508	0.187375349525914	166
0.00306858970134999	0.601957629595875	65
0.097368976833276	0.647885138654952	65
-0.111207809928461	1.43760601887459	75
0.108579379221377	0.392965283500977	65
0.059120317202064	0.638540372058888	65
-0.070370572486345	1.01590863189558	65
0.05442120652106	0.550549086414899	65
0.04432921063995	0.406670035992135	65
-0.00380155008990402	0.999091387119385	65
0.01268358942681	0.815481799177723	65
0.016863889650212	0.890271694570296	65
0.00335025178891502	0.580490566364529	65
0.021012836605903	0.681169305649471	65
0.08844357184748	0.398562072498398	65
-0.057265709897749	0.883736076454571	65
0.050183963964457	0.561375491115997	65
0.083400766417291	0.467412478345891	71
0.084541218688142	0.414749654667209	71
-0.011792886590105	0.557838229805962	71
0.110120321822519	0.407118740145057	71
0.023759576500958	0.491959614096651	71
0.110776012432989	0.398296808554645	52
0.115637276459919	0.446468698091598	52
0.07589567796826	0.633565503937418	52
0.102505704763798	0.471529477608669	52
0.00706323049402102	0.846426584001259	52
0.046433352215485	0.397892348799967	71
0.080469337173901	0.578493496866471	52
-0.095164364548409	0.832543990759975	52
0.00894407576921202	0.584584620495451	52
0.109751333736418	0.389702776603074	52
0.087705165739826	0.455491981768631	52
-0.028607872946656	0.629286561353992	52
0.045522303591864	0.43128406602518	52
0.087523799307336	0.338692163300693	52
-0.108996986981513	0.730234018264581	52
-0.0106178144824211	0.519077864710885	52
0.079003898019512	0.408001432594599	52
0.115383487569702	0.385865385353546	52
-0.02858976238934	0.413516148838191	71
0.114423362509394	0.45333678957634	71
-0.0366702836792771	0.512218282917029	71
0.087871500067705	0.390546833365195	111
-0.0518578909758241	0.548171804080479	111
-0.076362647836421	0.732977166662155	111
0.096809480242832	0.403231510854133	111
0.075166693866793	0.388945050833697	39
-0.10013572661288	0.455048342485419	39
0.082001357802854	0.378772660865497	17
0.081996185859964	0.414280363210069	17
-0.118434001145065	0.531732822482085	17
-0.07117048597478	0.308706896581126	17
-0.048866908680624	0.375049183658656	17
-0.0539683752770061	0.460045220539104	17
-0.036884170856617	0.330224699865692	17
0.117911344864029	0.285505380690353	166
0.091823119565615	0.506651361339617	65
0.084480797220502	0.572895054833271	65
0.093369122768539	0.457724464496126	65
-0.029904090594281	0.640117941823745	65
0.115816004413964	0.569277747525353	65
0.031249567128389	0.724313022552163	65
-0.081678633848367	1.18274607607237	65
-0.063544558729849	1.1600709694188	65
0.048728019813997	0.431419661902358	65
-0.083754096033304	1.08784059902886	65
-0.000206026803235004	0.704189497762851	65
0.00858457909737798	0.447114275464713	65
0.017937458216836	0.553128837324532	65
-0.11714964026988	0.666172482907139	65
-0.00856872967730404	0.561668683855771	65
0.104955111086784	0.358070298633364	71
0.014167992740864	0.558123210508129	52
-0.046529600669241	0.704004269561232	52
0.047167710327152	0.732160796814736	52
-0.0972430182485921	1.0916659610876	52
0.12008586503289	0.425098268025454	52
0.085686134521012	0.434125665029882	52
0.122976774841429	0.398299094991781	52
0.080008131115925	0.648970502301782	52
-0.000635317290651027	0.728747154784959	52
0.033338266442882	0.478594398653035	52
-0.024161261977552	0.497474122371476	52
-0.031955417441937	0.508733699494399	111
-0.042009299343883	0.511159950535264	111
-0.100768879859723	0.775804347442016	71
0.024830632566772	0.657951949617017	39
-0.027403876289348	0.415023153193264	17
0.00885824522626299	0.345629489626222	17
0.103631540605373	0.189618727011766	17
-0.051088343669927	0.367590741467987	17
-0.025460984337044	0.403072613074946	166
0.10908124372543	0.185470428653801	166
0.076385044186499	0.7530711935351	65
-0.120786507324954	0.74737091208838	65
0.021767802089736	0.680282017005499	65
0.075715901697378	0.56539157790454	65
0.01929994922302	0.850767728066451	75
-0.107371753275035	0.633047266960789	65
0.119415149195295	0.402131408091985	65
0.067597695150458	0.651717657465638	65
0.059625281740585	0.73975203099879	65
-0.117282562044897	0.895126919040088	65
0.123382870639078	0.588948951152105	65
0.013135323150594	0.459464013827715	65
-0.05220188940365	0.643262643519847	65
-0.08451882762199	0.866803075409915	65
0.07631403437538	0.313939955902965	65
0.039501138533728	0.371577601234475	65
-0.00901290216512096	0.693574969783952	139
-0.047819972561699	0.586595747478594	71
0.078261958402924	0.249245514394604	71
0.028535190071733	0.377222482049772	52
0.116191545760484	0.59580962443348	52
0.051970803710642	0.681583275377986	52
0.104402434038142	0.384229504025184	52
0.034637186389832	0.670953380714709	52
-0.032325125874233	0.672321805513007	71
0.121074259804192	0.508259327945614	52
-0.035716267546667	0.786670008597621	52
-0.0901864673425809	0.463659273885154	52
0.119090683138869	0.283557409549643	52
0.066938905432811	0.387826650437715	52
0.030035810985364	0.556185858699736	52
-0.093451009251052	0.46549468980645	52
-0.110871513622321	0.247125742542788	52
0.086404849225141	0.335796300154573	71
-0.0977699816923689	0.599990183805171	111
0.075737624801	0.346373404846002	111
0.076801829813656	0.420382010974206	111
0.00222599608068802	0.601872372476603	71
-0.00831686190696301	0.559226271953437	17
-0.115696904103057	0.611903842858457	17
-0.060816689142055	0.492958953624398	166
0.062368046788519	0.521691188914589	65
-0.057291115180418	1.16354524745074	65
0.024178513152298	0.888360095930355	75
0.05577515335152	0.761648057946504	65
0.013613186713551	0.284767697146009	65
-0.0492946385315119	0.378706729354073	65
-0.035307135471801	0.581501631474983	65
-0.123488157512349	1.26295064301203	65
-0.095035221313334	0.457479734538517	65
-0.0527898016495429	0.369109715849021	65
0.021524455965337	0.770354457341441	65
0.069461913799943	0.541212951648111	139
0.018804154538994	0.616285790128454	139
-0.071923402600711	0.311030731977033	71
0.116206455692936	0.32281710317953	71
0.076552038684274	0.315265235608813	71
-0.070863802562533	0.30971361396756	71
0.013613186713551	0.284767697146009	71
-0.099142861993498	1.43861213094757	52
0.046683297559071	0.834646142879869	52
-0.08120574865509	1.29397846197241	52
-0.091556610169766	1.14479605419169	52
0.00673309483225198	0.284065972747166	52
0.095561088679382	0.624431278206604	52
0.030244019499582	0.383342112512023	52
-0.092865931948793	0.449070458048558	52
-0.079305116568385	0.312388802878891	52
0.018952496543016	0.214889758599387	52
0.070589137123081	0.688770816926389	111
0.016087133581487	0.279654298095413	111
-0.085843767752235	0.958785397312044	71
0.012076666672634	0.846858101006724	17
-0.013809625692098	0.564259203834822	17
0.110572137326542	0.188160594783897	17
0.010550802038896	0.29077033464308	17
-0.117031874702411	0.517648033500296	65
0.088931159984277	0.481250235382215	65
0.108635485621859	0.63448709293358	65
0.043137900698044	0.895057125943549	75
0.046064265550788	0.607890654849421	75
0.093939142476598	0.772477021216808	75
-0.117111962675307	1.14224113443536	65
0.090173046681288	0.539558506966715	65
0.117178624164619	0.930683321771753	65
-0.026892235961464	0.403264023629142	65
-0.120867176070252	0.499742114925363	65
0.074026353722438	0.96654282246357	65
0.074908392704432	0.465688874766357	65
0.022490457171222	0.832186700877758	65
0.015315889756135	1.11602192427495	65
0.071556538285679	0.955001253578311	65
0.117652572094608	0.425627295020515	71
0.075224509095449	0.248084030994963	71
0.077038786635953	0.310790256008185	71
0.00811143404243298	0.343546826037717	71
0.079063565448825	0.265192437554621	71
-0.083523570017733	0.310465189782208	52
0.074207237142797	0.260334995327957	52
0.037145208775607	1.21483503037368	52
-0.11796933901493	1.32850039825287	52
0.003957198231263	0.977131586996182	52
-0.074467656990906	1.03989152132869	52
0.062882029662975	1.05364631231595	52
0.116142873035223	0.834967402813852	52
0.075224509095449	0.248084030994963	52
0.090486755796002	0.784689027934831	52
-0.02858976238934	0.413516148838191	52
0.061167586038397	1.02218732481787	52
0.00654865081116002	1.18530016931903	52
0.081203911364754	0.258236907368302	52
-0.086036266393323	0.312512087261597	52
-0.112897149901621	1.32524679008703	111
-0.111777649370352	0.248129602538127	111
0.00216217351085501	0.696447004930135	111
0.070666301920368	0.301270744281919	111
0.090638997884679	0.808387313282556	71
0.118675140526548	0.438527229654652	71
0.053503615885348	0.460809322768999	17
-0.036731220596977	0.779214957114441	17
0.094975418123592	0.184657831510703	17
0.121709544063263	0.711351315594856	75
0.072118391429799	1.14189917403632	75
-0.071505029046003	0.607268185552829	65
-0.0917803900394521	0.898479002402757	65
0.056689530754678	0.615638428246358	65
-0.0548065236999991	0.865369457034991	75
-0.083152991012318	0.538597907332428	65
-0.015826890988293	0.756088545812662	65
0.079788979608086	0.814379295604175	65
-0.114052901345967	0.64929872376884	65
-0.0234037505971439	0.559565930093691	65
0.104280302263126	0.551078796377614	65
-0.00490670608478505	0.813736294298696	65
-0.073084665501762	0.618669457543527	65
0.08344975942106	0.346897955248816	65
-0.031752391021875	0.682450587824382	65
0.086475152176625	0.377324616725897	65
-0.092347510742098	0.75767972770686	65
0.024885966893513	0.374027735913763	65
-0.09577055630209	0.458316381777165	139
0.081340975561256	0.371935423731447	71
0.046322183375783	0.345680478415085	71
-0.037140823950803	0.732494661704357	71
0.113711225697592	0.350215968838669	52
-0.095716592498758	0.705417610664585	52
-0.0473234389196669	0.970211075795582	52
-0.047248618585569	0.611703908191648	52
0.083294872328904	0.405558975862122	52
-0.0649622973415051	0.81069961141247	52
0.085845072699359	0.439224711934306	52
0.111716552602427	0.349021136740659	52
-0.035638088305486	0.498757921443832	52
-0.039983179563107	0.433523782179521	52
0.12125488650332	0.318790122467016	228
0.054473872244151	0.436380824092702	111
-0.051223173694134	0.483111549209609	111
0.084705781446911	0.375708188946125	111
-0.113511220801514	0.771077317523387	111
0.063279181140641	0.509259170720724	71
0.072743632125403	0.263238922004828	111
0.02912838047744	0.523846864669072	17
-0.077788706951865	0.317743584211504	17
0.019688496008342	0.214140651371127	17
0.079006104793858	0.255177842255174	17
0.015318592008746	0.282314087532826	71
0.0784191223707	0.253049992013609	166
-0.093032123960725	0.683859044443716	65
0.107136319104737	0.353380924592988	65
0.083805459305553	0.37813386504272	65
-0.040167611695107	0.593427274804692	65
-0.040885409872532	0.656781574804183	65
0.009590888571755	0.478251198357753	65
-0.0212148502712159	0.414578107575176	65
-0.060324646572351	0.488558721578969	65
0.046236984929548	0.491895621627792	65
0.068948451437173	0.542403460574828	65
-0.042771097823941	0.673554985570245	65
-0.116364472214051	0.774311630332554	65
0.085758821520214	0.340557169804132	65
0.018032472883465	0.329331372912447	65
0.059458188526934	0.462433772205668	65
0.064955248171932	0.48641832472158	65
0.068765924297975	0.314099497664742	65
0.061038888840159	0.367774162848439	65
-0.023067703184229	0.407215239110186	65
0.079196386387467	0.342749338850986	65
0.030417039726861	0.519930718575063	65
0.039815959778	0.57881634705085	65
-0.026709504937833	0.419477067887207	71
0.025421222427176	0.332005033063805	71
0.085915654608216	0.24877643474595	71
0.01526677281179	0.345512390236913	71
0.116055775559246	0.469169558956126	71
0.022122439097184	0.322107095195793	71
0.087466643301535	0.520350444735308	52
0.11887347839484	0.351341913685473	52
-0.076181368704332	1.10699565077315	52
-0.057405826754357	0.485045135957896	52
0.017929673714371	0.348246695146352	52
0.00983600622471298	0.344236104959794	52
-0.112130552682932	0.767882423121621	52
-0.069957853190481	0.580125429612797	52
-0.056724788532212	0.48664007294842	52
0.00595771391202699	0.288796008224022	52
0.110572137326542	0.188160594783897	52
0.066565485916202	0.310232253898701	52
0.019304657723352	0.272000496438562	52
0.114274995704803	0.286496388364731	111
-0.063277677476574	0.573178589843348	111
0.083131532611168	0.301153378551653	111
0.091156297842314	0.415789868646529	71
0.021356136056237	0.337432947959964	17
-0.104340601398668	0.448768868811372	17
0.00978708930058603	0.283233343565597	17
0.007932835827622	0.211041628115621	17
0.111317061915866	0.187990352619235	71
0.081024614252278	0.258784837124612	65
-0.085154075503577	1.04586158654634	65
0.098593572355	0.185982103388813	65
-0.065412216849823	0.76459960328157	65
-0.096330746499183	0.784868394091922	65
0.076916972099043	0.596741721552165	65
0.054395050368865	0.583378789707362	65
-0.015107525270214	1.43126418556151	65
-0.055285443693482	0.572754160450145	65
-0.090330793781628	0.628611177195474	65
0.065125858951494	0.886573412526828	65
0.090121446583103	0.776031870204489	65
0.097926645068153	0.412347658154361	139
0.020779031378344	0.630094459422394	139
-0.003809160483214	0.444586422212226	71
-0.096520256658862	0.448714093583764	71
-0.050894953300496	0.373263010029941	71
0.012093135970423	0.284219367253585	71
0.00960232816565199	0.278540841398254	71
0.067129378651191	0.712037126117525	52
0.019137193810314	0.273105560478361	52
-0.072042756812492	0.30346463546826	52
0.090346029544633	0.554594402357427	52
-0.107114587176268	0.617335519568809	52
0.121781443532766	0.621410585894832	52
0.00885063288202798	0.283404141613349	52
-0.00370950909544998	0.27982275068889	52
0.019565306799148	0.340577047887589	52
0.070646952503788	0.47022316923909	111
-0.00697776261473604	0.451588218588683	111
-0.044981067303139	0.767904788707747	111
-0.110921790489859	0.514170596697957	111
0.076580500549294	0.266973487198937	111
0.113057895140439	0.633785965603753	111
-0.030520847717326	0.706746742808795	17
0.016593966644319	0.212034617696239	71
0.066560599454938	0.312594377705638	71
0.090696400979851	0.122798470587256	71
-0.048370028961489	0.373032906845889	75
-0.099666572283815	0.241890510685238	75
-0.110231891392282	0.248016860367681	65
-0.0539538260154	0.485414091436065	65
0.01841129700664	0.535956738103435	65
0.065560184828329	0.259360361289075	65
0.021308981043704	0.209978053197288	475
0.014113723320093	0.214343367348596	65
0.084096887977398	0.596263750317488	139
0.00276461317283899	0.276211561991355	71
0.093292111011753	0.121566231332134	71
-0.106182434761098	0.244816776765651	52
-0.099089206650744	0.68966349146129	52
0.012638026835926	0.216209387057835	52
-0.071923402600711	0.311030731977033	52
-0.104641222272888	0.238559971452995	52
0.016909733295058	0.196980402630421	52
0.115143600035544	0.175916683335194	228
-0.068293943128792	0.283904578629367	52
0.023892679682228	0.210973237230806	111
0.094814992493986	0.121133837036836	111
0.00155431184396898	0.933682733807797	111
0.111092252677593	0.67562940010825	111
0.095589006034255	0.840203673252711	111
-0.084353572546791	1.46704299981364	111
0.070163087395375	0.643118628749675	111
-0.024846124761158	0.563639784520469	71
0.113335108793885	0.400439365431585	17
0.109601511934904	0.377074559594159	71
0.085980376425502	0.12580488589805	71
-0.099806274080228	0.232975057638589	65
0.07104821190406	0.468982083613997	65
0.038774187641578	0.579445169884807	65
-0.119021877320642	0.527738526660474	65
0.09647676885893	0.120758066909653	475
0.093069211440958	0.12223423135792	475
0.078703077685399	0.256651403254333	475
-0.111004560375104	0.24928574573673	65
-0.074039132723012	1.10413916127623	65
0.057060531580438	0.610165186269252	65
-0.10919413321852	0.241459388014984	71
0.074566780646221	0.26353769102978	71
0.105961071687899	0.190484230048817	71
0.051230124961275	0.519925662756875	52
0.114412822659049	0.965559140265439	52
-0.020623385431924	1.06501078143815	52
0.021308981043704	0.209978053197288	52
0.012638026835926	0.216209387057835	52
0.08504567389839	0.123556715541549	52
0.020573482568089	0.212131776935875	52
0.013230181537221	0.210037017644649	228
0.067887508537589	0.514432939137254	111
0.01520363959596	0.597940503491881	111
0.00938147983264698	0.783728564280341	111
-0.076404327045231	1.45871548440351	111
0.08682054930979	0.247278039947115	111
-0.087549652040225	1.15910907892211	71
0.003748275471045	0.279570290707587	65
-0.070417922570408	0.304522938178229	65
0.116594740098656	0.338853731576271	65
0.059278545447123	0.537936635927097	65
-0.110365538445366	0.237847978068263	475
-0.105626834156846	0.719017060704799	71
-0.121532500030784	0.773430347187605	71
0.105623499643162	0.38344595568033	71
-0.075958394952574	0.308787059068222	71
0.00881507521520197	0.211384711951638	71
0.018309318429414	0.213337263587165	71
-0.110231891392282	0.248016860367681	71
0.01983762033073	0.212868881619307	52
-0.117126663867209	1.16272787819717	52
0.101583897404122	0.938047551408659	52
-0.080633930996564	0.312643062269509	52
0.090824233022284	0.119598427580517	228
0.048336847407897	0.566428136546234	111
-0.10421264015065	1.65791071850218	111
0.106859555759012	0.939467553758167	111
-0.08155034189914	0.316567492886617	111
0.023156958207752	0.210462038873037	111
-0.036413350084851	1.02391825074603	111
-0.0792058779516051	1.0832404259042	71
0.092352455723547	0.125048986852886	17
0.00567057067798399	0.785757635387796	17
0.092352455723547	0.125048986852886	241
0.091856214036307	0.11915653709017	71
0.022857056636312	0.207394178746461	71
0.093292111011753	0.121566231332134	71
0.019127969375657	0.337008429537931	75
-0.105107464173874	0.248281748462392	75
0.010542148412381	0.276174223459659	65
0.080895274858877	0.33877483182078	65
-0.072932186888035	0.865232137090034	65
-0.019837564831048	0.795200300922817	65
-0.082220319169042	1.08234197632759	65
0.04366174397982	0.609477027176405	65
0.054106322949643	0.500126639524681	65
0.058609866883428	1.19879459282474	65
0.055825037271369	1.82466349232273	65
-0.058067251567673	0.37905773443656	65
0.039909026691818	0.413141628624734	65
0.084908924917941	0.389862326252058	65
-0.105411619598746	0.243584912065417	475
-0.095538149737015	0.456934265792089	475
-0.101207596303476	0.243882027133499	65
-0.00775808559612901	0.416270267663109	71
-0.000288711377482986	0.414400562649471	71
-0.101347289716107	0.24016620508867	52
0.091412740929408	0.122778214287602	71
-0.105107464173874	0.248281748462392	71
0.087606645481779	0.113368962518476	71
-0.08170905702939	0.319382700792454	52
0.100923144250807	0.954965899792673	52
0.11177494156221	0.832810714373433	52
0.092128771294459	0.120108530289818	52
0.09647676885893	0.120758066909653	52
-0.10708788454615	0.241144960334835	52
0.092574318126688	0.121589010675069	52
-0.121148971997154	0.974893871471047	228
0.079214812729967	0.513859554370201	111
-0.105278008811951	0.239857666429943	17
-0.045225878172271	0.632828443690072	17
-0.0879299244306741	0.440883229684872	71
0.092352455723547	0.125048986852886	71
0.104309323883242	0.187775410861203	475
0.02136156737094	0.383483966140475	52
-0.122992422055336	0.902766639141013	52
-0.031739613220417	0.711902915293114	71
-0.111307283857525	0.230849601764238	111
0.019321181785694	1.06278333658021	111
0.101555844952448	0.64152206975516	111
0.117126964016661	0.548572937639492	65
0.00383317915200099	0.744687335747968	307
-0.074647311725446	0.550061210528718	65
0.032465531618607	0.517247009930686	65
-0.018621487058633	0.482768953749651	65
-0.09373087568434	1.17721213412774	65
-0.028124640188798	0.929583270007148	65
0.021356136056237	0.337432947959964	475
0.081848516853376	0.293019776431676	65
0.076592057889036	0.349125473778079	65
0.034967886848269	0.411066964664857	71
0.07631403437538	0.313939955902965	52
0.081970292337331	0.258549733090362	52
0.012863734768165	0.27622536349647	52
0.012546321373003	0.341615940818205	52
0.012677031707975	0.283374783799203	52
0.118775262632637	0.430225637677726	52
-0.048014570313333	0.999985249436142	52
0.091997045174364	0.643385762615169	52
0.116245161060494	0.818888492335099	52
0.093134171730836	0.538471905136149	52
0.043597919226292	0.834701321375969	52
0.102589667233619	0.596736427378153	52
-0.038278793594942	0.410868215541192	52
-0.091155475811413	0.465529931739892	52
-0.119347283997043	0.521120610209586	52
-0.048370028961489	0.373032906845889	52
0.05039825409245	0.557303772614941	71
0.10830713771424	0.47948826607398	111
-0.0756345979504141	0.741069221147651	111
-0.046760292808311	0.881613836792872	111
-0.101347289716107	0.24016620508867	17
0.107021071767808	0.189730668004619	71
0.027217106604517	0.201186652091851	71
0.107502646054798	0.570417681608528	75
0.046537417840129	0.554121015814507	307
-0.085284798100944	0.550002514642127	65
0.071153227222694	0.333817428807616	65
0.112211139688967	0.495762442674929	65
-0.0270479625603171	0.618370233366348	65
0.042257665907066	0.361376224444235	475
-0.06332957703144	0.373553175712359	65
-0.085347497506701	0.556212642914016	475
0.118257540917151	0.353817026665775	71
-0.082811329190178	0.554331699559768	71
0.076253028704176	0.311522574386991	71
0.00987169524873799	0.345868714402103	52
-0.080566772593068	0.433270023921012	52
0.121517300384754	0.347981359828624	52
0.028101107084098	0.80816383889057	52
0.106726074411516	0.528116376059051	52
-0.030509432109402	0.745304290134271	52
-0.0909205735292899	0.462754767042625	52
0.00882771730970999	0.278695993971836	52
0.080357594294583	0.38437603983822	52
0.066357287554511	0.449746211104684	52
0.069964538945627	0.263022210027029	52
-0.021095168408894	0.598763825674839	71
0.078025351683899	0.335395272814104	71
0.071249113766745	0.303293098474644	111
0.068834006243102	0.310879273810231	111
0.076828844146867	0.490407772702943	71
-0.037280462856338	0.499709100251714	111
-0.080764339327975	0.553852145524589	111
0.024628037486991	0.210240612003072	17
0.105441221502939	0.18239606134259	17
0.065740750988881	0.258506988228773	71
0.070214338773636	1.08976609319056	65
0.040477413421375	1.09143771725998	65
-0.087819995883753	1.38404869683991	65
0.104463777068342	0.190838258111243	475
0.105123927886333	0.521868379057266	475
-0.089737444570946	0.551658512333944	475
-0.115993201025748	0.242202223539703	65
0.001657410757606	0.277524132986857	52
0.099191016919464	0.182756705577477	52
0.078060276024615	0.25627648245035	52
-0.099666572283815	0.241890510685238	52
-0.054913876415475	0.369148118426703	52
0.084267166157626	0.253271057113479	242
0.021308981043704	0.209978053197288	52
-0.041470561773456	1.28250084732615	52
0.00656214567272101	0.287804651569883	52
0.087267802654831	0.244741774859893	52
0.012638026835926	0.216209387057835	52
0.023984278681883	0.201677633011963	52
0.092333451287958	0.182187836716819	52
-0.002932594071963	0.278836415489336	111
-0.10015528159565	1.78908997722605	111
-0.059402636104812	0.476118661219242	111
0.08180191574351	0.938597395665134	111
0.037826206532827	0.369621142804793	111
0.113247620575899	0.42845279393039	71
-0.105018653446507	0.247296557897613	17
-0.108422296333904	0.240275278025828	17
-0.080195750301145	0.317467856619979	17
0.090696400979851	0.122798470587256	17
0.086399858697289	0.674166233146201	65
0.105943107132599	1.03430528560393	65
0.063009615995017	1.11557735385855	65
-0.112198720871274	0.507179966443567	475
0.015177728583223	0.346047328927196	65
0.116047127240444	0.178363845060776	52
0.091635389749592	0.125062886124958	52
-0.083597300400845	0.307255431424823	52
-0.098902315232164	2.14427869292419	52
0.105861223831125	0.715599059751795	71
-0.096771272269496	1.61620246672393	52
0.120886067148177	0.731437446564029	52
0.012506833631549	0.350548445539354	52
-0.00463388355306704	0.272259150098472	52
0.013014130850408	0.710647348156136	71
0.013376057992579	0.216089748639388	71
0.016593966644319	0.212034617696239	111
0.00867239916255203	0.209992048188953	111
-0.064851806423621	1.08878277487765	111
0.091635389749592	0.125062886124958	17
-0.0669152975530281	0.754078762019219	17
0.090696400979851	0.122798470587256	71
-0.104211220112203	1.0868721316336	307
-0.032250089892746	0.706747793257759	65
-0.0844922184249271	0.636688329337718	65
0.064711734540566	0.718889700055943	65
0.021037082531279	0.774209620150733	65
0.10835919748123	0.597452630762715	65
0.049947445227093	0.879227777801873	65
0.074668704498884	0.796060097924565	65
-0.021565133652668	1.11795278494332	65
0.048157493730236	0.815636716066436	65
-0.108770211006963	0.606443772927171	65
-0.071588810980578	0.621789785117818	65
0.063841851580239	0.479777770979888	65
0.057675160421504	0.517330920527957	475
0.028153939550951	0.48849904787753	475
-0.056966155186719	0.473824947805064	475
0.124115426982412	0.2830933151482	65
-0.013741378842996	0.918023722644066	65
-0.023449402272993	0.486073031914718	65
0.07845478683257	0.335231184810842	52
0.013225864482578	0.490362806185075	242
0.016207984046897	1.0168895608717	52
-0.017915848877592	0.991109872314102	52
0.117189303535346	0.535807268041989	52
-0.058865942786032	0.90944086015591	71
0.053534987713584	0.64709551469316	52
0.081700034653848	0.413936353018372	52
-0.051656134597248	0.375082610914287	52
0.016264004713456	0.381058396234863	52
-0.00332212552245204	0.449505893278181	52
0.00757099823376201	0.463238840004039	52
0.022241833476645	0.648737195734338	52
0.079132266643196	0.382892055128194	71
-0.00464170463672997	0.640877521193072	111
-0.1064349862951	0.847631585467598	111
-0.017304029923419	0.537664806871286	111
-0.117071177675774	1.00211846227809	111
0.041417532676952	0.671865424360139	71
0.00195709281240303	0.5797174546576	71
-0.072676672760035	0.311832330079292	17
0.073174496412889	0.314928658798101	17
0.043220984923806	0.390229593111454	17
-0.051941967925943	0.38428005105255	71
-0.087750434904698	0.455261569613783	71
-0.01285947645192	0.89158448652051	65
0.109243495558188	0.485321079810689	65
0.061397585861793	0.553770567756617	65
-0.11381659040387	1.33232788121735	65
0.092049520636765	0.725994160408732	65
0.095447250310575	0.70223733948952	65
0.091687648054832	0.819093392923646	65
0.116691734950973	0.353586196851999	65
-0.00930504268273802	0.804648624135806	475
0.082555312405103	0.698617176884813	65
0.017453175876203	0.828697941599984	65
-0.118281994357669	1.16551058586535	65
0.118847089835697	0.377375269452678	65
0.00686425596406098	0.624591500675455	65
0.076426991211114	0.388634106904315	52
0.03813144349295	0.4544792037861	52
0.018673538260916	0.345279316503538	52
-0.055850266970654	0.776548361629743	52
0.03184057412303	0.919336314482981	52
0.067374424335877	0.864458275998697	52
0.096375866321641	0.666887488109958	52
-0.050545202611724	0.467466914248785	71
-0.117660064220379	0.608426234704948	52
0.075101367322464	0.315590320766576	52
0.078699191495985	0.3356356704158	52
0.040710224422247	0.41345643197365	111
0.014904491086053	0.753564198007538	111
0.086369067566149	0.57580756071967	111
-0.077049702343876	0.826422497988334	111
0.025642487487042	0.543567298312408	111
0.011836171976765	0.345466128516652	17
-0.00767215201262095	0.446151468557721	17
0.117388694716112	0.325529123420873	71
0.00424722527542498	0.290382224781053	71
-0.103044108140069	0.972650166388705	65
-0.013368153235057	0.958898514132886	65
0.122826264680317	0.56074917328843	307
-0.123184959890951	1.15710289902269	65
0.052664053501557	0.766849346708075	65
-0.020806440164906	1.04400009072283	65
0.11737758855556	0.683657789686364	65
0.023019612358473	0.586312840498347	65
0.034780467438926	0.61164619381401	65
0.024166618174696	0.327352711599019	65
0.090778976293289	0.509654743885658	65
-0.054878076667659	0.487410826273403	475
-0.0382785345201691	0.495772268574347	475
0.122832640236344	0.815705344718924	65
-0.086302051822988	0.846420176560982	65
-0.044670893952118	0.438885283275272	52
0.034120680671457	0.378532287760048	52
0.084742188961497	0.301708466507955	52
-0.050132573656106	1.0985841187973	52
0.016568863832048	0.657245551590174	52
-0.022555621622249	0.828458655821758	52
-0.032318378975141	1.31685947487584	52
0.04270276988451	0.917135230488293	52
-0.063074043397589	1.30047496246019	52
0.073663868454095	0.311088688563179	71
0.062524216863328	0.689142585892579	71
0.027204092528251	0.526939787863953	71
0.032501114770137	0.415799553553384	71
0.116801309506259	0.317125614472435	52
-0.076261220706062	0.305895585097937	52
0.056041384855924	0.498488501168209	52
-0.095538149737015	0.456934265792089	52
0.01644087617288	0.349858606583824	52
-0.00811268214852001	0.441633230457378	111
-0.101099707194229	0.614182482784643	111
-0.056544747054174	0.378920479621976	111
0.044572799879724	0.72989359136108	111
0.093790644794854	0.700618331565218	111
-0.064691177095117	1.19554552625405	111
-0.070863802562533	0.30971361396756	71
0.105996966535118	0.184253274870835	71
-0.115989243081625	0.882961963279002	65
-0.0804065669940151	0.54580867905182	65
-0.084638144724182	0.553503770749628	65
-0.050112712184367	0.474469132528242	65
0.061326591444024	1.0408073735647	65
0.047339744750121	1.04900014202707	65
0.117075643355699	0.3133839809592	65
0.087629904742358	0.246355746519721	65
-0.081442701102834	0.937909093514083	65
-0.061744799563335	1.69263143445998	65
0.123732081898681	0.416175538014326	65
0.096328757164423	0.4937409329416	65
0.08828203236479	1.09894572618323	52
-0.111004560375104	0.24928574573673	52
0.103631540605373	0.189618727011766	71
0.115987888347039	0.600380745507791	111
0.00766822517693799	0.283685737298901	111
-0.054820188819128	1.01659943903825	111
0.093577724404834	0.89255874280672	111
0.100251907350666	0.817222134835395	111
0.034198249610365	0.845596152386909	111
-0.12063355262797	2.0658696858453	111
-0.058927741689596	0.45931555678925	111
0.111317061915866	0.187990352619235	111
0.053690367121367	0.934784256760839	111
0.079244009561302	0.264491987425921	71
0.112965260135456	0.185183489808875	17
0.092650244380154	0.708508313817465	65
0.053902844828856	1.70151419393542	65
0.018933012307997	0.750234795734755	65
0.060440735191526	0.904267273682107	65
-0.037267712369586	0.791371368305677	65
0.02594341934076	0.55493806851186	65
0.1153016529131	0.179400923586985	65
0.076854596184341	0.772590364839665	65
0.102821497622366	0.354605978033793	65
0.088309715320033	0.981387832369603	65
0.088492201246026	0.978265917251408	65
0.09407039289457	0.353302817066493	65
-0.025315756661377	0.821026409133852	65
0.0686039541562	0.260533122358734	52
0.099582496185995	0.191953792334397	52
-0.073217190185542	1.24509050643925	52
-0.0562104609149911	1.04818214595683	52
0.03115113761048	0.664575366612848	52
0.078455590392188	0.975159457809255	52
-0.050707434163117	0.944538404186588	52
0.051373890955045	0.909589359807674	52
-0.101207596303476	0.243882027133499	111
-0.067564960571197	1.29739569903123	111
0.073446704927914	0.857971532569296	111
0.032192420246164	1.13045817251302	111
-0.04823588287273	1.67935066366707	111
-0.045293040575496	0.36287614793067	111
0.070549192695003	0.966488888058715	111
-0.110098840791516	0.248270143505648	17
0.096342640978793	0.561715076872611	17
-0.10968779033429	1.35209927441643	17
-0.104507611893714	0.238679940508372	17
-0.010101141228101	1.77050036061985	65
0.028787124446574	1.42967992732294	65
0.025924694820171	1.12292599245496	65
0.088248576438367	0.910358369854258	65
0.023364310325402	1.02084158617869	65
0.078848168758793	1.16607677036353	65
0.026430750365553	1.24565757981244	65
-0.055005930438116	0.714820069078036	308
0.089988063955988	0.453372844820929	65
0.082188267341065	0.943293219719761	65
0.098462474373283	0.933966156147602	65
-0.114156884063507	1.85100368331961	65
0.049270368967618	0.822493641891825	65
-0.062103460740927	1.74433779108697	65
0.00124558438783401	0.729989815185271	65
0.091096718865501	0.820496667095189	65
0.103887694881034	0.907016458881227	65
0.0525813862079	0.724464243397335	65
-0.00747374151922697	1.32520328868596	65
0.059109338037755	1.10071227076065	65
0.061927825277096	0.73107329820765	52
-0.048114242961393	0.830219416997401	52
0.108170247829039	0.549779674232836	52
-0.055045010474463	0.858839316129287	52
0.043674772681598	0.631079066933968	52
0.100309751499529	0.540990877754347	52
0.107503995181143	0.555835275888985	52
0.025796847245511	1.0870132237507	52
-0.058871877764907	1.42062582907666	52
-0.019375008911703	1.10336430964922	52
-0.013825401564429	1.01545720752575	71
0.106687084540396	0.686252183050043	71
0.008549056769315	0.792764491423336	71
0.035792087379182	1.04759782935326	71
-0.06472047756031	0.655478951737054	52
0.103625025202711	0.477717290536864	52
-0.064002433587019	0.827940163208455	52
-0.0946572508721239	0.783025069880802	111
0.0047773225037	0.548335244792343	111
0.060949686181273	0.519311538174096	111
0.099321021740715	0.855736169264181	111
0.110017337640645	0.522859421401433	111
0.033690236753831	0.959384447551578	111
0.080860193007812	0.719301979097504	111
0.032692862518982	0.998879303095925	111
0.107998884807636	0.604448403768885	71
-0.035234012634666	0.930653849914746	71
-0.120993392114604	0.525681417933386	17
0.049491590338553	0.472209211636837	17
0.084205040680608	0.423032570983065	17
-0.110689484031749	0.518642514510227	17
0.093243604533838	0.386460757470028	71
0.056218282196882	0.50104604617659	71
0.030702130831358	2.0369427528706	65
0.107737321958005	1.35409342625595	65
-0.012089581341993	1.60588547982797	65
-0.10002887602634	1.55141626238505	65
0.041862881054613	0.907559716879758	65
-0.117179995659576	0.750184584706574	65
-0.0607068842838701	0.93195262678572	65
0.113164072942149	0.725217776559983	65
0.120524698526387	0.548576793161296	65
0.00212261263798103	0.869823339294458	65
0.117720613057013	0.689520169063076	65
-0.118001698528784	1.17681232644285	65
-0.00755512383137902	0.725412219065721	65
0.074094506177296	0.380197792550951	65
0.024013066946046	0.677216298818734	52
-0.03988948317362	0.976419561192445	52
0.059887211474791	0.569557556400732	52
0.088416439639516	0.706472593725986	52
0.095316305049216	0.782117721424652	52
0.07504721933196	0.464223238604123	71
0.097529679109314	0.561018604099633	52
0.065749471565767	0.621470164064574	111
-0.079620666574419	0.922739671972381	111
-0.120088948905643	0.795556665646299	71
0.079974956669059	0.59369689397773	111
0.014219967487014	0.71566668568349	111
0.097196939184952	0.118153833341878	71
0.063651775158187	0.557870244856272	71
-0.040132016327418	0.654599788427471	71
0.070949755883058	2.05249814613678	65
0.088915050290489	1.85508650498746	65
-0.0206330665929511	0.512720236988664	65
-0.0480629519850671	0.457758535123161	65
0.102727667131862	0.190400518707707	65
0.00880411427595002	1.01393204796026	65
0.00807384681100398	1.00582790835294	65
0.040469731280071	0.545061973570821	65
0.103481236664471	0.783762932459294	65
0.012188454138088	1.05488611806433	65
0.108514160791924	0.422316419293216	65
0.037173325615563	0.90095429798525	52
-0.101323111707074	0.446451797637478	71
0.082293513162512	0.749157607730816	111
0.072876156654046	0.774936734010244	111
0.061448165165747	0.246328666824113	71
0.00103549038925699	0.286904240546432	111
-0.000809705694851948	0.446511465684654	111
-0.059911666948873	0.379687014697153	71
0.088376875957568	0.431062723810478	71
0.028252527252228	0.667456067093971	17
-0.121335278078823	0.778486674401947	17
-0.112755520770612	0.858105070785858	17
0.040276560772839	0.506953679615466	71
0.00340187197201602	0.584364001989818	71
0.122027001472209	0.281434426446397	71
-0.0248845070663229	0.882896971671164	65
-0.00177499908300305	0.554556324502706	65
0.029624754422298	0.386916819883328	65
-0.074152704555539	0.309306708140621	65
0.045967030166533	1.03328344326934	65
0.08432707881606	0.869843642569774	65
0.106836030543096	0.971804904229219	65
0.120444847599836	0.635813279343557	65
-0.050146166885682	0.363981823411247	65
-0.05005448582292	0.381263467014341	65
-0.115942735460202	0.751304990928251	65
0.097191239005335	0.962419416517474	52
0.01414804983267	1.27434670039449	71
-0.058781302451308	0.374552126145328	71
0.067480957151144	0.819979672037319	52
0.000794634041620002	0.961883332371979	52
-0.00131895698750795	1.07451270634766	71
0.080006033556066	0.85261952068124	111
0.043306987250208	0.927932422264647	111
0.111504904334783	0.68947414056049	111
-0.110933118137321	1.33214631105265	71
0.018608685110012	0.876094491490164	111
-0.00974283925286201	1.1079758230478	111
-0.038430645713105	0.998202394217112	111
0.09509092237281	0.43636848623402	71
0.017608872736977	0.451097164113757	71
0.103125601831463	0.415571375820817	71
-0.013877316312089	0.632542427164383	17
0.090661575720822	0.456919890370964	71
-0.00146934021237799	0.447970392280463	65
-0.025698539535481	0.751358855746112	65
-0.023586242433595	0.391232485476616	65
-0.106736792156592	1.08151575095862	65
0.089472305463164	0.465889051279524	65
-0.00870174706001803	0.450201008472248	475
-0.03489226700176	1.2522914249155	71
0.107613624142797	0.18868999883329	71
0.111731742962454	0.744732220059801	71
-0.124869392648874	1.27816642802333	111
0.119708968474058	0.662891934164829	111
-0.0930512352594089	0.783617044587592	111
-0.033504320573311	0.998267734207896	111
0.042871508717917	0.490869079707834	17
0.086805926032293	0.470087604601372	71
-0.0391386528640471	0.443202804796329	71
-0.112037169413123	0.745253881101293	65
-0.00121394218320503	0.274174924427181	65
-0.014422128563504	0.520165417525808	65
-0.059475605333982	0.65212677225781	65
0.120573530327056	0.932267058642977	65
0.072594677440835	0.734799915135233	65
0.116474905470748	0.332665171829632	475
-0.00290738493050302	0.702685945900311	71
0.120440100807923	0.344994382131549	71
0.021195680342779	0.628435687260271	71
-0.00168331599833804	0.911237363973842	71
0.049934241354683	0.993802066445604	71
-0.032189181460821	0.409679858787237	71
0.061555789707296	0.400610993044669	71
0.096807179319013	0.812647090680082	52
0.124953044326266	0.770741140537182	71
-0.015746646415871	0.701127131025774	111
0.035598150491625	1.00744946338226	111
-0.036742221916686	0.842318107940305	71
-0.105877973349914	0.248295887545134	71
0.116951290048745	0.177707836233447	71
-0.097242270453126	0.45493891853647	71
0.103667929684435	0.440928663362311	71
0.081596995559962	0.583575746334422	71
0.033269196082309	0.361381932174139	17
0.001103696433574	0.714195993195042	17
-0.075524537818919	1.89323655101981	65
0.123761438386168	0.587157249854501	65
-0.0332284530024189	0.714039656948087	65
0.01820103613517	0.272712883566834	65
0.009339124024142	0.943975034814348	65
0.011096530426735	0.343050957926823	65
0.05007683438959	0.899401643808908	475
0.038052948402023	0.534292228085141	71
0.124976779719651	0.271497027085126	71
0.115944602721645	0.622408356009203	71
-0.038014828404104	0.781644368587545	111
0.085507768544062	0.631032960705567	71
0.042509228091212	0.540166987328518	71
0.022511185170896	0.203365519724166	323
0.090696400979851	0.122798470587256	71
-0.029955553034933	0.49096982308786	71
-0.042974009842775	0.663436404709756	71
-0.0426467736099611	0.511920505100486	71
-0.000375387829886997	0.541020669883065	17
0.119090683138869	0.283557409549643	71
0.069221989906611	0.317581793496085	65
-0.050982748134721	0.465725338583228	65
0.114788826958076	0.399339001388322	65
0.114413550746172	0.771985503336359	65
-0.00977102271410202	1.12192391377232	65
-0.0191693601666531	0.601793493110704	475
0.018620704947915	1.0559049286576	71
0.00851115409872399	0.834012803233097	71
-0.011648202178314	0.906986088079774	111
0.071454068915755	0.763811777297423	71
0.051114345571467	0.668008929106084	323
-0.032770715318165	0.56120875145426	71
0.058379241441997	0.630828760642486	71
-0.05190582048064	0.47291273230402	71
0.00426937347881701	0.671797726791699	17
0.05741620047143	0.492772218388789	71
0.120520819514914	1.84335904192956	65
-0.081680610556278	0.553152744330949	65
0.047843477316541	0.614912239712051	65
-0.02675117343335	0.797112116177772	65
-0.0284232051819709	1.04131166205299	65
-0.051632239133018	1.40327726069917	65
0.105017632196862	0.428665426456849	475
0.066274545245368	0.911335983940097	71
-0.045208116570008	0.735846348927978	71
-0.105967865973031	0.242891785761604	71
-0.079272166740708	1.26040229955992	71
0.118774005418368	0.713796414132364	71
0.019880125355645	0.264444707777348	71
0.106341669516076	0.662090559170655	71
-0.115179221632254	1.3152893197118	71
0.072330826826243	0.411918275757153	111
0.012820782773645	0.281490990958531	323
-0.051492747100145	1.03141841146165	323
0.065654432856927	0.796210898539608	323
-0.077906941826742	0.892874342870173	323
0.019101393994772	0.212350476617034	323
0.106425939567637	0.18977696608378	323
-0.051656134597248	0.375082610914287	71
-0.04937932884161	0.464807046116175	71
0.034189575098918	0.697894319253593	65
-0.069943416158551	0.921504797718831	65
-0.00896368570470396	0.451752169296216	65
-0.0692306840714511	0.990161699533281	65
-0.00433292536220897	1.25584464450172	65
-0.12115046860938	0.667148652836053	65
-0.032351242775181	0.744470406467868	65
0.077246966941295	0.882039510530236	65
-0.042229415271362	0.884662999962368	65
-0.07228359795447	0.700189328485859	65
0.096087288929272	0.592833617134454	65
-0.078669385032605	1.49850840548523	71
-0.052885292499433	0.381082073196877	71
0.000869646351296993	0.285351255478546	71
-0.085250610103273	1.20700416435909	71
0.00501318702762499	0.671683599475315	71
0.053866666957426	0.793737819852382	71
0.083300389336417	0.724589172871048	71
0.089340762484231	0.761514567893497	111
0.071951852973927	0.537868744025914	111
0.123294640152669	0.544808633276996	323
0.00120123796912103	0.285014679907774	323
0.083257322621681	0.537186818551988	71
0.044214083027209	0.578052200075491	71
-0.0749368770658631	0.790393125459786	71
-0.088462201105812	0.673276507653831	71
-0.059890744451414	0.472847989496084	71
0.033038757590561	0.787352141972965	65
0.084161853562466	0.335008397266272	56
0.071666774057851	1.03610719065277	65
-0.011905304024994	1.44305206214127	65
0.064858467295142	0.305914594709794	65
0.018349601129859	0.451627983339497	65
0.080110175390081	0.380709336108703	65
-0.075360341800489	0.775279703783542	475
0.105126989935031	0.77406259263349	71
0.00502355533813198	0.966775224762021	71
0.046672102180564	0.87534220979896	71
0.017860234819807	1.10389637224077	71
0.043550023338588	0.536870606175626	111
0.099644098768629	0.470237841269823	111
0.04962586467344	0.398919812777955	111
0.096074705812229	0.699394082075416	323
0.042386563117904	0.819682289392876	323
-0.023573985034575	0.983424944566887	323
-0.00630320467510304	0.659054374107937	323
-0.055601052331713	0.37981908774571	71
0.087225345314116	0.249365023469723	71
0.021207654059907	0.783344760755931	71
-0.11347985400264	0.827557989131106	71
-0.020303849519147	0.406484751403891	71
0.086225066366667	1.76569382027012	65
-0.027745368132192	2.44431300939874	65
-0.056172000907741	2.47676963402268	65
0.011069735762231	0.658781680943285	56
0.091958016703504	0.820658681896244	65
0.042637458089005	1.39711965575402	65
0.072374483326788	0.69022042584922	65
-0.035843613296304	0.953990984177016	65
0.101342703074733	0.679278030462681	65
0.089810412979944	1.02013865443147	65
0.062635396776374	0.771655823799819	65
0.05108406796285	0.816872074161949	65
0.105472532626143	0.602734790341244	475
0.096556031045556	0.61057142417107	475
0.0476390207221	0.47086412364615	71
0.098777970526381	0.473816503169127	71
-0.045088434387531	0.736048672635796	71
0.039079514734166	0.842307716038762	71
0.056722144479016	0.574830567309128	71
0.024899749865639	0.551830162093643	111
0.09543133224715	0.500151813299451	111
0.065584338905801	1.13232886764671	111
0.051589431910897	1.10758104767175	111
0.011337193521313	0.619469446780725	111
0.0853188337518	0.518227276039709	111
-0.024532142969845	0.717101850267013	111
0.048314301913574	0.562229475769157	111
-0.070807126229373	0.922709918266684	323
-0.021511813598394	0.839776929240678	323
0.103783719263095	1.39126689271233	65
0.02640626917522	2.20810116546463	65
0.016463091986139	0.749603907864108	56
0.121880508084734	0.443181309906218	56
0.112574375722893	0.442329983763112	56
-0.04165971860395	0.664420841683345	56
0.086336783056559	0.465752710982366	56
0.00962968648254398	0.673932550376166	65
0.102891552358032	0.609337301920943	65
0.109675961195706	0.498007439024925	475
-0.00559095919491404	0.727884046817594	475
-0.013507216364041	0.700894625769714	71
-0.046178400202944	0.783409444986226	71
-0.00784356064435698	1.29811356003285	71
-0.108952908032161	0.808672699080349	71
0.100667486579177	0.482977174588904	71
-0.046614887029424	0.743723689724873	71
0.07059872114459	0.679047529377366	71
0.106773150529555	0.414105292337206	71
-0.115842336394863	0.880934728540376	71
0.082708614751999	0.472403481388974	71
0.112276704972164	0.465899485169744	111
0.015148590502963	0.588216393231024	111
0.092165742259318	0.78030870167797	111
0.119815532057511	0.478849968020017	323
0.00438335720798499	1.18668248838305	323
0.092184684126006	0.750885763107702	323
0.015457963197888	0.498817202733191	323
0.091258768903665	0.398870107130731	71
0.020398702352331	0.338856662681194	71
0.018673538260916	0.345279316503538	71
0.069724165936837	0.591620579589158	71
-0.037927830016804	0.407688090786052	71
0.079781412463586	0.416530180946403	56
0.00562711423499002	0.286919989580744	56
0.041290813833486	1.14128122347824	65
-0.117122508939386	1.53302469014127	65
-0.012856360191415	0.456790480084924	65
-0.105654350500165	1.50400240278136	65
-0.0893379526743761	0.757895647868349	65
0.031915290030557	0.644909224040499	475
0.055483959283096	0.731378484695651	71
-0.097063198276884	1.20951380256996	71
0.049290466007915	0.813501482869534	71
0.010550802038896	0.29077033464308	71
0.092313583873735	0.748972921465735	71
0.082053228381426	0.826640817958835	71
0.106348228828578	0.475118166700635	71
0.089942788624052	0.6400042457821	71
-0.0311993306908001	0.997532681136034	71
0.00943437987885998	0.892784210966533	111
-0.00828950834974496	0.997658861202244	323
0.050138530107416	0.632116538915431	71
-0.10729415997282	0.977965979390964	71
-0.016406648874556	0.648577418321808	71
-0.00820588424135604	0.665397314594642	71
-0.0733830239919629	0.749370678793375	71
0.050757441593374	0.469213168750311	71
0.118634353640053	1.28436077238258	65
-0.059102808366195	1.5225279369279	65
0.00424336976435002	0.286283506151562	56
-0.068416398873922	0.686500782855596	56
0.124210665872871	0.304281124208166	56
0.025513458798075	0.205457146255742	56
-0.045134357582307	0.807613287296257	56
-0.011662340266046	1.33422079784182	65
0.115146350880552	0.864020046404788	65
0.00445754540981103	0.471500997099745	65
0.070151153351731	0.432118921592686	65
0.040880012768722	0.368963662608672	475
-0.093332933402047	0.454388050691763	475
-0.108658798497432	0.743685621338265	475
0.040947806517512	1.0401245741141	71
0.069267128705596	0.563686630249384	71
0.018803469560169	0.213755792718274	71
-0.07595592897938	0.315587576595474	71
0.087617105578113	0.329375916088629	71
0.016050856264307	0.891577131132413	71
0.049050937540686	1.03792743159945	71
-0.056223423540265	0.571690779986016	71
-0.121808316066598	1.30251670094153	71
0.120722987234212	0.711876741325451	71
0.019611349388784	0.870907169285495	71
-0.072944328632997	1.0227916470947	111
-0.122084417717441	0.933320658889129	111
0.095057374568478	0.683410960551617	323
-0.068601107816602	0.927908442461566	323
0.089886520108577	0.11993937786539	348
-0.105018653446507	0.247296557897613	348
-0.097242270453126	0.45493891853647	71
0.015364390111454	0.758613303505107	71
-0.115266616483824	1.00498683802235	71
0.116683537534172	0.322294533767762	56
0.086172501130977	0.530486945905572	65
0.101471726668297	0.772702037264198	65
0.042137103336722	0.533342049365912	56
0.093813613707311	0.792348287174622	56
-0.100436875507951	0.243859923513718	475
0.032598552278316	0.370168919103162	475
-0.115304592067007	0.774999532991386	475
0.090865609609284	0.868730817123725	71
-0.00276088660930596	0.919923475074125	71
-0.00498588232471597	0.798593481353377	71
0.070505373086124	0.780166610119856	71
0.052967387287965	0.589623550353015	71
0.114089242820171	0.666213967727094	71
0.104394578065741	0.784504755212553	71
-0.081865885196325	1.19236876874449	111
0.075354173160512	0.74022891665438	111
0.066278726596849	0.438665890346695	71
-0.018538412372478	0.40295583693166	71
0.104688741845249	0.49497105629768	71
0.12232214991788	1.94227415312319	65
0.070021695462246	0.353594973258689	65
0.119639757472019	0.314966410401312	56
0.00501830803733699	0.28772508062102	56
-0.097336206161711	0.454505384297444	56
0.089577055996722	0.969013256176757	65
0.087069544384922	0.439325293017224	65
-0.0417587433689099	0.590853331758589	475
0.019632931052748	0.343812466242778	475
0.00929625260858102	0.564416930404763	475
-0.077963003455213	1.57583895971411	71
0.005435309758902	1.01282855266855	71
0.00237137337974602	0.288410123485029	71
-0.043115539850742	0.48224233642029	140
0.099582496185995	0.191953792334397	229
-0.0642261769443661	1.103779436318	71
-0.056904222220498	1.19915597812097	71
0.085795593130049	0.458530218631137	71
-0.015466456642966	0.94635620907539	71
0.085218465074723	0.774268673559026	111
-0.01383998864948	0.820971013221757	323
0.063162175712758	0.49261284511073	323
0.00485272624211403	0.290261959343017	323
0.116494861878325	0.478750782212283	71
-0.105877973349914	0.248295887545134	71
-0.073796307378342	0.884996055644965	71
0.101451239709894	1.45682777865626	65
-0.043127770261273	0.346768173840939	56
-0.019875567783212	0.443205034596349	65
0.014727571984166	0.82341467874475	65
0.108158777439834	0.389077487463124	71
0.081726304314387	0.256479772231433	71
0.109329660336156	0.386701652448567	71
0.085674367775054	0.772092310053731	71
0.093312172701733	0.810559237370926	71
0.123270723284124	0.647176276566382	71
0.036611865636701	0.638716252484948	71
-0.047805187091793	1.10206985768501	111
0.094094926298728	0.118706078687127	71
0.068887845708348	0.685666059284467	323
-0.019083579638092	0.524738018828715	323
-0.115865634429932	0.241362901039304	71
-0.011266084736533	0.792687050395938	71
-0.082609494106675	0.89949599868835	71
-0.020526298517509	0.598741239640412	71
0.017571936107181	0.213459013662829	56
0.100330160122888	0.192337287990876	65
0.113534324267507	0.786071180727964	65
-0.078316050968969	1.18782538129289	65
-0.058272570026326	0.844338023670048	65
-0.049387203708372	0.362577576867787	65
0.072150760541134	0.318272826564509	65
0.09075575880218	0.399950174454566	475
0.073250595972046	0.352637861333576	475
-0.110729010544991	1.19617594158309	71
0.11156442246326	0.850504349712095	71
-0.068110128738394	0.584712578664154	71
-0.08110883370959	0.315729685393722	140
0.086966388796932	0.520146929706351	71
0.106116515875357	0.19145585023457	229
-0.035032440732448	1.06047952170719	71
0.002060876047694	0.884491716497376	71
0.05619131710274	0.814219957341843	71
0.086127642384494	0.532098402016113	71
-0.050739084569686	0.777551442279259	71
0.062735452590125	0.685219868650218	323
0.108605002191249	0.474738596964651	323
0.107863611677151	0.594322695820218	71
0.012874097988612	0.574999404174277	71
-0.06346678154718	0.826674218689127	71
0.026222672161435	0.634671967516966	71
-0.037772546431375	0.69687270399442	71
-0.00439064075373896	0.559543015866301	71
0.084816865127515	0.298659574251305	56
0.105376396180916	0.360605611316493	56
0.059615625996548	0.375608882299559	56
-0.094659375969993	0.584762747498453	56
-0.044637565129707	0.454590134337104	56
-0.033747947980212	0.585485280797926	65
0.123294640152669	0.544808633276996	65
0.114097557315009	0.804575192718849	65
0.112692595700299	0.809296440402986	65
-0.110459774906319	1.07483677922572	65
0.093349633330151	0.631422504040427	65
0.109844218598171	0.586559026015619	65
0.055721536335575	0.415154117662508	65
0.114281660073843	0.629861302169628	71
-0.089882942197681	1.38935518534931	71
0.113552383570081	0.78099492953721	71
0.022711012404238	0.866587724868542	71
0.120695646568166	0.306413433704355	71
0.108037865435951	0.773704780786145	71
0.049953587014284	0.653329246876864	71
0.097281698265098	0.818937388039094	71
-0.049888553650048	0.371791501985629	229
0.055366743641674	0.740946266971301	229
0.078124435917945	0.684363234628584	71
-0.09118026827084	0.988809526891965	71
0.011833729362636	0.847585211495795	71
0.121069311601192	0.514805841195864	71
0.018485276657798	0.380885636231904	323
0.120711214885017	0.443901400552966	71
0.056391333024395	0.658051830588465	71
-0.0609388138056181	0.679428054955074	71
0.025911165947889	0.581487347617316	71
-0.084531576603178	0.614695714504517	71
-0.0842354898601671	0.745378842155162	65
0.076577837934207	0.600781606951532	65
0.064252070359248	0.641238791042736	65
-0.067542426545891	1.06481070905788	65
0.111877001103758	0.705436179576334	56
0.060520339455449	0.642923818460961	65
0.089446814558986	0.708857482609029	65
0.117093092101914	0.379305954782516	65
-0.070576423796877	0.757514521889819	65
0.027610796039065	0.669030348608621	65
0.052227774175701	0.841571884199498	229
0.078758873945425	0.414684883486366	71
-0.036390504906104	1.101583232029	71
0.00529777455723401	0.468122844899183	229
-0.038185796896094	0.874451620100401	71
-0.026505356726875	0.853036953111467	71
0.075427625196882	0.722411323816333	71
0.000320033310349022	0.731088243490344	71
0.045702990376159	0.525914599313563	323
-0.07255873270163	0.70505689257361	71
-0.011922159736829	0.622564231849245	71
0.065306407111413	0.484618758568519	71
0.058299570412256	0.464679208679856	71
-0.014587084443058	0.694853457674034	65
-0.051119778325506	0.733597959774434	65
-0.00569966456696702	0.785711046647147	65
-0.013953083190778	0.593995963546715	65
-0.0441088287145091	1.30336670616498	65
-0.00561829792021895	0.685935652187144	65
0.000803745405736023	0.662049620587801	65
0.118471170226932	0.591340679362236	65
0.044949674862727	0.755961084241691	65
-0.002262893684987	0.89210550855795	229
-0.0394491837034729	0.812249941003892	229
0.092795397903901	0.668323801666526	229
0.00411180044947801	0.909530195849059	229
0.044094956717404	0.658533098362439	71
0.083888520989596	0.832461925382353	71
0.078682832586289	0.912160495645147	71
0.058989625317441	0.579242126315505	229
-0.084391586865215	0.927295878665442	229
0.069485355423144	0.6204854292141	229
0.106135570678978	0.563500148485999	71
-0.090322117298649	0.942203843541814	71
0.035522878547428	0.753419767450149	71
0.033602516954823	0.816339296733479	71
-0.086394120520113	0.804768083281282	71
-0.0804476790973549	0.96916143267397	323
0.075097761175273	0.502952725871986	323
0.099659150168122	0.415717919911722	323
-0.07902381431777	0.737634511564008	71
-0.0474859166959341	0.670174671085413	71
0.100915838999927	0.479287097580957	71
0.02292138060781	0.587796621387229	71
-0.029378115782177	0.787223947429005	65
-0.00987241119008697	0.69988310157587	65
-0.068857442801757	0.765017770678297	65
0.009858640642676	0.844712293997506	65
0.00729327060153001	0.811605281952362	65
-0.12429424996521	1.17562313762693	65
-0.01486038038313	1.09631761171646	65
0.010839283857448	0.754076649423478	65
-0.0976971107286559	1.20047214829025	65
-0.115035237219506	0.653447762226285	65
-0.106419785355521	0.787343441567393	475
-0.022594687547261	0.666423140006223	475
0.106833488374314	0.615014786382837	475
0.035633476110992	0.772540867993451	475
0.096011826514907	0.588909509060019	475
-0.051606584681787	0.791768596205797	475
0.054830744152555	0.660235231438217	71
-0.033838072840372	0.881098035110565	229
-0.045539499812196	0.924581734229993	229
-0.090421451923663	0.464668328237227	71
0.063766618245363	0.652061399407029	71
0.00536118780577899	0.926788720386901	71
-0.041509543517245	0.873358489158472	229
-0.08627325776572	1.10933998586427	229
0.115838177513865	0.605802236460305	229
-0.090459671558494	0.951176424452148	71
0.09031931627038	0.628475109272958	71
-0.00898830527157302	0.782976720248266	71
0.073150471417573	0.741572243763868	71
-0.079124531711373	1.03394487909086	71
0.026984870778289	0.670960315709452	71
0.024432734692629	0.627382496722447	71
0.111308147881528	0.460135732687675	71
-0.030446577516182	0.640679371900123	323
-0.012214044854632	0.529302322221955	323
0.100154331425651	0.186351409305816	71
0.00818073501841299	0.757629379463247	71
0.107129684806556	0.540285442685346	71
0.12359938536319	0.311629857454517	71
-0.103501283493827	0.611311719511849	71
0.093789663526255	0.422267992904102	71
-0.05725612857535	0.718546380120943	71
-0.0598796697324801	1.46394363100715	65
0.107816854183065	0.690155239945028	65
0.085639149238393	0.632565103701954	65
-0.080033741530042	0.83509925236396	65
-0.035586753837451	1.05555374798704	65
0.109885834893686	1.04939508111105	65
-0.00145989037143501	1.04575785805696	65
-0.090610630046686	1.25749360429652	65
0.00420434141326997	0.548398599034579	65
-0.017965616958584	1.10631267641923	65
0.112649688910289	0.887533675359087	65
0.04926829036914	0.858435431338999	65
0.083606316713464	0.797252502904238	65
-0.0292456342554021	1.08920622165411	65
0.05796476364942	0.842609516834203	475
0.089768329903745	0.628375162104572	475
0.055689307608738	0.695553722668766	475
0.121408614313801	0.50239623012026	475
0.055857873494779	0.482117725893227	475
0.09097838892332	0.456855008376607	71
0.06409438397715	0.511763699312505	71
0.027868999359746	0.525619291234756	71
-0.096281839525324	0.708852639280497	229
0.00606800951437297	1.25369763882355	229
0.098867410849292	0.840878018650262	71
-0.050906420525733	1.48795024379514	71
0.055769622678203	0.983559694905822	71
0.109022501238258	0.415084886253303	71
0.067243177165166	0.816438967414497	229
0.052782037207671	0.450610245465961	229
-0.022312479196511	0.537644016643834	229
-0.09152414508379	0.62676660577553	71
-0.111667450668108	0.610879669424426	71
0.097396355529451	0.947014081458806	71
0.119006028714304	0.431365506117834	71
0.092307188344814	0.357912029815524	71
0.112495397758451	0.675750961067505	323
0.096195448219926	0.4298444560748	323
0.076034083240486	0.408903241551354	323
0.038981191716462	0.506556963528042	71
-0.061202189124176	0.933330089502717	71
-0.019349876774225	0.415198492165517	71
-0.025525485878189	0.397136442842161	71
0.08010803290238	1.99273661219481	65
0.028504501193967	1.19078660562599	65
0.116074350076937	1.33657360544662	65
0.102147621082014	1.06531431209393	65
0.039386240712867	0.390166747062142	65
0.03195237792281	0.778370236211608	65
-0.0355442399978519	0.901831253533513	65
0.112228996363638	0.849015694394804	65
0.10127964815404	0.516156123675812	475
-0.1000599609423	0.975884435635741	475
0.034060669678236	0.900478290949055	475
0.060644806273773	0.82557083748107	475
0.082287654011171	0.412214608872474	71
0.080712600718545	0.377401029799865	229
0.111503737628342	0.725280127463685	229
-0.017010879299704	0.462748760387024	71
-0.090569014630916	1.88216711716259	229
-0.030852800778072	0.407679035605516	229
0.081165897685468	0.348932972693206	229
0.072121042158767	0.341230777946269	229
0.024805199836557	0.579050871630636	229
-0.029622193495173	0.542580126501469	71
0.075246674353907	0.342014672541846	71
0.117442338227039	0.285183428109248	71
0.031668736750534	0.373593640898537	71
0.091567222619598	0.93865183356515	71
0.022952768722809	0.823148614440002	323
0.032074641254542	0.805284296035144	71
-0.113333220656836	1.48547537573965	71
-0.015522164836911	1.0880514041637	65
0.091381731410906	0.637023999751819	65
0.041692216808476	0.855009520983642	65
0.052626651845535	0.887407959969501	65
-0.010342011697844	0.790614299933185	65
0.041058742032392	0.540179840763886	65
0.086802018566725	0.480345183490892	65
-0.038719334497658	1.00299613933074	65
-0.077688567624695	1.11695336084257	65
0.122642403672021	0.423065662108277	475
0.017853536432381	0.679211528927536	71
0.102320672534705	0.504963109972308	229
0.122635857954241	0.665425526710324	229
0.122060041028105	0.670975066864983	229
-0.08094932904522	1.29405478544112	229
0.038912442776349	0.97279120692889	229
-0.059681777403315	0.80201065190781	229
-0.040014331843974	0.810331111376344	71
0.072844533663051	0.614752933640135	71
0.045520363028557	0.524030228962302	229
0.094364835275279	0.644798509695898	229
-0.0978939141715029	0.933170781813782	71
0.124249916883994	0.476675430597258	71
-0.02428970439643	0.772704089908805	71
0.00669655671304698	0.698092798710566	71
0.08164860592444	0.545496080638866	323
-0.038996921268881	0.890261170573151	323
-0.01123551148341	0.705286547758999	323
-0.044786255028676	0.363042887415519	71
-0.00275418472908495	0.517753196768512	71
-0.037163864037536	0.582799990088523	71
-0.098310983217952	0.661201640518469	643
0.057405670388676	0.42133268159	643
0.020151711755471	0.559811968115035	643
-0.0530571079461249	0.476705175988209	643
0.116113070554091	2.35166774239346	65
0.067334170077782	2.40239173625958	65
0.077556368226616	2.2168147960162	65
-0.020683001516255	0.846543093179448	65
-0.115521086054437	0.730591305362845	65
-0.055506954295458	1.00622494929157	65
0.055055525542501	0.536581525241092	229
-0.031314189978404	0.847369847838381	229
-0.064051782945424	0.931723321462415	229
0.041221928951522	0.791752033996238	229
0.073644680127998	0.668395280691109	229
0.041519635000703	0.869631036990789	71
-0.021520161879754	0.745196521376268	71
0.016953913647982	0.690326774595938	71
0.050999529656397	0.789922215917296	71
0.053337145656634	0.50849668998435	229
0.105505820190748	0.455272131114071	229
0.119068747867328	0.499137999459792	71
-0.025320296800984	0.798086458557494	71
0.088968085671603	0.745291010171417	71
0.033233906300359	0.601619266530054	71
0.053515604508586	0.50520156980387	71
0.060602449033437	0.70406615801904	71
-0.080644930891863	0.832075099662499	71
-0.092158237628295	1.31349641161162	323
0.068157531920632	0.605527762030014	323
0.071184887831016	0.318851620116729	71
0.121225244117844	0.309990039357052	71
0.032750371917702	0.480836620950773	643
0.057003634515072	1.56204247769101	65
-0.032275581660402	2.05332219202764	65
-0.00913076557953496	1.85385919568186	65
-0.012827028322339	1.2970666018381	65
0.017403957303324	0.79081801738004	65
-0.0826974868750781	1.32341192529514	56
0.07560110891993	0.7092814276033	56
-0.00740389913483197	0.750982452709836	475
-0.0363654687084179	0.725091983478716	71
0.07735159143188	0.845426829042264	71
-0.099504898447877	1.27795456775785	229
0.040441662130728	0.504680406782977	71
0.118624722224123	0.403553941220533	71
-0.015611850686269	0.597331572916956	71
0.027888530046223	0.469075312457091	71
0.107845102391062	0.610009151057261	71
0.015274674532676	0.658765496898327	71
0.087288235377793	0.430811566507791	71
0.063394209878129	0.444670676218539	71
0.080491414950403	0.37246936234148	643
0.080847461759528	0.294589355950681	643
-0.073576926444482	0.620024131982246	643
0.019524951949106	0.447613287028821	643
0.03919643025937	0.406556148761368	643
0.015695942576128	0.348576522518946	643
-0.081639936484066	0.548200788823558	643
0.055937952944297	0.578370816842753	643
0.029857752668078	1.91421573589687	65
-0.02812213322407	0.699033940541963	65
-0.018832899142489	0.724960636078636	65
-0.080252871644208	0.783842876161242	65
0.037017179101261	0.924385411697035	65
0.001230961009204	0.651817137554435	65
0.098351815260123	0.613561964780154	65
-0.0683127218231831	1.03246186533905	65
0.013292557428492	0.614751925136385	475
0.124417098969607	0.467264938130868	71
0.096753139121875	0.558980340132563	475
0.016497793369982	0.742965533462256	71
0.003862700677985	0.770955384125828	71
0.092737676636665	0.489443182642401	71
-0.020545275633808	0.62523451198538	71
-0.124387714691711	1.10579657035555	71
-0.079282984137427	0.631254111411572	71
-0.085262740625192	1.05101061045165	71
0.095784266660033	0.627250310734478	71
0.111764832612642	0.320854136551553	71
0.06760308707539	0.582635481623154	71
0.112000676036532	0.483085142090998	71
0.078331241349236	0.358100455895574	71
0.027431590259974	0.580434538166103	643
0.090774706951613	0.416611617603871	643
-0.041845722874731	0.584411974633617	643
0.037814558222121	0.412889847710935	643
-0.000342891472650986	0.439488900291997	643
0.053324297510521	0.925735809994317	65
0.017524440705044	0.821121932533549	65
0.073263339332251	0.652463798218672	65
0.085660410048872	0.35986911395065	56
0.108996126551021	0.611942306710834	65
-0.013977682358348	0.926271095646134	65
0.029005918934352	0.821580613083815	475
0.011664039542597	0.817855057747136	475
-0.066938347294448	0.891957787783496	475
0.027588009736747	0.86779938920984	71
0.041401756155881	0.538274789548597	71
-0.021880426886269	0.53269825246186	475
0.120748835462009	0.801194626947869	71
-0.026287269193042	1.02986596399127	71
0.0886690252155	0.332112175778879	71
-0.018783629848763	0.398745921400454	71
0.062041411415298	0.442920131549367	71
-0.024296923820218	1.21352720471236	229
0.021258663017217	0.33874820398866	229
0.074863514250695	0.316587021762242	229
-0.120867176070252	0.499742114925363	71
0.107473442112018	0.611324807134062	71
-0.045972895366161	0.518249378918872	71
-0.023143345157421	0.977327444629192	71
0.0306865065196	0.54357691616462	71
-0.03355826613452	0.570135212245231	71
-0.040498939851175	1.0142820822246	643
0.124730065987673	0.27457932227697	643
0.106116515875357	0.19145585023457	643
-0.051032609006473	1.19307856974296	65
-0.00022654650295495	1.19380204109352	65
0.026562230031589	1.06483310024794	65
0.021025805747487	0.794549629136087	56
-0.0826358573930051	1.08248470599122	65
-0.00824659121562699	0.739633471553581	475
0.00149180227891899	0.627528217487943	71
-0.062076958653548	0.747569817177275	71
0.00196040385118201	0.555259116481143	71
-0.0525994479601381	0.644428600161196	475
0.048445290588914	0.789596266960634	71
0.020582037530094	0.990109402741291	229
-0.015222557003949	0.758538236140032	229
-0.037325169306328	0.669553962158618	71
0.086810697649892	0.366581789218272	229
0.112611250287569	0.348999538923667	229
-0.00565520233677297	0.444280299892044	229
0.078585743405558	0.415857311489792	229
-0.00237276941658104	0.911134443511245	71
0.072481315516259	0.636443580254621	71
0.098895091222291	0.400296493087669	71
0.032823688276364	0.410685798349777	71
-0.107133507530602	0.598762419853165	71
0.105746617482541	0.579788694941467	71
0.098391712671567	0.603753056503551	71
0.048251612021957	0.43814456930728	643
-0.077084324894922	0.531275200987984	643
-0.108504420630264	0.837697979420369	71
0.123658636639584	1.80950987003024	65
0.114933061936359	0.797658154708198	65
0.000298138308590989	0.937436518971418	65
-0.070431505109138	0.771994257748625	65
-0.075972606526424	1.24203936260856	56
-0.03146151403905	1.10822671208923	19
0.120189129764904	0.465963822574603	65
0.01594992124799	0.616223581399772	65
0.025798898101271	0.765291707288552	71
-0.074852396281352	1.0365046944223	475
0.078221460987582	0.707645996923275	229
0.089590430410444	0.79726592517407	71
-0.00101883350467802	1.28980386028509	71
-0.046280298705122	0.838667797376252	71
-0.091987871617701	1.14386561598716	71
0.034354900308474	0.836420138594132	229
0.095658194400378	0.588612328506653	229
0.077208262607834	0.611076029310062	229
-0.00660668358127103	0.797909721515334	229
0.074956248644434	0.875342164318559	71
0.100658771284	0.593112647639568	71
0.051445549280766	0.471591767067382	71
-0.031430589244921	0.617155256560566	71
0.116360412341384	0.643379877790314	71
0.053788254237829	0.553132195162301	643
-0.0623776581718271	0.833953965089677	643
-0.122532962906756	0.9073158363357	643
0.056935314495172	0.462847004685945	643
0.027737969869749	0.388359213195339	643
-0.0923183211183241	0.758507392136379	643
-0.03559650445824	1.16325535569748	19
0.016155589204191	0.951447489820279	19
0.048757766257748	0.951754831253982	56
0.024923878358128	0.71517069063535	56
0.049738533593293	0.908222021401484	65
0.111800030814595	0.719066943776548	65
0.044562629950982	0.686390554688525	65
-0.084716868286845	0.874919153763051	475
0.084520590293808	0.520878252071137	475
0.075645582662817	0.583130383642884	475
0.088422027070486	0.86594241095247	71
0.093073933243776	0.477848353287346	229
-0.00925538303163398	0.682951600060211	229
0.099731633731889	0.552940353053648	229
0.087420326207617	0.618579438345515	229
0.075525448583724	0.723754719787089	229
-0.0970011769646431	0.767218327512065	229
0.049006913571253	0.74542179023086	229
0.055855114139061	0.74966001027879	229
0.111953385286317	0.320808476298852	71
0.012599962867518	0.467839517510734	71
0.116146319498914	0.317761661474899	643
0.0802780085466	0.381403951678151	643
0.05483354373872	1.86334907549618	65
0.010143584973684	1.14120962387301	56
0.122313645863925	0.579367032103505	19
0.09973368048687	0.517767203714307	19
0.022564542359123	0.485429686489414	56
0.057296773914734	0.765670543523977	65
-0.02234396418892	0.677608204875738	71
0.114211352117325	0.385442389720861	475
0.051581799277012	0.432028096160363	475
0.033967022004668	1.0694849859607	71
0.099890253436115	0.869884990230944	71
-0.03904927173061	0.724142540454291	229
0.088215973481294	0.558745775878932	71
0.041227881486316	0.577429247154455	229
0.011959901773364	0.510486677244692	229
0.083244450856669	0.410426618853243	229
-0.110247987702746	1.41574403945608	229
-0.087138730648937	0.449022773941021	229
-0.049603698741594	0.69177192732206	71
0.02206799006788	0.640159043740415	71
0.044587957121174	0.825781999724475	71
0.102329224135239	0.707050394110879	71
-0.048934649296	0.467374326673612	643
-0.06820530667418	0.609733541610326	643
0.016267000829998	0.580222880145867	643
-0.053463246971757	0.384383647268388	643
0.04178617735945	1.26570437846083	65
0.119428943795285	0.756687645677493	65
0.041274288151548	0.555730192372393	475
0.06020273025139	0.489615362373034	475
0.066999545901764	0.514859707778585	71
-0.094075698793644	0.670275883863183	475
0.079495998126228	1.05291746710258	71
0.015010642054805	0.490541183417576	229
0.083568269797761	0.494413080257244	71
-0.082405945670142	1.17627592927247	229
0.016516591681665	0.498966301872784	229
-0.00642690432542603	0.507111113214326	229
-0.094775185569472	0.547802173922484	229
0.079378785933172	0.350293453047826	229
-0.00470388368016195	0.992264042809284	229
0.081079839106193	0.5935839492491	71
-0.08385603757008	0.544895028862981	41
0.124237357554853	1.03288931679688	65
-0.0108124333527581	0.855273448348827	19
-0.045382475234899	0.805760428485953	56
0.080896887827606	0.632192454958285	65
0.10657617730355	0.397461215597277	229
0.085771866108863	0.650095890118895	229
0.100827638079402	0.362589873674617	229
0.067949048767461	0.609431702705494	71
-0.087283386143092	0.938089518596947	71
-0.109123521228808	0.624926458667296	41
-0.11114116342291	0.520062197758458	71
0.071723392544748	0.306781966005729	71
0.081394142409013	0.346639501242104	643
-0.055996065833718	0.372394613880817	71
-0.0570801725221321	1.13468805019365	19
-0.104847742232678	1.20387588526162	56
0.122418375258799	0.561868115440712	56
-0.00689149216058205	0.664805170426306	71
0.046234878842098	0.64233745042325	229
-0.069209353035579	1.22693970488881	71
0.07671882795615	0.486999374535082	229
0.060237148859749	0.661091309613269	229
0.062485107047498	0.668337803329506	229
-0.101998122685601	0.792587063413928	229
-0.07907544636514	0.714648946350002	229
-0.028114277336967	1.02781285368689	71
0.101885721732269	0.38743569717134	71
-0.021722194054418	0.415734574902183	71
-0.11652182188532	0.786577988229651	41
-0.044776492833431	0.691571166291453	41
-0.049530576675664	0.553704917764971	41
0.064899738248066	0.647189875666048	71
0.031699171340661	0.378211832991899	56
0.029538459168495	0.41346922732327	56
0.046546408680674	0.847784003671151	19
0.044587610242625	0.50042849721443	56
0.09563167313747	0.571042125772174	475
0.024648208341792	0.680298363425655	475
0.053384300619084	0.731617980166261	71
0.017236038305878	0.86208883303664	71
0.103519176055814	0.576134722485034	229
-0.02595762863225	0.639935342645698	71
0.00876657221702798	0.725161165655306	71
0.034790724096461	0.622009551909447	229
0.034738232611732	0.468017637310052	229
-0.00921000806407102	0.790737699101422	229
-0.080220276593766	0.30621167402426	229
-0.014210264144172	0.871586195760873	229
-0.076496357306258	1.12418015300901	229
0.116605300171203	0.395867298456046	71
-0.110800078033336	0.513833378130919	71
0.062048650321836	0.773321503967609	71
-0.05267381705525	1.10736327398061	71
0.025439784864687	0.380333000732968	71
-0.11952654667635	0.775957947686352	41
0.087288417771524	0.462808869138478	41
0.107217332736163	0.357326791308571	41
0.034031531631731	0.577054635981826	41
-0.12085254673941	0.668677154515829	71
-0.011178792745811	0.799959324498686	19
-0.037694631662102	0.971744587469374	19
0.026551594399973	0.710217978209761	19
0.107582898691802	0.518211633179801	56
-0.019652831207212	0.769083858696706	56
0.01638706800649	0.66755296739294	56
0.095311423858029	0.547321646503233	56
-0.068669050879667	1.00194926691307	56
0.102108756862627	0.51021897246391	56
-0.01398238745041	0.544204728741657	56
0.113939123827321	0.490488115659452	154
-0.057285911977263	0.642702610498764	154
0.039815959778	0.57881634705085	229
-0.00789342540993698	0.646315770782528	71
0.032727704119199	0.567426491075885	229
-0.111112144946826	0.714195840815622	229
-0.061228262953733	0.95555072603552	229
-0.009422696212115	0.518466799672429	229
0.022359098013996	0.626053316133005	229
0.048321079016743	0.52159656223694	229
-0.041208297705892	0.659067924146222	229
-0.034913423426595	0.828619863866503	229
0.1041467790062	0.471928446742021	229
0.084858536176482	0.442533936915438	229
0.019354647790627	0.50040474672206	229
-0.118097433682543	0.787631391433542	229
0.10298146515332	0.47585363019444	229
-0.015841806902299	0.631343618900383	229
-0.089370185640026	0.967168385671835	71
0.026169316169265	0.779010964272534	71
0.010667252246932	0.405576650124099	71
-0.083226604417196	0.61709388690825	41
-0.091226816869152	0.670243767110321	41
-0.034825766283839	0.656797122914602	41
-0.036169380520905	0.562179146836718	71
0.028240272927498	0.385760334157061	71
0.122369493360159	0.523401208604857	19
-0.067833799608957	0.918965548542143	56
-0.082030703031988	0.551383038744995	56
0.03895873338457	1.00130062146165	56
0.02207950044383	1.11284083821538	56
-0.099161184652715	0.830010685370638	475
-0.053895743185563	0.968089014316213	475
0.115751876488183	0.355750103622367	229
0.079800972643144	0.349747508112138	71
-0.094627613594952	1.00314350333605	229
-0.094364766434161	0.53294347714237	229
-0.00625978288642004	0.450761032199988	229
0.020764300705151	0.451940513345404	229
0.010387820051099	0.279481443539796	229
0.010090329296884	0.348380238213984	229
0.04238535489789	0.887231912958492	229
0.010383958572156	0.28953598518632	229
-0.0655897081970091	0.486515908029585	229
-0.097764739725023	1.02574918911731	229
-0.034353454542955	0.747587952228208	71
0.041257313042723	0.671697084982546	71
0.120860079030522	0.316437455776672	71
0.123638630925208	0.429960088011394	56
0.080088166640539	0.474755529739062	19
-0.0347246781255089	0.58079224061914	19
0.122460702878701	0.347732944784384	19
0.096701525238338	0.472986141240006	19
0.083608794831056	0.296119281892862	56
-0.033452284781105	1.21264442328726	56
-0.060033370479699	0.560198252717656	56
-0.052946373163705	0.591399010188018	56
-0.091097350882491	0.446983671915433	154
0.077094048756107	0.354054658740497	229
-0.08272992428402	0.307878117502097	229
-0.077653493899831	0.786385482308895	229
-0.0756965275681391	1.51012811268892	229
0.023683416432236	1.21353787170001	229
0.019889398367203	1.05933897626033	71
-0.0223404878114341	0.994316792142548	229
0.062303938596932	0.800988539807923	229
-0.055564387385898	1.20918032110365	229
0.090791975434301	0.36021220030545	229
-0.11435997214504	0.860239681454935	229
0.079143103936704	0.577120206334669	229
-0.095297209563789	1.6574493055674	229
-0.044783752758722	1.07578492394552	229
-0.022233913383147	0.760344755276449	71
0.014997220557915	0.214725591705819	41
-0.085168934865388	0.74600430700776	71
0.074439191098422	0.680564938367209	19
0.066471429222131	0.438699108828721	19
0.092371259403634	0.488007655743339	19
0.00657380082181203	0.946349860643328	56
-0.022761295650599	0.967944162008796	56
0.095774831625239	0.650387013500166	56
0.016236194298198	0.708625209596558	56
0.115494257517231	0.462089832303456	56
0.00912560866393403	0.347634995461745	229
0.02019736219648	0.381903812353269	229
0.066160778469456	0.857078284031885	229
0.059812632534044	0.772478310570342	229
0.057202200410322	0.922166254423518	229
-0.0408256228970461	1.22186240963651	229
-0.04038090548549	0.636537956629419	229
-0.037901071584329	1.16216646504542	71
0.099003927651361	0.72658730674997	71
0.088214790583265	0.24497939310676	229
0.075542597880982	0.341493585201841	229
-0.094171176621018	0.584245831283361	229
-0.046102524155644	0.768228178956733	229
0.013113342797396	0.339705244931002	229
-0.022873533092958	0.420551986237435	229
-0.091013779372085	0.44372014505631	229
-0.01839979952752	0.890532176061058	229
0.015319537469472	0.715566562907055	56
0.109619124847591	0.389136149009192	19
0.046521926190846	0.429183853790238	19
0.032757655467989	0.507462969540083	19
0.00461730127021498	0.465821336674405	56
-0.0497537676469429	0.36029601551754	56
-0.064330090962986	0.911289180383798	56
0.055691198479383	0.381023237240579	154
0.120556753499287	0.313474832427693	475
0.080778338874175	0.260460985207303	229
0.067102537618372	0.254535641747343	229
0.077846482258123	0.443681598270422	229
0.120056930455629	0.350406453503562	229
0.03913277353414	0.747726783823977	229
0.113074302061082	0.327588033288497	229
0.117856088857135	0.174105606200704	71
0.01997394091031	0.383712791720223	229
0.023726419227258	0.326869921846304	229
-0.076114661400676	0.318361095193802	229
0.031592066804905	0.312374534046198	229
0.01071753987508	0.287912361390785	229
0.059639467923239	0.461861737734045	229
-0.042198288285919	0.695115361568046	229
0.109258882205687	0.413237357529263	229
0.015718527656987	0.613005670513062	229
0.047545881832644	0.781596132529568	71
-0.0765603154365621	0.313562152213764	71
0.017288599581589	0.332384723015257	56
0.039152837853639	0.416527711336834	19
0.014816568146243	0.336679337834766	19
0.083230442612182	0.575533514336079	56
0.058134376312328	0.689118270767099	56
0.00398774958408898	0.657748602417761	56
0.00443597480799701	0.48010928067913	154
0.064131987755009	0.309049176825337	154
0.011096530426735	0.343050957926823	475
0.074720208652954	0.495871442292239	229
-0.00376070338593404	0.65303785305631	229
0.078476275491977	0.264669985176835	71
0.045949012711713	0.495266359287725	229
0.064853032129674	0.395507935438046	229
0.081446348521791	0.299669900018507	229
0.011489305514117	0.287082497005345	229
-0.048089248874914	0.666582279160676	229
-0.019952596704201	0.647255816864869	229
-0.067681892220231	0.968188377892242	229
-0.080617459340022	0.611290850707664	41
-0.0765603154365621	0.313562152213764	41
0.077472784695546	0.255565779516375	41
0.052192811758637	0.552060975925607	71
0.108230862746882	0.186666235281736	71
0.107770059825709	0.188996107074705	56
-0.077031039461208	0.317662757779911	19
0.123312964353746	0.536081347316595	19
0.106647710125916	0.545037483794069	56
-0.072695265760702	0.602931257801826	154
-0.0680177996238131	0.293289573707657	154
-0.119596128793815	0.531552138445051	229
-0.075807912796508	0.312759471781369	229
-0.105107464173874	0.248281748462392	229
0.108230862746882	0.186666235281736	229
0.018308439195189	0.653502889207028	229
-0.049737872461336	0.767255995413336	229
0.106865245648757	0.19071099290903	229
0.085593514601311	0.710194676204932	71
0.116266800651481	0.408919644163713	41
-0.110998537195151	0.653081016656832	71
0.091635389749592	0.125062886124958	41
-0.050512223378717	0.364732067795558	56
0.016087133581487	0.279654298095413	19
-0.106790578233371	0.789686837345655	19
-0.063306365927751	0.753150349560936	19
-0.101343310001295	0.921129052005095	56
-0.055156960750695	0.968621028513336	56
-0.112808328727795	0.821862361636842	56
0.00443004285461901	0.467913112140318	154
0.031921329500971	0.380807953269926	154
0.013758838249878	0.279023908539832	475
0.107328079325916	0.188985628995604	229
-0.071773597355512	0.312488527181359	229
-0.074152704555539	0.309306708140621	229
0.119718266241629	0.427987905207211	229
0.00496662122582498	0.610025160784399	229
-0.099237347856171	1.17997678499912	229
-0.023244854335021	0.495362581257785	229
-0.019834673198446	0.803187513734226	71
-0.106648890775968	0.246331229661046	41
-0.012055597378252	0.512457245840867	71
0.101824437721679	0.189606016916962	41
-0.04773555404195	0.661774834552373	56
-0.114558731206834	0.771421875229325	56
0.094979879301283	0.406968263469202	19
0.096031458996521	0.18911985125751	56
0.025329762868008	0.37607020926708	154
0.072776901416536	0.350182454739368	154
0.091296745058269	0.36221268400793	229
0.028430740138351	0.498783340156505	229
0.012332961930897	0.604723101050752	229
0.018889277040502	0.346760027245712	71
0.086972314582099	0.513789829042357	71
-0.0187597139828219	0.401145167869216	229
0.093292111011753	0.121566231332134	229
-0.05005448582292	0.381263467014341	229
0.078727487056407	0.347892199959104	229
0.00684023748876	0.584146707481137	229
0.112220426381262	0.186296723764712	229
-0.114637763697485	0.63010028492517	41
-0.076114661400676	0.318361095193802	41
-0.096351139018323	0.817226344925853	19
-0.089357652763152	0.861861688496918	56
0.106552926033572	0.27953997122399	154
0.023057011203723	0.333249371718716	475
0.00793717989342102	0.341476249181821	475
0.116327619294531	0.452504350087953	229
-0.00693760882597605	0.890970081763819	229
-0.091737607971882	0.959536628366181	229
-0.052952466701283	0.372078574411275	229
0.069984600241316	0.312076960581237	229
-0.058018848542343	0.37447363968314	71
0.095396728529536	0.614610848656674	71
0.079006104793858	0.255177842255174	229
0.018484770860039	0.334983851393021	229
-0.057163545994678	0.488386291129843	229
0.036728635488072	0.497122487360577	229
0.040026515944003	0.412288154671892	229
-0.049118272635426	0.765992135430873	229
-0.119169772200838	0.882950037676612	229
0.021947993858931	0.62411259024788	229
-0.085466352637367	0.534061515877019	41
-0.114193562655785	0.235038532427223	41
-0.100436875507951	0.243859923513718	41
0.095279357382112	0.187982958820672	41
0.117148003526726	0.400179698746413	56
0.077293694143559	0.256951354341444	56
0.034246131783294	0.51376575882783	19
0.078883254916234	0.262716083823281	56
-0.0765603154365621	0.313562152213764	56
0.123646624680056	0.28153949289053	475
-0.091623595860186	0.455774528080235	475
0.019539242092686	0.211573977492915	229
-0.037752493951338	0.728727341533357	229
-0.059828829071887	0.461291006314357	229
0.055441995000657	0.707055996059371	71
-0.078150132917987	0.428078900725501	229
-0.078522772609846	0.312426496830549	229
0.013892466240148	0.634874884008802	229
0.014051442530984	0.569650262757028	229
-0.060800987699376	0.750779259879447	71
-0.03090687785281	0.821616026816267	41
0.10036143652549	0.555256700001462	41
0.005019244787836	0.290944264922213	41
-0.124759664920486	0.677249787162602	41
-0.114855237840932	0.740827017239119	56
0.124905207431988	0.305302098414211	56
0.055749739029419	0.531489040219183	56
0.086483780229465	0.4373779549787	56
0.076361433775909	0.260667276998829	475
-0.065182543772495	0.557569530194872	229
0.091314571473364	0.450440868782238	229
0.084473732715653	0.510934597433252	229
-0.00394150908078195	0.445394512171718	229
0.028023532916472	0.366436853941055	229
-0.0833273904051231	0.635071610919269	229
-0.119187713353595	0.793608722739279	71
-0.022223259484963	0.866609624587914	71
0.054344151033502	0.65793507910374	41
-0.0521685103808111	0.594477991434998	41
0.050792550999506	0.391567424177069	41
0.082811010158375	0.341268722037154	41
0.065840835053148	0.484992347904618	41
-0.117680635208109	0.524136756089295	41
0.030011379548277	0.476479996951666	41
-0.058965401446196	0.378227207878699	41
0.02135278488809	0.335785214688103	56
0.039698594288584	0.359225697015828	475
0.085249699516002	0.327024282997413	475
0.02868111540937	0.388622842935415	475
-0.030319861305297	0.416674598593658	229
0.115491587947805	0.45514193814851	229
-0.013679296735253	0.667204545070126	229
-0.00569833626499405	0.771193737534845	229
-0.046298896411148	1.02013480198397	229
-0.0293250955883	0.727258410549011	71
0.02241723540355	0.626928200698026	229
-0.00539332938333204	0.449920527054794	229
-0.062374601729692	0.48194578034346	229
-0.052417686890238	0.375152943561188	229
-0.098741802445941	0.591400632024167	229
-0.109183256394777	0.489836490121519	229
-0.086332104283289	0.555029042697491	229
-0.085805324048235	0.455940215733182	229
-0.10024741053728	0.938175144316566	71
-0.0347992354276711	0.688103536733658	41
-0.080952225206946	0.319302162561081	41
-0.052535631994865	0.626940495167518	41
-0.046771434343933	0.357559725479625	41
0.020376229496693	0.339246786232599	41
-0.021901187115948	1.16393764855946	56
-0.064440323161893	0.65533629423918	19
0.033100737581119	0.582997268661943	19
-0.048922576486314	0.615426796285165	19
0.057837703394019	0.427268521341748	56
-0.0230461547066571	0.807846220155542	56
0.119034942769871	0.471060597823051	475
0.013381414077796	0.465285680523972	475
-0.025850442102566	0.422308861554717	475
0.039345703602037	0.366708808551462	475
0.114812229133061	0.396683015081695	229
0.028734963819787	0.892926542888068	229
-0.0787012740231821	0.835457739560037	229
0.00495544084409599	0.468619603120872	229
-0.023020845351071	0.788352170224312	229
-0.027660286836892	0.418444710431568	229
0.036653131879866	0.509678975048814	229
-0.026386649934133	0.567133343987889	229
0.074578713462594	0.379252208225061	229
0.088070453609053	0.40338315130203	229
-0.124038589866183	0.675575047463319	229
-0.0471227622891101	0.596623082775529	229
-0.078573883275835	0.623574805234287	229
-0.059893216156645	0.487684433347809	71
0.023759576500958	0.491959614096651	229
0.124847564852164	0.274156627272251	229
-0.0558306400831961	0.802228303756586	71
-0.08112668889443	0.694017232891913	41
0.121648228678585	0.237967672608411	41
0.08073614213096	0.299596941388763	41
-0.057469069467892	0.561378706871318	41
0.119516538479013	0.577562285541303	56
0.02320925774073	0.628054094617234	19
0.121408614313801	0.50239623012026	19
-0.031602102261549	0.502556738916461	56
-0.012021736702865	0.838235145439732	56
0.01453920843346	0.625946025843465	56
0.04729982198096	0.442713385839515	475
0.109225663118355	0.323546370985201	475
-0.00873080318084896	0.454662122478494	475
0.085339358907917	0.327800560504528	229
0.077515505295069	0.312972479019215	229
0.02627520905006	0.436697020001077	229
0.096461207413936	0.929653525067696	229
0.046057833119279	0.961474777784373	229
0.080886628772871	0.513506265555587	229
-0.10624855947772	0.609497938634414	229
-0.116759894259516	0.519362289757146	229
-0.059454867700123	0.492994985658195	71
-0.028992383476997	0.535786957977579	71
-0.071269115621321	0.766680867857781	71
-0.0923183211183241	0.758507392136379	229
-0.091472100826722	0.572417384341756	229
-0.010341123996789	1.13017859415414	41
0.116697707699034	0.40717981469962	41
0.00394819288237303	0.703936924495625	41
0.031373655712508	0.480996062842006	41
-0.077462352494074	0.311873140244817	41
0.080357398191311	0.304770878036428	41
-0.072288724224289	0.621817224046233	41
0.087074919306841	0.574250556222677	56
0.035522293648672	0.611181357780348	56
0.017858497488484	0.344081853335978	19
0.051061177549621	0.393277747507092	19
0.112328113142196	0.619272160762215	19
0.00682480241344802	0.542359793742813	19
-0.120424221807724	0.537828190155726	56
0.028289874614173	0.373232830774573	56
0.082245977594447	0.378923162070385	475
0.076616162834635	0.351301813047265	475
0.016492626915859	0.359574746675899	475
0.080964258308877	0.332056785017477	229
0.123805082162175	0.517286937468653	229
-0.078601398015639	1.19959486035577	229
0.112733842666681	0.712272714648437	229
-0.057052518618641	0.903243276578755	229
0.07078031246107	0.308520840519398	229
-0.00819704735497995	0.837477397078024	229
0.018020921648196	0.563527022757898	229
0.058913016379506	0.865714973561346	229
0.040476182928862	0.892241442296888	229
-0.0887192945630541	0.460142039995711	229
0.079490852485	0.415557887522247	229
0.08368214043927	0.255885236897142	229
0.000703706262046022	0.279898850960738	229
0.065637225095965	0.313232956667555	229
0.117859970566557	0.312731790357635	71
0.025521567557029	0.329528243471414	71
0.028041309158893	0.724755890328872	71
0.082316117238628	0.344311360573134	71
0.11756804177523	0.57165365454806	71
-0.077721449747579	1.22165518206752	41
-0.099421995131671	0.7094066011396	41
0.056986728815412	0.499149193970194	41
0.081790729097079	0.258096343951183	41
0.004483240289194	0.674390569641749	41
0.019046335475057	0.211616204335199	41
0.011322158508138	0.288413296895245	41
-0.014501071905909	1.06971138165488	56
-0.097387055912337	1.35360741953748	56
-0.090533124082227	0.458812088953538	19
-0.02730672481314	0.403208218802407	19
0.063297539392873	0.622593930567439	19
0.07777615943827	0.257367956343466	56
-0.0399940642311311	1.12920435210278	56
-0.000785376050907005	0.551382473374117	475
0.039501138533728	0.371577601234475	475
0.00656214567272101	0.287804651569883	475
0.05279752299321	0.4962075116435	229
-0.095869862753319	1.8263241368574	229
0.122063612051952	0.915630347807399	229
0.017756115542356	0.877991846657283	229
0.090869110810844	0.824785574874972	229
-0.122414015633176	0.507770447968793	229
0.109940494264423	0.605774389252652	229
0.111879095029115	0.454841783647409	229
0.12235765789043	0.288374554017336	229
0.066156487669059	0.683164901134603	229
0.047129132500512	1.0054798176822	229
0.068764029725109	0.881589645055029	229
0.104861912194532	0.76295153075186	229
-0.119593063778755	1.21819105496871	229
0.00955449832382399	0.210328433328119	229
0.075937948192694	0.251953668096547	229
0.114713047874455	0.178248421823858	229
0.014959935598188	0.348857985813882	71
-0.018077571874681	0.774011677522433	71
0.033726586471863	0.765130516519464	71
-0.088234826884135	1.81013602930918	41
-0.070634117842446	1.3240237103785	41
0.019762428955155	1.13667006302009	41
-0.018844035534597	1.17112165801806	41
-0.045277856748301	0.750434975258543	41
-0.124783885943268	0.387715989143016	41
0.016544370287641	0.334228122673939	41
0.104071820998623	0.180336896543131	19
-0.063339223011713	0.474206458846529	475
-0.020837042970146	1.35798557663435	229
-0.0492946385315119	0.378706729354073	229
-0.064818411452797	0.651873241048214	229
0.05244361209993	1.24380125309548	229
0.019539242092686	0.211573977492915	229
0.020573482568089	0.212131776935875	229
-0.076114661400676	0.318361095193802	229
0.10198044605162	0.192424234926112	56
0.085589278315255	0.661864067040931	229
-0.10018207120222	0.456620152419375	71
-0.080639965097618	0.770207683806644	71
0.025599691339541	0.937127541536794	41
0.078585289637226	0.738678954373735	41
-0.098305292836694	0.452400235916193	41
0.118186229736461	0.372639383038443	41
0.01284392313365	0.284905739578718	41
0.00235891419419698	0.641874451190728	56
-0.052147478552199	0.470423812498435	19
0.102884062154896	0.191629592954725	56
0.106865245648757	0.19071099290903	475
0.022363433065033	0.200996122203395	229
0.023892679682228	0.210973237230806	229
0.03200896798028	0.51114054793554	229
0.110572137326542	0.188160594783897	229
-0.110365538445366	0.237847978068263	229
0.026133505945193	1.05581538936453	229
0.077668757159256	0.60803702331712	229
-0.076114661400676	0.318361095193802	71
0.087639281335227	0.120398139160621	71
-0.099527467641598	0.238866436666662	71
-0.00889563665759097	0.875515718764034	71
-0.027004009515913	0.965763823576754	71
0.083514080427282	0.882026566010673	41
-0.059453437708492	0.728279552023226	41
-0.123373948254968	0.675050448099344	41
0.117039560798471	0.432975225181088	41
0.089160261066708	0.121896646860028	173
-0.101347289716107	0.24016620508867	41
0.01918236940066	0.638700947861471	56
-0.106953668180011	0.243708788176915	19
0.052165513697398	0.84104763976021	56
0.055207854060855	0.973247789192165	56
0.014997220557915	0.214725591705819	229
0.089309696179812	0.581501784532204	229
0.100567364677274	0.753527488187946	229
-0.071321120200272	0.298608011972677	229
-0.111911286966867	0.243952463278285	229
0.014337661200332	0.203480156237572	229
0.091412740929408	0.122778214287602	229
-0.109509117427157	0.22967440672593	56
0.106109069332298	0.182047256682414	56
0.113457485841017	0.50024102675062	229
-0.044344388519611	1.02832416047776	71
-0.0440741871356139	1.12345616871676	71
0.000581162325823004	1.19142711432853	71
-0.053430746767839	1.20614275713906	41
-0.020698849873233	0.392656552549194	41
0.093292111011753	0.121566231332134	41
-0.071773597355512	0.312488527181359	173
-0.044559333714029	0.73211634813038	56
0.110810510278744	0.631330824924963	56
0.022880045087641	0.750577744533801	56
0.071156950980699	0.583603655471038	19
-0.108645658297355	0.620640765262348	19
-0.070593895069353	0.56692189893149	56
0.119594835539454	0.753473043336829	56
0.087267719428757	0.335182561640178	475
0.00917356220127902	0.342200322270385	229
0.063811412034799	0.471883051612715	229
0.00372307222441298	0.781565336646088	229
-0.030502665095142	0.793062682723003	229
0.088385781194302	0.493539111926067	229
0.113611975091935	0.315132773083982	229
-0.044885096405218	0.366783597373107	229
-0.00704155318244903	0.661224397950395	229
0.00590978328362901	0.887477892253125	229
-0.077540844689291	0.534732130105683	56
0.07558894367211	0.315849766547388	56
-0.078164423135452	0.540402708122118	56
0.017858497488484	0.344081853335978	71
-0.038541810527346	1.1229985543475	71
0.079227047867312	0.447106165299457	71
-0.110336067733281	0.929082881822672	41
-0.038771558450392	0.867404422979871	41
0.122644206556013	0.3974136204147	41
0.083209783810839	0.246192631742612	173
-0.022337625440754	0.484312021447681	173
-0.007238764933303	0.445063931689517	56
0.04454224059312	0.725305577166932	56
0.088945461078211	0.459659093774561	19
0.066404167088408	0.474115546837241	19
0.00258328247732298	0.281670502845525	19
0.079924841895739	0.308197300088678	56
0.07734104934499	0.820949416130687	56
-0.032903037406064	0.495579847163567	475
-0.046486099817271	0.582738916993692	475
-0.104818065495652	0.449957239990186	475
0.041130451805909	0.407903546410904	475
0.119556374583014	0.321007572544758	229
-0.010919434723174	0.403877453944492	229
0.07698930291838	0.255035400608658	229
-0.079439631995857	0.313559059889376	475
0.00789707891990699	0.780037560438073	229
-0.058474517956622	1.32331771120432	229
0.105549050405262	0.941855666793941	229
-0.08977611879893	0.435255164290003	229
-0.052355680834292	0.360643835091005	229
0.018673538260916	0.345279316503538	229
-0.045153822140381	0.363861537367855	56
-0.030319861305297	0.416674598593658	56
0.00945163826047801	0.277558136834676	56
-0.06374146357535	1.17913158805034	71
0.00206086016410401	1.03622084109183	71
-0.121951181059627	1.5690087114591	41
0.072797709103351	1.10352817884167	41
0.099594095148941	0.763158572306272	41
-0.055454638593808	1.09402309533853	41
0.060850807860481	0.561948687267443	41
-0.074152704555539	0.309306708140621	173
-0.025758214866748	0.417759504896531	173
-0.090370436926946	0.442559521235909	173
-0.0538966115187141	0.375849080975965	173
0.052597534748496	0.43495308383465	173
-0.098896686211871	0.236362120538269	19
-0.105877973349914	0.248295887545134	19
0.082028112115632	0.423284793143522	19
0.111902630152419	0.184398702083488	56
0.078196655123745	0.387111074220321	475
0.07996639614791	0.380282817989912	475
-0.099806274080228	0.232975057638589	229
-0.101347289716107	0.24016620508867	229
0.022363433065033	0.200996122203395	229
0.114671977861989	0.318128372518603	229
0.070144691704259	0.262731619687357	229
0.112965260135456	0.185183489808875	229
0.012239999863542	0.186171396139042	229
0.092128771294459	0.120108530289818	56
0.019046335475057	0.211616204335199	71
0.0691554897731	0.745458798692614	41
0.122633435064819	0.466530354604288	41
0.079825065800791	0.351535256208635	56
0.086915005473034	0.122358046121638	56
-0.120086344497792	1.01731306086624	19
0.072492230400309	0.260640289807935	19
-0.116894560194006	0.237361173100104	56
0.084893977889497	0.958788661021785	56
-0.044291845491156	0.483963792412081	475
-0.00173004009188404	0.491553223992645	475
-0.0688318358529511	0.560579413671789	475
0.075411000412099	1.34597906669046	229
-0.00379995769823904	1.05290211077708	229
0.037944465734576	1.08149879753334	229
0.091412740929408	0.122778214287602	229
-0.083597300400845	0.307255431424823	56
0.091412740929408	0.122778214287602	56
0.019194037077415	1.02903424844475	41
0.039719779518177	0.943269450398266	41
0.100478893715901	1.06820264678712	41
-0.092148876620426	1.89853251408291	41
-0.0126328684449321	0.65060356969833	41
0.062587408194648	1.0193442787932	41
0.045855467337264	0.863080050964949	173
0.045333891070139	0.401844616583781	56
-0.049407652861194	1.17011617888371	56
-0.017043255570695	0.523625073558817	475
0.067045228030769	0.312611131666785	229
-0.111102075374909	0.714830165674677	229
0.064583508086623	0.691624917921067	229
-0.032113039052321	1.46815793164827	229
-0.100852486765043	1.31467022592659	229
0.018697472210936	0.33773213674539	229
0.008122341365633	0.260326626246387	229
-0.088095637139869	0.453024821984108	229
-0.019386238675062	0.531739917806755	56
-0.106711234323852	1.0612226514908	41
0.053919260288591	0.602122032141326	41
-0.105731715246	1.08590288445948	41
0.068428670892288	0.669597152720104	41
0.072935835670514	0.830743364628612	41
-0.00981421258447302	0.997660950168801	41
0.029701113954296	0.939260655752611	41
0.012540725570234	0.921791861606662	41
0.027469366436589	0.491209808840297	41
0.124384608849215	0.317314595976107	173
-0.030423055825607	0.757395814640241	173
0.047469913405592	0.992442820788209	56
0.086501685328513	0.247090799030063	56
0.116475181028291	0.417926565603545	475
0.033463762371379	0.669296814059437	475
0.095534745745171	0.121110502077163	475
0.011977539633308	0.205112852174214	229
0.108156015560485	1.01739392136913	229
0.105682168044272	0.18994603125229	229
0.096237191952519	0.944751554781359	56
-0.105877973349914	0.248295887545134	41
-0.0186289635805	1.34251237614382	41
0.119704267806531	1.03440781245903	41
0.018386142636423	0.192630461521699	41
-0.11947747068912	0.537282049439661	41
0.093542017227825	0.72112577947165	41
-0.0626717202866	0.485839747907917	41
-0.105107464173874	0.248281748462392	173
-0.080035842955686	0.318133820149999	173
-0.017698844382442	1.114439801577	56
-0.041334191615105	0.576772164316606	56
0.106756733276913	0.434609131195776	475
-0.03798812350674	0.701060036636235	475
0.085499354481397	0.341253071280087	229
0.03541728349735	0.553786617323751	229
0.012396514194177	1.03515643202918	229
-0.103462338283377	1.39061081642235	229
-0.094254363517158	0.686319234596404	229
0.058477681675032	0.853519879844928	229
-0.09921673167371	1.47799275502961	56
0.106190494923975	0.353662980486901	229
0.02704526475922	0.388459180396033	229
0.097322002910445	0.421095870596709	56
-0.118519763283892	0.502092101831146	56
-0.111497376623308	0.508385466193699	56
-0.0514125156187431	0.607916419112394	56
0.096800359295853	0.729203350819972	56
0.101919396498434	0.665737140669013	56
0.055945080585275	0.629132462516925	41
0.055984516534008	0.549704492146672	41
-0.124361268090647	1.33570438489535	41
0.047027411814258	0.9242373249229	41
-0.00029038662195402	0.990948763148244	173
-0.02219826049352	0.665904892199067	173
-0.017345325515462	0.402186140718162	173
0.056166933642165	0.939203775743839	56
-0.089566110523293	0.671126363549659	56
0.110064276016497	0.390544481271651	229
0.124085380672108	0.862214095520398	229
0.020165437583255	1.13596409749747	229
-0.060444659226818	1.31792297373827	229
0.017086939069105	1.04495382943685	229
-0.010943123675172	0.515310780490703	229
-0.080113963505037	0.5530783746913	56
0.00411498320793002	0.477426144973695	56
-0.110635529451111	0.76855914528983	56
0.123738366938141	0.681581728734157	41
0.105705047030976	0.485697772728988	41
-0.0639078016903451	0.803003122963843	41
0.074261768568583	0.54843471723943	173
0.071856191076505	0.350371931184468	41
0.103627270575002	0.322976398769851	173
-0.03677580622607	1.19891844201073	173
0.083257819850805	0.336452709087819	173
0.086875192392933	0.406457627291003	173
-0.094919874540498	0.467394005881072	173
-0.084698247294824	0.75466374076143	56
0.049121664309528	0.832599523050381	56
0.044797740817944	0.447251056937801	56
-0.00130693260992898	0.42308255480685	56
0.121905390881609	0.379963571833279	475
-0.00815282949614404	0.671112387988663	475
0.080664032387095	0.379841074613283	229
0.05287956376254	1.05329865490823	229
-0.052375792816861	0.711441037036858	229
0.122037750954979	0.319102277165443	56
-0.012002695493177	0.81640105487248	56
0.086234296156591	0.759520193069043	41
0.082098906618749	0.639903423298221	41
0.068495793588355	0.317056239389566	173
-0.108201689177785	0.496281256296794	173
0.053823525865805	0.464395575611725	173
0.013234780671407	0.499472983084797	475
-0.0669860989189131	0.999177392429191	475
-0.113162028074422	0.923142462017169	475
0.055773017032785	0.905983120331081	229
0.036189025464423	1.10315028385431	229
0.114583792280898	0.483588823311998	56
0.038288917977778	0.657795611191941	56
0.122441586557226	0.585250993947335	56
0.08803000993037	0.609432048178832	56
-0.08848358378494	0.457864444264404	41
-0.054672980391963	0.364812678853551	41
0.013376057992579	0.216089748639388	173
-0.098676474865404	0.603851300598773	41
0.038447230711889	0.595254665536309	173
-0.049603698741594	0.69177192732206	173
-0.021560696079464	0.718196200357604	173
-0.075416618895614	0.858357096373789	173
0.088476565767516	0.39331448450623	173
0.074800162880925	0.689879265424382	56
0.068653351960529	0.478929936534777	56
0.064943144523625	0.484821463755428	475
0.018568258081531	0.544035331741947	229
0.018163866863931	0.95833177042836	229
0.090144140247796	0.517607752585926	56
0.00255452597331701	0.713036776243406	56
0.009195267583885	0.73711174278511	56
-0.105411619598746	0.243584912065417	41
-0.082098684109062	1.26144277017831	41
-0.096955949093262	0.943515373028619	173
0.011481333138365	0.684246073198974	173
-0.040956211434571	0.72562799418545	173
0.013425554858062	0.619790448357524	173
-0.105006004915697	0.815440443193489	173
0.088209348038002	0.438087993892419	173
0.121220353163979	0.747904139145454	56
-0.00127503452501498	0.970555232667192	56
-0.02803245050855	0.929762310027054	56
0.067593801781893	0.53775170444263	229
0.010069658363926	0.781189364337585	229
0.039752108860046	0.67606570245164	229
-0.00242857618060399	0.750692673017746	56
0.043136962690782	1.0310704546707	41
0.0145957879345	0.998480947288045	41
0.00502628286999102	1.01738420100654	41
-0.057748083890348	0.787799454189899	41
-0.099558565598774	0.690340018340918	173
0.014183414961685	1.34882299143216	56
0.02274561626961	0.339817672628808	229
0.00994315129878098	0.574231246814885	229
0.111277740803359	1.06716626757196	229
0.0449537596929	0.46457966544917	229
0.086531972962922	0.934102516408851	56
-0.105288799121433	0.718307851775367	546
-0.015520845581927	0.653326630393854	56
-0.068806241869535	0.799378486263144	56
0.032156176157733	1.40089417006756	56
0.118210762552404	0.37668061712289	41
0.090765943603621	0.995069838602771	41
-0.034128721429721	1.00491649126691	41
-0.072021136199793	1.06865642971939	41
-0.00108051740798298	0.481098196762037	173
0.099750212015476	0.749102593878686	41
0.023737706813176	1.08596946987294	56
-0.020928517094034	1.30951455833364	56
-0.016084184381655	0.836189080174018	56
-0.116013601704468	0.934802796263353	56
0.123941032340337	0.788605729806749	229
0.07145940187906	0.935050804962393	229
0.099068641401353	0.483600423125132	229
0.109049425818511	0.596263734566629	229
0.093752374448538	0.996601471158991	229
0.063162175712758	0.49261284511073	56
-0.049493282078925	0.851856809304714	56
0.013788849021338	0.997680014530945	56
0.122101995392329	0.598294390780344	41
-0.083028598500139	1.37077797112815	41
-0.0292808805518751	1.13468249888512	41
-0.12418335003069	0.363680342984758	41
0.007311938703851	0.282518187063172	41
-0.06652121285588	1.35129763108694	41
-0.031146534941957	0.577831114867815	41
-0.023704225314637	0.946146176926089	173
-0.115629557660608	1.00522312799033	41
0.078099067611833	0.586009416778515	41
-0.079799765592066	0.903697908520527	41
0.069332975384261	0.610920479993242	41
0.076619264577134	0.511951660914515	41
0.048905349550186	0.768699802701201	56
-0.086537179373566	0.539598096516222	56
-0.01979702751259	0.540693963616214	56
0.075653598187865	0.575244673014796	475
0.120867181129454	0.759974204283667	229
-0.00285179340133002	1.53503356765052	229
0.113813948993411	1.03284697470848	229
0.054542996573771	0.963480641229695	229
0.040070531115022	0.900741328670891	229
0.069084098973725	0.981078642742024	229
0.052837720425855	1.06254227528634	229
0.011380601106828	1.41576463631275	229
0.108027205702715	1.0304443272502	56
0.028861349643445	1.24524606914739	41
0.00236767429912199	1.38053228507074	41
-0.114267876669101	1.26607892857702	41
0.036759050183787	1.19663029060124	41
0.031019508732324	1.27253115621449	41
0.094832847713375	1.00196908341412	41
-0.111138202722565	0.24274818901528	41
0.081473953892635	0.63591853056084	41
0.097022889547793	0.810755100115145	41
-0.050014079281917	1.39043740873519	41
0.018812203739287	0.872339584031705	41
-0.011023083529476	1.11217274183061	41
0.020550818823341	0.774144922075729	56
0.029253848519143	1.63442296739686	56
-0.104282440911669	0.849749516200468	56
0.124328240387856	0.743268094982047	56
-0.00474117646626804	1.23885976148734	229
0.00583613141970701	0.525890305528151	229
0.018803469560169	0.213755792718274	229
0.043502851701719	1.21148775620564	546
0.047444200164327	1.02973787335986	56
0.105042994437834	1.07339436731587	56
0.089290397072528	1.18697290356962	41
0.084558327275115	0.409951661480107	41
0.065783579683971	1.05249078869657	41
0.032818742420025	1.24454307192204	41
0.017874091533171	1.45395100606187	41
0.10930748213055	0.390645240314264	41
0.074571488659581	1.01706939813073	41
-0.0726080325534511	0.759922117664168	41
-0.09632071504601	1.30700407855615	41
0.111085283757058	0.829417374669829	41
-0.046905742604395	1.01367156921893	56
-0.031459415363178	0.687098250289633	56
0.043534940726547	1.21987796633561	229
0.062601993449484	1.14316899535024	41
0.017122046211884	1.31493129796469	41
-0.00137351072436698	1.40316533382907	41
0.120617134102306	0.278291208787558	41
0.093292111011753	0.121566231332134	41
0.115673816439727	0.380532892398916	41
0.096299881729125	0.779015998479278	41
-0.035632716454536	1.10977804794661	41
-0.071238633191734	1.06481775728335	41
0.123895729040486	0.360201088963316	56
-0.105747149432439	0.81637974602614	56
-0.050027516239466	1.41993801771856	229
0.014723791726889	1.52784575383989	229
-0.024633470016872	0.488373331913166	229
0.117532917594008	1.02916751229966	229
0.110309058864877	1.1655023378825	56
-0.071923402600711	0.311030731977033	56
0.025421222427176	0.332005033063805	546
-0.00179003023686397	0.442875896613213	546
0.047019583297551	0.553036854362305	546
-0.044041654050476	1.54426202245015	56
0.092410043594453	1.05013847053133	41
0.082404642688898	1.1714329018258	41
0.09561598387061	1.07691515663709	41
0.078609749707474	0.714749093512461	41
-0.044323184956247	0.595829537184121	41
-0.111004560375104	0.24928574573673	41
-0.00682442379079695	1.4815313704322	41
0.086288884825015	1.08325305477158	41
0.044076390849337	1.18679437676166	41
-0.053976557261687	1.39726005970117	41
0.096254186329744	0.118495473551821	41
0.040973013935823	0.806275706156383	41
0.075558970960763	0.608879480974092	41
0.122586419529188	0.625664494913043	41
-0.060597891927913	1.57399897478169	41
0.046666252500169	1.20136835401287	41
-0.058168413412704	1.59336765627495	41
0.100298255359637	0.725038388495781	41
0.044199252981166	1.48303248070684	56
0.121016861208848	0.39927086260004	56
-0.118408446993692	0.797999245957655	56
0.038146258509849	0.684135241062824	56
0.082395232504393	0.787562536129615	229
0.044459301212907	1.27849387667864	229
0.105758423104627	0.857360573786228	56
0.089550657784879	1.12932946839002	56
-0.097145568803136	0.865515868032891	546
0.111474225289901	0.911329564105822	546
0.058964076236218	1.03611763280049	56
0.023411044350826	1.07008692271522	56
0.05604182733799	1.08405233325348	41
0.00272034398953602	0.835042937691903	56
0.089776758251885	0.833647281932166	41
0.090458473917579	0.513466618497156	41
-0.001876030864292	1.35315718008043	41
-0.000491407170761016	1.51575561234165	41
0.00792260097953301	0.514510658205235	41
0.086232779175534	0.575927729852834	41
-0.0208829985603201	1.2661574144168	41
-0.023342185532044	1.29051972760102	41
0.080974349163703	0.96813403169959	41
0.019347980236131	1.15031532555866	41
0.116188094322127	0.757133781632589	41
0.099321894108992	0.497379964545496	41
-0.098691696822066	2.48410816594344	56
-0.00163005817177997	1.16854540879313	56
0.105497823897179	1.56450098721162	56
0.03142641410017	0.616617816806417	56
-0.038332861782749	0.853214651310674	56
0.096249379195069	1.68201715167469	56
0.112321515081794	0.512962405019721	56
0.079184973058637	0.523972621959282	56
0.092820278830354	0.421834564970449	229
0.030880000995818	0.519602606520746	229
-0.021469003911706	1.63662972296037	229
0.046585684056326	0.472900494888035	229
0.023166521260823	1.37989362549677	546
0.00361377121766299	0.727812178242396	546
0.052236974475996	0.465067984221426	56
-0.000637567680471962	0.610610589507262	56
-0.106947271479759	0.613080514721285	56
0.121046549381678	0.377088044738294	41
-0.04494805162698	0.54470027939582	41
0.105729728912981	0.955781917540281	41
0.046727152191145	1.36238639363354	41
0.061539855205705	0.673587519750326	41
0.08943018942464	0.94967278637783	41
0.020829782328415	0.526863711552063	41
0.00457963557186097	0.55723738154582	41
-0.121510125080396	0.647760873870906	41
-0.0113442179693311	0.643310478441829	41
0.012166522482329	0.374506287015741	41
0.071676766285308	1.96839596562108	142
-0.099510479721558	1.25219707731041	56
0.122877016585839	0.82619264227181	56
-0.00590560455238098	0.93932761826608	56
0.00282873135676898	0.794933439299988	56
-0.053810755240541	0.752269750364013	56
-0.00135369412397901	0.710921692244479	229
-0.037502246028132	1.03386477032352	56
-0.00912361303263398	1.05827808509407	546
-0.083178796650029	1.37593387031046	546
0.012810871362278	0.574254319447792	56
-0.076031584607041	1.09084739133644	41
0.026133744068373	0.957374737051342	41
-0.079198126793238	0.705383841393371	173
-0.036968882267665	1.20022552150329	173
-0.02551148742975	1.45753450921958	173
-0.096409273745696	1.71845407711001	56
-0.027478021976701	0.815862355127017	56
0.064088694297545	0.641733979806199	56
-0.034269275177815	0.92343990666725	56
0.025756824233657	1.27079759338696	229
0.084026479250334	0.801811270229852	229
0.052836623643844	0.791814163870916	56
0.040945803123161	1.05965610564064	56
0.033830945890323	0.963809145690941	41
-0.017339039149007	1.0795956700966	41
0.017298831950738	0.984015951945655	41
0.041136593825861	1.0360808503971	41
-0.088169720205052	0.772763893277923	41
0.12352380777983	0.967309184145746	41
-0.050498713451407	0.62562419232253	41
0.123362619980611	0.346041267227757	41
-0.0511776449988241	1.15670151876124	195
-0.06749389251655	0.837466702419846	41
0.019940054617036	0.747768682296848	41
-0.072876175883259	1.7236989316543	56
0.052972449360886	0.778602420296027	56
0.108633572693941	0.571041408819809	56
0.028095288835821	0.663913536489367	229
-0.094361983507577	1.82375973673983	56
0.0000113690685010215	0.686480918512117	56
0.091440352437213	0.610372196716197	56
0.076204096823878	0.857054072312037	56
-0.034833354918397	0.967171349752529	56
0.064645179642731	0.704013518756978	41
-0.11285374603491	1.25231363803201	41
0.066389309210434	0.796604778032836	41
0.064796103548142	0.907341024571189	41
0.056086616276203	0.713678122174047	41
0.027499395654232	0.737757014448144	41
0.055397420054972	0.599078812269446	41
0.100946780680726	0.6703673060172	56
0.103855599775351	0.528466937447162	56
-0.065215281713759	0.715933724635956	56
-0.00937537821131695	0.798452902354112	229
0.028684465830301	0.785542208183076	546
-0.021538129956575	1.00442188944342	546
-0.063439123375692	1.53568556649267	546
0.095780886782096	0.643490865913984	56
-0.000279009642996986	0.910131368192814	56
-0.034979723544324	1.03560162401302	41
0.078880706839313	0.545542875125709	41
-0.027366341651059	0.844320827648944	41
-0.011702404535202	0.922488138382845	41
0.107024150141331	0.878643691592879	56
0.084138802171763	1.086640992823	56
0.094722724605392	0.67896869150244	142
-0.099402798075737	1.12212536791191	142
0.042913418039314	0.639609095637914	56
0.113007913214408	0.598194669234218	56
-0.040603273712446	0.780143718223935	229
-0.076915530347889	0.928420426426777	56
-0.114598244434085	1.36070202037123	546
0.04890986040538	0.453401459417105	41
-0.102841806073813	0.788735727504641	41
0.113748405372097	0.560812096302644	41
-0.050558519193003	1.30598723213607	56
0.106463826184823	0.586058772966389	56
-0.071542357253779	0.707724381440913	56
0.070851195732215	0.640463711224153	546
-0.00763897883642095	0.715678145890893	546
0.00816654691980001	1.03630905837518	546
0.109795408659266	0.738650757373308	56
0.05892303669475	0.537446189308745	41
0.123122444899379	0.634423895834648	41
0.11696677322611	0.655923806772901	41
-0.021154194420857	0.916120213657324	41
0.087375264757397	0.482584123834198	41
0.064777405409293	0.796886416888737	41
0.087934917851863	0.675822053239196	41
-0.120994818468863	0.972547162597946	41
0.085274369840588	0.404212818276298	41
-0.116650836919141	0.977967018640322	41
0.079133637706095	0.573502981929121	41
-0.025305858839807	0.833309859841802	41
0.021793928354144	0.556170410821485	41
0.088734260271744	0.518099377588273	142
0.021293769010864	0.594400557879247	142
0.015365242735173	0.654063369886345	56
-0.035915323552546	0.886287682912685	56
0.090198690678719	0.687590610981094	229
0.008313422546398	0.818545218955122	56
-0.107144373189919	1.17701530733288	546
0.092381666190754	0.551578259019404	546
-0.105227198108101	1.18077732634684	546
0.073919304417204	0.821528244548662	41
0.10518244470361	0.473886040049028	41
0.00811834442078902	0.574013640322771	195
0.104253308381363	0.526824407650948	173
-0.026162712713933	0.781892594530927	41
0.098461817091068	0.991418597393675	56
0.026476898500971	0.493919651527912	142
0.007576536715175	0.630544065374769	142
0.050402469547462	0.794472411202459	56
0.034455101643765	0.851800971209388	229
0.049318548430715	1.03771926090272	229
-0.027699467297676	1.01081460766937	56
0.011741209198323	0.277396730797111	546
-0.095740763259016	0.758134787461148	546
-0.083255796365494	0.918001378527433	546
0.046044246628205	0.664413590637452	41
0.068644237046224	0.873634069933717	41
0.107312429225919	0.836266281070321	41
0.115074144989711	0.384799564226792	41
-0.074386883443669	0.784031417856009	41
0.099863984753082	0.542270431688147	195
-0.111040029108824	1.17638035784463	41
0.06462632112681	0.60301605498799	41
0.123224286857917	0.654505613056367	41
-0.074835736809554	0.882288914282798	173
-0.0115994779799899	1.23309034046336	56
0.034057702315179	0.419543918266941	142
-0.051148373406434	0.773807846527374	56
-0.091889846553354	0.464615360690631	56
0.122691830693852	0.651534972098638	56
0.026097663431881	0.203240399213737	56
-0.124634970900862	0.53068484174436	56
-0.039418717122266	0.665985500603734	56
0.064153919183245	0.347050719094013	546
0.115159615909829	0.826412131587785	41
0.073035917022462	1.06388498789974	41
-0.119159326001478	0.994203706684334	41
0.113123978197337	0.817099682570957	41
-0.038880501037534	1.28349357365596	41
0.107776385602321	0.52313219204717	41
0.11015575120862	0.547634034394673	195
0.000972211786840982	0.944482289061621	41
0.018212410628518	0.928198757477954	41
0.012364024325139	0.97286710099779	41
-0.110454201880517	1.07853578947425	41
0.098249541654154	0.607990106122927	41
0.022855806097537	0.901507000438646	41
0.070908821363298	0.596000298799729	41
0.00973330339878398	0.567070425220181	41
-0.080921611678848	0.537493772569823	142
0.057393029647941	0.753391876109699	56
0.115190269806468	0.565061477567916	56
0.013742831571734	0.207730403296512	56
0.072939557063142	0.310679908894053	56
0.093450724171928	0.859268149037069	546
-0.068170305716435	0.59421086049519	546
0.0407912678393	0.860337215522908	56
0.029327873837863	1.00762345816012	41
-0.0165865648728299	1.33021330234896	41
0.122733795278259	0.280348093206953	56
0.066884268716655	0.862301661130771	41
-0.054840472903841	0.377326608490824	41
0.015460612796251	0.460200448501173	195
0.059166370465917	0.490119283924082	41
-0.00794812967240699	0.803101185305013	41
-0.032270369475304	1.10045552552636	41
0.019407686062549	0.879824289252415	41
-0.049885154738155	0.628855277091394	41
0.12352987216839	0.442174291346929	41
0.082739769498321	0.499344697971954	56
0.072876451467219	0.318115479268725	142
0.077902694031989	0.446428274349745	142
0.039954211777969	0.738409534081135	56
-0.00893614552709698	1.09799646732356	56
-0.120049500503567	1.48390376530291	56
-0.111993724685641	1.17904129088813	56
-0.058410153299137	0.817049017330892	56
0.033899635210609	0.38045893385048	56
0.013230181537221	0.210037017644649	56
-0.121841267285115	0.805024533733163	56
-0.079235079995489	1.2752211042149	56
-0.111533060886551	1.48442053894508	546
-0.120668829552599	0.531099387073943	546
0.114496318343444	0.894296701972967	41
-0.117703418982916	1.86711873294283	41
-0.032382045040694	1.50229223857404	41
-0.0585222222023341	1.01660772623029	41
-0.0755096092551	0.707882565038621	41
-0.033322754069457	1.00906049933435	41
0.053153301656105	0.773377761348034	41
-0.028848153614724	1.10687089236503	41
0.079112928601158	0.525398238869089	41
0.098091575629007	0.559286769912752	56
0.089042715747545	0.397019784906384	142
-0.052824833551303	0.791204661594033	142
0.122420819631602	0.444761506370154	142
-0.021374019949422	0.415267424584826	56
-0.075209772046941	1.54384612814727	229
0.019193146361933	1.12255737090616	56
0.086483207195473	0.728000883735932	56
0.02486128818903	0.496928928124865	546
0.047086865006715	1.09829294846844	56
-0.04319542232706	1.45017316036358	56
0.070358720812288	1.17401020108828	41
0.038301600937581	0.504726082129723	41
-0.109459641999162	0.242818994563749	195
0.013324561860255	0.972900761630679	41
0.106095183023924	0.781241487917021	41
0.00748941475160703	1.09801218059265	41
-0.123209869795044	1.02481007998694	41
0.11976174596971	0.61862321597729	41
0.114028048830261	1.08614686987466	142
-0.046917232725634	1.90557298168384	142
0.091244092888627	0.703100285655828	142
-0.084907890597824	1.05706336380085	142
-0.04802956259985	0.903503319376249	56
-0.0555128879496271	0.895806009119236	56
0.045330209919985	0.730590860882048	229
0.014594736458293	0.987863930609788	229
-0.051900485824588	1.26875410042705	229
-0.027614152583008	1.38436095574746	56
0.020392028249711	0.862653339239394	56
0.114181550682789	0.644325695349119	56
0.045082952987918	0.719532946615598	56
-0.093593283211332	1.62376997655812	41
0.099296496331735	0.689128683444007	41
0.038082844067835	0.361953700893392	195
0.100117469964241	0.813437867522083	195
0.03779755350772	0.814195429752938	41
-0.034488469251712	0.742972227159603	142
0.082769420865862	1.27964362463755	142
0.123078879941321	0.31772967688165	56
0.037814558222121	0.412889847710935	56
-0.028318821602116	0.474795325990817	546
-0.052912341582838	1.64699570004523	546
-0.0927142952230821	0.444292210326921	546
0.080691175730367	0.32086820226106	56
0.087357643651068	0.362550070769874	41
0.078428650001529	0.308721748032451	41
-0.056544747054174	0.378920479621976	41
0.081430889507164	0.96455516516491	41
0.049543796855125	0.812483849060313	41
-0.071923402600711	0.311030731977033	41
-0.074885813425256	1.97783792062545	41
-0.011896285509774	0.392555568066523	41
0.052389794868776	1.51759481955964	142
0.00431411437210499	1.92246231296445	142
0.099699090041056	1.22392566989739	142
0.113552063613792	0.977464085099844	142
0.092448284165691	1.30261398442302	142
0.058107874173615	1.28035770125417	142
-0.117873868096416	1.71451179266586	142
0.07418694431019	0.687299834658679	56
0.066672153478159	1.19125631306145	56
0.026466187587638	0.691141491506468	56
0.117638058208009	0.95641956338829	546
-0.0628370198580081	1.14881931753604	546
0.015469259450417	1.22657644516743	546
-0.043043362725963	0.803208318030685	546
-0.123920492951099	0.860389658570877	56
0.085917703323156	1.07582758756437	41
0.06870165583211	1.20296131510315	41
0.122491457324173	0.422966159770917	56
-0.123934041295532	1.51538797070832	41
0.062959697296064	0.73163456136596	41
0.064921524855399	0.818324634632159	41
-0.000193104072044981	0.599659273562645	195
-0.00683486948802903	0.641386353740774	41
0.0520592769924	0.558035426772998	41
0.088257927887093	0.831521339411239	41
0.106567769190097	0.674080862759354	41
0.078355754750297	0.857959964490092	41
-0.092395974519391	2.00328777228491	142
-0.028004513640366	2.01084721726238	142
0.074505170388335	1.07903867714019	142
0.057122153571672	1.14128443185217	142
0.017368173938163	1.30073561902412	142
-0.082921221240237	1.47848850657704	56
0.095693187513776	0.919064092837583	56
0.109229273982592	0.539903352105451	56
0.115980919056944	0.431568304355269	56
0.12042841908185	0.665377102616238	56
0.047616257643765	0.530726466392588	56
0.04987089870543	1.28005591491124	546
0.080746514516577	0.442977020214677	56
-0.086730359262343	0.754240512219413	56
0.061086626922558	0.498072828133283	56
0.049647498654174	0.586081379749508	56
0.085519073802535	0.436016411761756	56
-0.014344389307283	1.45910101089383	41
0.080028348771944	0.929602720130747	41
0.013435039653988	0.934451363198377	41
0.016190509332918	0.714488414470095	41
-0.014791814514806	0.89911748950532	41
-0.080646545741372	0.923774329536983	41
0.043428941808001	1.10268471640653	41
-0.03835486194406	0.603654794857943	41
0.108374098641904	0.352953715913663	41
0.049564615034668	1.49181841371015	142
0.02511347822023	1.81932659045511	142
-0.09732559766168	1.91570561820758	142
0.00961399274744002	1.2041400294943	142
-0.028015168410254	0.8869020887864	142
0.104115599479786	0.671443262353055	142
0.119056504467615	0.680651689190582	56
0.077851238608489	0.749528655135544	56
0.061764079090256	0.824996259613924	56
-0.096625217767719	1.74916891429352	56
-0.078222866880774	1.57036302393332	56
0.071342331732085	0.741767818456437	546
0.052287086989964	0.794829095665711	56
-0.022722320637893	1.45942944175736	41
0.034987983964979	0.779288430172172	41
0.023955621234776	0.6810369038876	41
0.105420720571482	0.506043444407876	41
0.062769274302999	0.678220179390132	41
-0.0847203469327	1.01256995076742	41
0.063968413780155	2.35647149510897	142
0.03099733674707	1.70640364873032	142
0.051062602390376	0.772301295022511	142
-0.093423749464808	0.767455797697116	142
-0.027462294075165	1.45758088602389	56
0.01435553092542	0.46062558507265	546
0.025193573537686	0.721773038890271	56
0.094137341587133	0.857276551961414	56
-0.06739322497263	1.67547661239453	142
-0.086090842580997	1.06681625305032	142
0.120162791871477	0.404884624149839	142
-0.095609021886995	0.971972560900593	142
0.023898229901818	0.628836567527002	56
-0.045588069357565	1.33405606614717	546
-0.062639394447403	1.01326740532245	56
0.00485296863967	0.288664867721206	41
0.086257354339212	0.963698176440366	41
-0.08200086492573	1.09833350512858	41
-0.101207596303476	0.243882027133499	41
-0.013803846675309	0.7228438302965	327
-0.0243881494650831	0.815342955562242	41
-0.026400450436493	2.0932155724442	142
0.014883577183456	1.35551471905699	142
-0.065753159052686	0.554476425708125	56
-0.103567668952142	0.240531594537092	56
0.02414900698889	0.703917729933056	56
0.106865245648757	0.19071099290903	56
-0.062028471275987	0.669568507916257	56
0.091606808602605	0.665750108592945	56
0.094923756162569	0.918653217843648	546
0.053423008273314	0.698039363119729	56
0.017029998158625	0.904731620768782	56
0.071930863451403	1.00015435112596	56
0.097976687613482	0.84959829243023	41
0.112511792504726	0.286466040836257	41
-0.08155034189914	0.316567492886617	41
0.056596999107135	0.713880938075568	327
-0.014085172635755	1.04094468381251	41
-0.083596548782907	0.929294639260887	142
0.121930919817879	0.584635358844055	56
0.063019031511917	1.13559303851755	41
0.095878990172345	0.188186534402068	195
-0.062779659947142	0.56662571055156	41
0.040649063264163	0.590838074972294	41
0.044055891547494	0.497520457362909	327
0.016482069124224	1.01896101774785	41
-0.042967858575607	0.952619129830197	41
0.082203595087441	0.647584585562944	41
0.101053843626181	0.527066459655987	142
-0.064301858386804	0.754920796513561	142
0.121558443482271	0.281862214662574	142
0.070373212159683	0.536318261371292	56
-0.086873015715477	1.35366297300497	56
0.122183317854123	0.76061946072863	56
-0.042227958346443	0.747808306445652	56
0.105965795818662	0.909488529677006	41
0.011198986932695	1.18934965950718	41
-0.087651717383301	0.635674973810712	41
0.060478226665376	0.606984882035873	327
-0.108013409953425	1.16905830250802	327
0.095203449026081	0.607732950301443	41
0.055129919442943	0.566895907966756	41
-0.116952665981224	1.3604272943225	41
0.043922264411914	0.814770986185435	41
-0.111034298486453	0.743202020978949	142
-0.078677512769268	0.708191393129937	142
-0.108774287299632	1.90118767913979	56
0.01129111388532	0.940424834193689	56
0.028702950065546	0.315522310813738	56
-0.035909455407537	1.53362154449052	56
0.00994539450227	0.287356458263125	56
-0.019114731252114	0.414977526315308	546
0.093442435908711	1.05663981250666	56
-0.048851619556244	1.05627818442786	56
0.086703917166644	0.123702559230249	41
0.075897526414472	0.833508440058111	41
0.084794661054158	0.52689899919365	41
0.00603047993421502	1.10521898699834	41
-0.093156999823698	1.53682259689544	67
-0.039906041330714	0.755230296474795	67
-0.010931542692629	0.681839392656934	142
0.07037266451278	0.781716537659058	56
0.014337661200332	0.203480156237572	56
-0.00748652158238805	1.25637498687615	56
0.021280920137928	0.773325834722178	56
0.072450025430421	0.308212563552987	41
0.093069211440958	0.12223423135792	41
0.1210815345967	0.611039477788846	327
0.118453531000039	0.83407233987679	41
-0.122358603708694	0.937385477021861	41
0.049621115130376	0.847891006898902	41
0.121805319316789	0.63976108906306	41
-0.056672492952099	0.625154594302157	142
0.11372199609663	0.363921389393159	142
0.036522659999674	0.608210465218311	142
0.070421343221596	0.37850942736645	56
-0.0603473966579	0.378104925027926	56
-0.063043396772286	0.351320385213334	56
0.024994009266716	0.331890714558024	56
0.124732706808827	0.900392720310638	56
-0.030594169765842	1.45631788887702	41
0.123799674635261	0.942808937705374	41
0.05388558657848	1.21223500599985	41
0.106552912760323	0.180911224163968	41
-0.045305383864874	1.37061008659864	41
0.031637617489526	0.573886600571211	41
0.048398780413653	0.988623426568383	56
-0.077181599689924	1.19203826356771	56
0.070144691704259	0.262731619687357	56
-0.050301178700751	1.27392639675189	546
0.108071760477326	0.18785847840567	41
0.081246898379648	0.944643094542262	41
0.041563165855421	0.654707382029964	41
-0.111230104507302	1.37715317672188	41
0.086149421363895	0.464495790137536	41
0.048084053176851	0.659596556911737	41
-0.016621903639	0.916750698662555	56
0.068244854344967	0.263426048530772	56
-0.114601629561928	1.21481727749387	56
-0.109905092078412	1.91974442482733	41
0.124037476638472	0.273290718854011	41
-0.014819277727005	0.894064441291797	41
0.046306769695745	1.12010793673344	41
-0.100352517486944	1.6006885226529	41
-0.034921619563986	1.03654937650027	41
0.112260210829979	0.993781005411024	56
-0.042015481145882	1.79428170891281	41
0.019293851758025	1.37031952081628	41
0.079704838701078	1.13173932919599	41
-0.016276999514138	0.452316474731012	41
-0.098414932902247	0.682919274231647	41
0.122388966336005	0.622444219696764	327
0.097426462745485	0.679779416203417	327
-0.113475595956456	1.79024110714668	41
-0.018241068314672	1.39101117226576	41
-0.0598033479961621	0.624806492435987	41
0.046469342991989	0.918283759469621	546
-0.052858714844827	1.03695118031341	56
0.059523200907251	0.632084402625852	56
0.064228625273487	0.790893126601107	56
0.11680776764419	0.777098182642142	56
0.057727204355254	0.792005525455277	56
-0.014777472267158	1.0338942576242	41
0.122387537118185	1.1186650648568	41
0.083343478002915	0.927337360476376	41
0.123507036219744	0.558221825861941	327
-0.028163779194765	0.807814900034832	56
0.002251697340175	0.639552478521296	546
-0.013870087077024	0.634702816213591	546
-0.016847587928606	0.643855809915634	546
0.098820799087351	0.452155055475484	546
0.079184445738354	0.490600403454933	56
-0.09324671377205	1.62237836456927	546
0.056066079214397	1.01400709915265	546
-0.062318551931834	1.75043306927969	546
-0.0807793610525031	0.636753662177772	56
0.108715745517479	1.26585845586695	56
-0.093687096079447	1.63029159262589	546
0.03216606327663	0.538775376525157	546
-0.047007058502455	1.49577350254456	546
0.120941446683274	0.339029219585683	56
0.00972979831235399	0.570680736455157	56
0.045371322784744	0.755666756222266	56
0.063788686462497	0.482086406071162	56
0.059969330890659	1.6050223358662	56
-0.123462455821594	0.829912246521744	56
0.071922510310007	0.402746884519934	56
-0.033034277917277	0.578839064814139	41
-0.036816842652828	2.04910554810609	41
-0.109815300890831	1.12211571046464	41
0.013120958089535	1.26870019364748	41
0.048280882748102	0.558461304238845	41
0.013633805827951	0.562125718257386	327
0.0210799948244	0.491038189961596	41
0.050487066692128	1.30440092152636	41
0.104707680211379	0.918162288361236	41
-0.012658741233277	0.49709329120363	41
-0.035683105502839	1.04380908748645	41
0.036162510556762	0.508531172478385	546
-0.0590498869708051	0.63496223603151	546
0.089280134627212	0.462092135263445	546
0.032768962163571	1.07877996549323	546
0.0803270520069	0.767999820362903	546
-0.00360197923069805	1.094905326407	546
-0.019813730975055	1.84209913858611	546
0.034329530758576	1.15747798454043	546
0.073763380012379	0.380860743316048	56
-0.047852155887534	1.69634694701183	546
-0.09057204245397	2.09117219218236	546
0.106138614890489	1.02062082355907	546
-0.119741830450034	0.748641744630037	546
0.063688551284413	0.443092431626607	56
-0.012804614809198	0.514954061585271	56
-0.069731820779947	0.756535192408332	56
0.081614949986619	0.427265939474686	56
-0.038673240715195	1.2118707890874	41
-0.007436084816141	1.31081442338105	41
-0.00574493038361201	1.41196644211961	41
-0.079892820502915	1.63972583316122	41
0.10302168356894	0.734609400649389	41
-0.070288734550833	1.72372602174422	41
0.041504990256467	1.05487685627654	41
0.087523799307336	0.338692163300693	327
0.096848634419003	0.605048939534478	41
0.124553561569518	0.33992824691832	41
-0.07516894219691	0.53757905264736	41
0.123169379832919	0.340674836050546	56
-0.01632871977379	1.28205803363478	546
0.123145113098377	0.795798248849567	546
-0.0538966115187141	0.375849080975965	546
0.050620677762813	1.59825019909684	546
0.083781256364525	0.413576020667475	56
0.073798451415122	0.263719952560601	56
0.010455833290475	1.47241894844179	41
0.061546166480247	1.43899389457566	41
0.123635243274028	1.04919505097897	41
0.076484237137706	0.839688640141109	41
0.116205558302703	0.178740309156229	56
0.080100407326717	0.647833640535895	546
0.048317185524614	1.51752888801385	546
0.020192663389342	0.986233016399667	546
0.096173821160178	0.749195046408419	546
0.00127631541182199	1.02304053977963	546
0.016987956150598	0.717230593052915	546
-0.019613583550146	1.47893033627192	546
-0.089452707782135	0.462800884222153	546
0.072710408673841	0.345553694629338	56
-0.037203383478584	1.6532722049747	41
0.124115931707972	1.01910300174882	41
0.091852117358573	0.398775084131439	41
0.00368541101595599	0.928093447498082	41
0.077253938235205	1.23582811596872	41
-0.060746385630242	0.744244007186083	41
0.04142722526851	0.4127939750034	41
-0.056388636434753	1.08763872147303	41
-0.046095005483247	0.363984365208222	41
-0.00309783878173497	0.276160507637732	41
0.10986944314088	0.748271850621374	41
0.107228125788924	0.91450747429898	56
-0.095419454028615	0.999343170166885	56
0.05340036721514	0.623638682963371	546
0.093352975578793	0.650332805381812	546
0.108075248662819	1.01103676528225	546
0.080427582794554	0.824601175416901	546
-0.110871513622321	0.247125742542788	56
-0.115024953902238	0.504952097882195	546
0.032829238062336	1.20945465084955	546
0.082093414148545	0.305862763116627	546
0.112061638776482	0.186858694393916	56
-0.075958394952574	0.308787059068222	56
-0.090655875035356	0.460737045511954	56
-0.050503279323708	0.343701028719613	41
0.066106523522801	1.07811339273133	41
0.120812124173558	1.05383569364723	41
0.099177245121469	1.25374079090558	41
-0.064019179682084	0.484946704335406	41
0.124257217669685	1.2748275741863	41
0.032330777726988	1.31866282826272	41
0.022532272980314	0.534530727804922	41
0.063325445573383	0.85882613364088	41
0.078703077685399	0.256651403254333	41
0.095767998667266	2.00045374640378	67
-0.093565594077112	0.450561853989795	546
0.124510488920548	0.27355322024306	56
0.001254649958289	0.765177089898044	546
-0.0328180401738371	0.942403984196105	546
-0.00594866169489206	1.00602217664265	546
0.034163311481851	1.64485928636144	546
0.067777272587493	1.20156406145528	546
-0.000682910699723038	0.434777354300974	56
-0.00955192193773102	0.896110057469105	546
0.078239634125911	0.255850191734347	546
-0.112127267721193	0.498878571101459	56
0.022929218523601	0.385752893772185	56
0.070424037407571	0.304937039282347	41
0.034968145852155	1.18200045991921	41
0.053061567500931	1.09672833446421	41
0.00123668802532201	1.43819680893438	41
0.105172146138614	0.979875590735608	41
-0.01084086480558	1.54052733810265	41
-0.019364890959235	1.75741693739408	41
0.08496074086711	1.09705390333946	41
-0.084805472616914	1.60346622020502	41
-0.058203198600011	0.376411909640149	327
0.058816510951057	0.584310023299933	41
0.120888373228193	0.482130371935145	327
-0.026315686558482	0.733350301630401	56
-0.045477325147235	0.511221907883467	546
-0.021374019949422	0.415267424584826	546
-0.07117048597478	0.308706896581126	56
0.111391769771655	0.524982013622554	546
0.08472606726741	0.72021808885762	546
-0.087276526184931	1.22667528203835	546
0.032363605132272	1.29820710799825	546
0.036467568190884	0.898374499301737	546
-0.087982544095798	0.29818908360112	546
0.033619853069021	1.00597021914941	546
-0.100413219132186	2.16853441239825	546
0.118641861644866	0.323260693320453	56
0.107912443155355	0.186366517957068	41
-0.080600037393586	1.73806711559632	41
0.09741168342934	1.03941757580238	41
-0.047038110072255	1.5887705541833	41
0.00960892069166602	0.761257971567925	41
0.058448706617127	1.48314376856368	56
0.0625387396294	1.67828247041327	56
-0.103466970469136	1.00455922469969	56
0.05026123787096	0.552265186947605	546
0.04061801368932	0.527241102562728	546
0.039775424792479	0.981978589673296	546
0.076488913282706	1.04580279496245	546
0.067705019464683	0.849659959876342	546
0.106585251584365	0.933358576583272	546
-0.018843848862122	1.99554190289342	546
0.063446207753002	1.11199935964438	546
0.091148960580165	0.458600068676832	56
0.085617766159754	0.823658172888887	41
-0.104815599034073	1.69872024824967	41
-0.064254537420529	1.4601363301021	41
-0.094218455629322	1.59984851881025	41
0.037444245744751	1.17322650213323	41
0.047145494098637	0.678166275129219	41
0.046621039385623	0.393886389887883	41
0.057660538061412	0.466747785649926	41
0.046236356248407	0.416051398694679	327
0.085419859918066	0.610264575090146	56
0.070505432484533	0.25382215543054	546
0.031367869814288	0.372136957113055	546
0.055276936846897	0.796650924718749	546
-0.112052181678947	1.53978199640036	546
0.079006104793858	0.255177842255174	546
0.115814909411551	0.287546722098343	56
0.117342804479344	0.315258750173296	41
-0.013713473343125	1.78175100766991	41
-0.095767103838193	0.695594138026067	41
-0.052702422350475	0.385159622744444	41
0.079611533044003	0.689783602407328	327
-0.072318358796073	2.33657171930279	56
-0.023037921014431	1.6890843690905	56
0.114352146584939	0.977134949585451	546
-0.036943874122744	1.39781090472129	546
-0.119485555441272	1.28160942322348	546
-0.026545532994452	1.01590613383553	546
-0.100952168273619	1.08196596169273	546
0.052085845049494	0.592566336691338	546
0.054217579672161	0.538347225239254	546
0.00127064039670599	1.24444102191341	546
-0.067475458517458	1.42261413946731	546
0.104249504290184	0.96290684201439	546
-0.094556101972486	1.33444810766365	546
0.066922331026726	0.851894218229882	546
-0.00666163015354804	0.573742526070757	546
0.122505472517086	0.346511650214773	546
-0.046396003620815	1.04590391733904	546
-0.096772936932032	0.766480247456782	546
-0.103351065185394	0.737938659367065	546
-0.058065618330997	0.573933026281102	56
-0.0648999650975271	0.491427984248286	56
-0.036491491249351	0.653608322550971	41
0.099382093046983	0.496954392236755	41
0.053262204534034	0.588402607973567	41
-0.117446979293763	0.663908913676027	41
-0.092228961538353	0.579791625152617	41
-0.059911666948873	0.379687014697153	41
0.079174663708674	1.04809996356112	546
0.079219177422345	0.621000932644671	546
0.020763645875651	0.596453988744191	546
0.052760968013361	0.799842033322038	546
-0.010404080998962	1.02242824588365	124
-0.016253544302397	1.17778888131953	546
0.10458091724182	0.420044442469068	546
-0.029833104488172	0.488664016892732	546
0.056543174877183	0.752477880186785	546
-0.052843674947112	1.20248549903022	546
-0.030913142868025	0.58277784623378	546
0.092856870714601	0.354903929297785	56
0.00335766456697001	0.578294199377683	41
-0.0560312676015891	0.698891097711008	41
0.107060540678336	0.388626768013827	41
-0.044277227816512	0.597281719035726	41
0.00138125520955301	0.703948327418074	41
-0.121604595225508	0.67798505295949	327
0.101315574516449	2.25928001624637	546
0.097259497447343	2.0512027806456	546
-0.011589565092715	2.23373923609836	546
0.019396228254969	1.47702909665358	546
-0.117319412084347	1.92325345326411	546
0.103983593684194	0.86951970558634	546
0.032271425638928	1.11027169227806	546
-0.068786333990799	1.32706015853187	546
-0.080190484745138	1.2807345082541	546
0.108426292880879	0.687653661075293	124
0.049688357120977	0.587088190248487	546
0.057605512380351	0.493782747144061	56
-0.106231708613244	0.851577562654346	41
0.037800373929112	0.90263802730335	41
0.121356635144965	0.456081466708076	41
-0.113615005701334	0.69807112577988	41
0.080039301624822	1.78364278184051	546
-0.00335436726554195	1.83896791022225	546
-0.034920259688411	2.04390522959266	546
0.016071074569181	1.5063931487009	546
-0.00225151381522704	1.56611259675499	546
0.05101636656972	1.4614575476324	546
0.119536681096408	0.74497111901411	546
0.070949260930706	0.757939368175767	546
0.059719539006666	0.75067661247863	546
0.015295238455407	0.557352494705033	546
-0.050622205037375	0.663164502537148	56
-0.0990712947526869	0.875962504539242	56
-0.123028790500243	0.910954674441441	41
0.089221672282609	0.522053788428466	41
0.016331971616016	0.71493077513757	41
-0.069635012157249	0.710816329005789	41
0.066281752728545	2.39814950097833	546
-0.024472105927186	1.75496445609674	546
0.107060065720406	1.04499846288055	546
0.040095254245965	1.29570820958884	546
-0.067373040361532	1.62533550151126	546
-0.099633352031545	0.931448927461451	546
-0.03268315604007	0.766393413079136	124
0.107059509844403	0.537260130966668	546
0.090661575720822	0.456919890370964	41
-0.022386876816078	0.772579480974682	41
-0.015031183998038	0.640860780020609	327
0.117763698438105	0.434316429669976	327
0.110187302116388	0.433882675013477	327
0.087648461934898	0.461765872019791	327
0.085793891693013	1.3832431216916	546
0.122666300807125	0.76663229405573	546
0.049765714607151	0.830758253234401	546
-0.115575583806272	0.893407334818124	41
0.074295614423504	0.310025187177243	41
0.111707586658972	0.536974373600398	41
0.064854433728583	0.5930966639198	327
0.027511626791451	0.673412704983045	327
-0.01874872661882	2.00684275234572	546
-0.0476546659641131	1.63396001426404	546
0.070872836261042	1.1528869005106	546
0.022381205233337	0.901023887382218	546
0.097639135335691	0.623191756362419	546
0.068715090931202	0.599836031529498	124
0.089233433544681	0.492171552751488	124
0.04569215367094	0.5322927942975	546
0.075077144575355	0.650819860014029	56
0.11712760690485	0.578753858375277	56
-0.00640464300187604	0.734553879470304	56
-0.088242032383207	1.02418808186339	56
0.124661107801755	0.572367474510895	41
0.121474708802091	0.461403598595299	41
0.051506877865549	0.472673980293226	327
0.095020286142076	0.439046049417409	327
0.066530689377247	1.87950235138105	546
0.054156798778973	0.965797711914775	546
0.050120579580328	0.523109502453758	546
0.064138380374754	0.572440520231394	124
-0.00567254732056899	0.908838812483538	124
0.119777119577442	0.548125234434144	41
0.118603271858597	0.403639676888587	41
0.073220074751198	0.560981618245963	41
0.083943086815634	0.379106361942995	41
0.098203004911369	0.835877990054523	546
-0.070166845267697	0.789419329927601	124
0.051459723554561	0.647719910171424	41
-0.085028034886296	0.558536112478352	41
-0.028767516773858	0.57136883806115	327
0.023054982724798	0.500354489516795	327
0.056867614092811	0.552907173188486	546
0.009924954459476	0.778635467875787	546
0.091157856330528	0.349179669229991	124
0.075260186212821	0.682072165320569	124
-0.010244288741065	0.631954339951066	124
0.083845280539899	0.371323923075325	41
0.114742475669707	0.346684102532357	327
-0.0348770721370369	0.502891035377255	327
0.119992237427169	0.318165074094107	327
0.110758100034557	0.848821420880075	546
0.031195766497547	1.09217919312672	546
0.045375928774881	0.386638916098061	546
0.073688687293542	0.422673326405702	124
0.009955647955048	1.16366591150391	124
-0.028422965274526	0.502805494815672	124
0.105958894161788	0.415730341223777	124
0.042117599708925	0.437834490460892	41
0.082964651547556	0.375404989551202	327
-0.038628571395378	1.40457990266667	546
0.070503785862724	0.79452321573231	546
-0.095068685467983	0.884985536497619	41
0.097091255175904	0.791919128008784	41
0.038550438424552	0.406688897578359	327
-0.076522875567425	0.800105436290627	327
-0.023450265113082	2.35279744962167	546
0.040894677685807	1.35573122089075	546
0.070689954905624	0.755878767669215	124
0.120939912682621	0.682312336299111	124
0.010123499817459	0.506554853804789	56
0.092797162206058	0.448636651664393	56
-0.031075194301452	0.819961920883069	41
0.094318136016302	0.607641184510826	41
-0.00980256820758696	0.606144826941288	41
-0.025886987686505	0.499878927539551	41
-0.024534573280469	0.422655801618714	327
0.123197125485705	1.34499629844483	546
-0.034545553680761	2.07212314108005	546
0.11408413557676	0.862588339172059	546
0.030891950448533	0.809668948346512	546
-0.014682779262122	0.97599786280512	546
-0.0679495122178549	1.02170256639593	124
-0.101445457237856	0.719306083839321	327
-0.124749639818229	0.705164784325574	327
0.124504222729911	1.12059777699756	546
0.052602529176305	0.824772816900443	546
0.014645467920822	0.608189571377057	124
0.106153893912438	0.538347369322423	56
-0.0658331122541001	0.887784488899236	41
-0.120223725815468	0.788936112549417	327
-0.070446902222419	0.731573980278366	327
0.059572562313922	1.87512701320489	546
0.110095698364524	0.98236347530178	546
-0.08655009429779	1.48426730280184	546
0.106583811774357	0.585033905905479	124
0.112432704887694	0.584142339890058	124
0.106561595320353	0.525376931801725	124
0.023011919560919	0.821387436987439	56
-0.035118350043433	0.560729204399529	41
0.03346889635029	0.372398621955586	41
0.079925515904664	0.39423555643828	41
0.066201794870066	1.50534443680525	546
0.046454802987113	1.65104959864922	546
-0.037891782704097	0.789659227981657	124
-0.00772008771578603	0.686443227232518	124
0.052587003406465	0.418719297015547	41
0.069045953199722	0.592708533840453	41
0.0393928258999	2.43550220453554	546
0.060312801427333	2.2216901618774	546
0.019820594274656	1.25432500384869	546
0.050314231158458	0.54051393623848	124
0.088737591368612	0.543008600218425	124
0.035754632145975	0.379471543964502	41
-0.077897893571817	0.544188308434685	327
0.036116935461835	0.716568603633755	327
0.069236814502446	1.58447769425579	546
-0.065342222248047	1.56092607252396	546
0.024001844329088	0.381170297033638	124
-0.070534996417551	1.00691328360231	41
-0.016051341416975	0.90443066234321	124
0.11171877148112	0.279828493033389	124
-0.081256641708539	0.305037217460506	41
0.073574514033214	0.75398072708121	327
0.076542957351731	0.68918546968155	327
0.092352455723547	0.125048986852886	124
0.075670402093363	0.566308047446965	124
0.049258429810224	0.745373611128323	124
-0.029765688928706	0.419828167944307	124
0.013004819557343	0.603065555404311	41
-0.0564824870965041	0.488393883838666	124
0.094009592966652	0.118947703582815	41
-0.106720624987175	0.931602637438854	327
-0.0880358930810809	1.08970852403793	41
0.070845728666155	0.621948408775546	41
0.062395107578326	1.31934259944497	546
-0.093397436010038	1.84537343232981	546
0.11863722257491	0.36814085971859	124
0.098842752608243	0.778841404149091	41
0.111068647192064	0.590691731170058	41
-0.0821561007295361	0.63805496046079	41
0.00927163742632903	0.268350601972373	41
0.11571334364758	0.581536598452725	41
0.064186275374528	0.716679554716777	327
0.079357035460164	0.253151337937402	124
-0.051953685637303	0.710782866578199	327
-0.00619221011764803	0.915727173984682	41
0.091971662540919	0.684797044461932	41
-0.030492767901964	1.98630339070184	546
-0.103180256024159	1.42655835919875	124
0.035609352218524	0.883844576702706	41
0.104095535883308	0.394002703181681	124
0.116632990220062	0.169968250777838	41
0.035128539061211	0.363439920055091	41
-0.00524061282101596	0.516675415250811	41
0.057524030289366	0.804995957114952	327
-0.122868470747453	1.29494697748835	327
-0.007022487816706	0.852248601111547	327
0.016026826790421	0.208830410875827	124
-0.043517963169398	0.666525701303523	124
-0.021550565908243	0.840398978581726	41
-0.083645289253701	1.01072436693997	41
0.085851009335926	0.681527286100412	327
0.049787702641245	1.89231445299616	546
0.121645087781798	1.15463623088455	546
-0.020798369470224	0.624091650480712	124
0.111171265192684	0.413606784152299	41
-0.085686057417099	0.297794215910866	41
0.087723905391524	0.749958125090905	327
-0.025235171880084	2.00843001770061	546
0.006560337468278	0.934021114585956	124
0.091560936294096	0.856810917000549	41
-0.029136665220553	0.777088218183792	41
-0.035613476675185	0.780648564422341	41
-0.079682678209865	0.30744375520512	41
-0.033752409684339	0.499876478855291	41
-0.013836944519878	0.702696290014985	41
-0.069485697505172	0.761517571241521	41
-0.039919517017151	1.03562934330591	41
-0.026894212638138	1.07262288074169	327
0.092935693831392	1.32474462434786	546
0.013927161617387	1.04264650504842	124
0.035354213678684	1.11915585599259	124
-0.078557992051691	1.01476647180031	41
-0.10183964052974	0.232149310001172	41
0.095726119103364	0.772061946368523	41
0.05700120713728	0.467573786255833	41
0.086982460936087	0.751900600673866	41
-0.0000300254464109528	0.823483878854117	41
-0.048056877342444	0.470759966660993	124
0.058255566802854	1.01153594644591	124
0.113453207936693	0.550711907269046	41
0.104801267688045	0.615538935151651	41
0.094183210529574	0.866856274542326	41
0.075780357767653	0.418919336156599	41
0.020424131595298	0.211942207610384	41
0.034655871786584	1.01262315396455	41
-0.020764181865116	1.90779193792856	546
0.11929373372291	0.906937680321236	546
-0.083437012378387	0.744757850239188	124
0.12337241436519	0.73408468931584	41
0.058837850004552	1.03276494522336	41
-0.117198933328904	1.12901860365877	41
0.074520768720969	0.988742941689435	41
0.033160140013843	0.517964758683419	124
0.094371185842353	0.656795318103391	41
0.00639480767718798	0.283866952304388	41
0.038311854307498	0.416760870110344	41
0.091538712922477	0.747382064459331	41
-0.12347839009723	1.4112702470506	41
0.016489207451991	0.856438301325473	41
0.099970742387804	0.552935334486691	41
0.107040984163728	0.674335363785907	41
0.031383029707565	1.96975900563076	546
0.015069644897101	1.47527456368367	546
-0.029083595422993	0.607088991314912	124
-0.023606348480635	0.603485499147184	124
0.101299551160759	0.803269761491126	124
0.104528910119239	0.883743126669167	124
0.092334152990707	0.457976399731427	124
0.068841007915531	0.908868855975235	41
-0.110231891392282	0.248016860367681	41
0.00807528455285	0.210615800494759	41
0.029573839346953	0.705167960990535	41
0.102781221342262	0.69047576869231	41
0.087061983851616	2.32255448308379	546
-0.016868391665925	1.93146838451803	546
-0.092196981022234	2.09336644777983	546
-0.0513878038832351	0.815096436149572	41
-0.00229825902466096	0.556371581902564	124
0.108611998909792	0.676486834140752	41
-0.095563358768051	0.915524019839921	41
0.018067333032762	0.214500333823115	41
0.090713313651592	0.742221187718187	41
0.00804060186974398	0.744281732495166	41
-0.014698660492437	0.921668697266852	41
-0.033584479194596	1.14354334458799	124
0.028475564255261	0.865158583885227	41
-0.0634639704219731	1.09024716313634	41
-0.00796275043338401	0.937194538403818	41
0.068295534508313	0.726689015445544	41
0.07167110592601	1.27052379103186	546
-0.110098840791516	0.248270143505648	124
0.04219082275021	0.387858436020425	124
-0.055296671542458	0.47787670403405	124
0.098945811033481	0.371572926490599	124
-0.113281701380909	0.523648317581183	124
0.119455740450691	0.335589867263893	41
0.093855414175463	0.578318317309213	41
-0.057386425489419	0.698243893153155	41
0.093286538920417	0.695054233817147	41
0.09738092596265	0.598174803263644	41
0.059187741087196	0.631274833500881	41
-0.064864842240028	1.06440780422406	41
0.104885407918717	0.917235391824143	41
0.012252947745007	1.13021203372371	124
0.079006104793858	0.255177842255174	41
0.00245495734830398	1.00952281016733	41
-0.124491142152622	1.0305647103151	41
0.076170838844209	0.354886040724289	124
-0.100436875507951	0.243859923513718	41
-0.0489444874824601	1.18844670475709	41
0.121155605670958	0.724369959161812	41
0.118580075552186	0.710353426923622	41
-0.051873302716569	1.02437530176542	41
0.029312803572679	1.09622946887472	41
0.114328193725449	0.858710612330829	41
0.038727099639107	0.443739846642033	41
0.038213556275598	0.888495798731005	41
0.035122886856358	0.960073495927097	41
-0.049067007171402	0.774681870543068	41
-0.103509547118402	0.832883366415478	124
-0.00364154838068498	1.19597347139189	41
0.12487267897288	0.997332060509298	41
0.087802876022792	0.975704130667208	41
0.057423206416339	0.677962077490467	41
-0.028747074847231	1.26717268263287	41
0.016238075495487	0.799001021349239	41
-0.020088364768071	0.398018174952031	124
-0.10597365919359	0.610053870817678	124
0.078525181486241	1.18890640388325	41
0.123293925384876	0.377191793162761	124
0.108518696359341	0.187011916448139	124
-0.035680178111354	1.34936124322594	41
0.038157620864835	0.890855729974135	41
-0.00921390017114898	0.562834281175409	41
-0.094970605063839	0.22398622010968	41
0.076144119455437	1.01721248029421	41
0.063502257756907	0.623157777013219	41
0.00195932999160198	1.15994915792969	41
-0.116219108572208	1.5953562585127	41
0.037949397329357	1.11801938225558	124
0.106530156624995	1.17091663011324	41
0.026078440245174	0.788859726711129	41
0.122899362300188	0.557227956888462	41
-0.02418392343482	0.586408162241683	41
-0.028817002058132	0.419272986576182	124
0.020853806922527	0.508232279800021	124
0.033986064287396	1.38622828796754	41
0.053898115265271	0.432413696983762	41
-0.111138202722565	0.24274818901528	41
-0.00133479049499396	1.29126422238637	41
0.109331785642778	0.514916753319447	41
0.074564365980348	1.08556382273263	41
0.096559327259219	0.870251929380969	41
0.085169565334178	0.647418266427647	41
0.121169289880451	0.85030614280972	41
-0.00142440580151704	0.663634269348336	41
0.030830085361496	0.371446105669297	124
-0.033883022666329	0.583185139840628	247
0.019784020208383	1.46407013899714	41
-0.111693353399855	1.95770121707501	41
0.120277612006547	1.00065017283593	41
0.061528759812105	0.812299458290297	41
0.095342012332716	1.16468438143482	41
0.103323875050107	0.983671627604758	41
0.086730804207943	0.367813363436262	41
-0.000354625577371981	0.763187807985202	41
0.028118238908112	1.24672716279097	41
0.027397031655793	1.0167500997581	41
0.010752023049031	1.27964661384186	41
-0.0113235904694901	1.29189451062152	41
0.067238648325964	0.695702961436667	41
0.083086094521283	1.1038741229848	247
0.116501171226402	0.951204871537167	247
0.00569946463612703	0.922289931777087	124
-0.104252169700463	1.40972348326023	124
-0.09171741680367	1.45085253148678	41
-0.026801693628186	1.18117300913731	41
0.030156492932096	1.1233504471468	41
-0.030368063400366	1.45692242886099	41
0.097947986284448	0.873144870142732	41
0.110003724861612	1.02109988705017	41
0.048049942033244	1.21937052407349	41
0.095195820775026	0.443416540053781	41
-0.111174507960471	0.89387003021095	41
0.038248218753829	1.14839808049313	41
0.020100882892011	1.11731923240003	41
0.025833817882362	0.955812539656294	41
-0.069557492342604	1.53530492475008	41
0.092334795403733	0.97299225894709	247
0.096179929300555	0.767482058392761	124
0.054305232891324	0.944500050936468	124
0.065900474466492	0.956387579691128	41
0.068877335245307	0.838196406612965	41
-0.122875667854557	1.81589776013044	41
-0.084329176792578	1.50098715823855	41
0.086672118109858	0.986846583239186	41
0.060628871922147	1.30997091819421	41
-0.085307192939072	1.20951474608461	41
0.026562704454062	0.410277320065186	41
0.09800403634552	0.671096388614572	41
-0.011368017096006	1.33089500461079	41
0.029432081417007	1.00751230159904	41
0.079121891976424	0.706981649033056	41
0.054822029686204	0.749611969926282	41
0.061316661550345	0.845548138104117	247
0.066655009046798	0.815387342271593	247
0.062392154341554	0.671584128764406	124
-0.09860104402361	1.11165219789089	124
0.051897425323678	0.690367023034625	41
-0.104685314739733	1.06008428832679	41
0.074553742700991	1.27366673106711	41
0.022622520165855	1.25434693513702	41
0.00217245408760602	1.06080615010631	41
-0.000168222893649039	0.941341024063452	41
0.106188182963912	0.463010450222586	41
0.074667183270649	0.86245886805166	247
-0.084023743174739	0.838908741233722	247
0.115339362235231	0.727398389886794	41
0.039479343015669	1.041071172608	41
0.049305945244502	0.622070451379523	41
-0.0691794342677921	1.09427032210534	41
0.074435150615661	0.65825011837932	24
0.046141808585891	0.768320792354493	24
-0.045446960069516	0.878880618140638	247
0.064108285428856	1.10710128983624	41
-0.104309848928265	1.19872375321649	41
-0.00801178243544698	1.12170268130117	41
0.103031755106008	0.696986894850104	41
-0.00459698880420101	1.1021418849513	41
-0.059825505240692	1.06003180386679	41
-0.031926727182031	1.27094600815047	41
0.09773370112284	0.576880589234736	41
-0.025567440924784	1.09635987258189	41
0.076664110533937	0.492868616947889	41
0.085440139101383	1.27247862072101	41
-0.044861647867698	0.450845774962438	41
-0.0528642663976761	0.565498677933769	41
-0.018828432534463	0.665266119285785	24
-0.00279448946031502	0.620041248597938	247
0.106025824388981	1.18066594599139	247
-0.0562284937362451	0.658850496324929	124
0.00127484701153202	0.48295779214888	41
-0.060893424639073	1.483399373168	37
-0.051728449572192	2.12060584314191	37
0.013470481408929	0.586070804657247	41
0.047428165542627	1.11635043452864	24
-0.041612852464661	0.583677356237607	41
0.117727928912913	0.32409925927322	41
0.112935434669847	0.322793829141407	24
-0.088031107266474	0.560748246018786	124
-0.00452076316801797	0.428293398125476	247
-0.032721259802754	0.412807370177952	247
0.012155001027467	0.336006172510088	247
-0.077031039461208	0.317662757779911	41
-0.036733795222421	0.343081543712968	41
0.076051818255277	1.39783415130185	41
0.078117027642237	1.37076120869417	41
0.095634228026011	1.04754205112522	41
0.011044371107961	1.14514984062181	41
-0.000137306501232004	0.608755732285066	24
0.009446092397353	0.288073631417937	24
0.078826479388227	0.254606797096008	41
-0.048106704466197	0.375768865337035	41
0.018803469560169	0.213755792718274	24
0.080247697093254	0.290881204274398	247
0.017918404578694	0.209407313181631	124
0.022121423180127	0.2081037313009	124
0.105961071687899	0.190484230048817	41
-0.077313071041017	0.312924340256403	41
0.105057537528388	0.187061906653097	41
-0.104641222272888	0.238559971452995	41
0.019346443090452	0.340860518652312	247
-0.107252409284299	0.22584349056792	124
-0.075516777526814	0.311926431477863	41
-0.071600977873143	0.294341123413119	41
0.075945643401959	0.352682360814866	247
-0.029595836010464	0.531365649593238	124
0.078826479388227	0.254606797096008	41
0.070458591141943	0.317737850784464	124
-0.093451009251052	0.46549468980645	41
-0.0773582712087461	0.702951911767189	41
0.00821419138913099	0.918785224587135	37
-0.001797296149607	1.01616563102092	124
-0.030215504509837	0.821937978835163	41
-0.030510597386366	0.762008820715256	41
0.00757406136758598	0.50192717075346	124
0.026072855017942	0.554590220968166	124
0.090900936932702	0.420024289875969	124
0.089382211970285	0.825403795289126	37
-0.062333532280439	1.55179107911999	37
0.121994392747456	0.804772939270901	41
-0.00195856746530498	0.746876952620471	41
0.116893556260201	0.474603192291325	24
-0.064004613620829	0.718101984454652	24
-0.0236242594967609	0.54471978529561	124
0.075542861227809	0.994601029062101	37
0.101439747533816	0.995599161855293	41
0.028771312542809	1.13295868815485	41
-0.11916072091348	1.33417602306069	41
-0.051888025064453	1.1502170020734	41
0.062191394685917	0.811173868864195	41
-0.041397918581847	0.855325448111183	24
0.042611580265594	1.01306826414217	41
-0.049232376855409	0.559183821659143	24
0.045750769460447	0.39497622832093	24
0.036472882866698	0.404979352283503	124
-0.090421451923663	0.464668328237227	124
-0.040979042752561	1.62983212316319	41
0.119835378617712	1.01714833843573	41
0.028317567187182	1.96309985515506	24
-0.055146721827032	0.64542325382047	124
0.118385374049692	0.283277316097275	124
0.038556434635262	0.37080441388225	124
0.012821521812442	1.48303505206989	37
0.00229903028748202	1.62301018302413	37
0.10647520420179	0.958185200375861	41
0.089858817650917	0.45896085710046	24
0.008347449058206	1.29704299866246	41
0.109419008591471	0.361143268898527	41
0.114636476372144	1.27561399990666	24
0.033772798116232	2.18940440477871	24
-0.121336200097899	0.52927592888317	124
-0.0899122951479891	1.73009011138711	37
0.016790469899224	1.78124980830605	37
0.111765670643593	0.468855647449824	37
0.038942712456803	0.369503683331615	41
0.10203418747232	1.61322544128128	24
0.068097046825256	1.81357628250959	24
0.105700379667547	1.37499024481958	24
0.037780326039522	1.53466498308312	24
-0.018138268748919	0.908641689621629	24
0.055697288150543	0.611348336539277	24
-0.113871552670165	0.862115630265865	124
-0.076666989756793	0.828152882339343	124
-0.0526043182256341	0.737297946762335	37
-0.057971186903539	0.958432093757834	37
-0.11761903223644	1.04792103623712	37
0.076167362061518	1.08277176821165	37
0.082187252958505	0.981983759498234	37
-0.056286360934756	0.918480476766418	37
-0.0403194170669821	1.28868505126907	41
-0.09210656284577	1.27037823849886	24
0.000608694850950997	0.5471255561765	24
0.022977944363537	0.770214633015637	41
0.05050948148596	1.81807030325774	24
0.051814948387084	1.06890426359927	24
0.041753787104495	0.983862308972362	124
0.03436852062869	1.13078085748923	124
-0.119253567214017	1.69127035178287	124
0.00426021072085597	0.812264341400354	37
0.033748893181338	1.12562125281153	37
0.104694767835673	0.777350935075579	37
0.067694704583585	1.13228080234186	37
0.086174148289957	0.775064053210298	37
0.080965732386003	0.934643227781597	24
0.058884205656455	0.997043447883299	24
-0.103992876172478	1.60106301952493	24
0.012399684838916	1.10522278289211	24
0.04445242307679	0.600394272459466	24
0.11390425346978	1.02479680562439	24
-0.046580089648419	1.05550296291165	37
0.091591400782935	0.986435662892491	37
0.026345728330958	1.35169832133468	37
-0.019066103289599	1.41232870708655	37
0.018128589941416	1.89650579737734	24
0.072088316515195	1.20220593185557	24
0.110131059411284	1.00957138457937	37
-0.068228437785172	0.867190429502623	37
-0.091163718146802	1.82751700881838	37
-0.099823179165184	0.602803665484618	24
-0.048482572281249	0.99304985285892	24
0.047196147212152	0.791996232222035	24
0.114392922118511	0.818197835444193	24
0.06307811508236	1.00474609048072	24
0.021180921820665	1.26478145762386	24
0.022968511548744	0.872971527095453	24
0.045028155387851	0.582864866118185	124
0.059154457246228	0.537819728471681	37
0.066904608898563	0.450910200851719	37
-0.064386122053141	0.372939197536145	37
-0.00602808315572201	0.56002947104878	24
0.038554568661148	1.18673685898704	41
0.088140345738295	2.47231477239617	24
0.079220601248455	0.385934615795768	124
-0.00358579479375798	0.74058843784603	37
0.013376057992579	0.216089748639388	37
0.060160514684241	1.21647781990516	37
0.014064828029297	0.517208164202891	24
0.00465078982825501	1.4879134537812	24
0.040905691467698	0.58039062611544	41
-0.100184915110064	1.39507384168492	37
0.053072159899869	1.24235569732935	37
-0.0191855412809731	1.78124625920365	37
0.081032721457642	0.982044914315058	24
0.027145841660619	0.473927027127938	124
0.00409175907100301	0.8286853394013	37
0.069464162248211	0.310073012631503	37
-0.011018067013854	1.60159797664571	37
0.112653089479209	0.177671821719739	24
0.017057481244052	1.27773796164236	24
-0.0893222038363179	1.59966183357056	24
0.121676191293798	0.939950596603303	24
-0.093245168401637	1.45480240691971	24
0.069964538945627	0.263022210027029	37
0.065193217727945	1.09427509387447	37
-0.022226738518991	0.463604872577492	37
0.118963732659356	0.826559120094954	24
-0.0525584097141481	0.556461093254537	124
-0.037952467801524	0.500699038625892	37
-0.124759664920486	0.677249787162602	24
0.040926901844702	0.949583529389481	37
0.064090419465652	0.997259946217261	37
0.123523658062075	1.2002841579126	37
0.092197795516979	1.3213987193296	37
0.010464638468969	0.876223706006278	37
0.068040170997219	1.35853593193244	24
0.06882405963882	0.789250508007947	24
-0.11477985660602	1.43197797247827	24
0.027066922720572	1.4362167881652	24
0.00497445121217699	0.565854997346836	24
0.078165856580555	0.417264000416401	37
-0.0476519556827389	1.65214701027343	37
-0.014447583575101	0.542831013998082	24
0.035292968558932	0.512427403086473	24
-0.118780693255234	0.783163737125965	24
0.091777934714588	1.16568300249712	37
-0.016204093730937	1.47303242948017	37
0.11171894651587	0.338823618935209	37
0.087274262839085	0.972473075051066	24
0.112829259834002	1.08814505323225	37
0.106261624307548	1.21150271364604	37
0.040872690380784	0.575616952190914	37
0.097203335446045	1.09274761390425	24
0.067015584073376	1.13241613118269	24
-0.017817884830365	1.80490040763922	37
0.017762663703742	1.42714249816375	37
0.105590485975283	1.00690057021446	37
0.090214104465266	0.514182759608098	37
0.022561973854889	1.2128394736483	37
0.095447681324877	0.813882704407387	24
0.00630189489271499	0.902321641021183	24
-0.001981078202548	0.993405045256352	37
0.040141900585409	0.721239781143196	37
-0.039111654680503	1.32634027703083	24
0.103409416356123	0.733733378731904	37
0.049332742300349	0.4640248017381	24
0.017648121130774	0.196054354601701	37
-0.098441272234301	0.449869317061592	37
-0.096626172674304	0.46414216138811	24
0.118208980591984	0.352356592360816	37
0.078727487056407	0.347892199959104	37
-0.00789099353127498	1.31652785624215	37
0.038721068613301	1.68173458028517	37
0.108827603681352	0.967352381270452	24
0.057512126475082	0.6045313059951	37
-0.070722823106716	1.31233071089535	37
-0.091062611428848	1.83016949591044	37
0.013852510860579	1.6911102685636	37
0.054820881989901	1.48561146751621	37
-0.00923638505986402	1.6728253439344	37
0.04185429890706	0.807215430159229	37
0.115386399049904	1.1045222788764	37
0.057429153182691	1.68309220346389	37
0.068919590990515	0.9708915370586	37
0.064899207470073	1.00016305109172	24
0.10882143812529	0.624440046836694	24
0.027177266194432	0.712042438682451	24
-0.0306315863041891	1.25169536864059	37
0.07783885436778	0.599801175597492	37
-0.029565811575163	0.56607377869545	37
0.081400853393162	1.81556751917953	37
0.114246768030609	1.54980749551712	37
0.085023969264931	0.334271302618337	37
-0.105975157764428	2.06449538519841	37
0.023471387483574	1.86627089281466	37
0.07652987490551	1.83264742675444	37
0.030284612862174	2.09537681644384	37
-0.122451817915664	1.70546717034033	37
0.00265750842620499	1.49117790607624	37
0.01437829002934	0.404342491305008	24
-0.086830891335742	2.0944647871116	24
0.031138587518791	1.43582917033619	24
0.010257322800338	0.868525707100865	37
0.094595312926964	0.598149688673335	37
0.11422602221362	0.449466584392868	37
0.071241325780537	1.43564122539225	37
-0.092063744651688	0.676819176823476	37
-0.093662224497971	0.761411936743549	37
0.074680906070491	1.43079810758074	37
0.046373811828926	1.49206880342165	37
-0.080472738196998	0.632756416956245	37
0.091951383794647	1.04357673454049	37
0.095151528994176	1.34537161459651	37
0.048142399997565	0.797540109394157	37
-0.076748477039414	1.64107451044357	24
0.015411206794169	1.41685072704966	24
0.041933460099815	0.538458292731023	24
0.088507495838337	0.442970565449536	24
0.042331534832826	1.03508511883214	24
0.099657430024969	1.83337234085434	24
0.055799580330182	1.35602398318746	37
0.116155595501385	0.942920682963867	37
-0.039375735567582	1.4539317254252	37
-0.033931263079387	1.20582380755508	37
-0.115316014868614	1.62190640785404	37
-0.029650464753881	2.11409310474446	37
0.118148680780767	1.08778990454563	37
0.090919610462742	0.59326208944684	24
0.102358493540752	0.548924711347611	24
0.117624933126362	1.99264017802795	24
0.104390804534915	1.61428847468058	24
0.019997093481223	2.09920399993996	37
0.053540096940427	1.78423101225874	37
0.014837332983059	1.88681668638411	37
0.086616813777637	0.896691856833273	37
-0.08110883370959	0.315729685393722	37
-0.116894560194006	0.237361173100104	37
0.043949285842286	0.679836714080071	24
0.087092416771696	1.17108526788111	24
-0.120320131434967	1.63265838374113	37
0.024171091291791	0.620667675114454	37
0.00501830803733699	0.28772508062102	37
0.013592960455386	0.282008209563555	37
0.097196939184952	0.118153833341878	37
0.122575073469407	0.933376118942414	24
0.090469512053443	1.43686649136161	37
-0.033870285333808	0.656183855274303	37
-0.096053146647583	1.93249718809677	37
0.061092416168808	0.73209209615888	37
0.01526677281179	0.345512390236913	37
0.118513353252206	0.814636839299795	24
0.041936782267685	1.11795292713259	24
-0.020812146022683	1.16237198523831	37
-0.027797738972951	1.24903188408561	24
0.122785926819414	1.305786750957	37
0.122918253071158	0.771098677209396	24
0.111373149897925	0.438636950662646	37
0.041055349470826	1.01366185312727	24
0.019144770613965	0.68692684600433	24
0.0839946951458	1.09745530218117	24
0.052215463532952	1.14579620833259	37
-0.091983531030817	0.455220550572568	37
0.060112214226798	1.02099592672388	37
-0.057610121606519	0.563553833555316	37
0.091635389749592	0.125062886124958	24
-0.035582159742294	0.846127113258997	24
-0.114563288733287	1.00628327631975	24
0.116773309808443	2.36086437090807	24
0.031876271698083	1.12528323560177	37
0.119035271789328	0.478570374662476	24
0.00453520697368998	1.22925275687638	24
0.088952244726496	0.740439097683967	24
0.079318431771678	1.10006089140022	24
-0.0661057939240171	1.22740756314399	24
0.048345803695653	1.56003732054768	24
0.069961788151028	1.58545027538555	24
0.092352455723547	0.125048986852886	24
0.008276399174938	0.200425750820607	24
0.101152976573752	1.0022897234307	24
0.059624963556124	1.3603015765769	37
0.088118631009948	0.668313923981402	24
0.10678429631629	0.891441148730106	37
-0.00694585720032603	0.441266040397746	37
-0.082011928703886	0.30865882860686	24
-0.00472009730814904	1.1297010577853	24
0.108892224953369	1.06923723568939	24
-0.048857244593427	1.0131139563068	24
0.078533355252139	1.15498591332989	24
0.083910651379736	1.03875948732871	24
-0.075843422788396	1.96870679669303	37
0.046837170760996	1.00019236462355	24
-0.049574312890356	0.942139498243284	24
0.059040363815048	1.73744326033752	24
0.113723330784858	1.32134408690029	24
0.107005402768195	1.31821019813955	24
0.025166747019446	1.5406128407384	37
0.063875129342449	1.25649237005363	37
0.002469961341933	0.628023516371622	37
0.062146697181631	0.692337694052105	24
0.018337043750674	0.872262008256657	24
0.114593032639226	2.41578026953953	24
-0.053349478156526	1.95586255618682	24
0.114326583537732	0.411982297300013	24
-0.017784999447313	1.27122649626073	37
0.083707365489256	0.497308543549073	24
-0.110937293402889	1.26455751305918	24
-0.035769606561509	1.29278007562241	24
0.067705223992817	1.04007194033764	24
0.047065252594449	0.622407520347873	24
0.048522621075033	0.555470807225514	24
-0.00235595846661196	1.30270800375453	24
-0.046587404891058	0.37243446478059	24
0.111158657215293	0.186654528546029	37
-0.115092866829501	0.241262756193267	24
0.065627396583558	0.54816883359195	24
0.074546601004344	0.892660921839779	24
-0.099494583485892	0.873182620313891	37
0.109327209152617	0.671606399076228	24
0.113245851855156	0.17552379061745	24
0.097534599526525	0.187414568861171	24
0.122781032349709	1.09757528026989	24
0.120511402804346	1.2313549901092	24
0.00887998361046699	2.30820423625539	24
-0.083041259280322	0.620300286049159	24
0.086703917166644	0.123702559230249	24
0.027458948611702	1.05024237583738	24
0.067870200311818	0.551602840147888	24
0.035907347235458	1.40685885749207	24
-0.011183752822324	0.682242903186349	24
0.056610611907292	1.00986014902672	24
0.106178333792042	0.658777290809471	24
-0.00257391407107199	1.13584811897354	24
-0.00396430336643405	0.501972966702037	24
0.035175253230176	0.551847366039168	24
0.098194846266772	0.531496544040562	24
-0.03027172891487	1.68471961351888	24
-0.101484776137713	0.230483293077563	24
-0.100242109044368	1.97606243956212	24
0.035813063872643	1.93196846503635	24
0.106690702144242	1.20532819008175	24
0.049461015783488	0.633520849493934	24
-0.064503640843129	1.95955642856029	24
0.017538723965508	2.08389236805415	24
0.043779661076564	1.06126479447146	24
0.111059033025279	0.685081754513293	24
0.067049882805341	1.07979929273132	24
0.043082957653826	1.4956044745239	24
-0.0216926213633299	1.67635599601294	24
0.071329463348841	1.03832509649482	24
0.12145924177624	0.842992133372413	24
0.099549298925498	1.25809405550443	24
0.033905007895329	0.400633912315003	24
0.091635389749592	0.125062886124958	24
0.063830793317564	1.00594925681116	24
-0.043113519520193	0.685893919852686	24
-0.110098840791516	0.248270143505648	24
-0.00182503008189905	0.274172093673514	24
0.11305092912432	1.2158844984425	24
0.07830908067732	1.34629290249204	24
0.098834481741313	0.190327323560899	24
0.06475080378852	0.848720731287624	24
0.024141242763464	1.63641631909261	24
-0.113090132469924	1.14491705551144	24
-0.024700498010592	1.0158554967824	24
0.013268841202787	1.09120734606038	24
0.08576848041998	0.121559855808552	24
0.037321063220324	1.80499645178565	24
0.060376516256931	1.46454125003544	24
0.084803426181722	1.69504792203941	24
0.123000913418804	0.443973652601636	24
0.00336849882344298	0.86227167245754	24
0.054306397128341	0.771939615573904	24
0.009711573064763	0.400678478562939	24
0.057607671635468	0.415354495052847	24
0.03825043220971	1.03277545422862	24
0.077575948060137	1.66344510387253	24
0.034886042160006	1.57946080163051	24
0.112471910668964	1.20976742416332	24
0.089838301604051	1.40247117586409	24
0.080455002349062	1.58943585234523	24
0.031638828660047	1.39316747847278	24
-0.00717899743992001	1.58312811955356	24
0.083205197940986	1.36695226955079	24
0.080569084610177	0.947164321663863	24
0.041861396044544	1.25479943889604	24
0.062521897405149	1.33685428317085	24
0.015472086148871	1.60713413346801	24
0.117373269120702	1.23281236383146	24
0.029212207173617	0.950809885173713	24
-0.078070100646586	0.814598290912334	24
0.057486919817513	0.494960453434596	24
0.019539242092686	0.211573977492915	24
-0.053511688902611	0.485216227420709	24
0.014259693803074	0.216485010321711	24
-0.075357112832879	0.316514678952105	24
-0.036572515760213	0.513231460563833	24
0.109937108421721	0.179497548028522	24
0.119281595220044	0.167494821460414	24
-0.085567856432145	0.453250375033416	24
0.003354599946918	0.203793255089458	24
0.102286293912179	0.924465199376052	24
-0.10900637063947	2.07559477227399	24
-0.095739754782437	0.452435810785191	24
0.117697862371221	1.32649565416182	24
0.036714959650181	0.721406006016399	24
0.091893045671092	0.531304277721745	24
0.07826912139461	1.78473214835928	24
