x	y	clickSelects
-0.000623865160529036	1.8118632977315	31
0.046237445202955	1.55857809426672	31
-0.096113552729556	1.70369157329369	212
0.117153732717816	1.06292266516134	212
0.023809247170141	1.56800219958597	212
0.077413762254999	0.923386935967765	212
-0.04260747410635	1.57881984207244	212
-0.041572007582414	1.39172174302159	212
-0.094527563058749	1.45298829670867	212
-0.00783330583348796	1.17358707537076	13
-0.086766446099298	1.22894429446411	13
0.104131489793454	0.938112910527985	13
-0.041292831675511	0.984478729043428	13
0.054704664989943	0.809313617759336	13
0.115524984764843	0.584403748791717	13
-0.113208905398084	0.817424951469413	11
-0.103127033314508	1.01152517566985	235
-0.053901178030179	0.280470847983215	235
-0.123064277978485	0.820222559471129	235
0.085787297408971	0.172057081317188	235
-0.054018007715216	0.294249733288003	235
-0.124573932487454	0.496456072156921	11
-0.102623253811145	0.383974096561391	11
-0.05246806351705	0.288485668070392	36
-0.10015445445867	0.386112408349974	36
-0.105923933980035	0.39287441988395	36
-0.048292438113117	0.293257647460578	36
0.079893110633019	0.169267896660306	36
-0.120578216447127	0.483119204542189	36
-0.103452944574757	0.399788417138826	133
0.085787297408971	0.172057081317188	197
0.085787297408971	0.172057081317188	22
-0.049191102512402	0.287022737842076	22
0.08683329911631	0.170896697158849	430
0.089798429935142	0.168097646736901	88
-0.103452944574757	0.399788417138826	88
0.085787297408971	0.172057081317188	88
0.085787297408971	0.172057081317188	172
-0.047523359661614	0.295014290825509	172
0.080488026537788	0.169187072363845	14
0.087423458561088	0.167226093944783	14
0.0903907372881	0.164566515651367	14
0.086376878882243	0.16832657241939	14
-0.105946575153824	1.84814789701171	31
-0.105060327780243	0.402472756021541	31
0.0657270834157631	1.06095561339059	212
0.080304723369822	1.72191405196925	212
0.105614818688053	1.46707476669857	212
-0.044637118010128	1.82805874168605	212
-0.05503431212735	1.50477765478721	212
0.10913546447351	1.5248226571449	212
-0.043735094429266	1.60439316843108	212
-0.048697906009976	1.56127204645262	212
0.011885133618726	1.02838768378741	212
-0.052829048209631	1.26758332767395	13
0.076824447586947	0.845981334032821	13
-0.005165848145809	0.996250055588985	13
-0.046515365398708	1.18888406102515	13
0.056325003862064	0.830852577642817	13
0.093218062227241	0.661794044848663	13
0.032674362391387	0.699398378764831	11
-0.036732915190363	0.680865055183413	11
0.084165912535891	0.775907069276569	11
0.0292285327991469	0.715839927700195	235
-0.034302539914294	0.623536436589298	11
-0.047523359661614	0.295014290825509	90
0.011149237199115	0.457483904096216	90
-0.123204860177777	0.646922317101309	36
0.112648627626645	0.407744202434839	36
0.055601289525248	0.349993880829744	36
0.056304410590587	0.576777232861745	36
-0.012153544364791	0.540806692655897	36
-0.044101526573721	0.283460810017008	36
-0.053242849964794	0.294303878876669	133
-0.049191102512402	0.287022737842076	133
0.0574382941571751	0.349621087687944	72
-0.124867327565519	0.500498930572146	72
-0.111538440370534	0.400200425068191	72
-0.046624533075872	0.286275403845535	72
0.081529104054024	0.168089776840781	22
-0.044229979096842	0.28561468782725	22
0.109845888814248	0.41718585655352	88
0.08683329911631	0.170896697158849	88
-0.0484226438188961	0.288663490857028	172
0.054287203443362	0.35031889308881	172
0.085787297408971	0.172057081317188	88
-0.045086232845343	0.278564959869584	14
0.08683329911631	0.170896697158849	14
-0.048164297240179	0.278472295144232	14
-0.104433079355249	0.387882719501559	14
0.079893110633019	0.169267896660306	14
-0.048292438113117	0.293257647460578	14
0.086376878882243	0.16832657241939	14
0.016943451605591	1.71046481152188	31
-0.046886820301425	0.280814873586778	31
0.108983304016384	1.18683199740893	212
0.113612089330557	0.590916498340806	212
0.065227097575616	0.779468323551974	212
0.086574515051791	0.81770758938864	212
0.101114162689101	0.590523571173826	13
0.117148793626737	0.41446469986172	13
-0.039477040637922	0.628883586849312	13
0.016183107788626	0.447800140730963	13
-0.043314927262744	1.0300642248658	11
-0.044777384575611	0.83176353331005	235
-0.052604418295007	1.18687210759295	235
0.087423458561088	0.167226093944783	235
-0.058621054101125	0.278556193540223	235
0.067515473936035	0.326098319491087	628
-0.101134480279266	0.389128837006033	628
0.066314331781932	0.557915269189705	11
0.050251080722816	0.576777280479272	11
-0.116257747090808	0.465061258652975	11
-0.0531250205902279	0.285695500061086	36
0.054418300626503	0.573550701873441	36
-0.041786525131215	0.277381553962531	36
0.086376878882243	0.16832657241939	36
-0.0459862984931581	0.286698052875647	198
-0.03962662408839	0.757732263740896	72
0.080488026537788	0.169187072363845	430
0.08683329911631	0.170896697158849	72
-0.123759714162617	0.752575685203902	72
0.065001977615305	0.56154557557007	88
0.026996917278015	0.75716630259208	172
-0.043700565162402	0.77298397822694	88
0.087423458561088	0.167226093944783	14
0.0892059140188261	0.164395035335492	14
0.079893110633019	0.169267896660306	14
0.08683329911631	0.170896697158849	14
0.081529104054024	0.168089776840781	14
0.072788423342889	0.50257389352244	14
0.057795050838043	0.584699411168333	14
-0.047654549863588	0.287240119533882	14
0.045552372466206	1.4596205648938	212
-0.112498349065634	1.05161307727743	26
0.100347080202985	0.627745430342302	13
0.054845406684388	0.771564902483784	13
0.105180997057948	0.592408266176993	13
0.025775760143358	0.759374754832777	13
-0.020704954088668	0.547403755478809	13
-0.036244140339766	0.694268186126056	13
-0.099854977234203	0.95913194409303	11
-0.016707157866914	0.523729810501368	235
-0.038737051782845	0.699047339874655	235
0.026752960834484	0.763166351060451	235
0.109800858704772	0.583174364319013	235
0.088813473082609	0.837766596158993	235
-0.00583909470694499	1.06813888659778	235
-0.047523359661614	0.295014290825509	235
0.084058894991522	0.49502732583759	235
-0.038826639546243	0.664345303564692	36
-0.0498316496342051	0.285003959324924	36
0.086557954690073	0.660881619344367	36
-0.033674101240132	0.749811012899182	36
0.014659296736328	0.441639128594226	36
-0.053242849964794	0.294303878876669	36
0.050480333285023	0.341236063616774	72
0.086376878882243	0.16832657241939	72
0.087423458561088	0.167226093944783	430
-0.048164297240179	0.278472295144232	72
0.08683329911631	0.170896697158849	88
0.0903907372881	0.164566515651367	88
0.059076360345697	0.349602890943051	88
-0.10526604707979	0.39696095146586	88
-0.045001390996917	0.284010053207826	88
0.0862429326598661	0.167041246972049	88
0.0862429326598661	0.167041246972049	14
0.086376878882243	0.16832657241939	715
0.012679570462533	0.457608995174182	14
-0.108444616156474	0.398915939849143	14
0.085787297408971	0.172057081317188	163
-0.10517831230077	0.391745582569973	31
0.050426678680727	1.78450651855861	212
0.036459426461495	1.06385709282918	170
-0.11218494887571	1.62360211809576	170
-0.048427379221471	1.13434677507442	212
-0.044136218308467	1.01810123905123	26
-0.042943675573147	0.948668823333617	13
0.017458412968679	1.37055963915949	13
0.072220602101356	0.90334258858534	13
-0.097822177835067	1.19036282181639	13
0.06890320846399	0.983987404756811	13
0.00488501637071603	0.979567662085644	13
-0.108011757412503	1.04247851995301	13
-0.0419585564874559	0.897579423512876	13
0.115193207389239	0.877276983713981	11
0.118859134339936	0.69694122675298	11
0.037815484946655	0.646564098067884	235
0.060463774358359	0.337871769148019	235
0.085339853431237	0.669051648932712	235
0.012059909256759	0.442892706408468	235
0.113753092898952	0.405162755660412	11
-0.046754646570268	0.293511983266787	11
-0.045855200142307	0.284875383722602	90
-0.109414113553394	0.382383047862396	36
-0.122187753100418	0.493270483532777	36
0.08683329911631	0.170896697158849	36
-0.0496696282872749	0.284404152298991	198
-0.116523247877246	0.38941945032049	133
-0.054018007715216	0.294249733288003	72
-0.0484226438188961	0.288663490857028	72
-0.055315258903324	0.274123538946448	22
-0.102825844975754	0.387391324505535	72
-0.123959011849802	0.499000487557343	72
0.081529104054024	0.168089776840781	88
0.085197509362389	0.168136000223553	88
-0.048292438113117	0.293257647460578	172
-0.105805932391559	0.401078180427981	14
-0.044229979096842	0.28561468782725	14
0.08683329911631	0.170896697158849	14
-0.052349235443775	0.28573150884445	14
0.079893110633019	0.169267896660306	14
-0.054911469852063	0.28803751190422	163
0.030495025731288	0.981649414865642	26
0.109492450708205	1.04943644802076	13
0.101113721390353	0.790011252879203	13
0.060334230611434	0.827503912047153	13
-0.104014123703663	1.04154936709114	13
-0.110136703493622	0.936435725397628	13
0.09740125251601	0.634693457097939	11
0.014283253940098	0.858508341030187	235
-0.042865293094445	0.697820762830892	235
0.116259588254137	0.572629255699544	235
0.093127965918545	0.626460564857919	235
0.116214685571191	0.419962908222584	628
-0.122304178554898	0.486347454932522	11
0.053067292336348	0.344691375654636	36
0.048997731392231	0.338840636994852	36
0.08149867911809	0.508545685024563	36
0.046458029535754	0.334042259669673	72
-0.120578216447127	0.483119204542189	72
0.014798497498731	0.438396722612677	88
-0.104433079355249	0.387882719501559	88
0.080933602903124	0.168170801532776	14
0.085197509362389	0.168136000223553	14
0.0892059140188261	0.164395035335492	715
-0.055686371948022	0.282712432670457	715
0.08683329911631	0.170896697158849	14
0.080488026537788	0.169187072363845	14
0.085197509362389	0.168136000223553	163
0.085787297408971	0.172057081317188	163
-0.103875102776838	0.990565691492483	31
-0.10750438897798	1.06570323385992	13
-0.042274506421813	0.695245569761458	26
-0.035142465618823	0.610291444580397	13
-0.113576143334092	0.794280317369693	13
0.102715216754428	1.04788247871427	11
0.063622743068623	0.345653996338961	628
-0.015250479380412	0.555157019132864	11
0.086376878882243	0.16832657241939	36
0.0862429326598661	0.167041246972049	36
0.08683329911631	0.170896697158849	36
0.085197509362389	0.168136000223553	36
0.087423458561088	0.167226093944783	72
-0.121376501036598	0.814341083715068	72
0.08683329911631	0.170896697158849	72
0.08683329911631	0.170896697158849	72
-0.04889194014585	0.284438306185666	72
0.087423458561088	0.167226093944783	88
0.056304410590587	0.576777232861745	88
0.087423458561088	0.167226093944783	14
0.085197509362389	0.168136000223553	14
-0.104315111921589	0.401282435989275	715
0.04569164587398	0.618272588988837	14
0.081529104054024	0.168089776840781	14
0.0134441929270001	0.454034602794889	14
-0.043329491313116	0.285059436298403	163
-0.062374828368138	1.61990078764129	31
0.00146967254366404	1.39268608257486	31
-0.0328294949704721	0.706634194247434	31
0.061988990876909	1.14288110544856	170
-0.11027975506907	1.09418220766851	26
0.00895601148741199	1.23085286890826	13
0.088618780182973	0.947032087473096	13
0.11081417256653	0.72472531583052	13
0.079891327908471	0.714397565220059	13
0.020755770317043	0.428523446166802	11
-0.123601484707341	0.766068581606437	11
-0.123481177009874	0.658658635137355	628
-0.102623253811145	0.383974096561391	11
-0.110792398387076	0.403513693056219	11
0.016334281089916	0.426683871525436	11
-0.114871376946494	0.389845073099351	36
-0.105060327780243	0.402472756021541	36
0.060299690709468	0.347507718210125	36
-0.049061882270823	0.286540728227666	198
0.085787297408971	0.172057081317188	72
0.085197509362389	0.168136000223553	72
-0.046624533075872	0.286275403845535	72
-0.046754646570268	0.293511983266787	72
0.0132772625984811	0.440224665892623	72
-0.048292438113117	0.293257647460578	72
-0.110046745728292	0.403589764487181	88
0.08683329911631	0.170896697158849	88
-0.043329491313116	0.285059436298403	88
0.085787297408971	0.172057081317188	14
0.085787297408971	0.172057081317188	14
0.0862429326598661	0.167041246972049	715
0.08683329911631	0.170896697158849	14
0.085787297408971	0.172057081317188	14
0.087423458561088	0.167226093944783	14
0.080488026537788	0.169187072363845	14
0.0892059140188261	0.164395035335492	163
0.00511559969342801	1.87651998831856	196
0.054935423878596	1.66510648539428	196
0.077737254492225	1.31885219401881	31
0.055399754833465	0.980123410211559	31
0.0478264103665	0.808875591197808	31
-0.041668567137353	2.33080309708416	31
0.030118579367771	1.03509791944152	31
-0.11254580292591	1.09707689928524	170
-0.017609641648786	1.19992298164336	170
-0.099004848837411	0.953140621270951	170
-0.057943793059411	1.65722661849884	212
-0.05954132198482	1.45142044958178	212
0.076474782976006	1.30982509359647	212
-0.103818715568544	1.61249937700931	212
-0.050089238194271	0.825893160729881	212
0.039859722509874	1.01787087303494	212
0.0480474670880891	0.630578095876202	26
0.050314071149139	1.86326493450216	13
-0.045497147137845	0.764716701603325	13
-0.104678603555906	0.942136535215333	26
0.03380431185135	0.636364781865086	13
-0.110657148290949	0.944187729047633	13
-0.038439647908829	0.769360197010563	13
-0.042045971504474	0.700489131598375	13
-0.12118703346957	0.997637701640418	13
0.078599764470137	0.714111070989478	235
-0.052830565086475	0.824020087036795	235
-0.00738934468164798	0.528406270958186	235
0.0179226334653509	0.73054251315008	235
0.050966330676162	0.640491056325297	11
-0.100390674888027	0.388013221051851	11
0.124449639496502	0.391831354250397	11
-0.047523359661614	0.295014290825509	36
0.114511006537483	0.421484908879288	36
-0.108820923536985	0.932698992844421	248
0.064522330328093	0.337379659970336	36
0.0923028197466	0.666025533474539	270
-0.047523359661614	0.295014290825509	36
0.114347435371042	0.418925833199503	198
-0.110792398387076	0.403513693056219	198
0.011300153988672	0.444778739278205	72
-0.047523359661614	0.295014290825509	72
-0.043458934798463	0.284215957331135	72
0.087423458561088	0.167226093944783	72
-0.046886820301425	0.280814873586778	72
0.08683329911631	0.170896697158849	72
-0.046754646570268	0.293511983266787	72
-0.011477447696007	0.364872212351851	95
0.0838981217052	0.165506120532102	14
0.085787297408971	0.172057081317188	14
-0.047654549863588	0.287240119533882	715
-0.047523359661614	0.295014290825509	14
0.085787297408971	0.172057081317188	14
0.086376878882243	0.16832657241939	163
0.081529104054024	0.168089776840781	163
0.047388956970482	1.99476025827071	196
0.0249633363281691	1.69525449037012	31
0.055624635566582	0.574509834427177	31
-0.0116353512940131	1.08796602371199	212
0.101236696799415	1.23939451829529	170
0.051064727588371	1.17455067702009	170
0.100861927941193	0.626911588985933	212
-0.114504369183486	1.90670958703401	212
-0.08671950276701	1.18463280039427	26
-0.123075444213571	1.50077352189671	13
-0.085326518272223	1.22790124639401	13
0.042181587407806	1.19474351990608	13
-0.116610067648233	0.936984596278083	13
-0.054296371596041	1.06111276909368	13
0.097208789691866	0.657647171470656	13
0.015983735992913	0.807546670597319	13
-0.0393145437482551	0.75559473715623	13
-0.120413326918953	0.492026765234024	635
-0.118166282406714	0.967391055783919	235
-0.029959202994049	0.921640783973478	235
0.081751094190994	0.45554166630674	235
-0.119120806515017	0.854048752945867	235
0.112648627626645	0.407744202434839	235
-0.124867327565519	0.500498930572146	235
0.063421057672847	0.566537736189849	11
-0.0541369387785941	0.288077643282142	11
-0.104315111921589	0.401282435989275	59
0.0574382941571751	0.349621087687944	11
0.08683329911631	0.170896697158849	11
-0.11714599394128	0.363204605754555	11
0.08683329911631	0.170896697158849	11
-0.123276931740521	0.825987604662747	235
0.052911413646264	0.578337773849856	11
-0.021951848591435	0.599869170589858	11
0.121640027459039	0.401579244036127	11
0.063126508926067	0.334025948236189	36
-0.104197754117244	0.400971085265102	36
0.085787297408971	0.172057081317188	36
0.07455483817538	0.164217032271281	36
0.08683329911631	0.170896697158849	36
-0.11950646899809	0.490552796563347	198
0.08683329911631	0.170896697158849	133
0.0862429326598661	0.167041246972049	133
-0.046754646570268	0.293511983266787	72
0.00901808254231695	0.45048916179326	72
0.080488026537788	0.169187072363845	72
-0.096334833768392	0.373453495587755	72
-0.048292438113117	0.293257647460578	88
-0.047523359661614	0.295014290825509	88
-0.047523359661614	0.295014290825509	88
0.0862429326598661	0.167041246972049	88
0.08683329911631	0.170896697158849	14
0.08683329911631	0.170896697158849	14
0.08683329911631	0.170896697158849	715
0.086376878882243	0.16832657241939	14
0.080933602903124	0.168170801532776	14
0.085787297408971	0.172057081317188	14
0.061295361554504	1.03182957348212	31
0.06678001478839	0.326143231560636	31
0.116616609354265	0.780307841583457	212
0.074306587441913	1.17376053025052	212
0.00325442096224504	1.53440848001293	26
0.0714517192486071	1.43521891091269	212
0.074538941090555	1.38562363908224	26
0.088816060407658	1.45496818537523	26
0.033943074158715	0.994455619301367	13
-0.004173929539808	1.04160652850581	13
0.08313527688603	0.849634372207792	13
-0.102744281528756	1.18062879828588	11
-0.0576956178018711	1.12723201150575	635
-0.0328792959846	0.638062111753975	11
-0.046195339529859	0.271315370791141	11
0.057072116403971	0.774744877303831	11
-0.124966740304498	0.718876021282224	11
0.104410048702391	0.409188667126525	11
0.011149237199115	0.457483904096216	11
0.058666563926571	0.350845916080234	11
0.066500324278047	0.490287318699902	11
-0.048292438113117	0.293257647460578	11
-0.123029252022305	0.746441997605351	36
0.11589859133484	0.578179301197155	36
0.00977956919499301	0.442801769825493	36
0.116986611070056	0.402584215255755	198
-0.02245338026907	0.548963200267416	72
0.08683329911631	0.170896697158849	133
0.080488026537788	0.169187072363845	133
0.086376878882243	0.16832657241939	72
-0.11950646899809	0.490552796563347	72
0.065992569196936	0.335587647467929	72
-0.014298908526574	0.558926691858511	72
-0.105060327780243	0.402472756021541	88
0.08683329911631	0.170896697158849	88
-0.058621054101125	0.278556193540223	88
-0.047523359661614	0.295014290825509	88
0.089798429935142	0.168097646736901	88
0.0862429326598661	0.167041246972049	88
0.086376878882243	0.16832657241939	14
0.085197509362389	0.168136000223553	14
0.086376878882243	0.16832657241939	14
0.087423458561088	0.167226093944783	14
0.085197509362389	0.168136000223553	14
0.07455483817538	0.164217032271281	14
0.115667860750309	1.81657570039071	196
0.05923736583633	0.348035566536793	31
0.041197134046666	0.964466632599257	212
-0.055744755319346	1.68311795319722	170
0.099014871151851	0.636136095931686	212
-0.039368232608369	0.729185260576153	212
-0.041385770673483	0.762087570287493	26
0.069138279246493	1.11313518409076	26
0.049290317664765	1.28666155278244	26
0.052674145684056	1.00074988886587	13
-0.019538860482611	1.33416582216921	13
0.08683329911631	0.170896697158849	13
0.091158058671197	0.843227053131668	13
0.067742121505342	1.00496765680282	13
-0.040998426753496	1.0798384144172	11
0.122550288502625	0.518924736509728	635
0.119250441337332	0.720904574151762	635
0.073203202377942	0.835036313360322	235
-0.117115130436609	0.478400051163589	235
-0.047523359661614	0.295014290825509	11
0.11000813665949	0.596869142045899	235
-0.025128296115467	0.543689878072517	11
-0.049061882270823	0.286540728227666	11
-0.046624533075872	0.286275403845535	222
-0.054018007715216	0.294249733288003	36
0.122437197866083	0.529586167506439	36
-0.045855200142307	0.284875383722602	36
-0.044229979096842	0.28561468782725	198
0.085787297408971	0.172057081317188	300
0.013731910026852	0.441567527337306	72
-0.047523359661614	0.295014290825509	88
-0.043329491313116	0.285059436298403	88
0.085787297408971	0.172057081317188	88
0.085787297408971	0.172057081317188	14
0.08683329911631	0.170896697158849	200
-0.04739423199285	0.284668676734627	14
-0.113220190052674	0.377528435564626	353
0.089798429935142	0.168097646736901	14
0.089798429935142	0.168097646736901	14
-0.048292438113117	0.293257647460578	53
0.0953127884892599	1.9274958306725	196
0.115964518946123	1.15846529240319	212
0.097170179514914	0.627206988671865	26
0.039295889041607	0.957772920715074	26
0.065593315979477	0.985528512486313	13
0.035447670722247	1.06801084042508	13
-0.00319152348981999	1.03723256837733	11
-0.047523359661614	0.295014290825509	59
0.078556334132426	0.160763474989861	11
0.053227892679767	0.353815474784483	11
0.080488026537788	0.169187072363845	222
0.00642533683913804	0.456863274161153	36
-0.0498316496342051	0.285003959324924	36
0.054126363308782	0.354756390165911	36
-0.104942952058868	0.399589936707647	36
0.08683329911631	0.170896697158849	72
-0.0541369387785941	0.288077643282142	72
-0.060487194456873	0.280764154710813	72
0.08683329911631	0.170896697158849	72
-0.046624533075872	0.286275403845535	72
0.085787297408971	0.172057081317188	88
0.085787297408971	0.172057081317188	14
0.0862429326598661	0.167041246972049	14
0.086376878882243	0.16832657241939	14
0.085787297408971	0.172057081317188	123
0.085787297408971	0.172057081317188	14
0.0862429326598661	0.167041246972049	353
0.087423458561088	0.167226093944783	53
-0.043169391627946	0.872471200841748	196
-0.00157403755144603	1.0235562312758	31
0.064440482317938	0.318534513408672	31
-0.109327814422353	1.72460375719674	170
0.02761121270746	0.722841599308744	26
0.067756827554216	0.558133435866986	13
0.0126991479152691	1.03865624812231	26
-0.123758783086329	1.19818772499659	13
-0.110364698405768	0.864787473630556	635
0.00889772545133405	0.920370581370708	11
-0.021910042241969	0.97762591606815	11
0.070490791250259	0.493641413356486	11
0.059804667045731	0.559738919862553	59
-0.0484226438188961	0.288663490857028	11
0.055866545006559	0.575872541103602	11
0.08683329911631	0.170896697158849	36
-0.054018007715216	0.294249733288003	36
-0.04739423199285	0.284668676734627	36
0.069150660333854	0.328555918091893	36
-0.116523247877246	0.38941945032049	133
0.086376878882243	0.16832657241939	72
-0.122927753854746	0.496910787037679	72
-0.122927753854746	0.496910787037679	88
0.085787297408971	0.172057081317188	30
0.0862429326598661	0.167041246972049	88
0.085197509362389	0.168136000223553	14
0.08683329911631	0.170896697158849	14
-0.049191102512402	0.287022737842076	14
0.08683329911631	0.170896697158849	14
0.079893110633019	0.169267896660306	53
0.081386834596044	1.43110829594727	31
0.096335387622391	0.585562816546942	212
0.045836952421012	0.651891502869237	212
0.109322771556502	0.716111930419931	235
-0.105805932391559	0.401078180427981	11
0.07455483817538	0.164217032271281	11
-0.045855200142307	0.284875383722602	11
-0.106122937352436	0.390288272934811	11
0.073775480845837	0.533897664094968	230
0.080933602903124	0.168170801532776	248
-0.103452944574757	0.399788417138826	36
-0.099411079137452	0.387364744476467	133
0.080933602903124	0.168170801532776	72
0.08683329911631	0.170896697158849	72
-0.105923933980035	0.39287441988395	88
-0.053242849964794	0.294303878876669	30
0.081529104054024	0.168089776840781	30
0.089798429935142	0.168097646736901	88
0.085787297408971	0.172057081317188	88
-0.047523359661614	0.295014290825509	88
0.085197509362389	0.168136000223553	88
0.086376878882243	0.16832657241939	14
0.085197509362389	0.168136000223553	14
0.113493104493403	2.09184728771357	196
0.05265004391326	0.350105237268848	31
-0.053385200913647	1.00155036303642	170
0.091385990154742	1.02817004125347	26
-0.031001776373159	0.689148584789192	13
-0.0279434802005421	1.28296747039134	26
0.0927442658914081	0.955905541842035	13
0.116986611070056	0.402584215255755	59
0.085787297408971	0.172057081317188	11
-0.043329491313116	0.285059436298403	11
-0.054793537122964	0.288585852088339	11
0.0637027196786431	0.325716395480008	11
0.051588687088822	0.823476603380535	11
-0.0313579627489951	0.7381971367757	230
-0.032596941310289	0.629849083203839	11
-0.046754646570268	0.293511983266787	222
-0.0499599262892601	0.280707313383975	222
-0.047654549863588	0.287240119533882	36
0.081529104054024	0.168089776840781	36
0.060135496863141	0.348932711497458	36
0.058337841056715	0.348542947247218	36
-0.048292438113117	0.293257647460578	133
0.086376878882243	0.16832657241939	72
0.085787297408971	0.172057081317188	72
0.085787297408971	0.172057081317188	72
-0.045855200142307	0.284875383722602	72
0.063622743068623	0.345653996338961	72
-0.021499117363498	0.544932825186057	88
0.00871721502797496	0.453450365706699	88
-0.045773170847948	0.277821529942339	30
0.086376878882243	0.16832657241939	30
-0.050609206593065	0.284969027461076	179
-0.045855200142307	0.284875383722602	88
0.086376878882243	0.16832657241939	88
0.079893110633019	0.169267896660306	88
-0.110905071354005	0.394018845038416	14
0.08683329911631	0.170896697158849	14
0.086376878882243	0.16832657241939	14
0.08683329911631	0.170896697158849	123
0.080933602903124	0.168170801532776	123
0.080933602903124	0.168170801532776	123
0.0862429326598661	0.167041246972049	123
0.0903907372881	0.164566515651367	123
-0.048292438113117	0.293257647460578	353
0.085787297408971	0.172057081317188	176
0.085787297408971	0.172057081317188	53
-0.0531250205902279	0.285695500061086	31
0.002164418022646	0.923281252438523	31
-0.100457982308961	1.25339638948062	212
-0.019825202077449	1.40070464721073	26
0.098235230653797	0.779429170709269	26
-0.014019893353713	1.52070973927431	26
-0.098751483743056	1.64106619333833	13
0.044087830873592	1.04852255613677	13
0.08683329911631	0.170896697158849	13
-0.00605920539949201	1.12574247168973	13
0.077585799750702	0.497346469615351	635
-0.099790954475959	1.20530697178134	11
0.044285955798354	0.330805305145961	59
-0.020247079817637	0.60498560033483	59
-0.026952045546962	0.729088069144474	11
0.10772308123684	0.604291124005961	230
0.087423458561088	0.167226093944783	93
0.085787297408971	0.172057081317188	222
-0.05970704963359	0.276985299432773	36
-0.124474249307071	0.821790191754914	36
-0.013601773557236	0.534639859795347	36
0.119840383692305	0.526308737565252	133
-0.0533627783738621	0.282587365255919	175
0.089798429935142	0.168097646736901	133
0.0862429326598661	0.167041246972049	72
0.08683329911631	0.170896697158849	88
0.085787297408971	0.172057081317188	14
0.0903907372881	0.164566515651367	14
0.085197509362389	0.168136000223553	88
0.085197509362389	0.168136000223553	14
0.079893110633019	0.169267896660306	14
0.085787297408971	0.172057081317188	123
0.087423458561088	0.167226093944783	123
0.0862429326598661	0.167041246972049	14
0.085197509362389	0.168136000223553	176
0.08683329911631	0.170896697158849	176
0.00791995460033301	0.825444768903637	212
0.107407301188531	1.55508317890827	170
0.077345303407205	0.712954317008498	170
0.116674747036332	0.723107019509577	170
0.082158589639035	0.72240308929508	212
-0.07740069978026	1.6026490830933	212
-0.052616886759593	0.930661863567106	26
0.086657704395436	1.4123863756205	13
0.017015351261201	1.24438134855001	26
-0.084400499649804	1.281472926227	13
-0.042506899452905	0.88257611422295	635
0.03295386502116	0.704305038924605	11
-0.046754646570268	0.293511983266787	11
0.08683329911631	0.170896697158849	11
0.0862429326598661	0.167041246972049	11
0.00183498999264997	0.881119113576923	11
0.114511006537483	0.421484908879288	11
-0.046754646570268	0.293511983266787	93
0.086376878882243	0.16832657241939	36
0.069315847981418	0.324665236802745	36
0.108270946393054	0.403189856936504	133
0.079893110633019	0.169267896660306	175
-0.109301482020945	0.400382492872914	72
0.075737840218833	0.51074561164911	300
-0.054018007715216	0.294249733288003	30
0.085787297408971	0.172057081317188	88
0.085197509362389	0.168136000223553	88
-0.0425578242822791	0.283664835390322	14
0.0862429326598661	0.167041246972049	14
0.085787297408971	0.172057081317188	417
0.085787297408971	0.172057081317188	14
0.085787297408971	0.172057081317188	14
0.086376878882243	0.16832657241939	176
0.095507987018171	1.80298453126371	31
-0.042281315923964	0.70749749737305	31
-0.029347074869076	0.53298010849932	170
-0.00528115928519102	1.16964318287562	212
-0.101578412155319	1.10898171369949	13
-0.075450910615508	1.3778789338521	26
0.073971856157364	1.13379146524851	13
-0.0462447296722111	1.1413453867142	11
0.003702504975996	0.446482595682244	59
-0.104197754117244	0.400971085265102	59
0.02991477379576	0.731331662958533	11
-0.047035231249984	0.995942757559789	230
0.05669954809236	0.346141756755875	230
-0.044101526573721	0.283460810017008	36
-0.045742501109615	0.730308745302157	36
-0.012283626950922	0.528142830687202	99
-0.0484226438188961	0.288663490857028	310
0.079893110633019	0.169267896660306	133
0.085787297408971	0.172057081317188	72
-0.046754646570268	0.293511983266787	72
-0.044229979096842	0.28561468782725	80
-0.109934711839812	0.402025957303598	30
-0.043329491313116	0.285059436298403	30
-0.053242849964794	0.294303878876669	14
-0.048292438113117	0.293257647460578	14
0.085787297408971	0.172057081317188	14
0.086376878882243	0.16832657241939	14
0.00408441204586696	1.44872934413847	31
0.04885930507613	0.951547975035484	31
0.053834216009904	0.813428266082483	170
-0.099441860212109	1.35158594540428	212
-0.00367137184157995	1.14412929920106	212
0.086090493996799	1.01286042648596	26
-0.095840786939087	1.15161347968842	26
0.103893751458722	1.2690550007775	26
-0.052017050830345	1.24992858215507	13
0.034020372235873	0.696613276330981	13
0.012529973469826	0.452778709954672	11
-0.020704954088668	0.547403755478809	230
0.010691261612025	0.445504349848693	11
0.08683329911631	0.170896697158849	36
0.039267498132994	0.624229555606763	36
0.08683329911631	0.170896697158849	175
0.086376878882243	0.16832657241939	133
-0.047523359661614	0.295014290825509	80
-0.103570284443832	0.39717115846829	72
0.010540040739234	0.444744494601914	72
0.081529104054024	0.168089776840781	30
0.08683329911631	0.170896697158849	30
0.054864000409373	0.353626971167267	30
-0.104315111921589	0.401282435989275	14
-0.0541369387785941	0.288077643282142	14
0.081529104054024	0.168089776840781	14
0.085787297408971	0.172057081317188	123
0.086376878882243	0.16832657241939	123
0.085787297408971	0.172057081317188	53
0.059919262219065	1.11662753067735	212
0.096361782554464	0.790643870690029	26
0.025913403908742	0.631019357336746	26
0.047471684299213	0.645539677869022	26
0.01739702351677	0.436393116854381	26
0.059522228999086	0.978731003865498	13
0.0577686756801991	0.349935498232864	11
-0.097925488378782	0.38247857723712	11
0.019380219590468	0.421849645553298	59
-0.110046745728292	0.403589764487181	11
-0.054018007715216	0.294249733288003	11
0.0914235954418871	0.643571215855118	230
0.011149237199115	0.457483904096216	230
0.05850319330876	0.349928620978064	11
0.060135496863141	0.348932711497458	36
0.060463774358359	0.337871769148019	36
0.08683329911631	0.170896697158849	99
-0.106669944765314	0.391585439651193	99
0.108631912113147	0.401565506818733	99
0.085787297408971	0.172057081317188	133
0.080488026537788	0.169187072363845	175
0.080488026537788	0.169187072363845	133
-0.109934711839812	0.402025957303598	72
0.0169444737871129	0.447847120331633	300
0.080933602903124	0.168170801532776	30
0.064193382453976	0.344850261588657	30
0.049422254025793	0.340893958766948	30
-0.053901178030179	0.280470847983215	30
0.087423458561088	0.167226093944783	88
0.086376878882243	0.16832657241939	88
0.086376878882243	0.16832657241939	14
0.087423458561088	0.167226093944783	14
-0.059401866759963	0.275119733087186	14
0.08449579791781	0.165424444020366	27
0.0903907372881	0.164566515651367	14
0.085197509362389	0.168136000223553	53
0.057762794824459	1.39390006046139	31
-0.047523359661614	0.295014290825509	31
-0.04413755036623	0.762958693683937	212
0.051844541207007	0.8652020970027	26
0.101706935554786	0.805695407530225	13
0.027346728859847	0.980550631151812	13
0.027814295753156	0.705537961313274	13
-0.11950646899809	0.490552796563347	59
0.049222954205059	0.326467732847231	11
0.063178672712775	0.567889319803888	120
0.113753092898952	0.405162755660412	406
-0.122021007116914	0.492038131551969	93
0.087423458561088	0.167226093944783	294
-0.105060327780243	0.402472756021541	36
0.081529104054024	0.168089776840781	36
-0.110792398387076	0.403513693056219	36
-0.018759307002388	0.57989611616513	36
-0.054018007715216	0.294249733288003	36
-0.048114652045396	0.279069598820766	99
-0.048292438113117	0.293257647460578	214
-0.105805932391559	0.401078180427981	72
0.080488026537788	0.169187072363845	30
0.085787297408971	0.172057081317188	30
-0.102708523060132	0.395708434495422	30
-0.103570284443832	0.39717115846829	30
-0.047523359661614	0.295014290825509	30
0.089798429935142	0.168097646736901	14
0.086376878882243	0.16832657241939	14
0.080933602903124	0.168170801532776	14
-0.053242849964794	0.294303878876669	123
0.089798429935142	0.168097646736901	14
0.085787297408971	0.172057081317188	563
0.118444859781537	1.55071158579164	31
0.10804889025228	0.877379953574853	212
-0.098945305083318	1.26304595966569	212
0.093821667574006	1.1830404561329	212
-0.0130913562088451	1.39800297840617	212
0.078380084055823	0.653421124985244	26
0.059814530794663	0.348496031983019	59
0.085787297408971	0.172057081317188	120
-0.109301482020945	0.400382492872914	406
-0.024574810751551	0.627590009082161	11
-0.036392532655505	0.847779933835659	230
0.110199053644133	0.587959246942551	230
0.097085478520583	0.651803785892855	230
0.110615720897845	0.417178990833032	230
0.053635227240066	0.575113046272807	36
-0.015315024714514	0.536457962574531	99
-0.123833846313092	0.495382448781421	99
-0.027154798712142	0.599689574972293	48
0.087423458561088	0.167226093944783	48
0.085787297408971	0.172057081317188	80
0.051013256673354	0.341030385735746	72
0.063126508926067	0.334025948236189	72
-0.124739284973269	0.483311709986193	72
-0.11337754607794	0.380475458578212	72
0.059814530794663	0.348496031983019	30
0.057605661519605	0.34200943351785	30
0.085787297408971	0.172057081317188	88
0.085787297408971	0.172057081317188	14
-0.04889194014585	0.284438306185666	14
0.07455483817538	0.164217032271281	14
-0.046624533075872	0.286275403845535	14
0.080488026537788	0.169187072363845	123
0.0862429326598661	0.167041246972049	123
0.085787297408971	0.172057081317188	123
0.087423458561088	0.167226093944783	123
0.085787297408971	0.172057081317188	53
0.0862429326598661	0.167041246972049	53
-0.00782216341203201	1.08680962171093	31
0.09558107261923	1.44829394398684	31
-0.036885671460549	0.80941035277553	212
-0.027020135282089	0.642381025501432	212
0.00584146696513899	1.30862311062897	212
0.1123877379327	1.13636920046131	212
0.110445503778591	1.14452652944345	26
0.047312700826751	0.574225849093823	26
0.116586086575078	1.1473112781079	13
-0.048437295798069	1.08130803285197	13
-0.050355796322933	1.17545242526156	11
-0.045855200142307	0.284875383722602	11
-0.10408100853951	0.388033410294784	11
0.055866545006559	0.575872541103602	11
-0.053242849964794	0.294303878876669	120
-0.114771955130127	0.469511194672896	11
0.042802694029743	0.689433326139695	230
-0.0123948976675849	0.54936627161842	230
0.053965407910314	0.352694427414485	93
-0.047523359661614	0.295014290825509	294
0.085787297408971	0.172057081317188	272
0.085787297408971	0.172057081317188	36
-0.104823658020591	0.834767631009441	36
0.00461830871346503	0.4449883154075	99
-0.109934711839812	0.402025957303598	48
-0.047523359661614	0.295014290825509	48
0.085787297408971	0.172057081317188	48
0.08683329911631	0.170896697158849	72
-0.047523359661614	0.295014290825509	110
0.085787297408971	0.172057081317188	30
0.085787297408971	0.172057081317188	123
-0.104315111921589	0.401282435989275	123
0.086376878882243	0.16832657241939	123
0.085787297408971	0.172057081317188	53
0.085787297408971	0.172057081317188	53
0.086376878882243	0.16832657241939	53
0.109366285876267	0.726405532276346	31
0.100261742718407	0.944512445552879	212
-0.096524971605105	1.27527552713511	212
0.092404109572184	0.643839823668866	26
-0.057896504575915	1.72822198487292	26
0.023133166242347	1.41577874503795	26
0.046632885392884	0.844227509149029	11
-0.101043273939917	1.14936097715074	11
-0.030457153939092	0.699204964844718	11
0.00901808254231695	0.45048916179326	11
0.057750535732964	0.581695382856695	230
0.01206325223823	0.453270661277657	230
0.1053457936821	0.409182079251882	11
-0.047523359661614	0.295014290825509	11
0.0577686756801991	0.349935498232864	36
-0.104315111921589	0.401282435989275	272
-0.105985570893051	0.985700428052657	36
-0.033782261317604	0.706290031348688	36
-0.122916533108602	0.763032813321771	99
0.00216695680026302	0.448958759371005	48
0.08683329911631	0.170896697158849	72
-0.046754646570268	0.293511983266787	72
-0.048292438113117	0.293257647460578	72
0.0903907372881	0.164566515651367	66
0.085787297408971	0.172057081317188	215
0.081529104054024	0.168089776840781	14
0.079893110633019	0.169267896660306	14
0.086376878882243	0.16832657241939	123
0.087423458561088	0.167226093944783	123
-0.055686371948022	0.282712432670457	53
0.086380739674728	0.960601998811106	212
0.064165905461843	1.2179972103446	212
0.068597531960129	0.885579273584507	26
0.021296891230867	0.773139938686426	120
0.01206325223823	0.453270661277657	230
0.025702021354612	0.694844544298954	230
0.111549660891716	0.417178085475134	11
0.04376594098037	0.644797548229277	11
-0.0383886156090401	0.748885726677348	11
-0.045855200142307	0.284875383722602	93
-0.043329491313116	0.285059436298403	294
-0.047523359661614	0.295014290825509	36
0.00474762880851298	0.450436903492424	48
0.085197509362389	0.168136000223553	133
-0.108333248086911	0.390463047541965	72
0.0903907372881	0.164566515651367	72
0.085787297408971	0.172057081317188	80
-0.046624533075872	0.286275403845535	72
-0.056096133480217	0.27783388342401	66
0.08683329911631	0.170896697158849	30
0.08683329911631	0.170896697158849	215
0.08683329911631	0.170896697158849	88
0.086376878882243	0.16832657241939	14
0.08683329911631	0.170896697158849	14
0.087423458561088	0.167226093944783	123
0.087423458561088	0.167226093944783	53
-0.111538440370534	0.400200425068191	31
0.025122067623756	0.381358742149287	31
0.089104225056117	0.815458074432423	212
-0.035090134702442	1.3962933907344	26
0.122351491466013	0.662036860215346	26
0.060081956836727	0.82846574557803	13
0.062616681450551	1.08078461236582	13
0.060135496863141	0.348932711497458	294
0.056859754714828	0.337041671874952	36
-0.105060327780243	0.402472756021541	36
0.063294501073718	0.338323064568738	36
-0.046754646570268	0.293511983266787	36
0.05669954809236	0.346141756755875	133
-0.111426363391847	0.38975793143085	133
0.0862429326598661	0.167041246972049	133
-0.059401866759963	0.275119733087186	72
-0.0484226438188961	0.288663490857028	72
0.080488026537788	0.169187072363845	72
0.059076360345697	0.349602890943051	72
0.0599711935687109	0.343903567353365	66
-0.0541369387785941	0.288077643282142	30
-0.046886820301425	0.280814873586778	88
-0.052349235443775	0.28573150884445	88
-0.101964489202665	0.386004208778443	215
0.085197509362389	0.168136000223553	14
0.080933602903124	0.168170801532776	14
0.086376878882243	0.16832657241939	14
-0.0484226438188961	0.288663490857028	14
0.0862429326598661	0.167041246972049	123
-0.046624533075872	0.286275403845535	123
-0.049191102512402	0.287022737842076	123
0.018899071197602	0.793714221906422	212
0.034672223329126	0.701762096608466	212
0.120873900118832	1.48271101765947	212
-0.046725639198982	1.44265540795406	212
-0.042153010843184	0.69675725747164	212
0.072515967328762	0.724340860609133	26
0.087539406013824	0.480336388912193	13
0.00201982592870598	0.446241140243086	11
-0.121991947616583	1.43382099905942	11
0.086761880609444	0.65268121646187	11
0.089709064742231	0.876844789566463	11
0.099311259362912	0.786334791326253	11
0.051195785950496	0.565855766775005	230
-0.09991269776467	0.98317772478893	230
0.074238020306526	0.933724111217858	230
-0.102322040158481	1.06042296362955	11
-0.121280751434147	0.488477313904209	36
-0.047654549863588	0.287240119533882	36
0.119790547440337	0.403999811761462	36
-0.048292438113117	0.293257647460578	36
-0.019966362268939	0.537196993086819	158
-0.103452944574757	0.399788417138826	80
-0.044229979096842	0.28561468782725	80
0.0862429326598661	0.167041246972049	72
0.089798429935142	0.168097646736901	72
0.054900755066483	0.576402989718655	30
0.085787297408971	0.172057081317188	88
0.085197509362389	0.168136000223553	88
0.086376878882243	0.16832657241939	14
-0.05246806351705	0.288485668070392	14
0.00919055887853204	0.441590438749218	14
0.059401203002597	0.350841394669898	14
0.087423458561088	0.167226093944783	14
0.116385186067895	0.402970685854776	31
0.075328167210065	0.50327581771842	212
-0.011022297125189	1.97466723600237	212
0.103158375505824	1.78740004356631	26
0.015852162170103	0.899812838408064	26
0.0904740820314059	0.664682145220067	11
0.11203669957161	0.412932657616986	11
-0.030103187493134	0.72006953313682	11
0.00123003445380898	0.904755923571603	11
-0.099389898409737	1.1517514543426	120
0.041408411943174	0.870373803152	11
-0.00613171389625999	0.52246948323123	230
-0.033176446563254	0.635328258378378	230
0.117652825891999	0.406415962877058	230
0.048555472642245	0.611119358678191	230
-0.029599032986772	0.693109513219671	230
0.011451961178478	0.447490024892578	36
-0.026278908583795	0.638783877694793	36
-0.111864110912358	0.892117132418477	36
-0.098668090567121	0.386256445968112	36
0.050321442633106	0.341707066371338	36
-0.110175450254143	0.370177533852888	72
0.0862429326598661	0.167041246972049	72
-0.047523359661614	0.295014290825509	72
0.087423458561088	0.167226093944783	30
0.08683329911631	0.170896697158849	30
-0.101964489202665	0.386004208778443	30
0.085787297408971	0.172057081317188	88
0.085787297408971	0.172057081317188	14
-0.120137819719012	0.469610782029652	123
0.04509782170416	1.16183559606549	212
0.047739800011359	1.5485490462772	212
0.124322910529549	0.902750328537076	212
0.114935681170744	1.24773131785727	212
0.093998623006145	1.01141951388001	212
-0.00933786440587603	1.24677482794635	26
0.084900225374303	0.997129429830826	26
0.094736671372864	0.952811994558887	26
-0.011907163859706	0.945775269693006	26
-0.0451155772659531	1.39748934036748	13
-0.0516221873185611	1.00664891198064	13
0.00340095858201195	0.434078743420485	11
-0.109189469700836	0.402099384401498	11
-0.039477040637922	0.628883586849312	230
0.075965066476987	0.478863590643673	230
0.110471272608647	0.580728357230188	230
0.12307944972662	0.395137185679777	230
0.0862429326598661	0.167041246972049	36
0.0618488470747131	0.575857580162149	36
0.056662616570917	0.340529882927162	36
-0.101016039611849	0.394480393592185	36
-0.045001390996917	0.284010053207826	36
-0.054793537122964	0.288585852088339	158
0.085787297408971	0.172057081317188	72
-0.110046745728292	0.403589764487181	110
0.085787297408971	0.172057081317188	110
-0.047523359661614	0.295014290825509	30
0.0903907372881	0.164566515651367	30
-0.10408100853951	0.388033410294784	30
0.08683329911631	0.170896697158849	88
0.087423458561088	0.167226093944783	27
0.0903907372881	0.164566515651367	123
-0.053242849964794	0.294303878876669	53
0.097046081252956	1.23047349736836	212
0.016445618423965	1.50850707732552	212
0.0901139230021401	1.47455583938273	212
-0.05076166042233	1.45424691513498	212
0.00146419820541099	1.19897293907783	212
-0.043309092893103	1.46365178929958	212
-0.05705788472644	1.18310244192816	26
-0.0726361067288021	1.31305471508312	26
-0.053585900319421	1.33253134697259	13
0.067794959514585	0.496379806280753	13
-0.00182850205616003	0.939141366682781	13
0.12464103590251	0.951080773391048	13
0.121557073362029	0.924705348022077	11
0.109700684558452	0.392157009933958	11
0.058829823888169	0.345684923166776	120
-0.047654549863588	0.287240119533882	120
0.00881624152170602	0.930438007293063	230
-0.030290127554249	0.687269099918628	11
-0.030290127554249	0.687269099918628	230
0.110950423049816	0.562720221423601	230
-0.0484226438188961	0.288663490857028	11
0.026408721933841	0.762837471239376	36
-0.105923933980035	0.39287441988395	36
-0.110046745728292	0.403589764487181	36
0.079893110633019	0.169267896660306	72
-0.047523359661614	0.295014290825509	80
-0.111538440370534	0.400200425068191	72
0.062559919403031	0.340111018447979	110
-0.04739423199285	0.284668676734627	110
-0.10526604707979	0.39696095146586	110
-0.058773279590366	0.282452578066419	66
-0.052349235443775	0.28573150884445	30
0.080933602903124	0.168170801532776	88
0.08683329911631	0.170896697158849	88
0.08683329911631	0.170896697158849	14
0.087423458561088	0.167226093944783	14
0.086376878882243	0.16832657241939	14
0.0862429326598661	0.167041246972049	27
0.085787297408971	0.172057081317188	27
0.085787297408971	0.172057081317188	123
0.085787297408971	0.172057081317188	53
0.059401203002597	0.350841394669898	53
0.085787297408971	0.172057081317188	123
0.085787297408971	0.172057081317188	123
0.087423458561088	0.167226093944783	53
0.089798429935142	0.168097646736901	53
0.106404982886087	1.07004063261155	31
0.057274427835644	1.07525812029743	212
0.016743429012844	1.56407011562291	212
-0.019260400236022	1.35141648144857	212
-0.034335519047911	1.89979405699015	26
0.106630394298167	0.727256023310266	26
0.037221543045995	1.02225763200877	13
0.095367216843309	0.653143412482386	13
0.089098260146836	0.693813285735176	11
0.031908599925603	0.637810122820972	230
-0.117908084372114	0.453024810907416	230
-0.112284872051274	0.391144163893194	11
-0.119671752833252	0.49333249059756	11
-0.110905071354005	0.394018845038416	36
-0.020242159483264	1.00336051350626	36
0.066727170132317	0.33175497406818	36
-0.053242849964794	0.294303878876669	36
0.051983275490358	0.334506333962117	36
-0.045086232845343	0.278564959869584	158
-0.111538440370534	0.400200425068191	72
0.05850319330876	0.349928620978064	72
-0.0541369387785941	0.288077643282142	72
-0.10259181503417	0.388181198585998	30
-0.050609206593065	0.284969027461076	30
0.087423458561088	0.167226093944783	88
-0.048292438113117	0.293257647460578	88
0.08683329911631	0.170896697158849	9
-0.050609206593065	0.284969027461076	123
0.085197509362389	0.168136000223553	123
0.089798429935142	0.168097646736901	53
0.085197509362389	0.168136000223553	123
0.085787297408971	0.172057081317188	123
-0.103570284443832	0.39717115846829	31
0.114497365315273	0.868922692901768	212
0.018612055640755	1.355858347348	212
0.08089341085336	1.08110926523796	212
-0.061609315500802	1.87127882469926	212
0.0105943081600079	0.979095854309668	43
0.029922016505009	1.1658379964349	230
-0.039133567711087	0.876978552582047	230
0.092268365254123	0.677573485423061	230
0.024768597449218	0.875579940821419	11
-0.100270433187763	0.68796551522698	36
-0.10517831230077	0.391745582569973	36
-0.123833846313092	0.495382448781421	34
-0.045773170847948	0.277821529942339	80
-0.046754646570268	0.293511983266787	66
0.115444770123391	0.419956930304205	30
-0.102708523060132	0.395708434495422	30
0.0862429326598661	0.167041246972049	226
0.087423458561088	0.167226093944783	14
-0.104197754117244	0.400971085265102	27
0.085197509362389	0.168136000223553	123
-0.105805932391559	0.401078180427981	123
0.089798429935142	0.168097646736901	123
0.085787297408971	0.172057081317188	53
-0.05793528435385	1.96860776120385	31
-0.028365571096254	0.686997820237487	31
0.075555460583797	0.939189392499632	212
0.091984129480371	1.75175908264436	212
0.062631255902002	1.30673617028573	212
0.103135792350135	1.38007544585937	212
0.075495167189038	1.19266087967829	212
-0.057559530136697	1.39824207712727	212
0.0355652325356141	0.994535346312966	212
0.052069168944183	1.08217871947766	212
-0.043463722138667	1.15034728629232	26
0.0908420782528579	1.00055718371933	26
-0.041916441715334	1.15312523544477	13
-0.047786927954792	0.965796511258042	13
0.014719871557887	1.28202194177579	11
-0.056899345278762	1.10001147533461	397
0.093403666981957	0.908792188342198	397
-0.123094100338616	0.491775567953273	43
0.11611585836061	0.395368780920822	43
0.122147981707957	0.394297353736025	120
-0.095404593395514	1.05799042192142	230
-0.120476943849179	0.845351880427012	230
-0.109227310398071	0.955500391192046	230
0.00696338497263105	0.891452373307916	11
-0.118930520361694	0.492264183920144	11
-0.102708523060132	0.395708434495422	36
-0.122033868858104	0.943573501525911	36
-0.016594285623489	0.554580209720283	36
-0.113220190052674	0.377528435564626	36
-0.055928990189836	0.965478655474252	36
-0.039574748042604	0.788238686407939	11
0.00810362668395004	0.456459655905019	36
0.108910460642633	0.414106922783999	36
-0.102825844975754	0.387391324505535	36
0.08683329911631	0.170896697158849	118
-0.123094100338616	0.491775567953273	34
-0.103452944574757	0.399788417138826	116
0.054126363308782	0.354756390165911	72
0.085197509362389	0.168136000223553	72
0.079893110633019	0.169267896660306	72
0.03081635412198	0.716764496699176	72
0.087423458561088	0.167226093944783	30
-0.049191102512402	0.287022737842076	88
0.085197509362389	0.168136000223553	88
0.08683329911631	0.170896697158849	88
0.0862429326598661	0.167041246972049	226
0.085787297408971	0.172057081317188	14
0.085787297408971	0.172057081317188	27
0.086376878882243	0.16832657241939	27
-0.101134480279266	0.389128837006033	123
0.111265703059703	0.406313185111646	123
0.085787297408971	0.172057081317188	53
-0.044229979096842	0.28561468782725	123
0.089798429935142	0.168097646736901	702
0.111609215101373	1.02441982098199	31
0.044167649858914	2.01258407845746	212
0.015775174223064	1.09985219544004	212
0.124143820361209	0.784594138270618	26
-0.097139532200319	1.09109543683513	26
0.115925583331373	0.748240081003641	26
-0.044758653894297	1.17487206852727	26
-0.047738012236811	1.00539733689614	26
0.0674587936261361	0.944378585969314	13
0.030187093288324	0.737526402113522	13
-0.120885189799029	1.37440275307075	11
0.124618597065355	0.916489614986391	397
0.069344179617758	0.495678504326596	43
-0.108973250053114	0.776713992867859	11
0.032112650051193	0.677128499007557	11
-0.111538440370534	0.400200425068191	230
0.081157877201815	0.498470613809566	230
0.087726119428001	0.697134436200391	230
-0.03130864889227	0.725365647294171	11
-0.017271313872724	0.548093340098414	36
0.071895770900186	0.728450476736691	36
0.044201805723493	0.652189530232105	11
-0.028281650868267	0.632805885735893	36
-0.105060327780243	0.402472756021541	36
0.117816462992954	0.400645351773258	36
-0.053242849964794	0.294303878876669	36
0.087423458561088	0.167226093944783	158
-0.104197754117244	0.400971085265102	72
0.085787297408971	0.172057081317188	552
0.089798429935142	0.168097646736901	80
0.085787297408971	0.172057081317188	116
-0.104197754117244	0.400971085265102	88
0.085197509362389	0.168136000223553	88
0.0892059140188261	0.164395035335492	226
-0.0459862984931581	0.286698052875647	14
0.08683329911631	0.170896697158849	14
0.085197509362389	0.168136000223553	14
0.086376878882243	0.16832657241939	14
0.087423458561088	0.167226093944783	396
0.085197509362389	0.168136000223553	396
0.106770257489202	0.898385477749127	212
0.09753282790218	1.04874040580474	212
0.089447403008883	0.862749124784911	212
-0.05468747261013	1.29421106425569	212
-0.045966222523377	1.41886391969931	26
0.041996760853484	1.36445380789944	26
0.095388360330684	0.778859515644666	26
-0.098259424476126	1.25837809935833	26
0.087726119428001	0.697134436200391	13
0.117995509012839	0.715122482742338	13
0.078927215443037	1.02372994801241	11
-0.120325907298414	0.886928422460599	11
0.00187236143738101	0.433351039336908	43
0.095940308918641	0.65708509748437	11
-0.034023875226184	0.699682353489868	230
-0.043711640948192	0.87884277176597	230
-0.097527742956286	1.08223212642794	11
0.010235702161345	0.456204259574027	11
-0.034261348688377	0.789379620684934	36
0.012898086943837	0.819271336094174	36
-0.105614105771616	1.06501446168702	36
0.095218605128415	0.805018965352189	36
-0.118764638982288	0.491848880359048	36
0.077585799750702	0.497346469615351	36
0.109683047550032	0.415145795288766	316
-0.0459862984931581	0.286698052875647	158
-0.04739423199285	0.284668676734627	34
0.0892059140188261	0.164395035335492	116
0.0169444737871129	0.447847120331633	110
-0.05246806351705	0.288485668070392	110
0.085787297408971	0.172057081317188	9
0.081529104054024	0.168089776840781	14
0.0892059140188261	0.164395035335492	231
0.085787297408971	0.172057081317188	702
-0.019882951382583	1.66323723819398	31
0.064144768939028	0.811227403674796	212
-0.057767062401897	1.48508666772759	2
0.047774136752946	0.886841500309248	212
0.053463161851129	0.892464036229097	212
0.089818905586684	0.948257677069327	212
-0.102340855047939	1.75038250885939	212
0.094615053957712	0.827081171548221	212
0.071123117309648	1.11416017137024	26
0.05030673809133	1.42584315504797	26
-0.042049080150654	1.54141998916436	26
-0.112213757433742	0.95169519515089	26
-0.050400202017086	0.840154405843902	26
0.030090473338698	0.69674659322269	26
-0.0533740654845371	0.881837069610071	26
0.105698399250641	0.711639981572169	26
0.121027079931048	0.55077992106833	13
-0.123408963542965	0.851267826131888	13
0.0730983190553181	0.892009970672592	13
0.073794169067304	0.519990088285995	13
0.022019059943541	1.0014584019191	397
0.058666563926571	0.350845916080234	43
-0.054018007715216	0.294249733288003	43
0.058829823888169	0.345684923166776	11
0.049543864641997	0.90124660239002	644
0.110943797534456	0.412250406151585	11
-0.110046745728292	0.403589764487181	11
-0.0333921542931031	0.709397777024344	36
-0.106669944765314	0.391585439651193	36
0.089798429935142	0.168097646736901	36
-0.115315720560934	0.829941045017776	36
-0.033170557031979	0.765724360751572	11
-0.106434514626582	0.385814389683188	316
-0.060487194456873	0.280764154710813	34
0.081529104054024	0.168089776840781	118
0.085197509362389	0.168136000223553	34
0.085787297408971	0.172057081317188	116
0.064603324689215	0.329813669515417	72
0.080488026537788	0.169187072363845	72
-0.0115138131527041	0.5080106223652	110
0.085197509362389	0.168136000223553	66
0.0862429326598661	0.167041246972049	66
0.089798429935142	0.168097646736901	88
0.0862429326598661	0.167041246972049	88
0.085197509362389	0.168136000223553	14
0.080933602903124	0.168170801532776	14
0.086376878882243	0.16832657241939	27
0.08449579791781	0.165424444020366	231
-0.119671752833252	0.49333249059756	231
-0.045855200142307	0.284875383722602	231
0.085197509362389	0.168136000223553	53
0.106125932474515	1.49397434589953	212
0.036192050122611	0.70977452313827	212
0.118009138054235	0.577101793311571	212
-0.044927483285423	0.817026049124439	2
-0.122063598975876	0.736569350438896	212
-0.109017066633504	0.861756039410886	212
0.118589325166848	0.684011388913004	212
-0.089876713156149	1.62540266346023	212
0.01471236066009	0.834570930770486	212
-0.114173497300809	0.805006018947552	212
-0.123986770902142	0.827345070057878	26
0.043570670223497	0.648553794126275	26
0.054826305354752	0.579074440618883	13
0.11000813665949	0.596869142045899	13
-0.00878670857060604	0.92419769996709	13
0.111348625317499	0.59713821772291	397
-0.105060327780243	0.402472756021541	397
-0.118327838864828	0.816316334419642	43
0.124525722812203	0.662337614290773	43
0.00474762880851298	0.450436903492424	11
0.049427776140856	0.630934907774253	11
0.038668129458088	0.687011289927014	11
-0.044972136182699	0.832481084689431	36
-0.014298908526574	0.558926691858511	36
0.096295080681882	0.824646718110981	36
0.05850319330876	0.349928620978064	36
0.120887510181731	0.407414534004699	11
0.113588759601081	0.402654171091266	36
-0.11460659307285	0.460138261754884	36
0.086376878882243	0.16832657241939	36
-0.101760211423133	0.390391727188913	34
-0.047523359661614	0.295014290825509	34
-0.0346102656613519	0.711182474583796	72
-0.048292438113117	0.293257647460578	66
-0.054911469852063	0.28803751190422	30
-0.047654549863588	0.287240119533882	30
0.0862429326598661	0.167041246972049	14
0.08683329911631	0.170896697158849	363
0.085197509362389	0.168136000223553	27
-0.0531250205902279	0.285695500061086	27
0.060299690709468	0.347507718210125	231
0.081529104054024	0.168089776840781	231
-0.045855200142307	0.284875383722602	231
-0.122021007116914	0.492038131551969	231
0.085197509362389	0.168136000223553	396
0.037083791497323	0.690286178425732	31
-0.057379457892674	1.14497761217476	212
0.037259249125961	0.637325870359331	212
0.091714474095081	0.468044192469324	212
0.093353322986473	0.625764463400969	212
0.080148889941987	0.487700983800465	212
0.107513482666194	0.986434457005736	212
0.096296185177518	0.964418920891482	212
0.078644955588552	0.487629511114039	212
0.10891230276891	0.41367698931358	26
-0.117945761494522	0.35760222793479	26
0.059401203002597	0.350841394669898	13
0.030599581045257	0.925965231478405	13
0.056871265269587	0.342031865820043	13
-0.047523359661614	0.295014290825509	13
-0.024134122892439	1.5854676194979	43
0.031606392895057	1.40859279943216	43
0.012844151139768	0.878113299819062	43
-0.109934711839812	0.402025957303598	644
-0.123685766723962	0.463370284599594	11
-0.00860646049817204	0.513075484920386	36
0.0893497504423521	0.699194456090829	36
0.115452716002917	0.405892400322703	36
0.085787297408971	0.172057081317188	36
0.085787297408971	0.172057081317188	36
-0.027164519513008	0.680128379231195	36
-0.047523359661614	0.295014290825509	36
-0.055577982708115	0.814415780744467	158
0.00611535365959803	0.44708322956232	34
-0.029687388445343	0.627674254121442	34
0.080933602903124	0.168170801532776	34
0.028505691948435	0.636441926550268	72
0.11045154483768	0.411778643791916	246
0.080488026537788	0.169187072363845	350
0.085787297408971	0.172057081317188	350
0.120327408311122	0.526331378113804	123
0.086376878882243	0.16832657241939	53
0.085787297408971	0.172057081317188	53
0.063658814357368	0.558971001845324	31
-0.046672518851255	0.881637396718795	31
0.080159300323184	0.687914391715944	31
0.08683329911631	0.170896697158849	31
0.110615720897845	0.417178990833032	212
-0.10517831230077	0.391745582569973	212
0.065914217235709	0.752662246059405	212
-0.113863612008809	0.461199255165469	212
-0.0267809109459199	0.619336523658917	26
-0.121280751434147	0.488477313904209	26
-0.011818894463303	0.546827111385351	26
0.051491965775985	0.838813731537143	43
-0.0528953190967431	1.1089391306392	36
-0.116445352966708	0.870820847715909	36
0.117133192655133	0.820665694161417	36
-0.119528214617266	0.842260820775879	11
0.070092614672977	1.21211234526766	36
0.103118275178761	1.15685699805662	36
0.106743564460026	0.715304800690564	36
0.026194899072174	0.762273431130976	36
-0.115907418805369	0.380859172777307	36
0.075590344757824	0.163215128746814	36
0.023936724783595	0.769393213952527	133
0.108118570664868	0.768619514842917	158
0.058659709049249	0.998010406667983	72
-0.047523359661614	0.295014290825509	30
0.08683329911631	0.170896697158849	88
0.085787297408971	0.172057081317188	88
0.08683329911631	0.170896697158849	350
0.085787297408971	0.172057081317188	9
-0.044229979096842	0.28561468782725	14
-0.038422802246269	0.769404015886881	31
-0.055681959230158	1.79916308200241	212
-0.012958124071299	0.535260696428132	212
-0.0507366757410031	0.77136170109912	212
0.122669102048581	0.662198638480334	212
-0.051725106648796	0.922698814109894	212
0.108573763610517	1.57912793167356	13
0.050189104908734	0.938608089804036	26
0.026625540418085	0.701109090575036	26
0.110615720897845	0.417178990833032	26
-0.032952921170865	0.621562534003588	26
-0.028867793616519	0.676798421705616	26
0.119023766325103	0.406518029058901	26
0.043511163577917	0.649830780469296	13
-0.033622296688939	0.637797402932482	13
-0.034594794743151	0.685069191872699	397
0.05850319330876	0.349928620978064	11
0.00551208380229395	0.453966788385132	11
0.00202432187254598	1.0561187344196	43
0.093754442172259	0.948811155201325	43
-0.110792398387076	0.403513693056219	644
-0.102373234398553	0.318739571501351	644
0.043918431876167	0.570146875768683	11
0.082273956752268	0.705591633731532	102
0.057639602959722	0.555738988219492	36
-0.040426681617142	0.74458840426823	36
0.020308593350195	0.778365136311397	36
0.00174780817486997	0.893919008748185	36
-0.054018007715216	0.294249733288003	36
0.114511006537483	0.421484908879288	34
-0.0484226438188961	0.288663490857028	34
0.079893110633019	0.169267896660306	34
0.0903907372881	0.164566515651367	80
0.086376878882243	0.16832657241939	110
0.121052635176832	0.403066824129214	72
0.086376878882243	0.16832657241939	72
0.086376878882243	0.16832657241939	110
0.085787297408971	0.172057081317188	30
0.085197509362389	0.168136000223553	14
-0.05246806351705	0.288485668070392	14
0.058337841056715	0.348542947247218	363
0.044387141256267	1.52548891322315	31
0.093273096251399	1.25338042511289	212
-0.048136818812906	1.71107588631209	212
0.00433711771912304	1.29086960880842	26
0.106395686565604	1.16477562843134	26
0.021490822477943	0.74284103337145	212
0.082240936073354	0.720203807029101	212
0.115172057110121	0.775222486364424	212
0.086915556748376	1.00074399940614	13
-0.107590126293521	0.993636637497913	26
0.112251243815044	0.583048994450758	26
0.079900521844024	0.710552831560957	26
-0.038774706730673	0.86765519260356	26
0.057503541025121	0.587033114471024	26
-0.0366053006382731	0.718557833200971	397
-0.122517630770431	0.73249499434363	397
0.039183273188387	0.914298197537547	397
-0.014876695865399	0.556581211661786	43
0.099194657732189	0.641429575657576	43
-0.064835927181425	1.22718214318686	43
0.05249002927014	0.352732992269332	43
-0.0264768462534341	0.521600290634485	43
0.121819861891435	0.402238674146141	644
-0.104522620306315	0.393852899549381	644
0.065092738466746	0.343777978580431	11
0.00154483548212003	0.439475308017027	36
0.068443964132035	0.483845394337172	36
0.119143305777956	0.567883298476278	36
0.081836953424748	0.695833634658302	11
0.084058894991522	0.49502732583759	11
-0.10526604707979	0.39696095146586	316
-0.044229979096842	0.28561468782725	316
0.079893110633019	0.169267896660306	76
0.087423458561088	0.167226093944783	110
0.085787297408971	0.172057081317188	110
-0.10517831230077	0.391745582569973	72
0.086376878882243	0.16832657241939	110
0.089798429935142	0.168097646736901	4
-0.054793537122964	0.288585852088339	123
-0.118146888869767	0.373828112344806	53
0.087423458561088	0.167226093944783	94
-0.056706043536903	0.927888812442244	31
-0.00779635362754905	0.969138153142548	31
-0.077522562695901	1.67906703537564	212
0.011970381549699	0.893432911509177	212
0.11045154483768	0.411778643791916	212
0.064009702486534	0.821263943253307	212
-0.039128996024949	0.962854063121563	212
0.056871265269587	0.342031865820043	26
0.107054848648233	0.409426732382176	26
0.062936845720429	0.563552172437204	13
-0.104394643722564	0.388529374224704	13
-0.022640546305931	0.546305419864197	13
0.022506326317109	0.749827955148612	13
-0.110046745728292	0.403589764487181	397
0.120120307746823	0.408257873960929	397
0.100697237054334	0.596183322266811	397
0.012587716330387	1.32527145777407	397
-0.00998898454246699	1.15967400986522	43
0.023908225342918	1.64597260230542	43
0.0705372285947961	0.795667721834063	43
0.110505050979156	1.49718175043426	644
-0.02245338026907	0.548963200267416	644
0.085197509362389	0.168136000223553	11
-0.028908178809876	0.695146743397097	102
-0.029700716487767	0.724342114860911	36
-0.046745192219897	0.841221319579602	36
-0.053066686012475	1.14124912328693	36
0.075328167210065	0.50327581771842	36
-0.028439549893307	0.701198794930252	34
-0.047523359661614	0.295014290825509	34
-0.053242849964794	0.294303878876669	34
0.052882919188356	0.340629965334289	34
-0.0484226438188961	0.288663490857028	34
0.122420798302355	0.400444794563049	34
-0.0484226438188961	0.288663490857028	34
0.098702556522176	1.07692927660657	372
0.085787297408971	0.172057081317188	30
0.0892059140188261	0.164395035335492	246
0.085787297408971	0.172057081317188	246
-0.12124886507689	0.374122592253224	14
0.08683329911631	0.170896697158849	14
-0.122927753854746	0.496910787037679	544
0.00176675137026505	0.961264641926238	31
-0.11237852417353	0.805711046961291	31
0.097393800669381	1.78845312542751	212
0.066678722603293	1.67438952351928	212
-0.00643947614554297	0.521650642169909	13
0.097369778696595	1.83173350306138	13
-0.0134150041776659	0.532647129279888	26
-0.038557054224747	0.832797488877135	26
0.11882302851696	0.377989971083895	26
0.00538576306990501	0.439525771639551	26
0.067673901692196	0.54273102492854	13
0.117753392052143	0.413853805678102	13
0.032599222930352	1.58655825265714	13
0.000165671612078033	0.428739881791354	11
-0.0434303787220131	0.885331713701488	11
0.098562995214005	0.909162433116574	11
-0.0434777858987631	0.840250316578213	397
0.104494450123987	0.624724559975385	11
-0.028603315564999	1.22401071190889	11
0.096674539661761	0.9691303737159	43
0.040581932672388	0.875860162073262	43
-0.062769322496758	1.17646067577394	644
0.054126363308782	0.354756390165911	644
0.050610981009232	0.844943446676345	102
-0.104842759106735	1.10662259354036	11
0.013679533378234	0.870844103677381	36
0.040348826113784	0.608349458979929	36
-0.00301921794253301	0.979917570250595	36
-0.042459157265297	0.884195312149638	36
0.054790597745744	0.822240795991283	36
0.00791995460033301	0.825444768903637	36
-0.0178375094452931	0.976966629386578	36
-0.047523359661614	0.295014290825509	11
-0.0425578242822791	0.283664835390322	11
0.014509376817038	0.444610874969559	11
0.0892059140188261	0.164395035335492	36
0.073984391513307	0.733687532601503	36
-0.047523359661614	0.295014290825509	36
-0.110792398387076	0.403513693056219	34
0.062373092624506	0.564670410253374	34
0.0892059140188261	0.164395035335492	34
0.086376878882243	0.16832657241939	312
0.089798429935142	0.168097646736901	110
0.094210263309023	0.658787970974149	30
0.085197509362389	0.168136000223553	4
0.08683329911631	0.170896697158849	4
0.08683329911631	0.170896697158849	14
-0.044229979096842	0.28561468782725	14
0.059968506703006	0.564534094616903	123
0.0984555904930779	0.60007128945702	123
-0.043458934798463	0.284215957331135	94
0.110506529930615	1.04250115229693	31
0.080090779601082	0.475018722613871	31
0.069493583183354	0.749712117810376	212
0.123900184157501	0.667794935435877	212
0.114081202586205	1.21419753681214	26
-0.039534845273967	0.902893367560428	212
0.122437197866083	0.529586167506439	26
0.080148889941987	0.487700983800465	26
0.10191309403291	0.629005726040938	13
0.089798429935142	0.168097646736901	13
0.028196292649771	0.764097504014121	13
-0.107542811300277	1.00133419054063	11
0.018467935270168	0.860287999847462	11
0.121272249084585	0.798038145072099	43
-0.021146392305162	0.606697619100039	43
-0.093248374886676	1.19492007297205	43
-0.120227436163756	0.841725055850641	11
-0.043755813358632	0.881682674728174	36
0.057825768847536	0.325303588249497	11
0.123037683006388	0.533292103640825	110
0.058666563926571	0.350845916080234	110
0.0862429326598661	0.167041246972049	30
0.087423458561088	0.167226093944783	4
-0.049061882270823	0.286540728227666	4
0.08683329911631	0.170896697158849	4
0.08683329911631	0.170896697158849	14
-0.0484226438188961	0.288663490857028	123
0.086376878882243	0.16832657241939	190
0.067668323552617	1.28911025768432	212
-0.051759252776176	1.08562472096138	212
0.089035434294192	0.669066942259109	26
-0.000957962956938951	0.918356372219767	26
-0.07726320921332	1.22216323030079	13
0.033001888640072	0.9373447961649	11
0.061245284629179	0.753965291619026	43
0.117463392303017	0.40432798088328	644
-0.032232883031532	0.689792437051024	11
0.0499777951384241	0.574440229909983	11
0.041216017827838	0.626219370351828	102
0.055649018116705	0.846358911146249	11
-0.10526604707979	0.39696095146586	36
0.111658173378161	0.391898619838057	11
0.0747879085722451	0.49516579132178	36
0.075024229243041	0.694751808813258	36
0.092492259724903	0.840654344985498	36
0.060451722719699	0.58447112527884	11
0.056136523726926	0.340300918791617	36
0.080933602903124	0.168170801532776	34
-0.045855200142307	0.284875383722602	34
0.05850319330876	0.349928620978064	76
-0.014111684842498	0.558000871707519	372
-0.113041952839382	0.893341624917058	372
0.064927740331886	0.340762676199374	30
0.086376878882243	0.16832657241939	4
-0.045855200142307	0.284875383722602	4
0.0892059140188261	0.164395035335492	4
0.087423458561088	0.167226093944783	9
-0.099528858044896	0.394660390413121	123
0.0862429326598661	0.167041246972049	123
0.058666563926571	0.350845916080234	123
0.085787297408971	0.172057081317188	123
0.080488026537788	0.169187072363845	94
0.0862429326598661	0.167041246972049	94
-0.106131592358096	1.57786933528082	212
-0.112363584183071	0.98566651680839	212
0.00348512907279697	1.38634439928264	2
0.00689010046570304	1.08786022813496	212
-0.0523290511117001	1.31051310894228	26
0.079085890488612	0.743044972308542	26
0.072021052398519	0.768414189494488	26
0.099583108911824	0.857536971185195	26
0.114281924027799	0.745542024082453	11
-0.031389878951998	0.778812259659365	11
0.111714051672278	0.414116332225723	11
-0.00452407912395803	1.04760449013885	43
-0.011203403356027	0.538926239106987	43
-0.039377127129808	0.687802452140177	43
0.042241391057364	1.27469239441991	644
-0.024574810751551	0.627590009082161	11
-0.032238398079862	0.727939831268369	11
0.108649313244878	0.605169844001087	11
0.110943797534456	0.412250406151585	11
0.086376878882243	0.16832657241939	34
-0.043329491313116	0.285059436298403	34
-0.046886820301425	0.280814873586778	34
-0.046886820301425	0.280814873586778	34
0.089798429935142	0.168097646736901	34
-0.110046745728292	0.403589764487181	312
-0.111538440370534	0.400200425068191	372
-0.109301482020945	0.400382492872914	372
-0.054018007715216	0.294249733288003	372
0.0903907372881	0.164566515651367	30
-0.104197754117244	0.400971085265102	30
0.10813749598531	0.410862660926324	30
0.086376878882243	0.16832657241939	30
0.085197509362389	0.168136000223553	4
0.08683329911631	0.170896697158849	14
0.085197509362389	0.168136000223553	53
0.0694558112461921	0.533543711179398	31
0.093391232261274	0.95404357518299	212
0.054539561754575	1.41214325894009	212
0.066722210843396	0.757027405439382	13
0.04798858548126	0.852271931951253	13
-0.04774230336467	0.912284879669207	11
0.072484974098303	0.720064540651893	43
0.097019635940951	0.7754731527129	43
0.08149867911809	0.508545685024563	11
-0.040991222259913	1.02675965023464	11
-0.034862340867321	0.701637497200996	11
-0.058339557840816	1.02832845002445	36
0.11698422610345	0.417985472724271	36
-0.123502540797553	0.491808430569954	36
0.054864000409373	0.353626971167267	11
0.087127521426152	0.488673539835989	36
-0.107514507723423	0.998400080754664	11
0.016032012261283	0.446651138970942	11
-0.044873930414249	0.277293515210302	133
-0.0484226438188961	0.288663490857028	34
-0.046754646570268	0.293511983266787	34
-0.01852918955534	0.554167063179197	76
0.054524573521998	0.339565064212773	110
-0.104433079355249	0.387882719501559	183
-0.048292438113117	0.293257647460578	30
-0.040729444355619	0.270372890093576	30
0.0892059140188261	0.164395035335492	4
0.08683329911631	0.170896697158849	4
-0.049061882270823	0.286540728227666	605
0.086376878882243	0.16832657241939	14
-0.04739423199285	0.284668676734627	123
0.080488026537788	0.169187072363845	123
0.08683329911631	0.170896697158849	53
0.08683329911631	0.170896697158849	94
0.086376878882243	0.16832657241939	53
-0.0506295214760381	0.991041675866844	2
0.089302122552376	0.668336988582147	13
0.059107135549459	0.831893184006347	13
0.069442941678752	0.551384159677475	13
0.047937410184479	0.592094987580252	26
-0.116352051876489	0.948366491469677	43
-0.124153659744194	0.906863439441686	11
0.11231914177793	0.415251465711994	11
0.00718965805063998	0.458067467024913	11
-0.123481177009874	0.658658635137355	36
-0.116113933924007	0.815758118532182	36
-0.053304724672291	0.863458200127543	36
0.050218840536384	0.877481629003732	11
0.08683329911631	0.170896697158849	36
-0.038370745416913	0.765077734773697	133
-0.119671752833252	0.49333249059756	34
0.05249002927014	0.352732992269332	34
0.085787297408971	0.172057081317188	312
0.085787297408971	0.172057081317188	80
0.080488026537788	0.169187072363845	76
-0.054018007715216	0.294249733288003	110
0.08683329911631	0.170896697158849	4
-0.044101526573721	0.283460810017008	4
-0.110792398387076	0.403513693056219	14
-0.044229979096842	0.28561468782725	14
0.081529104054024	0.168089776840781	123
0.08449579791781	0.165424444020366	53
0.079893110633019	0.169267896660306	53
0.12086043416624	1.13006371476615	26
0.067423414196218	1.41006175982878	26
0.021699291024381	0.81366141031122	13
0.037695364595139	0.678751414418889	11
0.000332349193264969	0.90347678316372	11
0.041215089202197	0.691828510938755	11
-0.00120334777748998	0.847317710520166	11
0.116050417244623	0.419504931669415	11
0.113312822188633	0.389403331934893	11
0.106590700646699	0.588242110258139	11
0.110173167949889	0.40836368695096	36
0.112648627626645	0.407744202434839	36
0.086376878882243	0.16832657241939	34
-0.047523359661614	0.295014290825509	34
0.08683329911631	0.170896697158849	34
-0.104197754117244	0.400971085265102	34
0.085787297408971	0.172057081317188	34
0.085787297408971	0.172057081317188	34
-0.045855200142307	0.284875383722602	34
0.0862429326598661	0.167041246972049	110
-0.053242849964794	0.294303878876669	76
0.057825768847536	0.325303588249497	372
-0.051093712090315	1.08604921079317	110
-0.106867163806779	0.390237396705868	110
0.085197509362389	0.168136000223553	30
-0.0425578242822791	0.283664835390322	30
0.00642533683913804	0.456863274161153	30
0.08683329911631	0.170896697158849	30
0.086376878882243	0.16832657241939	246
0.08683329911631	0.170896697158849	4
0.086376878882243	0.16832657241939	4
0.079893110633019	0.169267896660306	123
0.08683329911631	0.170896697158849	53
0.039517229670862	0.635164418327492	2
-0.00589234179560805	0.514726884942846	2
0.106766608337471	0.723181960899298	13
0.051187215469351	0.585457254911457	13
-0.016657560882231	0.530055632745165	13
-0.015276897840245	0.539064544968451	26
0.106580887774766	0.403209963106005	13
-0.026056494719064	0.637384519438425	26
-0.046722704339866	0.818320904360823	13
-0.104149616639557	1.15798922758011	43
0.081374340483506	0.818175684657071	43
0.022157795147193	0.714254418463956	43
-0.0443471920177529	1.91255037337612	11
0.00157122842852997	1.0664546151105	43
-0.037512701813298	0.77399929315797	36
0.0550253108923871	0.351382680303874	36
0.0838981217052	0.165506120532102	36
0.090299780549808	0.82441378438322	34
0.085787297408971	0.172057081317188	34
0.085787297408971	0.172057081317188	34
0.087423458561088	0.167226093944783	110
-0.046754646570268	0.293511983266787	30
0.081713706589345	0.506626214069102	246
0.08683329911631	0.170896697158849	260
0.08683329911631	0.170896697158849	260
0.085787297408971	0.172057081317188	4
-0.0397472848129991	0.826184697187627	123
-0.103452944574757	0.399788417138826	123
0.110779246329119	0.840137147315916	31
-0.038049984381862	0.897476228278483	31
0.0301901111602531	1.41086221782069	212
-0.053242849964794	0.294303878876669	212
-0.074441567205392	1.69163023079347	2
0.012758704597407	1.6284539955735	2
-0.077712164372267	1.30951832437862	212
-0.021367770657981	0.612478846298861	26
-0.033186343157948	0.706865008574289	26
0.104768663807445	0.604973481683625	13
-0.021470782163228	0.546102986054042	13
0.088940579153723	1.55453214185628	13
-0.038409378339093	1.00689743749061	13
0.10285736908573	0.4015376197782	13
-0.119671752833252	0.49333249059756	26
-0.014378388329059	0.567322216532231	13
-0.039700814357909	0.625704353168379	13
-0.01890734198794	0.594161563124427	13
-0.121876313879054	0.84141910356519	11
0.100532665390877	0.401692518661504	40
-0.098876989945105	1.21286445547734	43
-0.0348290022040541	0.909612262553775	43
0.063622743068623	0.345653996338961	11
0.042313072957298	0.639703196529534	36
0.00160441083566298	0.942719598586654	36
0.086376878882243	0.16832657241939	399
0.062627361597361	0.574101013518084	36
-0.044873930414249	0.277293515210302	110
0.050162432705277	0.33364220845353	30
-0.045311526871116	0.831863737651909	30
0.0862429326598661	0.167041246972049	4
0.085787297408971	0.172057081317188	4
-0.037688328045603	0.668489004819945	123
-0.0484226438188961	0.288663490857028	14
0.085787297408971	0.172057081317188	53
0.08683329911631	0.170896697158849	53
-0.076236477711354	1.44225383989153	2
0.079338982727066	0.928132648264966	13
-0.109946968265756	1.15241649130755	13
0.109920308071646	0.752389100483248	13
-0.055456619189265	1.40546631958358	43
0.048236884976701	0.908011452919977	11
-0.03706510038544	0.733087988562375	11
0.042514802812766	0.652059407217777	11
0.082168869259797	0.72525400449632	36
-0.017546199446307	0.550921148758255	36
-0.026692176535978	0.675774932529774	11
-0.026252947417177	0.620462315788357	11
0.038668129458088	0.687011289927014	399
0.108305099180175	0.411341774523255	34
-0.10089821689997	0.382257572852137	34
-0.043329491313116	0.285059436298403	34
-0.047523359661614	0.295014290825509	34
-0.043329491313116	0.285059436298403	34
0.113917330878986	0.40272458426543	76
0.070786215548269	0.319518681474409	110
-0.114871376946494	0.389845073099351	30
0.0838981217052	0.165506120532102	30
0.06272363038988	0.346734412535549	30
0.08683329911631	0.170896697158849	4
-0.044229979096842	0.28561468782725	4
0.08683329911631	0.170896697158849	4
0.053465510373087	0.331980038030331	14
-0.047523359661614	0.295014290825509	123
-0.045855200142307	0.284875383722602	123
-0.0484226438188961	0.288663490857028	53
0.085787297408971	0.172057081317188	123
0.0892059140188261	0.164395035335492	123
0.08924907955457	0.929881432846265	2
0.00822694831114001	1.06124983614026	2
-0.078854078061138	1.91763858724011	26
-0.069391124324572	1.82069211765763	26
0.121002405499995	1.39179732414149	13
0.062214543756286	0.566203723071645	13
0.10688855372341	0.756865968765317	13
0.013451230668497	0.827040547843665	13
0.123708470832958	0.691713944301239	13
0.030790619757895	1.14337008498945	13
0.041567150876111	0.656556708988801	13
-0.045241050510251	0.994911802313481	40
0.020941384679058	0.775107718947233	40
-0.030570311105044	0.696554698276027	11
0.110724836019016	0.576935595292736	43
-0.041633765570341	0.879419175493137	11
-0.039185514717311	0.699351797833168	36
-0.018411240641052	0.563372412016924	399
-0.110141375680397	0.937584144245943	399
-0.026056494719064	0.637384519438425	399
0.011300153988672	0.444778739278205	133
0.052431711517275	0.574222724026091	34
-0.052349235443775	0.28573150884445	34
-0.039954458250128	0.271764042000058	34
-0.043329491313116	0.285059436298403	34
0.085787297408971	0.172057081317188	34
-0.115775628536793	0.391241106190994	30
0.00417322262130204	0.429712577059447	30
-0.013078859282137	0.53375818695469	30
0.089798429935142	0.168097646736901	4
0.087423458561088	0.167226093944783	4
-0.110792398387076	0.403513693056219	123
0.08683329911631	0.170896697158849	123
0.050321442633106	0.341707066371338	123
-0.0531250205902279	0.285695500061086	123
0.0903907372881	0.164566515651367	123
0.086376878882243	0.16832657241939	123
0.085787297408971	0.172057081317188	123
0.085787297408971	0.172057081317188	123
0.116053803791264	0.859997534126425	2
-0.0241296300934259	1.22832312550274	13
0.04478679316051	0.900413416603426	13
0.08957290396782	1.08588682163645	13
-0.016014148865322	1.11701382748214	13
-0.00788178002190498	1.14776663625156	40
0.065421016378269	0.774213560825112	40
-0.086922596315587	1.31679361462945	11
0.052702305620852	0.853418252364443	43
-0.0350554145694409	0.934849924466517	43
0.001051800201196	0.845614749683073	43
0.112983534167924	0.598609551779633	106
-0.055927772023967	0.926380235457775	11
0.00385048909944197	0.447477807001137	127
-0.112882615574994	0.31350510504217	36
0.074595217294715	0.763129722126134	36
0.025132618719273	0.761247826219418	11
0.10728342463493	0.588406886639085	133
0.052329898907736	0.345758011413012	34
0.049580791007834	0.344333796702454	34
0.085787297408971	0.172057081317188	76
-0.047523359661614	0.295014290825509	30
0.057033812644456	0.34807264933404	30
0.059401203002597	0.350841394669898	30
0.053227892679767	0.353815474784483	4
0.0862429326598661	0.167041246972049	4
0.085787297408971	0.172057081317188	4
0.08683329911631	0.170896697158849	4
0.085787297408971	0.172057081317188	4
-0.054018007715216	0.294249733288003	123
0.085787297408971	0.172057081317188	123
0.111837681405317	1.04670989281926	26
0.066961346756127	1.3998581384913	13
0.016338599233386	1.55466593984606	13
0.023267705967119	1.14002256819828	13
0.120066858824867	1.1622636581825	13
0.078779240199001	1.12880861491879	13
0.059011130535366	1.09955480629613	13
0.055699576391312	1.19446844000785	11
0.084346384423329	0.69932900825326	43
0.03565517298073	0.731169603222855	43
-0.121090235231699	0.74122622763398	43
0.120573082866496	0.700154049696482	106
0.077411029575185	0.725055911023838	106
0.096886528274999	0.818253189150523	11
0.0507106653557961	0.579244794588542	36
-0.041853750564404	0.752247323636237	36
0.03773997065025	0.658027299868444	11
0.0809620548587771	0.50653161602722	36
-0.118412464957647	0.708874797579257	34
-0.0158287856120219	0.55856496579553	34
0.0519615303372301	0.331499462764543	34
0.014359120525285	0.436811801115536	34
-0.016780585017204	0.554818920176731	76
-0.025127620993836	0.533972357890054	110
-0.055944856479495	0.273884362821993	4
0.057605661519605	0.34200943351785	4
0.057033812644456	0.34807264933404	4
-0.118930520361694	0.492264183920144	4
-0.047523359661614	0.295014290825509	4
-0.047523359661614	0.295014290825509	4
-0.104315111921589	0.401282435989275	68
0.085787297408971	0.172057081317188	123
-0.053901178030179	0.280470847983215	123
0.08683329911631	0.170896697158849	123
0.069138758902135	0.74827217616148	212
0.023648391871707	1.27693810136906	26
0.06692036515825	0.779705867703179	13
0.00218912929716597	1.8540841317545	13
0.110188035495343	0.883745518969993	40
-0.0310817040093	0.604939250934662	43
-0.095564492070122	1.13487645641601	43
-0.000674600914798984	0.892669183097321	11
-0.086624690087826	1.32619713152555	106
0.0751589451355	0.886085586974759	11
0.00708562053514095	0.935644318242849	11
0.041016859510671	0.651044691696178	11
0.085197509362389	0.168136000223553	127
0.012972285072348	0.445615541799511	36
0.085197509362389	0.168136000223553	36
0.085787297408971	0.172057081317188	36
0.059771700391142	0.969647008499409	70
-0.054420288955112	1.39878965227215	70
0.023515405688483	0.811901944073782	36
-0.124704966703382	0.496044588093672	34
0.087423458561088	0.167226093944783	4
0.0903907372881	0.164566515651367	30
-0.107298309361317	0.387188787216323	4
-0.0459862984931581	0.286698052875647	4
-0.116257747090808	0.465061258652975	123
0.015421382210195	0.445781143581757	123
0.085787297408971	0.172057081317188	68
0.085787297408971	0.172057081317188	123
0.113716413896904	0.586321720208202	2
0.034329149253349	2.2767247024695	13
0.0168392927284839	0.764168548493688	13
0.069381897899279	1.57076222995352	13
0.046323918741328	1.33872937929669	13
0.108732459889082	0.72455273163816	40
0.069214681569318	1.47999945743316	11
0.117115405242412	1.20633280770486	11
-0.120413326918953	0.492026765234024	11
0.109629428005787	0.594922064603112	43
-0.11950646899809	0.490552796563347	43
0.061252494536143	0.340898003171132	11
0.003702504975996	0.446482595682244	11
0.0862429326598661	0.167041246972049	11
0.08449579791781	0.165424444020366	127
0.085787297408971	0.172057081317188	36
0.0892059140188261	0.164395035335492	36
0.08683329911631	0.170896697158849	36
0.112326208289109	0.415082361167742	11
-0.0391186995921951	0.767790535612841	36
-0.040652134749116	1.03135237803978	36
0.095550719966216	0.752282921314948	36
0.020834598380591	0.81942349982748	591
-0.047523359661614	0.295014290825509	34
-0.017084056109205	0.547469686000942	34
0.0923028197466	0.666025533474539	110
0.0577686756801991	0.349935498232864	110
0.085197509362389	0.168136000223553	4
0.0862429326598661	0.167041246972049	30
0.075590344757824	0.163215128746814	246
-0.104942952058868	0.399589936707647	4
0.059652439385948	0.346011835673198	4
-0.023313251943841	0.583134180184807	4
-0.103452944574757	0.399788417138826	4
0.062887226429308	0.343828297050183	4
-0.105805932391559	0.401078180427981	431
-0.046754646570268	0.293511983266787	431
0.053227892679767	0.353815474784483	431
-0.046754646570268	0.293511983266787	123
-0.047654549863588	0.287240119533882	123
-0.111651134030529	0.393963143269348	123
-0.0498316496342051	0.285003959324924	136
0.085787297408971	0.172057081317188	42
0.06659746756111	1.65333993154671	212
0.057393592245594	1.46827310137659	212
0.034624318280862	0.991252437597061	212
0.082609622750365	0.711876823948196	26
-0.030670857741382	0.629563483197388	43
0.054864000409373	0.353626971167267	43
0.0581766911871761	0.350689046183924	106
0.059401203002597	0.350841394669898	36
-0.027467346932648	0.743220453610716	36
0.08683329911631	0.170896697158849	127
-0.046624533075872	0.286275403845535	36
-0.0484226438188961	0.288663490857028	36
-0.106009861142112	0.396896030639877	36
-0.102708523060132	0.395708434495422	11
-0.04612917572771	1.22941049767528	70
0.05923736583633	0.348035566536793	36
0.10568910046834	0.585594285828659	36
0.00137524759163299	0.798883570563913	34
0.086376878882243	0.16832657241939	87
0.058829823888169	0.345684923166776	34
0.079893110633019	0.169267896660306	4
-0.0531250205902279	0.285695500061086	4
-0.045086232845343	0.278564959869584	431
0.08683329911631	0.170896697158849	123
0.057605661519605	0.34200943351785	123
0.0862429326598661	0.167041246972049	123
0.085787297408971	0.172057081317188	123
0.086376878882243	0.16832657241939	123
-0.109934711839812	0.402025957303598	123
0.012364368507412	0.445929466337232	123
-0.109189469700836	0.402099384401498	123
0.085787297408971	0.172057081317188	123
0.070430375090948	0.758902663640796	212
0.051589325201352	1.75811251499647	212
-0.041885618699436	1.43599749006007	26
0.00385107518267103	0.815456409113669	11
0.0178739749274019	0.76957137543566	11
-0.024632397498393	0.622039062046184	43
-0.025069685175961	0.760974665318993	43
-0.118764638982288	0.491848880359048	11
0.073972263673333	0.496625696288574	11
0.019379524904748	0.437855165141129	11
-0.035294353504668	0.815900483908436	106
-0.00685098299834397	1.11588903377891	106
-0.015453445109291	1.18650283612328	106
-0.0533627783738621	0.282587365255919	36
0.010691261612025	0.445504349848693	36
0.030418088960299	0.642049583298456	11
-0.044991307971832	0.808537139524378	70
0.068991178515832	0.731058105430382	11
-0.033645434771024	0.713678550962627	36
-0.103336217764138	0.389293363777304	133
0.041402516886747	0.640714773347256	34
-0.123684862150447	0.880862468168258	34
-0.031935020249481	0.618802646287861	4
0.00990817821394796	0.4286731663276	30
0.0903907372881	0.164566515651367	595
-0.106434514626582	0.385814389683188	4
0.114347435371042	0.418925833199503	123
-0.104315111921589	0.401282435989275	123
0.053388377913523	0.353661010410418	123
0.079893110633019	0.169267896660306	68
0.085787297408971	0.172057081317188	123
0.08683329911631	0.170896697158849	123
0.048681724682529	0.343499433365014	123
0.085787297408971	0.172057081317188	136
0.013743552062074	0.441857208319941	212
0.00566065338792399	0.453258488479617	212
0.0196511654803671	1.24827020007422	212
-0.048670176635404	1.03347246422626	13
0.103110551505022	1.1016339207612	13
0.060463774358359	0.337871769148019	43
0.099300432777972	0.730060016292448	106
0.053041144736412	0.337177268627329	202
0.116550427122183	0.396225175952674	202
0.07455483817538	0.164217032271281	127
-0.110905071354005	0.394018845038416	127
-0.047523359661614	0.295014290825509	36
-0.00496069268612698	1.03590061955766	70
-0.010626580760518	0.543195666506024	36
0.102058215229768	0.590582073848412	36
-0.117282004211139	0.487218844699455	591
-0.046754646570268	0.293511983266787	34
0.053804338011009	0.341299138069217	34
0.00626076820467003	0.43770405431308	34
-0.047523359661614	0.295014290825509	110
-0.122761603472971	0.493100935139209	4
-0.016657560882231	0.530055632745165	4
-0.12352068115098	0.756447271486426	30
0.080488026537788	0.169187072363845	4
-0.0541369387785941	0.288077643282142	4
-0.108444616156474	0.398915939849143	123
0.085787297408971	0.172057081317188	123
0.059652439385948	0.346011835673198	123
-0.0459862984931581	0.286698052875647	123
0.109346356211171	1.29137650197199	212
-0.015437154220292	0.537533250573407	212
0.026286630422546	0.740733565808648	212
0.119955478172205	0.40888123890847	212
0.0347984515933319	2.37706088347909	13
0.116986611070056	0.402584215255755	13
-0.0459455775825161	0.875797644196079	13
0.073657471337632	0.697085257712593	13
0.104586561577438	1.12305132562331	13
0.06310319933006	0.576386374183418	40
-0.044399895983819	1.83514531487868	40
0.05542528445928	0.331852992200003	11
0.07128076109569	0.502425024846645	43
-0.046624533075872	0.286275403845535	43
0.0892059140188261	0.164395035335492	106
-0.046027711622739	1.39873497476845	106
0.089798429935142	0.168097646736901	36
0.085787297408971	0.172057081317188	11
0.036689484645776	0.683682550924582	70
-0.0997135904859729	1.10291367364497	70
-0.096755239040075	1.04054370207879	70
0.060869445814152	0.344764260535454	36
-0.032656431208294	0.644071911687925	36
0.00718965805063998	0.458067467024913	36
0.086376878882243	0.16832657241939	34
-0.036774579142167	0.695777804832015	34
-0.106196082043795	0.964263261418802	34
0.059814530794663	0.348496031983019	246
0.016482820235149	0.437644128390786	4
-0.118930520361694	0.492264183920144	4
0.0169444737871129	0.447847120331633	68
0.089798429935142	0.168097646736901	136
0.07072155380084	1.91338555999721	212
0.057144756046416	1.18087946621013	212
-0.115618854826905	0.388039214145251	212
-0.021264677963078	0.573826912239215	212
0.105834343937579	1.05010424711105	212
0.02992550895099	1.11260456163765	212
-0.121113605619887	0.477647587784657	13
0.049066706903789	0.325942698814592	13
-0.037079138704963	1.62562293850155	13
0.017546459170083	1.17980269363551	13
0.05420076592907	1.00939981946326	13
0.077830170643575	1.21867025017517	13
0.100251636716004	1.05772320754261	13
0.073689370290455	1.13036563556415	13
-0.044482818240938	1.37262903788153	13
-0.03917986942157	0.270511110723816	40
0.070260945866562	0.722897205499032	40
-0.035344795372881	0.879017828163224	40
0.053067292336348	0.344691375654636	43
-0.106867163806779	0.390237396705868	43
0.087423458561088	0.167226093944783	11
-0.046195339529859	0.271315370791141	11
0.087423458561088	0.167226093944783	11
-0.0533627783738621	0.282587365255919	106
-0.095454339977782	0.9934942660284	106
-0.00243638909577304	0.983967208912689	106
0.101307946376763	0.403882859433013	202
-0.046754646570268	0.293511983266787	127
0.085787297408971	0.172057081317188	127
-0.036365587250601	0.715517568521184	70
-0.053901178030179	0.280470847983215	36
0.111549660891716	0.417178085475134	133
0.087423458561088	0.167226093944783	34
-0.047654549863588	0.287240119533882	34
-0.118930520361694	0.492264183920144	34
0.089798429935142	0.168097646736901	110
0.080933602903124	0.168170801532776	110
-0.099528858044896	0.394660390413121	4
-0.117930617189526	0.728924249801727	4
0.118584784482159	0.404973147771712	4
0.0550253108923871	0.351382680303874	4
0.060299690709468	0.347507718210125	246
-0.123668095045533	0.49799222790755	4
-0.106867163806779	0.390237396705868	4
-0.099411079137452	0.387364744476467	123
0.085197509362389	0.168136000223553	123
0.08683329911631	0.170896697158849	123
0.080488026537788	0.169187072363845	123
0.021957552318648	0.40965771178508	212
0.1159338013743	0.592239199680537	2
-0.015790729920341	2.15746795383646	212
0.040706824354845	1.30793852479437	13
0.017191994355677	0.811722543343106	13
-0.061261348371583	0.980800348258915	40
0.111279923585649	0.911585248676731	40
0.095297771049653	0.657801394712216	40
0.051943393837659	0.578857982732459	11
-0.034859046913291	0.837938789708575	43
0.078062821639036	0.505749615558484	43
-0.0950910937516261	1.01554256323816	202
-0.016808441334809	0.546950081959036	202
-0.036341830231576	0.820458983408853	202
-0.046754646570268	0.293511983266787	36
0.066811212008086	0.761734681179222	70
-0.104315111921589	0.401282435989275	591
0.086376878882243	0.16832657241939	87
0.087423458561088	0.167226093944783	34
0.011765578920238	0.456321422035079	34
0.08683329911631	0.170896697158849	110
0.079893110633019	0.169267896660306	4
0.0903907372881	0.164566515651367	4
0.08683329911631	0.170896697158849	4
-0.045855200142307	0.284875383722602	4
0.056298603895076	0.344025221782494	4
0.059814530794663	0.348496031983019	4
0.085197509362389	0.168136000223553	4
0.089798429935142	0.168097646736901	4
0.085787297408971	0.172057081317188	4
0.0892059140188261	0.164395035335492	123
0.087423458561088	0.167226093944783	123
0.080933602903124	0.168170801532776	123
-0.048292438113117	0.293257647460578	123
0.085197509362389	0.168136000223553	136
0.011616234294148	0.442663342946666	212
0.079028908364064	0.510390939208894	212
0.00390732474511402	0.891615864739879	212
-0.013158905230806	1.3995154298654	212
0.057825768847536	0.325303588249497	13
0.00783992164343506	1.67720240567958	13
0.079195684031136	1.31947609981207	13
-0.105805932391559	0.401078180427981	13
0.084576271521854	0.885982025933005	13
0.118408544053042	1.18626460568562	40
0.025832416771288	0.701599859545548	40
-0.0134150041776659	0.532647129279888	40
-0.123833846313092	0.495382448781421	11
0.060299690709468	0.347507718210125	43
0.0989730419824349	0.600752641703939	43
-0.055315258903324	0.274123538946448	106
0.062559919403031	0.340111018447979	202
-0.0484226438188961	0.288663490857028	127
-0.046754646570268	0.293511983266787	36
0.109845888814248	0.41718585655352	70
0.012388913561323	0.860415491959936	36
-0.048292438113117	0.293257647460578	11
-0.102623253811145	0.383974096561391	591
0.08683329911631	0.170896697158849	87
-0.046624533075872	0.286275403845535	87
-0.124573932487454	0.496456072156921	34
0.0577686756801991	0.349935498232864	34
0.0488397882888419	0.344381746114617	4
0.064927740331886	0.340762676199374	246
0.085787297408971	0.172057081317188	4
0.117652825891999	0.406415962877058	4
-0.048292438113117	0.293257647460578	123
0.0862429326598661	0.167041246972049	123
0.054287203443362	0.35031889308881	123
-0.103452944574757	0.399788417138826	123
0.08518862195168	0.848119232105899	26
-0.049061882270823	0.286540728227666	11
0.106891327774201	0.41336687675325	43
-0.048292438113117	0.293257647460578	43
0.053862825115513	0.571969915419441	106
0.023778949291313	1.12061292008035	106
-0.046738508103263	0.892571893880855	202
-0.060388863238961	1.05558319699557	202
0.116214685571191	0.419962908222584	202
-0.011967332646561	0.534508156340338	11
0.087423458561088	0.167226093944783	36
-0.110792398387076	0.403513693056219	36
-0.012838758575471	0.530562948432883	36
-0.121943129653397	0.8728368434827	36
0.079893110633019	0.169267896660306	591
-0.00252056549338697	0.501673811572046	34
0.089798429935142	0.168097646736901	4
0.085787297408971	0.172057081317188	4
0.060869445814152	0.344764260535454	4
0.08683329911631	0.170896697158849	4
0.086376878882243	0.16832657241939	68
-0.049061882270823	0.286540728227666	123
-0.015128921088722	0.536454717109912	2
0.110439589008831	1.88366377000099	212
0.061767860461614	1.22612723576247	13
-0.100409751045038	1.86986522170821	13
0.114355842477297	0.401838280201919	40
0.111172493291171	0.595398798563326	40
0.115482999836655	0.577348235407243	40
0.083766373238489	0.713917694834349	43
0.062387577292974	0.333106617849627	43
-0.0496696282872749	0.284404152298991	11
-0.023347715048392	0.65926998276266	202
0.122420798302355	0.400444794563049	202
-0.099528858044896	0.394660390413121	36
-0.104758636204843	0.958196850473692	70
0.117753392052143	0.413853805678102	11
0.00765368913331599	0.449709459148006	11
-0.031913643078109	0.644357040726184	591
-0.043458934798463	0.284215957331135	34
-0.049191102512402	0.287022737842076	34
-0.00454371776061602	0.426797110443926	4
0.122420798302355	0.400444794563049	105
-0.031251848748462	0.679295869634215	34
0.080933602903124	0.168170801532776	4
0.047783134222557	0.336163512802754	4
0.085787297408971	0.172057081317188	4
0.080488026537788	0.169187072363845	4
-0.115618854826905	0.388039214145251	4
0.08683329911631	0.170896697158849	4
0.012819306856552	0.438913462139419	123
0.086376878882243	0.16832657241939	167
-0.047654549863588	0.287240119533882	167
0.08683329911631	0.170896697158849	136
0.108138738872882	2.36424446155189	212
0.00842230705998404	0.44717020025222	2
0.092171099535009	1.53945201722195	538
-0.033186343157948	0.706865008574289	212
0.109302871282255	1.1938826139871	212
0.045146918934811	0.651651952074935	13
0.052496472996563	1.48827600012025	13
-0.103918957288142	1.75126503335827	13
0.06272363038988	0.346734412535549	40
0.011621372777878	1.68533719555441	40
0.064357913645409	0.345642582280234	40
0.106922515338718	0.719593387213236	11
0.080488026537788	0.169187072363845	11
0.099070926283765	0.964973247774044	106
-0.00705890094671002	0.975540991458998	202
0.049474447214905	0.861593480041162	202
-0.00651372325949695	0.940079566972093	202
-0.107611778278009	0.387201604545009	36
-0.050609206593065	0.284969027461076	11
-0.00425623396943498	1.02672882712067	70
0.00871721502797496	0.453450365706699	11
0.08683329911631	0.170896697158849	591
0.086376878882243	0.16832657241939	87
-0.020704954088668	0.547403755478809	34
0.011300153988672	0.444778739278205	34
0.0903907372881	0.164566515651367	4
0.01388514786254	0.444063376525644	4
0.085787297408971	0.172057081317188	4
0.080933602903124	0.168170801532776	4
0.085197509362389	0.168136000223553	4
0.012972285072348	0.445615541799511	68
-0.045001390996917	0.284010053207826	123
-0.047523359661614	0.295014290825509	123
0.080488026537788	0.169187072363845	123
0.080488026537788	0.169187072363845	123
0.0862429326598661	0.167041246972049	131
0.08683329911631	0.170896697158849	131
-0.104197754117244	0.400971085265102	131
-0.027691928230998	0.785300903083464	212
0.031647076114678	1.04427837739909	13
-0.004108440508648	1.90053475653577	13
0.043891125622018	1.18411356119198	13
0.04581483603634	0.895660338030071	13
-0.024833526075993	1.55160362583473	40
0.114685209862646	0.405125024972409	40
-0.044229979096842	0.28561468782725	106
-0.115376755481946	0.930897023553044	106
0.084688568994809	0.836895967581824	202
0.016165528632333	1.02004142020487	202
-0.054911469852063	0.28803751190422	36
0.081529104054024	0.168089776840781	36
0.00795361734076305	0.456974459671229	36
-0.102623253811145	0.383974096561391	36
0.085787297408971	0.172057081317188	70
0.010087538732259	0.447059857308555	70
0.079901388823128	0.66824757391927	141
0.078062821639036	0.505749615558484	11
0.029746508441821	0.761454885413678	591
0.08683329911631	0.170896697158849	87
0.08683329911631	0.170896697158849	87
-0.024029592980282	0.62110183466031	34
0.114081473137448	0.39574508000828	34
-0.05246806351705	0.288485668070392	4
0.060299690709468	0.347507718210125	4
0.086376878882243	0.16832657241939	4
0.081529104054024	0.168089776840781	123
0.087423458561088	0.167226093944783	131
0.08683329911631	0.170896697158849	131
0.066525726135572	0.79141126838897	212
0.096410714518748	1.10908895576403	26
0.122499268892392	1.40193641240071	13
-0.10594612649452	1.78069565937785	13
0.10975751307934	1.20137044461538	13
0.038016038300924	1.2512639207266	13
0.00939685077230301	0.883982529336382	40
0.120882122538426	1.07283664048899	40
0.060135496863141	0.348932711497458	40
-0.11015939798555	0.391001772238246	40
-0.118360476278783	0.82790314372521	40
0.019077574809344	0.423420802562462	11
-0.038701466787267	1.14993681932115	11
-0.059671094101046	0.959802192886876	202
-0.095592855570645	0.372422111351742	125
0.0862429326598661	0.167041246972049	70
0.0631085224121371	0.565416284929327	11
0.11862773616227	0.573976806007817	11
0.087423458561088	0.167226093944783	87
-0.051573822235243	0.280338014590295	87
0.112483930695574	0.414104447135636	4
0.062214543756286	0.566203723071645	34
0.08683329911631	0.170896697158849	711
-0.045855200142307	0.284875383722602	4
0.085787297408971	0.172057081317188	4
-0.015250479380412	0.555157019132864	4
0.079893110633019	0.169267896660306	4
0.08683329911631	0.170896697158849	4
0.080488026537788	0.169187072363845	4
-0.054911469852063	0.28803751190422	123
0.054683623311089	0.331917692806555	123
-0.04739423199285	0.284668676734627	123
0.079893110633019	0.169267896660306	68
0.085787297408971	0.172057081317188	123
0.089798429935142	0.168097646736901	167
-0.049191102512402	0.287022737842076	136
-0.103452944574757	0.399788417138826	136
0.122717513366142	0.381086305672232	212
-0.096110487175777	1.08258558859376	13
0.020209882405425	1.65862080257502	13
-0.053242849964794	0.294303878876669	13
0.052739860162878	1.22565424336327	13
0.106822701099273	0.592134586182313	40
-0.01862627225832	0.953376491026921	40
-0.10165512233239	1.26138295972058	106
0.089251187772181	0.953632464419951	106
0.030326101829504	1.0492827922467	106
0.049030411074531	0.637360494745548	11
0.00521937673902295	0.8818754330746	11
0.104325313343164	0.594564768710037	11
0.035486465648279	0.640826633449785	11
0.085197509362389	0.168136000223553	36
-0.052349235443775	0.28573150884445	36
-0.048164297240179	0.278472295144232	36
-0.055686371948022	0.282712432670457	36
-0.105805932391559	0.401078180427981	11
-0.0425578242822791	0.283664835390322	11
0.11138618573524	0.599034518396616	70
-0.111651134030529	0.393963143269348	141
-0.04739423199285	0.284668676734627	34
0.07747054664558	0.482195613114561	105
-0.024329891558904	0.616032645845944	34
0.00566065338792399	0.453258488479617	34
0.12307944972662	0.395137185679777	4
0.08683329911631	0.170896697158849	4
0.085197509362389	0.168136000223553	123
-0.048292438113117	0.293257647460578	123
0.0862429326598661	0.167041246972049	123
0.08683329911631	0.170896697158849	123
-0.054911469852063	0.28803751190422	167
0.0862429326598661	0.167041246972049	136
0.0903907372881	0.164566515651367	136
-0.0299813607549551	0.639676165133167	2
0.040464613302801	0.877268972383338	2
0.010682234582858	1.69327342156947	212
-0.038317766060002	0.783148710841125	13
0.051577182082366	0.912983589711916	40
0.00387905432496505	0.908134853389959	40
-0.042783348141185	0.95985797134204	40
0.062984140049159	0.822141429920075	40
-0.0533627783738621	0.282587365255919	11
-0.10526604707979	0.39696095146586	11
0.074034115415428	0.488736989970021	11
-0.102505311276009	1.21939595465199	70
0.064193382453976	0.344850261588657	70
0.087423458561088	0.167226093944783	87
-0.043329491313116	0.285059436298403	34
0.01388514786254	0.444063376525644	34
-0.104315111921589	0.401282435989275	4
0.080933602903124	0.168170801532776	4
0.0838981217052	0.165506120532102	4
0.080488026537788	0.169187072363845	4
0.085197509362389	0.168136000223553	4
-0.103336217764138	0.389293363777304	123
-0.048164297240179	0.278472295144232	123
0.081529104054024	0.168089776840781	123
-0.046624533075872	0.286275403845535	123
-0.0484226438188961	0.288663490857028	136
-0.110046745728292	0.403589764487181	136
0.06372602171623	1.81123874887359	212
0.105776377818821	1.54894059370803	212
0.091108719842479	1.72208233897316	13
0.115656027749269	1.45592463755654	13
0.11538460840615	0.735405354791283	13
0.0960027026308	1.280601087347	13
0.0357653017252521	0.868895643218788	40
-0.10568236550112	0.918829980347295	40
0.10814211938561	0.411835966570631	11
-0.105060327780243	0.402472756021541	11
-0.105060327780243	0.402472756021541	36
-0.106551926127618	0.396839034552724	36
0.103977889186318	0.611623838203311	70
-0.0484226438188961	0.288663490857028	141
0.119166921036463	0.4070612912928	11
0.090146312972821	0.638948737317041	11
-0.098668090567121	0.386256445968112	199
0.081529104054024	0.168089776840781	4
-0.021470782163228	0.546102986054042	4
-0.122927753854746	0.496910787037679	4
-0.05246806351705	0.288485668070392	4
0.085787297408971	0.172057081317188	123
0.085787297408971	0.172057081317188	68
0.080488026537788	0.169187072363845	123
0.062667384862691	0.33228088041081	2
0.08449579791781	0.165424444020366	13
0.065524517115427	0.78104901093768	13
0.027308181133377	1.18491842960599	40
0.014842731894385	1.4575811057012	40
0.0842722456005039	0.490392594428046	40
0.053783035107849	0.339618215699949	40
-0.056198940145857	1.18963681585531	106
-0.051219106561922	1.05312860618206	106
0.049037167171787	0.865403068656591	106
-0.037682762684335	0.952289503164092	11
-0.104197754117244	0.400971085265102	36
-0.032680430230923	0.710993443504494	70
-0.049788106887546	1.09314091645588	70
0.080488674294466	0.835152550450031	70
-0.046485843869711	0.914728065468632	70
0.08683329911631	0.170896697158849	234
0.093873745602198	0.580843896842606	105
-0.047523359661614	0.295014290825509	4
0.085787297408971	0.172057081317188	92
-0.047523359661614	0.295014290825509	4
0.080933602903124	0.168170801532776	123
-0.10526604707979	0.39696095146586	123
0.086376878882243	0.16832657241939	123
-0.053242849964794	0.294303878876669	651
-0.047523359661614	0.295014290825509	651
0.086376878882243	0.16832657241939	136
-0.0484226438188961	0.288663490857028	136
-0.046624533075872	0.286275403845535	51
0.097859569201568	1.38479850498985	26
0.068464981819359	1.31777772981808	13
-0.013430533927884	1.09875724020965	13
-0.11712466807038	0.901782634840783	40
-0.121723219836025	0.49026903547166	40
-0.0425578242822791	0.283664835390322	11
-0.0997135904859729	1.10291367364497	11
-0.099528858044896	0.394660390413121	11
-0.109943722301454	1.00805436113559	70
-0.123959011849802	0.499000487557343	70
-0.120113892213418	0.732995211033623	11
0.044277914652785	0.617231905156085	11
0.0862429326598661	0.167041246972049	87
0.064357913645409	0.345642582280234	199
-0.124704966703382	0.496044588093672	186
0.0577686756801991	0.349935498232864	4
-0.105805932391559	0.401078180427981	4
0.086376878882243	0.16832657241939	4
-0.049191102512402	0.287022737842076	4
-0.045855200142307	0.284875383722602	4
0.085197509362389	0.168136000223553	92
0.086376878882243	0.16832657241939	92
0.054864000409373	0.353626971167267	4
0.085787297408971	0.172057081317188	4
0.0862429326598661	0.167041246972049	4
-0.047523359661614	0.295014290825509	4
0.089798429935142	0.168097646736901	68
-0.101964489202665	0.386004208778443	123
0.079893110633019	0.169267896660306	123
0.085787297408971	0.172057081317188	123
0.104647533158056	1.59187784125512	212
-0.052898633239749	1.61379449056969	13
0.0395968287873401	0.696246067861272	13
0.107516327351394	1.35903844596552	13
0.00348290473897095	0.814679072314805	40
-0.124991472653215	0.662947010114694	40
-0.050347247761615	0.881085543900768	40
-0.122684219311291	1.49671417961911	40
0.107696959859962	1.14342424692891	40
0.082619193521497	1.19171424444731	40
-0.103702498351885	1.13218701725077	40
-0.000284455853379995	0.438344275220088	40
-0.047856301367823	1.2739786022461	106
-0.116648882332317	1.01664610330792	11
0.085787297408971	0.172057081317188	36
-0.0498316496342051	0.285003959324924	11
-0.053794176845588	0.996628702233363	70
0.061988235590268	0.344896036750829	141
0.021668475891662	0.42729781165578	11
0.085787297408971	0.172057081317188	223
0.05265004391326	0.350105237268848	199
0.085787297408971	0.172057081317188	199
-0.124045791210775	0.656901344497322	4
-0.105805932391559	0.401078180427981	4
-0.105805932391559	0.401078180427981	4
-0.0498316496342051	0.285003959324924	4
0.085787297408971	0.172057081317188	4
-0.0541369387785941	0.288077643282142	92
0.085197509362389	0.168136000223553	92
-0.047654549863588	0.287240119533882	92
0.085197509362389	0.168136000223553	4
0.08683329911631	0.170896697158849	4
0.08683329911631	0.170896697158849	4
0.087423458561088	0.167226093944783	123
0.087423458561088	0.167226093944783	123
-0.013252010928663	0.993032385081482	212
0.0451387575439	0.92740668231923	212
0.107285281653819	1.34309121513858	212
0.00416169642067599	1.34483523038058	13
0.101350337920999	0.811163353035828	13
0.044277132800243	0.877700096447476	40
0.04204013048053	1.23705722475494	40
0.070607111539729	0.941919288570219	40
-0.04009132019319	0.678955223189144	40
-0.112441890437047	1.36699419722901	106
0.012195011509609	0.868399144923048	106
0.11488128208914	0.751260077147732	106
-0.0941327196599589	1.22635446797148	106
0.058935892053271	0.748011957032957	11
0.071626466827705	0.757362760067747	11
-0.052349235443775	0.28573150884445	36
0.013294005891216	0.446258290706114	36
-0.043278986502271	0.949003804418651	70
-0.110886101559419	0.858098523511453	70
-0.110351399673786	0.870368564199149	141
0.117152344838467	0.402149606989856	11
-0.046886820301425	0.280814873586778	199
0.0574382941571751	0.349621087687944	4
-0.115514679591433	0.468387380319261	4
0.065827217839301	0.339713255506618	4
-0.109414113553394	0.382383047862396	4
0.08683329911631	0.170896697158849	4
0.08683329911631	0.170896697158849	4
0.0892059140188261	0.164395035335492	123
0.059401203002597	0.350841394669898	123
0.0862429326598661	0.167041246972049	123
0.080488026537788	0.169187072363845	51
-0.099290823679263	1.79016739610507	212
-0.108708332993741	2.24118661422002	212
-0.121951798033383	1.6030929000916	212
0.122372416787509	1.08857849730076	13
-0.036970980119365	1.12999172173972	13
-0.0803465271831439	1.32302034086711	13
0.035483404458345	1.29116703777284	13
0.110873333766723	1.38058053908366	13
0.039608466534609	0.939117035519796	13
-0.083583811887646	1.38476131550614	13
-0.113866226525879	0.978171088716672	13
0.119756712019629	0.804990489404321	13
0.039743133950875	0.870583313048806	40
0.056953466845879	1.07697819295302	40
0.057659369103098	1.07465666426454	40
0.085347264967141	0.981790897993559	40
-0.00636462616998101	0.906112949794492	40
-0.118594497471857	1.63892449852878	322
0.049603697680257	0.872078723273392	40
-0.017781639408664	0.581933871368831	106
0.08765924904695	0.689390537698869	11
0.108435352589668	0.409069580670905	11
0.0499777951384241	0.574440229909983	11
-0.033438544281246	0.692458988191336	70
0.116861920382049	0.588148970077186	70
0.050321442633106	0.341707066371338	141
0.110009574544285	0.415280049857507	87
0.0599711935687109	0.343903567353365	695
-0.117400008726765	0.380863384582247	4
0.00627617678094905	0.455141350570332	4
0.119188300174691	0.409727854591683	4
-0.048292438113117	0.293257647460578	4
0.085197509362389	0.168136000223553	4
0.085787297408971	0.172057081317188	4
0.086376878882243	0.16832657241939	4
-0.102825844975754	0.387391324505535	4
0.087423458561088	0.167226093944783	123
0.0838981217052	0.165506120532102	123
-0.047654549863588	0.287240119533882	123
0.087423458561088	0.167226093944783	123
-0.045855200142307	0.284875383722602	123
-0.0484226438188961	0.288663490857028	123
-0.049191102512402	0.287022737842076	123
0.08449579791781	0.165424444020366	123
0.086376878882243	0.16832657241939	51
-0.050609206593065	0.284969027461076	2
0.05132040440593	0.8305927816031	212
0.03530096774575	0.646094705013246	538
0.00495772781282	0.824465897151896	212
-0.014298908526574	0.558926691858511	212
-0.044805809343781	0.780650351755151	212
0.041402516886747	0.640714773347256	13
0.11665479754749	0.406158481282716	13
0.0169444737871129	0.447847120331633	13
-0.0419599315283961	1.75013403508713	40
0.082689795997165	1.24453414724322	40
-0.034790199655982	1.47133367268797	40
0.10454331746066	1.26487622400763	40
0.060869445814152	0.344764260535454	106
0.070951328260329	1.20235989747328	11
0.119952797260435	0.718172028825165	141
0.086376878882243	0.16832657241939	141
0.111989289521276	0.401431774191695	11
-0.046624533075872	0.286275403845535	4
-0.046754646570268	0.293511983266787	105
0.079893110633019	0.169267896660306	4
0.089798429935142	0.168097646736901	4
0.080933602903124	0.168170801532776	4
-0.045001390996917	0.284010053207826	4
-0.046754646570268	0.293511983266787	50
0.085787297408971	0.172057081317188	50
-0.032361936479531	0.704306698382922	123
-0.045827616640846	0.842819656600556	123
0.068580144904552	0.324711688764881	123
0.0862429326598661	0.167041246972049	136
-0.056851861860964	1.45861952981622	212
0.067960136385809	1.70503858094256	212
0.112789222350637	0.906289995196089	212
-0.113643495134763	1.3862503792225	13
0.03937957595084	0.916050090152735	13
0.082483114783058	1.13349267082849	13
0.07369486587597	0.762710665976566	13
-0.044464005470218	1.17145496605496	40
0.00791863050519703	1.5467919993814	40
0.013356552695035	1.34538956119	40
0.089956935184993	0.862038685048167	36
0.112276296684925	1.05133701890519	11
0.04818833598804	0.927150653001869	70
0.114520573704719	0.405927259941613	695
0.090745249431764	0.666841412487441	4
0.0862429326598661	0.167041246972049	4
0.08683329911631	0.170896697158849	92
0.086376878882243	0.16832657241939	4
0.081529104054024	0.168089776840781	123
-0.100390674888027	0.388013221051851	123
-0.11838022440921	0.829454025797875	123
-0.110792398387076	0.403513693056219	123
0.085787297408971	0.172057081317188	136
-0.046754646570268	0.293511983266787	136
0.088477444599492	1.05768652422423	212
-0.121800839124533	2.33191405381733	212
0.123730982745036	0.678923707943059	212
0.013279947463141	1.22165436160559	13
0.110758639089096	1.50138772435353	13
0.054020307673265	1.16451712523764	13
0.044266009524306	1.38916621709795	13
-0.00951988524614999	1.30935520205083	13
-0.050709903275309	1.34889774835822	13
-0.050604334963311	1.32136389066479	13
0.116897991028212	1.16511103657722	13
-0.114242291182282	1.58891257596183	13
0.066464342505942	0.966346688483073	40
0.014914448087875	1.23915455547157	40
0.102038830827507	0.592401570830333	40
0.04173235408845	0.90384802126326	11
-0.122063598975876	0.736569350438896	40
0.108400527511048	0.563905448244263	106
-0.089003575760646	1.24005387132554	106
0.047940844362071	0.343549141189238	11
0.0154038532516601	0.776322676676132	11
0.102554287080713	0.740677216571089	70
-0.095793920337668	1.02202630101409	70
0.083408282102013	0.706628206014815	70
0.080747180862776	0.510569115661833	141
-0.048292438113117	0.293257647460578	4
0.04719961275184	0.341065294811998	105
-0.102708523060132	0.395708434495422	4
-0.099411079137452	0.387364744476467	4
-0.105060327780243	0.402472756021541	4
-0.105805932391559	0.401078180427981	4
0.087423458561088	0.167226093944783	4
-0.043458934798463	0.284215957331135	4
0.0862429326598661	0.167041246972049	123
0.085197509362389	0.168136000223553	123
-0.0484226438188961	0.288663490857028	123
0.085787297408971	0.172057081317188	123
0.085787297408971	0.172057081317188	123
-0.05246806351705	0.288485668070392	123
0.085787297408971	0.172057081317188	38
0.001833025851112	0.972702972960513	212
-0.085539229310148	1.23130291794571	212
-0.044357966892442	1.15666976279795	13
-0.116172736702549	1.52513872721931	13
-0.098298572430879	1.10438042975278	13
0.101145447173371	0.400681442282406	13
0.026098000949861	0.691892882089552	40
-0.010131448773437	1.08208284393238	322
0.062216366990038	0.54516573682759	40
0.036825866194688	0.6383298428254	40
-0.015217594719661	1.04943518530216	11
-0.053242849964794	0.294303878876669	40
0.108392867448487	0.602471715219626	106
0.077047100902192	0.501445912990559	106
0.08607154812736	0.636422483557147	106
0.056591135451332	0.572879783359746	284
0.0862429326598661	0.167041246972049	11
0.107663528673579	0.412310625942661	70
0.11900362088318	0.406101865560509	70
0.118584784482159	0.404973147771712	70
-0.105060327780243	0.402472756021541	70
-0.123833846313092	0.495382448781421	141
0.00642533683913804	0.456863274161153	11
0.053388377913523	0.353661010410418	11
0.0903907372881	0.164566515651367	4
-0.0499599262892601	0.280707313383975	4
0.085787297408971	0.172057081317188	4
0.063622743068623	0.345653996338961	4
0.0862429326598661	0.167041246972049	44
0.086376878882243	0.16832657241939	4
0.087423458561088	0.167226093944783	4
-0.0531250205902279	0.285695500061086	4
0.087423458561088	0.167226093944783	4
0.087423458561088	0.167226093944783	4
-0.054793537122964	0.288585852088339	123
0.085197509362389	0.168136000223553	123
0.087423458561088	0.167226093944783	123
0.072034774704718	0.503596660708268	2
-0.046796345514341	0.919060730967664	26
0.042610194652059	0.912790335171747	212
0.024173727945809	1.16854071754485	13
-0.093500208341312	1.54891360736408	13
-0.0548279971528149	1.53491782284394	13
0.104415406924265	0.885323956714347	13
-0.108837170676996	1.21112550835596	40
0.092577771033006	1.01044264930423	40
0.0630743403002551	1.00184271216462	40
0.112894387245071	0.732307997016404	40
0.082485899041896	0.684279889122744	40
0.116391069946193	0.733945864152815	40
-0.012294600880563	1.13872459535784	11
0.082945716776629	0.707996000932066	106
0.074402038510754	0.688795395184311	106
-0.117844615847805	0.936769672206868	106
-0.054911469852063	0.28803751190422	11
0.042698601822058	0.561671242953679	70
-0.106641113651728	0.876730650092315	70
-0.0521186707636771	0.762035418316963	70
-0.121006416372864	0.935069459465823	141
0.011451961178478	0.447490024892578	11
-0.032892785090449	0.622829678641614	325
-0.100390674888027	0.388013221051851	325
-0.00267983040175201	0.406515802248247	325
0.047940844362071	0.343549141189238	325
0.072788423342889	0.50257389352244	4
-0.103452944574757	0.399788417138826	44
0.085197509362389	0.168136000223553	4
-0.045001390996917	0.284010053207826	4
-0.047654549863588	0.287240119533882	4
0.086376878882243	0.16832657241939	123
-0.052349235443775	0.28573150884445	123
-0.0484226438188961	0.288663490857028	123
-0.053242849964794	0.294303878876669	149
0.085197509362389	0.168136000223553	149
0.086376878882243	0.16832657241939	136
-0.0994018281351829	1.62906049032992	212
-0.084865171155128	1.80725167549409	13
0.08683329911631	0.170896697158849	13
0.11959918262282	0.936584977206527	13
0.018466128304382	0.441809406277203	40
0.083442869610054	0.837118622997963	40
0.108712756274221	0.574230891685486	11
0.121204992601852	0.572279405665903	11
-0.00108143541548	0.821619153468715	70
-0.037315589412845	0.955561086312482	70
0.056291865115143	1.00588695127552	70
-0.0757687976564539	1.32084714526617	70
0.015864121655627	0.840232691063507	70
0.032731728144185	0.737153886555401	11
0.094502134643085	0.656367313117274	325
0.073003353058414	0.501720196987557	325
0.01770548052078	0.44590933860767	325
0.045930143011806	0.32658652320503	325
-0.00859110239663896	0.50981949766612	4
0.0544187785318641	0.560413823408242	4
-0.03675472723924	0.622384119644706	4
-0.119634757592832	0.806460245532338	4
0.032194491906348	0.655012639019439	4
0.059401203002597	0.350841394669898	123
-0.0531250205902279	0.285695500061086	123
0.089798429935142	0.168097646736901	149
0.032232329735023	2.11590655220354	40
-0.004832964740761	2.05121497528026	40
0.106868609273448	1.26653542095501	70
-0.043658503353068	1.49204060995432	70
-0.080963772055159	1.20714660436663	11
0.064551846218824	1.07992593231715	11
-0.099640350639538	1.0136356619583	325
0.056347399661448	0.818428766164725	178
0.018815957488305	0.832112004526229	4
-0.00082833355938905	1.01512706858216	4
0.076928592271832	0.483763150882315	44
0.10672771850413	0.41230545621861	4
-0.038439647908829	0.769360197010563	123
0.080715375697717	0.72106064887194	239
-0.105923933980035	0.39287441988395	123
0.054126363308782	0.354756390165911	149
-0.00891385189664296	0.53931036363343	149
-0.11950646899809	0.490552796563347	149
0.072512688080367	0.777489341306293	212
0.076116134298335	0.898931848058364	212
0.101178372201442	0.763411737199751	212
0.048776970154801	0.916281211919437	212
-0.076665733509544	1.36871109408252	212
0.00348131948691299	1.05154648126688	212
0.06111450582294	0.816567498439854	212
0.068904747803399	0.764427603373061	13
-0.00394887383355702	0.967853464479571	13
0.0441195307871191	0.647387673403777	13
0.053879815513787	0.574513561130017	13
0.08683329911631	0.170896697158849	13
-0.050175769852584	0.889599290018157	13
0.045402498698657	0.644869701695089	13
-0.042862193650286	0.896954149731121	148
-0.042127282807647	1.0843168928924	40
0.075381267680308	0.972893805935395	148
-0.042647816705594	0.794895162496944	40
0.05681732184791	0.867966647451493	322
-0.047266305684425	1.04655955479512	40
-0.124153659744194	0.906863439441686	40
-0.030449540496064	0.623938312851081	40
-0.115567916169382	0.824298988645284	40
0.115316720073648	0.868448008182124	40
-0.104487207351475	0.895656520434005	259
0.086584361575579	0.604025648572288	11
-0.04918131754941	1.13146280592912	11
0.105503860048472	0.589907056230606	11
0.0604362748513529	0.75505690341548	106
0.050639103880945	0.332318881855185	11
0.059076360345697	0.349602890943051	233
-0.120978645677745	0.477341483800558	233
-0.015642081215086	0.552626559656001	11
-0.114124274147468	0.388059122898453	11
0.110779805257889	0.417183977985767	11
-0.104197754117244	0.400971085265102	11
-0.0229254055592411	0.530543149040255	325
0.08683329911631	0.170896697158849	4
0.0892059140188261	0.164395035335492	105
0.061034105971754	0.345637293575241	4
0.016792791263782	0.444728567752665	4
0.05850319330876	0.349928620978064	44
0.085197509362389	0.168136000223553	4
0.085787297408971	0.172057081317188	4
0.08683329911631	0.170896697158849	4
0.0862429326598661	0.167041246972049	123
-0.056096133480217	0.27783388342401	123
0.0903907372881	0.164566515651367	123
-0.056096133480217	0.27783388342401	123
0.0862429326598661	0.167041246972049	38
0.080488026537788	0.169187072363845	149
0.00974203987525202	0.776028088696938	212
0.059187922333115	0.573667082897608	212
0.124457327582274	0.705773415615274	212
0.111795203084777	0.594127359294672	13
0.000329300948720968	0.868927524416037	13
-0.109325194630499	1.01262747779149	13
-0.050913396112879	0.988868685163554	148
0.069268071816	0.816045071816575	148
0.045387968206776	0.951778395590756	40
-0.053010580984463	0.954231466619713	148
0.063218817843643	0.783029271283941	40
0.00829985348356799	0.957512831230126	40
-0.016015345104423	0.556214443573867	40
-0.0123948976675849	0.54936627161842	40
-0.043458934798463	0.284215957331135	259
0.111603509713413	0.598751297343612	106
0.098682706324103	0.586781645057852	106
0.086252424890131	0.480473391655977	233
0.081529104054024	0.168089776840781	11
-0.101928354460925	0.374561572047627	70
-0.0252915783490491	0.620668149937612	70
-0.10015445445867	0.386112408349974	11
-0.105805932391559	0.401078180427981	4
0.061988235590268	0.344896036750829	178
-0.046754646570268	0.293511983266787	4
-0.045855200142307	0.284875383722602	4
-0.053242849964794	0.294303878876669	50
0.081529104054024	0.168089776840781	50
-0.0484226438188961	0.288663490857028	239
0.08683329911631	0.170896697158849	38
0.0862429326598661	0.167041246972049	62
0.086376878882243	0.16832657241939	149
0.089798429935142	0.168097646736901	149
0.085197509362389	0.168136000223553	149
0.049029987039063	1.03853706690233	2
0.086202589405788	0.874488129249579	2
-0.101642366831356	0.373433368477491	212
-0.10027225527567	0.395819065604691	212
-0.122927753854746	0.496910787037679	212
0.079893110633019	0.169267896660306	13
-0.106867163806779	0.390237396705868	13
-0.017271313872724	0.548093340098414	26
-0.046195339529859	0.271315370791141	13
-0.112415636242558	0.37728745433017	13
0.086376878882243	0.16832657241939	13
-0.101016039611849	0.394480393592185	13
0.058752999592258	0.339496828776363	13
-0.101134480279266	0.389128837006033	13
-0.111651134030529	0.393963143269348	148
0.0892059140188261	0.164395035335492	148
0.079893110633019	0.169267896660306	40
0.085197509362389	0.168136000223553	40
0.0892059140188261	0.164395035335492	11
0.085787297408971	0.172057081317188	11
-0.0484226438188961	0.288663490857028	11
0.012828828765402	0.454465489336502	11
-0.0484226438188961	0.288663490857028	11
-0.046624533075872	0.286275403845535	106
-0.04739423199285	0.284668676734627	284
-0.049054492556778	0.279617701316107	11
-0.0499599262892601	0.280707313383975	11
0.085197509362389	0.168136000223553	11
0.085787297408971	0.172057081317188	11
0.085787297408971	0.172057081317188	178
0.085197509362389	0.168136000223553	178
0.08683329911631	0.170896697158849	4
0.08683329911631	0.170896697158849	50
-0.045855200142307	0.284875383722602	2
0.060869445814152	0.344764260535454	2
-0.047523359661614	0.295014290825509	212
-0.043329491313116	0.285059436298403	212
-0.050609206593065	0.284969027461076	212
-0.047523359661614	0.295014290825509	212
-0.054018007715216	0.294249733288003	212
0.062387577292974	0.333106617849627	26
0.122417950305557	0.20873571310998	13
-0.110905071354005	0.394018845038416	13
-0.107700150835958	0.389807648322987	26
0.04719961275184	0.341065294811998	26
-0.0484226438188961	0.288663490857028	26
-0.046754646570268	0.293511983266787	13
0.05850319330876	0.349928620978064	13
0.085787297408971	0.172057081317188	13
-0.115907418805369	0.380859172777307	13
0.087423458561088	0.167226093944783	13
0.08683329911631	0.170896697158849	13
0.085787297408971	0.172057081317188	297
-0.047523359661614	0.295014290825509	297
-0.054793537122964	0.288585852088339	297
0.085197509362389	0.168136000223553	148
0.085787297408971	0.172057081317188	40
0.086376878882243	0.16832657241939	40
0.087423458561088	0.167226093944783	40
0.086376878882243	0.16832657241939	40
0.085787297408971	0.172057081317188	40
0.085787297408971	0.172057081317188	11
-0.105884796201031	0.385473925114061	11
0.08683329911631	0.170896697158849	11
-0.054018007715216	0.294249733288003	106
0.086376878882243	0.16832657241939	106
-0.0484226438188961	0.288663490857028	106
0.08683329911631	0.170896697158849	233
0.08683329911631	0.170896697158849	11
0.08683329911631	0.170896697158849	70
0.085787297408971	0.172057081317188	11
0.0903907372881	0.164566515651367	4
-0.058773279590366	0.282452578066419	4
0.085787297408971	0.172057081317188	4
0.08449579791781	0.165424444020366	44
0.0903907372881	0.164566515651367	123
0.08683329911631	0.170896697158849	239
-0.106984204271453	1.15166639822124	2
-0.092422595720657	1.12279211419158	2
0.1053457936821	0.409182079251882	212
-0.046754646570268	0.293511983266787	212
0.00871721502797496	0.453450365706699	26
-0.05246806351705	0.288485668070392	212
0.0892059140188261	0.164395035335492	26
-0.044639176268052	0.266548438211652	13
-0.101878673130232	0.387863646627964	13
0.015880581966644	0.435005876552409	13
-0.030449540496064	0.623938312851081	26
-0.0484226438188961	0.288663490857028	13
-0.121280751434147	0.488477313904209	13
-0.045855200142307	0.284875383722602	13
0.054864000409373	0.353626971167267	13
0.058914739493257	0.349577153347283	13
-0.099647256586608	0.384205330933464	13
0.0574382941571751	0.349621087687944	13
-0.049191102512402	0.287022737842076	13
0.059401203002597	0.350841394669898	297
-0.047523359661614	0.295014290825509	148
-0.044101526573721	0.283460810017008	40
0.081529104054024	0.168089776840781	15
0.08683329911631	0.170896697158849	40
0.087423458561088	0.167226093944783	15
0.081529104054024	0.168089776840781	11
-0.109189469700836	0.402099384401498	106
0.085197509362389	0.168136000223553	11
0.080488026537788	0.169187072363845	11
0.086376878882243	0.16832657241939	11
0.080488026537788	0.169187072363845	105
0.0892059140188261	0.164395035335492	44
0.081529104054024	0.168089776840781	107
0.08683329911631	0.170896697158849	107
0.075590344757824	0.163215128746814	123
-0.017627895524467	1.59810955545321	212
0.11616571040277	1.37614188537409	13
0.114964149513802	1.05436434681026	26
0.116852078917815	0.833080907472951	13
-0.094118696718664	1.39456722721834	13
-0.0905699285895411	1.45475690497229	13
-0.0139868194182871	1.18800227228755	13
-0.036884003613013	1.53229208320334	40
0.117193545143021	1.02299592698294	40
-0.115712703106798	0.875181715343427	15
0.057075829247094	0.564729268199232	15
0.100807019084878	0.867098051674309	40
-0.0260799112764321	0.674877541835133	40
-0.015097795766806	1.34287828610325	106
0.00551208380229395	0.453966788385132	233
0.013124937398231	0.445968010885157	70
0.115785695262169	0.572480248268061	11
-0.106551926127618	0.396839034552724	11
0.054126363308782	0.354756390165911	4
-0.110792398387076	0.403513693056219	4
-0.0531250205902279	0.285695500061086	4
0.00913765914471498	0.423661301913007	178
-0.015250479380412	0.555157019132864	178
-0.024108869688932	0.612958187213654	4
0.054702575271572	0.34909335633396	4
-0.123833846313092	0.495382448781421	44
0.059073419365517	0.336326637024339	4
-0.12124886507689	0.374122592253224	4
-0.044229979096842	0.28561468782725	123
0.08683329911631	0.170896697158849	38
-0.044101526573721	0.283460810017008	38
0.094575070046741	0.936087370532274	212
-0.029338048383494	1.24550065900422	296
-0.050698855055035	1.97512709220713	212
0.075076220765233	0.707158080926018	13
-0.055402340784087	1.02751115469348	13
0.076392931061213	0.745452445985977	13
0.00865643711653097	0.839411365189798	13
-0.0122658922879439	1.04321296494685	148
-0.047356887563213	0.749379727009149	297
0.119677031921513	0.697114518498055	297
-0.107043797059244	1.34463380728672	297
0.00409953315702605	0.881973525954119	40
0.050950801987271	1.20711436104419	40
0.056955169698314	0.975393250421608	40
-0.00073014477946598	1.11796846844009	40
0.00373344603597203	0.936063006269693	11
0.06825820896308	0.711734386943115	106
0.046341869139982	0.569910492789668	106
0.117791937191352	0.973135267189506	106
0.034247808956519	0.925190818917195	106
0.070990005679154	0.970028007975525	106
-0.022460115002393	1.21763685635511	11
0.048110283130961	0.834196149810267	233
0.025040841539723	0.758921323517265	233
0.032016280849133	0.737088143313181	233
0.078659092043514	0.710163233286998	233
-0.012464554779581	0.524378717602883	11
-0.014689586629029	0.545238878888892	70
0.065011494921618	0.463903977704473	70
0.019493367598757	0.780358332917223	70
0.00718965805063998	0.458067467024913	70
0.047821509761477	0.641159480338525	11
0.067512584150293	0.555465431397485	11
0.046445411793917	0.649989042424172	11
-0.115775628536793	0.391241106190994	4
-0.103452944574757	0.399788417138826	4
-0.00765699389520402	0.524240280456524	4
0.064762629063587	0.326298855782269	178
-0.049191102512402	0.287022737842076	178
0.0796089262087441	0.485824132378279	4
0.120722283846075	0.406322739473044	107
0.085787297408971	0.172057081317188	707
-0.047523359661614	0.295014290825509	123
0.111549660891716	0.417178085475134	123
0.0105465513301241	0.44602543194586	123
0.052329898907736	0.345758011413012	38
0.08683329911631	0.170896697158849	38
0.087423458561088	0.167226093944783	579
0.085197509362389	0.168136000223553	579
0.086376878882243	0.16832657241939	38
0.090940286861437	0.631569813972056	212
0.089844019617022	1.75204564101103	212
0.053641925775136	0.607010112175784	212
0.099842927638725	1.25141217052621	13
0.084509992763843	0.646093430192721	26
-0.118117525788625	0.995356978502686	13
-0.042614503748657	0.806310385182605	13
0.111859294265037	0.59536074625524	297
-0.041910869717832	0.837554261622104	40
-0.048020493692994	0.880250845770957	40
0.028929825373518	1.03149253648315	15
0.032367342449614	1.03612874433989	15
-0.059146401436492	1.64752856612127	15
-0.012107817433481	1.19276162882989	40
0.05678071406547	0.588016190554111	106
0.027392455074905	1.14814056020673	106
-0.059209670716468	1.14771769698155	106
0.11428104781019	0.584488994525857	233
0.026695406465186	0.747849871915368	233
0.066320373226608	0.78242318430464	233
0.063756811593533	1.24038681455064	70
-0.044101526573721	0.283460810017008	11
0.014869434038968	0.752294479069661	4
0.0577686756801991	0.349935498232864	4
0.109239110393225	0.733638260076421	44
0.010445367106502	0.796716054353289	4
-0.020154416298392	0.526717410956436	4
-0.103570284443832	0.39717115846829	107
0.08683329911631	0.170896697158849	4
0.085197509362389	0.168136000223553	4
-0.0484226438188961	0.288663490857028	4
0.08683329911631	0.170896697158849	123
0.085787297408971	0.172057081317188	123
-0.016896649789775	0.539707485156631	123
0.067337590636634	0.310532655750197	123
-0.05314153103822	0.836430231546437	38
0.089798429935142	0.168097646736901	38
0.116328331667245	0.718324867705869	296
-0.044292324521031	0.694021435909299	26
0.056348181459934	0.570511608332539	13
0.015184749160181	0.846139812560624	13
0.065364158784469	0.960665039683436	15
-0.098575684759091	1.55140209808387	40
-0.00791936565213303	1.38868192748789	40
-0.0890926895743021	1.8527485224561	40
-0.043789899692683	1.45946539599583	106
0.0579371619033811	1.00943707796796	233
0.124827287434355	0.662702513774952	233
0.058648318429716	1.3717699789937	70
-0.054911469852063	0.28803751190422	11
-0.114307511106743	1.00807754945538	11
-0.109414113553394	0.382383047862396	4
0.00688470477462	0.449675309890447	4
-0.114281515113938	0.381803591356038	4
0.054126363308782	0.354756390165911	4
-0.105700441665798	1.06268580727646	4
-0.043329491313116	0.285059436298403	44
0.121593434669448	0.696831523457013	107
0.075328167210065	0.50327581771842	107
-0.105060327780243	0.402472756021541	4
0.085787297408971	0.172057081317188	4
-0.047654549863588	0.287240119533882	707
0.08683329911631	0.170896697158849	4
0.0862429326598661	0.167041246972049	224
0.085787297408971	0.172057081317188	123
0.060879176924618	0.575732864908782	123
-0.023003563539415	0.536156571733394	123
0.012516106860024	0.438327347488487	38
0.080900312504519	0.48514139212037	38
0.120887510181731	0.407414534004699	38
0.110455257042488	0.414075661913835	212
0.080532686527351	0.508474866200231	212
0.115886051115892	0.412882310218764	26
-0.0425578242822791	0.283664835390322	13
0.00293491356535602	0.448986434677366	13
0.119838083222508	0.716969452033614	13
-0.123833846313092	0.495382448781421	40
0.058920898965643	0.836684562846849	15
-0.044909449449605	0.839668998169378	11
-0.046624533075872	0.286275403845535	11
-0.014034467019046	1.17712336117778	4
0.035071111594657	0.709988967145764	4
0.0892059140188261	0.164395035335492	178
-0.042270589328318	0.675734265800867	44
0.0862429326598661	0.167041246972049	4
0.0862429326598661	0.167041246972049	4
0.0126340986058699	0.828075449411559	123
0.09111698032259	0.662942005926971	123
0.089798429935142	0.168097646736901	38
0.08449579791781	0.165424444020366	38
0.075478350759788	0.492420855204145	212
0.00675629702064295	0.936754688660066	13
-0.089743466613153	1.02735525651053	40
-0.058602992607835	1.41618506121383	40
0.082645942542146	1.1051598126922	15
0.001010106416649	1.15924289849011	40
0.00325577335787897	2.12107644292039	40
0.050243891635029	1.46607486863657	11
0.091539270536055	1.38510153883795	11
-0.122761603472971	0.493100935139209	106
0.041817626721211	0.820351655904819	233
0.00371272898396202	1.36574519295981	233
-0.00052698941568996	0.945067057164527	4
-0.00461272859237005	0.946544378159812	4
-0.0484226438188961	0.288663490857028	4
0.089798429935142	0.168097646736901	4
-0.098785847550116	0.390679040211389	178
-0.04238966108114	0.616971228896111	4
-0.098579351061955	0.99179878643671	4
-0.045855200142307	0.284875383722602	44
-0.116175785770399	0.918160079945742	44
0.08683329911631	0.170896697158849	4
0.085787297408971	0.172057081317188	4
-0.00670724651392696	0.525590739008737	123
0.098830379586369	0.621084797856926	123
0.115122553240623	0.399416232711237	38
0.01206325223823	0.453270661277657	38
0.08683329911631	0.170896697158849	258
0.046544526249765	0.649049622156601	212
0.043226818948832	0.666224191694228	13
-0.026252947417177	0.620462315788357	13
-0.0459862984931581	0.286698052875647	26
0.004844410153101	0.963120160554442	26
-0.011389876203181	0.543059481924135	13
0.050982267058251	0.565018294293579	13
-0.124807807594795	0.850145012411538	13
-0.030339347139462	0.605100743403289	13
0.074631685091483	0.725789742545327	40
-0.0160424821194231	0.544446476055292	40
-0.122492574809881	0.80587320233434	15
-0.0272139985640381	0.614741034791018	15
0.0964092992041941	0.896409837863697	233
0.109889227499464	0.7381985573254	11
-0.050609206593065	0.284969027461076	11
-0.00544337134490702	1.14112540789353	4
-0.105923933980035	0.39287441988395	4
0.0903907372881	0.164566515651367	4
0.0862429326598661	0.167041246972049	4
0.086376878882243	0.16832657241939	178
0.08683329911631	0.170896697158849	4
0.0892059140188261	0.164395035335492	4
0.0862429326598661	0.167041246972049	44
0.08683329911631	0.170896697158849	4
0.086376878882243	0.16832657241939	4
0.085787297408971	0.172057081317188	4
0.020605112532727	0.419333336547684	123
-0.041570569504357	0.704703597845224	38
-0.120339830566352	0.801641031315728	38
0.068415425438136	0.330248551739136	38
0.089798429935142	0.168097646736901	38
0.065257622697802	0.337353154065218	38
0.117724811276766	0.715634384029177	2
0.00952574933779005	1.6203754335251	13
0.050710245556311	1.05919412411923	212
0.107838374739761	0.623266655172681	13
0.043636380695716	0.65379901697873	26
0.092945228845879	0.664271561754618	26
0.075420212511208	0.490965888124584	13
-0.121769181664819	0.871396297426242	13
0.112144761728314	0.786195180575305	40
0.057357441086162	0.81459097023794	40
-0.007080955462204	0.511362768366626	40
-0.02726130807417	0.600081948640465	40
0.123141731220744	0.529412796810792	40
-0.035299364116595	0.678599502623888	40
0.048778749459506	0.573577424427756	106
0.053067292336348	0.344691375654636	11
-0.104433079355249	0.387882719501559	11
-0.047523359661614	0.295014290825509	419
-0.093587461649004	1.30714664430215	4
-0.047523359661614	0.295014290825509	4
0.123337552191137	0.664471771395748	44
0.08683329911631	0.170896697158849	4
0.0862429326598661	0.167041246972049	4
0.087423458561088	0.167226093944783	4
0.08683329911631	0.170896697158849	123
-0.117986707638697	0.810243803934664	123
-0.101760211423133	0.390391727188913	38
0.116050417244623	0.419504931669415	38
0.0903907372881	0.164566515651367	38
-0.124867327565519	0.500498930572146	38
-0.040571449366582	1.84283647926383	2
0.113626367929236	1.32734352074342	2
-0.064268447730274	1.45891847664099	212
0.085878138056703	0.83295571001194	212
0.027428517823853	1.39691710552128	212
-0.048200439976432	1.41704547620237	15
0.025516967813789	1.21454449899312	15
0.022921263003282	0.803130550489296	15
-0.014956031095516	1.13835239360252	106
0.107663528673579	0.412310625942661	11
0.047132273755088	0.612512635013318	96
0.0105028189278	0.932929710409683	11
0.075655563226244	0.49070613292568	11
0.114511006537483	0.421484908879288	11
-0.122021007116914	0.492038131551969	11
-0.05970704963359	0.276985299432773	4
-0.106669944765314	0.391585439651193	4
-0.105805932391559	0.401078180427981	4
0.052882919188356	0.340629965334289	4
0.115271690946921	0.403880998876342	4
0.00322935893988296	0.439419296011675	44
-0.116653518829835	0.382561741880538	44
-0.0378797584956651	0.787817377222515	44
-0.104942952058868	0.399589936707647	4
0.089798429935142	0.168097646736901	123
0.085787297408971	0.172057081317188	38
-0.046754646570268	0.293511983266787	38
-0.046754646570268	0.293511983266787	38
0.085197509362389	0.168136000223553	38
0.072648913450352	1.52861443040317	13
-0.037023671163503	0.803362035566906	26
-0.056512381667237	1.49066558896058	13
0.087071379167021	1.31315209580717	15
0.124449639496502	0.391831354250397	15
-0.108301415886613	0.880598852071906	15
-0.029160576958329	0.613526424608768	15
0.00784980812457803	1.45353037386333	11
0.092334489003543	0.643824137723289	11
-0.037760888120274	0.768553149203527	11
-0.049191102512402	0.287022737842076	11
0.044166425529978	0.565649134019037	11
-0.017662024432491	0.538452782694717	96
-0.00585788036998303	1.03279542796649	96
-0.042463507676877	0.879459098275521	11
0.051406493617041	0.889587711981812	11
0.085197509362389	0.168136000223553	4
0.063622743068623	0.345653996338961	4
-0.0531250205902279	0.285695500061086	4
0.116721187935576	0.40411661106445	4
0.055627960030507	0.558634273845814	4
0.056983982672549	0.565185868051135	4
0.123844366700807	0.534974846183058	4
-0.032320407809696	0.736418185763356	4
0.08683329911631	0.170896697158849	4
-0.046886820301425	0.280814873586778	4
-0.023667725689233	0.613740478323372	44
0.059401203002597	0.350841394669898	4
0.08683329911631	0.170896697158849	123
0.08683329911631	0.170896697158849	38
-0.122761603472971	0.493100935139209	38
-0.022328631355613	0.617083692536892	212
0.11251063604448	0.884107402210093	13
-0.050355796322933	1.17545242526156	13
-0.101126243685363	1.05663711698668	40
0.120794132211119	1.15659489107932	40
0.0162601138816491	0.828017646645196	15
0.104450855490859	0.698819915451828	15
0.12198439455433	0.387170551901833	15
-0.0634586394696109	1.50103096343014	106
-0.067316882121098	1.72513734233916	106
0.076081075266058	0.503353657666143	96
0.011451961178478	0.447490024892578	4
-0.039954458250128	0.271764042000058	4
-0.0484226438188961	0.288663490857028	493
0.07455483817538	0.164217032271281	4
-0.101134480279266	0.389128837006033	4
0.097849693960387	0.653954592809595	4
0.020565181341043	0.80851005474565	4
0.0524252861860141	0.576706337518281	4
0.080933602903124	0.168170801532776	4
-0.102822234400848	0.932465094023915	44
0.079893110633019	0.169267896660306	44
-0.054911469852063	0.28803751190422	4
0.086376878882243	0.16832657241939	4
-0.016808441334809	0.546950081959036	123
-0.050609206593065	0.284969027461076	123
0.110943797534456	0.412250406151585	5
-0.043458934798463	0.284215957331135	38
-0.04739423199285	0.284668676734627	5
0.012972285072348	0.445615541799511	5
0.080488026537788	0.169187072363845	38
0.0481187433179781	1.0987020102055	13
0.10317174045965	0.601423566535818	13
-0.095000119602455	1.1411382791093	40
0.065092738466746	0.343777978580431	40
0.080148889941987	0.487700983800465	15
0.050019912697613	0.642951322937195	15
0.012338150181744	1.31235562609288	106
0.055270124078173	0.858662769289342	11
0.0789243603858441	0.891701075312553	96
0.00175075613784004	1.29099906791228	11
-0.124556316268014	0.841862957843512	11
0.079243094726391	0.508248262464441	11
0.092768558433354	0.613499946440448	11
0.075304133325837	0.687521181365269	11
-0.111538440370534	0.400200425068191	4
-0.046754646570268	0.293511983266787	4
0.065092738466746	0.343777978580431	147
0.064522330328093	0.337379659970336	4
0.057635087992907	0.547055298901721	4
-0.011888822866893	0.526728464964734	4
0.05249002927014	0.352732992269332	4
-0.048292438113117	0.293257647460578	342
0.08683329911631	0.170896697158849	38
0.089798429935142	0.168097646736901	38
0.096701253875645	1.15610037301003	26
0.053541828391681	1.58136728262073	26
0.10957614851455	0.602778987445996	13
-0.00347825086860698	1.96434401042222	26
-0.056738241875526	1.67379218402756	40
0.052945302927768	1.56619392473039	40
0.077289334712098	0.924738973446861	15
0.028683421900465	1.18976775389167	15
-0.050578043166303	0.967328608432067	15
0.01770548052078	0.44590933860767	15
0.090007368015241	1.23562371999329	15
-0.036869645596924	1.24599728335588	106
-0.015250479380412	0.555157019132864	11
0.057598972616649	0.345085838208467	11
0.055601289525248	0.349993880829744	96
0.117753392052143	0.413853805678102	11
0.049986073227961	0.571017632941324	11
0.079028908364064	0.510390939208894	11
0.059401203002597	0.350841394669898	11
-0.115775628536793	0.391241106190994	4
-0.0533627783738621	0.282587365255919	4
-0.044229979096842	0.28561468782725	4
-0.04739423199285	0.284668676734627	4
0.08683329911631	0.170896697158849	4
0.081713706589345	0.506626214069102	4
0.087781839035955	0.652868842141655	4
0.115287682032549	0.405099644716645	4
-0.013347047819074	0.556934775693846	44
0.00657416525521204	0.451688794213143	4
-0.104433079355249	0.387882719501559	5
0.0862429326598661	0.167041246972049	38
0.060135496863141	0.348932711497458	10
-0.103570284443832	0.39717115846829	345
-0.01568106403801	1.2818643155419	212
0.097887736064394	1.05567134450819	13
0.016153622545215	1.24105361313716	40
-0.040245617435115	1.27692978378577	15
0.00566065338792399	0.453258488479617	15
0.047006016459742	1.0461020118026	15
0.079452334756755	0.901317031108112	15
0.060135153627355	0.896853267857713	15
0.027947689851253	1.17751186830958	106
-0.00921343898987603	0.928141214486815	11
0.116986611070056	0.402584215255755	11
-0.103570284443832	0.39717115846829	96
0.063622743068623	0.345653996338961	96
0.106382655276857	0.602030320628306	96
0.12126949326178	0.688014129708208	11
-0.110792398387076	0.403513693056219	11
0.067501978957111	0.491635515351444	11
0.064357913645409	0.345642582280234	4
0.080488026537788	0.169187072363845	4
0.052741617669899	0.612281858908259	44
0.085197509362389	0.168136000223553	44
-0.047523359661614	0.295014290825509	4
0.015120030655105	0.436832926453881	4
-0.098668090567121	0.386256445968112	4
0.085197509362389	0.168136000223553	123
0.085787297408971	0.172057081317188	123
0.080488026537788	0.169187072363845	342
0.086376878882243	0.16832657241939	5
0.085787297408971	0.172057081317188	38
0.0903907372881	0.164566515651367	162
-0.049191102512402	0.287022737842076	38
0.087423458561088	0.167226093944783	345
0.102426593159854	1.18532237772353	2
0.081588052088338	1.42341296045929	212
0.063801072613203	1.18656107663994	212
0.018573192732355	1.09845466136221	212
-0.022069889010038	1.45114984474663	13
-0.0857131101091551	1.27248551850724	40
0.056590165082556	0.573978838146353	15
0.071473392839128	0.962276462724434	11
-0.0000617256609479755	0.930895848785276	106
0.063534859991924	0.964396460169571	106
-0.122125755685587	0.934526227424866	106
-0.017662024432491	0.538452782694717	11
-0.040196348672889	0.765042610817713	11
-0.050609206593065	0.284969027461076	96
0.00340345288781296	0.933807488400763	96
0.124449639496502	0.391831354250397	11
0.086852105132349	0.474215011479594	11
0.053210868364156	0.573258735872895	11
-0.123124900146793	0.450628466545743	4
-0.018801394530509	0.552653821494245	4
-0.046886820301425	0.280814873586778	4
0.08683329911631	0.170896697158849	4
0.06182499220683	0.340133948729187	4
-0.013347047819074	0.556934775693846	4
-0.104394643722564	0.388529374224704	4
-0.10513953347627	0.388481642402878	44
-0.049191102512402	0.287022737842076	44
-0.111510666939091	0.383238020028914	342
0.058666563926571	0.350845916080234	38
-0.0498316496342051	0.285003959324924	345
0.071926139688785	0.99183619411762	296
0.12212737117434	1.20875361386391	212
0.078044520107568	0.93380129428588	13
0.000322787056007967	1.01720315480409	26
-0.087548463356295	1.35282171431307	26
0.108973782496282	0.772876196884009	13
-0.00473916532034602	1.06910473105027	13
0.00282326474185601	1.50368779095824	13
-0.00163731356282604	1.03682615704679	13
-0.00939314166856897	1.0330192091373	40
0.109066197897641	0.826634016619908	40
-0.0507422164136569	1.24094453018319	15
-0.116488062108825	1.91759169221486	15
0.010605671810914	0.872470992787774	15
-0.109646032400918	1.23372760631568	15
-0.075238029926311	1.60311173991484	15
-0.088761266656378	1.26182755319437	106
0.083496355010986	1.15228843202515	11
-0.0378942268457531	1.28433080961215	11
0.049522953288087	0.633382002535903	11
0.01770548052078	0.44590933860767	11
0.058666563926571	0.350845916080234	96
-0.049508762660007	0.82679817147523	96
0.113253434936561	0.412204228022768	11
-0.047540795715722	0.767386643581522	4
-0.00442022239592998	0.519851328954244	4
0.064193382453976	0.344850261588657	4
-0.099528858044896	0.394660390413121	4
0.060135496863141	0.348932711497458	4
0.059401203002597	0.350841394669898	4
0.0903907372881	0.164566515651367	4
-0.110680342946122	0.398741275988853	4
-0.104315111921589	0.401282435989275	4
0.053965407910314	0.352694427414485	44
-0.101760211423133	0.390391727188913	44
-0.108333248086911	0.390463047541965	44
0.0862429326598661	0.167041246972049	147
0.085787297408971	0.172057081317188	4
0.085787297408971	0.172057081317188	4
0.085197509362389	0.168136000223553	4
0.089798429935142	0.168097646736901	4
0.085787297408971	0.172057081317188	4
-0.050609206593065	0.284969027461076	342
0.08683329911631	0.170896697158849	5
0.079893110633019	0.169267896660306	162
0.083966485472578	0.493809172192564	26
-0.082169511523205	1.41309177191425	26
0.088866275013229	1.12896123212609	26
0.050244107814868	0.839085837084626	13
-0.116495007832388	0.89372621620701	13
-0.116921778529062	0.908150895587018	13
0.081069761365157	0.493163256608733	13
0.017248239723645	0.434404688488964	13
-0.033559494897714	0.622594720182705	13
0.045208463717037	0.641370735669823	13
-0.040860146784679	0.698626569095866	13
0.081183161197842	0.648338759810416	13
0.012977747100779	0.440769534724946	13
-0.035300706368963	0.627446540025902	40
0.073977930412373	0.497114596142153	40
0.060354100010569	0.334630662089294	32
0.109685896430929	1.06217961159342	32
-0.109684093068072	0.867278454622498	40
0.047569416459752	0.629710834167123	40
0.0416250550898381	0.915565860193093	15
0.08683329911631	0.170896697158849	11
0.070526382204151	0.499013012701659	4
-0.105884796201031	0.385473925114061	4
0.074948683440206	0.497180293270361	4
-0.045417057592797	0.271324986999171	4
-0.0533627783738621	0.282587365255919	4
0.086376878882243	0.16832657241939	4
-0.027245825501548	0.733322314598705	4
0.047021653303662	0.897110998337522	44
-0.045773170847948	0.277821529942339	44
0.081529104054024	0.168089776840781	147
0.08683329911631	0.170896697158849	4
-0.122125002460915	0.841612509818304	4
0.0768336193428461	0.501410681176428	2
0.010691261612025	0.445504349848693	212
0.029357510209903	1.48431120011227	212
0.067723083559136	0.773529652688733	13
0.00780029526346404	0.445694960341003	26
0.067477078842948	1.02343956066482	26
0.057484061317748	0.577613709003229	13
0.019212081181782	1.01237251732698	13
0.016482820235149	0.437644128390786	13
-0.113591158142321	0.440375878644855	13
0.08683329911631	0.170896697158849	13
0.057825768847536	0.325303588249497	32
0.118701073448003	0.864972964327438	15
-0.047018094080515	1.00712080671516	15
-0.053054822146569	1.93118149610198	15
-0.10027225527567	0.395819065604691	11
0.081252251852709	0.949114562928568	11
0.069163211442096	1.02332334940295	11
0.055811272970865	0.590282927331692	11
0.077731614472082	0.711526732189823	96
0.08683329911631	0.170896697158849	11
0.085197509362389	0.168136000223553	11
0.094981829860858	0.778914991065653	11
-0.0541369387785941	0.288077643282142	4
-0.107155971283279	0.93870643049944	4
-0.046624533075872	0.286275403845535	44
-0.043329491313116	0.285059436298403	44
0.085787297408971	0.172057081317188	4
0.08683329911631	0.170896697158849	4
0.086376878882243	0.16832657241939	38
0.11435085436161	0.558731958309292	212
-0.00193854639990398	0.432046850427461	13
0.0830005875488	0.497548643624061	13
0.00185532046838399	0.43409551532139	13
0.016422935741418	0.766912243126389	13
0.101184208180982	0.966221195702896	32
-0.018979386866524	1.51144982266229	32
0.122203013960346	0.908429569873969	15
0.0691109261819181	1.10053353901477	15
0.00357106971559296	1.42038609549874	15
0.033529820682437	0.675804548462891	11
-0.070013845562376	1.47130899686738	96
0.081529104054024	0.168089776840781	4
0.062887226429308	0.343828297050183	4
0.048304907829536	0.872227830515072	4
0.080488026537788	0.169187072363845	4
0.0862429326598661	0.167041246972049	4
0.111549660891716	0.417178085475134	4
0.086376878882243	0.16832657241939	44
0.086376878882243	0.16832657241939	60
0.087423458561088	0.167226093944783	4
-0.123668095045533	0.49799222790755	123
0.041734588299162	0.615429102422843	123
-0.112345833153138	0.934416503304186	123
-0.048656229386585	0.993267347603033	342
-0.029258163146989	0.615933384654135	5
-0.0499599262892601	0.280707313383975	38
0.085787297408971	0.172057081317188	10
-0.10758880520854	0.387497798618016	212
-0.0993549370166989	0.946785378228541	13
0.105792240776796	0.408927887494478	13
-0.124121975412346	0.500622741098262	13
0.121364923838934	0.837838666449444	13
0.116815866629122	0.39971498687168	13
-0.016808441334809	0.546950081959036	537
0.054126363308782	0.354756390165911	537
-0.00713758273241205	0.526335858304442	15
0.0407113967305091	0.939770037751893	15
-0.10517831230077	0.391745582569973	15
-0.044229979096842	0.28561468782725	11
-0.047782606858127	1.04642830700281	11
0.09202716727795	1.24675551132059	11
-0.105828870837403	1.07155981357326	11
0.07128076109569	0.502425024846645	96
0.110308011363536	0.400161546656523	11
0.077681309635355	0.486345548799575	11
-0.115339220983403	0.361661682514549	11
0.114625339266586	0.392545362405242	371
0.0809620548587771	0.50653161602722	4
0.00695504480690901	0.922987399931132	44
0.085787297408971	0.172057081317188	60
0.08683329911631	0.170896697158849	60
-0.099647256586608	0.384205330933464	4
0.085787297408971	0.172057081317188	4
0.085787297408971	0.172057081317188	123
0.11825661292199	0.407355579960602	123
-0.118555434101973	0.878093420055943	123
0.067452075444592	0.952297361134079	342
0.0106745039269071	0.990659446238085	5
0.080933602903124	0.168170801532776	162
0.081529104054024	0.168089776840781	55
-0.048123249542362	1.04556006771318	296
0.067794959514585	0.496379806280753	26
0.068415425438136	0.330248551739136	13
0.053965407910314	0.352694427414485	32
-0.105379098544569	0.387313086048967	537
0.011914585326521	0.458713523091728	537
0.105127928767962	0.725254021781703	537
0.092224335542648	0.677915013411488	32
-0.110905071354005	0.394018845038416	11
-0.047324496372856	0.973065659541115	15
-0.027983454768348	0.642105244454201	15
0.060135496863141	0.348932711497458	11
0.116187732493865	0.687824271057606	11
0.085197509362389	0.168136000223553	4
0.085197509362389	0.168136000223553	629
0.0242314886931611	0.987190665084971	4
0.085197509362389	0.168136000223553	44
-0.105688538771184	0.395386961752458	44
-0.123540741151247	0.481645439230933	44
-0.0238094044893959	0.623283735463902	44
0.086376878882243	0.16832657241939	4
0.079243094726391	0.508248262464441	123
0.086376878882243	0.16832657241939	55
0.110781328426559	0.415105277826469	26
0.118576351147253	0.791157594646596	26
-0.017184727731841	0.548091435783631	26
0.114957210261717	0.402060993037474	13
0.113577565394415	0.41892434837556	13
0.091458866111577	0.655462203908042	13
-0.123050045005042	0.486253897558015	32
0.118522183748863	0.40705378928397	15
0.0456306322757239	1.18855552180128	15
0.054492683797043	1.13653745095006	15
-0.122468138717107	0.496386370564999	15
0.110455257042488	0.414075661913835	15
0.018171900696401	1.1846335174526	11
0.099448620016066	0.979683569570502	96
0.115116930500905	0.416968246835331	11
0.060299690709468	0.347507718210125	11
0.0862429326598661	0.167041246972049	629
0.098167022202423	0.733774249598617	4
0.080488026537788	0.169187072363845	44
0.085787297408971	0.172057081317188	44
-0.052349235443775	0.28573150884445	44
-0.103692124550507	0.867355196081225	44
0.0903907372881	0.164566515651367	60
0.085197509362389	0.168136000223553	4
-0.123094100338616	0.491775567953273	4
0.08449579791781	0.165424444020366	4
0.085197509362389	0.168136000223553	123
0.11698422610345	0.417985472724271	123
0.111448412319628	0.392154154536335	123
0.019674063880227	0.762838318430457	4
-0.123247345015954	0.727933084096966	4
0.085787297408971	0.172057081317188	162
0.0838981217052	0.165506120532102	55
0.0498646650750571	0.624349086653078	13
0.067565534651071	0.778513673874104	26
0.085078214518032	0.45901094143032	13
-0.112823621007484	0.843894528141555	13
-0.020780543920473	1.103613258884	13
0.082953430281549	0.875474242120057	15
0.016922583148848	1.33119545084927	15
0.047288022007534	1.39649516357918	15
0.056244234759964	1.36121091830039	15
0.008055326931381	1.25171948035402	11
0.110636771469564	0.703654558831574	82
-0.124749123193101	1.3660090827925	96
-0.030670857741382	0.629563483197388	11
-0.030462251543118	0.668447821295213	11
-0.041353489708472	0.751177452603942	4
-0.024849316253984	0.621289807449447	4
-0.047523359661614	0.295014290825509	4
-0.044101526573721	0.283460810017008	4
0.08683329911631	0.170896697158849	4
-0.043329491313116	0.285059436298403	629
-0.042139600355597	0.877196200151839	4
0.053063404657427	0.936511387331008	4
-0.035386811490564	0.939769370484219	4
0.087423458561088	0.167226093944783	44
0.085197509362389	0.168136000223553	4
-0.047654549863588	0.287240119533882	4
0.00856950815532198	0.445721298454514	4
-0.124985439535008	0.481326208601651	4
-0.122927753854746	0.496910787037679	123
-0.049191102512402	0.287022737842076	356
-0.11950646899809	0.490552796563347	5
0.089798429935142	0.168097646736901	306
-0.108268319758009	1.75121799945963	13
-0.09110391611949	1.0733131178435	13
0.028811423775848	0.713122260564955	537
0.102096723083007	0.94194960221118	537
0.109828249137781	1.01908597425734	537
-0.031382834933256	0.730537155933796	15
-0.055028515478756	1.53058205918564	15
0.107098765890486	0.596331307953919	15
0.115906831813813	1.07868122601896	11
-0.12162681391015	0.832161893615503	82
0.110069920786381	0.908218272760771	96
-0.115981767474775	0.715889552325579	96
-0.045896406215914	1.04037312940107	96
0.054524573521998	0.339565064212773	4
-0.015063660022191	0.55999734798561	4
0.116986611070056	0.402584215255755	4
0.124419907230896	0.530037228098895	4
-0.102708523060132	0.395708434495422	4
0.081529104054024	0.168089776840781	44
0.0862429326598661	0.167041246972049	4
-0.04739423199285	0.284668676734627	123
-0.047523359661614	0.295014290825509	123
0.08683329911631	0.170896697158849	123
-0.111538440370534	0.400200425068191	5
0.087423458561088	0.167226093944783	184
0.086376878882243	0.16832657241939	184
-0.04739423199285	0.284668676734627	306
0.08683329911631	0.170896697158849	55
0.015960886623525	0.779806252449626	13
0.061174038062883	0.582500327634536	32
0.01299268290058	0.881178962329182	32
0.031745056707671	0.710126642738103	32
0.072354628045388	0.782325754971657	15
0.0624526932953891	1.21626905055682	15
-0.050460999878765	1.19238459706764	15
0.067721634408869	0.910561076235213	15
0.098629770239846	1.13121554982283	11
-0.062204681241157	1.38826624472995	11
0.030664204999748	0.754353371035912	82
-0.116266954656721	1.34104193123704	96
-0.00978145380531403	1.05968499173315	96
-0.046964378108706	1.39192131114072	96
-0.033439567873662	0.739652184407182	96
-0.029160576958329	0.613526424608768	96
0.058238359026589	0.569193389252424	703
0.031833850064184	0.693676447334688	4
-0.123502540797553	0.491808430569954	4
-0.046754646570268	0.293511983266787	4
-0.014876695865399	0.556581211661786	4
-0.100289002840835	1.08253357649457	4
0.064357913645409	0.345642582280234	44
0.092372879265617	0.609218030808071	4
-0.032156051336505	0.629088309608116	281
0.111390570465961	0.416542302962223	281
0.085787297408971	0.172057081317188	4
-0.037760888120274	0.768553149203527	4
0.086376878882243	0.16832657241939	55
0.086376878882243	0.16832657241939	55
0.071717412733379	0.504577355795301	13
-0.028001821034898	0.60837127943687	13
0.022327936040916	0.688563384843519	13
0.08616074520772	0.495204317863243	32
-0.0317637063460891	0.69198383605394	537
0.076377747764383	0.914525618827972	15
0.03255446763168	1.06230381471201	15
0.116149366524335	0.824784931324555	11
-0.00594334456768297	0.995937012843765	82
-0.011005480378612	1.3281620378164	82
0.026119365452849	0.766926975719736	82
-0.009275495719831	1.11590060783801	96
0.059221717744013	1.05350013081042	96
-0.111821870505131	1.44374560429754	96
-0.10493746751449	1.1198475631884	96
0.058094371715875	0.341696582187546	4
0.046147171623893	0.866545584343883	4
0.121337950045514	0.677131170431984	4
0.081529104054024	0.168089776840781	44
0.030491823035752	0.697708671714697	281
-0.054018007715216	0.294249733288003	147
-0.019857493589798	0.53046014927412	4
0.08683329911631	0.170896697158849	4
-0.114871376946494	0.389845073099351	123
-0.045001390996917	0.284010053207826	4
-0.028390635610631	0.533126065448131	4
0.114520573704719	0.405927259941613	4
0.08683329911631	0.170896697158849	184
-0.103336217764138	0.389293363777304	55
-0.12005580868386	1.74316760087358	13
-0.00348409902922497	0.981453563930961	13
-0.120802429805311	0.908391574752374	13
-0.036404243395689	0.759655080081924	13
0.032524402124602	0.711535080045837	13
-0.033645434771024	0.713678550962627	537
0.051812847031866	1.69764556803254	15
0.046669932273723	1.64892873642955	15
0.090694642865465	0.464180335273117	15
0.084160545330622	1.08239150562896	15
0.052911413646264	0.578337773849856	15
0.05328476307305	0.82612497785513	15
-0.068302343780238	1.5396916192009	15
-0.088006650434835	1.18731631976997	15
-0.087110568740133	1.22412756135057	15
0.099794222135652	0.808430352936214	82
0.0851934893966	0.959902229051011	96
0.100680098798383	0.757380573298538	96
-0.105060327780243	0.402472756021541	96
-0.00986365771145103	0.541201549452243	703
-0.033873695481748	0.677029296283274	11
-0.046144200267172	0.885316108609708	11
-0.056036309117018	1.06023249379007	11
-0.10526604707979	0.39696095146586	11
-0.046754646570268	0.293511983266787	4
-0.0484226438188961	0.288663490857028	4
0.048385185953953	0.642725383683998	4
0.033120671960797	0.655830808250674	4
0.117414163307546	0.807350575172989	4
0.028558612562981	0.760623734240374	4
-0.105805932391559	0.401078180427981	44
-0.051216127081225	0.878483385900673	4
0.085787297408971	0.172057081317188	281
0.080488026537788	0.169187072363845	281
0.087423458561088	0.167226093944783	4
0.058666563926571	0.350845916080234	4
0.085787297408971	0.172057081317188	123
-0.00980406063172101	0.535736707696834	123
0.053965407910314	0.352694427414485	4
0.085787297408971	0.172057081317188	55
0.087423458561088	0.167226093944783	55
0.062535169941179	0.750104190746685	13
0.036035071874896	1.02055926826145	13
-0.071416541152312	1.74022648969529	13
-0.049167850903488	0.886585921045647	13
0.117604086778668	0.668828599528811	13
-0.050674503868277	0.804320392150029	13
-0.122710008507431	0.84710963232755	13
-0.061987137718304	0.983124397451041	13
-0.031394350285607	0.63029208217264	13
-0.123076194314941	0.692070351659972	13
-0.060458050519458	1.18214575046201	13
0.029888253983953	0.719523208248037	13
0.109657782197932	0.875445782792405	13
0.088417533806152	0.960135789464383	537
0.079364776979251	1.29775067639126	537
0.064870504648711	0.550473959755272	537
0.041307174237028	1.82173524179845	15
0.054126363308782	0.354756390165911	15
0.081069761365157	0.493163256608733	15
-0.106669944765314	0.391585439651193	15
-0.041852828593787	1.51064670725838	15
-0.034138884497349	1.27581880226075	82
0.12178200024787	1.01173959622412	11
0.058829823888169	0.345684923166776	703
-0.054018007715216	0.294249733288003	11
-0.047523359661614	0.295014290825509	11
-0.114871376946494	0.389845073099351	89
0.086376878882243	0.16832657241939	89
-0.0886493318384271	1.05878492440079	4
-0.0484226438188961	0.288663490857028	4
-0.054018007715216	0.294249733288003	4
-0.0541369387785941	0.288077643282142	4
-0.103570284443832	0.39717115846829	4
-0.044229979096842	0.28561468782725	4
0.0191423239005361	0.777110323003077	4
0.103699921327116	0.772184754072803	4
0.093338779695817	0.779317476870156	4
-0.020372424507756	1.10712360442111	4
0.085787297408971	0.172057081317188	281
0.05923736583633	0.348035566536793	281
0.08449579791781	0.165424444020366	4
-0.047523359661614	0.295014290825509	4
-0.120722054725537	0.473605466067605	123
-0.02815710800417	0.667936017524419	4
0.085787297408971	0.172057081317188	55
0.086376878882243	0.16832657241939	55
0.038857237370125	1.93612616454426	13
0.096511581919464	1.48806819823223	13
0.052327725504783	1.23658088418862	13
0.00475491552918195	1.95644751963369	13
-0.062646304932604	1.63468296572262	13
0.013938951078222	1.29859163304713	13
-0.040952514003971	1.38660351865223	13
0.0233411320020071	1.8369904685205	13
0.114188780484315	0.996887842354914	13
0.043846225047898	0.891633518055691	13
0.110633328153106	0.901603339517524	13
0.00177777445083505	0.974907628390496	537
-0.025813054363378	0.604679282856828	537
0.030335221843986	0.996046714156383	15
-0.092988233756881	1.4455748947157	15
-0.056719949332084	0.93863953652562	15
-0.0816459083983651	1.39942858314988	15
-0.097847836747997	1.60292235003796	15
0.000791701099910003	0.972574832913674	82
-0.011314703809832	1.02342522222757	82
0.058761873547219	0.586555509164802	499
0.110141529048808	0.69932630318084	82
0.101470361060891	0.401689172595783	82
0.013133275231743	0.427484613449453	11
-0.032175535159471	0.684053460754484	11
0.00700300567238599	0.848338911368414	703
-0.123833846313092	0.495382448781421	4
0.070051204760199	0.323034921651679	4
-0.050609206593065	0.284969027461076	4
0.020143332548892	0.425521071076925	4
0.056304410590587	0.576777232861745	4
0.057605661519605	0.34200943351785	211
0.08683329911631	0.170896697158849	4
-0.048292438113117	0.293257647460578	4
0.053965407910314	0.352694427414485	123
0.085787297408971	0.172057081317188	123
0.011593618517124	0.429798169626612	4
-0.122761603472971	0.493100935139209	5
-0.0425578242822791	0.283664835390322	184
0.070189295971873	2.07202844108465	13
0.068897778682026	2.17124251027332	13
0.104344529930235	1.64220216954602	13
-0.003163348329842	1.43901272904228	13
0.077685170114349	0.886610328661925	13
0.04136589662018	1.42651460553809	13
0.021296374505858	1.04644128258598	13
0.120199137109353	0.836478750402709	13
0.054571667021257	1.11627168712325	537
-0.037984029477234	1.31671666798609	537
-0.087732938980492	1.62720489107557	537
0.049817080123592	0.616541099521029	537
0.014967929064832	0.777962968135387	537
0.047344640996064	1.36334531942049	537
-0.120829753756459	0.961184356686763	15
0.00681455362800798	0.877348271466283	15
-0.014588505149666	1.07338438426646	15
0.082219513259151	0.914909092287703	15
0.102849751577263	1.01218487070892	15
0.121049565205261	0.719593765978161	82
-0.104197754117244	0.400971085265102	11
0.051453814130058	0.626244392930444	11
-0.108521988930694	0.910515794609698	703
-0.113777290165547	0.892187416209847	703
-0.109934711839812	0.402025957303598	4
-0.046624533075872	0.286275403845535	4
-0.104197754117244	0.400971085265102	4
0.014358892489872	0.449874984893666	8
0.060135496863141	0.348932711497458	4
-0.048292438113117	0.293257647460578	281
0.085787297408971	0.172057081317188	4
-0.045855200142307	0.284875383722602	123
-0.043458934798463	0.284215957331135	220
-0.101878673130232	0.387863646627964	4
0.08683329911631	0.170896697158849	4
-0.104942952058868	0.399589936707647	280
-0.054911469852063	0.28803751190422	280
0.075109326904139	2.06940482133118	13
-0.010439847017886	0.541161169622557	13
0.074248683655807	1.23704682177923	13
0.063453557948407	1.24929806421428	13
-0.118320643405579	0.615204872046722	15
0.047940844362071	0.343549141189238	268
0.032651740310445	0.992991512869157	15
0.017591228448615	0.779362247667104	15
-0.105805932391559	0.401078180427981	82
0.058914739493257	0.349577153347283	82
-0.110905071354005	0.394018845038416	82
-0.046260443872575	0.933981685651771	11
0.086376878882243	0.16832657241939	4
-0.0448609652195739	0.893988783653682	4
-0.028503641290088	0.641817937008442	4
-0.038536577263093	0.82703296093265	4
0.057033812644456	0.34807264933404	4
-0.119596965744491	0.372825294592071	4
-0.050609206593065	0.284969027461076	8
-0.045001390996917	0.284010053207826	4
-0.048114652045396	0.279069598820766	4
-0.033863005895693	0.627521009605286	4
-0.105060327780243	0.402472756021541	4
0.0581766911871761	0.350689046183924	4
0.061252494536143	0.340898003171132	4
0.085197509362389	0.168136000223553	5
0.085787297408971	0.172057081317188	5
0.085787297408971	0.172057081317188	55
0.0627290125701661	0.814498183809057	13
0.00307361668079698	0.869510015809122	15
0.00399813872554	0.441857128440613	268
0.091690885462381	0.667671010067163	268
-0.104522620306315	0.393852899549381	15
-0.050542103926074	1.00446840526044	15
0.102408391640171	0.39898818999357	11
0.030950106554831	0.742616606999182	11
0.083078602412618	0.698102273876365	96
-0.051894750792353	1.00390988100677	11
-0.048292438113117	0.293257647460578	4
-0.047728112899615	0.696631032190628	8
0.087423458561088	0.167226093944783	4
0.022312582213492	0.747000915899493	4
-0.124243819386277	0.488054674553345	4
0.08683329911631	0.170896697158849	187
-0.123668095045533	0.49799222790755	4
-0.102708523060132	0.395708434495422	123
0.086376878882243	0.16832657241939	123
0.05249002927014	0.352732992269332	280
0.011149237199115	0.457483904096216	280
0.085787297408971	0.172057081317188	55
-0.122761603472971	0.493100935139209	55
0.038862741586002	1.35438046775519	13
0.081769664484172	0.826875820428963	13
0.022170632243716	0.740199124799122	13
-0.017950546630485	0.553672027722955	13
-0.034824414927485	0.631625397833973	13
0.041908185301081	1.80049865370697	13
0.082076335360644	0.481054502616883	537
0.0881728948096781	1.24739830557621	537
0.01388514786254	0.444063376525644	32
0.055960452682214	0.338049114814968	32
-0.045497147137845	0.764716701603325	15
-0.105060327780243	0.402472756021541	15
-0.117282004211139	0.487218844699455	15
-0.046195339529859	0.271315370791141	15
-0.00687662987330295	1.33879592585118	96
0.05543551380419	1.10092100749553	96
0.062697139947113	0.541207646714898	96
-0.033138653204044	0.681871771596075	96
0.019788721600865	0.758316621371619	117
-0.109301482020945	0.400382492872914	11
-0.101134480279266	0.389128837006033	4
0.050480333285023	0.341236063616774	4
0.085787297408971	0.172057081317188	89
0.059401203002597	0.350841394669898	4
-0.044229979096842	0.28561468782725	4
0.053227892679767	0.353815474784483	4
0.064193382453976	0.344850261588657	4
0.0893370080714631	0.649591775048997	4
0.072573883362365	0.49789246841834	187
-0.018223015798893	0.547946478184403	187
-0.036774579142167	0.695777804832015	4
0.085787297408971	0.172057081317188	123
-0.120413326918953	0.492026765234024	4
0.058666563926571	0.350845916080234	4
0.085197509362389	0.168136000223553	413
0.086376878882243	0.16832657241939	55
-0.046754646570268	0.293511983266787	55
0.08683329911631	0.170896697158849	55
-0.048164297240179	0.278472295144232	55
0.063458679242145	0.346724562479487	55
-0.0484226438188961	0.288663490857028	55
0.086376878882243	0.16832657241939	55
-0.103976881826122	1.75632031100524	13
-0.046994331150966	0.828511566283435	13
0.104938080825892	1.36753415745668	537
0.016333867279634	0.441769884064025	32
0.065343804427618	0.553873318078075	268
-0.030670857741382	0.629563483197388	82
-0.00116634258225101	0.433344621684097	96
0.059401203002597	0.350841394669898	4
-0.0541369387785941	0.288077643282142	4
0.080488026537788	0.169187072363845	89
-0.10526604707979	0.39696095146586	89
-0.104942952058868	0.399589936707647	4
0.00460727467184097	0.825997031072875	4
0.100844452047941	0.64487883138458	4
-0.118611849484064	0.822698382531218	4
-0.10526604707979	0.39696095146586	8
0.033848617411301	0.630672690845466	4
0.08648851021329	0.696783733648752	4
0.08683329911631	0.170896697158849	4
0.0722495509732271	0.500559717214477	4
0.105628854343368	0.396012564666543	4
0.081284030988354	0.504232423831948	4
-0.0531250205902279	0.285695500061086	187
0.08683329911631	0.170896697158849	4
-0.048292438113117	0.293257647460578	5
0.085197509362389	0.168136000223553	55
0.124348693069474	0.698919374884064	13
0.0246849939217571	1.20060522799604	26
0.023640192166949	1.56306509327834	26
-0.053925249185564	1.00147334313092	13
-0.081586381519823	2.08512484875605	13
0.070786215548269	0.319518681474409	268
0.072448058009301	1.43884901063668	15
-0.049508330939411	1.03049785270824	15
0.057237544017326	0.338425755045729	82
0.114661340166623	0.396466603396708	96
-0.096569387373862	0.966296976143567	96
0.053724752520787	0.881765850722692	117
0.024554646876528	1.04641528542404	117
0.08683329911631	0.170896697158849	89
-0.0484226438188961	0.288663490857028	89
-0.123668095045533	0.49799222790755	4
0.059729073798241	0.584292294465333	4
0.016333867279634	0.441769884064025	8
0.089798429935142	0.168097646736901	8
-0.050609206593065	0.284969027461076	4
-0.015315024714514	0.536457962574531	4
0.111549660891716	0.417178085475134	4
-0.020332972990742	0.547504752801197	4
-0.106669944765314	0.391585439651193	4
0.0903907372881	0.164566515651367	413
-0.10259181503417	0.388181198585998	55
0.114689865396126	1.07913624833129	13
-0.011427054088741	1.26677109991418	13
0.056097055583246	0.870565723813061	13
0.00803682878757395	0.86473987238647	13
-0.0997727114211751	1.10066239235823	13
-0.061725281974181	1.07781205718209	26
0.104192214041271	0.759155173483254	26
-0.044610944487944	0.889242338254499	13
0.047160072273187	1.25848211971336	13
0.036611134854617	1.01462021805866	13
0.00773902488712097	1.23310673010608	537
0.047675763479818	1.72982863641079	537
-0.04366131903284	0.871506558001847	32
-0.104315111921589	0.401282435989275	32
0.022627621932363	0.708965920631156	15
0.060552352714263	0.344950326208421	268
0.085787297408971	0.172057081317188	268
0.0630132894325111	1.06257696385584	82
0.081529104054024	0.168089776840781	82
-0.0498316496342051	0.285003959324924	11
0.108910460642633	0.414106922783999	11
0.122752532835704	0.39063010478208	11
0.089784898703449	0.693343027314388	117
0.107566845885292	0.596446130524081	117
0.012972285072348	0.445615541799511	11
0.012666003982667	0.422380897121099	4
0.0713759049060499	0.733215787197051	8
-0.047654549863588	0.287240119533882	8
0.0862429326598661	0.167041246972049	8
-0.04739423199285	0.284668676734627	309
-0.03681205352811	0.683486991097216	4
-0.123668095045533	0.49799222790755	4
0.0561067620267281	0.561434418351155	4
-0.047523359661614	0.295014290825509	187
0.085197509362389	0.168136000223553	4
-0.04739423199285	0.284668676734627	413
0.085787297408971	0.172057081317188	55
0.038384402960346	1.87643360809885	13
0.060157479728169	0.579024173728482	537
-0.020920392939221	0.54110945558273	32
0.09227632753477	0.683988705146228	82
0.053388377913523	0.353661010410418	82
-0.088509882105773	1.42114500890223	96
0.091856270037127	0.99188095488817	11
0.0577686756801991	0.349935498232864	4
-0.104197754117244	0.400971085265102	4
-0.0986906964823831	0.963674635625574	8
-0.044500575899088	0.961449925855971	8
0.077047100902192	0.501445912990559	4
0.053548747273492	0.346850803681659	4
0.081713706589345	0.506626214069102	4
0.087423458561088	0.167226093944783	5
0.089798429935142	0.168097646736901	5
-0.107611778278009	0.387201604545009	55
0.122538697501544	0.965685314576067	13
0.067431124346144	0.76609563829369	13
0.039141680281607	0.906566081786848	26
-0.046754646570268	0.293511983266787	32
-0.038819909752652	0.737404275695437	122
-0.10517831230077	0.391745582569973	15
0.0679434725805001	0.805329339726903	15
0.110737287651188	1.34678924109598	15
0.0804545605785379	0.88003531571928	15
0.10825502837644	0.744789719201742	15
-0.122902659986624	1.43717735406311	11
0.099757004199457	0.396878233800978	11
-0.124408776967719	0.496660676620739	238
0.0680108937263471	0.497695003993202	96
-0.097117231074943	1.13340335664777	117
0.085787297408971	0.172057081317188	4
-0.047654549863588	0.287240119533882	89
-0.045855200142307	0.284875383722602	161
0.058518223450414	0.584876065804176	8
-0.052349235443775	0.28573150884445	4
-0.031672834707683	0.658907228487553	4
-0.046754646570268	0.293511983266787	4
0.08683329911631	0.170896697158849	5
0.053548747273492	0.346850803681659	5
-0.059613070106973	1.56114295333475	13
0.00253679154864495	0.869975266781959	15
-0.113863612008809	0.461199255165469	11
0.114685209862646	0.405125024972409	96
-0.015642081215086	0.552626559656001	11
-0.047523359661614	0.295014290825509	4
-0.102708523060132	0.395708434495422	89
-0.04739423199285	0.284668676734627	161
-0.0531250205902279	0.285695500061086	309
-0.04739423199285	0.284668676734627	4
0.08683329911631	0.170896697158849	4
0.0550253108923871	0.351382680303874	4
0.085787297408971	0.172057081317188	55
0.032112650051193	0.677128499007557	13
0.123367152090011	0.556613580400698	26
-0.110378184882862	1.61209338757196	13
-0.056378905868294	1.14836663248671	13
0.036083939292326	0.648080953569145	13
-0.02765265622081	1.33474779056301	13
0.0111975909513931	0.906344422978282	537
0.063992698543068	1.02357688407504	537
-0.046624533075872	0.286275403845535	122
0.00795361734076305	0.456974459671229	15
0.036178667588623	0.644304653750284	15
0.044021524184152	0.633869145880804	11
0.106906147042931	0.406527890224788	238
0.05850319330876	0.349928620978064	11
0.11862773616227	0.573976806007817	117
0.066500324278047	0.490287318699902	4
-0.0603342368357111	0.282726621394517	1
0.060299690709468	0.347507718210125	4
-0.043329491313116	0.285059436298403	4
-0.120578216447127	0.483119204542189	4
-0.123668095045533	0.49799222790755	4
-0.106122937352436	0.390288272934811	4
0.080488026537788	0.169187072363845	4
0.079893110633019	0.169267896660306	4
0.085787297408971	0.172057081317188	4
-0.048114652045396	0.279069598820766	55
0.085787297408971	0.172057081317188	55
0.087423458561088	0.167226093944783	55
0.089798429935142	0.168097646736901	55
0.017926381048695	1.47874056714815	13
0.023260194738836	1.6434680317869	13
0.01617974494871	1.06221274167522	13
0.012645635377355	1.48834809317791	537
-0.124867327565519	0.500498930572146	32
0.085010637985711	0.668144947892935	15
-0.053702443418604	0.931859243614712	15
-0.11311151018803	0.885453022098924	82
-0.113220190052674	0.377528435564626	238
0.016690512186524	0.853769746021252	96
0.110965005229641	0.595193007519432	117
0.008042418184952	0.831414490695023	117
0.111966625665026	0.730316507496351	89
0.063050706747814	0.331964384203255	161
0.08683329911631	0.170896697158849	161
-0.10758880520854	0.387497798618016	4
0.01206325223823	0.453270661277657	1
0.080210039894967	0.504360512350739	4
0.058094371715875	0.341696582187546	4
0.00963163952952195	0.451870043583244	4
-0.110792398387076	0.403513693056219	4
0.085787297408971	0.172057081317188	128
-0.0484226438188961	0.288663490857028	55
0.123667871142495	0.952893258386566	13
-0.00397955609520495	1.43351193430498	13
0.024434341962444	1.33948990632019	537
0.02129947222411	0.752538319305813	537
-0.00738934468164798	0.528406270958186	537
0.014645000213981	0.440041033225346	32
-0.0484226438188961	0.288663490857028	32
-0.124460051031234	0.828797850489521	15
0.00380021184189006	0.935747112941081	11
0.08149867911809	0.508545685024563	238
-0.045048997607571	0.937178462867977	117
0.077995142635059	0.500210391963711	8
-0.013228093338682	0.524292037772657	8
0.099378598225533	0.634559035310564	4
0.087423458561088	0.167226093944783	1
0.08683329911631	0.170896697158849	4
0.0577686756801991	0.349935498232864	129
0.086376878882243	0.16832657241939	55
-0.048164297240179	0.278472295144232	55
0.00627617678094905	0.455141350570332	32
-0.110046745728292	0.403589764487181	11
-0.10517831230077	0.391745582569973	11
0.115287682032549	0.405099644716645	96
-0.056542842996488	1.14452666920213	96
0.101019096786842	0.760103004247194	117
0.053657792840089	0.601482466842154	4
0.049717692603322	0.631910537107839	8
0.079809692264828	0.718448245147717	8
0.086376878882243	0.16832657241939	1
-0.047654549863588	0.287240119533882	4
0.085787297408971	0.172057081317188	4
-0.044101526573721	0.283460810017008	4
0.0420937743027831	0.638897538706971	4
0.085787297408971	0.172057081317188	4
0.048997731392231	0.338840636994852	4
-0.122761603472971	0.493100935139209	4
-0.119801260909324	0.46888364605302	4
-0.04739423199285	0.284668676734627	4
0.109682111142236	0.41366128409266	129
-0.111538440370534	0.400200425068191	4
0.087423458561088	0.167226093944783	128
0.085787297408971	0.172057081317188	55
-0.052349235443775	0.28573150884445	55
-0.0397649495986711	1.54821894789402	13
-0.041553938248578	0.834915209497122	13
0.10698457491962	0.903795619627703	13
-0.00464941537738695	1.20926561789524	13
0.0995303029651799	1.35879384143012	537
-0.098411114446706	1.17312360610775	537
0.085787297408971	0.172057081317188	32
0.096709190844277	1.18414253469792	15
-0.103570284443832	0.39717115846829	238
-0.045086232845343	0.278564959869584	11
0.099052937665314	0.638994835369461	11
-0.031258401882673	0.706663027052231	117
-0.04739423199285	0.284668676734627	117
-0.045086232845343	0.278564959869584	89
0.081529104054024	0.168089776840781	161
-0.034979099713596	0.767451510171198	8
0.090492449217688	0.657465900887331	4
0.052312062473973	0.838713150469522	8
-0.124573932487454	0.496456072156921	1
-0.101878673130232	0.387863646627964	4
-0.049191102512402	0.287022737842076	4
-0.00910110673099496	0.536968562390125	4
0.059401203002597	0.350841394669898	4
0.05850319330876	0.349928620978064	4
0.062887226429308	0.343828297050183	129
0.0577686756801991	0.349935498232864	129
0.053548747273492	0.346850803681659	4
0.087423458561088	0.167226093944783	4
0.081529104054024	0.168089776840781	4
0.030900061336453	1.87665904203977	13
0.00036756996774201	1.19812832900407	13
0.06272363038988	0.346734412535549	537
0.004368132853657	0.940803891422595	537
-0.083326780291532	1.57947576048184	537
0.11791913138784	0.399705246272305	537
-0.014485987517995	0.55156397843816	122
0.021191107675879	0.412500019139299	122
-0.10223257415759	1.04206164572272	15
0.107826518334215	0.919052144590544	15
0.02986645566122	0.667830595726834	82
0.05923786136188	0.340210300884618	11
-0.014876695865399	0.556581211661786	96
0.05923736583633	0.348035566536793	96
-0.121090235231699	0.74122622763398	11
-0.116541198863398	0.48059210479369	11
0.00440510093105795	0.911566254813637	714
0.085787297408971	0.172057081317188	89
-0.04739423199285	0.284668676734627	89
-0.101016039611849	0.394480393592185	161
-0.10027225527567	0.395819065604691	161
0.0596835541106841	0.57881746409891	8
-0.0434777858987631	0.840250316578213	4
-0.037138126178987	0.808711171580362	1
-0.116826425391781	0.460127570214326	115
-0.104315111921589	0.401282435989275	129
0.089798429935142	0.168097646736901	4
0.08683329911631	0.170896697158849	4
0.08683329911631	0.170896697158849	4
-0.043458934798463	0.284215957331135	55
-0.049191102512402	0.287022737842076	55
-0.045855200142307	0.284875383722602	55
-0.0533627783738621	0.282587365255919	55
0.0494779487864	1.34108950702105	13
0.085011808632943	0.908471914159575	13
0.083768994427282	0.710301792875715	13
0.063991147218803	0.919051601040813	13
-0.051765016980428	1.65512258543841	13
0.019564903937606	0.690893798213824	13
0.096392312061788	1.37247609634164	13
-0.021187586959271	1.16659783621145	13
0.05808682684366	1.40414937365481	537
0.124321657867313	1.01829139169847	537
-0.035987219275846	1.93991124225886	537
0.076508107678637	0.494218793247961	32
-0.106122937352436	0.390288272934811	122
0.121216826523287	0.386515394764164	122
0.056500480869464	0.346718129005221	122
0.0595644392854781	1.47889848542881	15
0.116378855689945	0.414470565614356	15
-0.052349235443775	0.28573150884445	96
-0.104942952058868	0.399589936707647	96
-0.119671752833252	0.49333249059756	96
0.055601289525248	0.349993880829744	96
0.036689484645776	0.683682550924582	96
0.00978249796191	0.449425694042583	96
0.0577686756801991	0.349935498232864	4
0.085787297408971	0.172057081317188	8
-0.038557054224747	0.832797488877135	1
-0.101134480279266	0.389128837006033	1
0.031415310938094	0.696734136814691	1
-0.037000450490446	0.697081042574247	1
0.095817427775496	0.63375634788715	4
0.0903907372881	0.164566515651367	4
0.085197509362389	0.168136000223553	4
-0.010626580760518	0.543195666506024	4
0.011765578920238	0.456321422035079	4
-0.124121975412346	0.500622741098262	4
0.086376878882243	0.16832657241939	4
-0.047654549863588	0.287240119533882	4
-0.110046745728292	0.403589764487181	55
0.081529104054024	0.168089776840781	55
-0.011153545528428	2.05784704795688	13
-0.046181116934597	1.00058617950556	13
0.062862811975744	0.572146676517711	13
-0.037651275298431	1.87756822906393	13
0.05249002927014	0.352732992269332	13
-0.083452955755007	1.27585280215707	537
0.093416365384856	0.989679322921629	537
-0.101878673130232	0.387863646627964	122
0.08463697713414	0.703406003010766	82
-0.059553556675675	0.28644149206145	96
0.0616482960768	0.33004164445398	96
-0.046624533075872	0.286275403845535	161
0.089798429935142	0.168097646736901	1
-0.0459862984931581	0.286698052875647	177
0.080488026537788	0.169187072363845	4
-0.122593485691632	0.553518378437319	4
-0.106754062863174	0.393702092785586	129
0.08683329911631	0.170896697158849	4
-0.115996169143662	0.442968191265256	4
-0.054018007715216	0.294249733288003	55
-0.119440694572625	1.72328226587867	13
0.087308957683899	1.08171059923852	13
0.087832886502992	1.00698369885716	13
0.09218431172291	1.05079473119146	537
0.031666732079366	1.38518698500865	537
-0.090048050698382	1.3344584082917	32
0.105034362189843	0.970474874031169	122
0.121126571470498	0.558861119356258	122
0.094280722047523	0.94983843022166	15
-0.035860491896327	0.714447987744526	96
-0.032441842862395	0.701733834564313	96
-0.052360569827087	1.05663191173543	11
-0.099998748253511	1.41749249927874	11
0.041907580802681	0.630315210255773	58
0.095347109947996	0.444497908200071	1
0.12338457427123	0.527558411344691	1
-0.025014604812886	0.599548900478141	1
0.010383525760553	0.453816201241046	1
0.090159799979885	0.458761066175869	4
0.054126363308782	0.354756390165911	4
-0.104315111921589	0.401282435989275	4
-0.117449079077052	0.4820137351782	115
-0.047523359661614	0.295014290825509	129
0.119188300174691	0.409727854591683	4
0.016482820235149	0.437644128390786	4
0.099188948793786	1.11586316909071	13
-0.084463285041438	0.996934473097995	13
0.042850732366543	0.977225061433203	13
0.099367254287727	1.26501735026471	13
-0.100560940050024	0.969526789731938	13
-0.032484179039869	1.05561372712559	537
-0.016694204506864	0.532043991863793	537
0.074010995895143	0.722542524228219	32
0.063294501073718	0.338323064568738	122
0.081529104054024	0.168089776840781	122
-0.119391915317305	0.467225392386857	32
0.017422293997284	0.752952772973828	15
0.118136912878668	0.870653525001802	82
-0.012464554779581	0.524378717602883	96
-0.044229979096842	0.28561468782725	96
-0.110080056447535	0.851471793904548	11
0.0193935928769861	0.775441331529588	11
0.04083783630536	0.934633371071977	58
-0.00308388844196095	1.04448769657369	58
-0.046754646570268	0.293511983266787	716
0.019993607064613	0.428514296016829	161
-0.02128512767786	0.547364737034491	8
-0.025596751836549	0.624218750886673	8
0.085787297408971	0.172057081317188	1
-0.00285531852135201	0.433414006293951	1
-0.023801068799106	0.5366055999753	1
-0.105060327780243	0.402472756021541	4
0.086376878882243	0.16832657241939	157
-0.049191102512402	0.287022737842076	4
0.087423458561088	0.167226093944783	55
-0.036929174028987	1.70483301802323	13
0.11467447942764	0.417979352553564	13
-0.0294635686510341	0.636663863184157	122
-0.110046745728292	0.403589764487181	32
-0.098785847550116	0.390679040211389	32
-0.101878673130232	0.387863646627964	11
-0.113076459862098	0.806487194089569	96
0.085787297408971	0.172057081317188	96
0.111549660891716	0.417178085475134	96
-0.0190253803524451	1.18543988824589	58
-0.121319534751172	0.481903037796014	58
-0.110046745728292	0.403589764487181	716
0.087423458561088	0.167226093944783	716
0.048681724682529	0.343499433365014	161
0.08683329911631	0.170896697158849	161
0.095734391574677	0.388571397928441	8
0.042000404116446	0.657594892406165	8
0.030156923073158	0.713111910600434	1
0.025567736178266	0.706012780151776	1
0.069416289756393	0.475759618322762	4
0.012364368507412	0.445929466337232	115
0.012516106860024	0.438327347488487	4
-0.0425578242822791	0.283664835390322	157
0.012364368507412	0.445929466337232	4
-0.106122937352436	0.390288272934811	98
-0.081598663794108	1.19523301780156	13
0.051769561045825	1.42828834166114	537
-0.056172195676127	0.864539278229258	122
-0.045086232845343	0.278564959869584	122
0.08707999378054	0.698184211201877	82
-0.054018007715216	0.294249733288003	96
-0.089093018979	1.45214314895003	11
0.090575559859942	0.833135082604357	58
0.00246021270047703	0.434142094479404	58
-0.123502540797553	0.491808430569954	161
0.105955539300876	0.413359667210352	8
0.108392867448487	0.602471715219626	8
-0.110017119322988	0.383245763440631	1
0.087423458561088	0.167226093944783	177
-0.028503641290088	0.641817937008442	1
-0.033153355671243	0.697757569522692	115
0.071066528784782	0.502168972167724	4
0.08683329911631	0.170896697158849	129
-0.122927753854746	0.496910787037679	129
0.057033812644456	0.34807264933404	4
0.085787297408971	0.172057081317188	4
0.005716370275482	1.78891331832412	13
-0.0134768464523189	1.8115588726046	32
-0.0224967945444	1.43485390890033	32
0.081388486382274	1.11632577019633	32
0.118522183748863	0.40705378928397	122
0.081137211754892	0.875542123641614	122
-0.116337641077542	0.813524474047599	32
0.048681724682529	0.343499433365014	122
-0.104942952058868	0.399589936707647	96
0.119188300174691	0.409727854591683	96
-0.0486804313467341	0.692820028502284	11
-0.050051169864588	1.09666397409279	58
-0.123959011849802	0.499000487557343	8
0.085787297408971	0.172057081317188	8
0.116550427122183	0.396225175952674	1
0.0703123039201991	0.501013513347105	1
-0.058621054101125	0.278556193540223	115
0.014038059373271	0.440251583512453	115
0.059401203002597	0.350841394669898	4
-0.046754646570268	0.293511983266787	157
-0.018312188719651	0.544290470184725	4
0.086376878882243	0.16832657241939	4
0.00551208380229395	0.453966788385132	4
-0.053242849964794	0.294303878876669	4
-0.044229979096842	0.28561468782725	4
-0.109189469700836	0.402099384401498	55
0.086376878882243	0.16832657241939	55
-0.101509388935648	2.03436880145147	13
0.021276702391958	0.705634700699751	13
0.08334073295016	1.50020341064921	13
0.085690482316412	0.654332535119304	32
0.067046793950705	1.31990337074567	32
0.06594591126143	1.13871913595884	32
0.077104789271955	0.742629804048164	122
-0.0230688429764631	0.621314152851881	122
0.116050417244623	0.419504931669415	122
-0.102813843866225	1.11427137072741	32
0.095984967295489	0.771621031865561	15
0.077791943500491	0.67448207060576	82
0.059963566884478	0.578737507735812	82
0.058363190598959	0.55322079625449	96
0.124945603950071	1.06583177117473	11
0.042257197399133	0.65797061473015	58
-0.029467379910623	0.641547342771965	1
-0.115342970853605	0.854898466658115	115
-0.045855200142307	0.284875383722602	115
0.085787297408971	0.172057081317188	115
0.0885032878509761	0.483156216657412	115
0.103312448079268	0.399092323521099	4
-0.109078079203507	0.390412988128343	4
0.012972285072348	0.445615541799511	4
-0.04889194014585	0.284438306185666	311
-0.10513953347627	0.388481642402878	55
0.114813173684208	1.43407196363519	13
0.00299719825092804	1.87338800773546	32
-0.00581367759850904	1.14100459089856	32
-0.028821198854069	0.734743460479802	32
0.0857365410366871	1.01178741958776	122
-0.046886820301425	0.280814873586778	122
0.0769829819182301	0.478114759905946	122
-0.0358279921224119	1.32769800718224	15
-0.00370676091910704	1.16514754738303	15
0.067977895948813	1.06019805017816	15
0.0865036219234681	0.68288997439382	15
0.043775984756	0.889201218925087	15
0.113098082335363	0.41174761039694	82
0.116152825770009	0.577434008024662	58
-0.04889194014585	0.284438306185666	58
-0.046754646570268	0.293511983266787	58
-0.116467039954361	0.847319665738603	1
-0.119952977205904	0.761033617644235	1
-0.119690236756847	0.977877206020486	8
-0.013025648683573	0.524000411941872	1
0.085787297408971	0.172057081317188	115
-0.11950646899809	0.490552796563347	115
-0.119671752833252	0.49333249059756	4
0.120120307746823	0.408257873960929	4
0.0903907372881	0.164566515651367	311
0.0838981217052	0.165506120532102	4
0.085197509362389	0.168136000223553	55
0.0639928211752701	1.3640386175487	13
0.118420749524449	0.408918407144548	32
-0.096971973784299	1.28820146196151	32
0.021262908876487	0.735137358193939	122
-0.114501699377352	0.440881518347807	122
0.029113646771504	0.761156227857633	174
0.119641599199958	0.715256032698954	58
-0.017184727731841	0.548091435783631	58
-0.099528858044896	0.394660390413121	58
-0.109301482020945	0.400382492872914	57
-0.032209502861163	0.630537284661502	1
0.08149867911809	0.508545685024563	1
-0.0498316496342051	0.285003959324924	1
0.115452716002917	0.405892400322703	1
0.04223254081383	0.613186241030578	1
-0.047523359661614	0.295014290825509	1
0.013594042075902	0.453377929849276	115
0.060135496863141	0.348932711497458	115
-0.053242849964794	0.294303878876669	115
0.057605661519605	0.34200943351785	115
-0.124649448464218	0.556758179837337	4
-0.103452944574757	0.399788417138826	4
-0.050609206593065	0.284969027461076	311
-0.046754646570268	0.293511983266787	55
-0.054793537122964	0.288585852088339	55
0.06889844617695	1.11221564052162	13
-0.0960096693957509	1.14027762961195	13
0.112050343137124	1.15603808450582	13
-0.01244665880128	1.31840042139889	13
-0.039176291565747	1.28630170991373	13
0.103293062752223	0.922640317525788	13
0.036460136911567	0.732815726671049	537
0.0618488470747131	0.575857580162149	122
0.031786946659124	1.06077846414425	32
-0.058773279590366	0.282452578066419	122
0.00352038480286399	0.824974852287475	15
0.054026695661056	0.799225327756012	15
-0.014391063744987	0.575103721987444	82
0.019493367598757	0.780358332917223	96
0.122586716211163	0.399762835947602	96
-0.11010074802293	0.947624686068517	11
-0.0134150041776659	0.532647129279888	58
0.065827217839301	0.339713255506618	58
0.06182499220683	0.340133948729187	58
-0.047523359661614	0.295014290825509	58
-0.106009861142112	0.396896030639877	58
0.118584784482159	0.404973147771712	8
0.060135496863141	0.348932711497458	1
0.110173167949889	0.40836368695096	1
-0.044055003123268	0.701791082207337	1
0.00520047228583997	0.445898779859514	1
-0.104522620306315	0.393852899549381	1
0.056871265269587	0.342031865820043	1
-0.109189469700836	0.402099384401498	115
-0.047523359661614	0.295014290825509	115
-0.047523359661614	0.295014290825509	4
0.059076360345697	0.349602890943051	4
-0.105923933980035	0.39287441988395	4
-0.043753720860599	1.49675832347774	13
-0.025212249118886	1.4491528559365	13
0.018006570552244	1.22761397780286	13
0.073781478450394	1.16065641171178	13
0.088678235453372	0.898476694598478	13
-0.122663508002571	1.48764783879567	13
0.072550115407282	1.11025509850244	13
-0.051801499360168	1.29260515282782	13
-0.053019300317008	1.10732104193791	13
-0.054091385983729	1.37826343383165	13
-0.057843692989913	1.60867551065551	13
-0.047034235101564	1.04942310113721	537
0.091035665267566	1.04023172072836	537
-0.013913844651269	1.13551156584949	32
0.123598202404334	0.513208571658271	32
0.109922187793496	0.393064035124785	122
-0.047149554120184	0.824111646470299	122
0.051952242828933	0.840304469438286	174
-0.053242849964794	0.294303878876669	82
0.010118206126177	0.952063250823543	11
-0.122339353418676	0.819698628838838	11
-0.039185580376796	0.830126064672365	58
0.052431711517275	0.574222724026091	58
0.10611874955532	0.412355866270293	8
-0.019425328086224	0.608283608004212	8
-0.123094100338616	0.491775567953273	1
0.053388377913523	0.353661010410418	1
0.00977956919499301	0.442801769825493	1
0.060463774358359	0.337871769148019	1
-0.034816969960398	0.698665184899395	1
0.0862429326598661	0.167041246972049	4
-0.046754646570268	0.293511983266787	4
-0.105060327780243	0.402472756021541	4
0.086376878882243	0.16832657241939	129
-0.049061882270823	0.286540728227666	4
-0.045001390996917	0.284010053207826	98
0.080933602903124	0.168170801532776	55
0.080933602903124	0.168170801532776	3
-0.107298309361317	0.387188787216323	3
0.085787297408971	0.172057081317188	3
0.012839528321179	0.830223360501798	13
-0.11489917363798	0.899901707566867	13
0.014511390326139	0.867602355305639	13
-0.030633310848166	0.753829858570965	13
0.014935190399242	1.14518353768931	13
-0.049906407624521	1.03680094109446	13
-0.012481946415997	1.06698997709369	13
-0.051672383772657	1.18899048796933	13
0.11792690125911	0.84060692693979	537
0.0680260729275241	0.969746557160431	122
0.057038279416093	0.836426306674611	15
0.097789218853082	0.816352579550116	174
0.036773340871863	0.649610386074456	82
-0.039570538567162	0.71563743738741	11
-0.037789095554713	0.706577121420864	11
0.0637866917805861	0.335681630612601	58
-0.116726015948985	0.890210591897898	58
0.115886051115892	0.412882310218764	58
-0.124408776967719	0.496660676620739	1
-0.104197754117244	0.400971085265102	1
0.063458679242145	0.346724562479487	1
0.0595649301171109	0.347518228230897	1
-0.047523359661614	0.295014290825509	4
0.085787297408971	0.172057081317188	4
0.08683329911631	0.170896697158849	4
-0.105805932391559	0.401078180427981	169
-0.106009861142112	0.396896030639877	4
0.08683329911631	0.170896697158849	3
0.0507361993366791	0.8799964004094	13
-0.042964079832407	0.763631845039165	13
0.084578290422088	0.697350488639852	13
0.027714312989494	1.41671114726805	32
-0.0348336748074231	0.699992479493647	13
0.082163990906872	0.655301337868087	13
0.124784579151492	0.78102673250718	537
-0.092729455914514	1.24562607840594	32
0.094841678402924	0.956355355049418	122
-0.08889175401189	1.4351157976257	122
0.124758306392322	0.922466185579051	122
0.085631596963394	0.65727285463631	96
-0.04821141738105	1.13606430458424	11
-0.047109625942401	0.761445898010989	206
-0.117214953054167	0.820959302039614	11
-0.119243476134616	1.08045589558057	58
0.074574894864363	0.50118958441632	8
-0.054911469852063	0.28803751190422	1
-0.121558657669608	0.483768960709601	1
0.038969533124229	0.683316363474931	115
0.104619089305034	0.616218651743567	1
-0.0267751552493351	0.609106944412596	1
0.0862429326598661	0.167041246972049	115
-0.043458934798463	0.284215957331135	4
0.081529104054024	0.168089776840781	4
0.080488026537788	0.169187072363845	129
0.089798429935142	0.168097646736901	169
-0.123959011849802	0.499000487557343	169
0.012217529097483	0.428657198838501	169
0.00308230390505704	0.447452527889433	4
-0.099528858044896	0.394660390413121	4
0.0903907372881	0.164566515651367	3
0.086376878882243	0.16832657241939	3
0.059401203002597	0.350841394669898	3
0.06440392826548	0.814674645935175	13
-0.040710061376955	0.75320734534055	13
-0.00469081577528896	0.891321071325142	13
-0.04612557548101	0.83438566037508	13
0.052269393094586	0.837041380141286	13
0.031944410759112	0.715605133953988	13
-0.00000394982884799333	0.973350332063819	13
-0.121589805789732	1.0364989039163	13
0.055624635566582	0.574509834427177	32
-0.052701043100894	1.86751220990836	32
0.00849418822547499	0.834618281767951	13
0.0521416854210141	0.628400309904309	13
-0.0499560270621901	1.32801372406595	537
-0.071487092778535	1.33798891875889	122
0.026048727501221	0.752758459327715	15
0.027017130246775	0.936953946633323	174
-0.0135792766898249	1.02924059778579	82
0.0776898326736	0.466087671883632	206
-0.046542175158876	0.869534862895384	206
0.066266163859211	1.00814931039829	58
0.12411930898153	0.388855611724092	1
0.087423458561088	0.167226093944783	1
-0.124243819386277	0.488054674553345	1
-0.096101908909223	1.44684000864854	1
-0.045044866643559	0.835698818641693	1
0.116884528947471	0.402056841883619	1
0.08683329911631	0.170896697158849	115
0.0862429326598661	0.167041246972049	4
0.0862429326598661	0.167041246972049	4
-0.047654549863588	0.287240119533882	169
-0.105884796201031	0.385473925114061	4
-0.023801068799106	0.5366055999753	4
-0.044101526573721	0.283460810017008	4
0.074463120989405	1.22888086867078	13
-0.123986770902142	0.827345070057878	13
0.110009574544285	0.415280049857507	13
0.076492345480055	0.723432452261486	13
0.076071779194682	0.898870216171597	13
0.046278268682923	0.636527007778157	13
0.016792791263782	0.444728567752665	13
0.0550253108923871	0.351382680303874	13
-0.122310225509106	0.73912958596471	13
0.011294360511688	0.873534741976535	13
0.092941914188286	0.461813967979209	537
0.089270425967681	0.849427724105611	122
-0.03249991096392	0.830082494791094	122
0.0889439038598679	0.816014981448343	122
0.074984677962656	0.509495985467631	122
0.054501717432785	1.12891620697075	15
-0.02245338026907	0.548963200267416	15
-0.044699020083288	0.902194549929603	15
0.010142864800887	0.827544146098618	15
0.10781698293039	0.885676525622489	174
-0.028684819842013	1.46501779755408	174
-0.034960892179144	1.13073940158665	82
-0.02542457294169	1.35254223895761	96
0.029229093914463	1.2872184440595	11
0.00630228259658605	0.434142379378805	206
-0.047523359661614	0.295014290825509	58
0.0574382941571751	0.349621087687944	58
-0.097925488378782	0.38247857723712	58
0.109911515270183	0.855483958431228	58
-0.118930520361694	0.492264183920144	8
0.0838981217052	0.165506120532102	1
-0.098978085352003	0.897433667494074	1
-0.116193343695424	0.939977028924461	1
-0.052349235443775	0.28573150884445	4
0.00886781402027303	0.455371929982851	4
0.0858255001185469	0.470027097413397	169
0.031011490467147	0.756033127813581	4
0.085787297408971	0.172057081317188	4
-0.044101526573721	0.283460810017008	3
0.057440581583539	0.830609257215261	13
-0.046526542294372	1.36349363366023	13
0.120120307746823	0.408257873960929	13
-0.020732552116059	0.542473866184172	13
0.051978289039858	1.43224302575169	13
0.111658173378161	0.391898619838057	13
-0.014485987517995	0.55156397843816	13
0.058567720979668	0.32523051937668	13
0.013124937398231	0.445968010885157	13
0.0782789564262401	0.651483202299925	13
0.012502229844114	0.753960326862645	13
0.066974380824358	1.01463422352317	13
-0.049966106319897	1.03705005132773	122
0.058339712783033	0.340218869706224	15
0.096854664848945	0.652938119839176	15
0.110941467267201	0.708066125950735	82
-0.0498316496342051	0.285003959324924	11
-0.088205764453177	1.12249424072501	206
0.041973761124403	0.893728816985389	58
-0.099411079137452	0.387364744476467	58
-0.042586265744781	0.931744868830971	58
-0.04739423199285	0.284668676734627	1
0.053379869209007	0.576292151471217	1
-0.120813482048059	0.478022457792326	1
-0.08071910574593	1.14494729173607	1
-0.110046745728292	0.403589764487181	1
0.087423458561088	0.167226093944783	4
0.016032012261283	0.446651138970942	4
-0.109189469700836	0.402099384401498	169
0.030156923073158	0.713111910600434	169
-0.047523359661614	0.295014290825509	169
-0.037446266889673	0.674880952605197	4
0.00721084245536097	0.822812102501902	4
0.085787297408971	0.172057081317188	3
0.08683329911631	0.170896697158849	3
0.014815497472367	1.38658110139104	13
-0.00725680992371403	1.4180102380332	13
0.107136769084993	0.930556869379669	13
-0.050578355876164	1.12339788655523	13
-0.055152502888582	1.10988773869487	13
-0.049699287056579	0.996118078463974	13
0.083438775746288	0.698309475636984	13
-0.00210378970235703	1.03809797091062	13
0.070928137414017	0.70581131893838	13
0.041887481948589	0.936560447645102	13
-0.046044066224221	1.1351648170429	122
-0.057256844299561	1.49921355752366	15
0.11363489180235	0.5788394586442	15
0.087023010034433	1.17978328642699	174
-0.032867546099054	0.736308073638261	11
-0.022160316721233	1.32878273116662	11
0.107979536182889	0.605014060700354	206
-0.109352054365271	0.839446082059428	58
-0.120248641162942	0.486791159571472	57
0.06182499220683	0.340133948729187	8
0.0595649301171109	0.347518228230897	1
-0.098668090567121	0.386256445968112	1
0.0703123039201991	0.501013513347105	1
0.0645906171102411	0.821530372437377	1
0.071495383789465	0.497174433651529	1
0.055401436585333	0.336517194151593	1
-0.047523359661614	0.295014290825509	115
-0.106669944765314	0.391585439651193	4
0.085787297408971	0.172057081317188	4
0.105955539300876	0.413359667210352	4
0.111390570465961	0.416542302962223	21
-0.0484226438188961	0.288663490857028	4
0.054702575271572	0.34909335633396	4
0.085787297408971	0.172057081317188	4
0.087423458561088	0.167226093944783	3
-0.043458934798463	0.284215957331135	3
-0.030782254651758	1.38953102087462	13
0.0465453270616381	1.12834445924209	13
0.089479883503811	0.811767499826972	13
0.0584730975340499	0.580725544354884	13
-0.11530626265652	0.895625610743491	537
0.090135823666295	0.646672823198935	32
0.12204667887906	0.938669561719475	122
0.039669415178581	0.691176701148455	15
0.060231378418712	0.787496161078035	96
0.080097327852488	0.688162447838496	96
0.09530362470078	0.671449484721454	96
0.00657416525521204	0.451688794213143	11
0.00961735438939204	0.88061734091667	206
-0.035229092004618	0.769441190784061	58
0.0718203884949929	0.501152535702933	58
0.011451961178478	0.447490024892578	1
-0.10482618773135	0.384158350667426	1
0.0782114030365531	0.506338958366446	1
-0.109301482020945	0.400382492872914	1
0.114520573704719	0.405927259941613	355
0.087423458561088	0.167226093944783	4
-0.020519037727455	0.551148215163271	169
0.00733907720181304	0.455266246525808	21
-0.105805932391559	0.401078180427981	4
0.085787297408971	0.172057081317188	3
0.089168686349824	0.877390118744547	13
0.108482257828023	0.588992127295045	13
0.051872627246968	0.643643710135212	13
0.113455288660423	0.590893201212482	13
0.080841238282567	0.486796486239715	13
0.100092560387814	1.34495267841244	32
-0.021895248241115	1.06602967403477	122
-0.016686707783481	1.65536366992948	122
-0.027539581072704	0.636847610624693	15
-0.098785847550116	0.390679040211389	145
-0.041017032213762	0.821935125026474	145
0.00829742856939597	1.41393129090513	15
0.038483432891231	0.973628061222092	15
-0.00295143620184102	0.994545670568172	11
0.094486266097645	1.04292337206273	96
0.088550660872795	1.45642565235848	11
0.119064451424545	0.524798722530651	206
-0.056366064930744	0.976962185223293	206
-0.105060327780243	0.402472756021541	58
-0.085106922056387	1.39716302839866	58
0.081048991475871	0.717003044718284	58
-0.044130261338322	0.7470006401871	58
0.118092375099426	0.39715392141772	8
-0.048715886431181	0.75927497465761	57
0.061809127220043	0.317689555936478	8
-0.10482618773135	0.384158350667426	1
0.019844975868212	0.770202577937154	1
0.071952444294656	0.711294928615006	1
0.053639991022617	0.578949268620461	1
-0.116257747090808	0.465061258652975	1
-0.045719072408308	0.948710665249613	1
0.08683329911631	0.170896697158849	114
-0.048292438113117	0.293257647460578	114
-0.052349235443775	0.28573150884445	4
-0.054018007715216	0.294249733288003	4
0.0892059140188261	0.164395035335492	21
-0.047183150257861	0.923040458382859	4
0.089798429935142	0.168097646736901	35
-0.120708771723223	0.473228831985207	648
0.087423458561088	0.167226093944783	3
-0.051573822235243	0.280338014590295	3
0.116867245680987	0.712197136658988	13
-0.00677585133827297	1.07316096474948	13
0.011451961178478	0.447490024892578	13
-0.0000671272935209855	0.406579050642864	13
0.119609371242935	0.392319195861938	32
0.103889973135757	0.587911108679227	13
0.00536318300977501	0.443902381874538	13
0.063630574565677	1.03440300902547	32
0.015270874217311	0.446607746659945	537
0.061872337430255	0.703978253236263	32
-0.087060347871055	2.24778647965337	156
0.0824224011954911	1.23633997837365	15
-0.060304207466493	1.02302382755813	15
-0.04413042334651	0.760617228346589	82
-0.09718327220408	0.373502951552597	58
0.080488026537788	0.169187072363845	11
-0.031814227545784	1.32839563046092	58
0.06923707555584	0.492568742527904	8
0.119955478172205	0.40888123890847	8
-0.039693363050426	0.698725676932704	57
0.054864000409373	0.353626971167267	8
0.086376878882243	0.16832657241939	57
0.0862429326598661	0.167041246972049	1
0.00798595567825899	0.958352601168398	1
-0.120724193405981	1.06296168506198	355
0.0862429326598661	0.167041246972049	115
-0.043329491313116	0.285059436298403	114
-0.049054492556778	0.279617701316107	114
0.085787297408971	0.172057081317188	4
0.08683329911631	0.170896697158849	4
0.08683329911631	0.170896697158849	129
0.00185532046838399	0.43409551532139	4
-0.049191102512402	0.287022737842076	4
-0.012525554698933	0.526379981632354	648
0.109220127748726	0.886300491795222	13
-0.014198915060741	1.28295293428897	13
0.047613324612459	0.93760059145621	13
0.062035996969856	0.926195462428357	537
-0.082800415442717	1.35857348795263	32
0.000392471057785948	0.918214816772787	122
-0.102509040645394	1.32208875771568	15
0.086920449579816	0.885364912366722	11
-0.043140533945084	1.16245080309765	11
-0.0948092150486019	1.14508008151272	11
0.073559929073454	0.924484159524436	85
-0.101634095187803	0.870840228233225	85
0.099843374199416	0.632728142690322	11
0.111348625317499	0.59713821772291	58
0.0599711935687109	0.343903567353365	8
-0.050474587937375	0.824077541445525	1
-0.123157470329009	0.849147826468043	1
-0.01784917011538	0.548501014821444	1
0.0742311511300771	0.505898023478594	1
-0.0499599262892601	0.280707313383975	115
0.08683329911631	0.170896697158849	4
0.087423458561088	0.167226093944783	21
-0.119837239519321	0.482093812297581	21
-0.100277042248169	0.374195782138661	21
-0.106551926127618	0.396839034552724	4
-0.106551926127618	0.396839034552724	648
-0.00909242715505298	0.997547980237826	122
0.00733907720181304	0.455266246525808	82
-0.046754646570268	0.293511983266787	11
0.053804338011009	0.341299138069217	11
-0.095656275926253	1.08170942371814	11
-0.040079722148976	0.956347764571498	85
-0.104197754117244	0.400971085265102	58
0.06272363038988	0.346734412535549	8
-0.118041060041546	0.878161334806608	243
0.079780979089051	0.510493090803223	1
0.089798429935142	0.168097646736901	1
-0.119671752833252	0.49333249059756	1
0.038069620925005	0.642840213611821	1
0.085787297408971	0.172057081317188	114
-0.054793537122964	0.288585852088339	4
0.085787297408971	0.172057081317188	21
0.010388492806735	0.434099742049712	21
-0.019753322649429	0.552495096885335	4
-0.047523359661614	0.295014290825509	4
-0.047523359661614	0.295014290825509	35
-0.053901178030179	0.280470847983215	648
-0.047523359661614	0.295014290825509	3
-0.088554615377836	1.18559271620815	32
0.084688568994809	0.836895967581824	13
-0.110549889821844	1.26510415346168	13
0.084293139476088	0.963168635288406	13
0.0967587724400401	0.829773395935232	32
-0.055644288255036	0.959483938865421	15
0.067078398714554	0.956831096262993	174
0.061174038062883	0.582500327634536	11
0.050518652482739	0.81607069867445	11
0.023981274718047	0.700162408482936	85
-0.047463979763971	0.948185192585243	85
0.095006248002518	0.648220747532319	11
0.014491177403841	0.434862251177952	58
0.057931579328706	0.348963005068508	8
-0.025596751836549	0.624218750886673	8
0.11231914177793	0.415251465711994	8
0.014808879011684	0.431108434516978	57
0.107309474705269	0.602888122071607	1
-0.031388527787254	0.600326485115163	114
-0.107700150835958	0.389807648322987	114
0.085787297408971	0.172057081317188	21
-0.109934711839812	0.402025957303598	4
0.00269429793022902	1.3472079252371	289
-0.092264613405142	1.4684953416258	13
0.012572386048898	1.24634780718966	13
-0.054489433251394	1.34748269985776	13
0.112307004895488	1.04487532325959	13
-0.00249623345676397	1.15085138078964	32
-0.030970091077646	0.622506940914317	122
0.011765578920238	0.456321422035079	145
-0.110164465745621	1.56713285999618	174
-0.10408100853951	0.388033410294784	82
-0.119977116529626	0.829249118037064	11
0.054365399155259	0.337995870006266	11
-0.05076043301816	0.927799706274781	85
0.0368492062339441	0.704377776682591	85
-0.111429837599021	0.799657010006937	85
0.102653997504385	0.780756650327781	85
0.044527196166809	0.616880470471217	57
0.00642533683913804	0.456863274161153	1
-0.108419464185517	0.985037703677303	1
0.110009574544285	0.415280049857507	1
0.086376878882243	0.16832657241939	1
-0.10408100853951	0.388033410294784	114
-0.122761603472971	0.493100935139209	21
-0.124475102159796	0.568387000750011	21
0.079893110633019	0.169267896660306	21
0.085197509362389	0.168136000223553	21
-0.124408776967719	0.496660676620739	4
-0.00116634258225101	0.433344621684097	277
0.087423458561088	0.167226093944783	648
-0.04739423199285	0.284668676734627	3
0.085787297408971	0.172057081317188	3
0.066461018149893	1.03286319996154	13
0.069716445471216	0.978966670722888	289
-0.087987195133088	1.12013986617812	82
0.110218604968269	0.580032210474777	11
0.00978249796191	0.449425694042583	11
0.091304091193761	0.797433583345194	11
0.031398616773067	0.705463498799888	85
0.086230727002484	0.650211378891663	11
-0.116523247877246	0.38941945032049	58
-0.122927753854746	0.496910787037679	8
-0.012838758575471	0.530562948432883	57
-0.00193854639990398	0.432046850427461	1
0.017857415069012	0.44377661581096	1
0.113753092898952	0.405162755660412	1
0.10441759437383	0.400569384981213	114
-0.054793537122964	0.288585852088339	114
-0.0459862984931581	0.286698052875647	4
-0.111510666939091	0.383238020028914	21
-0.104197754117244	0.400971085265102	21
-0.122761603472971	0.493100935139209	21
0.080933602903124	0.168170801532776	3
0.010171172069766	0.920207395995341	289
0.091184647652825	0.640849071280995	13
0.073606203861167	0.942825690071556	537
0.103251364410275	0.909753395467915	537
-0.122034661328213	1.29968063903002	122
0.00437212654529595	0.928169595100139	122
-0.055432566965349	1.12732469713369	145
0.079129403959074	0.918518858304107	145
-0.105870316798532	0.933677448618289	156
0.052641330572745	0.816408606156092	145
0.07614007681516	0.933053385717725	15
0.00750674017541098	0.445975574011134	82
-0.0348571699289461	0.587872245086654	11
0.0565043359872151	1.12923332623929	11
0.068959523213897	0.699774299359092	85
-0.0230688429764631	0.621314152851881	58
0.047264091055947	0.637884819274245	58
0.05212124798923	0.329835534387991	8
-0.031690239898125	0.644364530621929	8
-0.032596941310289	0.629849083203839	57
0.0826805560728911	0.498343716626855	489
-0.029485477081632	0.612503899208292	489
-0.03141327866621	0.630523634671931	489
0.0165253642729361	0.828114900726324	1
0.053067292336348	0.344691375654636	1
0.00637473649319698	0.933389336350107	1
0.016032012261283	0.446651138970942	299
0.05542528445928	0.331852992200003	114
-0.1225956501658	0.477478786289299	114
-0.053901178030179	0.280470847983215	114
-0.049061882270823	0.286540728227666	114
-0.043458934798463	0.284215957331135	114
-0.047523359661614	0.295014290825509	81
-0.047523359661614	0.295014290825509	21
-0.044873930414249	0.277293515210302	21
-0.050609206593065	0.284969027461076	253
0.085787297408971	0.172057081317188	21
0.0571962489024011	0.344875585973427	648
-0.045417057592797	0.271324986999171	648
0.072429676814577	1.44913209765403	13
0.112270098100482	1.60369376031302	13
-0.123403382970972	0.762347619322008	289
-0.11967221533239	0.781568415911737	32
-0.0450030193618191	0.755136374008086	32
-0.0393145437482551	0.75559473715623	13
-0.038999386564515	0.90472408354765	13
0.00982642262578504	0.822305341968309	13
-0.118326895688788	0.940252195605832	13
0.064026620504656	1.52105346803687	13
0.045700721352536	1.18518921419993	13
-0.117850091589915	0.988969737192349	537
0.118851978732282	0.393763294747828	537
0.036288463703324	1.10295803934358	122
0.04581483603634	0.895660338030071	15
0.113127700922243	1.23401136789471	15
-0.063955294423219	0.99473240439676	11
-0.00575721879090196	0.520908595670199	85
0.087916056801838	1.26446595676427	85
0.113753092898952	0.405162755660412	85
-0.121280751434147	0.488477313904209	11
0.056956307409581	1.44248285064745	11
0.05888679661374	1.15152179275208	58
0.111549660891716	0.417178085475134	57
-0.043329491313116	0.285059436298403	57
-0.124573932487454	0.496456072156921	8
-0.101016039611849	0.394480393592185	489
-0.036156060982472	0.769923372111606	1
0.0518261669904611	1.20774363677612	299
-0.00652685875587999	0.817846926147839	355
-0.026070355038221	0.686622662343805	114
-0.045086232845343	0.278564959869584	114
0.081529104054024	0.168089776840781	114
0.086376878882243	0.16832657241939	81
0.080933602903124	0.168170801532776	4
-0.05970704963359	0.276985299432773	596
-0.016808441334809	0.546950081959036	393
-0.060487194456873	0.280764154710813	4
0.085787297408971	0.172057081317188	277
0.016032012261283	0.446651138970942	648
0.0892059140188261	0.164395035335492	374
-0.038415552758687	1.11684821879208	13
0.025394570546997	0.980787365895771	13
-0.112089331849226	0.992201482779321	289
-0.043133275039221	0.814853598177421	289
0.015798332947626	0.759051540781405	289
-0.023834493939765	0.618290673630339	13
0.00255692779899697	0.967234759835122	13
0.121907611742048	0.66445283422864	13
-0.0478357146084431	0.99335367836745	13
-0.0322021129624011	0.795612708131736	13
-0.110061735059943	1.19575908251637	13
0.029292086134543	0.630951780969525	32
0.00308882983765502	0.887525622305272	122
0.091315370343862	0.643498636672787	145
-0.097272668034456	1.19323443937582	15
0.007535096804685	0.982067334186896	15
0.059001790013036	0.560065504176915	82
0.040149218614916	0.689839878385535	82
-0.00153568914475299	0.915230164270555	11
0.0170978092119221	0.820840042771778	85
-0.018614658478053	0.54717879125365	85
0.087030784279367	0.646408726998362	85
0.026965418367931	0.740265819152479	11
-0.104197754117244	0.400971085265102	57
0.063458679242145	0.346724562479487	489
-0.040729088326428	0.742921999982094	1
0.057503541025121	0.587033114471024	1
0.086376878882243	0.16832657241939	114
-0.048292438113117	0.293257647460578	6
-0.049191102512402	0.287022737842076	129
-0.054911469852063	0.28803751190422	21
0.081529104054024	0.168089776840781	3
0.056464461739261	1.48734385038461	13
0.105588269301508	1.38825076139134	13
0.00749877894115703	0.891377412062546	13
-0.03557472186119	0.702520235247607	289
-0.049050793495374	0.996123603142738	289
0.07836854272588	0.719598049119938	13
0.109834398360401	0.597051461301225	13
0.089264687504337	0.681233035018714	537
-0.02694426056343	0.67649060388893	537
0.108722882501854	0.915788299343418	122
-0.063040886541479	1.47973902322655	122
0.075594495857233	1.04892620877305	122
0.082721838798172	1.20590826934826	122
0.105452398493262	0.915707932326571	122
-0.0366053006382731	0.718557833200971	156
0.097083133209027	1.30836283043545	85
0.01206325223823	0.453270661277657	11
-0.102305804615464	1.03955739904004	11
-0.119596965744491	0.372825294592071	489
0.00308230390505704	0.447452527889433	489
0.109837041431299	0.702951139876185	299
0.023696427757852	0.744651517902897	21
0.08683329911631	0.170896697158849	3
0.095808047887931	1.03617789127811	13
-0.104176508094553	1.19049802552794	13
-0.023301201381447	1.4151537216575	13
0.124827287434355	0.662702513774952	289
-0.040015438155129	0.909519842230037	13
-0.089981341304182	1.40741546690605	13
0.016324887974136	0.852235385517622	537
0.100564616749743	0.647690234211734	122
-0.00173918078393698	1.05872771768146	122
-0.05043803344881	1.00057050548633	156
0.016872476367626	0.827318484572817	145
-0.058322703477199	0.872877429715399	145
-0.059843715674454	1.01831514781111	145
-0.111076881255893	1.10042578207664	15
-0.060492200419049	0.872912822030937	82
0.060450899593654	0.763500096180977	85
0.04464384971889	0.571549068688917	85
0.067756827554216	0.558133435866986	85
0.013663801155849	0.801360776726167	85
0.078551409610964	0.495475911862565	11
0.11986824152152	0.511552771692642	11
0.113253434936561	0.412204228022768	57
-0.105060327780243	0.402472756021541	57
-0.00670724651392696	0.525590739008737	1
0.015484414492176	0.868076374281919	1
-0.121319534751172	0.481903037796014	194
0.012074234078789	0.424818198980222	114
-0.059553556675675	0.28644149206145	6
-0.047654549863588	0.287240119533882	21
-0.049061882270823	0.286540728227666	21
-0.054793537122964	0.288585852088339	596
-0.124121975412346	0.500622741098262	21
-0.0541369387785941	0.288077643282142	255
0.08683329911631	0.170896697158849	277
0.05850319330876	0.349928620978064	3
0.013627257237548	1.08133853946593	13
-0.036085227989184	0.861853721386181	13
-0.0525327490615189	1.11387218589485	13
-0.013534530798107	0.555268830320867	122
-0.045028345969056	1.07403485969044	122
0.079471849548908	0.930997032097315	15
0.050333964650647	0.996407045906682	15
-0.0272420187689409	0.638519250492338	82
-0.090697391717803	0.349620427337073	82
-0.120339830566352	0.801641031315728	85
-0.041357836574453	0.754726234649275	85
0.039818142908902	0.682818453231633	85
-0.017950546630485	0.553672027722955	11
0.110008321938829	0.411817365145759	57
-0.018312188719651	0.544290470184725	1
-0.053242849964794	0.294303878876669	1
-0.109189469700836	0.402099384401498	1
0.117652825891999	0.406415962877058	355
0.0595649301171109	0.347518228230897	6
0.085787297408971	0.172057081317188	253
0.114347435371042	0.418925833199503	596
0.085787297408971	0.172057081317188	277
0.08683329911631	0.170896697158849	3
-0.054911469852063	0.28803751190422	3
-0.122114802458072	1.54884677224603	13
-0.043747063527481	1.3269283367384	32
-0.00460395756230603	1.0357625046119	13
0.11681956060832	0.415347395716355	122
-0.100106221096956	1.69114848931639	156
0.090367727779692	0.803088825354628	15
0.081957691800666	0.891657792291649	15
-0.047811793591361	0.941805806366375	15
0.050537165862069	0.635212970639793	174
-0.04713550360527	0.697046269691985	174
0.061289826414782	0.33668216298247	82
-0.124867327565519	0.500498930572146	82
-0.018614658478053	0.54717879125365	82
0.078684940986456	0.495284998570989	11
0.041087865947343	0.634483329176772	11
-0.048482054584255	1.11690810957573	11
0.003024647619707	0.892720422060149	85
0.032432577310882	0.696530480653738	11
0.0571206384710951	0.864777916835465	11
0.056662616570917	0.340529882927162	11
-0.123668095045533	0.49799222790755	57
0.040900652804026	0.62959900141515	57
0.08683329911631	0.170896697158849	20
0.015421382210195	0.445781143581757	1
-0.121143415394027	0.794668696551856	6
0.087423458561088	0.167226093944783	114
-0.049191102512402	0.287022737842076	114
0.086376878882243	0.16832657241939	114
0.085787297408971	0.172057081317188	114
0.014803534815871	0.430768198918681	114
0.05923736583633	0.348035566536793	6
-0.044101526573721	0.283460810017008	21
-0.110792398387076	0.403513693056219	21
-0.0459862984931581	0.286698052875647	21
0.085787297408971	0.172057081317188	257
0.089798429935142	0.168097646736901	255
0.087423458561088	0.167226093944783	277
0.050488067464655	1.89351664393397	13
-0.088259008363695	1.13620516465843	13
0.116237387676707	0.791240662118104	13
0.08812931504016	0.654793812407909	32
-0.010115005169503	0.926792823523819	15
0.040441181303621	0.693830043478963	174
0.0550253108923871	0.351382680303874	174
0.016333867279634	0.441769884064025	174
-0.116884716172337	1.04413283294537	11
0.026788570553805	1.05892465820087	85
-0.105060327780243	0.402472756021541	57
-0.041833275692122	0.883525497910728	57
-0.122468138717107	0.496386370564999	57
0.102038830827507	0.592401570830333	28
0.098286999521066	0.63650623922311	489
0.058829823888169	0.345684923166776	1
0.080488026537788	0.169187072363845	1
0.038760904693212	0.644135913521799	355
0.086376878882243	0.16832657241939	355
-0.103570284443832	0.39717115846829	6
-0.109934711839812	0.402025957303598	6
0.080488026537788	0.169187072363845	143
0.086376878882243	0.16832657241939	143
0.086376878882243	0.16832657241939	33
-0.054018007715216	0.294249733288003	33
0.092667515475059	0.861503138843191	289
0.0707695368881	0.715965736529005	13
0.038017138810225	1.05564226752366	32
-0.045855200142307	0.284875383722602	32
-0.037414142119097	0.666308724351654	122
-0.072466168517901	1.38825210942277	156
-0.043790764161758	1.08414405102714	15
0.064927740331886	0.340762676199374	82
-0.104522620306315	0.393852899549381	11
-0.028941623953055	0.609089062355611	11
0.050106620536136	0.921403182883619	85
-0.041084021461131	0.704466550655046	85
-0.117732899240925	0.903566586576618	11
-0.101878673130232	0.387863646627964	11
-0.022740116260251	0.531301936082935	28
-0.109934711839812	0.402025957303598	1
-0.123998187222938	0.739233177829705	1
-0.049191102512402	0.287022737842076	1
0.033696483975301	0.677209080632933	6
0.085197509362389	0.168136000223553	114
-0.123540741151247	0.481645439230933	6
-0.046754646570268	0.293511983266787	21
0.085787297408971	0.172057081317188	277
-0.110046745728292	0.403589764487181	33
-0.047523359661614	0.295014290825509	33
-0.035110893204844	0.985763153236097	32
-0.029408283187444	0.613418329878432	32
0.118949460297117	1.14833981957227	13
0.091010868518113	0.955207091059911	13
-0.108301415886613	0.880598852071906	32
0.063622743068623	0.345653996338961	122
-0.105805932391559	0.401078180427981	82
0.00551208380229395	0.453966788385132	11
0.045068105332714	0.649509361018995	11
0.08683329911631	0.170896697158849	57
-0.047523359661614	0.295014290825509	57
-0.105923933980035	0.39287441988395	57
0.055763069931052	0.350273404408087	57
0.057033812644456	0.34807264933404	57
0.10957614851455	0.602778987445996	57
0.0384686689243891	0.705514512350305	489
-0.016550513785995	0.588188403523655	1
0.01450899358128	0.440822555903811	1
-0.104197754117244	0.400971085265102	114
-0.045001390996917	0.284010053207826	6
0.012212302227348	0.447531179380026	6
0.080488026537788	0.169187072363845	21
0.085787297408971	0.172057081317188	143
0.080933602903124	0.168170801532776	33
-0.048114652045396	0.279069598820766	3
0.095598781214543	1.2967370027725	13
0.090959108761984	1.14625714059078	32
0.10916698407836	0.728884599700835	32
-0.067261400187832	1.10780890700834	13
0.00237824906908302	1.06498753454268	13
-0.039734696999043	0.947885441836729	13
0.0687224522982	0.553951925878653	122
0.056460572340472	0.33637135961192	82
-0.035567706801239	0.634036571069758	85
0.030144058957421	0.731899643306404	11
0.016631012253194	0.437413559947052	28
0.0566196783876241	0.466003054873812	57
-0.11004053062498	0.43614027263819	1
-0.124121975412346	0.500622741098262	6
-0.016694204506864	0.532043991863793	6
0.00642533683913804	0.456863274161153	6
0.00886781402027303	0.455371929982851	21
0.00718965805063998	0.458067467024913	21
-0.104197754117244	0.400971085265102	422
-0.10027225527567	0.395819065604691	33
0.089798429935142	0.168097646736901	33
0.080933602903124	0.168170801532776	3
-0.060213849057025	1.03918290084075	32
-0.020742432725314	1.03402133622144	32
0.066856291281753	1.23260896646762	13
-0.00298543973159104	1.19248459361416	13
0.105171631411184	1.00336411432322	13
0.0819092421473721	0.495173712101711	156
0.059076360345697	0.349602890943051	156
-0.051599252196362	1.31515733896932	145
-0.0415617811587951	0.81495111441812	15
0.00168678386857501	0.929641484071388	174
0.048478025392022	0.325202803045677	82
0.106832228878691	0.77677271792808	85
0.00795361734076305	0.456974459671229	85
-0.106754062863174	0.393702092785586	11
-0.105805932391559	0.401078180427981	11
-0.11700115792643	0.459063649610847	57
-0.047540795715722	0.767386643581522	57
-0.017977962379505	0.517973882150026	57
0.118474377174488	0.564755276040314	1
-0.119096603671993	0.4786904245932	1
-0.103452944574757	0.399788417138826	1
0.05159215741554	0.344759707823282	1
0.113414294148235	0.408884792763806	6
-0.04938693481543	0.658773080416751	6
-0.0496696282872749	0.284404152298991	554
-0.046754646570268	0.293511983266787	143
-0.049061882270823	0.286540728227666	435
-0.043329491313116	0.285059436298403	33
-0.054911469852063	0.28803751190422	18
0.017067692823722	0.757434765705708	13
-0.123959011849802	0.499000487557343	32
0.043204541452142	0.65344448262049	174
-0.029750124723349	0.746773131625328	174
-0.117115130436609	0.478400051163589	11
-0.046319944534413	1.04248936058782	85
-0.105379098544569	0.387313086048967	11
0.054864000409373	0.353626971167267	11
-0.109934711839812	0.402025957303598	57
0.034759461159465	0.671241620412621	57
0.0565392205894329	0.342954980988917	28
-0.046754646570268	0.293511983266787	1
0.114685209862646	0.405125024972409	1
0.110615720897845	0.417178990833032	6
0.012059909256759	0.442892706408468	422
-0.120413326918953	0.492026765234024	422
0.015571553363542	0.437723636542366	143
0.087423458561088	0.167226093944783	694
0.08683329911631	0.170896697158849	143
0.085787297408971	0.172057081317188	33
-0.056609019498808	1.17653258513301	145
-0.00477059522367795	1.08032834808516	15
0.053130857456634	0.585087867659404	174
-0.017607756224422	0.529967357353618	174
0.0892059140188261	0.164395035335492	174
-0.0541369387785941	0.288077643282142	82
-0.053242849964794	0.294303878876669	82
-0.11896771832923	0.881292606537078	85
-0.027150152522058	0.669016240560583	85
0.081413989048348	0.70405106100353	11
-0.055686371948022	0.282712432670457	11
-0.118902013096082	0.738801382198198	57
0.018466128304382	0.441809406277203	57
-0.018685950803915	0.604223207075623	57
0.032134395532888	0.717350048172067	57
-0.114921757874221	0.887289341627947	28
-0.048096563054136	0.683778819689914	1
-0.098785847550116	0.390679040211389	1
0.048288909870376	0.55946209833964	6
-0.047523359661614	0.295014290825509	6
-0.049061882270823	0.286540728227666	6
-0.053242849964794	0.294303878876669	554
0.085787297408971	0.172057081317188	33
-0.043329491313116	0.285059436298403	33
-0.110046745728292	0.403589764487181	33
-0.110792398387076	0.403513693056219	3
0.06272363038988	0.346734412535549	3
0.0185776357094219	0.781430582812282	13
0.049538056844865	1.12540693269221	32
-0.016319316132116	0.544005142164911	32
0.078098224191955	0.885861797998136	32
-0.105159242768095	0.35639464205661	122
0.0658266952036221	0.553160001041919	122
0.085787297408971	0.172057081317188	73
-0.114871376946494	0.389845073099351	156
0.055237647867069	0.831610244114285	145
-0.095539490985681	1.45927952796714	73
-0.108813992269233	1.06095911290591	174
-0.040477679477159	0.757517658386325	174
0.092099269755509	0.459719535779899	82
0.109072746505641	0.413248769953572	82
0.04453580300468	0.927652394272917	85
0.047104052996723	0.631122961574694	85
0.057083464322362	0.323133394529131	6
-0.120413326918953	0.492026765234024	33
0.104194809424476	0.892694226023706	13
0.099637809907273	0.788272243033687	13
0.101700870993912	0.911571224261418	32
-0.115804087985389	0.915922780158418	32
-0.0291446964141751	1.24403709671632	32
-0.105062064048425	1.04764563781317	32
0.109780897703909	0.956901504164371	32
-0.0501352002212651	1.12953921342429	122
0.074297051318729	0.76308923070885	156
0.115689052639503	0.930934884318622	73
0.083767703207633	0.824244056184016	82
0.039355775904913	0.968803347300674	82
0.115309480297182	0.569276286878576	85
0.0729576543985731	0.707272779794383	85
0.107054848648233	0.409426732382176	28
0.084978654016857	0.489966812403008	1
0.088935343480003	0.696174699755828	1
0.061416032107658	0.770289808219741	6
-0.051573822235243	0.280338014590295	6
-0.046754646570268	0.293511983266787	6
0.085787297408971	0.172057081317188	6
-0.047523359661614	0.295014290825509	6
-0.024029592980282	0.62110183466031	21
0.107054848648233	0.409426732382176	21
0.085787297408971	0.172057081317188	33
0.0595649301171109	0.347518228230897	3
0.087753362038484	0.483972691555253	3
-0.047793407895992	1.1815070205597	32
0.077233589918717	0.933312760035036	32
-0.011146324652437	0.96305138797261	13
-0.00239672177762396	0.981773950564482	32
0.114479349461083	0.728487795080222	32
0.076925848569893	0.488722757029292	122
0.017748130732445	0.817569891021665	122
-0.035547607726359	0.67523221063737	122
-0.0533627783738621	0.282587365255919	73
-0.013721869190375	0.545170355312195	73
0.096016627782496	0.655571764801334	174
-0.097650812920129	1.1174832056402	174
-0.089289669391913	1.24525697773886	174
0.087423458561088	0.167226093944783	82
0.028196292649771	0.764097504014121	85
-0.056975257131982	0.984816638731404	85
0.023228832114468	0.742506472576015	85
-0.018801394530509	0.552653821494245	29
-0.121501855847084	0.62710059373557	57
-0.0222660583403	0.544798718493801	28
-0.0281995307390041	0.611322620824937	1
0.01388514786254	0.444063376525644	1
0.01770548052078	0.44590933860767	1
-0.044101526573721	0.283460810017008	28
0.056662616570917	0.340529882927162	6
-0.111538440370534	0.400200425068191	6
-0.044229979096842	0.28561468782725	6
-0.105060327780243	0.402472756021541	6
0.0903907372881	0.164566515651367	6
-0.047654549863588	0.287240119533882	6
0.085787297408971	0.172057081317188	6
0.079893110633019	0.169267896660306	21
0.080488026537788	0.169187072363845	554
-0.119341389016266	0.474715454887248	554
0.080488026537788	0.169187072363845	554
0.079893110633019	0.169267896660306	21
0.087423458561088	0.167226093944783	33
0.085787297408971	0.172057081317188	33
-0.047654549863588	0.287240119533882	3
-0.00923382315742904	1.43323331651464	32
-0.018853189352467	1.13335176170263	13
0.00657416525521204	0.451688794213143	32
0.00842230705998404	0.44717020025222	122
0.104724857719845	0.855088576427722	145
0.0979748339172291	0.957653701772426	145
0.00592137062639797	0.881861203477296	174
-0.118183044172708	0.532256005191937	82
0.030182587201267	1.04620999336377	85
-0.03513066529403	0.596842702784067	85
0.087045206978096	0.687739447131373	85
-0.110680342946122	0.398741275988853	28
-0.054911469852063	0.28803751190422	6
0.012977747100779	0.440769534724946	6
0.00611535365959803	0.44708322956232	6
-0.047523359661614	0.295014290825509	6
-0.046624533075872	0.286275403845535	21
-0.046754646570268	0.293511983266787	21
-0.047654549863588	0.287240119533882	33
-0.045773170847948	0.277821529942339	33
0.0838981217052	0.165506120532102	18
-0.054018007715216	0.294249733288003	3
0.032225316468698	1.05473686124328	32
0.10637037871159	1.07981670463969	32
-0.020866589801331	1.37892357126415	32
-0.098999706694358	0.871796928639581	122
-0.116406202181121	0.781767502560685	73
-0.021220959258285	0.659915008666817	82
0.062569945877572	0.570089337722077	82
-0.04183552889553	0.656963877624951	82
0.0339043405992791	0.946496354940214	85
0.083307776660098	0.49407459113699	29
-0.012339618298325	0.539578359020611	57
0.0527245686366	0.334444457994593	28
0.065092738466746	0.343777978580431	28
0.067756827554216	0.558133435866986	28
-0.041353489708472	0.751177452603942	28
0.056109020125266	0.571910244774042	28
-0.038687250799275	0.733447796483521	28
0.00611535365959803	0.44708322956232	6
0.011616234294148	0.442663342946666	6
-0.118764638982288	0.491848880359048	6
-0.104315111921589	0.401282435989275	33
-0.103336217764138	0.389293363777304	33
0.080933602903124	0.168170801532776	33
-0.109934711839812	0.402025957303598	3
-0.0425578242822791	0.283664835390322	3
0.034950521780644	1.14258917885295	32
0.08029752830922	0.88277744730837	122
0.082249814577161	0.50429100408052	122
0.102030475709204	0.392776337730349	73
0.115123008470015	0.393438503736491	82
-0.109189469700836	0.402099384401498	82
-0.049628537194246	0.951462507612392	82
-0.115028384399712	0.389443207935795	82
0.00229879759333196	0.985142575122899	85
0.121613609394119	0.670923552733544	11
0.060392837818894	0.561348000474035	29
0.00278718916846399	0.443777572876353	28
-0.043811954170435	0.607898462084653	279
0.115608542470918	0.412567475416344	57
0.102549558714302	0.591652900562519	57
-0.00866454212038603	0.535644347446449	6
-0.017271313872724	0.548093340098414	6
0.107663528673579	0.412310625942661	6
-0.112397586388885	0.390876737535821	6
-0.058621054101125	0.278556193540223	6
-0.10557175571152	0.375289806724585	21
-0.05246806351705	0.288485668070392	21
0.087423458561088	0.167226093944783	554
-0.047523359661614	0.295014290825509	21
-0.054018007715216	0.294249733288003	33
0.054524573521998	0.339565064212773	3
0.109498116439417	1.16229898163353	32
0.064907326347477	0.930031558972683	32
0.052866828281526	1.18617651956617	32
-0.045080541291441	1.0646134351566	32
0.070852685984483	0.495788334177201	122
0.082945716776629	0.707996000932066	122
-0.0916300331759961	1.07185427800359	73
0.083222761766463	0.891410760076351	73
0.047201174473729	0.915151363753548	73
-0.12179393232925	0.804941013662047	174
0.065827217839301	0.339713255506618	82
0.120722283846075	0.406322739473044	82
-0.045417057592797	0.271324986999171	82
0.013124937398231	0.445968010885157	82
-0.116080410530285	0.914906899102242	82
-0.045080205269632	1.11655765239018	85
-0.029467379910623	0.641547342771965	11
-0.124573932487454	0.496456072156921	29
-0.048292438113117	0.293257647460578	279
-0.020519037727455	0.551148215163271	28
0.101483403751884	0.643728317978934	28
-0.109934711839812	0.402025957303598	6
0.00566065338792399	0.453258488479617	6
-0.104315111921589	0.401282435989275	6
-0.047523359661614	0.295014290825509	6
0.0550253108923871	0.351382680303874	554
0.051751817371257	0.349213060538255	33
-0.048292438113117	0.293257647460578	33
-0.046886820301425	0.280814873586778	18
-0.099528858044896	0.394660390413121	3
0.00230654732111302	1.67072997874613	32
-0.08522095067673	1.40557472673054	13
-0.049061882270823	0.286540728227666	13
0.097617671358905	0.982678341334697	32
0.0809761211250321	1.01336743491122	32
0.091736883014052	1.24605147466566	13
-0.121696178747522	0.956728693728771	122
0.104526422256284	1.02666309129714	73
0.073395008151943	0.754606624620828	73
0.116385186067895	0.402970685854776	174
-0.122632306055974	0.491720818046296	82
0.060329958601137	0.780971378349717	82
0.022227488809345	1.19063499329529	85
-0.04921611218177	0.84773857293361	29
0.0598194922262431	0.831716873340175	29
-0.105614105771616	1.06501446168702	28
-0.014111684842498	0.558000871707519	28
-0.048292438113117	0.293257647460578	6
0.010691261612025	0.445504349848693	6
-0.102708523060132	0.395708434495422	6
0.072034774704718	0.503596660708268	6
-0.098785847550116	0.390679040211389	554
0.016183107788626	0.447800140730963	21
-0.04739423199285	0.284668676734627	33
-0.122187753100418	0.493270483532777	33
0.086376878882243	0.16832657241939	18
-0.0533627783738621	0.282587365255919	3
0.049491357725161	0.89187764954685	32
0.112136335681903	0.729269916765079	13
0.011237087372002	0.924913047833694	122
0.035928221257737	1.10053820262753	73
0.093659456822759	0.950976667644359	73
-0.085545029646143	1.07160920160385	82
0.112518071352959	0.708589123939716	85
0.0835657916835	1.34998646684929	85
-0.033101419976984	0.932005693259767	85
-0.017074004612571	1.25812308466566	29
0.011817611771801	0.843482531235452	29
-0.037983497123076	0.629210448316731	279
0.110297357985878	0.596084409536549	28
0.112985239286	0.402769346160716	6
0.093860226516659	0.660057087176802	6
-0.047654549863588	0.287240119533882	6
-0.046624533075872	0.286275403845535	21
0.0599711935687109	0.343903567353365	301
0.00657416525521204	0.451688794213143	33
-0.10513953347627	0.388481642402878	18
-0.043329491313116	0.285059436298403	18
0.07670372742992	1.19391675541715	13
0.055349725004361	1.08266951126312	13
0.105020083437123	0.409964755090767	13
0.104454997986233	0.782423277109599	13
-0.060904634961089	1.66099918488504	13
0.094101882128383	0.661335844944967	32
0.119348222819027	0.838314328578733	73
0.02405073924378	1.37301893549436	73
0.11985251829113	0.840312257975818	85
0.000890534230084006	1.13700321204335	85
-0.0520045740613621	1.19029295856309	11
0.065860234544611	0.951572769159662	29
0.048371705160979	0.580516795973619	29
-0.117112605891954	0.801059810715685	29
-0.123403382970972	0.762347619322008	28
0.114142494145705	0.572493684393607	6
-0.116523247877246	0.38941945032049	33
0.00856950815532198	0.445721298454514	33
-0.046754646570268	0.293511983266787	18
0.087423458561088	0.167226093944783	683
0.069979693504981	1.1334782892357	13
0.094317909706192	0.763933698012045	122
-0.023188545189163	0.528191962984351	122
0.065374633716986	1.16226185338313	73
-0.050405303838379	0.931649350404817	82
-0.108781588495185	1.00775187963712	85
0.00358650265068095	0.914044776158316	28
-0.029467379910623	0.641547342771965	12
0.099601229353992	0.620081460599706	6
-0.016407841219234	0.545904910772457	6
-0.110792398387076	0.403513693056219	6
0.0488397882888419	0.344381746114617	6
0.119352732623474	0.407456353724132	554
0.0862429326598661	0.167041246972049	18
-0.0459862984931581	0.286698052875647	146
-0.109301482020945	0.400382492872914	683
-0.0484226438188961	0.288663490857028	3
0.111371593952116	1.3531217009476	13
0.124130060915537	1.09126960741593	13
0.086537837044502	1.05197477947701	13
-0.091405214134042	1.29081606102811	13
-0.03497492555089	0.9572671836506	13
0.017185425219478	1.12569489440893	174
-0.117844615847805	0.936769672206868	82
-0.117851329773586	0.908588092088499	82
0.101859250060761	0.785560938022772	85
-0.10408100853951	0.388033410294784	28
0.051663881890275	0.576647734009767	6
0.0364319992854401	0.641752300579355	6
0.062501901730064	0.33301194442662	6
-0.045855200142307	0.284875383722602	79
0.060354100010569	0.334630662089294	554
0.117002559200845	0.374416129967452	21
0.061174038062883	0.582500327634536	21
-0.022640546305931	0.546305419864197	33
0.0862429326598661	0.167041246972049	146
0.022985026054469	1.18637009812933	13
0.120014752614063	0.520279673155071	13
0.06532820835117	0.775584879747029	13
-0.123833846313092	0.495382448781421	13
0.11467447942764	0.417979352553564	13
-0.034924851903429	0.844354996663716	13
0.037123894502738	0.645255588503118	13
-0.0484213501220629	0.992860584544419	32
0.075115377828597	0.501924512655422	13
0.100681481741871	0.952450505723411	13
0.037002869600654	0.686976217466877	13
0.069131034930328	0.483440976420596	32
0.105892301203624	0.589041764357394	73
-0.122761603472971	0.493100935139209	73
-0.0970967924971901	1.20749756831858	82
0.046526682545447	0.649994583067785	85
0.082131330754485	0.490700344136954	85
0.03655211056956	1.03114086487056	29
-0.105060327780243	0.402472756021541	29
-0.109934711839812	0.402025957303598	29
-0.121391803089548	0.944113505309284	29
0.082337253223316	0.655421074906658	29
0.103235867292046	0.58770658557873	28
-0.121873146859346	0.906192618265978	28
0.021279902126264	1.28617151961974	6
0.085787297408971	0.172057081317188	6
-0.054793537122964	0.288585852088339	79
0.085197509362389	0.168136000223553	21
0.0862429326598661	0.167041246972049	554
0.050480333285023	0.341236063616774	21
-0.110368040945647	1.1093390568076	13
0.043636380695716	0.65379901697873	13
0.0126340986058699	0.828075449411559	73
0.04588451212699	0.952882184117176	174
0.061574155488351	0.826808745204911	174
0.073460756948984	0.874385773584178	174
0.016673442716256	0.780372263027388	85
0.12265144130459	0.708390157323812	85
0.123626793692174	0.664938023963122	85
0.020656384335307	0.776412857159807	279
-0.034527617123074	0.768194796816421	279
-0.104522620306315	0.393852899549381	28
0.067578966293518	0.826834395963622	28
0.116385186067895	0.402970685854776	6
-0.0459862984931581	0.286698052875647	6
0.0862429326598661	0.167041246972049	6
0.086376878882243	0.16832657241939	6
-0.054018007715216	0.294249733288003	6
-0.046624533075872	0.286275403845535	79
0.089798429935142	0.168097646736901	79
-0.025511478722625	0.622848098939808	554
-0.123213402621428	0.499121733462146	554
0.085787297408971	0.172057081317188	18
0.107209436784549	2.38031165196943	13
-0.055582888772363	1.98772654865939	32
0.011570365115455	1.22323201220945	13
0.052402567115814	0.626369595328354	122
-0.078899643111416	1.34177880878009	73
0.00502832721573598	0.932582215890123	174
-0.109301482020945	0.400382492872914	82
-0.00617491523143299	1.26775943420211	85
-0.00878737451455003	1.01365244019614	85
-0.00274637251519605	1.13941624497261	29
-0.117202649832984	0.941228973532227	12
-0.052326741080759	0.931849915451901	28
0.016183107788626	0.447800140730963	28
-0.122187753100418	0.493270483532777	28
0.0604465522455589	0.555644116167549	6
-0.048292438113117	0.293257647460578	6
-0.033898143574466	0.710285981666859	6
0.0660694620435191	0.491160909414255	6
0.079397104406491	0.488517760083947	6
-0.102673244496307	0.371836222806655	79
-0.09718327220408	0.373502951552597	79
0.08683329911631	0.170896697158849	21
0.086376878882243	0.16832657241939	33
-0.0484226438188961	0.288663490857028	18
0.030187093288324	0.737526402113522	32
-0.115028384399712	0.389443207935795	73
0.053965407910314	0.352694427414485	73
0.0617681762100431	0.341558602843081	82
0.077047100902192	0.501445912990559	82
0.057605661519605	0.34200943351785	82
-0.049392243013901	1.20064566457627	85
0.110837154180153	1.0164003150517	29
-0.052809711007206	1.24995510131597	29
0.0560413865311929	0.758965449852989	12
-0.117271242773615	0.381928281670446	28
0.053388377913523	0.353661010410418	28
-0.022848131094798	0.618588515274738	6
0.054864000409373	0.353626971167267	6
-0.024755680782562	0.540475311637901	79
0.085787297408971	0.172057081317188	21
0.057931579328706	0.348963005068508	18
0.08683329911631	0.170896697158849	18
-0.049416687163683	1.05129888538017	13
0.108109349306795	1.0687193318943	13
0.077500497652395	1.16617298872268	32
0.060552352714263	0.344950326208421	32
0.065086999303177	0.792414761998077	122
-0.012502053022771	0.530956282406729	145
-0.105379098544569	0.387313086048967	73
-0.029289785731648	0.686864451191822	73
0.084807151894672	0.721566231103028	174
0.0718203884949929	0.501152535702933	174
-0.049191102512402	0.287022737842076	82
-0.107019842730041	0.827423740700873	82
-0.041910869717832	0.837554261622104	29
0.0577686756801991	0.349935498232864	29
-0.115514679591433	0.468387380319261	279
-0.053242849964794	0.294303878876669	6
-0.027457788666204	0.611505054070832	6
0.110781328426559	0.415105277826469	6
-0.049191102512402	0.287022737842076	6
0.00933835438841502	0.443228727183764	130
0.116385186067895	0.402970685854776	6
0.0903907372881	0.164566515651367	21
-0.04739423199285	0.284668676734627	21
0.0862429326598661	0.167041246972049	21
0.08683329911631	0.170896697158849	49
0.099113239780374	0.816045902692756	13
0.0555951579328769	0.924189283741873	32
-0.044341179429097	1.13565431240885	32
0.072772238479181	0.775558721680598	174
-0.049824037176764	0.825745342910036	174
0.058339712783033	0.340218869706224	82
0.0957571578965219	0.593787298893452	82
-0.0410069119088921	0.817313256511853	85
0.04561456700096	0.618087612868811	29
0.111493863474065	0.758167364914973	29
-0.105923933980035	0.39287441988395	29
-0.021656288467111	0.532760157689451	28
0.067521375433356	0.532420177513378	28
-0.057840644678587	0.274840134967585	6
-0.019943568692192	0.607890417679166	6
0.082882498481591	0.489875237360641	6
-0.043458934798463	0.284215957331135	130
0.085197509362389	0.168136000223553	130
-0.046886820301425	0.280814873586778	130
0.055763069931052	0.350273404408087	130
0.06182499220683	0.340133948729187	249
-0.114124274147468	0.388059122898453	21
0.08683329911631	0.170896697158849	21
0.087423458561088	0.167226093944783	18
-0.054018007715216	0.294249733288003	49
0.012076656861844	1.2488268261439	13
0.122857314578567	0.710493117086456	13
-0.045852521904957	0.833440086903691	122
-0.039834204009887	0.856339601659975	73
0.106925812397906	0.704295663004444	73
-0.031969253983917	0.710095745920288	82
0.021752709854543	0.759986769904383	82
0.066359722209628	0.703885626669798	85
0.095095209493579	0.814265264845679	29
0.111859294265037	0.59536074625524	29
0.109845732163752	0.416560576244026	28
-0.033878122411301	0.688380612779536	28
-0.110905071354005	0.394018845038416	12
0.111227089456307	0.410776951079792	6
-0.10015445445867	0.386112408349974	130
0.05923736583633	0.348035566536793	130
0.053388377913523	0.353661010410418	79
-0.094732464585075	0.37205489892753	79
0.106837557433659	0.596380104152839	73
0.100479848817435	0.77535379729657	73
0.103258403794515	0.885324054353233	174
0.103622785649295	0.71327061644674	174
-0.043908929737232	0.826171130775991	174
0.0368821267395411	0.705801090101821	29
0.051029833497063	0.792135931498498	29
0.100149634643593	0.804892091201493	29
-0.044397579185014	0.863985683872103	29
-0.012770526510136	0.548754917699036	6
-0.041844516519158	0.757835462722623	6
-0.0193196698615	0.649114071509288	6
0.123847065421807	0.395859744579631	6
-0.044101526573721	0.283460810017008	79
0.060135496863141	0.348932711497458	21
0.085197509362389	0.168136000223553	18
-0.053242849964794	0.294303878876669	49
0.032923726006208	0.73906878076108	32
-0.033622579797425	0.813829509463609	13
0.094661985263548	0.80559486501564	13
0.018864367759898	0.725357164918884	32
0.089556040847267	1.09207665281611	13
0.08197078705281	0.990474002470255	32
-0.061675454417824	0.872056715105271	122
-0.029340148186575	0.782669766870126	145
-0.024855322176637	0.628133208756809	73
-0.010534130957539	1.07131159589854	174
-0.03743848205245	0.69334984668736	85
-0.013924316185866	0.549051181581505	11
0.10814211938561	0.411835966570631	29
0.081713706589345	0.506626214069102	29
0.107702880323546	0.729784156520274	29
0.087781839035955	0.652868842141655	12
-0.104433079355249	0.387882719501559	6
-0.034823639788382	0.807810573176467	6
-0.105805932391559	0.401078180427981	6
0.00216695680026302	0.448958759371005	130
-0.048292438113117	0.293257647460578	6
0.085787297408971	0.172057081317188	79
0.114511006537483	0.421484908879288	21
0.087423458561088	0.167226093944783	21
-0.106754062863174	0.393702092785586	273
-0.124867327565519	0.500498930572146	33
-0.047523359661614	0.295014290825509	49
0.067520140507787	0.774973264480803	32
0.094284526463246	0.640010671686066	82
-0.00243655702155299	0.917104572243126	29
0.030664204999748	0.754353371035912	29
0.114511006537483	0.421484908879288	28
-0.014111684842498	0.558000871707519	12
0.00582349251877301	0.438757590508317	6
0.107639632155549	0.716123865951303	130
-0.045086232845343	0.278564959869584	21
0.00748816427292498	0.445892269038656	33
0.080488026537788	0.169187072363845	218
-0.062137675153413	1.31447733812493	13
0.0260756027963041	1.14521135494385	32
-0.115710838023746	0.875929323397428	145
0.055501227467514	0.834854723781971	73
0.114249695553668	0.728232810978961	73
0.074631711057362	0.937098544885774	73
0.021577223726013	0.779029253262081	73
0.121734251762353	0.530526151925102	82
0.00941288687622599	0.766217042669681	82
-0.0817218956889581	1.20229780691308	85
0.071617137824468	0.541331575390697	29
0.044712163335586	0.640449574865168	29
0.0728549362529201	0.495666843447774	28
0.084405363077421	0.633862154974374	28
0.048681724682529	0.343499433365014	28
-0.015437154220292	0.537533250573407	6
0.113253434936561	0.412204228022768	6
0.045000434482408	0.62076739409692	6
-0.110763705813391	0.384993587465531	79
0.085787297408971	0.172057081317188	79
0.102694071303069	0.393586141949241	21
-0.051573822235243	0.280338014590295	49
-0.046376873426131	1.68764851420824	13
-0.00858617872326495	1.051305316129	122
-0.100874095263987	1.11865575375012	122
-0.00365862406194895	0.513559007847882	145
0.020644243638527	0.694453205935084	73
0.024787909963334	0.791637115163416	73
0.052978367143501	0.869009684437687	174
-0.110046745728292	0.403589764487181	174
-0.101760211423133	0.390391727188913	174
-0.061101597749107	1.30096378089592	85
-0.0549728740498	0.906978161665264	85
-0.028059269622091	0.615963872283095	29
0.011914585326521	0.458713523091728	28
0.04973920810026	0.341288604301204	28
0.037829460113147	0.689851249922649	28
0.087555200457772	0.654321244887117	28
0.12154269533382	0.657218184951797	28
0.035463025516416	0.7069938613137	28
0.00419609502612095	0.87524056907903	12
0.118687544983028	0.408526680350838	28
0.054126363308782	0.354756390165911	6
-0.030947664606245	0.644652350254335	551
0.05850319330876	0.349928620978064	6
0.053391213006741	0.57000772439308	6
-0.049191102512402	0.287022737842076	21
0.0488397882888419	0.344381746114617	21
-0.044229979096842	0.28561468782725	273
0.109772297384481	0.596881429170831	32
0.0906468401212021	0.649559528661958	32
-0.027457788666204	0.611505054070832	145
0.103821119704604	1.18576851046548	73
0.025632645463499	1.09777419752306	73
0.115253109429988	0.740161863145183	174
0.040745408077734	0.682253915903044	73
-0.10482618773135	0.384158350667426	174
-0.032373659593257	0.615901770030717	85
0.055431537718058	1.15864513762031	85
-0.00974590457917901	1.03987650512919	12
0.08683329911631	0.170896697158849	28
-0.045001390996917	0.284010053207826	28
-0.106009861142112	0.396896030639877	6
0.08683329911631	0.170896697158849	6
-0.105805932391559	0.401078180427981	79
0.0862429326598661	0.167041246972049	79
-0.054018007715216	0.294249733288003	273
0.00718965805063998	0.458067467024913	21
-0.099411079137452	0.387364744476467	21
0.074581305775016	0.726367144964997	32
0.120787065883455	0.5298873691333	122
0.097810161902084	0.628222680747233	145
0.083188347432858	1.3085285625306	73
-0.0308107776695981	0.700217071068673	82
0.05827909865996	0.566228333831193	85
0.0895952406121	0.832469577959622	85
0.0949342530341259	0.911877346686015	29
-0.04792675242843	0.928863886219772	29
0.111717248969205	0.40986182807595	28
0.1061025038671	0.564180657061591	28
0.096311222540181	0.815633988348492	12
0.00417322262130204	0.429712577059447	28
-0.052349235443775	0.28573150884445	6
-0.049191102512402	0.287022737842076	79
0.079893110633019	0.169267896660306	79
0.086376878882243	0.16832657241939	21
0.08683329911631	0.170896697158849	49
-0.118189629208196	0.488678154875987	49
0.112822725079826	1.13834852620833	13
0.100694680001886	0.396860726755143	122
-0.014672922095894	0.531543685988856	122
-0.047642968863856	0.830885245873914	122
-0.102708523060132	0.395708434495422	73
0.028322973521026	1.08562456607723	73
0.107335425038998	0.400016636696169	82
-0.0158287856120219	0.55856496579553	82
-0.096334833768392	0.373453495587755	82
-0.121016021331189	2.05046588408552	85
0.080677807828723	1.26814013921271	85
0.116777158773451	1.11676664403979	29
-0.044101526573721	0.283460810017008	29
-0.096334833768392	0.373453495587755	29
-0.120248641162942	0.486791159571472	29
-0.0651677051472021	1.04113998030286	28
0.0521416854210141	0.628400309904309	6
0.085197509362389	0.168136000223553	6
0.057605661519605	0.34200943351785	6
0.109845888814248	0.41718585655352	79
-0.048164297240179	0.278472295144232	69
0.00733907720181304	0.455266246525808	49
-0.121280751434147	0.488477313904209	49
-0.055163445214793	0.277302773272028	13
0.0263961802043951	1.16046853858166	13
0.061034105971754	0.345637293575241	73
0.073995546480968	0.765491144285904	73
0.059445383625123	0.804300942660668	73
0.098653299890688	0.787995704375775	73
0.123958293768544	0.528662170198801	73
0.0134441929270001	0.454034602794889	174
-0.052349235443775	0.28573150884445	29
0.052882432045119	0.587486919770998	29
0.042514802812766	0.652059407217777	29
0.059083059897568	0.554188886626592	28
0.080488026537788	0.169187072363845	6
-0.09718327220408	0.373502951552597	6
0.078551409610964	0.495475911862565	6
0.080488026537788	0.169187072363845	79
-0.030149858376933	0.622410204293995	79
-0.039954458250128	0.271764042000058	79
0.08683329911631	0.170896697158849	21
0.012212302227348	0.447531179380026	69
-0.111538440370534	0.400200425068191	69
-0.110905071354005	0.394018845038416	49
0.066561352069331	0.331197705691938	122
-0.097158330188855	1.15076927118061	122
0.073007509364452	0.492844996063428	145
-0.109934711839812	0.402025957303598	73
0.0599711935687109	0.343903567353365	73
0.085197509362389	0.168136000223553	82
0.00498655171228901	1.8006619009778	85
-0.024964851097419	1.11996428143653	12
0.054550026802348	0.619280405899445	6
0.060218531315579	0.821081677562032	6
0.049769151715194	0.575047929968108	79
-0.044229979096842	0.28561468782725	21
0.011451961178478	0.447490024892578	69
-0.037467150402301	0.619519136236213	13
-0.104601893210568	1.00407369321044	122
-0.116036770846725	0.799734980962831	122
0.10796598686422	1.1260404598561	73
-0.02492820318787	0.720219431965318	73
0.101404299988079	0.720624323975086	174
0.086376878882243	0.16832657241939	174
-0.124704966703382	0.496044588093672	82
-0.121065424308401	0.897002086250936	82
-0.045001390996917	0.284010053207826	82
-0.0484226438188961	0.288663490857028	82
0.057487655942847	0.829401962872426	11
-0.021961941639207	0.598235036679698	29
0.026780382172668	1.41404994540995	11
0.065992569196936	0.335587647467929	29
0.0630164512585421	1.02676253875564	12
0.00540625740297496	0.921786898560976	6
0.057878925643117	0.559272861783103	6
0.102730052685073	0.592532753753301	6
-0.045855200142307	0.284875383722602	79
0.08683329911631	0.170896697158849	79
0.081529104054024	0.168089776840781	69
0.01265719430893	0.855904539064915	122
-0.0285989380644141	0.738947488968852	122
-0.05246806351705	0.288485668070392	73
-0.102708523060132	0.395708434495422	73
0.117938770274216	0.680948325663019	73
0.060135496863141	0.348932711497458	73
0.017803884318542	0.804790689377141	73
0.063865091287738	0.33301004820215	174
0.079893110633019	0.169267896660306	82
-0.0158287856120219	0.55856496579553	11
-0.099871115581075	1.19965588669648	11
0.078765582413353	0.494394730099371	11
0.069953672844108	0.491011341470623	28
0.112648627626645	0.407744202434839	28
0.04092649280057	1.17808879443801	28
-0.047996264060494	1.09162236839118	28
-0.046624533075872	0.286275403845535	28
-0.053242849964794	0.294303878876669	6
-0.043458934798463	0.284215957331135	130
-0.0484226438188961	0.288663490857028	79
-0.110680342946122	0.398741275988853	79
-0.029160576958329	0.613526424608768	79
-0.123833846313092	0.495382448781421	79
0.085787297408971	0.172057081317188	21
0.085787297408971	0.172057081317188	69
0.085787297408971	0.172057081317188	69
0.011000821923926	0.457418424079449	69
0.087423458561088	0.167226093944783	69
-0.115618854826905	0.388039214145251	649
0.118420749524449	0.408918407144548	49
-0.034081475275086	0.626422937848001	49
-0.054793537122964	0.288585852088339	13
-0.084524837720442	1.01659763455403	13
0.0623130345715071	0.740209971798446	13
-0.020332972990742	0.547504752801197	13
-0.105390297309569	1.16672154361295	122
0.071597850022681	0.733314751055539	145
-0.101183837076142	0.374584578097752	145
0.102597505405035	0.902273537446235	73
-0.033102861582674	1.44677730205165	73
0.011914585326521	0.458713523091728	174
0.112922970198337	0.404665903301303	82
-0.119193945143361	0.833502950428628	82
0.061034105971754	0.345637293575241	82
-0.046886820301425	0.280814873586778	82
0.075868129620134	0.499997333737865	82
-0.113842843820647	0.356197212773208	82
0.102261154234449	1.66582870855393	85
0.050159217570136	1.36876902161948	12
-0.120563360551916	0.87661722923826	551
0.0862429326598661	0.167041246972049	69
0.085197509362389	0.168136000223553	69
0.00538576306990501	0.439525771639551	649
0.059241062043995	0.582911027935664	49
-0.016843139013497	0.534208693963436	49
0.098126705657028	1.60801525765621	13
-0.080289878157514	1.73345504373268	13
-0.035115217662559	0.908909651309046	122
0.00115050639377701	0.954675677766077	73
-0.034346462425182	0.722104001335418	11
-0.041069518435594	1.66202385139484	29
0.010235702161345	0.456204259574027	11
0.113651539576853	0.596800512985937	28
0.111775217050072	1.01071474323744	12
0.00865124849514998	0.91607970167304	12
0.00956903488233196	0.837706324760869	28
0.055722295555039	0.609615227845399	6
-0.046624533075872	0.286275403845535	21
0.079893110633019	0.169267896660306	69
0.11791913138784	0.399705246272305	21
-0.103452944574757	0.399788417138826	49
-0.109301482020945	0.400382492872914	49
-0.07426436537524	1.48055781745143	32
0.120203955276017	0.676013971897766	13
0.033916116519892	0.979147244744119	13
0.0762750692930571	0.501736094848535	122
0.119023766325103	0.406518029058901	73
-0.118189629208196	0.488678154875987	73
-0.0433421198614971	0.689823012629516	82
-0.106684734113756	0.859725025715117	11
0.0417127129138169	0.949598391909074	11
0.03919775241499	0.642573664585914	28
-0.122927753854746	0.496910787037679	6
0.08683329911631	0.170896697158849	21
0.054585402620456	0.777167344547631	21
0.086376878882243	0.16832657241939	69
0.0892059140188261	0.164395035335492	21
0.107995266223748	0.582892212318555	649
0.058666563926571	0.350845916080234	649
-0.014367194786889	1.47522555369317	13
0.114580616189231	0.592665635588015	122
0.050321442633106	0.341707066371338	122
-0.114210141706276	1.71637202618004	122
0.074962024248351	0.888709407288464	122
0.104325313343164	0.594564768710037	145
0.077799437000886	0.499513942020877	174
-0.053242849964794	0.294303878876669	82
-0.04889194014585	0.284438306185666	82
0.00694980224006903	0.93170614691275	82
0.036567936163486	0.9882498416038	11
0.018974971871799	1.33556724550486	11
0.115672423673731	1.1439815372867	11
-0.084639528341795	1.32429032246542	12
0.072553568098412	0.958058311366602	12
0.0132772625984811	0.440224665892623	130
-0.123243865140052	0.786188788509136	130
-0.051918451577161	0.815132825441797	21
0.089225024301168	0.643515796314135	21
-0.098411093818	1.03660040428321	21
0.08683329911631	0.170896697158849	69
0.072795141622558	0.758645341446143	145
0.015717037227711	0.43866823125281	145
-0.010570054216829	1.26628447670859	73
0.035366629194719	0.638774660745195	174
0.103798143173077	0.771364357723082	82
-0.054713461279417	0.918073158261627	82
0.098003620177329	0.75088464538045	82
0.02143692375822	0.700417334116309	82
0.0174861043926799	1.20287102043194	285
0.120222091195053	0.571923523516176	11
0.020081956583029	0.70080557081843	285
0.070707978684278	0.49105673411067	11
-0.048820589835375	1.11884257104894	11
-0.0993269899868709	1.09003242593612	11
0.00536318300977501	0.443902381874538	6
0.036555445060695	0.681055711263872	21
0.029470738432716	1.04079136421574	13
-0.104730469225837	1.3028144329097	32
-0.0253046082077411	1.86629978314138	13
0.10270920030265	0.587395659544533	13
-0.112742598041102	1.7309513399575	13
0.00260191478773097	1.57237862719468	122
0.040226665274163	0.920722719986783	73
0.081925066884856	0.942061938558562	73
-0.049721536124017	1.19857300766883	174
-0.0511779603767329	1.39345228762348	82
0.049708811471927	1.19176537396691	285
0.0723323051790991	0.964545135755311	6
0.067679844359865	0.330285963616889	6
-0.120248641162942	0.486791159571472	6
-0.02245338026907	0.548963200267416	6
-0.043458934798463	0.284215957331135	6
0.0105210645856511	0.833103826816017	69
0.015560634833223	0.813925240920562	69
0.08683329911631	0.170896697158849	21
-0.10408100853951	0.388033410294784	21
-0.10259181503417	0.388181198585998	21
0.020029961151368	1.59311220548706	122
0.060410638747978	0.853472835119636	73
0.078815101462706	0.505837932419389	73
0.010376498762056	0.776334016792906	174
0.059007584093759	1.58715406120267	82
-0.085124354536438	1.37696984531838	83
0.062321573163054	0.561470348457466	83
0.124186487863463	0.695222922555581	83
0.010903258652771	0.883879848427988	11
-0.0258191478006941	0.623940228978131	11
0.020258841287553	0.789901158186899	61
0.081100530950432	1.17659959901776	61
0.058094371715875	0.341696582187546	28
-0.076297926903999	1.35465083881613	6
-0.047654549863588	0.287240119533882	130
-0.105805932391559	0.401078180427981	6
-0.117400008726765	0.380863384582247	6
-0.105827400719633	1.01629133322934	69
0.115452716002917	0.405892400322703	21
0.107445523710026	1.8203499475238	73
-0.120725641101923	0.839838768589478	73
-0.00938676048360798	1.46849410968514	82
0.027929335226673	1.32697672509999	82
-0.0385879200886911	1.5417575180104	83
0.105789337510133	0.857109115106091	83
0.0595649301171109	0.347518228230897	83
0.105920304234024	0.591897538544597	285
-0.0941276083963199	2.31787685072871	285
0.066982022575651	0.803696254030742	11
0.110618340038846	0.417625977099291	11
0.115562670192439	0.855757905267229	12
-0.029928788271505	0.626153841824973	61
-0.020194073987069	1.85466079132859	61
0.084809650899764	0.494189785224689	61
0.080488026537788	0.169187072363845	6
0.026228651307066	0.707328919595286	6
0.0903907372881	0.164566515651367	130
0.080488026537788	0.169187072363845	6
0.04663813410396	0.902544558520634	6
-0.099458404793622	1.10792433796954	21
0.124785240482654	1.08237094885807	69
0.085787297408971	0.172057081317188	21
0.00571687519351205	1.0017153303229	13
-0.041311087965302	0.835162341612355	13
0.027153944032102	0.706348703665996	13
0.0180132960131441	0.428460829749707	13
-0.032621943540301	0.626000111731796	13
-0.015063791161123	0.570863814318115	13
-0.023594094088327	0.541384112191482	13
-0.052866826816914	0.885354262688067	73
0.110900770466995	1.00310765290135	73
-0.072594279204682	1.14859017948782	73
0.010488408267184	0.911073836822177	82
-0.11386766553305	1.00473156394428	11
0.118687544983028	0.408526680350838	83
0.11196359991838	0.899613532506626	83
0.0527245686366	0.334444457994593	285
0.116214685571191	0.419962908222584	11
-0.113454301458818	0.453254726221082	11
0.08683329911631	0.170896697158849	6
-0.044144353459098	1.141664154559	6
-0.045738420655458	0.770117599335002	21
-0.043458934798463	0.284215957331135	21
0.056288591440982	0.584052420438477	208
-0.105688538771184	0.395386961752458	324
-0.043556301189247	0.875983655152055	13
0.085440675982917	1.42703929232716	122
0.103971912278718	0.773594668647877	73
-0.078203348994442	1.36404030781119	82
-0.054233556350614	1.05261478495708	83
-0.10572893890395	1.01080709122548	83
0.092526649547616	1.39370606136843	285
-0.111651134030529	0.393963143269348	6
-0.099411079137452	0.387364744476467	130
0.085787297408971	0.172057081317188	130
0.086376878882243	0.16832657241939	6
-0.050609206593065	0.284969027461076	69
-0.049191102512402	0.287022737842076	69
0.036568869738092	0.641887648584071	69
-0.105060327780243	0.402472756021541	208
0.080488026537788	0.169187072363845	21
0.08683329911631	0.170896697158849	21
0.119839327210891	0.794324959147925	13
-0.018758560874484	1.09742504558868	13
0.080509061474342	0.947134529708842	13
0.083939779800134	0.8449898562846	73
0.080750711156088	1.28571249170616	73
0.112952549892592	0.833296252203307	73
-0.123486835918174	0.905778930486842	73
-0.030100210945693	0.70175709789487	237
-0.054457374937228	0.993915993423117	82
0.110338869227611	0.923576212899194	83
-0.091507217088144	1.20790803061397	285
0.118459831104025	0.839355506871184	285
-0.020710884338327	1.22683679233603	285
0.055565569023873	0.587414181838232	285
0.063900716306627	0.565214287153256	285
0.091290030722084	0.655503134806706	11
-0.046738508103263	0.892571893880855	12
-0.092328539623854	1.14442933556981	61
0.089408437393669	0.777651999039546	61
-0.041441053576915	0.692903186443144	61
0.062667384862691	0.33228088041081	6
-0.118023150818763	0.490785195056435	6
0.084006590791615	0.453375427009286	6
-0.025895961486859	0.541017265092795	6
0.063458679242145	0.346724562479487	69
0.071180408440891	0.49683737925573	69
0.087457971156454	1.42795980008531	13
-0.075542174502628	2.12828726097478	13
-0.124683842555647	0.896218829594358	73
-0.047654549863588	0.287240119533882	82
0.011149237199115	0.457483904096216	82
0.119554127757574	1.50021884870928	83
-0.0346102656613519	0.711182474583796	83
0.077681309635355	0.486345548799575	11
0.08000958293878	1.20913130608142	285
-0.049844412648159	0.837897526688892	11
0.097015857510391	0.769522226734687	398
0.030518776799333	1.02570735771454	28
-0.0450045734708	0.756881432088709	6
-0.109943722301454	1.00805436113559	6
0.117033119956738	0.57098072657693	69
0.016673442716256	0.780372263027388	69
0.08683329911631	0.170896697158849	69
0.0903907372881	0.164566515651367	69
0.0595649301171109	0.347518228230897	208
-0.106551926127618	0.396839034552724	324
0.00886781402027303	0.455371929982851	324
0.0599711935687109	0.343903567353365	21
0.087423458561088	0.167226093944783	13
0.066701067044715	0.702524294443361	13
-0.061136157064217	1.72702888162097	13
0.07671798853504	0.481357872284654	73
-0.029725352091133	1.15637161350563	73
-0.00206056670137	1.09388337060093	73
0.040957182708986	1.32366648016774	73
0.0443139084643081	1.16753142458913	73
-0.026797862452923	0.638367422577434	73
0.114511006537483	0.421484908879288	73
0.093862390474401	0.816536100072008	82
-0.04763585502118	0.898828545268811	82
-0.037664566170278	0.705355713214488	82
0.0488397882888419	0.344381746114617	82
-0.022413866265757	0.636547485215931	82
-0.036844197513332	0.713627740223638	82
-0.022351379846141	1.41631938010223	83
0.070768708638544	1.05843824562898	285
0.012041510709619	1.268282292701	285
0.097451399843531	0.392524857449019	285
0.019673905688889	0.774760008367894	11
0.074885102915341	0.486467643952868	61
-0.099411079137452	0.387364744476467	28
0.08049063073928	0.656306149296591	28
-0.114771955130127	0.469511194672896	6
-0.0233040565327181	0.541216883162668	6
0.033062518175079	0.71067805244212	6
0.037815484946655	0.646564098067884	6
0.074404384643458	0.468087317082698	6
-0.014756289429508	0.518277347425138	6
0.119143305777956	0.567883298476278	69
0.1218711433713	2.17535106031823	13
-0.057109607707262	1.92849711638652	13
0.113144607197013	0.987803060250007	122
-0.00139733951005405	1.39438946900123	73
-0.00251150888644403	1.94755984893128	73
0.115912313772759	0.520354389936739	73
0.062054346104332	0.953698056118317	82
0.046920422986994	0.830842745919424	82
0.059575497971093	0.972668162447661	83
0.023591377199887	1.59227947542967	285
-0.074524614914169	1.34872190297961	285
0.098399323121421	0.98459524611463	285
0.073284549279515	1.13371188288644	285
0.0139913672288891	0.783795150494149	11
-0.0489594597545801	0.988550955705602	11
-0.040383736195822	0.871705807591267	11
0.014237945814366	0.806776206731806	398
0.106308826724153	0.723879509334652	28
0.114476738065569	1.00203527823552	6
0.099663715422346	1.10545853556521	6
-0.11029884286062	0.886978245651099	6
0.058015421658975	0.342885976512376	6
-0.0310504311468101	0.694891561875939	6
0.079995319502034	0.510465319835024	6
0.118903600291749	0.654329737864519	69
0.013124937398231	0.445968010885157	208
0.121088824533955	0.524427981078565	13
-0.110046745728292	0.403589764487181	73
-0.102623253811145	0.383974096561391	73
0.044201805723493	0.652189530232105	73
0.05362433493516	0.340578038864857	82
0.119936869557074	0.407042186515301	82
0.119945677759726	1.38468514758396	83
0.042361523139608	1.63273778798724	285
-0.115183454316736	0.838308040621942	285
-0.030426864966112	0.598221666238438	11
0.109012953930679	0.856303692989629	11
-0.00678220183111999	1.05076598948612	398
-0.042141079791353	0.805511279222522	61
0.0875145275902059	0.646148150689734	6
-0.113198212538397	0.992878850465275	6
-0.100761431536586	0.964908179455859	6
0.0617681762100431	0.341558602843081	69
0.050114105904558	0.859091099121952	69
-0.116297547284409	0.945225246002979	69
-0.10526604707979	0.39696095146586	208
0.089798429935142	0.168097646736901	208
0.0573150493243591	0.579701645832247	21
0.00780872439956004	0.891652968997667	73
-0.064760085169686	0.867180560885762	73
-0.110017119322988	0.383245763440631	73
-0.037945647204183	0.773575307565783	73
-0.100390674888027	0.388013221051851	82
0.105230959232076	1.53538665224227	83
0.076973205633731	0.698200579813594	83
0.0507385233136241	0.614989316008827	11
-0.107683853505453	0.843076576543982	11
0.100484947076428	0.634312578144764	11
0.00973225474596995	0.94779330425432	398
0.0711811053935	1.17352642047002	398
0.062862811975744	0.572146676517711	61
0.012570548556436	1.14975720370365	28
-0.115086861635871	0.850403143883359	28
0.092858592676438	0.832678793140716	6
0.08192911423878	0.49826949019492	6
-0.110046745728292	0.403589764487181	208
0.05265004391326	0.350105237268848	21
0.077681309635355	0.486345548799575	21
0.119096133773846	1.88784933748957	13
0.042101546184785	1.33293681773789	13
0.07382545527903	1.52574396459992	13
-0.0541086542175731	1.22853516777714	73
0.084464333351479	0.665027194270783	73
0.082848075702194	0.696931813261038	73
0.120102273136673	1.31704009377078	73
0.0498942137984369	1.53749045090426	83
0.077444179864243	1.26558514361878	83
0.029805687038355	1.56249917980047	83
0.0896197587295971	1.43549032028609	285
-0.106018680249874	1.81861552479315	398
0.076081075266058	0.503353657666143	61
0.103945794673236	0.770066636764497	28
-0.050934705843807	0.967330968705047	6
0.046413140346209	0.628183483118228	6
-0.047523359661614	0.295014290825509	69
0.080520884531482	0.708149876988309	69
0.032163994296347	0.631238322056103	208
-0.121496604324716	0.791916937803816	208
-0.052349235443775	0.28573150884445	208
0.073961524200681	0.72613835002952	13
0.021517573463427	0.426751007483743	13
0.051221107259437	0.338661230520291	73
0.084067339504621	0.461827134424042	73
-0.044229979096842	0.28561468782725	73
0.012059909256759	0.442892706408468	83
0.113588759601081	0.402654171091266	11
0.096329528030505	0.952323663927566	398
0.048632204647106	1.40039449700385	398
0.063622743068623	0.345653996338961	61
-0.00277720463859599	0.985693934302629	28
0.085197509362389	0.168136000223553	28
-0.118930520361694	0.492264183920144	6
-0.118023150818763	0.490785195056435	69
0.0354231472930771	0.694583395005118	69
0.00231375280713297	0.444927120578166	208
0.087423458561088	0.167226093944783	208
0.056500480869464	0.346718129005221	208
0.081529104054024	0.168089776840781	324
0.116054418211279	0.402625974236662	21
0.020689303945218	0.994796452457438	13
-0.05970704963359	0.276985299432773	73
0.087423458561088	0.167226093944783	73
0.081529104054024	0.168089776840781	237
0.010852067624221	0.446009707509682	11
0.049526069854111	0.575541457141859	11
0.0364990123505879	0.967696199892275	11
0.0892059140188261	0.164395035335492	61
0.121480860036652	0.660009579067169	6
-0.060139781425948	1.00387774013201	69
-0.114499170309712	0.95767477819892	69
0.079893110633019	0.169267896660306	21
0.085197509362389	0.168136000223553	21
0.070852685984483	0.495788334177201	21
0.0574382941571751	0.349621087687944	73
0.032311244231772	1.78879234659559	73
0.091388159890146	0.667038717036544	73
-0.061267742193546	0.277263514614898	237
-0.0533627783738621	0.282587365255919	11
0.102595965893661	1.11388400459499	83
-0.116991244443432	0.456725862068525	11
0.055307835254376	1.24855234483339	398
-0.0299532119755021	0.73628237569447	69
0.0242261515314121	0.73168987866678	6
0.038430019225031	0.658280671664156	69
0.057605661519605	0.34200943351785	208
0.119243482780699	0.545008281214975	21
-0.018801394530509	0.552653821494245	21
0.011451961178478	0.447490024892578	324
0.063418955276644	0.532676410757785	324
0.00476655238128598	0.441871449629537	21
-0.045855200142307	0.284875383722602	73
-0.04062832458535	0.87757315294332	73
0.061034105971754	0.345637293575241	73
-0.066575356693258	2.3821689926507	83
0.053605685264571	0.585120421171042	11
0.123908281848536	1.03065020951481	398
0.08683329911631	0.170896697158849	61
-0.109189469700836	0.402099384401498	28
-0.0484226438188961	0.288663490857028	28
0.0525354205986071	0.841557446371863	6
0.043338254803156	0.78809813936527	6
0.0705308310428781	0.762562224290873	6
-0.114160828221738	0.843095891645211	6
0.012212302227348	0.447531179380026	6
-0.043441299745873	0.813643650590035	6
-0.046624533075872	0.286275403845535	6
-0.027808706367628	0.538867960785609	69
-0.10259181503417	0.388181198585998	208
0.089798429935142	0.168097646736901	208
0.012972285072348	0.445615541799511	208
-0.043329491313116	0.285059436298403	324
0.042501044787265	0.813213065538236	13
0.075737840218833	0.51074561164911	150
-0.121759869305879	0.844023971922934	73
0.079972615021341	0.480525673642291	73
-0.103570284443832	0.39717115846829	150
-0.109189469700836	0.402099384401498	73
-0.034917838217966	0.822316427747849	73
-0.038791949150735	0.866391209421146	83
0.119106508635489	0.794682128017167	83
0.033720839269499	0.707631392791558	11
0.0992698867780381	1.0018796221506	11
-0.023819193915707	1.36985137518948	398
-0.026852964533031	1.7251165041238	398
0.050060608011303	0.915433111142766	28
-0.052967733695148	1.04651168978916	28
-0.05817907653272	0.931103286452658	6
0.040347116393558	0.927573319569406	6
0.011300153988672	0.444778739278205	6
0.085787297408971	0.172057081317188	69
0.016057431818828	0.762952816074032	69
-0.102708523060132	0.395708434495422	21
-0.103387665819914	0.930293452867934	13
-0.095657668008041	1.1984103713997	73
-0.044235594663855	0.889569225434118	73
-0.018619050335393	0.526905284790904	73
-0.108609482481524	1.11790874722257	73
-0.104315111921589	0.401282435989275	237
-0.026323921640228	0.68095025532199	83
-0.057048430776436	1.51873863871741	83
0.042884353974905	0.649618936870693	83
0.054900755066483	0.576402989718655	11
-0.052755159834854	1.09622718364241	398
0.00775217589076704	0.818851559182185	398
0.041842441802903	0.634113439140766	61
-0.04036754004807	0.818917796738769	6
0.116602136840529	0.591476898844631	6
-0.03141327866621	0.630523634671931	6
-0.10259181503417	0.388181198585998	69
0.085197509362389	0.168136000223553	69
0.012364368507412	0.445929466337232	69
0.012972285072348	0.445615541799511	69
0.08502315745235	0.491322300004404	21
0.084288784093954	0.85008218481075	13
-0.04167417594581	0.688793626911772	13
-0.062999141091501	2.20409417438784	13
-0.107251612296508	1.60276396191459	73
0.028558612562981	0.760623734240374	73
0.115108888656628	0.401939848957533	73
0.106498855523313	0.755441315088083	73
0.00557818518478004	1.57078285070778	83
-0.043209450584988	0.834149451860636	6
-0.120476943849179	0.845351880427012	6
0.045836952421012	0.651891502869237	6
0.0903907372881	0.164566515651367	69
0.054287203443362	0.35031889308881	69
-0.016896649789775	0.539707485156631	208
-0.016896649789775	0.539707485156631	21
-0.104197754117244	0.400971085265102	21
-0.022409793590784	0.626411654439194	73
0.017857415069012	0.44377661581096	73
-0.058773279590366	0.282452578066419	73
-0.0592227773923329	1.10646584069605	73
0.087423458561088	0.167226093944783	237
0.032374701302515	0.62281771253813	83
0.015346398093634	1.16084966085711	83
0.080292563858403	1.38384410632663	83
0.056298603895076	0.344025221782494	11
-0.026033191274289	0.616057366518688	11
-0.020030404629745	0.521517077739204	11
0.015120030655105	0.436832926453881	6
-0.027729942741468	0.697834008645465	6
-0.123759714162617	0.752575685203902	69
0.0862429326598661	0.167041246972049	69
0.085197509362389	0.168136000223553	69
-0.034096060536876	0.717499020731284	69
-0.110905071354005	0.394018845038416	69
0.087423458561088	0.167226093944783	21
0.080488026537788	0.169187072363845	21
-0.029467379910623	0.641547342771965	21
-0.11237852417353	0.805711046961291	21
0.055737879569882	1.18543232655082	13
-0.0216696258299151	0.622978933775562	150
0.09330864263773	0.848507194381473	150
0.00871721502797496	0.453450365706699	150
0.108115302329749	1.10433519253989	73
0.0946549765264	0.656733243483189	73
0.063294501073718	0.338323064568738	237
-0.122927753854746	0.496910787037679	237
-0.014485987517995	0.55156397843816	237
0.060389791175361	0.337696689481832	237
-0.037049900777439	0.68449902212973	83
0.050609379177738	1.42834037551748	83
0.070096465938338	1.18135449082709	83
-0.028722289429164	0.598773605685063	11
0.028080393301032	1.32264256951651	398
0.122621013914442	1.05554452145881	398
0.079220004451834	0.716173718516809	398
-0.10027225527567	0.395819065604691	61
0.100524710384953	0.583446774223994	28
-0.10259181503417	0.388181198585998	69
0.089798429935142	0.168097646736901	21
-0.103650126591003	0.385576479595028	581
-0.037498441219724	0.624711887968568	21
0.091173896294218	0.919398444880403	13
0.076620517562598	0.495970425105584	73
0.121543503896808	0.672749947972705	73
-0.0533627783738621	0.282587365255919	73
-0.016015345104423	0.556214443573867	73
0.000955352178417024	1.34542106065861	73
0.110618340038846	0.417625977099291	83
0.064193382453976	0.344850261588657	237
0.080747180862776	0.510569115661833	11
-0.122187753100418	0.493270483532777	11
0.082896497445216	0.481944337240466	11
0.064357913645409	0.345642582280234	11
-0.03509874898025	0.689492946158709	61
-0.108356975201514	0.770346010783356	6
0.100844452047941	0.64487883138458	6
-0.10517831230077	0.391745582569973	21
0.112985239286	0.402769346160716	21
0.120291098415467	2.2113663089314	13
-0.050550503862922	1.36277427139252	13
-0.065068526520268	0.273417611021844	73
-0.032095482883153	0.83173505245981	73
-0.047618059077214	1.40975488439727	73
0.053810233870875	1.51975328062355	73
0.013354748786464	0.764049298700301	73
0.049222954205059	0.326467732847231	237
-0.120600550256682	0.725459410782452	83
-0.027033546965067	0.603623467538289	83
0.119082273819166	0.578267752155183	83
0.00494511708605605	0.419524409279894	237
0.112002850315267	1.23163607576198	83
0.104982618855692	0.621519937309579	83
-0.047774958439275	1.28444069548048	83
-0.123213402621428	0.499121733462146	83
0.013124937398231	0.445968010885157	11
-0.023656754714395	1.35780442765297	398
-0.00509386077735496	1.3657527185511	398
0.022590042900743	1.08069065134739	398
0.086337100125622	0.82089872777817	28
0.0529756674880471	1.09787632490135	28
0.085197509362389	0.168136000223553	69
0.08683329911631	0.170896697158849	21
0.119166921036463	0.4070612912928	21
-0.013048386860477	0.526959712795122	21
-0.054793537122964	0.288585852088339	581
-0.121903107626274	0.626090761340923	21
0.044694979200621	1.62120563254615	13
-0.053225635165071	0.754460431478618	13
-0.045637092543635	1.51443257357564	13
-0.04510184427483	0.813626708786766	73
-0.114124274147468	0.388059122898453	73
0.095297771049653	0.657801394712216	11
0.0270667334859051	1.06636492017662	11
0.120122500987007	0.956290703467081	398
-0.047902503241184	1.68581366968372	71
-0.014909563694007	1.22484501220077	28
-0.046754646570268	0.293511983266787	28
0.043852386736532	0.990903660878787	6
-0.04739423199285	0.284668676734627	69
0.086376878882243	0.16832657241939	69
0.057931579328706	0.348963005068508	21
0.113418529877961	0.407719173095357	21
-0.056991195235985	1.77649101481506	13
0.120011426791939	0.579978607129433	150
0.08191940262595	0.477374365167604	73
-0.03731715733597	0.854632057860938	73
0.061094254356021	1.11340685365462	73
-0.020130844769419	1.07337958299323	83
0.022484639855141	1.53700109434365	11
0.00125209756025702	0.446220092765131	84
-0.0239757230652961	1.23095384217518	11
0.119855994285488	1.13121932621958	71
0.08683329911631	0.170896697158849	61
-0.108097677007851	1.14054301726214	28
-0.029688449153955	0.636803461785844	6
-0.10015445445867	0.386112408349974	69
-0.012917585571099	0.536356263940799	69
0.08683329911631	0.170896697158849	21
-0.041599454059795	0.757649154462296	21
0.05184388185204	2.33811599037358	13
-0.019624968814751	1.50813743330751	13
0.00599509962422995	0.88363294271578	150
0.123682792804275	0.394205939060829	73
0.095665079723895	0.428485301867905	73
0.017857415069012	0.44377661581096	73
0.03582926494016	0.732580292700603	73
0.0345750557892121	0.683125739119616	83
-0.060794522009721	1.05154454660874	71
0.098085116165452	0.756811522479483	83
-0.015178947429024	0.521337677829678	11
0.056534364856401	0.589296077762579	11
0.121692924486179	1.03484599436862	71
-0.001255345138089	1.65835564783619	71
-0.0107552282961561	0.523951596955413	28
-0.05246806351705	0.288485668070392	61
-0.039128996024949	0.962854063121563	28
0.01388514786254	0.444063376525644	28
-0.105392029718768	1.04351563439378	6
0.010376936183587	0.925953194763241	6
0.076258296424554	0.705202045887469	6
0.114347435371042	0.418925833199503	6
0.086376878882243	0.16832657241939	69
-0.109823298929584	0.387388571039298	21
0.111549660891716	0.417178085475134	21
0.089798429935142	0.168097646736901	21
0.059728546429442	0.336187295305335	7
0.124875118925822	0.643575675525509	13
0.101403273231018	1.33094535924312	13
-0.118414349042143	0.732067832106182	73
-0.119671752833252	0.49333249059756	73
0.00580334041132902	1.24179010284151	73
0.111289032673423	0.866966522041511	237
-0.0459862984931581	0.286698052875647	237
-0.046886820301425	0.280814873586778	83
0.078276474042675	0.508182262007354	83
0.086936400085102	0.909426921491652	83
-0.107786456594738	0.928139047774281	84
-0.124623385328518	0.759593087086143	11
0.115517395193531	1.10987444757877	71
0.09436523189442	0.643065123595856	28
-0.101146495161319	0.979709595884585	28
0.121886509491942	0.555760722244624	6
-0.00847633331807396	0.521815604717504	6
-0.047523359661614	0.295014290825509	69
-0.049191102512402	0.287022737842076	21
0.022447770283721	0.830842304708896	75
-0.025730999446968	0.617252977197633	73
0.065827217839301	0.339713255506618	73
0.018162671035726	0.433168954335834	73
0.035843641684295	0.645441230884756	237
0.056500480869464	0.346718129005221	83
0.066785562222015	0.532572936133017	83
0.084058894991522	0.49502732583759	83
-0.027033245860545	0.677241548390787	84
0.097229763851487	1.08664864508813	71
-0.047523359661614	0.295014290825509	28
-0.05246806351705	0.288485668070392	28
0.060869445814152	0.344764260535454	28
-0.10408100853951	0.388033410294784	28
-0.047523359661614	0.295014290825509	28
0.047564638055507	0.560575401308602	28
-0.02833503701067	0.684451731614075	6
0.028152638105744	0.710497653803502	6
-0.040309796001952	0.72809619889742	69
0.108547228490503	1.03676402543738	13
0.076490638209392	0.509692879259947	150
0.053227892679767	0.353815474784483	73
0.099124613398864	0.59901513808445	73
0.054864000409373	0.353626971167267	150
-0.112749944862381	0.801309539769535	237
-0.014298908526574	0.558926691858511	73
-0.047654549863588	0.287240119533882	83
0.0589929724421791	0.332496819507329	83
0.057277495428151	0.343951950403687	83
0.03387020681818	1.31100144152742	83
0.00459931822562298	0.442828220695889	83
-0.05246806351705	0.288485668070392	11
-0.046886820301425	0.280814873586778	11
0.083254111315057	0.458420970540074	69
-0.033645434771024	0.713678550962627	21
-0.017360160384395	0.547810027405831	7
0.0575560734049561	0.570176134101512	13
0.020662706729955	0.776085266823098	150
0.069519999385449	0.495429513443235	73
-0.046886820301425	0.280814873586778	73
0.0712874571061291	0.969361042767059	73
0.0577686756801991	0.349935498232864	83
-0.110680342946122	0.398741275988853	83
-0.0459862984931581	0.286698052875647	83
0.0718203884949929	0.501152535702933	83
0.093085327539974	1.01732312738307	83
0.097933966918899	0.782218608328264	83
0.033451343934189	0.708819138259398	28
0.09374071608012	0.657736722499741	69
0.00399813872554	0.441857128440613	69
-0.104197754117244	0.400971085265102	7
-0.015063660022191	0.55999734798561	7
0.056534364856401	0.589296077762579	7
-0.109301482020945	0.400382492872914	7
0.077425301909524	1.53380060407411	13
0.00110247014759002	1.33376749298692	13
-0.042578382284633	1.36869996583376	73
-0.10435357806644	1.18651044271485	237
-0.034601845041058	0.631731799012603	73
-0.096215985386879	0.371965149758062	83
0.122489404314226	0.508231117903875	83
0.074632611991725	0.493082985187421	83
0.069381676489728	1.32732222032571	83
0.0662320494480571	1.27912908699655	71
0.070098615469987	0.49678588255801	71
0.012023602712931	0.384377433618478	84
-0.104522620306315	0.393852899549381	84
0.086310076680672	0.486913925527841	11
0.045315572976261	0.894196602478289	28
-0.00578992068546902	1.09341435604054	28
-0.045001390996917	0.284010053207826	69
0.08683329911631	0.170896697158849	21
0.081450203406016	0.466074122240061	21
0.05923786136188	0.340210300884618	7
-0.00757755584240005	0.925053272934942	13
0.107438384918582	1.29692091534059	13
-0.022431505935215	1.84688617903826	13
0.0517451445032801	0.601723893144195	73
-0.043458934798463	0.284215957331135	150
-0.016264595072376	0.531731170378972	73
0.10953614462441	0.403250937204329	73
-0.0496696282872749	0.284404152298991	73
-0.11015939798555	0.391001772238246	83
-0.123691408607697	1.42395098427288	83
0.113726004835559	0.39987089086033	11
-0.112055173604389	1.01927651894219	11
0.109820078266919	0.882946229510367	71
-0.041509801376183	0.932187327234317	71
-0.109414113553394	0.382383047862396	28
0.01951064913107	0.408623421128444	6
-0.120476943849179	0.845351880427012	69
0.0903907372881	0.164566515651367	7
0.119544540594757	1.03053117286466	13
-0.017950546630485	0.553672027722955	150
0.0225932743830231	0.761109949868109	150
-0.011840140886419	1.14397083838995	73
0.022873824960278	0.790627609758625	73
-0.018987982115789	0.551454762766931	73
0.013731910026852	0.441567527337306	83
-0.0533627783738621	0.282587365255919	83
0.00569669464990896	1.46583289743114	71
0.101622149636139	0.389829415224709	84
0.06172114882092	1.10571542877896	71
0.086848021630662	0.880801602021135	28
0.038052167880796	0.695553052357315	28
-0.111946060041382	0.871534653256569	6
-0.036774579142167	0.695777804832015	63
0.08683329911631	0.170896697158849	47
0.095070644103874	0.628486989625855	69
-0.049191102512402	0.287022737842076	7
0.093776850943914	1.37183418860504	13
0.124300058692877	0.536628925533343	73
-0.054335580508358	0.941982954066502	73
-0.057680989756994	1.03035991117175	73
0.038430019225031	0.658280671664156	73
0.013294005891216	0.446258290706114	73
0.111553957098286	0.41616130998312	73
0.05850319330876	0.349928620978064	150
-0.0314098015297249	0.704646820955504	150
-0.124108229827856	0.852262079135383	73
-0.01368200014822	0.529469428822301	73
0.080342427700595	0.843205155454766	83
0.0649249218429801	1.16044377395659	71
-0.017891109384422	1.41877213460249	83
-0.033178634454077	0.765234790414921	84
0.0482117336506011	0.635475346276344	84
-0.00700518619809298	1.32513377817744	71
0.079881760118476	0.886431908231184	28
-0.119671752833252	0.49333249059756	6
-0.016319316132116	0.544005142164911	47
0.074725489362767	0.495621857798208	7
-0.048227146934445	1.17446444227792	13
0.012828828765402	0.454465489336502	73
-0.032899176043134	0.62523715092027	73
0.00328839529607805	1.40879140317451	73
0.03787805179049	1.01893728637088	73
0.070707978684278	0.49105673411067	73
0.011914585326521	0.458713523091728	237
-0.03842617577704	0.726606972427975	83
0.103252483197358	0.892356389137458	83
0.011729474579759	1.23866733832402	71
0.065257622697802	0.337353154065218	71
0.113043358676817	0.578496988910932	71
0.0307720169410171	1.08696434755833	71
0.104734781834927	0.389606979525584	28
0.015458910422529	0.866184857459131	28
0.112483930695574	0.414104447135636	6
-0.029467379910623	0.641547342771965	47
-0.120248641162942	0.486791159571472	103
-0.091672025032962	1.68158970173186	13
-0.035331401641819	0.617300247471092	150
0.078605645857637	0.656694778919219	73
-0.033635653809265	0.62517957068321	73
-0.124133883155684	0.759099343415728	83
0.084273305750064	0.864470296191639	71
0.011000821923926	0.457418424079449	71
0.11000813665949	0.596869142045899	6
-0.102708523060132	0.395708434495422	6
-0.106009861142112	0.396896030639877	135
0.087423458561088	0.167226093944783	205
-0.010252975432917	0.531902213053018	7
-0.0425578242822791	0.283664835390322	7
0.014645000213981	0.440041033225346	119
0.059401203002597	0.350841394669898	119
0.017545459676693	0.427459103545287	73
-0.00890763822704999	1.18091569554267	83
-0.113883298763803	1.47347399996186	83
0.060689653536833	0.544750114711053	71
0.107827448429406	0.410415514445484	28
0.089320408937711	0.475562358069673	13
0.102004376674383	2.44230508355221	13
0.089564978449301	1.94561654286461	13
0.041244667564294	0.936749004294328	73
0.100112987450857	0.631864637023999	73
-0.0455066138483941	0.862064212018336	73
0.080210039894967	0.504360512350739	73
0.058036402338686	0.563733133395445	237
-0.120802429805311	0.908391574752374	83
0.044232010732694	1.14682558122792	71
-0.051923866103715	1.21171210142728	71
-0.124964479893034	0.76091748840189	84
-0.072024909599982	1.42349033616094	71
-0.094791734379424	1.11092267658488	71
-0.015642081215086	0.552626559656001	28
-0.0253158847430161	0.533532764429556	28
0.0995963713958839	0.589672499790443	28
0.0146047298876369	0.768306495592874	28
0.065092738466746	0.343777978580431	63
-0.037055348378093	0.630899432814708	7
-0.000394508136670968	0.432015546935427	119
-0.10408100853951	0.388033410294784	119
0.0178446073406719	1.15116048104922	73
0.033823605700902	0.72569312829887	593
0.10544279494823	1.46256227255256	73
-0.025240421947564	1.67498641259341	73
0.038593799497961	1.26747481463811	73
0.089156816269069	1.45882618656083	73
-0.015989217296381	1.33695107122366	83
0.052600354401616	1.35176362318704	83
0.0900098408065551	1.169582268413	71
-0.038272453332285	1.02781109345653	71
0.0246674404309381	1.56069626469501	71
-0.013289072891678	0.526288255823153	28
-0.023126702319036	0.655327250421669	63
-0.018138203680731	0.544533956048239	63
0.052485112588137	0.858535717667536	7
0.098650704267214	1.5961353935381	13
-0.052234017238453	0.900501132986851	73
0.08829195493777	0.827855488981149	73
0.0809620548587771	0.50653161602722	73
-0.110819319397864	1.00625865943199	237
-0.111510666939091	0.383238020028914	237
-0.049449397976258	0.896343530744907	83
-0.026797862452923	0.638367422577434	71
0.108481947601773	1.00134687297988	71
0.039608848528104	0.984379140812461	126
0.078644955588552	0.487629511114039	126
0.124614308291499	0.395050866252219	63
0.0561067620267281	0.561434418351155	7
0.085787297408971	0.172057081317188	47
0.085787297408971	0.172057081317188	7
0.065661753181981	0.332198498554848	7
0.060135496863141	0.348932711497458	7
0.107521944181967	1.39380737283305	75
-0.118650897657075	0.867073389827998	150
-0.047645188042205	0.889039015371936	73
-0.043173012685624	0.885848024699538	73
-0.02110807809231	0.532078048118913	73
0.0599711935687109	0.343903567353365	73
-0.020628114728649	0.605937808317516	237
-0.046754646570268	0.293511983266787	237
-0.122344740431195	0.637775802909556	83
0.067611679856637	0.764471675391996	83
-0.0633881841758111	1.4195271975218	71
0.038535044706733	1.30604778962501	71
0.06005056932204	0.31643551052033	71
-0.042747791316191	0.696387335213402	71
-0.043441299745873	0.813643650590035	71
-0.023494810319597	1.38795003396551	71
-0.029294009619016	1.40995112814703	71
0.048770962282447	1.32177302201253	71
-0.104315111921589	0.401282435989275	126
0.106891327774201	0.41336687675325	28
0.062731313209101	0.784537798065888	28
-0.103521427291084	0.967775449985888	63
-0.031913643078109	0.644357040726184	63
-0.0425578242822791	0.283664835390322	47
-0.047523359661614	0.295014290825509	7
-0.0389140578795471	0.698445467337846	7
0.059401203002597	0.350841394669898	7
0.119780419110072	2.36705446043708	13
0.123949914166865	2.14373711181174	13
-0.114860472599943	0.890318677389412	73
0.123739792169278	0.798778315768979	73
0.092311100256961	0.825000507457748	73
0.053873532482968	0.581558651147399	150
0.075782794896971	1.04604323046342	73
0.061659142120739	0.573990498015159	83
0.039119764501669	0.656030975827712	71
0.11105042017298	1.23305540119951	71
0.10798508603275	1.21050665664405	71
-0.021499117363498	0.544932825186057	71
-0.107749934520679	0.940367094676615	71
-0.123525106952875	0.456774960451804	71
-0.106191800272422	0.924046108672779	71
-0.052001245092925	1.32255034887756	71
-0.006023692967424	1.31589844020056	71
-0.109189469700836	0.402099384401498	28
-0.092181659502062	0.34961070425963	28
0.10529835659447	0.939795520199113	28
-0.059920540751024	1.08666859510964	28
-0.124865572280806	0.76734219318624	63
-0.039217937755005	0.706870799907743	63
-0.048292438113117	0.293257647460578	47
0.089798429935142	0.168097646736901	47
0.0862429326598661	0.167041246972049	7
0.056871265269587	0.342031865820043	7
-0.122267031622082	1.38205298557241	150
0.0406384100697	0.929793948575415	150
0.0703928280366361	1.21063123544507	73
-0.122081641907885	1.31028818457669	73
0.057145424279081	1.19175730590968	83
-0.090361785829385	1.42093503451782	71
0.023339741236171	1.14397478441137	71
0.0981155418772049	0.923950916710721	71
0.012193060363929	0.914387181555286	28
0.119944321495622	0.839747575852733	28
0.110263034483399	0.594860611914544	28
0.113428394797168	0.564571291307173	28
-0.026575199452333	0.626220102421716	63
0.116054418211279	0.402625974236662	7
0.02334391266629	0.416107523096877	119
0.10708206042766	1.7307919721807	13
-0.027871830707117	1.58789889756134	73
-0.047312478904374	1.74090837881037	73
0.062489870319702	1.5292476285398	73
0.043842127038044	0.927070913213003	71
0.020330022082798	1.63307089446267	71
0.103338234213376	0.9601514274324	71
-0.00380635819386999	1.05941455254292	28
0.022263925606624	0.755518913059532	126
0.065239841489059	1.15542043752407	126
-0.037315618267717	0.670662637286304	63
-0.042221173136242	0.755718637062089	63
0.087539406013824	0.480336388912193	7
0.121149759856398	0.86116338050849	75
-0.038447840759451	0.766668913979673	593
0.0781242031405071	0.480242319147603	593
-0.00885260971562996	0.53719152295632	237
0.0680108937263471	0.497695003993202	237
0.114333517193672	0.660744368083061	83
-0.105336295265641	1.32637797315908	71
0.095569818995915	0.652604657472571	71
0.121654340257333	0.404870870875594	71
0.00367040613570202	0.986392926605073	28
0.059805460232957	0.542025269752059	28
-0.0219716035750031	0.535737469538496	28
0.031415310938094	0.696734136814691	28
0.085197509362389	0.168136000223553	47
-0.123213402621428	0.499121733462146	593
-0.124867327565519	0.500498930572146	593
0.056545151742664	1.5162122119195	73
0.075115377828597	0.501924512655422	237
-0.090712404124555	1.84449288208071	83
-0.014111684842498	0.558000871707519	71
0.110617496643538	1.37416588671955	28
0.065916498185742	0.739329550558517	28
0.049427776140856	0.630934907774253	126
-0.112112427913836	0.881410125337913	28
-0.047789390324231	0.915960947662387	28
-0.105060327780243	0.402472756021541	126
-0.045086232845343	0.278564959869584	47
0.080488026537788	0.169187072363845	47
-0.124573932487454	0.496456072156921	7
0.08683329911631	0.170896697158849	7
0.049580791007834	0.344333796702454	7
0.032359503120976	0.7087360179305	13
0.085787297408971	0.172057081317188	13
0.0862429326598661	0.167041246972049	73
0.089798429935142	0.168097646736901	73
0.0903907372881	0.164566515651367	73
-0.111426363391847	0.38975793143085	73
0.087423458561088	0.167226093944783	73
-0.047523359661614	0.295014290825509	73
0.085787297408971	0.172057081317188	73
0.086376878882243	0.16832657241939	237
0.022430506909414	0.425532994887457	83
-0.054793537122964	0.288585852088339	83
0.086376878882243	0.16832657241939	83
-0.101016039611849	0.394480393592185	126
0.085197509362389	0.168136000223553	126
0.08683329911631	0.170896697158849	28
0.0892059140188261	0.164395035335492	7
0.103161347326985	0.785447397872753	73
0.0783200618483521	0.706507410370478	73
0.085787297408971	0.172057081317188	73
-0.046754646570268	0.293511983266787	359
-0.122632306055974	0.491720818046296	359
0.087423458561088	0.167226093944783	593
-0.047654549863588	0.287240119533882	593
0.0903907372881	0.164566515651367	593
0.016010028807207	0.865371121531779	73
0.100135870726819	0.799852149969791	73
-0.086389159779974	1.01993694851212	73
0.01099709085684	0.871935215679493	73
-0.110046745728292	0.403589764487181	73
0.087423458561088	0.167226093944783	237
0.089798429935142	0.168097646736901	237
-0.042714250508018	0.736770922225023	83
0.029824843844921	0.690129159681465	83
-0.02245338026907	0.548963200267416	71
-0.054018007715216	0.294249733288003	71
-0.047654549863588	0.287240119533882	71
0.054864000409373	0.353626971167267	71
0.079893110633019	0.169267896660306	71
0.074413984794831	0.501011849131719	71
-0.049742195759125	1.177610683099	28
0.0637866917805861	0.335681630612601	126
0.085787297408971	0.172057081317188	28
0.062698606094587	0.56549712060983	126
-0.106551926127618	0.396839034552724	126
-0.12142154441104	0.52843983925856	28
0.063622743068623	0.345653996338961	28
-0.054793537122964	0.288585852088339	7
0.08683329911631	0.170896697158849	295
-0.123408317054155	0.88696540422704	73
0.103411076412805	0.902101502852435	73
-0.050785935379647	0.915851025589498	73
0.114505179325342	0.721907885193542	73
-0.035967055334557	0.808886760026667	137
0.018770835939672	0.431751271865425	137
0.0940147529713879	1.26682982275907	83
-0.028871263001332	1.87229148376224	83
0.068415425438136	0.330248551739136	321
-0.029688449153955	0.636803461785844	71
-0.112380166180724	0.910616584539533	28
-0.0134150041776659	0.532647129279888	126
0.115830992058345	0.993649345040315	126
0.031182003941719	0.73882116798939	7
-0.046624533075872	0.286275403845535	7
-0.030670857741382	0.629563483197388	7
-0.037239689376135	0.626233844011363	593
-0.114871376946494	0.389845073099351	593
-0.115028384399712	0.389443207935795	593
0.097085478520583	0.651803785892855	73
0.059401203002597	0.350841394669898	137
-0.05246806351705	0.288485668070392	137
0.089798429935142	0.168097646736901	237
0.0916314004266679	1.36385536212718	83
0.050987729350337	0.936873002267057	83
0.051983275490358	0.334506333962117	83
0.049066706903789	0.325942698814592	321
-0.099647256586608	0.384205330933464	71
-0.0350361107511979	0.755918304748283	210
0.088013970071208	1.33667840223014	28
0.064915133080402	0.81796358295395	126
-0.105827081611601	1.19921791482149	28
0.085787297408971	0.172057081317188	7
-0.043329491313116	0.285059436298403	7
-0.013788401739202	0.530467656046211	295
-0.018223015798893	0.547946478184403	593
0.076706595962621	0.510834229107385	73
0.114520201039737	0.72097549431802	73
0.0397839495380909	0.699850382544683	73
0.068415425438136	0.330248551739136	137
-0.10526604707979	0.39696095146586	237
0.063622743068623	0.345653996338961	137
0.045328208006165	0.642858624084953	83
-0.0294635686510341	0.636663863184157	83
-0.105036819247701	0.937120279253334	71
0.032915701493401	1.09257355535273	71
0.043048463537958	1.0999412861783	71
-0.099411079137452	0.387364744476467	126
0.053358642926684	0.765245974879913	28
0.016183107788626	0.447800140730963	7
-0.036523585215852	0.698545157388088	7
0.0838981217052	0.165506120532102	7
-0.01589305428968	0.534310437620523	7
0.085197509362389	0.168136000223553	7
-0.035789735859756	0.629590487323604	7
0.024125822632914	0.807062801454788	73
-0.046624533075872	0.286275403845535	150
0.056729764619455	1.49220374719291	83
0.051654224564837	0.636502784531141	71
0.035357198866018	1.25083000678833	71
0.058914739493257	0.349577153347283	126
0.0862429326598661	0.167041246972049	126
0.068629018394441	0.768557700876778	47
0.086376878882243	0.16832657241939	7
0.076672113967405	0.485188167651304	7
-0.105805932391559	0.401078180427981	7
-0.104315111921589	0.401282435989275	7
-0.033881433767215	0.634429946839368	295
0.122177511756752	1.34130387212862	75
-0.066901947510115	1.18474716044843	73
-0.013867550929612	0.53301736304135	73
-0.030534467454467	0.88945436080985	593
-0.046754646570268	0.293511983266787	150
0.112154261258386	0.411252895898511	137
-0.103570284443832	0.39717115846829	137
0.051881615472566	0.622819833003981	321
0.054864000409373	0.353626971167267	321
0.0898526528492381	0.478108429748121	28
0.015504664844365	0.775574634434646	126
0.050153440455099	0.830072994921483	126
0.111878350226153	0.405962622647936	126
0.087670045981915	0.636172708733276	7
-0.0425106445318409	0.701246028041593	7
-0.046754646570268	0.293511983266787	7
0.079893110633019	0.169267896660306	7
0.056394864510149	1.38240207454449	75
-0.112619816536786	1.59725972962513	73
0.038198529215109	0.704282887427653	137
-0.034402968675641	0.9959649638688	137
0.041772083736681	1.21678601169522	83
0.106809630701413	1.48578921487097	321
-0.114195627140667	0.88136838160242	126
-0.124494277168342	0.641387149304555	47
-0.012153544364791	0.540806692655897	7
0.062141091695918	0.576240156805813	119
-0.115800734479884	0.467595642934536	119
-0.124117164795041	0.790642251874878	73
0.118396597135806	0.405245803854174	150
0.0538768873061241	1.46328390715294	73
0.047471684299213	0.645539677869022	73
0.00681622278013805	0.84028707146494	237
0.042455781381244	0.823659292486788	137
0.116178036614836	1.15808421104838	83
0.113682511145971	0.963029064046652	83
-0.069605437658581	1.6202917381574	83
0.054129235802951	0.859359281776076	83
-0.061445638240737	1.03239975574317	321
0.110263034483399	0.594860611914544	71
0.00971728848157705	1.20922454653952	71
0.068226051509566	0.774738221745035	126
0.030754906886072	0.698460604399932	71
-0.015642081215086	0.552626559656001	47
-0.020624619476374	0.538526848004191	7
0.058666563926571	0.350845916080234	119
0.058914739493257	0.349577153347283	119
0.113459196349531	1.00701389206328	73
0.00610398015122604	0.879689599892975	73
-0.031582238687548	0.743331441548066	137
0.065874595138087	0.950295903316998	83
0.078013454556454	0.496289782003034	321
0.058518223450414	0.584876065804176	321
0.027585177381345	0.694637287185021	321
0.053718087028539	0.615044273596386	71
0.092191862311581	0.832737000833409	71
0.075016738043232	0.958028641735298	71
-0.078929214873721	1.20686854584566	126
-0.109507332023002	0.94595114482616	71
0.029113646771504	0.761156227857633	126
0.107663528673579	0.412310625942661	71
0.108305099180175	0.411341774523255	47
-0.035413779199968	0.707755513300608	7
-0.124974193734097	0.723287575927277	7
0.116214685571191	0.419962908222584	7
0.111549660891716	0.417178085475134	7
-0.104433079355249	0.387882719501559	119
0.023022598757208	0.766541142923342	73
-0.044487664740538	0.80088462991217	73
0.0805865130967069	0.734410497964735	73
0.0158007347704831	0.770697548201978	73
-0.0245644903959	1.17607820861105	83
-0.031001622739914	1.39888845058255	71
-0.03556585858116	0.82305184209743	321
0.121413797913416	0.694570014821353	71
0.084443633319051	0.498957009114883	71
0.026682585835249	0.754965000352579	126
0.00504881922941003	0.969423867991969	126
-0.114196217296609	1.05984963707366	126
0.048484966290945	0.631479509907813	71
-0.124573932487454	0.496456072156921	7
-0.031171206767838	0.641843335333006	7
-0.111538440370534	0.400200425068191	7
0.084809650899764	0.494189785224689	7
-0.122943485162009	0.564163241954182	119
-0.111492531990909	1.4811854319069	73
0.116962085046344	1.27008787564	73
0.00381073145361899	0.946618247214458	137
0.093445923276148	0.964987201591956	83
0.023114858786718	1.12063384252677	71
0.091050883946286	0.870495215529405	71
0.073237150428166	0.939230623533483	71
0.025623281693723	1.13082161506705	126
-0.122804840384807	0.906632034018037	71
0.015239771057445	0.766384423390929	126
0.10136817647831	0.595305686449011	47
0.044096348393586	0.626842063470172	7
-0.039098782924428	0.761609498274976	7
-0.036570208317067	0.609245377205347	295
0.053730758992339	2.25482129849866	254
0.033222279100002	1.5347631858784	73
0.00396186761152495	1.58140334303086	73
0.098237134891823	0.917207505331597	73
0.021774602518622	1.69794898996433	150
0.056467435327304	0.898928793705387	73
-0.046675757781919	1.83426475105292	73
0.110805610874913	1.20169967420458	73
0.077294486263158	0.874156489838841	83
0.034144825898481	0.712722716614829	83
0.114479349461083	0.728487795080222	71
0.105622686705397	1.19038528496396	321
-0.047645188042205	0.889039015371936	71
0.105900981429359	1.00370487307565	71
0.040019088107813	0.63831095867178	71
0.111220604186906	0.407865918133754	7
0.060135496863141	0.348932711497458	7
0.069072596459118	2.47052847636362	254
0.105633770310236	1.46334138091592	254
0.037123894502738	0.645255588503118	73
-0.033762214019861	0.690963343758072	73
0.010243326863226	0.434348387978186	150
-0.0306561918005081	0.738463598666978	237
-0.124158542183469	0.791232453797757	237
0.0921931845935809	0.464175066039366	237
-0.041829987400658	0.868665487782762	237
0.124256302343279	0.376134636204255	237
0.024663695199251	1.38393826800739	83
-0.00526313185526295	1.52552370954209	71
-0.017725011744647	0.602149622533569	321
0.07922927737616	0.894397243106834	71
0.014369924470842	0.90715330291937	71
0.078315251766783	0.722207259450688	71
0.030094228189527	0.698225479349829	71
0.040876800804809	0.652820036372825	71
0.055601289525248	0.349993880829744	47
-0.110792398387076	0.403513693056219	7
0.0782227411188921	0.481395495798154	7
0.102245661882334	0.403886659392527	295
0.00203387483228901	0.87698658763096	73
0.011451961178478	0.447490024892578	73
0.00216695680026302	0.448958759371005	150
0.067515473936035	0.326098319491087	73
0.118591683076163	1.1195974477329	73
0.083194537875828	0.831872928818232	83
0.070355191548345	0.961297662516027	321
-0.027872619634065	0.684940249585373	321
-0.105060327780243	0.402472756021541	28
0.021364744271914	1.25498548197066	71
0.00385048909944197	0.447477807001137	126
0.037215026338838	0.676775683723005	71
-0.00594453329732203	0.525689680426332	71
0.013896851051066	0.434875084367609	71
0.080747180862776	0.510569115661833	7
-0.047523359661614	0.295014290825509	7
0.085197509362389	0.168136000223553	7
-0.022997730411819	0.515287590538282	7
0.00993020321387705	0.441423992890917	7
-0.103452944574757	0.399788417138826	119
0.118958827562546	0.676921575451162	73
-0.115775628536793	0.391241106190994	73
0.107136769084993	0.930556869379669	73
0.119791550068528	0.975276816493245	73
0.066110949583482	1.6802625350289	83
-0.037672166802675	0.806281168707153	83
0.116602531677087	0.650719474626385	83
0.093947772417726	0.4284239411481	83
-0.00652702935151395	0.960206324444187	321
-0.0541369387785941	0.288077643282142	321
0.124739279756434	0.614828721630845	71
0.050222055796015	0.917608349361038	71
-0.043562498614347	1.02329218328045	71
-0.106524858575864	0.985118001635008	47
0.085787297408971	0.172057081317188	7
0.037815484946655	0.646564098067884	7
-0.123525611722474	0.832097095753277	73
0.053067292336348	0.344691375654636	73
0.05850319330876	0.349928620978064	237
0.053130857456634	0.585087867659404	73
-0.050937586336157	0.878525145214794	71
0.017855077917285	1.24813334239524	71
0.00840117501166104	0.818506611520387	71
0.024674672080757	0.764951845930545	47
0.07455483817538	0.164217032271281	7
0.085787297408971	0.172057081317188	7
0.079893110633019	0.169267896660306	7
0.055087846880951	0.588913901731141	7
-0.034082967896135	0.629378822475519	7
0.107686405466143	0.607718660965794	165
-0.106011630084471	1.29732125749316	237
0.049502876377031	0.577806035236562	321
0.050463025182079	0.582773525076494	71
0.000997651313803027	0.892624716323507	438
0.0828571041228811	1.2179453209143	71
-0.110792398387076	0.403513693056219	71
0.04561456700096	0.618087612868811	7
0.086376878882243	0.16832657241939	7
0.053227892679767	0.353815474784483	165
0.084809650899764	0.494189785224689	7
-0.121284616358747	0.802104634525577	295
0.081656408481713	1.86875277671911	73
-0.038727657899981	0.628971390169132	73
0.018466128304382	0.441809406277203	73
0.039076401228099	0.873900993474346	73
-0.03254976924322	0.713287444864255	73
-0.011701388777145	0.5225332978536	73
0.114394585403154	0.580977969840965	73
-0.038451297470794	0.814518234307407	71
-0.030457153939092	0.699204964844718	71
-0.115760388065258	0.825255342252592	71
0.078644955588552	0.487629511114039	438
-0.04579282656605	0.866648029180939	71
0.017095821076194	0.44373792206517	7
-0.03802631967246	0.896161761145781	7
0.085787297408971	0.172057081317188	7
0.08683329911631	0.170896697158849	166
0.117753392052143	0.413853805678102	7
0.097374747278382	0.937649710808687	73
0.041932454972338	0.648647918000897	237
0.119290601524794	0.394614186136663	73
0.067857762826412	0.724073616194575	73
0.092556254653468	0.798618930659428	73
0.036153404220269	0.973659237527136	73
0.068928719981652	1.10737771244729	139
0.12400914989168	1.00359398378791	71
-0.045507720442278	0.818632581727734	71
0.093121467977335	0.833613273733682	71
0.113004929724699	0.74026947085166	71
0.059862256873485	1.03433397320723	71
0.037815484946655	0.646564098067884	71
-0.03421541276517	0.897717138555775	71
-0.114129458214894	0.87072036395451	71
-0.028941623953055	0.609089062355611	7
0.05240720369638	0.582392290153749	7
-0.049054492556778	0.279617701316107	166
-0.112397172638239	0.771585000370707	7
-0.116541198863398	0.48059210479369	165
0.06678001478839	0.326143231560636	165
-0.071207703289078	1.1989895719319	75
0.119790547440337	0.403999811761462	150
0.102005234931409	0.749790648862799	73
0.111820007037491	0.91820075771779	73
-0.00566530126184806	1.12353821936953	237
0.122032471365999	0.560973031468987	73
0.10891230276891	0.41367698931358	237
0.0736971537907239	0.762007608857508	71
0.05323523375763	1.2330409214079	71
-0.121306683710569	0.954667082265767	71
0.105975460328011	0.890237007347601	71
0.111844573487277	1.03611387928152	71
0.085913415367929	0.709636535027466	71
0.032124103709942	0.918302441235118	71
0.093993090702163	0.61863795552409	71
0.124770381743866	0.514205581999459	47
-0.046886820301425	0.280814873586778	165
-0.118685972014736	0.982394437563195	165
-0.024174516892479	0.548651421319371	7
-0.120418230906676	0.810906940556144	165
0.097464164483496	0.937722039234416	73
-0.0327043391745671	0.803260744963348	73
-0.03587363567423	1.15951986488244	73
0.057257122802921	0.585901858480636	73
-0.123540741151247	0.481645439230933	237
-0.118780257243549	0.70448193645324	73
-0.100221830620379	1.05539232463613	73
-0.099243830338921	1.04428833912069	139
0.103848573797496	0.901437498582751	71
-0.024855322176637	0.628133208756809	71
-0.025895961486859	0.541017265092795	165
-0.116541198863398	0.48059210479369	73
0.0766620338495651	1.32664987196117	73
-0.054911469852063	0.28803751190422	73
-0.110046745728292	0.403589764487181	73
0.08823768403921	0.475836794249772	71
-0.114195742853319	0.45899398926062	71
-0.011389876203181	0.543059481924135	71
0.093589360555837	1.16643577109695	71
0.034299239166513	1.3199680611228	71
0.0492207136912231	0.849520311777488	71
0.102082847495659	0.40383455185612	139
-0.045533727551631	1.18870815411566	71
0.109845888814248	0.41718585655352	71
0.043833023276897	0.648303378017628	71
0.049769035369557	0.966078096120962	71
0.011883460405935	0.832310004905887	71
0.107856387213814	0.401612781697408	7
0.085787297408971	0.172057081317188	7
0.085410300891618	0.497138626332556	165
-0.104197754117244	0.400971085265102	165
-0.045206205623249	0.934243574210227	73
-0.026331260223924	0.628916843568682	73
-0.0328792959846	0.638062111753975	73
-0.043819915188027	0.59840253053354	73
-0.113590466073057	0.897773668155581	73
0.111808669986668	1.38461003952701	73
-0.103560910803445	0.845337244491714	139
0.05850319330876	0.349928620978064	71
-0.012651727360819	0.530744027668637	71
0.034262558496422	0.684942801283766	71
0.048681724682529	0.343499433365014	71
-0.051088782832749	0.890205709823362	71
0.00765368913331599	0.449709459148006	47
-0.104315111921589	0.401282435989275	7
0.022893890423871	0.70546378393991	7
0.117193283575779	1.38566815593922	75
0.077047100902192	0.501445912990559	73
0.048278287905997	0.579669497979671	73
-0.047487948748372	0.695871415628274	73
0.124564412877889	1.16746649740527	73
0.042613900791623	0.956336413580821	73
0.037660089821024	0.968474768657141	73
-0.046754646570268	0.293511983266787	71
0.076294401004821	0.501371639623869	71
0.052204906726001	0.88144145569307	71
-0.108444616156474	0.398915939849143	7
-0.054018007715216	0.294249733288003	165
0.07671798853504	0.481357872284654	165
0.035463025516416	0.7069938613137	165
0.08683329911631	0.170896697158849	165
0.059484784429228	0.586739135135669	165
-0.047654549863588	0.287240119533882	150
-0.023409394251994	0.704676660748411	150
0.046180678348178	1.18960565696063	73
0.05249002927014	0.352732992269332	73
0.063539728535299	0.565764657271075	73
0.114546643813714	0.849081892320872	73
0.0705170188484679	1.2758286194487	73
0.05850319330876	0.349928620978064	71
0.0461888226335621	0.933832059334749	71
0.0390616490346	0.682686842721643	7
0.08683329911631	0.170896697158849	7
0.08683329911631	0.170896697158849	7
-0.042113570579889	0.932915508553266	73
-0.031312913360622	0.733587863789104	73
0.12417188078766	1.01252397009491	73
-0.0484226438188961	0.288663490857028	73
-0.109301482020945	0.400382492872914	139
0.00963163952952195	0.451870043583244	71
-0.00349829510166799	1.07818048838185	91
-0.101780449104945	1.08638887212525	71
0.081529104054024	0.168089776840781	7
0.069687987577407	0.77578022228676	150
0.0894208426454039	0.43318632423383	150
0.064474234944071	1.47540360980165	73
0.057995216877955	0.945780853875895	73
-0.0000425943212000179	0.808099356855025	73
-0.011630748938481	0.545836929061052	73
0.111227407182765	0.889308215535776	73
-0.091155956705459	1.23850748004836	71
0.05553942109277	0.572206503969502	71
0.095845608069405	0.660576304092927	71
-0.05524228228379	1.19211499813089	71
-0.044297870722751	0.888757130956299	71
-0.046485882793601	0.891687088465213	71
0.06182499220683	0.340133948729187	7
0.064357913645409	0.345642582280234	7
-0.015707071820629	0.526261498987392	165
-0.0484226438188961	0.288663490857028	166
0.015638576199253	1.11805666307307	73
-0.108438472885126	1.12044528871452	73
0.014236143662249	0.765211337468337	73
0.095417470651617	0.649020199901141	73
-0.100764927136797	1.12501443311985	71
-0.110907003394583	1.01113790312438	71
0.07379943556243	0.700364410412179	71
-0.041261971757381	0.835475328039425	71
-0.010073462532068	1.15408588252063	71
0.105513696523741	0.883041477398007	71
0.078684940986456	0.495284998570989	91
0.107954704278431	0.587658730430346	71
0.119166921036463	0.4070612912928	71
0.110008321938829	0.411817365145759	7
0.01770548052078	0.44590933860767	7
-0.094169164752988	1.34114334094113	7
-0.121759869305879	0.844023971922934	7
-0.045855200142307	0.284875383722602	165
-0.049191102512402	0.287022737842076	166
0.0581766911871761	0.350689046183924	166
-0.114013386691529	1.04355014076277	73
0.0467209963638941	1.14598542252013	73
-0.026893612807576	1.51475986138036	73
0.031747530287241	1.04996904062846	73
0.015569089599612	0.429778940098669	73
-0.021874124567007	0.540961609338671	139
-0.027463513740976	0.626152958779446	71
-0.042751378808036	0.67137227826128	139
0.077388617566954	0.991237753535047	71
-0.10259181503417	0.388181198585998	7
-0.000197449583416054	0.94760442222639	7
-0.053241461244839	1.10236634609606	73
-0.057123830197285	1.24200321142921	73
-0.123408963542965	0.851267826131888	139
0.100653485972173	1.40651852940754	139
0.047368882204553	1.24420647295988	139
-0.040027245109354	1.23163812150762	71
0.104578656423395	0.593525976931791	71
0.11265050084619	1.32040730363277	71
0.077551983956724	1.04513760996855	139
0.065240400196697	0.79793546524465	71
0.058518223450414	0.584876065804176	71
0.01008050813365	0.433287110230435	71
-0.016843139013497	0.534208693963436	71
0.0867641092461791	0.789319683431896	7
0.001073065707201	1.17986686026956	7
0.041805601198577	0.908595687299673	7
0.069536252204081	0.798345317923277	420
0.120611678132069	0.388053502426321	7
0.00657416525521204	0.451688794213143	166
0.0824338378595471	1.47291841283094	185
0.067776415222243	1.04049134583651	73
0.036374335745905	0.686561001353075	139
-0.089963977158254	1.30109600944235	139
0.104359671179557	1.45532948413689	139
-0.06227387395424	1.25013794296513	71
-0.044777384575611	0.83176353331005	139
0.039794093854612	1.68221016940972	71
0.02996833826998	0.679948153765509	71
-0.0995765643065431	1.03703303663075	71
-0.0230688429764631	0.621314152851881	71
-0.041995929148496	1.27535967039217	7
0.090497324740232	0.831323237660001	7
0.031279011918935	1.03612049245471	7
0.1172828155363	2.44358610641582	185
0.083383277853635	1.38386541770728	73
0.11276857153232	0.582844029831814	73
0.098625858898949	0.966382042859656	73
-0.057519121849686	1.5291807142703	73
0.00140158340155006	0.933830102858874	73
0.081238551614192	0.889545889672116	71
0.00532526555925506	0.818880776552538	71
0.09644318059089	0.648999454799888	71
-0.051312168611897	0.931696289106431	71
0.066721699859007	0.556495785922106	71
0.061174038062883	0.582500327634536	7
0.071673823248214	0.722968235031923	166
-0.10027225527567	0.395819065604691	166
-0.013078859282137	0.53375818695469	165
0.057799262001736	0.564850304426174	165
0.082090474286155	1.24922660857177	73
0.082008626030818	1.00583969955197	73
0.022362261282588	0.706747710364372	73
-0.091788454121488	1.47524944274409	73
-0.095551790661532	1.23363968991901	73
-0.112524207987763	1.93868671785224	139
-0.049493063651073	1.18430038359287	71
0.117328008893093	0.584641837528156	7
-0.102535816081367	1.04883675983113	7
0.00340930415012597	0.838777730396127	7
0.032243391150662	0.694616962892383	7
-0.02767703346656	0.611821099208532	7
0.085407298518601	0.883436257192534	165
0.102320402299821	1.16787185067709	73
0.0742259343853911	0.724256616777068	73
0.100950593144939	0.879185981465111	73
-0.026252947417177	0.620462315788357	73
-0.039063895532969	1.90793837160678	73
0.058674093247632	1.61927011627337	73
0.021750454587267	1.28737922139712	73
-0.052758073764668	1.52430787732691	73
0.050321442633106	0.341707066371338	71
0.00270393285167303	1.42034660222976	71
-0.051552379621325	1.04780967491198	71
-0.049684592248855	1.28858839668215	71
0.0184430754485631	1.0873045833542	71
-0.101016039611849	0.394480393592185	7
0.096072459409249	0.37878175281269	7
0.085787297408971	0.172057081317188	7
-0.052349235443775	0.28573150884445	7
-0.092020186783098	2.1684903846458	185
0.091181148015679	0.472799453042785	73
-0.011126290370182	0.520343938847874	73
0.032085037506557	1.07616650935852	73
0.117918356613756	0.412538856245476	139
-0.109078079203507	0.390412988128343	71
0.117956944030916	0.944182310627733	71
0.08068854448921	0.479498483204568	71
-0.121452407178921	0.732111579133797	166
-0.027001339764433	1.62640849535076	73
0.124799637804945	0.548918221932892	73
-0.0333921542931031	0.709397777024344	73
0.030240601182464	1.19158495642494	139
0.110678523351131	0.597902119544129	139
-0.050419235317931	1.68858004155534	71
0.121399449322854	1.05971997571518	71
-0.012684570699257	1.14870697721569	71
-0.117250046230121	0.798822734857583	7
0.017857415069012	0.44377661581096	7
0.075115377828597	0.501924512655422	166
0.036791555440199	0.654320895549462	166
0.109238968418749	0.41132176169569	166
0.071066528784782	0.502168972167724	166
0.0596835541106841	0.57881746409891	73
0.0492600142682	0.634513644023046	139
0.074402202621125	0.717196867825047	139
-0.123220370836487	0.900765527623211	71
0.113998495341748	1.00048907719582	71
-0.00503044567795496	1.1825171759041	71
0.00720562108657996	1.01743343118043	71
-0.048306492865254	0.910497698421552	71
0.10385529793011	0.622904374121292	7
-0.028818047846829	0.747097236056891	165
-0.049111548651096	0.998852045186075	73
-0.111303440071858	0.873947526790241	73
0.04719961275184	0.341065294811998	73
0.064357913645409	0.345642582280234	139
-0.096585238291498	1.19190353237467	71
0.0610450402981501	0.874106995505705	71
-0.02971233055402	1.27995651628461	71
-0.123977709191936	0.81369716282367	71
0.00810362668395004	0.456459655905019	166
-0.015063660022191	0.55999734798561	165
-0.046886820301425	0.280814873586778	73
0.069736635818195	0.495953027686865	73
0.064357913645409	0.345642582280234	73
0.036378059266579	1.00534084825188	73
0.06356455391929	0.817653028319207	73
-0.042036603342554	0.756814225512127	73
0.100008970412826	0.587000559305619	73
0.05195672921995	0.906093492472753	75
0.111385178268653	0.41525683430701	139
-0.118570803285111	1.54766585631602	139
0.043036860129215	0.636498895168349	7
-0.03141327866621	0.630523634671931	166
0.062456295742751	0.568686342968671	671
0.114347435371042	0.418925833199503	671
-0.019566996371426	0.551301365943669	166
0.088409907873883	0.475374894068635	73
0.076706595962621	0.510834229107385	73
0.124238650583858	0.531373820705635	73
0.054864000409373	0.353626971167267	73
-0.101134480279266	0.389128837006033	75
-0.102279145231371	0.981734361969732	73
-0.0483391859729661	1.00218251830088	73
-0.042713571801496	0.853241473884934	139
0.079243094726391	0.508248262464441	139
-0.022640546305931	0.546305419864197	71
0.08577100186883	1.00382766405786	71
0.057484061317748	0.577613709003229	71
-0.03816055170018	0.803019710572042	71
0.07455483817538	0.164217032271281	166
0.031415310938094	0.696734136814691	671
-0.017632823364594	1.15006290332456	75
-0.00492752128916396	1.0891927922156	75
0.064691370503849	1.10401064775735	73
0.055811272970865	0.590282927331692	73
0.077014351820166	0.718764433203593	73
0.036939673029097	0.643009929810376	75
0.012502489368172	0.857561309756511	73
0.023679480242798	1.33589303499413	73
0.0507385233136241	0.614989316008827	139
0.105263594509328	1.09975324186955	71
-0.036496255867133	1.75644594495604	71
0.115280899331658	0.421493491112584	71
0.059193410275683	0.9105884208216	71
0.028880342050098	0.735312894862981	71
-0.08087886283797	1.20956786211181	7
0.060721814865486	0.830125877109478	7
-0.038881441847575	0.749756834750006	166
0.058205970945305	0.575306215346795	73
0.00700306833326203	0.886028196565326	73
0.115271690946921	0.403880998876342	73
0.098249782859483	1.01694500346502	73
-0.035811006078268	0.695266140270158	139
0.050505560612286	0.620562062396599	139
0.104710158457548	0.716024434538298	71
0.015034420481575	1.67199662690001	71
-0.092447361294228	1.29382427864524	7
0.055237647867069	0.831610244114285	7
0.115912313772759	0.520354389936739	73
0.116282415572802	1.29989334573558	71
-0.046886820301425	0.280814873586778	166
0.0749029680119801	0.494621271800386	166
0.121759481626038	1.22572832295201	73
0.104731546214999	0.389532901933948	75
-0.033863426827522	0.920393811774927	65
0.013143482240749	0.424554259457492	65
-0.123893906814915	0.540063272151137	139
0.053356191750132	0.88327686051473	71
0.063521217783036	0.785320242664791	71
0.010831675013835	1.1035361730273	71
-0.086503893560659	1.44487728757302	71
-0.00432222822010797	1.13423880239595	71
0.102441539563922	0.703328309732017	71
-0.047438834044533	1.21847222972724	166
0.060299690709468	0.347507718210125	166
0.08683329911631	0.170896697158849	166
0.062887226429308	0.343828297050183	166
0.060289027480623	0.555410583158406	671
-0.0299532119755021	0.73628237569447	671
0.054332615195318	0.566830076797817	73
0.017248239723645	0.434404688488964	73
0.016032012261283	0.446651138970942	75
-0.032617467051021	0.657855529311737	65
-0.029241721270125	2.03797325158855	73
0.0550253108923871	0.351382680303874	73
-0.0389847015285389	0.928958630368821	65
-0.110221002689286	0.865355756834353	91
-0.042759859650983	0.700181473881331	71
-0.048179551251739	1.29535577245407	71
0.045326681605007	1.18454528624106	7
0.059401203002597	0.350841394669898	7
0.089798429935142	0.168097646736901	166
-0.10027225527567	0.395819065604691	166
0.03709076314196	0.731205794597651	671
-0.035322709666369	0.709595632141094	671
0.052486057215742	0.57112729349973	671
-0.051004138850097	0.822804741451329	671
0.124044281154612	0.67893226803225	73
0.059670020667715	0.569019777837496	75
0.112101520180019	0.706860018170908	65
-0.0143636267163449	1.1464392264017	75
-0.102060564089067	1.16824029727366	73
0.105797593392989	1.39862746983762	65
-0.119228692249862	0.476283074514052	65
0.00949098113493196	1.62599660356003	71
0.080036087813283	1.60176588218878	71
0.110914263337952	0.597131142511146	71
-0.035570404043024	0.619185652332961	166
-0.029245921179536	0.637695986228059	166
-0.084103449546205	1.25150801914557	75
-0.034177032387566	0.800899790623247	75
0.070442794383065	0.746858263226294	75
-0.026658986944669	0.784332188207714	75
-0.08781516842479	1.18622095124766	75
-0.090820561248071	1.70921321301677	73
0.103244389496498	1.20749033304799	139
-0.051231879334649	1.09664716473607	65
0.105779003014363	0.764434590944757	71
0.110193845198346	0.897942480293051	71
0.053235661170109	0.77017871838235	71
-0.108444616156474	0.398915939849143	39
-0.023407343637993	0.548792852863957	671
0.081863668553671	0.483344951338027	671
-0.122684109596142	0.86122130619984	671
0.054225518191973	1.10717570456398	75
0.105598345793917	0.77628372075167	75
0.070028133367337	1.33357666920534	139
-0.0500754605897989	0.8920978806528	139
0.049381862675015	0.879514601319982	71
-0.114365342708602	0.823504653656971	71
0.036337706256473	0.663982259602133	71
0.00718965805063998	0.458067467024913	71
0.070526382204151	0.499013012701659	71
-0.024359618411725	0.529812409164107	71
-0.00442022239592998	0.519851328954244	71
0.079169169648957	1.15300278617407	39
-0.049932955220243	1.31169312538426	39
-0.09443396823362	1.31262350279718	39
-0.046754646570268	0.293511983266787	71
-0.110680342946122	0.398741275988853	71
0.00482901787053303	1.01812957246502	671
-0.018981693709915	0.599956725530668	75
0.0365551315532771	1.35691249164867	73
-0.049972909380139	0.982390994735057	73
0.073046310815586	0.909699793271377	65
0.102325896829707	0.778676832500535	65
-0.016973080289312	1.23987468401638	71
0.09194963455987	0.999187256345263	71
0.00489769657111205	0.938105235072863	71
0.116696920445907	0.707048160970127	71
0.00106385582868396	1.01164745655957	71
0.015120030655105	0.436832926453881	39
0.012370860452697	0.805552348048335	166
-0.036803238686093	0.724575093695142	166
0.090635490511453	0.979087140100042	65
-0.045096466019054	1.25572833600512	65
0.119748576781277	1.25764420611241	71
0.00999130254790803	0.814220329168547	71
-0.0230688429764631	0.621314152851881	39
-0.030863805123041	0.60944107768918	39
0.02766769011253	0.660536061779516	39
0.00478457345956296	0.893925906868244	39
0.053880346708576	0.823290046221039	166
0.0364239577965469	0.689162767565549	71
0.089038587584145	0.47348030956034	71
0.094223126588873	0.786403591938987	73
-0.063013816813359	1.36149907483141	73
0.055290389944879	0.554939434690895	75
-0.05249316984744	1.22434557203301	75
0.085440014654085	0.843346028700372	65
0.030094859017887	0.75894871302064	65
0.120075459711865	0.707577949281259	139
0.010087538732259	0.447059857308555	71
-0.117476492242765	0.944158147957046	71
0.078117565685385	0.742290532674428	71
0.00526625975346895	0.96446754377447	71
0.098558285092318	0.630956715277889	39
-0.055686371948022	0.282712432670457	39
-0.03827712625127	0.963411127454864	166
0.105955539300876	0.413359667210352	671
0.0494632140513111	1.50628785262713	75
0.064807573800417	1.0905170767906	75
-0.067769160024925	1.16984067571072	65
0.0827351850421471	1.22277770043709	73
-0.020051753459075	1.18498281148245	75
0.065778511868088	1.02093286103752	65
0.111985722479027	0.709746629541877	65
0.08154238437965	0.89133309831241	71
0.046993644117294	1.1748276505145	71
0.005856174888481	0.925340981987216	71
0.066021971161204	0.782363188417077	71
-0.0832669565705631	1.43223711784627	71
-0.098784618347554	1.16658252820593	39
0.025309264419767	0.825269314509992	39
-0.10408100853951	0.388033410294784	166
-0.0291260245239	0.853361339240536	75
0.046381195106216	0.895980832269254	75
-0.123014402516033	0.887720611902841	73
-0.015994877767235	1.81263979874464	65
0.111613811573435	0.977143203393864	65
-0.098185276509159	1.35653785371197	65
0.0169444737871129	0.447847120331633	139
-0.028908178809876	0.695146743397097	71
0.00566065338792399	0.453258488479617	670
-0.042305783822592	0.917949161809951	39
-0.053112984991929	1.19883748708691	39
0.121654340257333	0.404870870875594	71
0.00780029526346404	0.445694960341003	671
-0.021686698855737	0.546469031194342	65
0.106831505423251	1.07805312660438	65
0.080360869992107	0.486703300968759	71
0.030802010869474	0.698757893613941	71
-0.035547607726359	0.67523221063737	71
-0.124964479893034	0.76091748840189	71
-0.031491243854619	0.688349614523715	71
0.0584730975340499	0.580725544354884	670
0.038132586281721	0.632851476410399	71
0.077831523509861	0.468983193027284	166
0.076473052409067	1.08450398573108	73
0.123334067111897	0.97700732360618	65
0.118584784482159	0.404973147771712	71
0.036568869738092	0.641887648584071	71
-0.036338918896443	0.758561416202416	71
-0.036555367043591	1.50816164914709	71
0.085301662483841	1.26336813068787	39
0.024673925971861	1.20259237288582	71
0.012059909256759	0.442892706408468	71
-0.03391782337112	0.980488730970755	166
-0.024072175783688	0.542519266668644	75
0.116568137554969	0.575082345595642	75
-0.045114931685301	1.0328054166348	65
-0.041672122737916	1.06788856998624	65
-0.038849763172535	0.877072466236631	65
0.054418300626503	0.573550701873441	65
0.078714583744063	1.29137726439089	65
-0.011542356715299	1.02984901640189	65
-0.03788910635365	0.787020119886393	52
0.061974991411523	0.547503671692553	71
-0.0241142431846551	0.62959703913843	17
0.0637866917805861	0.335681630612601	671
-0.108333248086911	0.390463047541965	671
0.072676538125918	1.63247722996253	75
0.021484104128017	1.18784793872136	75
0.00718266011225499	2.04177872189061	75
-0.064609948553888	1.297188865649	65
0.066255416694594	0.543844576670607	71
0.077810786616575	0.743724577675006	71
-0.05407232582971	0.918018310948488	71
0.026768991617893	1.42335039815332	71
0.116107288008128	0.989390341044564	71
0.033394679246309	1.53886092588032	71
0.086635930602695	0.656862592765147	52
0.058778850115548	0.813904988979011	52
0.107895680194219	0.715085489317264	52
0.112175064395792	1.14384168522664	71
0.056274691263822	0.824674987759928	71
-0.045041205607961	0.936065410929931	71
-0.105552434448705	0.919685218307471	71
0.044201805723493	0.652189530232105	670
-0.045703302180666	1.04085022112909	71
-0.107604570904981	0.907304768742292	71
0.117625897522477	0.40145556742106	17
0.00642533683913804	0.456863274161153	671
0.0594165303519421	1.11681718449972	65
0.039615533597387	1.18871041876366	65
0.075832109815943	1.32169261537136	65
-0.035752884463831	1.36526815304244	65
-0.099800442238276	1.02081022674627	65
0.050276504627909	0.865188800857784	65
0.00404520261535901	0.915817184041439	65
0.076346965059938	0.827290382931522	65
-0.044757457399545	1.25245572530226	65
-0.00321370265325105	0.91841348549142	71
0.051131768002247	0.768560637236473	71
0.06602008054805	0.839452086743507	52
0.040995515069244	0.886670082317692	52
0.104657292248376	1.37290794947738	71
0.112997180669161	0.736439565688718	52
0.00898841742387802	0.835376611995343	52
0.103707184639615	0.809184666340763	71
0.024435266209852	0.71313146156053	71
-0.00859179032778801	1.00798187009602	71
0.025934604531881	0.728989329031918	670
-0.04644049353922	1.23131618747411	71
-0.038741021377076	0.709173090503863	670
-0.04998478996449	0.870506558103524	71
0.01160344087604	0.443959862336088	671
0.119470341742261	0.662726376211304	75
0.124509044060057	1.47235630565987	65
-0.097466326148321	1.35828348367749	65
0.103026612721728	1.01670644407766	65
0.034632938768228	1.05218435263232	65
-0.102548515557111	1.0999537980977	65
0.103709941495597	0.789539016451759	65
0.011300570722795	0.933147128936297	65
-0.000843050418198987	0.415154661135957	65
0.04246769337777	0.621507956478828	65
0.065759137576642	0.838893714178605	71
-0.095710698841304	1.08917793480748	71
0.044620992439327	0.872317785212977	71
-0.0281995307390041	0.611322620824937	71
0.114520573704719	0.405927259941613	52
-0.082725943472266	1.38651002505593	71
0.096304921707469	1.21204687347376	71
0.111385178268653	0.41525683430701	71
0.053388377913523	0.353661010410418	670
0.01770548052078	0.44590933860767	670
0.058666563926571	0.350845916080234	670
0.00847216452575506	0.964151154125564	111
-0.037949710602851	0.697934718992801	111
0.01419064332052	0.427388968947513	71
-0.052299694167755	1.2442101800863	71
-0.053901178030179	0.280470847983215	71
-0.101928354460925	0.374561572047627	71
-0.048292438113117	0.293257647460578	671
-0.058526344899979	1.02170226891124	65
-0.081663695483399	1.56312051762312	65
0.036459805543514	1.02756952995426	65
-0.109111538097853	1.00639797559262	65
-0.040670471503796	0.622886944591699	75
0.075737840218833	0.51074561164911	65
-0.014846539242982	1.09257130775873	65
-0.106924940974242	1.00584935650995	65
0.106575267017369	0.82873425747909	65
0.08556004469322	0.491522495532801	71
-0.000150760944969019	1.90853591280392	71
-0.017028575844719	0.531631492962593	52
-0.01852918955534	0.554167063179197	52
0.023758895587334	0.773089595199905	52
-0.036523585215852	0.698545157388088	71
0.048577369244717	1.66515011505159	52
-0.109376814279212	1.97990313379113	52
0.116214685571191	0.419962908222584	52
0.08246499539593	0.50463084009731	71
0.079732055398136	0.485600382867238	71
0.00293491356535602	0.448986434677366	670
-0.081060146880545	1.33609289780945	111
-0.105826844039451	0.932205243160563	17
-0.053242849964794	0.294303878876669	671
-0.03790916365204	0.830726808136878	166
0.123676961369114	0.555271614127847	65
-0.111249074186671	0.885547406168259	75
-0.018552337453297	1.46483343088126	75
-0.10534504068264	1.17680226366494	65
-0.106421904353552	1.12100569428871	65
-0.00402680122426702	1.09669074969765	65
-0.0294635686510341	0.636663863184157	65
0.065477578509221	1.10987217620865	65
0.084596514294925	0.491497960495153	52
0.05411526858906	1.41808630474861	52
0.110779805257889	0.417183977985767	71
0.004744872318316	1.4710779719852	39
-0.039185580376796	0.830126064672365	17
0.0903907372881	0.164566515651367	17
0.110791875497353	2.28193185271571	65
0.064055158161096	0.53623414074831	65
-0.052276663133416	1.25979576718104	65
0.043390831562245	0.941811525909719	65
0.111228793852846	1.01758877704641	65
0.0759197682681521	0.493557385001634	65
-0.116636277276882	2.11847555301717	65
-0.109078079203507	0.390412988128343	52
-0.038375264484054	0.706445491368363	71
0.033495654057792	1.99866809183619	71
-0.0103805467593709	0.54163385830742	52
0.089103058517454	0.479920976423996	71
-0.094118696718664	1.39456722721834	52
-0.051573822235243	0.280338014590295	71
0.054864000409373	0.353626971167267	71
0.0595649301171109	0.347518228230897	670
-0.0426882577526651	0.277912349240533	670
0.072288714087783	1.18736771968712	111
-0.0188016560727921	1.6407536056831	111
0.103255661159753	1.33239029805335	111
0.123520407538914	0.72327322588723	39
-0.020437137193023	0.552401303768529	71
-0.00880974588793804	1.03185118444733	17
-0.053242849964794	0.294303878876669	17
-0.0521186707636771	0.762035418316963	17
0.052667470802242	0.575634360081944	65
-0.123682193885451	1.70166044549508	65
0.03487185534157	1.36675369239672	65
-0.088905284419056	1.28918654396424	65
0.113253434936561	0.412204228022768	65
0.116724621985393	1.24575063509069	65
-0.107700150835958	0.389807648322987	71
-0.109934711839812	0.402025957303598	71
0.091972678943836	1.73292351823706	71
-0.107611778278009	0.387201604545009	52
0.010691261612025	0.445504349848693	52
-0.0862201327958	1.33727170878828	71
0.049422254025793	0.340893958766948	71
0.051205069240068	0.910526232609502	111
0.110045443321107	1.6537182076025	39
-0.112579742061278	0.896092322342613	17
0.086376878882243	0.16832657241939	17
-0.054018007715216	0.294249733288003	17
0.11363489180235	0.5788394586442	65
0.0554126862437651	0.622112075465356	65
-0.023367773084129	0.715415248290745	65
0.030674530457522	1.03838802536963	65
-0.123659638907504	0.8438935830596	65
0.0776369369751611	0.515547398652586	65
-0.00550965146903903	0.984839335832595	65
-0.0267751552493351	0.609106944412596	65
-0.021686698855737	0.546469031194342	65
-0.03915250566583	0.85518290686208	139
0.068465749233922	0.777027400061885	139
0.078868406460852	0.48993011010211	71
-0.043236147105902	0.710060049350651	71
-0.010626580760518	0.543195666506024	52
0.039774662131342	1.56943663137011	52
-0.109301482020945	0.400382492872914	52
0.043727509857994	0.632644098091431	111
0.0631085224121371	0.565416284929327	111
-0.041639844198632	0.762014670343507	111
-0.048549848319136	0.991177983145529	71
0.016713592294841	0.778290567267914	71
-0.123472871318228	0.899762778515976	65
-0.0536787545067841	1.13847920135831	65
-0.093933873034956	2.23895150910452	65
-0.102094386934001	1.04557731092308	65
0.097324611257419	0.624453993619555	71
-0.113283820490573	0.988119658332264	52
0.106635883318076	0.621561408000509	52
-0.106633360734414	1.00336513076924	52
-0.049546895843142	0.926474429436831	71
-0.040225518313232	0.787933072180325	52
0.01857552595792	0.697627876271915	52
-0.112398005999331	1.07437133013487	52
-0.046432017605627	0.697266513234624	52
-0.0445927253610841	0.85523695165953	52
-0.039560506443965	0.755235723978004	52
-0.12448984161243	0.938530876102216	71
0.049282573900267	0.619218240723404	111
-0.048437489170803	1.23471067799727	111
0.031271999304667	1.00020667400063	111
0.0852047053745389	0.648603235055608	111
-0.02665834044417	0.66820828279396	111
0.03852150655016	0.884218859493244	17
0.0861721225255609	0.708308725657636	17
0.010691261612025	0.445504349848693	17
0.037346802599301	1.00379982834479	65
0.000410830123363959	1.8108435626165	65
0.0435321235871859	1.57601725129408	75
0.107543797127247	0.612802715647337	65
0.084951415985429	1.00307515724773	65
-0.0486575188275969	1.62050284812163	52
-0.00134901520902797	1.74105124309272	52
0.11096075071974	0.890154665374212	71
-0.043859133833889	0.828687450588319	52
-0.11312993675271	0.853600068890263	52
0.047949494217662	0.959016834796422	52
0.021079965188198	0.860816779547668	71
0.03784168653811	0.975077455326478	111
-0.092536677615794	1.22814867906842	17
-0.124991472653215	0.662947010114694	17
0.077799437000886	0.499513942020877	17
0.11357237679287	0.714552979605324	65
0.111968673418982	0.755767792854619	65
0.012312815132596	0.814057578605374	65
-0.057996140508448	1.29268069625654	65
0.123277835086061	1.05960673919985	65
0.097338969591462	0.822426440917434	65
0.083655035798206	0.696611434137179	71
-0.002187078298725	0.878289022309859	71
-0.049597357665876	1.0470771598043	52
0.111305915176479	0.702924617433831	52
0.109629428005787	0.594922064603112	52
-0.096251484109607	1.15399624271447	111
0.075822360918867	0.707376970863992	111
-0.034613298778934	0.845784854832423	111
0.123017605729123	0.664045369328079	17
0.063933295257728	0.785065090470871	17
0.0796089262087441	0.485824132378279	17
0.017857415069012	0.44377661581096	17
-0.03370790631464	0.934230002382165	65
0.061186662616894	0.745771056377026	65
-0.044758653894297	1.17487206852727	65
0.017315838494502	0.887489832740651	65
-0.0443918424797251	0.925696015267019	65
0.104451697574139	0.915151758666059	65
0.06201822392174	0.811570845822148	65
-0.036496234367508	0.61976934327054	71
-0.050756579101062	0.754365784272818	52
0.035132407933024	0.98389905716106	52
0.090620577332397	0.825595322250109	52
-0.112299260929061	0.960912045626667	52
-0.019610368149042	1.32325738225194	52
-0.027170301293713	1.40968069818127	52
-0.061519899300844	1.03231457855558	52
0.086761880609444	0.65268121646187	52
-0.0422024150068649	0.851216165503767	52
0.121774720102677	0.8422425521246	111
-0.03557472186119	0.702520235247607	111
0.106533389464294	0.709187200828652	111
-0.0531534718830901	1.0440647095167	111
0.035001534863524	0.960632584210042	111
0.070517802468707	0.772248163954257	71
-0.095232341091655	1.17040627149391	17
0.038673993530333	0.251547125898636	17
-0.105042136548331	0.918197416132273	65
-0.050369942833981	1.15015830620896	65
0.032483665241573	1.29872877858296	75
0.115561912260867	1.04837700263386	75
-0.094245766778728	1.14809123384592	65
0.085609965996979	1.05079473700949	65
-0.058172497109823	0.919192352540872	65
0.093373439943543	0.461859487955242	65
0.00408369260089403	0.851747576283991	139
-0.03578871180345	0.705387201890041	71
-0.109301482020945	0.400382492872914	71
0.120120307746823	0.408257873960929	71
0.10817242046946	1.4752590577102	52
-0.011576211362066	0.539704263796448	52
-0.103452944574757	0.399788417138826	52
-0.034920513757193	0.813671182201238	52
0.112922970198337	0.404665903301303	52
-0.023150311263344	0.627375389805939	52
-0.112397586388885	0.390876737535821	111
0.114511006537483	0.421484908879288	111
0.038979586890911	0.309551672017882	111
0.119796101450865	0.998241462344507	111
-0.01585385273345	0.530150077249051	17
0.014208453038726	0.447454130606404	65
0.092099162696636	0.970548824169257	65
0.021540983728486	1.7136459341056	65
0.122969391731441	1.43478825072465	65
-0.094747457536109	1.78553760197783	65
0.120870432284047	0.403411440806117	65
-0.025216701277288	1.01887405064133	71
0.016386258532584	0.782771771477539	71
0.044892144037366	0.65242886878077	71
-0.00706295133194201	1.14071388652689	52
0.12295598615646	0.934210925859691	52
-0.034824414927485	0.631625397833973	52
-0.02962964344143	0.69074016726718	52
-0.020998812348162	1.2702885678803	52
0.025297039133626	1.5748883870435	52
0.056067742414865	0.589659621346506	52
-0.123959011849802	0.499000487557343	228
0.120717101263876	0.520327248253407	111
0.112807320238707	0.416975252837887	111
0.079780979089051	0.510493090803223	111
0.079089677614242	1.5531994898215	111
0.059376724464054	1.33936468945359	71
-0.020495697045526	1.70853488858843	111
-0.048292438113117	0.293257647460578	17
-0.00116370099691798	1.09797350092273	71
0.025685183774112	0.701661861528918	65
-0.0450030193618191	0.755136374008086	65
-0.018593881335594	1.58034832844143	65
0.015145302294545	1.23931811967769	65
0.074347677499085	0.729895388417838	65
-0.031554249914813	0.791884984449425	65
-0.115202409071007	0.899641584261257	139
-0.104958683263706	0.938056911801364	71
0.0953986188710429	0.648998211362996	71
0.018367410914587	0.702245949407637	71
-0.052675153226236	2.02538932034528	52
0.091593610158659	0.854460183956584	52
-0.04083977992966	1.35316849400696	52
-0.0354554928872241	0.757568449377519	52
0.00772038071355297	0.840890364240764	228
0.055299108725525	0.76118705067321	52
0.073351260488282	0.777329460758934	111
-0.042630149548738	0.690991881210369	71
0.114862113891277	0.862113430028636	111
0.09929503713309	0.379780493798624	111
0.037049922056031	0.977660016090618	17
0.111989289521276	0.401431774191695	71
0.023020330143163	0.768154724803009	65
-0.047728112899615	0.696631032190628	65
0.051060479571411	0.624157155639469	65
0.028540272715992	0.720072623350269	65
-0.02531547758168	0.633842722080043	65
-0.023199956599088	0.599781860732855	65
0.058752999592258	0.339496828776363	65
0.037906075364595	0.938767478373723	65
0.035262897526276	0.710327679306795	52
0.037488731549937	1.16823132090621	52
0.106034066398747	0.625597811766735	52
-0.016015345104423	0.556214443573867	52
0.01053087340609	0.804942112917497	52
0.080747180862776	0.510569115661833	52
0.027328124971116	0.751168664185354	52
0.07849050622595	0.503841845907387	228
0.018468198976287	0.42304155311819	111
-0.037988818161431	0.623589822194075	111
-0.099528858044896	0.394660390413121	111
0.023192177913097	0.421834641091675	17
0.00536318300977501	0.443902381874538	71
0.120706443030225	0.405178324913954	65
0.0602500458468031	1.00922759209835	65
-0.031913643078109	0.644357040726184	65
0.080747180862776	0.510569115661833	475
-0.007062294822899	0.497404947460642	65
0.038519602388542	1.5548519420329	65
0.077904417742059	0.869603186441826	71
0.10611874955532	0.412355866270293	71
0.066604972062832	1.44061851358829	52
0.123128107240603	1.07897812316478	52
-0.039413949380106	0.685815132440945	52
0.112483930695574	0.414104447135636	52
-0.054758257400363	1.23851333870388	71
-0.04763585502118	0.898828545268811	17
-0.039954458250128	0.271764042000058	17
-0.122187753100418	0.493270483532777	71
0.00553460023060903	0.43944850915642	65
0.073007509364452	0.492844996063428	65
0.059253887823545	1.05003250134781	65
0.099412695358757	1.60198872982169	65
-0.019753322649429	0.552495096885335	65
0.119392621019205	0.700612731541328	475
0.014083997833916	0.795276560596329	71
-0.0459862984931581	0.286698052875647	71
0.053227892679767	0.353815474784483	52
0.092639825739182	1.27182041261203	52
-0.0459862984931581	0.286698052875647	52
-0.047654549863588	0.287240119533882	52
0.068986688800765	1.25953331371635	111
0.056399880686925	0.866371616454337	111
0.042930554398669	1.62689595183614	111
0.009263766703695	1.96652434166594	111
0.107681108523931	0.406490326335643	111
0.086376878882243	0.16832657241939	17
-0.0298290037649041	0.669128187129436	71
0.113577565394415	0.41892434837556	65
-0.037945647204183	0.773575307565783	65
0.114499036862674	0.402918591256913	65
-0.106122937352436	0.390288272934811	475
0.022723632687225	0.404468884000084	65
0.05362433493516	0.340578038864857	71
-0.097765698774014	1.33100803003715	52
0.12365706218326	1.30659801765652	52
-0.050609206593065	0.284969027461076	52
-0.105805932391559	0.401078180427981	52
0.062631606104283	1.38120573922151	52
0.108855376977963	0.730125756161119	52
-0.102511288232967	0.363904417976042	111
0.077166092838062	1.86913096530316	111
0.056590165082556	0.573978838146353	71
-0.109301482020945	0.400382492872914	71
-0.0426882577526651	0.277912349240533	65
0.058666563926571	0.350845916080234	475
-0.038439647908829	0.769360197010563	71
-0.047654549863588	0.287240119533882	52
0.0903907372881	0.164566515651367	71
0.061190130677403	0.778661324599818	52
-0.0541369387785941	0.288077643282142	52
-0.037580555722912	0.865712855376893	52
-0.103570284443832	0.39717115846829	52
-0.110905071354005	0.394018845038416	52
0.000632804374332996	2.03954000103495	111
0.085787297408971	0.172057081317188	17
0.085787297408971	0.172057081317188	17
0.120936451467227	0.676569306397926	65
0.012958413597341	0.834829959716589	65
-0.053242849964794	0.294303878876669	475
0.033181450466151	0.621850458215045	71
0.086376878882243	0.16832657241939	52
-0.045855200142307	0.284875383722602	52
0.0892059140188261	0.164395035335492	52
-0.044639176268052	0.266548438211652	228
0.058914739493257	0.349577153347283	52
-0.100439691992548	0.371869436789414	71
-0.036881904873357	0.915479168391622	111
-0.013399183151152	1.33244569635473	111
0.045083701961351	0.887866884277829	71
0.077573690695128	0.684266090265905	71
0.085787297408971	0.172057081317188	17
-0.04000280671421	0.908248199931091	17
-0.0425578242822791	0.283664835390322	241
0.00919055887853204	0.441590438749218	65
0.0527245686366	0.334444457994593	65
-0.045250537502231	0.763198091581609	65
0.085787287223843	0.916459345153562	65
0.045891292564619	1.08245229242621	65
-0.089971541224125	0.957940656771718	65
0.117253390093609	0.985715845916251	65
-0.044229979096842	0.28561468782725	475
0.054466006402051	0.8751537629011	71
0.063126508926067	0.334025948236189	52
-0.0459862984931581	0.286698052875647	52
0.10611874955532	0.412355866270293	52
0.111716557004478	0.723265896765879	52
0.00259053881239801	1.41921090728175	52
0.0577686756801991	0.349935498232864	52
-0.099647256586608	0.384205330933464	52
0.05923736583633	0.348035566536793	52
0.080933602903124	0.168170801532776	111
-0.101134480279266	0.389128837006033	17
-0.0535373714078971	0.941431301220002	65
-0.09543018722361	1.24476714993736	65
0.040019088107813	0.63831095867178	52
0.046590653054319	0.56742388374229	52
-0.03596625465443	0.730522986050785	52
0.1029226042803	0.780511906862117	71
-0.034295507496046	0.746311600279403	71
-0.044478927104933	0.808241297473557	111
-0.101954615479824	1.0252899530387	111
0.015421382210195	0.445781143581757	17
-0.037055348378093	0.630899432814708	17
-0.020154462190739	0.532199586114413	17
0.052384340778966	0.865947009375217	75
0.113324597714881	0.955075676340753	307
-0.099476237558818	1.14855871416126	65
0.068511713041905	0.77295975278083	65
-0.013267261620349	0.536175453724837	475
0.107310577093144	0.844552398991065	65
-0.118496544944134	0.826288244039736	71
0.124641682973119	0.508312281647222	52
-0.044274262480555	1.52079141597606	52
0.0417056818792489	0.646277248490271	52
0.049422254025793	0.340893958766948	52
0.018468198976287	0.42304155311819	52
-0.037945647204183	0.773575307565783	71
0.05249002927014	0.352732992269332	111
-0.052326661390443	0.91133416076391	111
0.060207361512655	0.584757223072901	111
-0.000845925133068026	1.09334092615684	111
-0.052360569827087	1.05663191173543	111
0.105885486342912	0.718624699481248	111
-0.042320417707251	0.843110834780929	111
0.058094371715875	0.341696582187546	17
0.038426273650672	0.967776786405791	65
-0.121381117325381	1.40739033676388	475
-0.1232606419561	0.473625754275731	475
0.003702504975996	0.446482595682244	475
0.111482040675895	0.534774653551608	71
0.071520880652622	0.312163764873036	52
-0.102708523060132	0.395708434495422	52
0.018777989423608	0.416896685560833	52
0.113753092898952	0.405162755660412	52
0.085773707059541	0.490492018708903	52
-0.024623620636654	0.618092592855988	52
-0.038315989832178	1.90104151236899	111
-0.010916138523848	1.47902542283504	111
0.0581766911871761	0.350689046183924	71
-0.036311351187567	0.633788450667985	475
-0.026326939212885	0.717956753662191	475
0.065827217839301	0.339713255506618	52
0.013294005891216	0.446258290706114	52
0.00871721502797496	0.453450365706699	52
0.0177111199448891	1.69033908772881	111
-0.120678315711415	2.16202032953629	111
0.020794560576018	0.981174603837491	65
0.061751834602615	1.68352768992873	65
0.041549152956165	0.827934421791015	475
0.091759621906912	0.659243033471476	52
-0.048403632071411	0.79292983147706	52
-0.00464203307907396	1.39590320779587	52
-0.100974392236716	1.82361375956898	52
0.102058215229768	0.590582073848412	71
-0.107100775907435	0.971941103772564	71
0.021531485787343	1.34647261238295	71
-0.122418017855483	1.64319241294912	52
0.111841115321992	0.591640455603292	52
-0.034492909106605	0.703296781089433	52
-0.032474864164263	0.700825612792668	52
-0.026797862452923	0.638367422577434	111
0.092991763721584	0.781667003049547	111
0.035351856055539	0.976349246512395	111
0.08144432854021	0.889549088070927	111
-0.051801499360168	1.29260515282782	71
0.122681941688105	0.528494935711722	17
-0.123213402621428	0.499121733462146	17
-0.123534460123848	0.566791899130583	17
-0.122283100670166	0.733989573197557	17
-0.116129176478669	0.942286099156475	71
-0.103641729848981	1.22038427238518	65
-0.00288439311882904	0.93381887164361	75
-0.025432425975819	1.51771525810311	65
0.102727202889716	0.713807139877103	65
-0.081736584564454	1.66528436090249	65
0.112510414070401	0.847646792801327	65
-0.100854426107094	0.95838773581364	52
0.10276340319652	0.634168173977795	52
0.0826805560728911	0.498343716626855	52
-0.114443349270373	0.895953059249233	52
0.080416619257771	0.716298524717135	52
0.054842212445032	0.588395099554541	111
0.111126608943987	0.595912793568142	111
0.107142076532401	1.23144094333315	71
0.014645000213981	0.440041033225346	17
0.114793460516229	0.587598537225306	71
0.025435642064674	1.09299339278534	75
0.0764515512321971	0.79579869064695	65
0.028730231398576	1.09749034606277	65
0.0292412504288589	1.96518555475521	65
0.0327843973676401	0.629512127765836	65
-0.051128274834651	0.944797800795665	52
-0.033858764613581	0.629334365795355	52
0.09884699133828	0.636907444136394	52
-0.051131692506873	0.796685180977857	52
-0.035567706801239	0.634036571069758	111
0.00389407098150896	0.807455519734459	111
-0.091640910761847	1.36119814049524	71
0.00216695680026302	0.448958759371005	71
-0.113068957401647	1.66996562103499	65
0.0916452444812	0.947641216397055	65
0.11467447942764	0.417979352553564	65
-0.101183837076142	0.374584578097752	65
-0.105923933980035	0.39287441988395	65
-0.0533627783738621	0.282587365255919	242
-0.099528858044896	0.394660390413121	52
-0.019857438946825	0.536207098514921	52
-0.063647179198164	1.4343554198188	52
0.061415153733259	0.33157776283573	52
-0.043329491313116	0.285059436298403	111
0.053227892679767	0.353815474784483	111
0.113777754732523	2.06356054701645	111
-0.059401866759963	0.275119733087186	17
0.109425214800911	1.04227277883433	17
-0.017123509821022	1.86329551093952	17
-0.104197754117244	0.400971085265102	71
-0.050609206593065	0.284969027461076	71
0.030614569625205	1.15392949285474	65
-0.00521312636050098	1.10830975465483	65
0.073840655920172	0.974151794142667	65
-0.053907596034962	1.24889909877551	65
0.047481420440796	1.37951808056861	65
0.055763069931052	0.350273404408087	65
-0.114501699377352	0.440881518347807	65
0.119955478172205	0.40888123890847	65
0.116458256569593	0.670935973044535	65
0.034898493853132	0.95952701455635	65
-0.00534444700146697	0.972145945715345	65
0.051639166876618	0.878361905873124	52
0.0174121607068281	0.822265045560915	71
0.041568330069316	1.30074626762151	111
0.022430506909414	0.425532994887457	111
0.055180972723853	1.47057748872648	111
0.010569921812657	1.5200261527879	111
-0.016964568152842	1.3277215396604	65
0.056093333773415	1.34754379531858	65
-0.0182519528140001	1.47768625500076	65
0.064448359684929	1.86837420698675	65
0.117828202737148	1.16698960181662	65
-0.089485353861078	1.45899479896274	52
0.016101934300459	1.87601374070285	71
0.087682379290188	1.3489081410864	52
-0.0911410554987619	1.18738136831112	52
0.099641406775647	0.77879368236976	52
0.07730032052132	0.898790714310741	111
0.0864196456520701	1.73027249685349	111
-0.033964503900457	1.04449583347358	111
-0.028552545366355	1.30185940951674	111
0.08236308364277	0.842434274638524	111
-0.099157042001365	1.25610040564239	17
0.098280314084192	0.969607855007421	17
0.052755876031982	0.765051406038723	17
0.116961518534618	2.14907736799947	65
0.053544999682276	0.868461049287797	308
0.021296891230867	0.773139938686426	65
0.047650463460285	0.631327471540752	65
-0.036523585215852	0.698545157388088	65
-0.114536500068586	0.784771131657091	52
0.0898003846551541	0.639066523357659	52
0.121847408355509	1.05568457541926	111
0.08149253051576	1.005625878384	111
-0.030124352060974	1.59018550729335	111
0.0916821355947049	0.834866317957543	111
0.043313566408505	1.32814939776647	111
-0.0000889000462019896	1.58944641985164	111
0.09454533628622	1.06371974153221	111
0.075115377828597	0.501924512655422	71
0.074968109174209	0.729114676200043	17
0.00717314922132195	0.815807190006318	17
0.067024839994175	0.77983750765345	17
0.011000821923926	0.457418424079449	71
0.0980718754433419	1.40216670618417	71
-0.006045619759384	1.63954687072146	111
0.046155719611744	1.52953825767911	111
-0.124807807594795	0.850145012411538	17
0.010495308454191	0.956088306096532	71
0.0134441929270001	0.454034602794889	65
0.038284074447177	0.70004509518475	65
0.110779805257889	0.417183977985767	71
-0.111490552214461	0.984294610507972	17
0.0320767738416891	1.22390917238658	17
-0.053434126703154	1.25571319374273	17
-0.033806144677564	0.745928856827939	65
0.114812889362138	0.575702967839394	65
0.077459181385066	0.509779380265942	65
0.041310353482478	0.658501295754207	71
-0.10526604707979	0.39696095146586	71
0.06041178156065	0.954320483904588	17
0.040209093656517	0.633384463965386	17
0.110904337200226	0.572183391182365	65
-0.00640506134201302	0.99474376564202	65
-0.097790565825849	1.18206368297715	65
0.115521708021598	1.21297320075266	71
-0.053766926601731	1.14618904471479	17
0.042000404116446	0.657594892406165	65
-0.0533627783738621	0.282587365255919	65
0.116602136840529	0.591476898844631	65
-0.121554208719299	0.726997366413358	65
0.119494036818237	1.01622194434813	71
-0.04711040550047	1.56654739068901	71
0.11730619579566	0.959560416795506	71
-0.122114478974188	1.55196037253087	111
0.075580186820654	1.36284369887043	111
0.052581295678524	1.41155156801534	71
0.045557102660482	0.876867998353561	71
-0.107115472307719	1.06208214121943	17
0.083555129015949	0.677069078198492	65
0.023320194786725	1.03326989912616	475
-0.036365587250601	0.715517568521184	71
0.05257085016196	1.10390933728367	71
0.058914739493257	0.349577153347283	323
-0.022421609324686	1.38864668759024	71
0.012828828765402	0.454465489336502	323
0.112648627626645	0.407744202434839	323
0.0581766911871761	0.350689046183924	71
-0.018409716382693	0.536869156323688	71
-0.014186149758862	1.19386336313418	71
0.033914488919551	0.982019086674869	65
0.077033046903774	0.724642163627644	71
0.094226513173205	1.25494931114135	71
0.098788533824672	1.29779742120438	111
-0.010253374154503	1.29327858716874	111
0.019881293554013	1.43277990227185	111
0.047783134222557	0.336163512802754	323
-0.108556606893766	0.391203599732273	323
0.080561722701632	1.45166136905518	323
-0.110792398387076	0.403513693056219	71
-0.01993019158873	1.24207365517365	71
0.02912723610107	1.00656980901604	71
-0.045933318755509	0.763653565413985	71
-0.010115303788388	1.18468696785141	71
-0.122468138717107	0.496386370564999	56
0.115287682032549	0.405099644716645	56
-0.099647256586608	0.384205330933464	56
-0.095592855570645	0.372422111351742	56
0.057639602959722	0.555738988219492	65
0.0747091493275111	1.16147646406041	65
0.00254034323219599	1.89514040003435	65
0.026645930215544	0.760526038571242	65
0.054293792562686	0.617152579033547	65
0.059241062043995	0.582911027935664	65
-0.0406591665266221	0.748092294039254	65
-0.04995540353877	0.812468502745212	65
0.047471684299213	0.645539677869022	475
0.115452716002917	0.405892400322703	71
0.120870432284047	0.403411440806117	323
0.077585799750702	0.497346469615351	71
0.118675352088447	0.792166148549671	71
0.055278031484162	1.06586714164906	71
-0.087110568740133	1.22412756135057	71
0.051271657647858	1.79177721879576	65
0.0000292123364810104	0.973269764744924	56
-0.042614503748657	0.806310385182605	56
0.059401203002597	0.350841394669898	56
0.056136523726926	0.340300918791617	56
0.075977301751729	0.705841540139214	65
-0.111600544209282	1.03066940772066	71
-0.039677921405439	0.769083366152511	71
0.033390496399171	1.39010110152521	71
-0.031395668297365	1.88058179182571	111
0.057440581583539	0.830609257215261	71
0.082035012781111	0.497509727923409	71
-0.044162189868958	1.50906808620249	56
0.046143840877757	1.30915713469098	56
0.036546779079098	1.27589506369146	71
-0.042028921068912	1.31829165727899	111
-0.119618897817331	1.48327181051289	111
0.076949570587599	1.18500076498809	71
-0.054517221303055	1.33498865100959	71
0.097204835222339	1.17595797731124	71
-0.123987024838289	1.53398950940292	56
-0.095955567291217	1.52201447136032	65
0.02680214894929	1.09227048044446	111
0.095885830845565	1.16304598656565	65
0.075688165541524	0.76888036855439	65
0.037674058183702	0.722020799438534	65
-0.010723345453488	1.97543678575827	71
0.018225191139402	1.7675585856916	71
0.097150689654834	1.38172369809088	111
0.11045154483768	0.411778643791916	71
0.068279311380669	1.48108816936448	323
0.100210202320967	0.790197072073529	71
0.116160140234272	0.661000450643666	56
-0.118883503986312	0.626829542922222	56
0.084084256769388	1.99347631758973	71
-0.053791044364686	0.834505491775427	71
0.010540040739234	0.444744494601914	71
0.052984645748918	1.12819582386681	71
-0.018036167140111	0.551611461574144	71
-0.00891385189664296	0.53931036363343	56
-0.037746750759304	0.762669409641616	56
0.0398725643097601	0.696560876648542	56
-0.110046745728292	0.403589764487181	56
-0.019939500652162	0.546380288433389	56
0.040697321434131	1.09419785926719	65
0.096469027479562	1.08144347566224	65
0.094642616650002	0.653092014696385	475
-0.11015939798555	0.391001772238246	71
-0.121936550659115	2.24343097088585	71
0.061039961202293	1.3838084190826	71
0.055693557892583	1.27024507031037	71
0.060895371905182	1.25908068679822	323
-0.025538032369981	0.63242799748765	348
-0.123213402621428	0.499121733462146	348
0.069453109561798	0.943592447266324	71
0.103223758281159	0.770884670829024	71
0.01857552595792	0.697627876271915	65
0.0600456352393211	0.563091053130139	56
0.00795361734076305	0.456974459671229	56
0.114772092127089	0.861669287625494	65
0.118404461751211	1.30215954907323	65
0.103401604350904	0.592646784699858	65
-0.010887543988917	1.09553005299457	71
0.05958731734725	0.815207615484595	71
0.056871265269587	0.342031865820043	71
-0.033594686652235	0.757423061072181	71
0.094456744128868	0.843884323546225	71
-0.030756380876281	1.81023982595945	111
0.080488026537788	0.169187072363845	348
-0.0425578242822791	0.283664835390322	71
0.0108329385799461	0.936677619299439	71
-0.081402620709636	1.28831690566705	71
0.021968706884438	1.59391641255174	56
0.120542349408906	0.400413688577247	65
0.058914739493257	0.349577153347283	229
-0.049750813871145	0.837741751420138	71
0.010001181783918	1.81926519797613	323
0.075328167210065	0.50327581771842	348
0.108909188302206	1.00714897351815	71
0.014871439671547	1.29737329784987	71
0.023740553784666	1.02526284273295	71
0.025902908023422	0.751006173288738	65
-0.0504184795302311	0.893790787263642	56
-0.016319316132116	0.544005142164911	65
0.00788638605858705	0.865633256214023	65
0.067504356831822	0.714846485244886	65
0.057539151788205	0.862825396349077	71
0.119952797260435	0.718172028825165	71
0.107961697637945	0.595187501708201	65
-0.033254461323262	0.891427616340231	71
0.10408315505374	1.10624200184198	71
-0.00125171755972497	1.43601454529538	71
0.000311626083849048	0.963977287851722	71
-0.106802647854969	1.69333584713283	323
-0.046045057629391	1.09220672124551	71
-0.0189041395139899	0.550013349672853	71
-0.034540790558132	0.814347334243848	56
0.046433607287602	1.80372420703238	65
0.114503654524664	1.26477484925195	65
-0.094596031921113	1.27629423540273	475
-0.035388039233902	1.55755514099949	71
0.056015019280505	1.32025871789187	71
0.00324050756876704	1.34728282386025	71
-0.056635223255892	1.6676691035349	71
0.04022790353016	1.44829494975707	323
-0.017267433968581	1.74758999902773	323
0.115720247765108	0.710310087774469	323
-0.036533238917741	0.63198044949812	71
0.02566921157611	1.23121128194948	71
0.087570197970587	1.01489806570526	71
-0.036703255487619	0.816361833843627	71
0.115431228083799	0.838239989845656	71
0.096942959250827	1.41022127664241	65
0.078049230749337	1.09036419859584	475
0.043482688088983	1.42605740122975	71
0.020409560013425	1.8677150525121	71
0.0540972791614141	1.48368379174815	71
-0.069980164852417	1.58439548630294	71
-0.053630690285285	1.3854416003337	71
0.00935467815944402	1.48065510352014	71
-0.009143657977708	1.13473015103672	71
0.090740166165593	0.835530659900647	71
0.108834912189875	1.51255848651623	65
0.123950507636827	1.44208027523121	65
0.0677563025142111	1.22739744798336	65
0.107194753824875	0.977405841079502	65
0.0297831030342089	1.95308236631373	229
-0.122186437473754	2.20337046404736	71
0.113348047049163	0.545781135144994	229
0.0638187495452161	0.779090481916741	229
0.0444725360564751	0.879565478661968	229
0.006924674634053	1.45858159749865	71
0.088508173459806	0.828364356394916	71
0.123318240796823	0.683090729352427	71
0.048925031307378	0.890613941555088	65
-0.041900935090762	1.0817526073106	229
0.123627575366344	1.56421410974861	229
0.076691128882627	0.755760777625093	71
0.103088515720819	1.01920504914709	71
0.033916878147216	1.08102610162899	71
-0.0484226438188961	0.288663490857028	71
0.068410345160388	0.558098030091393	71
-0.028781863174653	0.8101529483805	65
0.065830892853343	0.71492475833632	56
0.096844362536314	0.653024597576546	229
-0.116921778529062	0.908150895587018	229
0.011000821923926	0.457418424079449	229
-0.046426620264033	0.867455816968239	229
-0.124934307584442	0.931830701490354	71
0.100602547923852	1.90965076007909	71
0.099757004199457	0.396878233800978	71
0.01770548052078	0.44590933860767	643
-0.012211477765699	1.2951689957941	65
-0.029670313817253	1.42895737377966	65
0.120682897174722	1.43864393386431	229
0.060937517250674	1.5574253718568	71
-0.015484950692482	1.87173564393746	71
0.100769495829203	1.18529034589339	229
0.04013292493901	1.08222546622105	71
0.108556973711822	1.2345936515685	71
0.065013030450658	0.968932182595238	71
-0.000127416261174962	1.06884220196666	71
0.0749858026565961	1.1601522781375	71
-0.03741745922888	1.54652594244737	71
-0.111612122091373	0.88684256594287	71
0.068664933455912	1.02147379196201	643
-0.047224206024195	0.927928745772325	65
-0.00406525924276602	1.56472554970167	65
0.100472960364782	1.27319044364091	65
0.014529607964757	1.30698647290561	71
0.011364898705711	1.29967382773863	71
-0.050166231259704	1.47977501395919	71
-0.088746993753138	1.3267255389117	71
-0.04451064994258	0.748147165344905	71
0.062243618514696	0.766184208751505	643
-0.116865148710764	0.971242007925151	71
-0.094389450632919	1.20845509305099	643
-0.0790809110263701	2.05649473839243	229
0.069819853235224	0.787096132827824	71
0.0278229189795201	1.42661189409826	323
0.088771926976444	1.09214102361418	71
0.115776974462632	0.87674596750497	71
0.112100243165157	0.586484497268104	643
0.00153183169170801	0.936078284485051	65
-0.043606083540369	1.02559961013584	65
0.0525354205986071	0.841557446371863	475
0.054551027770457	1.24326753285727	71
-0.051382205533358	1.04324264396558	229
-0.0537532189234881	1.04791453057567	71
0.115561557704683	0.728328787459785	643
0.092835883849769	1.5389349332988	65
-0.0960360327127569	1.19948716189007	56
0.00340930415012597	0.838777730396127	229
0.0426901514022729	0.654331744530706	229
0.01385709234526	0.724946325978508	71
0.08478765825354	0.847612043933667	71
0.081941401987937	0.704805921842477	71
0.00517626196433496	1.37711066564453	71
-0.048693721111891	1.28413987213115	643
0.052390311017311	1.08179470394455	71
-0.048733956563674	0.917048176299815	229
-0.090243473817495	1.97222399278065	71
0.106844922365018	0.58828751606945	643
0.057546172591698	1.0899998013255	643
-0.041365802597679	0.977133423502304	643
0.042566243494981	0.646208201656125	643
0.063227312490639	1.48846433453758	65
-0.016295621274282	1.24162440440559	229
0.080085114145604	1.13402179153085	229
0.117147033301098	0.971412545720016	229
0.124102049020882	1.15754268492654	229
0.123577692738778	1.04797533921507	71
-0.048417154504988	0.947522987585906	71
0.041098140954968	0.685569650222705	643
-0.094205177918719	1.50496032752555	65
0.021183927042795	1.68085271550815	65
-0.074163751801575	1.64673352027807	65
0.064263820905922	1.03382963654956	229
0.09257656033193	1.04961948015938	229
0.0814467445567651	0.926647806041612	229
0.026841757366702	1.04230019032066	229
-0.109803789315216	1.21482418391444	229
0.035686218075923	1.22825474835645	71
-0.055190938935237	1.51324547727491	71
0.104768663807445	0.604973481683625	71
-0.0426594136906781	0.876571213343466	643
-0.114870551829368	0.816239310745453	643
0.01134393697818	0.824679608904739	643
0.046858283337208	1.06268603989271	643
0.031179938997423	1.41132129845341	19
0.022734142609821	1.00171015872072	65
-0.00229163280096401	0.89468884785288	56
0.028653076437419	1.15910948657483	475
0.120059878411362	0.685822004361118	229
-0.042532523733597	0.759596615296545	229
-0.077633090840179	2.11629447601094	71
0.064035221340735	1.563979128295	71
0.107980345719529	0.852917885382493	71
0.118856020512872	1.52724625870763	19
0.051614429186953	2.00939449090023	229
-0.104641363772886	2.20460388660526	71
-0.112624796007963	1.30451312722566	475
0.073523107206285	0.717483674805832	41
0.04125690180907	0.676954095988867	41
0.104344530837517	0.578633692350778	643
-0.10146459761374	1.35430309100437	56
0.103982411885664	0.889596710937386	475
0.117249509784192	1.07340196400589	229
-0.050996981394526	1.24813510625019	229
-0.090845295080085	1.42950464110935	229
0.122200729451017	0.957824186333587	229
0.092835501029633	1.1309302067842	229
0.101647375914993	0.791467505305184	41
0.113656217299221	0.850129386150516	643
0.0784368644629701	1.23171842949014	56
0.103579204160995	0.917558936149664	229
0.105762476002598	0.902352937220904	229
0.078850922114923	0.914136602378545	229
0.057162000701723	1.50620703069393	71
0.07837789545256	0.888371982244513	56
-0.106395610323978	1.13531419713661	56
-0.056607555138726	1.05731591664773	71
0.053673980424887	1.2834430193431	71
-0.040285282413669	0.997625948648433	229
0.00122818113297296	0.882852307489983	229
-0.074099837051934	1.2764524187866	229
-0.115171809336597	1.1149034686066	41
0.112273320482578	0.597985297665881	41
0.056274691263822	0.824674987759928	71
0.071683729852853	0.736674786284833	56
0.109570554743692	0.568649168415798	56
0.010087073846231	1.71064521021934	56
-0.0358940429464349	0.716167687540612	154
-0.045953740572252	0.945091967527239	475
0.084058894991522	0.49502732583759	229
0.116661215520793	0.584525742869891	229
0.089278427555353	0.823717774077185	229
0.0759197682681521	0.493557385001634	229
-0.016078895285635	0.536345494511886	229
-0.015168368754887	1.64180432693648	229
-0.0461773439654311	1.02875832411797	41
-0.122761603472971	0.493100935139209	71
-0.034868620475881	1.27312035473375	475
0.112154261258386	0.411252895898511	475
0.059068942094431	1.56754110980022	229
-0.025234666396512	0.599312091952225	229
0.00856628680598803	0.444230586856687	41
-0.047654549863588	0.287240119533882	41
-0.046668490440886	0.689588769093288	19
0.034906268931521	0.625053548626571	19
0.119576280734259	0.895467400490395	19
0.078013454556454	0.496289782003034	56
0.078815101462706	0.505837932419389	475
0.11357918412759	1.298796662441	229
-0.102313254253223	0.740407620978974	229
0.08823768403921	0.475836794249772	229
0.120285035738172	0.402301173473541	229
0.053635227240066	0.575113046272807	229
-0.042265815278355	1.451027606017	229
-0.038696578676704	1.72760487698561	229
0.030240870798907	1.36372358215015	229
0.00488579855809002	1.73308429685467	229
-0.060462544244001	1.26165338287187	56
0.064927740331886	0.340762676199374	475
-0.12457427427941	0.816685500332986	229
0.06173358513121	0.567634992463943	229
0.065280906200665	0.955097098108776	229
-0.030029191424194	1.54689548339286	71
0.119136493660863	0.525269989506265	229
0.054900755066483	0.576402989718655	229
0.00476655238128598	0.441871449629537	229
0.105955539300876	0.413359667210352	229
-0.010170478520621	1.22127019532592	229
0.10589818549292	0.937932665239763	229
0.079018957099749	0.88479521198821	71
0.065351704684544	0.550465002255	41
-0.107031554788552	1.16000396353734	19
0.070530220006723	1.01043980363852	19
0.120100462027752	0.403437615119247	154
0.05072618115107	1.40607579213409	229
0.016792791263782	0.444728567752665	71
0.071710397740277	0.486534520842845	229
-0.031112321956504	0.620463089268042	229
0.00642533683913804	0.456863274161153	229
0.0991026739658239	0.820672873775042	229
-0.025664250370342	1.41404258319324	229
0.054126363308782	0.354756390165911	71
0.045977169495429	0.6640293976774	56
0.055924735526231	0.34157792445503	56
-0.037229839444728	0.794230418121835	19
0.059721142756907	1.21655913867117	56
0.049580791007834	0.344333796702454	154
-0.105424042899855	1.03868810397916	229
0.021517573463427	0.426751007483743	229
0.059729073798241	0.584292294465333	229
0.05681732184791	0.867966647451493	71
-0.122927753854746	0.496910787037679	229
0.061933193268526	0.336088896783844	229
-0.112284872051274	0.391144163893194	229
0.097466775745386	1.88931111252821	71
0.072465033072635	0.721265087221868	41
-0.102708523060132	0.395708434495422	41
-0.046624533075872	0.286275403845535	41
-0.093991281996765	0.368589230057964	71
0.00894615564375501	0.831984428220543	154
0.104094547729791	0.396605600963321	154
0.115280899331658	0.421493491112584	475
-0.101122882650683	1.10578227863663	229
0.0231770856014421	1.04680303761944	229
0.0909493475959841	0.839480841887173	229
0.087423458561088	0.167226093944783	71
-0.104522620306315	0.393852899549381	71
0.013747519745251	0.440510318343913	71
0.116385186067895	0.402970685854776	229
0.00901808254231695	0.45048916179326	71
-0.097251677859337	1.49783415994114	229
0.01388514786254	0.444063376525644	41
0.077459181385066	0.509779380265942	56
0.048326774857403	0.953791714350193	56
-0.111941531575461	0.959547928157377	56
0.013193904267336	0.877184940163653	154
0.015572268392568	0.778755269469959	229
-0.085089859769693	1.19161186985259	229
0.00565008236521003	0.815109192911298	229
-0.030887349944002	0.758883706994424	229
0.011765578920238	0.456321422035079	229
0.060552352714263	0.344950326208421	229
0.012679570462533	0.457608995174182	229
0.055601289525248	0.349993880829744	229
-0.112495066208609	0.809056525770604	229
0.042002897952091	0.562452497826837	41
-0.045855200142307	0.284875383722602	41
-0.124121975412346	0.500622741098262	41
0.065837171201709	0.546448838747324	41
-0.115159757138367	0.812946840855841	56
0.081157877201815	0.498470613809566	475
-0.12019614408642	1.49587054971415	229
0.110615720897845	0.417178990833032	229
-0.100630791659624	1.23221668673082	71
-0.00183669979824996	1.39252976530194	71
-0.026935787967869	0.607781596023949	229
-0.122021007116914	0.492038131551969	229
0.087967687238666	0.481363700404584	229
0.022211166751536	0.776054078057646	229
-0.012911656574628	1.09485732193848	229
-0.049223091002218	1.07673540938487	41
-0.10015445445867	0.386112408349974	41
0.122771456898042	0.526355367901672	71
0.0595649301171109	0.347518228230897	41
0.094554699272929	0.792954878444309	56
-0.117880375100669	0.830751866437437	56
0.054258880532269	1.25003102429277	56
0.088240074290219	0.826320116393023	154
0.113753092898952	0.405162755660412	475
-0.03613295000378	0.708442822545373	229
0.112326208289109	0.415082361167742	229
-0.044919489450051	0.908490085405359	229
0.01388514786254	0.444063376525644	229
0.010087538732259	0.447059857308555	229
0.059806543913402	0.555138579118212	229
0.063624512193974	0.992591385908674	41
0.115876378222031	0.722373914656479	19
-0.029859733825027	0.700540257755399	56
-0.119774193304409	0.944548615731371	56
0.057116339289547	0.834555185951953	71
0.010296459379843	1.37954257264927	229
0.106770257489202	0.898385477749127	229
0.03932713018562	0.684503443492819	229
-0.0398471920522691	0.787622399307297	229
-0.037487416138235	0.699055236341977	229
-0.028889139604297	0.68444312306164	71
0.116152825770009	0.577434008024662	229
0.051061743478225	0.334393841606014	41
0.120285035738172	0.402301173473541	71
0.060879176924618	0.575732864908782	56
-0.02740273584219	0.679785693335392	56
0.039477699042212	0.963754417730693	56
0.014326679079144	0.765917336380916	229
-0.038737051782845	0.699047339874655	229
0.09420098052638	0.997442320966647	71
-0.124234790055983	0.753340761064798	229
-0.027020135282089	0.642381025501432	229
0.00573204465246502	0.798220208484397	41
0.071244581545949	0.488759423602049	41
0.030124964266249	0.946828283941618	41
0.061463632218388	0.705654782846001	19
0.035062745063845	0.69769110966518	56
0.117479164881218	0.69872174106025	475
0.023175027397989	0.759833865951492	475
0.067927768416426	0.770794042005398	229
-0.10844060089482	0.964303695381498	229
0.043004055539406	0.886016876693026	229
0.104743851120255	0.587288520151893	229
0.058518223450414	0.584876065804176	229
0.00270575728476996	0.904951651395214	229
0.115674914680553	0.592050135861076	71
0.05533415387403	1.08354236079049	71
0.081292845158897	0.925427595268836	229
0.073541707321534	0.499284345703596	41
0.107813701096256	0.589868431267797	41
-0.055333281388441	1.75877110541572	56
-0.0480252794921831	1.14925471373627	19
-0.040258695489288	0.824952050037165	19
-0.052753008945037	0.997283844414117	19
0.11866075006687	0.579246772960095	19
0.00833338178707199	0.837659303016024	475
0.026890354440305	0.729328555977955	475
-0.036062064397781	0.69000742372632	475
-0.035183109446553	0.710928384087448	475
0.039809206703691	0.651201297011959	475
0.033969291866373	1.07253949202674	229
0.060157479728169	0.579024173728482	229
0.094350925789704	0.999285847352331	229
0.036701682617556	1.19769346894153	229
0.074016038116911	0.504917198472143	229
0.038839730126793	0.638244210586075	229
-0.080176957169084	1.22708513917371	229
0.082411881404552	0.644779046608933	56
-0.11534572757983	0.847104069492256	475
0.06798573069026	0.938678233486623	475
0.062135881724155	0.571062416872248	229
0.040171088109874	0.686134736561397	229
0.079823605052632	0.894179715984713	229
0.10570880412923	1.23633467036376	229
0.034783111342032	0.604176780232567	229
0.109548185822889	0.58427190312027	229
-0.036774579142167	0.695777804832015	229
-0.051790380412209	1.32891010552333	229
0.073977449872934	0.696241703834477	229
0.037815484946655	0.646564098067884	229
0.092777285818442	1.02990952419844	71
0.090958820088436	1.51078304490725	41
0.113577565394415	0.41892434837556	41
0.083282236967739	0.693690355999151	41
-0.09249237435808	1.39414298461358	19
-0.027684797006665	0.528441507365223	19
0.064925861777734	1.01845293497248	56
0.055566049992784	1.24701337421932	56
0.115883643998365	1.77070013285133	56
0.0734189912498851	0.740016348593467	475
-0.114763103402273	2.16884817797342	229
0.089252852232526	0.480597307383055	229
-0.010890823176634	1.56109397630922	71
-0.013500160515597	2.03276091175221	71
-0.014969379183419	1.05563789413268	71
0.050783013211693	1.84952790536798	41
-0.078149192787689	1.58740302694941	41
-0.121982300006364	1.74778807654977	41
0.052663876539115	0.847530677807081	41
-0.026278908583795	0.638783877694793	19
-0.110046745728292	0.403589764487181	229
0.019579494039711	1.66544033284216	229
-0.104433079355249	0.387882719501559	229
0.045930143011806	0.32658652320503	229
-0.010050514620929	0.533581060024048	229
-0.123050045005042	0.486253897558015	229
-0.124573932487454	0.496456072156921	56
-0.109189469700836	0.402099384401498	71
-0.110046745728292	0.403589764487181	71
0.074197610949862	1.6045807646439	71
0.036819649467601	2.07523896253562	71
0.029398716926704	0.751849610355318	71
-0.00891606643892595	1.04537726550289	71
0.063865091287738	0.33301004820215	41
-0.037236486641226	0.69942160343457	41
-0.018608382410929	1.46967175660062	56
-0.118023150818763	0.490785195056435	19
-0.023955551783214	0.504929418858829	475
0.054864000409373	0.353626971167267	229
0.075868129620134	0.499997333737865	229
-0.103581692810538	1.04307921617952	229
0.05923736583633	0.348035566536793	229
0.063865091287738	0.33301004820215	56
0.00461830871346503	0.4449883154075	71
0.114909243017597	1.64460563082244	71
0.036187954639381	2.23618082705717	41
0.033947187637895	0.714238299639074	41
0.117588329754279	0.40850374279173	56
-0.00833892749380005	0.530229472984669	56
-0.121095600610426	0.801253557684374	19
-0.054911469852063	0.28803751190422	56
-0.0484226438188961	0.288663490857028	56
-0.048292438113117	0.293257647460578	229
0.065827217839301	0.339713255506618	229
0.092164418196294	0.648752089651985	229
0.061433947181592	1.55937067268437	229
-0.043458934798463	0.284215957331135	229
-0.101847799978847	0.384386356557171	229
0.05850319330876	0.349928620978064	229
-0.114871376946494	0.389845073099351	229
-0.047654549863588	0.287240119533882	71
-0.089125866243916	1.13761085101051	41
-0.049054492556778	0.279617701316107	41
-0.121065424308401	0.897002086250936	19
0.00827476394332405	0.440445086431694	19
0.013571639360202	0.834129849001896	475
0.054328604421838	0.580079887376281	475
0.052387335751539	0.571802642663543	229
0.053090470058239	2.07990872167248	229
0.103312448079268	0.399092323521099	229
-0.0156542140142359	0.521727240703352	229
0.039809206703691	0.651201297011959	71
0.119533931674856	0.98132299275448	41
-0.039898036110619	0.699041589142901	173
-0.124012052887229	0.749927830666531	173
0.091133337614786	0.458790725585416	19
0.030013116316024	0.710274044767996	19
0.084596514294925	0.491497960495153	229
0.058339712783033	0.340218869706224	229
-0.021499117363498	0.544932825186057	229
0.113869579571018	0.405672831878984	229
0.005436353422547	1.70143285806731	229
0.049149573425918	1.02635312356284	229
0.115280899331658	0.421493491112584	229
0.083096222332434	0.460879573453151	229
-0.111601703554156	1.76274959387118	71
-0.035317014624951	2.11805200742074	71
-0.084450147107788	2.1394385914448	71
-0.034150281756596	0.69831450583446	71
0.085792940854028	1.82964437191231	41
0.064428976451656	1.38766405901734	41
0.030111125936865	1.11773073188653	41
-0.047222743613111	1.24632543396062	41
-0.026414049576879	0.59082616626541	173
0.103920616072086	0.859205639152607	173
0.050321442633106	0.341707066371338	19
0.014972351116563	0.434655459286631	229
0.085787297408971	0.172057081317188	229
0.087423458561088	0.167226093944783	56
-0.046754646570268	0.293511983266787	173
-0.100439691992548	0.371869436789414	56
-0.018600166247965	1.34074476330425	475
0.063711757046347	0.791860432428227	475
-0.050609206593065	0.284969027461076	229
0.064927740331886	0.340762676199374	229
-0.053242849964794	0.294303878876669	229
0.050711747772933	0.319213062882888	475
0.11045154483768	0.411778643791916	229
0.087423458561088	0.167226093944783	56
-0.016129631340857	0.5165627686849	56
0.064028737525252	0.334437431607325	56
0.086376878882243	0.16832657241939	56
-0.02452026056588	1.08677217215703	41
-0.094807050292253	2.22599828841178	41
-0.0267225700873071	0.616969313229269	41
0.0596487915926051	0.562619241970341	41
-0.014740948073818	1.06512148911771	41
-0.05246806351705	0.288485668070392	173
-0.025833691009019	0.627659776357653	56
-0.037467150402301	0.619519136236213	56
0.074294626951636	0.493492408662809	56
0.07048981899776	0.711738989408151	475
-0.106619126920368	1.10676096802269	475
0.024558499397199	0.399655969861182	229
0.046459932495595	1.54356248570245	229
0.029424845438252	0.711745992116856	229
-0.115907418805369	0.380859172777307	229
0.01388514786254	0.444063376525644	229
0.070897027488922	0.540425605719963	41
-0.122644419424346	2.18499998655273	41
0.050518798696205	0.855000153173463	41
0.00886781402027303	0.455371929982851	173
0.016333867279634	0.441769884064025	173
0.116050417244623	0.419504931669415	173
-0.089913637970216	1.9024996633923	56
0.057355987651492	0.608973357923285	56
-0.040183906845337	0.665379755775373	475
0.00642533683913804	0.456863274161153	229
-0.026935787967869	0.607781596023949	229
0.093843738577269	0.647410733202248	229
-0.04739423199285	0.284668676734627	229
-0.0425578242822791	0.283664835390322	229
0.022581653740283	0.417790820508345	229
0.078700470664407	1.52759491185592	56
-0.023696890165558	0.538045109755016	56
-0.118189629208196	0.488678154875987	41
-0.124121975412346	0.500622741098262	41
0.109772297384481	0.596881429170831	41
0.050321442633106	0.341707066371338	41
-0.027983454768348	0.642105244454201	173
-0.119251615905931	1.73034581391832	56
-0.049768773153374	1.18669634705897	56
0.116185498107439	0.724236748124065	56
0.018683952292205	0.829379105468114	475
-0.100789208056834	0.981216138108946	229
-0.114366806106839	0.982431896266258	229
0.090349511440084	1.00493218773418	229
0.093334440011113	1.67523261067645	56
0.06984005151134	0.780524295443374	229
0.00242992440710499	0.887996503068991	229
-0.036993219314819	0.905968534900422	229
0.051084727239156	0.8383254456232	229
0.0427517183809441	1.23163752269318	56
-0.054117788284262	1.28761385728504	41
0.07943116908169	1.11683735559893	173
-0.106183493524037	1.0381314481557	56
-0.116921778529062	0.908150895587018	229
-0.03352976624277	0.786746501580982	56
0.100697237054334	0.596183322266811	56
0.023319884581461	0.699892796915453	41
-0.113199110653504	0.930983970518755	173
0.09249348939767	0.836124587170503	173
0.093726344832204	0.88413071116935	229
-0.039209146253018	0.811192410179667	229
0.05177661049215	0.846117452689357	229
-0.033253499022554	0.901688261682784	229
-0.112972286644421	1.48830158942869	229
-0.034416323501165	0.792414298300978	56
0.095375232890305	0.659266627304231	56
-0.115662838570078	0.964031435726396	56
-0.029778194157625	0.737395372580311	41
0.050160604919628	0.957515452268619	41
0.053210868364156	0.573258735872895	41
0.057303757575817	0.818702784330292	41
0.074496273706435	1.18371456031654	41
-0.098552055406945	1.14987592681654	56
0.080546891367978	0.868739610154656	229
0.040543333575742	1.1561574281252	56
-0.045078139537242	1.0429632761623	173
-0.0651656821458521	1.54937388400407	56
0.081358186556682	1.2995874358601	56
0.00629112567872303	2.32978891855232	56
0.00399429140016105	0.88007938845792	41
0.1050087566622	0.736861198076677	56
0.013420312048155	1.76072103808029	546
0.053598079796281	1.77534780912037	56
0.077468297920709	1.3790588928194	41
0.110190332458772	0.727240775213972	41
-0.093914896096852	1.31447566795227	56
0.115452716002917	0.405892400322703	229
0.120371292986857	0.819871102587821	41
0.01575625335856	1.88963266200313	41
-0.042505984773175	0.866405151596471	475
0.060289027480623	0.555410583158406	229
0.080460135666047	1.0813222012128	41
0.073495250687843	2.3878172163007	41
-0.041931874917851	0.808962113118433	41
0.092166062994382	0.816597928793905	41
0.050126387154534	0.599135980082073	41
-0.00989564107184804	0.996006593564627	41
0.065033390790136	0.762986576987033	56
-0.028172591775287	1.8049522956524	229
0.082573341521128	0.716004061751452	41
0.00470097434360806	2.07169740557301	41
0.087423458561088	0.167226093944783	41
0.015991365602897	1.96004299304681	41
0.034013161740404	0.862151765613939	41
0.095336530535708	1.16301595810104	41
0.058427593761928	0.780485972121929	41
0.00487637243767602	0.916320781982583	56
0.017545459676693	0.427459103545287	229
0.074984677962656	0.509495985467631	41
0.085962211198621	1.95243776530989	41
-0.009131543230394	1.04981622847344	229
-0.051216127081225	0.878483385900673	546
0.050321442633106	0.341707066371338	41
0.080488026537788	0.169187072363845	41
-0.046754646570268	0.293511983266787	41
0.055763069931052	0.350273404408087	41
0.109389339367748	1.28870845796513	173
-0.017254135065965	1.96554776476593	142
0.041212364027158	0.937381373298409	56
-0.00170186311630705	1.13910256996157	229
0.10432564103337	0.903525804538629	229
0.124427534728802	0.83179874173127	229
0.099228252537497	0.808453900715352	229
0.119787980692219	0.841330345232893	56
0.094562893927265	1.35102672883744	56
0.121908166142546	0.707560594130021	56
0.112099514024102	1.66947768941847	41
0.033288923625302	0.712837985711683	41
0.0341781460389961	0.680508305091705	41
-0.049208212252672	1.84739955548974	41
-0.0239272727241781	1.14610980567121	229
0.091691286016825	2.12122545661623	41
-0.012242922250466	1.23179419606871	41
0.013145103366814	1.26202397245994	546
0.0369592053290549	1.70828785143004	56
-0.043832461363346	1.70673433842572	41
0.0178714618378441	1.05507615820255	41
-0.018421062553713	1.51320347271527	41
-0.096468708734841	1.96709580095817	41
-0.013487170916365	2.20505422008281	56
0.00197433776146905	1.52029866572403	56
0.077174841650401	0.969360540861985	56
0.087367775580423	1.51132378625295	546
-0.090601342976956	1.45631850376768	56
0.0689197160637099	1.26173679604186	41
0.096776908947202	1.30038839965304	41
0.111318344338387	0.909225729915909	56
0.107789146432629	0.757708184897187	56
0.0465119876947661	1.80812251579616	56
0.021173140350722	1.11542156291683	41
-0.096259961896787	1.89921278163379	41
0.055734099342026	1.38668106486851	41
0.109592593191375	1.30521210469068	41
0.028973503863543	1.09089422561471	41
0.029497573947702	1.29391565431101	56
-0.0142636369599271	1.28277543811846	56
-0.059778631212392	1.48189961213255	56
-0.000744228927673007	1.47485891277946	56
-0.016048190758743	1.62218850173922	41
-0.106252735997856	2.20208585103649	41
0.00077433604353605	1.93134216930077	41
0.018597999223261	1.10788234137308	41
0.103000871743574	0.778004195128071	41
0.02142658710575	1.07788234651369	41
-0.069488724475395	1.24758545926589	142
-0.115601159029258	2.03544865223734	56
0.0870052878775071	1.28780119862043	56
-0.048979747004119	1.72223541209979	56
0.096078882251181	1.65296720490474	41
0.014003561605346	1.53544916596066	41
-0.07644483787872	1.44363588830296	41
-0.086318939979017	1.58080411218569	173
-0.039053836715655	1.38513083960557	41
-0.046109590163332	0.725339409400564	56
0.042406328557568	1.13092093077316	41
0.068184146459349	1.50624705143927	41
-0.028755300888158	1.07868279138683	41
-0.049148548815234	0.764377261386453	41
0.017113922680418	1.35462475124353	41
0.117710854136348	1.123932265914	41
-0.088999850080324	1.71311845034829	173
-0.027626080633862	1.52659771573243	56
0.0273863084903599	0.757321741248021	142
0.107499520756463	0.409072652050517	56
0.124795713440197	1.77725818272305	41
0.083215921587475	0.50044288483135	41
0.00972096272942902	1.08351954034821	56
-0.022328631355613	0.617083692536892	56
-0.11838022440921	0.829454025797875	56
0.018162671035726	0.433168954335834	56
0.109150887267273	0.877369197719604	41
-0.049396217723643	0.963189197691544	56
0.10379512416646	0.401536672028115	56
-0.118930520361694	0.492264183920144	142
-0.098100293866561	1.59998747444506	546
-0.042179434952358	2.21453010343761	41
-0.046624533075872	0.286275403845535	195
0.082408803834812	1.41973547823346	41
0.086488375567333	1.2578413428793	41
0.0422127635144039	0.616311529603089	56
0.10541454662643	0.581697865271141	546
-0.04031358685577	0.799741898117699	41
-0.024942066399064	0.545897247272884	195
0.070056232649468	1.8125520224696	41
0.114256641383372	1.72786450238552	41
0.086376878882243	0.16832657241939	195
-0.012479026518523	1.97079204561889	41
0.104966901062368	1.29677100410663	41
0.073748312614376	1.44121386172347	56
0.040051607714096	1.55894300351522	41
-0.105301579348108	0.932634096724576	195
0.099536420919398	0.876949230467478	41
0.00123898657490396	1.37843285115002	41
-0.024108869688932	0.612958187213654	229
0.0680108937263471	0.497695003993202	56
0.081157877201815	0.498470613809566	41
0.054124978933752	0.568236423081428	56
0.01770548052078	0.44590933860767	41
-0.044795855969277	0.861525798420559	41
-0.02047105063868	0.604680181697976	41
0.073790519430225	2.14409892976104	142
-0.111135661589366	1.79757081973867	56
0.081761123251669	1.30697932713973	56
-0.074545485236714	1.57575385148816	41
0.00141628803084404	0.89642389455002	41
0.023404991436883	1.38151254424129	142
0.050063080022698	1.73394039668687	56
-0.029646014153846	1.98239255801032	56
-0.048537246557282	1.54317298343911	229
0.030077491070833	1.0563192833113	56
0.016387595413995	1.38841466727883	56
0.111524689775322	1.10626237961223	546
0.106026699258656	1.34443438259773	56
0.066009137541072	1.62366912731692	56
0.107377890530568	0.700080836226573	56
-0.011888822866893	0.526728464964734	56
-0.121004536927885	0.893852429786025	56
0.0335035319827171	1.03518582803318	546
0.011143880744066	0.798962782145028	41
0.123287216513693	0.534960179963154	41
0.067421495097981	1.50085114884678	41
0.056055404154241	0.867055578114332	56
-0.105379098544569	0.387313086048967	56
0.012529973469826	0.452778709954672	546
-0.07837446204015	1.80829310358802	41
-0.036035475837502	0.705523311038418	41
-0.043458934798463	0.284215957331135	41
-0.045855200142307	0.284875383722602	41
-0.073579382065105	1.49202383120979	142
0.094938885942128	0.626129469416804	56
0.106793184206825	0.382550262439177	546
-0.065068526520268	0.273417611021844	56
0.093169444481071	1.12239456300098	41
0.079893110633019	0.169267896660306	41
0.016691154334407	0.789207926463893	41
0.041272084575154	1.25263656534292	56
-0.00353397439034797	1.51213297037301	41
-0.028855687225597	0.599375382624771	41
0.085787297408971	0.172057081317188	41
0.086376878882243	0.16832657241939	41
-0.120306602964652	0.87266444270878	41
0.038069620925005	0.642840213611821	56
-0.04746438199252	0.78770955701808	41
-0.0498316496342051	0.285003959324924	41
0.088327414058504	1.70248589867175	41
0.057928825250333	1.0380151723808	142
0.080017149558166	0.705039778358123	546
-0.049054492556778	0.279617701316107	41
0.010926079198022	0.997935001590679	546
0.015841225143853	1.67068700421805	41
-0.105379098544569	0.387313086048967	41
-0.113774706044386	0.804858875187188	41
-0.047654549863588	0.287240119533882	56
0.059401203002597	0.350841394669898	41
-0.086818710157498	2.0205397886705	41
-0.109414113553394	0.382383047862396	56
-0.046886820301425	0.280814873586778	41
-0.048196385353382	1.55980033187533	56
0.100281451774252	1.68790150481866	56
-0.031476769550721	2.44948180954219	56
0.00494871838312905	1.75460991725391	56
0.033484771146104	1.02755640729321	546
0.075421584679546	0.766920030313774	546
-0.106743725980041	1.11850228008603	56
0.052544168346821	0.811730137517857	546
0.089117723946613	2.14911654689549	546
-0.036301956181804	0.753340443701651	56
-0.079987780222598	1.69741086445821	546
-0.00829640151234501	1.08945558518075	546
0.079702469947413	0.737010803759072	546
-0.107029556617163	0.945056367103762	546
-0.06687619307685	1.80137500729106	56
0.108460226590141	1.28550008609937	56
-0.094932050826005	1.13963789229358	56
-0.108390047489308	0.939811833201051	56
0.051812403876811	0.839282254807067	56
0.0162601138816491	0.828017646645196	56
0.0110960044324701	0.831290596692341	56
-0.108706898278009	1.01457545966222	41
-0.086393475190665	1.35000663021432	41
0.00764670460275996	1.69832781249787	41
0.060999597354759	2.260778387405	41
0.106342967503576	2.00807445637822	41
-0.048786319111403	0.877808275844213	41
-0.040072273215948	1.4053738953631	41
-0.111426102412062	0.876108456795932	41
0.089286931237347	1.00015389406554	41
0.000558034494728021	0.945521488028242	56
0.057883100859179	1.06603121631577	546
0.087079522690771	0.65722494943179	546
0.0197453648177049	1.78137897724001	41
0.082681560600391	0.651293851955214	327
0.089704324229002	0.957748065526283	41
-0.117869948253349	0.971338044740617	327
0.00399813872554	0.441857128440613	546
-0.10027225527567	0.395819065604691	56
0.053457892585721	0.597763457680768	546
-0.123759714162617	0.752575685203902	546
0.04265361303245	1.96008279435863	546
0.10891230276891	0.41367698931358	546
0.074016038116911	0.504917198472143	56
-0.023987870903221	0.546055647222272	56
0.025217626836797	0.669938557596867	56
0.0338786641123739	0.709748207763595	56
0.054444276501689	1.75761004131704	41
0.028928586471324	0.716102729908846	41
0.055701573550937	2.43260394939509	41
0.067219160654278	0.711848420216156	56
0.00293491356535602	0.448986434677366	546
0.00605298454689796	2.01381308340588	546
0.054591066810286	0.602546028625573	546
0.123178093893492	0.39154624723718	56
-0.037764357497525	0.625474566657472	41
0.106891327774201	0.41336687675325	327
0.095219054742351	0.756195724349218	56
0.055752774399193	0.604114477167675	56
-0.046182400770017	0.762748700527025	56
0.05948111332738	0.59049948502945	546
-0.0294635686510341	0.636663863184157	56
-0.02503372101437	0.674189846047388	56
-0.118242353605575	0.834053857812964	41
0.105182982812059	0.41235254643558	327
0.124419907230896	0.530037228098895	327
-0.00744036554993299	2.01614978517642	56
0.032985500689795	0.70240054837701	56
-0.023373514571343	0.62862986721073	546
0.122586716211163	0.399762835947602	56
0.05322869749031	2.05849870428919	546
0.095562453017209	2.41487430893586	546
-0.122927753854746	0.496910787037679	546
0.0527245686366	0.334444457994593	41
-0.036562136461694	0.991189772881023	546
0.079880123159693	1.92488431798504	546
-0.029513671768245	1.83118026529358	546
-0.0407737178722271	0.82993109661083	546
0.0169249254077199	0.810197257701425	546
0.04126259892849	0.937353984358244	56
0.039610526560666	0.974388652115298	41
0.056521593380694	0.776937349395647	41
-0.092627100456484	1.04212876960066	41
0.051657753281971	1.98270597477838	41
0.106978034783158	0.729980639233962	41
-0.00720143223417702	0.528150143608618	546
0.122420798302355	0.400444794563049	546
-0.018619050335393	0.526905284790904	546
0.00293491356535602	0.448986434677366	546
-0.032169276042174	0.622905134586849	56
0.116219849629087	0.405063479876126	41
0.08031857101632	0.49972141246849	41
-0.011818894463303	0.546827111385351	327
0.047611858293282	2.28041369207895	546
0.10776665793694	1.48555138028143	546
0.105587190224115	1.03261970809733	546
-0.078825628511673	1.30844160958371	546
-0.097786468176274	1.2500053800177	56
-0.051852400813941	1.13011109476654	41
-0.031506487745965	0.846936811649995	41
0.04365580110922	2.40240511729811	546
-0.018470820615053	2.12906814429747	546
0.068763034715745	1.67903310978915	546
0.103208783536779	1.53223090772471	546
-0.00324094325534696	1.2608258090982	546
-0.068946696011819	1.45335442345255	546
-0.113697152373023	1.45511574181564	546
0.063925400682149	1.88173568893269	546
0.071558984532977	0.793471484167289	546
0.084937315110169	0.88530761297516	41
0.010436031743543	0.819918215113709	41
0.124247746559587	1.38280880193182	41
-0.051842621208652	0.881733285776816	41
-0.10919944917813	1.04234470247539	327
0.10340170087377	2.39411051128601	546
0.0683178627471061	2.18343126397104	546
-0.086698583756257	2.16359059062237	546
0.066258589464949	1.21326427099636	546
0.079110035055531	1.08449807040835	546
0.055372157786423	1.20406882101639	546
-0.020342085660961	1.37162820691207	546
-0.017920106041648	1.3560177420927	546
-0.043685495177964	2.15559509700264	546
-0.106087753481493	1.05623441995172	41
0.049598176678578	0.94830231507593	327
0.117451883066992	2.28359206370027	546
0.085426311617663	1.84057815679421	546
0.017616524407828	1.62932102222481	546
-0.050739777978513	1.7068661602793	546
0.040465070414761	1.20409056685508	546
0.113888950532863	0.95906638200985	546
-0.102699993738958	2.27528249697983	546
0.041238773578634	1.01568584151227	546
0.00333248729394298	0.937607892474409	546
0.120316526030516	0.888867834127631	41
0.081000918242508	0.892741284439582	41
0.092940483074868	0.81940956066571	41
0.124235757144693	0.664257522445294	327
0.022358310623257	1.01171968090829	327
0.026314977524363	0.985857819875471	546
0.024742761387363	1.15987792736153	56
-0.065465644743968	1.18393736863088	41
0.012629447808853	1.17229501819884	41
-0.0524117964244351	1.2027974213347	41
0.03326088455882	1.08156360342904	41
0.099705995639403	1.22273370139381	546
0.024034980494828	1.25359795485109	546
-0.0730130730249831	1.54665780881084	41
0.03487672120445	1.21959214515124	41
0.060377395047764	1.27349275788247	41
-0.036312554097396	0.67791878772501	41
0.091829113629934	0.956365054701905	327
0.02145494007454	1.17338199789498	41
0.09416311509577	0.954493568038773	56
0.024571056282395	0.769704150677961	546
-0.115133893385163	0.819703064026925	56
0.110923990432346	0.60438272019516	56
0.049644338310737	0.592390025677266	41
0.039126445473389	0.70372677045061	41
0.033451343934189	0.708819138259398	41
-0.037789095554713	0.706577121420864	327
-0.1178866883938	0.873467034559088	124
-0.114484858875279	1.0463680162166	56
0.0846069487240561	0.701063164146165	56
0.0954861962147719	0.641356015385123	41
0.04973920810026	0.341288604301204	327
0.08502315745235	0.491322300004404	327
0.067569654730022	2.33578822302454	546
0.00305041231900605	1.10845979902386	546
0.110981877470367	0.758272166360813	124
-0.00118729918042404	0.915236499116278	124
0.104916583870253	0.906098032216415	124
0.098781585942917	1.43071274346839	546
-0.049314119079518	1.04732054769051	327
-0.07946806539822	1.88163248906155	124
0.114516414695031	0.689089961003645	124
0.124555780289667	1.02385444678019	327
-0.123668095045533	0.49799222790755	41
-0.016706151230939	0.525299213285683	124
0.084578290422088	0.697350488639852	41
-0.039476658714715	0.833304319006481	124
-0.041108515829492	0.745739480103856	124
0.029794633924088	1.24055707265553	124
-0.120484786582897	0.746608875218185	41
-0.046754646570268	0.293511983266787	41
0.0592508769968581	0.57140529383385	41
-0.034979099713596	0.767451510171198	41
0.065661753181981	0.332198498554848	41
0.086286062583733	0.868115370059336	41
-0.035203252533079	0.753871257073092	124
0.037945738094074	1.06996282554065	41
-0.046754646570268	0.293511983266787	41
-0.047523359661614	0.295014290825509	41
-0.017372642746924	0.535422747749593	124
-0.105379098544569	0.387313086048967	41
-0.004004351259151	1.12144842763555	41
0.079837721314872	1.04897185528728	41
0.066207801362847	0.759128597176097	41
0.055828691982618	1.53035692432546	327
0.115400842402681	1.14566275413573	41
-0.106009861142112	0.396896030639877	124
-0.115984999159621	1.32852922534805	41
-0.108049375365366	1.26522538578415	41
0.0637027196786431	0.325716395480008	124
0.102570709202489	0.765017818340207	124
0.10957614851455	0.602778987445996	124
0.116704661587646	0.553428463009859	41
0.042141533286762	1.63609480222487	41
0.100316021729433	1.2693298034008	41
-0.089040762566429	1.26902229986937	41
0.082882498481591	0.489875237360641	124
0.053605685264571	0.585120421171042	124
0.009628289321849	0.812775280751543	41
-0.117616354037524	0.459983436340845	41
0.080488026537788	0.169187072363845	41
-0.115126991175313	1.79245346245822	41
-0.054750167892393	1.90977091405921	41
-0.015752620763568	0.537013561495095	124
-0.014365160953172	0.536568682499449	41
-0.106376580522753	1.54389479155938	41
-0.085171516487096	1.15127764113044	41
0.010375268835442	0.930361186447618	124
-0.100390674888027	0.388013221051851	124
0.011602032536002	1.29195363635152	41
0.0596835541106841	0.57881746409891	41
-0.00373508074223505	0.936297149769685	41
-0.102825844975754	0.387391324505535	41
0.052882432045119	0.587486919770998	124
0.004520424541825	0.89369612870095	124
0.016993084183933	1.14145364983434	124
0.113563998095792	0.402013057688367	124
0.013096095668566	1.38041844652302	41
0.118522823272747	0.390694106546465	41
-0.046754646570268	0.293511983266787	124
-0.115391939087717	0.972407458500691	41
-0.11782079361486	1.01458561490894	247
0.018202050368393	0.834428399181659	124
0.019493129192919	2.24818678995364	41
0.098091418870443	1.85601325036321	41
0.07577240523855	2.09563310090363	41
-0.0394741271490719	0.656722786950525	124
0.086376878882243	0.16832657241939	41
0.060405651455456	0.580128535435948	41
0.097170413422185	1.88514935550459	41
0.0659283045335149	0.755358590867506	41
0.116257746576641	1.47590280091378	41
0.07378181756559	0.722029173724219	41
-0.045802076846554	0.862213339858881	41
0.089837162910418	1.50271609022584	41
0.04757597782421	2.17458143828267	41
0.093827386205403	1.52609196159864	247
0.010758555798642	1.84070150921357	41
-0.036658577026773	0.82495659907228	41
0.102206777706431	1.19339443628862	41
0.118565056435484	1.03639385405228	124
0.121782825478717	1.17507270656922	41
0.102158968002542	1.02050223488095	41
-0.022798846848797	1.97149343796016	41
-0.0346102656613519	0.711182474583796	41
-0.090222289878355	1.52897413721916	41
0.06910619871288	1.27318877553416	41
0.067170962630515	1.44504356038674	41
-0.082760295505156	1.16254071241449	41
-0.040610882963964	0.696189971885243	124
0.028036416553184	0.756426253471448	41
-0.117480058093252	1.09357995241038	41
-0.122187753100418	0.493270483532777	124
-0.046754646570268	0.293511983266787	247
0.08683329911631	0.170896697158849	124
-0.045855200142307	0.284875383722602	124
0.087423458561088	0.167226093944783	41
0.0134441929270001	0.454034602794889	247
-0.053242849964794	0.294303878876669	124
-0.121723219836025	0.49026903547166	41
-0.123959011849802	0.499000487557343	124
0.05362433493516	0.340578038864857	124
-0.045086232845343	0.278564959869584	24
0.065341209441349	0.322377474170768	24
0.061151266153975	0.81500298165385	41
0.0384686689243891	0.705514512350305	41
0.040968686570141	2.33229277873397	37
-0.095434324251952	1.97258563833597	41
-0.036797448409552	1.44588321944998	41
-0.120211209051622	2.27435151820311	37
0.107673907184872	0.949631217675543	41
0.120632860943608	0.564760352659716	124
0.093484305502262	0.655908259076309	124
-0.033858764613581	0.629334365795355	37
0.124452838599971	0.680375783053167	24
0.05803262107341	0.555894861998282	24
0.067083600449828	1.4481479522941	37
0.068619010214969	1.23199813227839	24
0.045419991326876	1.32550787627648	24
0.043980213917018	1.1884407243174	24
0.027368430165819	2.35175435184869	37
0.10291777175094	1.64666076041983	37
-0.110017119322988	0.383245763440631	24
0.103393466928422	1.89607645419438	24
-0.019174421525971	0.542953761008715	37
0.089711985620144	0.636405922686552	24
-0.124832773134961	1.58752680622462	24
0.057017327384743	1.62134065703143	24
0.071264245428291	1.46671366986969	24
0.061124835237961	1.14480965979586	124
-0.028210122712248	1.62554891271605	37
0.040142559551967	0.640166859374113	37
0.059652439385948	0.346011835673198	37
-0.060202426049873	2.09713331859558	24
-0.110161360643996	0.880518594557638	37
0.0933686168514391	0.649260908002825	37
0.05062345133707	0.888714058691319	37
-0.0844735546088991	1.2198083941367	37
-0.033147282149073	2.05405411672011	24
0.087331807949122	1.29039591425713	37
0.103767894851814	0.905847467020977	37
-0.060073290359255	2.3531017604293	24
-0.101461171479408	1.26181509650071	37
0.0536798816380351	0.902711886762817	37
0.124222983189298	0.685814229191457	37
-0.104433079355249	0.387882719501559	24
0.072471283440236	0.504659194199541	24
-0.033778822411954	0.601782061781299	24
0.08663558200303	0.476940276806425	24
-0.119637461930282	0.83908955520429	37
0.08466504109732	0.913038373325373	37
0.024993058223158	1.16643932002158	37
-0.122154026801938	0.893356353368359	24
-0.100637490491236	1.16246166587221	24
0.083770679993421	2.18922030172146	24
-0.090914527029305	1.50058061221377	37
0.052507938844142	1.48967421823624	37
0.108360089994659	1.13131538018282	37
0.085380187896082	1.76953140030077	24
-0.114112955889877	0.92737997119339	24
-0.060048873229824	0.939557945464383	24
0.046109483634748	2.21369722289379	37
0.037640830673328	2.2553132865835	37
0.096100271747206	1.68066778964569	37
-0.043644640691384	2.30942715130288	37
0.022735960012947	1.35270933238443	37
-0.048732936139434	1.6262630318013	37
0.081788877316225	1.25329753567959	37
0.087423458561088	0.167226093944783	37
0.059294631512759	1.554852160554	37
0.098001808713699	0.652763299215201	37
-0.103336217764138	0.389293363777304	37
0.098219196443683	1.33929125695694	24
0.0575696748626769	0.812923638254006	37
0.116106116506211	1.81586213861036	37
-0.094823081306157	1.02370880869908	37
-0.111510666939091	0.383238020028914	24
0.093791081902215	0.924840334870635	24
0.10818345456607	0.606720557146605	37
-0.10517831230077	0.391745582569973	37
-0.00970361548330501	0.975618574606158	37
0.100852074167129	0.769912365454296	24
0.056631435779267	2.47701445254753	24
0.033637964032441	1.76136175936744	24
-0.087939981697289	1.19849404169249	37
-0.105923933980035	0.39287441988395	37
0.096690119946862	1.642266365293	24
-0.05319812156724	1.02325765163479	24
-0.102856547508915	1.18029858452623	24
-0.124867327565519	0.500498930572146	24
0.108962163869033	1.50020522193181	24
0.080488026537788	0.169187072363845	24
0.054864000409373	0.353626971167267	24
0.069596587650504	1.47739340874353	24
-0.022856090589753	0.615038814821286	24
-0.04889194014585	0.284438306185666	24
0.055601289525248	0.349993880829744	24
0.053344132860402	1.79022269114695	24
0.078966200109945	1.93574765706057	24
-0.088242305632021	1.17430885041307	24
0.00303201103846695	0.890315969266412	24
0.0816513724039421	0.480730715381738	24
-0.0521293834059891	0.938646349340042	24
-0.104522620306315	0.393852899549381	24
0.085346751966177	0.486901835463478	24
-0.119975200225794	0.476207741296464	24
